seed,test_year,departamento,fecha_base,horizonte,fecha_objetivo,y_true,y_pred
123,2024,Amazonas,2024-02-19,1,2024-02-26,16.645067,8.3857155
123,2024,Amazonas,2024-02-19,2,2024-03-04,8.322535,8.516156
123,2024,Amazonas,2024-02-19,3,2024-03-11,4.7557335,8.414571
123,2024,Amazonas,2024-02-19,4,2024-03-18,3.5668,8.534828
123,2024,Amazonas,2024-02-26,1,2024-03-04,8.322535,7.7150817
123,2024,Amazonas,2024-02-26,2,2024-03-11,4.7557335,7.656879
123,2024,Amazonas,2024-02-26,3,2024-03-18,3.5668,7.521145
123,2024,Amazonas,2024-02-26,4,2024-03-25,7.133601,7.5494103
123,2024,Amazonas,2024-03-04,1,2024-03-11,4.7557335,10.872177
123,2024,Amazonas,2024-03-04,2,2024-03-18,3.5668,10.8961935
123,2024,Amazonas,2024-03-04,3,2024-03-25,7.133601,10.659485
123,2024,Amazonas,2024-03-04,4,2024-04-01,8.322535,10.647557
123,2024,Amazonas,2024-03-11,1,2024-03-18,3.5668,9.360283
123,2024,Amazonas,2024-03-11,2,2024-03-25,7.133601,9.18195
123,2024,Amazonas,2024-03-11,3,2024-04-01,8.322535,8.943156
123,2024,Amazonas,2024-03-11,4,2024-04-08,8.322535,8.876779
123,2024,Amazonas,2024-03-18,1,2024-03-25,7.133601,7.5678344
123,2024,Amazonas,2024-03-18,2,2024-04-01,8.322535,7.26266
123,2024,Amazonas,2024-03-18,3,2024-04-08,8.322535,7.077911
123,2024,Amazonas,2024-03-18,4,2024-04-15,4.7557335,6.9493756
123,2024,Amazonas,2024-03-25,1,2024-04-01,8.322535,5.6161523
123,2024,Amazonas,2024-03-25,2,2024-04-08,8.322535,5.2601876
123,2024,Amazonas,2024-03-25,3,2024-04-15,4.7557335,5.1443605
123,2024,Amazonas,2024-03-25,4,2024-04-22,4.7557335,4.950139
123,2024,Amazonas,2024-04-01,1,2024-04-08,8.322535,6.124299
123,2024,Amazonas,2024-04-01,2,2024-04-15,4.7557335,5.814103
123,2024,Amazonas,2024-04-01,3,2024-04-22,4.7557335,5.6687884
123,2024,Amazonas,2024-04-01,4,2024-04-29,10.7004,5.459687
123,2024,Amazonas,2024-04-08,1,2024-04-15,4.7557335,6.9666247
123,2024,Amazonas,2024-04-08,2,2024-04-22,4.7557335,6.7368345
123,2024,Amazonas,2024-04-08,3,2024-04-29,10.7004,6.559013
123,2024,Amazonas,2024-04-08,4,2024-05-06,9.511468,6.3932767
123,2024,Amazonas,2024-04-15,1,2024-04-22,4.7557335,7.6648207
123,2024,Amazonas,2024-04-15,2,2024-04-29,10.7004,7.5102606
123,2024,Amazonas,2024-04-15,3,2024-05-06,9.511468,7.3222823
123,2024,Amazonas,2024-04-15,4,2024-05-13,2.3778667,7.213825
123,2024,Amazonas,2024-04-22,1,2024-04-29,10.7004,5.7958217
123,2024,Amazonas,2024-04-22,2,2024-05-06,9.511468,5.568233
123,2024,Amazonas,2024-04-22,3,2024-05-13,2.3778667,5.4541254
123,2024,Amazonas,2024-04-22,4,2024-05-20,1.1889335,5.33456
123,2024,Amazonas,2024-04-29,1,2024-05-06,9.511468,5.125753
123,2024,Amazonas,2024-04-29,2,2024-05-13,2.3778667,4.8937607
123,2024,Amazonas,2024-04-29,3,2024-05-20,1.1889335,4.809001
123,2024,Amazonas,2024-04-29,4,2024-05-27,3.5668,4.676874
123,2024,Amazonas,2024-05-06,1,2024-05-13,2.3778667,7.2138057
123,2024,Amazonas,2024-05-06,2,2024-05-20,1.1889335,7.107827
123,2024,Amazonas,2024-05-06,3,2024-05-27,3.5668,6.957285
123,2024,Amazonas,2024-05-06,4,2024-06-03,0.0,6.883915
123,2024,Amazonas,2024-05-13,1,2024-05-20,1.1889335,8.663428
123,2024,Amazonas,2024-05-13,2,2024-05-27,3.5668,8.679316
123,2024,Amazonas,2024-05-13,3,2024-06-03,0.0,8.527441
123,2024,Amazonas,2024-05-13,4,2024-06-10,1.1889335,8.537736
123,2024,Amazonas,2024-05-20,1,2024-05-27,3.5668,5.84688
123,2024,Amazonas,2024-05-20,2,2024-06-03,0.0,5.676245
123,2024,Amazonas,2024-05-20,3,2024-06-10,1.1889335,5.6108804
123,2024,Amazonas,2024-05-20,4,2024-06-17,0.0,5.551171
123,2024,Amazonas,2024-05-27,1,2024-06-03,0.0,4.3278923
123,2024,Amazonas,2024-05-27,2,2024-06-10,1.1889335,4.11116
123,2024,Amazonas,2024-05-27,3,2024-06-17,0.0,4.094702
123,2024,Amazonas,2024-05-27,4,2024-06-24,0.0,3.9901042
123,2024,Amazonas,2024-06-03,1,2024-06-10,1.1889335,3.7403579
123,2024,Amazonas,2024-06-03,2,2024-06-17,0.0,3.560652
123,2024,Amazonas,2024-06-03,3,2024-06-24,0.0,3.5296128
123,2024,Amazonas,2024-06-03,4,2024-07-01,1.1889335,3.4257827
123,2024,Amazonas,2024-06-10,1,2024-06-17,0.0,2.4088662
123,2024,Amazonas,2024-06-10,2,2024-06-24,0.0,2.2744887
123,2024,Amazonas,2024-06-10,3,2024-07-01,1.1889335,2.1742845
123,2024,Amazonas,2024-06-10,4,2024-07-08,1.1889335,2.1096551
123,2024,Amazonas,2024-06-17,1,2024-06-24,0.0,1.9809549
123,2024,Amazonas,2024-06-17,2,2024-07-01,1.1889335,1.876802
123,2024,Amazonas,2024-06-17,3,2024-07-08,1.1889335,1.7808535
123,2024,Amazonas,2024-06-17,4,2024-07-15,1.1889335,1.7294886
123,2024,Amazonas,2024-06-24,1,2024-07-01,1.1889335,1.5053909
123,2024,Amazonas,2024-06-24,2,2024-07-08,1.1889335,1.4364111
123,2024,Amazonas,2024-06-24,3,2024-07-15,1.1889335,1.3334857
123,2024,Amazonas,2024-06-24,4,2024-07-22,2.3778667,1.289393
123,2024,Amazonas,2024-07-01,1,2024-07-08,1.1889335,1.0642062
123,2024,Amazonas,2024-07-01,2,2024-07-15,1.1889335,1.0108383
123,2024,Amazonas,2024-07-01,3,2024-07-22,2.3778667,0.9379399
123,2024,Amazonas,2024-07-01,4,2024-07-29,1.1889335,0.8992982
123,2024,Amazonas,2024-07-08,1,2024-07-15,1.1889335,0.8106141
123,2024,Amazonas,2024-07-08,2,2024-07-22,2.3778667,0.7688462
123,2024,Amazonas,2024-07-08,3,2024-07-29,1.1889335,0.72527504
123,2024,Amazonas,2024-07-08,4,2024-08-05,2.3778667,0.69715863
123,2024,Amazonas,2024-07-15,1,2024-07-22,2.3778667,0.72801703
123,2024,Amazonas,2024-07-15,2,2024-07-29,1.1889335,0.69821346
123,2024,Amazonas,2024-07-15,3,2024-08-05,2.3778667,0.6674138
123,2024,Amazonas,2024-07-15,4,2024-08-12,2.3778667,0.649094
123,2024,Amazonas,2024-07-22,1,2024-07-29,1.1889335,0.68906033
123,2024,Amazonas,2024-07-22,2,2024-08-05,2.3778667,0.6660137
123,2024,Amazonas,2024-07-22,3,2024-08-12,2.3778667,0.6401924
123,2024,Amazonas,2024-07-22,4,2024-08-19,1.1889335,0.62737125
123,2024,Amazonas,2024-07-29,1,2024-08-05,2.3778667,0.6964788
123,2024,Amazonas,2024-07-29,2,2024-08-12,2.3778667,0.6771759
123,2024,Amazonas,2024-07-29,3,2024-08-19,1.1889335,0.65755945
123,2024,Amazonas,2024-07-29,4,2024-08-26,1.1889335,0.6502144
123,2024,Amazonas,2024-08-05,1,2024-08-12,2.3778667,0.6527076
123,2024,Amazonas,2024-08-05,2,2024-08-19,1.1889335,0.63322973
123,2024,Amazonas,2024-08-05,3,2024-08-26,1.1889335,0.6097157
123,2024,Amazonas,2024-08-05,4,2024-09-02,1.1889335,0.5999147
123,2024,Amazonas,2024-08-12,1,2024-08-19,1.1889335,0.7315648
123,2024,Amazonas,2024-08-12,2,2024-08-26,1.1889335,0.71400005
123,2024,Amazonas,2024-08-12,3,2024-09-02,1.1889335,0.6919488
123,2024,Amazonas,2024-08-12,4,2024-09-09,2.3778667,0.68525404
123,2024,Amazonas,2024-08-19,1,2024-08-26,1.1889335,0.85203123
123,2024,Amazonas,2024-08-19,2,2024-09-02,1.1889335,0.8364813
123,2024,Amazonas,2024-08-19,3,2024-09-09,2.3778667,0.81249636
123,2024,Amazonas,2024-08-19,4,2024-09-16,0.0,0.81140125
123,2024,Amazonas,2024-08-26,1,2024-09-02,1.1889335,0.8307642
123,2024,Amazonas,2024-08-26,2,2024-09-09,2.3778667,0.8186756
123,2024,Amazonas,2024-08-26,3,2024-09-16,0.0,0.79221374
123,2024,Amazonas,2024-08-26,4,2024-09-23,0.0,0.791563
123,2024,Amazonas,2024-09-02,1,2024-09-09,2.3778667,0.8260686
123,2024,Amazonas,2024-09-02,2,2024-09-16,0.0,0.8179621
123,2024,Amazonas,2024-09-02,3,2024-09-23,0.0,0.7920924
123,2024,Amazonas,2024-09-02,4,2024-09-30,1.1889335,0.7927443
123,2024,Amazonas,2024-09-09,1,2024-09-16,0.0,0.84903383
123,2024,Amazonas,2024-09-09,2,2024-09-23,0.0,0.8431438
123,2024,Amazonas,2024-09-09,3,2024-09-30,1.1889335,0.81789404
123,2024,Amazonas,2024-09-09,4,2024-10-07,0.0,0.8195498
123,2024,Amazonas,2024-09-16,1,2024-09-23,0.0,1.0618861
123,2024,Amazonas,2024-09-16,2,2024-09-30,1.1889335,1.0578274
123,2024,Amazonas,2024-09-16,3,2024-10-07,0.0,1.0613542
123,2024,Amazonas,2024-09-16,4,2024-10-14,2.3778667,1.0789435
123,2024,Amazonas,2024-09-23,1,2024-09-30,1.1889335,0.99474216
123,2024,Amazonas,2024-09-23,2,2024-10-07,0.0,0.9993013
123,2024,Amazonas,2024-09-23,3,2024-10-14,2.3778667,1.0019953
123,2024,Amazonas,2024-09-23,4,2024-10-21,2.3778667,1.0259497
123,2024,Amazonas,2024-09-30,1,2024-10-07,0.0,0.8250698
123,2024,Amazonas,2024-09-30,2,2024-10-14,2.3778667,0.8357729
123,2024,Amazonas,2024-09-30,3,2024-10-21,2.3778667,0.82365
123,2024,Amazonas,2024-09-30,4,2024-10-28,3.5668,0.8415224
123,2024,Amazonas,2024-10-07,1,2024-10-14,2.3778667,0.8134611
123,2024,Amazonas,2024-10-07,2,2024-10-21,2.3778667,0.83040595
123,2024,Amazonas,2024-10-07,3,2024-10-28,3.5668,0.83535635
123,2024,Amazonas,2024-10-07,4,2024-11-04,2.3778667,0.8598479
123,2024,Amazonas,2024-10-14,1,2024-10-21,2.3778667,0.74707097
123,2024,Amazonas,2024-10-14,2,2024-10-28,3.5668,0.76994145
123,2024,Amazonas,2024-10-14,3,2024-11-04,2.3778667,0.782331
123,2024,Amazonas,2024-10-14,4,2024-11-11,2.3778667,0.81248987
123,2024,Amazonas,2024-10-21,1,2024-10-28,3.5668,1.0840425
123,2024,Amazonas,2024-10-21,2,2024-11-04,2.3778667,1.1102009
123,2024,Amazonas,2024-10-21,3,2024-11-11,2.3778667,1.1858459
123,2024,Amazonas,2024-10-21,4,2024-11-18,1.1889335,1.2470883
123,2024,Amazonas,2024-10-28,1,2024-11-04,2.3778667,1.6089379
123,2024,Amazonas,2024-10-28,2,2024-11-11,2.3778667,1.6599523
123,2024,Amazonas,2024-10-28,3,2024-11-18,1.1889335,1.7865436
123,2024,Amazonas,2024-10-28,4,2024-11-25,3.5668,1.8914074
123,2024,Amazonas,2024-11-04,1,2024-11-11,2.3778667,2.4833183
123,2024,Amazonas,2024-11-04,2,2024-11-18,1.1889335,2.6176488
123,2024,Amazonas,2024-11-04,3,2024-11-25,3.5668,2.7482545
123,2024,Amazonas,2024-11-04,4,2024-12-02,0.0,2.9022858
123,2024,Amazonas,2024-11-11,1,2024-11-18,1.1889335,2.9054117
123,2024,Amazonas,2024-11-11,2,2024-11-25,3.5668,3.04154
123,2024,Amazonas,2024-11-11,3,2024-12-02,0.0,3.1957636
123,2024,Amazonas,2024-11-11,4,2024-12-09,2.3778667,3.3529797
123,2024,Amazonas,2024-11-18,1,2024-11-25,3.5668,3.1113007
123,2024,Amazonas,2024-11-18,2,2024-12-02,0.0,3.2204828
123,2024,Amazonas,2024-11-18,3,2024-12-09,2.3778667,3.3887453
123,2024,Amazonas,2024-11-18,4,2024-12-16,2.3778667,3.5210137
123,2024,Antioquia,2024-02-19,1,2024-02-26,2.1218464,1.8689111
123,2024,Antioquia,2024-02-19,2,2024-03-04,2.09278,1.7976086
123,2024,Antioquia,2024-02-19,3,2024-03-11,2.4706433,1.7272694
123,2024,Antioquia,2024-02-19,4,2024-03-18,2.4997098,1.705757
123,2024,Antioquia,2024-02-26,1,2024-03-04,2.09278,1.861954
123,2024,Antioquia,2024-02-26,2,2024-03-11,2.4706433,1.791027
123,2024,Antioquia,2024-02-26,3,2024-03-18,2.4997098,1.7127742
123,2024,Antioquia,2024-02-26,4,2024-03-25,2.0346475,1.6901295
123,2024,Antioquia,2024-03-04,1,2024-03-11,2.4706433,1.7975656
123,2024,Antioquia,2024-03-04,2,2024-03-18,2.4997098,1.7376473
123,2024,Antioquia,2024-03-04,3,2024-03-25,2.0346475,1.6471435
123,2024,Antioquia,2024-03-04,4,2024-04-01,2.950239,1.6265249
123,2024,Antioquia,2024-03-11,1,2024-03-18,2.4997098,1.7966015
123,2024,Antioquia,2024-03-11,2,2024-03-25,2.0346475,1.7460439
123,2024,Antioquia,2024-03-11,3,2024-04-01,2.950239,1.6599147
123,2024,Antioquia,2024-03-11,4,2024-04-08,3.2554362,1.6445137
123,2024,Antioquia,2024-03-18,1,2024-03-25,2.0346475,2.0151587
123,2024,Antioquia,2024-03-18,2,2024-04-01,2.950239,1.9691488
123,2024,Antioquia,2024-03-18,3,2024-04-08,3.2554362,1.9128757
123,2024,Antioquia,2024-03-18,4,2024-04-15,2.979305,1.9090286
123,2024,Antioquia,2024-03-25,1,2024-04-01,2.950239,2.2136712
123,2024,Antioquia,2024-03-25,2,2024-04-08,3.2554362,2.18123
123,2024,Antioquia,2024-03-25,3,2024-04-15,2.979305,2.1406882
123,2024,Antioquia,2024-03-25,4,2024-04-22,3.6187658,2.1439164
123,2024,Antioquia,2024-04-01,1,2024-04-08,3.2554362,2.1495464
123,2024,Antioquia,2024-04-01,2,2024-04-15,2.979305,2.1223428
123,2024,Antioquia,2024-04-01,3,2024-04-22,3.6187658,2.0858676
123,2024,Antioquia,2024-04-01,4,2024-04-29,2.5433095,2.095054
123,2024,Antioquia,2024-04-08,1,2024-04-15,2.979305,2.652518
123,2024,Antioquia,2024-04-08,2,2024-04-22,3.6187658,2.6494632
123,2024,Antioquia,2024-04-08,3,2024-04-29,2.5433095,2.654028
123,2024,Antioquia,2024-04-08,4,2024-05-06,3.037438,2.6764057
123,2024,Antioquia,2024-04-15,1,2024-04-22,3.6187658,3.31147
123,2024,Antioquia,2024-04-15,2,2024-04-29,2.5433095,3.364892
123,2024,Antioquia,2024-04-15,3,2024-05-06,3.037438,3.3889546
123,2024,Antioquia,2024-04-15,4,2024-05-13,3.240903,3.4378514
123,2024,Antioquia,2024-04-22,1,2024-04-29,2.5433095,3.4591887
123,2024,Antioquia,2024-04-22,2,2024-05-06,3.037438,3.5112634
123,2024,Antioquia,2024-04-22,3,2024-05-13,3.240903,3.5409803
123,2024,Antioquia,2024-04-22,4,2024-05-20,4.5052905,3.5961812
123,2024,Antioquia,2024-04-29,1,2024-05-06,3.037438,3.9051387
123,2024,Antioquia,2024-04-29,2,2024-05-13,3.240903,3.9935932
123,2024,Antioquia,2024-04-29,3,2024-05-20,4.5052905,4.027666
123,2024,Antioquia,2024-04-29,4,2024-05-27,5.086619,4.1035023
123,2024,Antioquia,2024-05-06,1,2024-05-13,3.240903,3.5915787
123,2024,Antioquia,2024-05-06,2,2024-05-20,4.5052905,3.636138
123,2024,Antioquia,2024-05-06,3,2024-05-27,5.086619,3.6801562
123,2024,Antioquia,2024-05-06,4,2024-06-03,4.3454256,3.7375445
123,2024,Antioquia,2024-05-13,1,2024-05-20,4.5052905,3.6970756
123,2024,Antioquia,2024-05-13,2,2024-05-27,5.086619,3.748787
123,2024,Antioquia,2024-05-13,3,2024-06-03,4.3454256,3.7989569
123,2024,Antioquia,2024-05-13,4,2024-06-10,5.4790144,3.855045
123,2024,Antioquia,2024-05-20,1,2024-05-27,5.086619,3.9299169
123,2024,Antioquia,2024-05-20,2,2024-06-03,4.3454256,4.0005913
123,2024,Antioquia,2024-05-20,3,2024-06-10,5.4790144,4.051462
123,2024,Antioquia,2024-05-20,4,2024-06-17,5.871411,4.113532
123,2024,Antioquia,2024-05-27,1,2024-06-03,4.3454256,4.867437
123,2024,Antioquia,2024-05-27,2,2024-06-10,5.4790144,5.0239387
123,2024,Antioquia,2024-05-27,3,2024-06-17,5.871411,5.059238
123,2024,Antioquia,2024-05-27,4,2024-06-24,5.6970134,5.162056
123,2024,Antioquia,2024-06-03,1,2024-06-10,5.4790144,5.854063
123,2024,Antioquia,2024-06-03,2,2024-06-17,5.871411,6.0809827
123,2024,Antioquia,2024-06-03,3,2024-06-24,5.6970134,6.086537
123,2024,Antioquia,2024-06-03,4,2024-07-01,6.176608,6.232951
123,2024,Antioquia,2024-06-10,1,2024-06-17,5.871411,5.7176905
123,2024,Antioquia,2024-06-10,2,2024-06-24,5.6970134,5.855781
123,2024,Antioquia,2024-06-10,3,2024-07-01,6.176608,5.8417406
123,2024,Antioquia,2024-06-10,4,2024-07-08,7.019534,5.9435186
123,2024,Antioquia,2024-06-17,1,2024-06-24,5.6970134,6.0848126
123,2024,Antioquia,2024-06-17,2,2024-07-01,6.176608,6.1905494
123,2024,Antioquia,2024-06-17,3,2024-07-08,7.019534,6.1487393
123,2024,Antioquia,2024-06-17,4,2024-07-15,6.612605,6.2179914
123,2024,Antioquia,2024-06-24,1,2024-07-01,6.176608,6.6732388
123,2024,Antioquia,2024-06-24,2,2024-07-08,7.019534,6.764244
123,2024,Antioquia,2024-06-24,3,2024-07-15,6.612605,6.684954
123,2024,Antioquia,2024-06-24,4,2024-07-22,7.644461,6.728273
123,2024,Antioquia,2024-07-01,1,2024-07-08,7.019534,6.8724422
123,2024,Antioquia,2024-07-01,2,2024-07-15,6.612605,6.9160266
123,2024,Antioquia,2024-07-01,3,2024-07-22,7.644461,6.8082027
123,2024,Antioquia,2024-07-01,4,2024-07-29,7.615394,6.8137136
123,2024,Antioquia,2024-07-08,1,2024-07-15,6.612605,7.257268
123,2024,Antioquia,2024-07-08,2,2024-07-22,7.644461,7.2604733
123,2024,Antioquia,2024-07-08,3,2024-07-29,7.615394,7.115774
123,2024,Antioquia,2024-07-08,4,2024-08-05,6.7870016,7.0809503
123,2024,Antioquia,2024-07-15,1,2024-07-22,7.644461,7.747427
123,2024,Antioquia,2024-07-15,2,2024-07-29,7.615394,7.6941767
123,2024,Antioquia,2024-07-15,3,2024-08-05,6.7870016,7.4967155
123,2024,Antioquia,2024-07-15,4,2024-08-12,6.481805,7.417019
123,2024,Antioquia,2024-07-22,1,2024-07-29,7.615394,7.6427197
123,2024,Antioquia,2024-07-22,2,2024-08-05,6.7870016,7.5037317
123,2024,Antioquia,2024-07-22,3,2024-08-12,6.481805,7.2754393
123,2024,Antioquia,2024-07-22,4,2024-08-19,5.929544,7.151195
123,2024,Antioquia,2024-07-29,1,2024-08-05,6.7870016,8.12728
123,2024,Antioquia,2024-07-29,2,2024-08-12,6.481805,7.9572363
123,2024,Antioquia,2024-07-29,3,2024-08-19,5.929544,7.688561
123,2024,Antioquia,2024-07-29,4,2024-08-26,7.0922003,7.5374928
123,2024,Antioquia,2024-08-05,1,2024-08-12,6.481805,8.030518
123,2024,Antioquia,2024-08-05,2,2024-08-19,5.929544,7.8048396
123,2024,Antioquia,2024-08-05,3,2024-08-26,7.0922003,7.513493
123,2024,Antioquia,2024-08-05,4,2024-09-02,6.1184754,7.3392825
123,2024,Antioquia,2024-08-12,1,2024-08-19,5.929544,7.3798833
123,2024,Antioquia,2024-08-12,2,2024-08-26,7.0922003,7.08461
123,2024,Antioquia,2024-08-12,3,2024-09-02,6.1184754,6.79547
123,2024,Antioquia,2024-08-12,4,2024-09-09,5.987677,6.5886993
123,2024,Antioquia,2024-08-19,1,2024-08-26,7.0922003,6.931934
123,2024,Antioquia,2024-08-19,2,2024-09-02,6.1184754,6.6094384
123,2024,Antioquia,2024-08-19,3,2024-09-09,5.987677,6.3337684
123,2024,Antioquia,2024-08-19,4,2024-09-16,6.3800735,6.110126
123,2024,Antioquia,2024-08-26,1,2024-09-02,6.1184754,6.30539
123,2024,Antioquia,2024-08-26,2,2024-09-09,5.987677,5.982483
123,2024,Antioquia,2024-08-26,3,2024-09-16,6.3800735,5.7418966
123,2024,Antioquia,2024-08-26,4,2024-09-23,6.2492743,5.519789
123,2024,Antioquia,2024-09-02,1,2024-09-09,5.987677,6.3834
123,2024,Antioquia,2024-09-02,2,2024-09-16,6.3800735,6.107882
123,2024,Antioquia,2024-09-02,3,2024-09-23,6.2492743,5.8751817
123,2024,Antioquia,2024-09-02,4,2024-09-30,5.246484,5.674228
123,2024,Antioquia,2024-09-09,1,2024-09-16,6.3800735,5.80141
123,2024,Antioquia,2024-09-09,2,2024-09-23,6.2492743,5.558532
123,2024,Antioquia,2024-09-09,3,2024-09-30,5.246484,5.368822
123,2024,Antioquia,2024-09-09,4,2024-10-07,4.9412866,5.1970725
123,2024,Antioquia,2024-09-16,1,2024-09-23,6.2492743,5.390008
123,2024,Antioquia,2024-09-16,2,2024-09-30,5.246484,5.1710076
123,2024,Antioquia,2024-09-16,3,2024-10-07,4.9412866,5.010245
123,2024,Antioquia,2024-09-16,4,2024-10-14,4.7232885,4.8545985
123,2024,Antioquia,2024-09-23,1,2024-09-30,5.246484,5.377115
123,2024,Antioquia,2024-09-23,2,2024-10-07,4.9412866,5.1982703
123,2024,Antioquia,2024-09-23,3,2024-10-14,4.7232885,5.0552216
123,2024,Antioquia,2024-09-23,4,2024-10-21,4.839555,4.9218264
123,2024,Antioquia,2024-09-30,1,2024-10-07,4.9412866,5.381573
123,2024,Antioquia,2024-09-30,2,2024-10-14,4.7232885,5.254468
123,2024,Antioquia,2024-09-30,3,2024-10-21,4.839555,5.136874
123,2024,Antioquia,2024-09-30,4,2024-10-28,4.447158,5.0354257
123,2024,Antioquia,2024-10-07,1,2024-10-14,4.7232885,4.8902383
123,2024,Antioquia,2024-10-07,2,2024-10-21,4.839555,4.7798686
123,2024,Antioquia,2024-10-07,3,2024-10-28,4.447158,4.7043643
123,2024,Antioquia,2024-10-07,4,2024-11-04,4.4180913,4.621337
123,2024,Antioquia,2024-10-14,1,2024-10-21,4.839555,4.4681664
123,2024,Antioquia,2024-10-14,2,2024-10-28,4.447158,4.3638954
123,2024,Antioquia,2024-10-14,3,2024-11-04,4.4180913,4.3159876
123,2024,Antioquia,2024-10-14,4,2024-11-11,3.560633,4.2391887
123,2024,Antioquia,2024-10-21,1,2024-10-28,4.447158,3.9890087
123,2024,Antioquia,2024-10-21,2,2024-11-04,4.4180913,3.880184
123,2024,Antioquia,2024-10-21,3,2024-11-11,3.560633,3.8502402
123,2024,Antioquia,2024-10-21,4,2024-11-18,3.633299,3.779459
123,2024,Antioquia,2024-10-28,1,2024-11-04,4.4180913,3.9057417
123,2024,Antioquia,2024-10-28,2,2024-11-11,3.560633,3.8165257
123,2024,Antioquia,2024-10-28,3,2024-11-18,3.633299,3.7941356
123,2024,Antioquia,2024-10-28,4,2024-11-25,3.6187658,3.734022
123,2024,Antioquia,2024-11-04,1,2024-11-11,3.560633,3.7215972
123,2024,Antioquia,2024-11-04,2,2024-11-18,3.633299,3.6460657
123,2024,Antioquia,2024-11-04,3,2024-11-25,3.6187658,3.6277928
123,2024,Antioquia,2024-11-04,4,2024-12-02,3.5315669,3.5786116
123,2024,Antioquia,2024-11-11,1,2024-11-18,3.633299,3.546379
123,2024,Antioquia,2024-11-11,2,2024-11-25,3.6187658,3.4809444
123,2024,Antioquia,2024-11-11,3,2024-12-02,3.5315669,3.462787
123,2024,Antioquia,2024-11-11,4,2024-12-09,3.953029,3.421146
123,2024,Antioquia,2024-11-18,1,2024-11-25,3.6187658,3.172387
123,2024,Antioquia,2024-11-18,2,2024-12-02,3.5315669,3.1008127
123,2024,Antioquia,2024-11-18,3,2024-12-09,3.953029,3.061553
123,2024,Antioquia,2024-11-18,4,2024-12-16,3.4153013,3.0186481
123,2024,Arauca,2024-02-19,1,2024-02-26,3.9585006,4.931044
123,2024,Arauca,2024-02-19,2,2024-03-04,6.8374104,5.006063
123,2024,Arauca,2024-02-19,3,2024-03-11,6.477546,5.077577
123,2024,Arauca,2024-02-19,4,2024-03-18,7.917001,5.164419
123,2024,Arauca,2024-02-26,1,2024-03-04,6.8374104,4.7870817
123,2024,Arauca,2024-02-26,2,2024-03-11,6.477546,4.835572
123,2024,Arauca,2024-02-26,3,2024-03-18,7.917001,4.9069767
123,2024,Arauca,2024-02-26,4,2024-03-25,4.6782274,4.968004
123,2024,Arauca,2024-03-04,1,2024-03-11,6.477546,4.718763
123,2024,Arauca,2024-03-04,2,2024-03-18,7.917001,4.7785954
123,2024,Arauca,2024-03-04,3,2024-03-25,4.6782274,4.8600407
123,2024,Arauca,2024-03-04,4,2024-04-01,7.5571375,4.923021
123,2024,Arauca,2024-03-11,1,2024-03-18,7.917001,5.902033
123,2024,Arauca,2024-03-11,2,2024-03-25,4.6782274,6.087009
123,2024,Arauca,2024-03-11,3,2024-04-01,7.5571375,6.1458373
123,2024,Arauca,2024-03-11,4,2024-04-08,5.757819,6.290198
123,2024,Arauca,2024-03-18,1,2024-03-25,4.6782274,6.453146
123,2024,Arauca,2024-03-18,2,2024-04-01,7.5571375,6.712978
123,2024,Arauca,2024-03-18,3,2024-04-08,5.757819,6.776966
123,2024,Arauca,2024-03-18,4,2024-04-15,10.076182,6.9980035
123,2024,Arauca,2024-03-25,1,2024-04-01,7.5571375,7.3459873
123,2024,Arauca,2024-03-25,2,2024-04-08,5.757819,7.670018
123,2024,Arauca,2024-03-25,3,2024-04-15,10.076182,7.7320886
123,2024,Arauca,2024-03-25,4,2024-04-22,7.5571375,8.017125
123,2024,Arauca,2024-04-01,1,2024-04-08,5.757819,6.2421675
123,2024,Arauca,2024-04-01,2,2024-04-15,10.076182,6.4423766
123,2024,Arauca,2024-04-01,3,2024-04-22,7.5571375,6.53358
123,2024,Arauca,2024-04-01,4,2024-04-29,10.436048,6.7619157
123,2024,Arauca,2024-04-08,1,2024-04-15,10.076182,7.601194
123,2024,Arauca,2024-04-08,2,2024-04-22,7.5571375,7.947194
123,2024,Arauca,2024-04-08,3,2024-04-29,10.436048,8.041449
123,2024,Arauca,2024-04-08,4,2024-05-06,9.356455,8.35578
123,2024,Arauca,2024-04-15,1,2024-04-22,7.5571375,7.247977
123,2024,Arauca,2024-04-15,2,2024-04-29,10.436048,7.560298
123,2024,Arauca,2024-04-15,3,2024-05-06,9.356455,7.656231
123,2024,Arauca,2024-04-15,4,2024-05-13,10.436048,7.9634314
123,2024,Arauca,2024-04-22,1,2024-04-29,10.436048,9.277877
123,2024,Arauca,2024-04-22,2,2024-05-06,9.356455,9.751982
123,2024,Arauca,2024-04-22,3,2024-05-13,10.436048,9.803055
123,2024,Arauca,2024-04-22,4,2024-05-20,19.072775,10.1859
123,2024,Arauca,2024-04-29,1,2024-05-06,9.356455,9.030586
123,2024,Arauca,2024-04-29,2,2024-05-13,10.436048,9.379699
123,2024,Arauca,2024-04-29,3,2024-05-20,19.072775,9.369135
123,2024,Arauca,2024-04-29,4,2024-05-27,19.432636,9.68935
123,2024,Arauca,2024-05-06,1,2024-05-13,10.436048,10.925807
123,2024,Arauca,2024-05-06,2,2024-05-20,19.072775,11.367513
123,2024,Arauca,2024-05-06,3,2024-05-27,19.432636,11.327749
123,2024,Arauca,2024-05-06,4,2024-06-03,27.349638,11.654492
123,2024,Arauca,2024-05-13,1,2024-05-20,19.072775,11.930917
123,2024,Arauca,2024-05-13,2,2024-05-27,19.432636,12.314011
123,2024,Arauca,2024-05-13,3,2024-06-03,27.349638,12.202871
123,2024,Arauca,2024-05-13,4,2024-06-10,19.432636,12.455435
123,2024,Arauca,2024-05-20,1,2024-05-27,19.432636,12.869843
123,2024,Arauca,2024-05-20,2,2024-06-03,27.349638,13.109966
123,2024,Arauca,2024-05-20,3,2024-06-10,19.432636,12.90349
123,2024,Arauca,2024-05-20,4,2024-06-17,21.591824,13.004314
123,2024,Arauca,2024-05-27,1,2024-06-03,27.349638,16.432503
123,2024,Arauca,2024-05-27,2,2024-06-10,19.432636,16.773975
123,2024,Arauca,2024-05-27,3,2024-06-17,21.591824,16.511751
123,2024,Arauca,2024-05-27,4,2024-06-24,21.231958,16.4907
123,2024,Arauca,2024-06-03,1,2024-06-10,19.432636,18.992607
123,2024,Arauca,2024-06-03,2,2024-06-17,21.591824,19.308887
123,2024,Arauca,2024-06-03,3,2024-06-24,21.231958,18.994442
123,2024,Arauca,2024-06-03,4,2024-07-01,21.591824,18.802197
123,2024,Arauca,2024-06-10,1,2024-06-17,21.591824,21.846872
123,2024,Arauca,2024-06-10,2,2024-06-24,21.231958,22.115858
123,2024,Arauca,2024-06-10,3,2024-07-01,21.591824,21.798742
123,2024,Arauca,2024-06-10,4,2024-07-08,18.712914,21.4089
123,2024,Arauca,2024-06-17,1,2024-06-24,21.231958,20.84666
123,2024,Arauca,2024-06-17,2,2024-07-01,21.591824,20.71097
123,2024,Arauca,2024-06-17,3,2024-07-08,18.712914,20.17309
123,2024,Arauca,2024-06-17,4,2024-07-15,8.996592,19.63408
123,2024,Arauca,2024-06-24,1,2024-07-01,21.591824,20.538507
123,2024,Arauca,2024-06-24,2,2024-07-08,18.712914,19.98896
123,2024,Arauca,2024-06-24,3,2024-07-15,8.996592,19.294052
123,2024,Arauca,2024-06-24,4,2024-07-22,9.356455,18.544617
123,2024,Arauca,2024-07-01,1,2024-07-08,18.712914,19.552612
123,2024,Arauca,2024-07-01,2,2024-07-15,8.996592,18.588907
123,2024,Arauca,2024-07-01,3,2024-07-22,9.356455,17.750261
123,2024,Arauca,2024-07-01,4,2024-07-29,15.834002,16.854912
123,2024,Arauca,2024-07-08,1,2024-07-15,8.996592,17.992422
123,2024,Arauca,2024-07-08,2,2024-07-22,9.356455,16.699331
123,2024,Arauca,2024-07-08,3,2024-07-29,15.834002,15.744526
123,2024,Arauca,2024-07-08,4,2024-08-05,6.8374104,14.7493105
123,2024,Arauca,2024-07-15,1,2024-07-22,9.356455,14.670755
123,2024,Arauca,2024-07-15,2,2024-07-29,15.834002,13.189453
123,2024,Arauca,2024-07-15,3,2024-08-05,6.8374104,12.22949
123,2024,Arauca,2024-07-15,4,2024-08-12,10.436048,11.279562
123,2024,Arauca,2024-07-22,1,2024-07-29,15.834002,8.265911
123,2024,Arauca,2024-07-22,2,2024-08-05,6.8374104,7.1586747
123,2024,Arauca,2024-07-22,3,2024-08-12,10.436048,6.5901575
123,2024,Arauca,2024-07-22,4,2024-08-19,9.356455,5.953766
123,2024,Arauca,2024-07-29,1,2024-08-05,6.8374104,6.4417787
123,2024,Arauca,2024-07-29,2,2024-08-12,10.436048,5.522192
123,2024,Arauca,2024-07-29,3,2024-08-19,9.356455,5.104969
123,2024,Arauca,2024-07-29,4,2024-08-26,6.8374104,4.546349
123,2024,Arauca,2024-08-05,1,2024-08-12,10.436048,9.162225
123,2024,Arauca,2024-08-05,2,2024-08-19,9.356455,8.235215
123,2024,Arauca,2024-08-05,3,2024-08-26,6.8374104,7.6457906
123,2024,Arauca,2024-08-05,4,2024-09-02,7.917001,7.029362
123,2024,Arauca,2024-08-12,1,2024-08-19,9.356455,6.27117
123,2024,Arauca,2024-08-12,2,2024-08-26,6.8374104,5.510307
123,2024,Arauca,2024-08-12,3,2024-09-02,7.917001,5.0762005
123,2024,Arauca,2024-08-12,4,2024-09-09,7.917001,4.6179943
123,2024,Arauca,2024-08-19,1,2024-08-26,6.8374104,7.234997
123,2024,Arauca,2024-08-19,2,2024-09-02,7.917001,6.4428096
123,2024,Arauca,2024-08-19,3,2024-09-09,7.917001,5.927993
123,2024,Arauca,2024-08-19,4,2024-09-16,8.276864,5.423373
123,2024,Arauca,2024-08-26,1,2024-09-02,7.917001,6.9884768
123,2024,Arauca,2024-08-26,2,2024-09-09,7.917001,6.2507477
123,2024,Arauca,2024-08-26,3,2024-09-16,8.276864,5.7511463
123,2024,Arauca,2024-08-26,4,2024-09-23,5.038091,5.2889786
123,2024,Arauca,2024-09-02,1,2024-09-09,7.917001,6.4163685
123,2024,Arauca,2024-09-02,2,2024-09-16,8.276864,5.765857
123,2024,Arauca,2024-09-02,3,2024-09-23,5.038091,5.3339143
123,2024,Arauca,2024-09-02,4,2024-09-30,5.757819,4.9296436
123,2024,Arauca,2024-09-09,1,2024-09-16,8.276864,7.2056184
123,2024,Arauca,2024-09-09,2,2024-09-23,5.038091,6.6592836
123,2024,Arauca,2024-09-09,3,2024-09-30,5.757819,6.2399125
123,2024,Arauca,2024-09-09,4,2024-10-07,7.917001,5.8885465
123,2024,Arauca,2024-09-16,1,2024-09-23,5.038091,7.447013
123,2024,Arauca,2024-09-16,2,2024-09-30,5.757819,7.006272
123,2024,Arauca,2024-09-16,3,2024-10-07,7.917001,6.64447
123,2024,Arauca,2024-09-16,4,2024-10-14,2.519046,6.3654475
123,2024,Arauca,2024-09-23,1,2024-09-30,5.757819,7.624003
123,2024,Arauca,2024-09-23,2,2024-10-07,7.917001,7.2666245
123,2024,Arauca,2024-09-23,3,2024-10-14,2.519046,6.9569645
123,2024,Arauca,2024-09-23,4,2024-10-21,6.8374104,6.7354937
123,2024,Arauca,2024-09-30,1,2024-10-07,7.917001,6.535791
123,2024,Arauca,2024-09-30,2,2024-10-14,2.519046,6.2226796
123,2024,Arauca,2024-09-30,3,2024-10-21,6.8374104,6.000068
123,2024,Arauca,2024-09-30,4,2024-10-28,4.6782274,5.8236227
123,2024,Arauca,2024-10-07,1,2024-10-14,2.519046,6.291755
123,2024,Arauca,2024-10-07,2,2024-10-21,6.8374104,6.0505943
123,2024,Arauca,2024-10-07,3,2024-10-28,4.6782274,5.890153
123,2024,Arauca,2024-10-07,4,2024-11-04,5.3979554,5.7610226
123,2024,Arauca,2024-10-14,1,2024-10-21,6.8374104,6.6300526
123,2024,Arauca,2024-10-14,2,2024-10-28,4.6782274,6.4891486
123,2024,Arauca,2024-10-14,3,2024-11-04,5.3979554,6.372987
123,2024,Arauca,2024-10-14,4,2024-11-11,4.3183646,6.3276596
123,2024,Arauca,2024-10-21,1,2024-10-28,4.6782274,5.1573987
123,2024,Arauca,2024-10-21,2,2024-11-04,5.3979554,5.0278406
123,2024,Arauca,2024-10-21,3,2024-11-11,4.3183646,5.0055623
123,2024,Arauca,2024-10-21,4,2024-11-18,5.757819,4.9844613
123,2024,Arauca,2024-10-28,1,2024-11-04,5.3979554,5.3529234
123,2024,Arauca,2024-10-28,2,2024-11-11,4.3183646,5.2886357
123,2024,Arauca,2024-10-28,3,2024-11-18,5.757819,5.281538
123,2024,Arauca,2024-10-28,4,2024-11-25,6.477546,5.304628
123,2024,Arauca,2024-11-04,1,2024-11-11,4.3183646,4.772685
123,2024,Arauca,2024-11-04,2,2024-11-18,5.757819,4.7125793
123,2024,Arauca,2024-11-04,3,2024-11-25,6.477546,4.73296
123,2024,Arauca,2024-11-04,4,2024-12-02,5.757819,4.7622304
123,2024,Arauca,2024-11-11,1,2024-11-18,5.757819,4.6061544
123,2024,Arauca,2024-11-11,2,2024-11-25,6.477546,4.5599194
123,2024,Arauca,2024-11-11,3,2024-12-02,5.757819,4.5881267
123,2024,Arauca,2024-11-11,4,2024-12-09,9.356455,4.6230435
123,2024,Arauca,2024-11-18,1,2024-11-25,6.477546,4.182853
123,2024,Arauca,2024-11-18,2,2024-12-02,5.757819,4.14201
123,2024,Arauca,2024-11-18,3,2024-12-09,9.356455,4.195451
123,2024,Arauca,2024-11-18,4,2024-12-16,7.1972747,4.2342625
123,2024,Atlantico,2024-02-19,1,2024-02-26,3.8776155,4.412698
123,2024,Atlantico,2024-02-19,2,2024-03-04,2.961088,4.074548
123,2024,Atlantico,2024-02-19,3,2024-03-11,2.8553348,3.8809001
123,2024,Atlantico,2024-02-19,4,2024-03-18,2.2913182,3.6486545
123,2024,Atlantico,2024-02-26,1,2024-03-04,2.961088,4.061153
123,2024,Atlantico,2024-02-26,2,2024-03-11,2.8553348,3.7774658
123,2024,Atlantico,2024-02-26,3,2024-03-18,2.2913182,3.598565
123,2024,Atlantico,2024-02-26,4,2024-03-25,2.2208161,3.4030051
123,2024,Atlantico,2024-03-04,1,2024-03-11,2.8553348,3.4921288
123,2024,Atlantico,2024-03-04,2,2024-03-18,2.2913182,3.2626126
123,2024,Atlantico,2024-03-04,3,2024-03-25,2.2208161,3.0933428
123,2024,Atlantico,2024-03-04,4,2024-04-01,1.5510461,2.9456222
123,2024,Atlantico,2024-03-11,1,2024-03-18,2.2913182,2.8156552
123,2024,Atlantico,2024-03-11,2,2024-03-25,2.2208161,2.6360788
123,2024,Atlantico,2024-03-11,3,2024-04-01,1.5510461,2.4596648
123,2024,Atlantico,2024-03-11,4,2024-04-08,2.185565,2.3639874
123,2024,Atlantico,2024-03-18,1,2024-03-25,2.2208161,2.4047217
123,2024,Atlantico,2024-03-18,2,2024-04-01,1.5510461,2.2652738
123,2024,Atlantico,2024-03-18,3,2024-04-08,2.185565,2.0907936
123,2024,Atlantico,2024-03-18,4,2024-04-15,1.8683054,2.0292885
123,2024,Atlantico,2024-03-25,1,2024-04-01,1.5510461,2.1516156
123,2024,Atlantico,2024-03-25,2,2024-04-08,2.185565,2.0489395
123,2024,Atlantico,2024-03-25,3,2024-04-15,1.8683054,1.8896332
123,2024,Atlantico,2024-03-25,4,2024-04-22,1.5862972,1.8539882
123,2024,Atlantico,2024-04-01,1,2024-04-08,2.185565,2.1073132
123,2024,Atlantico,2024-04-01,2,2024-04-15,1.8683054,2.0337093
123,2024,Atlantico,2024-04-01,3,2024-04-22,1.5862972,1.907428
123,2024,Atlantico,2024-04-01,4,2024-04-29,1.7978036,1.895454
123,2024,Atlantico,2024-04-08,1,2024-04-15,1.8683054,1.8511355
123,2024,Atlantico,2024-04-08,2,2024-04-22,1.5862972,1.8099917
123,2024,Atlantico,2024-04-08,3,2024-04-29,1.7978036,1.6916803
123,2024,Atlantico,2024-04-08,4,2024-05-06,2.00931,1.6956651
123,2024,Atlantico,2024-04-15,1,2024-04-22,1.5862972,1.9974091
123,2024,Atlantico,2024-04-15,2,2024-04-29,1.7978036,1.9655212
123,2024,Atlantico,2024-04-15,3,2024-05-06,2.00931,1.9233339
123,2024,Atlantico,2024-04-15,4,2024-05-13,2.1150627,1.9494126
123,2024,Atlantico,2024-04-22,1,2024-04-29,1.7978036,2.2669644
123,2024,Atlantico,2024-04-22,2,2024-05-06,2.00931,2.266709
123,2024,Atlantico,2024-04-22,3,2024-05-13,2.1150627,2.2993133
123,2024,Atlantico,2024-04-22,4,2024-05-20,1.9740586,2.3605957
123,2024,Atlantico,2024-04-29,1,2024-05-06,2.00931,2.5474055
123,2024,Atlantico,2024-04-29,2,2024-05-13,2.1150627,2.5932508
123,2024,Atlantico,2024-04-29,3,2024-05-20,1.9740586,2.6917453
123,2024,Atlantico,2024-04-29,4,2024-05-27,2.5733266,2.7958539
123,2024,Atlantico,2024-05-06,1,2024-05-13,2.1150627,2.941128
123,2024,Atlantico,2024-05-06,2,2024-05-20,1.9740586,3.0623477
123,2024,Atlantico,2024-05-06,3,2024-05-27,2.5733266,3.1917508
123,2024,Atlantico,2024-05-06,4,2024-06-03,3.0668414,3.3401797
123,2024,Atlantico,2024-05-13,1,2024-05-20,1.9740586,3.5378208
123,2024,Atlantico,2024-05-13,2,2024-05-27,2.5733266,3.7680235
123,2024,Atlantico,2024-05-13,3,2024-06-03,3.0668414,3.9295573
123,2024,Atlantico,2024-05-13,4,2024-06-10,3.1373432,4.1541805
123,2024,Atlantico,2024-05-20,1,2024-05-27,2.5733266,4.1368575
123,2024,Atlantico,2024-05-20,2,2024-06-03,3.0668414,4.449597
123,2024,Atlantico,2024-05-20,3,2024-06-10,3.1373432,4.636826
123,2024,Atlantico,2024-05-20,4,2024-06-17,3.7718623,4.9228544
123,2024,Atlantico,2024-05-27,1,2024-06-03,3.0668414,4.694121
123,2024,Atlantico,2024-05-27,2,2024-06-10,3.1373432,5.063676
123,2024,Atlantico,2024-05-27,3,2024-06-17,3.7718623,5.2739873
123,2024,Atlantico,2024-05-27,4,2024-06-24,2.784833,5.6049685
123,2024,Atlantico,2024-06-03,1,2024-06-10,3.1373432,5.6167974
123,2024,Atlantico,2024-06-03,2,2024-06-17,3.7718623,6.08633
123,2024,Atlantico,2024-06-03,3,2024-06-24,2.784833,6.308482
123,2024,Atlantico,2024-06-03,4,2024-07-01,3.9481177,6.70902
123,2024,Atlantico,2024-06-10,1,2024-06-17,3.7718623,6.6459994
123,2024,Atlantico,2024-06-10,2,2024-06-24,2.784833,7.215251
123,2024,Atlantico,2024-06-10,3,2024-07-01,3.9481177,7.438621
123,2024,Atlantico,2024-06-10,4,2024-07-08,4.0538707,7.903781
123,2024,Atlantico,2024-06-17,1,2024-06-24,2.784833,7.0715537
123,2024,Atlantico,2024-06-17,2,2024-07-01,3.9481177,7.6294575
123,2024,Atlantico,2024-06-17,3,2024-07-08,4.0538707,7.8303533
123,2024,Atlantico,2024-06-17,4,2024-07-15,5.6754193,8.283838
123,2024,Atlantico,2024-06-24,1,2024-07-01,3.9481177,7.6544256
123,2024,Atlantico,2024-06-24,2,2024-07-08,4.0538707,8.202316
123,2024,Atlantico,2024-06-24,3,2024-07-15,5.6754193,8.376666
123,2024,Atlantico,2024-06-24,4,2024-07-22,8.918516,8.801798
123,2024,Atlantico,2024-07-01,1,2024-07-08,4.0538707,7.020863
123,2024,Atlantico,2024-07-01,2,2024-07-15,5.6754193,7.4183974
123,2024,Atlantico,2024-07-01,3,2024-07-22,8.918516,7.5617924
123,2024,Atlantico,2024-07-01,4,2024-07-29,7.332219,7.888573
123,2024,Atlantico,2024-07-08,1,2024-07-15,5.6754193,7.5284557
123,2024,Atlantico,2024-07-08,2,2024-07-22,8.918516,7.922843
123,2024,Atlantico,2024-07-08,3,2024-07-29,7.332219,8.0434065
123,2024,Atlantico,2024-07-08,4,2024-08-05,5.922176,8.334716
123,2024,Atlantico,2024-07-15,1,2024-07-22,8.918516,7.71241
123,2024,Atlantico,2024-07-15,2,2024-07-29,7.332219,8.055849
123,2024,Atlantico,2024-07-15,3,2024-08-05,5.922176,8.142196
123,2024,Atlantico,2024-07-15,4,2024-08-12,6.4156914,8.382883
123,2024,Atlantico,2024-07-22,1,2024-07-29,7.332219,8.947754
123,2024,Atlantico,2024-07-22,2,2024-08-05,5.922176,9.321725
123,2024,Atlantico,2024-07-22,3,2024-08-12,6.4156914,9.354652
123,2024,Atlantico,2024-07-22,4,2024-08-19,5.6754193,9.560295
123,2024,Atlantico,2024-07-29,1,2024-08-05,5.922176,11.601161
123,2024,Atlantico,2024-07-29,2,2024-08-12,6.4156914,12.108183
123,2024,Atlantico,2024-07-29,3,2024-08-19,5.6754193,12.071965
123,2024,Atlantico,2024-07-29,4,2024-08-26,6.4156914,12.243427
123,2024,Atlantico,2024-08-05,1,2024-08-12,6.4156914,11.529567
123,2024,Atlantico,2024-08-05,2,2024-08-19,5.6754193,11.802628
123,2024,Atlantico,2024-08-05,3,2024-08-26,6.4156914,11.66079
123,2024,Atlantico,2024-08-05,4,2024-09-02,4.512134,11.688616
123,2024,Atlantico,2024-08-12,1,2024-08-19,5.6754193,10.00325
123,2024,Atlantico,2024-08-12,2,2024-08-26,6.4156914,9.930718
123,2024,Atlantico,2024-08-12,3,2024-09-02,4.512134,9.716062
123,2024,Atlantico,2024-08-12,4,2024-09-09,5.569666,9.597336
123,2024,Atlantico,2024-08-19,1,2024-08-26,6.4156914,9.96156
123,2024,Atlantico,2024-08-19,2,2024-09-02,4.512134,9.769818
123,2024,Atlantico,2024-08-19,3,2024-09-09,5.569666,9.527698
123,2024,Atlantico,2024-08-19,4,2024-09-16,4.406381,9.317356
123,2024,Atlantico,2024-08-26,1,2024-09-02,4.512134,9.351642
123,2024,Atlantico,2024-08-26,2,2024-09-09,5.569666,9.093986
123,2024,Atlantico,2024-08-26,3,2024-09-16,4.406381,8.855805
123,2024,Atlantico,2024-08-26,4,2024-09-23,5.6401677,8.61632
123,2024,Atlantico,2024-09-02,1,2024-09-09,5.569666,9.810637
123,2024,Atlantico,2024-09-02,2,2024-09-16,4.406381,9.607705
123,2024,Atlantico,2024-09-02,3,2024-09-23,5.6401677,9.382862
123,2024,Atlantico,2024-09-02,4,2024-09-30,5.745921,9.145252
123,2024,Atlantico,2024-09-09,1,2024-09-16,4.406381,8.153854
123,2024,Atlantico,2024-09-09,2,2024-09-23,5.6401677,7.925926
123,2024,Atlantico,2024-09-09,3,2024-09-30,5.745921,7.7566895
123,2024,Atlantico,2024-09-09,4,2024-10-07,5.2524066,7.553068
123,2024,Atlantico,2024-09-16,1,2024-09-23,5.6401677,8.0162
123,2024,Atlantico,2024-09-16,2,2024-09-30,5.745921,7.8512163
123,2024,Atlantico,2024-09-16,3,2024-10-07,5.2524066,7.721615
123,2024,Atlantico,2024-09-16,4,2024-10-14,5.005649,7.5474215
123,2024,Atlantico,2024-09-23,1,2024-09-30,5.745921,7.213353
123,2024,Atlantico,2024-09-23,2,2024-10-07,5.2524066,7.0963974
123,2024,Atlantico,2024-09-23,3,2024-10-14,5.005649,7.019406
123,2024,Atlantico,2024-09-23,4,2024-10-21,6.627197,6.892724
123,2024,Atlantico,2024-09-30,1,2024-10-07,5.2524066,8.145726
123,2024,Atlantico,2024-09-30,2,2024-10-14,5.005649,8.182358
123,2024,Atlantico,2024-09-30,3,2024-10-21,6.627197,8.136984
123,2024,Atlantico,2024-09-30,4,2024-10-28,6.944457,8.077979
123,2024,Atlantico,2024-10-07,1,2024-10-14,5.005649,8.606709
123,2024,Atlantico,2024-10-07,2,2024-10-21,6.627197,8.747698
123,2024,Atlantico,2024-10-07,3,2024-10-28,6.944457,8.728938
123,2024,Atlantico,2024-10-07,4,2024-11-04,7.5437255,8.738502
123,2024,Atlantico,2024-10-14,1,2024-10-21,6.627197,8.390094
123,2024,Atlantico,2024-10-14,2,2024-10-28,6.944457,8.525613
123,2024,Atlantico,2024-10-14,3,2024-11-04,7.5437255,8.511007
123,2024,Atlantico,2024-10-14,4,2024-11-11,8.918516,8.536279
123,2024,Atlantico,2024-10-21,1,2024-10-28,6.944457,8.006533
123,2024,Atlantico,2024-10-21,2,2024-11-04,7.5437255,8.121567
123,2024,Atlantico,2024-10-21,3,2024-11-11,8.918516,8.114776
123,2024,Atlantico,2024-10-21,4,2024-11-18,8.319247,8.146979
123,2024,Atlantico,2024-10-28,1,2024-11-04,7.5437255,9.309841
123,2024,Atlantico,2024-10-28,2,2024-11-11,8.918516,9.528668
123,2024,Atlantico,2024-10-28,3,2024-11-18,8.319247,9.514508
123,2024,Atlantico,2024-10-28,4,2024-11-25,8.495502,9.571207
123,2024,Atlantico,2024-11-04,1,2024-11-11,8.918516,10.183836
123,2024,Atlantico,2024-11-04,2,2024-11-18,8.319247,10.462132
123,2024,Atlantico,2024-11-04,3,2024-11-25,8.495502,10.438284
123,2024,Atlantico,2024-11-04,4,2024-12-02,10.0818,10.511521
123,2024,Atlantico,2024-11-11,1,2024-11-18,8.319247,11.411301
123,2024,Atlantico,2024-11-11,2,2024-11-25,8.495502,11.743846
123,2024,Atlantico,2024-11-11,3,2024-12-02,10.0818,11.709041
123,2024,Atlantico,2024-11-11,4,2024-12-09,12.7608795,11.760181
123,2024,Atlantico,2024-11-18,1,2024-11-25,8.495502,12.902708
123,2024,Atlantico,2024-11-18,2,2024-12-02,10.0818,13.237682
123,2024,Atlantico,2024-11-18,3,2024-12-09,12.7608795,13.166444
123,2024,Atlantico,2024-11-18,4,2024-12-16,13.183892,13.147053
123,2024,Bogota d.c.,2024-02-19,1,2024-02-26,0.0,0.0
123,2024,Bogota d.c.,2024-02-19,2,2024-03-04,0.0,0.0
123,2024,Bogota d.c.,2024-02-19,3,2024-03-11,0.0,0.0
123,2024,Bogota d.c.,2024-02-19,4,2024-03-18,0.0,0.0
123,2024,Bogota d.c.,2024-02-26,1,2024-03-04,0.0,0.0
123,2024,Bogota d.c.,2024-02-26,2,2024-03-11,0.0,0.0
123,2024,Bogota d.c.,2024-02-26,3,2024-03-18,0.0,0.0
123,2024,Bogota d.c.,2024-02-26,4,2024-03-25,0.0,0.0
123,2024,Bogota d.c.,2024-03-04,1,2024-03-11,0.0,0.0
123,2024,Bogota d.c.,2024-03-04,2,2024-03-18,0.0,0.0
123,2024,Bogota d.c.,2024-03-04,3,2024-03-25,0.0,0.0
123,2024,Bogota d.c.,2024-03-04,4,2024-04-01,0.0,0.0
123,2024,Bogota d.c.,2024-03-11,1,2024-03-18,0.0,0.0
123,2024,Bogota d.c.,2024-03-11,2,2024-03-25,0.0,0.0
123,2024,Bogota d.c.,2024-03-11,3,2024-04-01,0.0,0.0
123,2024,Bogota d.c.,2024-03-11,4,2024-04-08,0.0,0.0
123,2024,Bogota d.c.,2024-03-18,1,2024-03-25,0.0,0.0
123,2024,Bogota d.c.,2024-03-18,2,2024-04-01,0.0,0.0
123,2024,Bogota d.c.,2024-03-18,3,2024-04-08,0.0,0.0
123,2024,Bogota d.c.,2024-03-18,4,2024-04-15,0.0,0.0
123,2024,Bogota d.c.,2024-03-25,1,2024-04-01,0.0,0.0
123,2024,Bogota d.c.,2024-03-25,2,2024-04-08,0.0,0.0
123,2024,Bogota d.c.,2024-03-25,3,2024-04-15,0.0,0.0
123,2024,Bogota d.c.,2024-03-25,4,2024-04-22,0.0,0.0
123,2024,Bogota d.c.,2024-04-01,1,2024-04-08,0.0,0.0
123,2024,Bogota d.c.,2024-04-01,2,2024-04-15,0.0,0.0
123,2024,Bogota d.c.,2024-04-01,3,2024-04-22,0.0,0.0
123,2024,Bogota d.c.,2024-04-01,4,2024-04-29,0.0,0.0
123,2024,Bogota d.c.,2024-04-08,1,2024-04-15,0.0,0.0
123,2024,Bogota d.c.,2024-04-08,2,2024-04-22,0.0,0.0
123,2024,Bogota d.c.,2024-04-08,3,2024-04-29,0.0,0.0
123,2024,Bogota d.c.,2024-04-08,4,2024-05-06,0.0,0.0
123,2024,Bogota d.c.,2024-04-15,1,2024-04-22,0.0,0.0
123,2024,Bogota d.c.,2024-04-15,2,2024-04-29,0.0,0.0
123,2024,Bogota d.c.,2024-04-15,3,2024-05-06,0.0,0.0
123,2024,Bogota d.c.,2024-04-15,4,2024-05-13,0.0,0.0
123,2024,Bogota d.c.,2024-04-22,1,2024-04-29,0.0,0.0
123,2024,Bogota d.c.,2024-04-22,2,2024-05-06,0.0,0.0
123,2024,Bogota d.c.,2024-04-22,3,2024-05-13,0.0,0.0
123,2024,Bogota d.c.,2024-04-22,4,2024-05-20,0.0,0.0
123,2024,Bogota d.c.,2024-04-29,1,2024-05-06,0.0,0.0
123,2024,Bogota d.c.,2024-04-29,2,2024-05-13,0.0,0.0
123,2024,Bogota d.c.,2024-04-29,3,2024-05-20,0.0,0.0
123,2024,Bogota d.c.,2024-04-29,4,2024-05-27,0.0,0.0
123,2024,Bogota d.c.,2024-05-06,1,2024-05-13,0.0,0.0
123,2024,Bogota d.c.,2024-05-06,2,2024-05-20,0.0,0.0
123,2024,Bogota d.c.,2024-05-06,3,2024-05-27,0.0,0.0
123,2024,Bogota d.c.,2024-05-06,4,2024-06-03,0.0,0.0
123,2024,Bogota d.c.,2024-05-13,1,2024-05-20,0.0,0.0
123,2024,Bogota d.c.,2024-05-13,2,2024-05-27,0.0,0.0
123,2024,Bogota d.c.,2024-05-13,3,2024-06-03,0.0,0.0
123,2024,Bogota d.c.,2024-05-13,4,2024-06-10,0.0,0.0
123,2024,Bogota d.c.,2024-05-20,1,2024-05-27,0.0,0.0
123,2024,Bogota d.c.,2024-05-20,2,2024-06-03,0.0,0.0
123,2024,Bogota d.c.,2024-05-20,3,2024-06-10,0.0,0.0
123,2024,Bogota d.c.,2024-05-20,4,2024-06-17,0.0,0.0
123,2024,Bogota d.c.,2024-05-27,1,2024-06-03,0.0,0.0
123,2024,Bogota d.c.,2024-05-27,2,2024-06-10,0.0,0.0
123,2024,Bogota d.c.,2024-05-27,3,2024-06-17,0.0,0.0
123,2024,Bogota d.c.,2024-05-27,4,2024-06-24,0.0,0.0
123,2024,Bogota d.c.,2024-06-03,1,2024-06-10,0.0,0.0
123,2024,Bogota d.c.,2024-06-03,2,2024-06-17,0.0,0.0
123,2024,Bogota d.c.,2024-06-03,3,2024-06-24,0.0,0.0
123,2024,Bogota d.c.,2024-06-03,4,2024-07-01,0.0,0.0
123,2024,Bogota d.c.,2024-06-10,1,2024-06-17,0.0,0.0
123,2024,Bogota d.c.,2024-06-10,2,2024-06-24,0.0,0.0
123,2024,Bogota d.c.,2024-06-10,3,2024-07-01,0.0,0.0
123,2024,Bogota d.c.,2024-06-10,4,2024-07-08,0.0,0.0
123,2024,Bogota d.c.,2024-06-17,1,2024-06-24,0.0,0.0
123,2024,Bogota d.c.,2024-06-17,2,2024-07-01,0.0,0.0
123,2024,Bogota d.c.,2024-06-17,3,2024-07-08,0.0,0.0
123,2024,Bogota d.c.,2024-06-17,4,2024-07-15,0.0,0.0
123,2024,Bogota d.c.,2024-06-24,1,2024-07-01,0.0,0.0
123,2024,Bogota d.c.,2024-06-24,2,2024-07-08,0.0,0.0
123,2024,Bogota d.c.,2024-06-24,3,2024-07-15,0.0,0.0
123,2024,Bogota d.c.,2024-06-24,4,2024-07-22,0.0,0.0
123,2024,Bogota d.c.,2024-07-01,1,2024-07-08,0.0,0.0
123,2024,Bogota d.c.,2024-07-01,2,2024-07-15,0.0,0.0
123,2024,Bogota d.c.,2024-07-01,3,2024-07-22,0.0,0.0
123,2024,Bogota d.c.,2024-07-01,4,2024-07-29,0.0,0.0
123,2024,Bogota d.c.,2024-07-08,1,2024-07-15,0.0,0.0
123,2024,Bogota d.c.,2024-07-08,2,2024-07-22,0.0,0.0
123,2024,Bogota d.c.,2024-07-08,3,2024-07-29,0.0,0.0
123,2024,Bogota d.c.,2024-07-08,4,2024-08-05,0.0,0.0
123,2024,Bogota d.c.,2024-07-15,1,2024-07-22,0.0,0.0
123,2024,Bogota d.c.,2024-07-15,2,2024-07-29,0.0,0.0
123,2024,Bogota d.c.,2024-07-15,3,2024-08-05,0.0,0.0
123,2024,Bogota d.c.,2024-07-15,4,2024-08-12,0.0,0.0
123,2024,Bogota d.c.,2024-07-22,1,2024-07-29,0.0,0.0
123,2024,Bogota d.c.,2024-07-22,2,2024-08-05,0.0,0.0
123,2024,Bogota d.c.,2024-07-22,3,2024-08-12,0.0,0.0
123,2024,Bogota d.c.,2024-07-22,4,2024-08-19,0.0,0.0
123,2024,Bogota d.c.,2024-07-29,1,2024-08-05,0.0,0.0
123,2024,Bogota d.c.,2024-07-29,2,2024-08-12,0.0,0.0
123,2024,Bogota d.c.,2024-07-29,3,2024-08-19,0.0,0.0
123,2024,Bogota d.c.,2024-07-29,4,2024-08-26,0.0,0.0
123,2024,Bogota d.c.,2024-08-05,1,2024-08-12,0.0,0.0
123,2024,Bogota d.c.,2024-08-05,2,2024-08-19,0.0,0.0
123,2024,Bogota d.c.,2024-08-05,3,2024-08-26,0.0,0.0
123,2024,Bogota d.c.,2024-08-05,4,2024-09-02,0.0,0.0
123,2024,Bogota d.c.,2024-08-12,1,2024-08-19,0.0,0.0
123,2024,Bogota d.c.,2024-08-12,2,2024-08-26,0.0,0.0
123,2024,Bogota d.c.,2024-08-12,3,2024-09-02,0.0,0.0
123,2024,Bogota d.c.,2024-08-12,4,2024-09-09,0.0,0.0
123,2024,Bogota d.c.,2024-08-19,1,2024-08-26,0.0,0.0
123,2024,Bogota d.c.,2024-08-19,2,2024-09-02,0.0,0.0
123,2024,Bogota d.c.,2024-08-19,3,2024-09-09,0.0,0.0
123,2024,Bogota d.c.,2024-08-19,4,2024-09-16,0.0,0.0
123,2024,Bogota d.c.,2024-08-26,1,2024-09-02,0.0,0.0
123,2024,Bogota d.c.,2024-08-26,2,2024-09-09,0.0,0.0
123,2024,Bogota d.c.,2024-08-26,3,2024-09-16,0.0,0.0
123,2024,Bogota d.c.,2024-08-26,4,2024-09-23,0.0,0.0
123,2024,Bogota d.c.,2024-09-02,1,2024-09-09,0.0,0.0
123,2024,Bogota d.c.,2024-09-02,2,2024-09-16,0.0,0.0
123,2024,Bogota d.c.,2024-09-02,3,2024-09-23,0.0,0.0
123,2024,Bogota d.c.,2024-09-02,4,2024-09-30,0.0,0.0
123,2024,Bogota d.c.,2024-09-09,1,2024-09-16,0.0,0.0
123,2024,Bogota d.c.,2024-09-09,2,2024-09-23,0.0,0.0
123,2024,Bogota d.c.,2024-09-09,3,2024-09-30,0.0,0.0
123,2024,Bogota d.c.,2024-09-09,4,2024-10-07,0.0,0.0
123,2024,Bogota d.c.,2024-09-16,1,2024-09-23,0.0,0.0
123,2024,Bogota d.c.,2024-09-16,2,2024-09-30,0.0,0.0
123,2024,Bogota d.c.,2024-09-16,3,2024-10-07,0.0,0.0
123,2024,Bogota d.c.,2024-09-16,4,2024-10-14,0.0,0.0
123,2024,Bogota d.c.,2024-09-23,1,2024-09-30,0.0,0.0
123,2024,Bogota d.c.,2024-09-23,2,2024-10-07,0.0,0.0
123,2024,Bogota d.c.,2024-09-23,3,2024-10-14,0.0,0.0
123,2024,Bogota d.c.,2024-09-23,4,2024-10-21,0.0,0.0
123,2024,Bogota d.c.,2024-09-30,1,2024-10-07,0.0,0.0
123,2024,Bogota d.c.,2024-09-30,2,2024-10-14,0.0,0.0
123,2024,Bogota d.c.,2024-09-30,3,2024-10-21,0.0,0.0
123,2024,Bogota d.c.,2024-09-30,4,2024-10-28,0.0,0.0
123,2024,Bogota d.c.,2024-10-07,1,2024-10-14,0.0,0.0
123,2024,Bogota d.c.,2024-10-07,2,2024-10-21,0.0,0.0
123,2024,Bogota d.c.,2024-10-07,3,2024-10-28,0.0,0.0
123,2024,Bogota d.c.,2024-10-07,4,2024-11-04,0.0,0.0
123,2024,Bogota d.c.,2024-10-14,1,2024-10-21,0.0,0.0
123,2024,Bogota d.c.,2024-10-14,2,2024-10-28,0.0,0.0
123,2024,Bogota d.c.,2024-10-14,3,2024-11-04,0.0,0.0
123,2024,Bogota d.c.,2024-10-14,4,2024-11-11,0.0,0.0
123,2024,Bogota d.c.,2024-10-21,1,2024-10-28,0.0,0.0
123,2024,Bogota d.c.,2024-10-21,2,2024-11-04,0.0,0.0
123,2024,Bogota d.c.,2024-10-21,3,2024-11-11,0.0,0.0
123,2024,Bogota d.c.,2024-10-21,4,2024-11-18,0.0,0.0
123,2024,Bogota d.c.,2024-10-28,1,2024-11-04,0.0,0.0
123,2024,Bogota d.c.,2024-10-28,2,2024-11-11,0.0,0.0
123,2024,Bogota d.c.,2024-10-28,3,2024-11-18,0.0,0.0
123,2024,Bogota d.c.,2024-10-28,4,2024-11-25,0.0,0.0
123,2024,Bogota d.c.,2024-11-04,1,2024-11-11,0.0,0.0
123,2024,Bogota d.c.,2024-11-04,2,2024-11-18,0.0,0.0
123,2024,Bogota d.c.,2024-11-04,3,2024-11-25,0.0,0.0
123,2024,Bogota d.c.,2024-11-04,4,2024-12-02,0.0,0.0
123,2024,Bogota d.c.,2024-11-11,1,2024-11-18,0.0,0.0
123,2024,Bogota d.c.,2024-11-11,2,2024-11-25,0.0,0.0
123,2024,Bogota d.c.,2024-11-11,3,2024-12-02,0.0,0.0
123,2024,Bogota d.c.,2024-11-11,4,2024-12-09,0.0,0.0
123,2024,Bogota d.c.,2024-11-18,1,2024-11-25,0.0,0.0
123,2024,Bogota d.c.,2024-11-18,2,2024-12-02,0.0,0.0
123,2024,Bogota d.c.,2024-11-18,3,2024-12-09,0.0,0.0
123,2024,Bogota d.c.,2024-11-18,4,2024-12-16,0.0,0.0
123,2024,Bolivar,2024-02-19,1,2024-02-26,5.5226765,5.9388366
123,2024,Bolivar,2024-02-19,2,2024-03-04,5.073678,5.428746
123,2024,Bolivar,2024-02-19,3,2024-03-11,5.7920756,5.087108
123,2024,Bolivar,2024-02-19,4,2024-03-18,6.106374,4.781107
123,2024,Bolivar,2024-02-26,1,2024-03-04,5.073678,5.7979736
123,2024,Bolivar,2024-02-26,2,2024-03-11,5.7920756,5.331953
123,2024,Bolivar,2024-02-26,3,2024-03-18,6.106374,5.011969
123,2024,Bolivar,2024-02-26,4,2024-03-25,3.053187,4.72922
123,2024,Bolivar,2024-03-04,1,2024-03-11,5.7920756,5.1714945
123,2024,Bolivar,2024-03-04,2,2024-03-18,6.106374,4.7613397
123,2024,Bolivar,2024-03-04,3,2024-03-25,3.053187,4.504407
123,2024,Bolivar,2024-03-04,4,2024-04-01,3.7266843,4.256514
123,2024,Bolivar,2024-03-11,1,2024-03-18,6.106374,4.830968
123,2024,Bolivar,2024-03-11,2,2024-03-25,3.053187,4.4745026
123,2024,Bolivar,2024-03-11,3,2024-04-01,3.7266843,4.2526336
123,2024,Bolivar,2024-03-11,4,2024-04-08,3.8164837,4.032194
123,2024,Bolivar,2024-03-18,1,2024-03-25,3.053187,5.1472816
123,2024,Bolivar,2024-03-18,2,2024-04-01,3.7266843,4.875887
123,2024,Bolivar,2024-03-18,3,2024-04-08,3.8164837,4.678769
123,2024,Bolivar,2024-03-18,4,2024-04-15,3.4572852,4.5133123
123,2024,Bolivar,2024-03-25,1,2024-04-01,3.7266843,5.4127584
123,2024,Bolivar,2024-03-25,2,2024-04-08,3.8164837,5.2248917
123,2024,Bolivar,2024-03-25,3,2024-04-15,3.4572852,5.055459
123,2024,Bolivar,2024-03-25,4,2024-04-22,2.2898903,4.9552774
123,2024,Bolivar,2024-04-01,1,2024-04-08,3.8164837,4.3075447
123,2024,Bolivar,2024-04-01,2,2024-04-15,3.4572852,4.131313
123,2024,Bolivar,2024-04-01,3,2024-04-22,2.2898903,4.0558043
123,2024,Bolivar,2024-04-01,4,2024-04-29,3.2327864,3.9773078
123,2024,Bolivar,2024-04-08,1,2024-04-15,3.4572852,4.201235
123,2024,Bolivar,2024-04-08,2,2024-04-22,2.2898903,4.074851
123,2024,Bolivar,2024-04-08,3,2024-04-29,3.2327864,4.0417542
123,2024,Bolivar,2024-04-08,4,2024-05-06,4.534881,3.9874506
123,2024,Bolivar,2024-04-15,1,2024-04-22,2.2898903,4.3912196
123,2024,Bolivar,2024-04-15,2,2024-04-29,3.2327864,4.335128
123,2024,Bolivar,2024-04-15,3,2024-05-06,4.534881,4.3269672
123,2024,Bolivar,2024-04-15,4,2024-05-13,3.771584,4.3161244
123,2024,Bolivar,2024-04-22,1,2024-04-29,3.2327864,4.6412134
123,2024,Bolivar,2024-04-22,2,2024-05-06,4.534881,4.660103
123,2024,Bolivar,2024-04-22,3,2024-05-13,3.771584,4.672177
123,2024,Bolivar,2024-04-22,4,2024-05-20,5.836975,4.720381
123,2024,Bolivar,2024-04-29,1,2024-05-06,4.534881,4.3657727
123,2024,Bolivar,2024-04-29,2,2024-05-13,3.771584,4.403033
123,2024,Bolivar,2024-04-29,3,2024-05-20,5.836975,4.4522643
123,2024,Bolivar,2024-04-29,4,2024-05-27,6.420672,4.526455
123,2024,Bolivar,2024-05-06,1,2024-05-13,3.771584,4.602548
123,2024,Bolivar,2024-05-06,2,2024-05-20,5.836975,4.694004
123,2024,Bolivar,2024-05-06,3,2024-05-27,6.420672,4.7641754
123,2024,Bolivar,2024-05-06,4,2024-06-03,6.82477,4.8809686
123,2024,Bolivar,2024-05-13,1,2024-05-20,5.836975,5.7058897
123,2024,Bolivar,2024-05-13,2,2024-05-27,6.420672,5.933888
123,2024,Bolivar,2024-05-13,3,2024-06-03,6.82477,6.006343
123,2024,Bolivar,2024-05-13,4,2024-06-10,6.7349715,6.2315044
123,2024,Bolivar,2024-05-20,1,2024-05-27,6.420672,6.1885114
123,2024,Bolivar,2024-05-20,2,2024-06-03,6.82477,6.457474
123,2024,Bolivar,2024-05-20,3,2024-06-10,6.7349715,6.526126
123,2024,Bolivar,2024-05-20,4,2024-06-17,6.77987,6.7933893
123,2024,Bolivar,2024-05-27,1,2024-06-03,6.82477,7.859256
123,2024,Bolivar,2024-05-27,2,2024-06-10,6.7349715,8.245102
123,2024,Bolivar,2024-05-27,3,2024-06-17,6.77987,8.272563
123,2024,Bolivar,2024-05-27,4,2024-06-24,7.3635683,8.600408
123,2024,Bolivar,2024-06-03,1,2024-06-10,6.7349715,9.0675955
123,2024,Bolivar,2024-06-03,2,2024-06-17,6.77987,9.462432
123,2024,Bolivar,2024-06-03,3,2024-06-24,7.3635683,9.418475
123,2024,Bolivar,2024-06-03,4,2024-07-01,7.273768,9.729654
123,2024,Bolivar,2024-06-10,1,2024-06-17,6.77987,9.49066
123,2024,Bolivar,2024-06-10,2,2024-06-24,7.3635683,9.754428
123,2024,Bolivar,2024-06-10,3,2024-07-01,7.273768,9.630177
123,2024,Bolivar,2024-06-10,4,2024-07-08,8.979962,9.84413
123,2024,Bolivar,2024-06-17,1,2024-06-24,7.3635683,9.624534
123,2024,Bolivar,2024-06-17,2,2024-07-01,7.273768,9.750996
123,2024,Bolivar,2024-06-17,3,2024-07-08,8.979962,9.576146
123,2024,Bolivar,2024-06-17,4,2024-07-15,9.877958,9.699052
123,2024,Bolivar,2024-06-24,1,2024-07-01,7.273768,9.6101055
123,2024,Bolivar,2024-06-24,2,2024-07-08,8.979962,9.604236
123,2024,Bolivar,2024-06-24,3,2024-07-15,9.877958,9.385073
123,2024,Bolivar,2024-06-24,4,2024-07-22,10.371857,9.409053
123,2024,Bolivar,2024-07-01,1,2024-07-08,8.979962,9.840551
123,2024,Bolivar,2024-07-01,2,2024-07-15,9.877958,9.76474
123,2024,Bolivar,2024-07-01,3,2024-07-22,10.371857,9.513964
123,2024,Bolivar,2024-07-01,4,2024-07-29,9.563659,9.478432
123,2024,Bolivar,2024-07-08,1,2024-07-15,9.877958,9.486383
123,2024,Bolivar,2024-07-08,2,2024-07-22,10.371857,9.309792
123,2024,Bolivar,2024-07-08,3,2024-07-29,9.563659,9.028291
123,2024,Bolivar,2024-07-08,4,2024-08-05,9.024862,8.929175
123,2024,Bolivar,2024-07-15,1,2024-07-22,10.371857,9.877195
123,2024,Bolivar,2024-07-15,2,2024-07-29,9.563659,9.628279
123,2024,Bolivar,2024-07-15,3,2024-08-05,9.024862,9.287846
123,2024,Bolivar,2024-07-15,4,2024-08-12,9.743259,9.120539
123,2024,Bolivar,2024-07-22,1,2024-07-29,9.563659,10.2571535
123,2024,Bolivar,2024-07-22,2,2024-08-05,9.024862,9.947438
123,2024,Bolivar,2024-07-22,3,2024-08-12,9.743259,9.54661
123,2024,Bolivar,2024-07-22,4,2024-08-19,9.922858,9.3356285
123,2024,Bolivar,2024-07-29,1,2024-08-05,9.024862,10.625013
123,2024,Bolivar,2024-07-29,2,2024-08-12,9.743259,10.277002
123,2024,Bolivar,2024-07-29,3,2024-08-19,9.922858,9.828274
123,2024,Bolivar,2024-07-29,4,2024-08-26,9.743259,9.601111
123,2024,Bolivar,2024-08-05,1,2024-08-12,9.743259,10.4333515
123,2024,Bolivar,2024-08-05,2,2024-08-19,9.922858,9.977393
123,2024,Bolivar,2024-08-05,3,2024-08-26,9.743259,9.499437
123,2024,Bolivar,2024-08-05,4,2024-09-02,12.527045,9.213572
123,2024,Bolivar,2024-08-12,1,2024-08-19,9.922858,10.020658
123,2024,Bolivar,2024-08-12,2,2024-08-26,9.743259,9.428309
123,2024,Bolivar,2024-08-12,3,2024-09-02,12.527045,8.923348
123,2024,Bolivar,2024-08-12,4,2024-09-09,12.571945,8.544966
123,2024,Bolivar,2024-08-19,1,2024-08-26,9.743259,10.47399
123,2024,Bolivar,2024-08-19,2,2024-09-02,12.527045,9.828963
123,2024,Bolivar,2024-08-19,3,2024-09-09,12.571945,9.289815
123,2024,Bolivar,2024-08-19,4,2024-09-16,11.539249,8.8515
123,2024,Bolivar,2024-08-26,1,2024-09-02,12.527045,10.907692
123,2024,Bolivar,2024-08-26,2,2024-09-09,12.571945,10.238018
123,2024,Bolivar,2024-08-26,3,2024-09-16,11.539249,9.672393
123,2024,Bolivar,2024-08-26,4,2024-09-23,12.841344,9.199791
123,2024,Bolivar,2024-09-02,1,2024-09-09,12.571945,10.762987
123,2024,Bolivar,2024-09-02,2,2024-09-16,11.539249,10.099424
123,2024,Bolivar,2024-09-02,3,2024-09-23,12.841344,9.554138
123,2024,Bolivar,2024-09-02,4,2024-09-30,11.94335,9.095901
123,2024,Bolivar,2024-09-09,1,2024-09-16,11.539249,12.714808
123,2024,Bolivar,2024-09-09,2,2024-09-23,12.841344,12.134245
123,2024,Bolivar,2024-09-09,3,2024-09-30,11.94335,11.580606
123,2024,Bolivar,2024-09-09,4,2024-10-07,13.245444,11.094922
123,2024,Bolivar,2024-09-16,1,2024-09-23,12.841344,13.924866
123,2024,Bolivar,2024-09-16,2,2024-09-30,11.94335,13.438128
123,2024,Bolivar,2024-09-16,3,2024-10-07,13.245444,12.915678
123,2024,Bolivar,2024-09-16,4,2024-10-14,15.445536,12.44912
123,2024,Bolivar,2024-09-23,1,2024-09-30,11.94335,14.178828
123,2024,Bolivar,2024-09-23,2,2024-10-07,13.245444,13.673295
123,2024,Bolivar,2024-09-23,3,2024-10-14,15.445536,13.167521
123,2024,Bolivar,2024-09-23,4,2024-10-21,20.070213,12.687457
123,2024,Bolivar,2024-09-30,1,2024-10-07,13.245444,15.299075
123,2024,Bolivar,2024-09-30,2,2024-10-14,15.445536,14.781064
123,2024,Bolivar,2024-09-30,3,2024-10-21,20.070213,14.276162
123,2024,Bolivar,2024-09-30,4,2024-10-28,13.245444,13.730339
123,2024,Bolivar,2024-10-07,1,2024-10-14,15.445536,15.08903
123,2024,Bolivar,2024-10-07,2,2024-10-21,20.070213,14.504719
123,2024,Bolivar,2024-10-07,3,2024-10-28,13.245444,14.007301
123,2024,Bolivar,2024-10-07,4,2024-11-04,17.241526,13.446764
123,2024,Bolivar,2024-10-14,1,2024-10-21,20.070213,16.068981
123,2024,Bolivar,2024-10-14,2,2024-10-28,13.245444,15.468336
123,2024,Bolivar,2024-10-14,3,2024-11-04,17.241526,14.965191
123,2024,Bolivar,2024-10-14,4,2024-11-11,17.466026,14.343745
123,2024,Bolivar,2024-10-21,1,2024-10-28,13.245444,17.605183
123,2024,Bolivar,2024-10-21,2,2024-11-04,17.241526,17.059546
123,2024,Bolivar,2024-10-21,3,2024-11-11,17.466026,16.559128
123,2024,Bolivar,2024-10-21,4,2024-11-18,19.172218,15.895078
123,2024,Bolivar,2024-10-28,1,2024-11-04,17.241526,20.178638
123,2024,Bolivar,2024-10-28,2,2024-11-11,17.466026,19.78472
123,2024,Bolivar,2024-10-28,3,2024-11-18,19.172218,19.31852
123,2024,Bolivar,2024-10-28,4,2024-11-25,16.43333,18.596703
123,2024,Bolivar,2024-11-04,1,2024-11-11,17.466026,18.256714
123,2024,Bolivar,2024-11-04,2,2024-11-18,19.172218,17.614021
123,2024,Bolivar,2024-11-04,3,2024-11-25,16.43333,17.076384
123,2024,Bolivar,2024-11-04,4,2024-12-02,19.217115,16.350044
123,2024,Bolivar,2024-11-11,1,2024-11-18,19.172218,19.44111
123,2024,Bolivar,2024-11-11,2,2024-11-25,16.43333,18.766716
123,2024,Bolivar,2024-11-11,3,2024-12-02,19.217115,18.21137
123,2024,Bolivar,2024-11-11,4,2024-12-09,21.596806,17.393526
123,2024,Bolivar,2024-11-18,1,2024-11-25,16.43333,19.78583
123,2024,Bolivar,2024-11-18,2,2024-12-02,19.217115,19.031487
123,2024,Bolivar,2024-11-18,3,2024-12-09,21.596806,18.42876
123,2024,Bolivar,2024-11-18,4,2024-12-16,25.503088,17.556303
123,2024,Boyaca,2024-02-19,1,2024-02-26,0.8572152,0.6739072
123,2024,Boyaca,2024-02-19,2,2024-03-04,1.0130725,0.68517554
123,2024,Boyaca,2024-02-19,3,2024-03-11,3.2730036,0.7153375
123,2024,Boyaca,2024-02-19,4,2024-03-18,3.3509321,0.74094766
123,2024,Boyaca,2024-02-26,1,2024-03-04,1.0130725,0.72413945
123,2024,Boyaca,2024-02-26,2,2024-03-11,3.2730036,0.73867536
123,2024,Boyaca,2024-02-26,3,2024-03-18,3.3509321,0.77019167
123,2024,Boyaca,2024-02-26,4,2024-03-25,2.727503,0.80068505
123,2024,Boyaca,2024-03-04,1,2024-03-11,3.2730036,0.76496404
123,2024,Boyaca,2024-03-04,2,2024-03-18,3.3509321,0.78377277
123,2024,Boyaca,2024-03-04,3,2024-03-25,2.727503,0.81538564
123,2024,Boyaca,2024-03-04,4,2024-04-01,3.195075,0.8498809
123,2024,Boyaca,2024-03-11,1,2024-03-18,3.3509321,0.8620143
123,2024,Boyaca,2024-03-11,2,2024-03-25,2.727503,0.8852243
123,2024,Boyaca,2024-03-11,3,2024-04-01,3.195075,0.92735755
123,2024,Boyaca,2024-03-11,4,2024-04-08,2.727503,0.9698145
123,2024,Boyaca,2024-03-18,1,2024-03-25,2.727503,1.7768475
123,2024,Boyaca,2024-03-18,2,2024-04-01,3.195075,1.8327463
123,2024,Boyaca,2024-03-18,3,2024-04-08,2.727503,1.9638776
123,2024,Boyaca,2024-03-18,4,2024-04-15,3.662647,2.0667193
123,2024,Boyaca,2024-03-25,1,2024-04-01,3.195075,2.764767
123,2024,Boyaca,2024-03-25,2,2024-04-08,2.727503,2.9181118
123,2024,Boyaca,2024-03-25,3,2024-04-15,3.662647,3.0294611
123,2024,Boyaca,2024-03-25,4,2024-04-22,4.05229,3.1903188
123,2024,Boyaca,2024-04-01,1,2024-04-08,2.727503,3.091074
123,2024,Boyaca,2024-04-01,2,2024-04-15,3.662647,3.2139492
123,2024,Boyaca,2024-04-01,3,2024-04-22,4.05229,3.3321817
123,2024,Boyaca,2024-04-01,4,2024-04-29,3.4288607,3.4660525
123,2024,Boyaca,2024-04-08,1,2024-04-15,3.662647,3.5823312
123,2024,Boyaca,2024-04-08,2,2024-04-22,4.05229,3.7132215
123,2024,Boyaca,2024-04-08,3,2024-04-29,3.4288607,3.830997
123,2024,Boyaca,2024-04-08,4,2024-05-06,4.2860765,3.9643052
123,2024,Boyaca,2024-04-15,1,2024-04-22,4.05229,3.6215208
123,2024,Boyaca,2024-04-15,2,2024-04-29,3.4288607,3.721362
123,2024,Boyaca,2024-04-15,3,2024-05-06,4.2860765,3.8353274
123,2024,Boyaca,2024-04-15,4,2024-05-13,5.1432915,3.945385
123,2024,Boyaca,2024-04-22,1,2024-04-29,3.4288607,3.8592007
123,2024,Boyaca,2024-04-22,2,2024-05-06,4.2860765,3.943502
123,2024,Boyaca,2024-04-22,3,2024-05-13,5.1432915,4.036766
123,2024,Boyaca,2024-04-22,4,2024-05-20,5.532934,4.129865
123,2024,Boyaca,2024-04-29,1,2024-05-06,4.2860765,4.1795053
123,2024,Boyaca,2024-04-29,2,2024-05-13,5.1432915,4.2695723
123,2024,Boyaca,2024-04-29,3,2024-05-20,5.532934,4.35123
123,2024,Boyaca,2024-04-29,4,2024-05-27,7.325293,4.443637
123,2024,Boyaca,2024-05-06,1,2024-05-13,5.1432915,4.1646466
123,2024,Boyaca,2024-05-06,2,2024-05-20,5.532934,4.22958
123,2024,Boyaca,2024-05-06,3,2024-05-27,7.325293,4.3057175
123,2024,Boyaca,2024-05-06,4,2024-06-03,7.0135784,4.379491
123,2024,Boyaca,2024-05-13,1,2024-05-20,5.532934,4.6162724
123,2024,Boyaca,2024-05-13,2,2024-05-27,7.325293,4.707928
123,2024,Boyaca,2024-05-13,3,2024-06-03,7.0135784,4.7698636
123,2024,Boyaca,2024-05-13,4,2024-06-10,4.831577,4.8556356
123,2024,Boyaca,2024-05-20,1,2024-05-27,7.325293,5.1504307
123,2024,Boyaca,2024-05-20,2,2024-06-03,7.0135784,5.249357
123,2024,Boyaca,2024-05-20,3,2024-06-10,4.831577,5.277975
123,2024,Boyaca,2024-05-20,4,2024-06-17,3.9743617,5.365278
123,2024,Boyaca,2024-05-27,1,2024-06-03,7.0135784,5.5173554
123,2024,Boyaca,2024-05-27,2,2024-06-10,4.831577,5.5878744
123,2024,Boyaca,2024-05-27,3,2024-06-17,3.9743617,5.576851
123,2024,Boyaca,2024-05-27,4,2024-06-24,4.1302185,5.643118
123,2024,Boyaca,2024-06-03,1,2024-06-10,4.831577,6.4816766
123,2024,Boyaca,2024-06-03,2,2024-06-17,3.9743617,6.5600963
123,2024,Boyaca,2024-06-03,3,2024-06-24,4.1302185,6.4941626
123,2024,Boyaca,2024-06-03,4,2024-07-01,4.597791,6.5579333
123,2024,Boyaca,2024-06-10,1,2024-06-17,3.9743617,6.6461983
123,2024,Boyaca,2024-06-10,2,2024-06-24,4.1302185,6.6418314
123,2024,Boyaca,2024-06-10,3,2024-07-01,4.597791,6.5335402
123,2024,Boyaca,2024-06-10,4,2024-07-08,2.9612892,6.545125
123,2024,Boyaca,2024-06-17,1,2024-06-24,4.1302185,5.598671
123,2024,Boyaca,2024-06-17,2,2024-07-01,4.597791,5.4705534
123,2024,Boyaca,2024-06-17,3,2024-07-08,2.9612892,5.3829966
123,2024,Boyaca,2024-06-17,4,2024-07-15,3.4288607,5.316152
123,2024,Boyaca,2024-06-24,1,2024-07-01,4.597791,4.927589
123,2024,Boyaca,2024-06-24,2,2024-07-08,2.9612892,4.7489557
123,2024,Boyaca,2024-06-24,3,2024-07-15,3.4288607,4.679759
123,2024,Boyaca,2024-06-24,4,2024-07-22,2.8833601,4.56426
123,2024,Boyaca,2024-07-01,1,2024-07-08,2.9612892,4.525988
123,2024,Boyaca,2024-07-01,2,2024-07-15,3.4288607,4.342176
123,2024,Boyaca,2024-07-01,3,2024-07-22,2.8833601,4.284757
123,2024,Boyaca,2024-07-01,4,2024-07-29,3.5067897,4.158058
123,2024,Boyaca,2024-07-08,1,2024-07-15,3.4288607,4.533507
123,2024,Boyaca,2024-07-08,2,2024-07-22,2.8833601,4.3621917
123,2024,Boyaca,2024-07-08,3,2024-07-29,3.5067897,4.2966285
123,2024,Boyaca,2024-07-08,4,2024-08-05,3.8964329,4.170529
123,2024,Boyaca,2024-07-15,1,2024-07-22,2.8833601,3.73373
123,2024,Boyaca,2024-07-15,2,2024-07-29,3.5067897,3.54795
123,2024,Boyaca,2024-07-15,3,2024-08-05,3.8964329,3.4740338
123,2024,Boyaca,2024-07-15,4,2024-08-12,3.5847185,3.3484173
123,2024,Boyaca,2024-07-22,1,2024-07-29,3.5067897,3.490171
123,2024,Boyaca,2024-07-22,2,2024-08-05,3.8964329,3.3070495
123,2024,Boyaca,2024-07-22,3,2024-08-12,3.5847185,3.2272813
123,2024,Boyaca,2024-07-22,4,2024-08-19,2.8833601,3.104945
123,2024,Boyaca,2024-07-29,1,2024-08-05,3.8964329,3.0723717
123,2024,Boyaca,2024-07-29,2,2024-08-12,3.5847185,2.9072769
123,2024,Boyaca,2024-07-29,3,2024-08-19,2.8833601,2.8274782
123,2024,Boyaca,2024-07-29,4,2024-08-26,1.8702877,2.7263615
123,2024,Boyaca,2024-08-05,1,2024-08-12,3.5847185,3.204677
123,2024,Boyaca,2024-08-05,2,2024-08-19,2.8833601,3.0515063
123,2024,Boyaca,2024-08-05,3,2024-08-26,1.8702877,2.9958718
123,2024,Boyaca,2024-08-05,4,2024-09-02,1.7144303,2.9040813
123,2024,Boyaca,2024-08-12,1,2024-08-19,2.8833601,3.4309978
123,2024,Boyaca,2024-08-12,2,2024-08-26,1.8702877,3.2833188
123,2024,Boyaca,2024-08-12,3,2024-09-02,1.7144303,3.2473967
123,2024,Boyaca,2024-08-12,4,2024-09-09,2.727503,3.1641636
123,2024,Boyaca,2024-08-19,1,2024-08-26,1.8702877,3.5294168
123,2024,Boyaca,2024-08-19,2,2024-09-02,1.7144303,3.3813224
123,2024,Boyaca,2024-08-19,3,2024-09-09,2.727503,3.3445835
123,2024,Boyaca,2024-08-19,4,2024-09-16,2.4157884,3.2615128
123,2024,Boyaca,2024-08-26,1,2024-09-02,1.7144303,3.1231272
123,2024,Boyaca,2024-08-26,2,2024-09-09,2.727503,2.9696422
123,2024,Boyaca,2024-08-26,3,2024-09-16,2.4157884,2.923254
123,2024,Boyaca,2024-08-26,4,2024-09-23,2.6495743,2.8415978
123,2024,Boyaca,2024-09-02,1,2024-09-09,2.727503,2.50195
123,2024,Boyaca,2024-09-02,2,2024-09-16,2.4157884,2.3680189
123,2024,Boyaca,2024-09-02,3,2024-09-23,2.6495743,2.310659
123,2024,Boyaca,2024-09-02,4,2024-09-30,3.1171465,2.2502286
123,2024,Boyaca,2024-09-09,1,2024-09-16,2.4157884,2.1481292
123,2024,Boyaca,2024-09-09,2,2024-09-23,2.6495743,2.0409784
123,2024,Boyaca,2024-09-09,3,2024-09-30,3.1171465,1.9782692
123,2024,Boyaca,2024-09-09,4,2024-10-07,1.4027158,1.9410592
123,2024,Boyaca,2024-09-16,1,2024-09-23,2.6495743,2.4483664
123,2024,Boyaca,2024-09-16,2,2024-09-30,3.1171465,2.3662837
123,2024,Boyaca,2024-09-16,3,2024-10-07,1.4027158,2.3533366
123,2024,Boyaca,2024-09-16,4,2024-10-14,2.1820023,2.3323994
123,2024,Boyaca,2024-09-23,1,2024-09-30,3.1171465,2.5707781
123,2024,Boyaca,2024-09-23,2,2024-10-07,1.4027158,2.5112576
123,2024,Boyaca,2024-09-23,3,2024-10-14,2.1820023,2.528145
123,2024,Boyaca,2024-09-23,4,2024-10-21,1.7923592,2.5249996
123,2024,Boyaca,2024-09-30,1,2024-10-07,1.4027158,2.648705
123,2024,Boyaca,2024-09-30,2,2024-10-14,2.1820023,2.608116
123,2024,Boyaca,2024-09-30,3,2024-10-21,1.7923592,2.6538546
123,2024,Boyaca,2024-09-30,4,2024-10-28,2.1820023,2.6674623
123,2024,Boyaca,2024-10-07,1,2024-10-14,2.1820023,2.8479466
123,2024,Boyaca,2024-10-07,2,2024-10-21,1.7923592,2.8378096
123,2024,Boyaca,2024-10-07,3,2024-10-28,2.1820023,2.9118268
123,2024,Boyaca,2024-10-07,4,2024-11-04,1.7923592,2.9474268
123,2024,Boyaca,2024-10-14,1,2024-10-21,1.7923592,2.3717995
123,2024,Boyaca,2024-10-14,2,2024-10-28,2.1820023,2.3543477
123,2024,Boyaca,2024-10-14,3,2024-11-04,1.7923592,2.4235237
123,2024,Boyaca,2024-10-14,4,2024-11-11,1.5585731,2.4588995
123,2024,Boyaca,2024-10-21,1,2024-10-28,2.1820023,2.3361552
123,2024,Boyaca,2024-10-21,2,2024-11-04,1.7923592,2.333026
123,2024,Boyaca,2024-10-21,3,2024-11-11,1.5585731,2.4188259
123,2024,Boyaca,2024-10-21,4,2024-11-18,1.3247871,2.462421
123,2024,Boyaca,2024-10-28,1,2024-11-04,1.7923592,2.2015395
123,2024,Boyaca,2024-10-28,2,2024-11-11,1.5585731,2.2075055
123,2024,Boyaca,2024-10-28,3,2024-11-18,1.3247871,2.2947185
123,2024,Boyaca,2024-10-28,4,2024-11-25,1.4806445,2.3455632
123,2024,Boyaca,2024-11-04,1,2024-11-11,1.5585731,2.2680051
123,2024,Boyaca,2024-11-04,2,2024-11-18,1.3247871,2.2902207
123,2024,Boyaca,2024-11-04,3,2024-11-25,1.4806445,2.3940651
123,2024,Boyaca,2024-11-04,4,2024-12-02,1.2468585,2.4580238
123,2024,Boyaca,2024-11-11,1,2024-11-18,1.3247871,2.1690233
123,2024,Boyaca,2024-11-11,2,2024-11-25,1.4806445,2.2003624
123,2024,Boyaca,2024-11-11,3,2024-12-02,1.2468585,2.3081396
123,2024,Boyaca,2024-11-11,4,2024-12-09,1.3247871,2.382441
123,2024,Boyaca,2024-11-18,1,2024-11-25,1.4806445,2.0412748
123,2024,Boyaca,2024-11-18,2,2024-12-02,1.2468585,2.0750787
123,2024,Boyaca,2024-11-18,3,2024-12-09,1.3247871,2.1810336
123,2024,Boyaca,2024-11-18,4,2024-12-16,2.259931,2.2586913
123,2024,Caldas,2024-02-19,1,2024-02-26,1.9045334,1.7552481
123,2024,Caldas,2024-02-19,2,2024-03-04,0.9522667,1.7347078
123,2024,Caldas,2024-02-19,3,2024-03-11,1.5236267,1.7838314
123,2024,Caldas,2024-02-19,4,2024-03-18,4.7613335,1.8212181
123,2024,Caldas,2024-02-26,1,2024-03-04,0.9522667,1.712307
123,2024,Caldas,2024-02-26,2,2024-03-11,1.5236267,1.695385
123,2024,Caldas,2024-02-26,3,2024-03-18,4.7613335,1.7440281
123,2024,Caldas,2024-02-26,4,2024-03-25,3.4281602,1.7835947
123,2024,Caldas,2024-03-04,1,2024-03-11,1.5236267,1.9622544
123,2024,Caldas,2024-03-04,2,2024-03-18,4.7613335,1.9681795
123,2024,Caldas,2024-03-04,3,2024-03-25,3.4281602,2.0411487
123,2024,Caldas,2024-03-04,4,2024-04-01,5.14224,2.0959008
123,2024,Caldas,2024-03-11,1,2024-03-18,4.7613335,1.8162998
123,2024,Caldas,2024-03-11,2,2024-03-25,3.4281602,1.828822
123,2024,Caldas,2024-03-11,3,2024-04-01,5.14224,1.89619
123,2024,Caldas,2024-03-11,4,2024-04-08,6.28496,1.9574561
123,2024,Caldas,2024-03-18,1,2024-03-25,3.4281602,1.9402438
123,2024,Caldas,2024-03-18,2,2024-04-01,5.14224,1.967739
123,2024,Caldas,2024-03-18,3,2024-04-08,6.28496,2.0541217
123,2024,Caldas,2024-03-18,4,2024-04-15,7.5229063,2.1249604
123,2024,Caldas,2024-03-25,1,2024-04-01,5.14224,3.581011
123,2024,Caldas,2024-03-25,2,2024-04-08,6.28496,3.7679825
123,2024,Caldas,2024-03-25,3,2024-04-15,7.5229063,3.8897727
123,2024,Caldas,2024-03-25,4,2024-04-22,6.28496,4.046868
123,2024,Caldas,2024-04-01,1,2024-04-08,6.28496,4.064531
123,2024,Caldas,2024-04-01,2,2024-04-15,7.5229063,4.2713413
123,2024,Caldas,2024-04-01,3,2024-04-22,6.28496,4.3990574
123,2024,Caldas,2024-04-01,4,2024-04-29,5.7136,4.5828133
123,2024,Caldas,2024-04-08,1,2024-04-15,7.5229063,5.5213804
123,2024,Caldas,2024-04-08,2,2024-04-22,6.28496,5.846667
123,2024,Caldas,2024-04-08,3,2024-04-29,5.7136,5.9553876
123,2024,Caldas,2024-04-08,4,2024-05-06,8.284719,6.227384
123,2024,Caldas,2024-04-15,1,2024-04-22,6.28496,6.898038
123,2024,Caldas,2024-04-15,2,2024-04-29,5.7136,7.282879
123,2024,Caldas,2024-04-15,3,2024-05-06,8.284719,7.3481007
123,2024,Caldas,2024-04-15,4,2024-05-13,7.046773,7.6626973
123,2024,Caldas,2024-04-22,1,2024-04-29,5.7136,7.5314207
123,2024,Caldas,2024-04-22,2,2024-05-06,8.284719,7.833143
123,2024,Caldas,2024-04-22,3,2024-05-13,7.046773,7.8260193
123,2024,Caldas,2024-04-22,4,2024-05-20,5.904053,8.083892
123,2024,Caldas,2024-04-29,1,2024-05-06,8.284719,7.362007
123,2024,Caldas,2024-04-29,2,2024-05-13,7.046773,7.5550995
123,2024,Caldas,2024-04-29,3,2024-05-20,5.904053,7.528419
123,2024,Caldas,2024-04-29,4,2024-05-27,4.6661067,7.7236485
123,2024,Caldas,2024-05-06,1,2024-05-13,7.046773,7.392318
123,2024,Caldas,2024-05-06,2,2024-05-20,5.904053,7.541326
123,2024,Caldas,2024-05-06,3,2024-05-27,4.6661067,7.5091424
123,2024,Caldas,2024-05-06,4,2024-06-03,6.5706406,7.668468
123,2024,Caldas,2024-05-13,1,2024-05-20,5.904053,8.633725
123,2024,Caldas,2024-05-13,2,2024-05-27,4.6661067,8.833427
123,2024,Caldas,2024-05-13,3,2024-06-03,6.5706406,8.762167
123,2024,Caldas,2024-05-13,4,2024-06-10,5.237467,8.920795
123,2024,Caldas,2024-05-20,1,2024-05-27,4.6661067,8.843868
123,2024,Caldas,2024-05-20,2,2024-06-03,6.5706406,8.961788
123,2024,Caldas,2024-05-20,3,2024-06-10,5.237467,8.847566
123,2024,Caldas,2024-05-20,4,2024-06-17,5.6183734,8.941611
123,2024,Caldas,2024-05-27,1,2024-06-03,6.5706406,7.9713273
123,2024,Caldas,2024-05-27,2,2024-06-10,5.237467,7.9425726
123,2024,Caldas,2024-05-27,3,2024-06-17,5.6183734,7.812663
123,2024,Caldas,2024-05-27,4,2024-06-24,5.7136,7.8254724
123,2024,Caldas,2024-06-03,1,2024-06-10,5.237467,6.367405
123,2024,Caldas,2024-06-03,2,2024-06-17,5.6183734,6.2212625
123,2024,Caldas,2024-06-03,3,2024-06-24,5.7136,6.123044
123,2024,Caldas,2024-06-03,4,2024-07-01,5.42792,6.0628552
123,2024,Caldas,2024-06-10,1,2024-06-17,5.6183734,6.4816265
123,2024,Caldas,2024-06-10,2,2024-06-24,5.7136,6.328931
123,2024,Caldas,2024-06-10,3,2024-07-01,5.42792,6.2061987
123,2024,Caldas,2024-06-10,4,2024-07-08,6.5706406,6.1148496
123,2024,Caldas,2024-06-17,1,2024-06-24,5.7136,5.7222934
123,2024,Caldas,2024-06-17,2,2024-07-01,5.42792,5.5435576
123,2024,Caldas,2024-06-17,3,2024-07-08,6.5706406,5.437583
123,2024,Caldas,2024-06-17,4,2024-07-15,6.1897335,5.327197
123,2024,Caldas,2024-06-24,1,2024-07-01,5.42792,6.0055704
123,2024,Caldas,2024-06-24,2,2024-07-08,6.5706406,5.8471575
123,2024,Caldas,2024-06-24,3,2024-07-15,6.1897335,5.721191
123,2024,Caldas,2024-06-24,4,2024-07-22,5.523147,5.6051755
123,2024,Caldas,2024-07-01,1,2024-07-08,6.5706406,5.8868747
123,2024,Caldas,2024-07-01,2,2024-07-15,6.1897335,5.7324295
123,2024,Caldas,2024-07-01,3,2024-07-22,5.523147,5.605721
123,2024,Caldas,2024-07-01,4,2024-07-29,9.141761,5.4941
123,2024,Caldas,2024-07-08,1,2024-07-15,6.1897335,5.6298223
123,2024,Caldas,2024-07-08,2,2024-07-22,5.523147,5.4596434
123,2024,Caldas,2024-07-08,3,2024-07-29,9.141761,5.3279138
123,2024,Caldas,2024-07-08,4,2024-08-05,5.7136,5.208341
123,2024,Caldas,2024-07-15,1,2024-07-22,5.523147,6.2199316
123,2024,Caldas,2024-07-15,2,2024-07-29,9.141761,6.059373
123,2024,Caldas,2024-07-15,3,2024-08-05,5.7136,5.8881607
123,2024,Caldas,2024-07-15,4,2024-08-12,6.28496,5.766938
123,2024,Caldas,2024-07-22,1,2024-07-29,9.141761,6.4749174
123,2024,Caldas,2024-07-22,2,2024-08-05,5.7136,6.290108
123,2024,Caldas,2024-07-22,3,2024-08-12,6.28496,6.0896277
123,2024,Caldas,2024-07-22,4,2024-08-19,6.761094,5.956473
123,2024,Caldas,2024-07-29,1,2024-08-05,5.7136,6.054469
123,2024,Caldas,2024-07-29,2,2024-08-12,6.28496,5.8209686
123,2024,Caldas,2024-07-29,3,2024-08-19,6.761094,5.6281734
123,2024,Caldas,2024-07-29,4,2024-08-26,8.760854,5.473371
123,2024,Caldas,2024-08-05,1,2024-08-12,6.28496,7.5809016
123,2024,Caldas,2024-08-05,2,2024-08-19,6.761094,7.425875
123,2024,Caldas,2024-08-05,3,2024-08-26,8.760854,7.1918354
123,2024,Caldas,2024-08-05,4,2024-09-02,6.856321,7.0652056
123,2024,Caldas,2024-08-12,1,2024-08-19,6.761094,6.7057676
123,2024,Caldas,2024-08-12,2,2024-08-26,8.760854,6.504343
123,2024,Caldas,2024-08-12,3,2024-09-02,6.856321,6.310852
123,2024,Caldas,2024-08-12,4,2024-09-09,6.856321,6.1877875
123,2024,Caldas,2024-08-19,1,2024-08-26,8.760854,7.011968
123,2024,Caldas,2024-08-19,2,2024-09-02,6.856321,6.8085175
123,2024,Caldas,2024-08-19,3,2024-09-09,6.856321,6.608011
123,2024,Caldas,2024-08-19,4,2024-09-16,6.951546,6.475598
123,2024,Caldas,2024-08-26,1,2024-09-02,6.856321,7.1942186
123,2024,Caldas,2024-08-26,2,2024-09-09,6.856321,7.004377
123,2024,Caldas,2024-08-26,3,2024-09-16,6.951546,6.806174
123,2024,Caldas,2024-08-26,4,2024-09-23,3.8090665,6.685634
123,2024,Caldas,2024-09-02,1,2024-09-09,6.856321,7.973569
123,2024,Caldas,2024-09-02,2,2024-09-16,6.951546,7.856356
123,2024,Caldas,2024-09-02,3,2024-09-23,3.8090665,7.6577315
123,2024,Caldas,2024-09-02,4,2024-09-30,5.0470133,7.5831113
123,2024,Caldas,2024-09-09,1,2024-09-16,6.951546,7.5714774
123,2024,Caldas,2024-09-09,2,2024-09-23,3.8090665,7.478689
123,2024,Caldas,2024-09-09,3,2024-09-30,5.0470133,7.325414
123,2024,Caldas,2024-09-09,4,2024-10-07,3.9042933,7.2938676
123,2024,Caldas,2024-09-16,1,2024-09-23,3.8090665,7.653235
123,2024,Caldas,2024-09-16,2,2024-09-30,5.0470133,7.605715
123,2024,Caldas,2024-09-16,3,2024-10-07,3.9042933,7.485037
123,2024,Caldas,2024-09-16,4,2024-10-14,4.4756536,7.4907637
123,2024,Caldas,2024-09-23,1,2024-09-30,5.0470133,7.500626
123,2024,Caldas,2024-09-23,2,2024-10-07,3.9042933,7.4832263
123,2024,Caldas,2024-09-23,3,2024-10-14,4.4756536,7.3984165
123,2024,Caldas,2024-09-23,4,2024-10-21,5.14224,7.441082
123,2024,Caldas,2024-09-30,1,2024-10-07,3.9042933,5.854671
123,2024,Caldas,2024-09-30,2,2024-10-14,4.4756536,5.795546
123,2024,Caldas,2024-09-30,3,2024-10-21,5.14224,5.791324
123,2024,Caldas,2024-09-30,4,2024-10-28,2.4758933,5.8159237
123,2024,Caldas,2024-10-07,1,2024-10-14,4.4756536,5.854624
123,2024,Caldas,2024-10-07,2,2024-10-21,5.14224,5.869009
123,2024,Caldas,2024-10-07,3,2024-10-28,2.4758933,5.8949285
123,2024,Caldas,2024-10-07,4,2024-11-04,1.8093069,5.950063
123,2024,Caldas,2024-10-14,1,2024-10-21,5.14224,5.3304977
123,2024,Caldas,2024-10-14,2,2024-10-28,2.4758933,5.375754
123,2024,Caldas,2024-10-14,3,2024-11-04,1.8093069,5.4462347
123,2024,Caldas,2024-10-14,4,2024-11-11,2.4758933,5.5255446
123,2024,Caldas,2024-10-21,1,2024-10-28,2.4758933,5.072369
123,2024,Caldas,2024-10-21,2,2024-11-04,1.8093069,5.1365085
123,2024,Caldas,2024-10-21,3,2024-11-11,2.4758933,5.219509
123,2024,Caldas,2024-10-21,4,2024-11-18,1.8093069,5.3064437
123,2024,Caldas,2024-10-28,1,2024-11-04,1.8093069,5.183678
123,2024,Caldas,2024-10-28,2,2024-11-11,2.4758933,5.2885475
123,2024,Caldas,2024-10-28,3,2024-11-18,1.8093069,5.370192
123,2024,Caldas,2024-10-28,4,2024-11-25,1.3331734,5.480609
123,2024,Caldas,2024-11-04,1,2024-11-11,2.4758933,4.03586
123,2024,Caldas,2024-11-04,2,2024-11-18,1.8093069,4.0573335
123,2024,Caldas,2024-11-04,3,2024-11-25,1.3331734,4.159556
123,2024,Caldas,2024-11-04,4,2024-12-02,1.5236267,4.218476
123,2024,Caldas,2024-11-11,1,2024-11-18,1.8093069,3.1148853
123,2024,Caldas,2024-11-11,2,2024-11-25,1.3331734,3.095701
123,2024,Caldas,2024-11-11,3,2024-12-02,1.5236267,3.1634142
123,2024,Caldas,2024-11-11,4,2024-12-09,1.0474933,3.1862028
123,2024,Caldas,2024-11-18,1,2024-11-25,1.3331734,2.7668118
123,2024,Caldas,2024-11-18,2,2024-12-02,1.5236267,2.7471447
123,2024,Caldas,2024-11-18,3,2024-12-09,1.0474933,2.7936988
123,2024,Caldas,2024-11-18,4,2024-12-16,1.3331734,2.8108966
123,2024,Caqueta,2024-02-19,1,2024-02-26,12.446369,11.628849
123,2024,Caqueta,2024-02-19,2,2024-03-04,14.559904,11.636614
123,2024,Caqueta,2024-02-19,3,2024-03-11,12.916043,11.399076
123,2024,Caqueta,2024-02-19,4,2024-03-18,16.908276,11.397942
123,2024,Caqueta,2024-02-26,1,2024-03-04,14.559904,10.614497
123,2024,Caqueta,2024-02-26,2,2024-03-11,12.916043,10.321237
123,2024,Caqueta,2024-02-26,3,2024-03-18,16.908276,9.992304
123,2024,Caqueta,2024-02-26,4,2024-03-25,11.976693,9.842048
123,2024,Caqueta,2024-03-04,1,2024-03-11,12.916043,11.860849
123,2024,Caqueta,2024-03-04,2,2024-03-18,16.908276,11.459312
123,2024,Caqueta,2024-03-04,3,2024-03-25,11.976693,11.034261
123,2024,Caqueta,2024-03-04,4,2024-04-01,19.256645,10.758799
123,2024,Caqueta,2024-03-11,1,2024-03-18,16.908276,13.118631
123,2024,Caqueta,2024-03-11,2,2024-03-25,11.976693,12.68577
123,2024,Caqueta,2024-03-11,3,2024-04-01,19.256645,12.194784
123,2024,Caqueta,2024-03-11,4,2024-04-08,22.074694,11.864303
123,2024,Caqueta,2024-03-18,1,2024-03-25,11.976693,13.960853
123,2024,Caqueta,2024-03-18,2,2024-04-01,19.256645,13.477866
123,2024,Caqueta,2024-03-18,3,2024-04-08,22.074694,12.970582
123,2024,Caqueta,2024-03-18,4,2024-04-15,14.325067,12.585921
123,2024,Caqueta,2024-03-25,1,2024-04-01,19.256645,16.456589
123,2024,Caqueta,2024-03-25,2,2024-04-08,22.074694,16.008709
123,2024,Caqueta,2024-03-25,3,2024-04-15,14.325067,15.502291
123,2024,Caqueta,2024-03-25,4,2024-04-22,12.681206,14.990661
123,2024,Caqueta,2024-04-01,1,2024-04-08,22.074694,14.531838
123,2024,Caqueta,2024-04-01,2,2024-04-15,14.325067,13.810899
123,2024,Caqueta,2024-04-01,3,2024-04-22,12.681206,13.251827
123,2024,Caqueta,2024-04-01,4,2024-04-29,21.135344,12.700321
123,2024,Caqueta,2024-04-08,1,2024-04-15,14.325067,17.538372
123,2024,Caqueta,2024-04-08,2,2024-04-22,12.681206,16.858395
123,2024,Caqueta,2024-04-08,3,2024-04-29,21.135344,16.27243
123,2024,Caqueta,2024-04-08,4,2024-05-06,19.726322,15.584019
123,2024,Caqueta,2024-04-15,1,2024-04-22,12.681206,20.95017
123,2024,Caqueta,2024-04-15,2,2024-04-29,21.135344,20.478544
123,2024,Caqueta,2024-04-15,3,2024-05-06,19.726322,19.954824
123,2024,Caqueta,2024-04-15,4,2024-05-13,23.24888,19.177052
123,2024,Caqueta,2024-04-22,1,2024-04-29,21.135344,18.206964
123,2024,Caqueta,2024-04-22,2,2024-05-06,19.726322,17.407736
123,2024,Caqueta,2024-04-22,3,2024-05-13,23.24888,16.796114
123,2024,Caqueta,2024-04-22,4,2024-05-20,19.491482,16.019741
123,2024,Caqueta,2024-04-29,1,2024-05-06,19.726322,14.899021
123,2024,Caqueta,2024-04-29,2,2024-05-13,23.24888,13.771176
123,2024,Caqueta,2024-04-29,3,2024-05-20,19.491482,13.12059
123,2024,Caqueta,2024-04-29,4,2024-05-27,20.900505,12.336402
123,2024,Caqueta,2024-05-06,1,2024-05-13,23.24888,18.481777
123,2024,Caqueta,2024-05-06,2,2024-05-20,19.491482,17.443161
123,2024,Caqueta,2024-05-06,3,2024-05-27,20.900505,16.76349
123,2024,Caqueta,2024-05-06,4,2024-06-03,11.976693,15.812607
123,2024,Caqueta,2024-05-13,1,2024-05-20,19.491482,20.88241
123,2024,Caqueta,2024-05-13,2,2024-05-27,20.900505,20.018244
123,2024,Caqueta,2024-05-13,3,2024-06-03,11.976693,19.364073
123,2024,Caqueta,2024-05-13,4,2024-06-10,13.620554,18.346897
123,2024,Caqueta,2024-05-20,1,2024-05-27,20.900505,22.745861
123,2024,Caqueta,2024-05-20,2,2024-06-03,11.976693,21.972658
123,2024,Caqueta,2024-05-20,3,2024-06-10,13.620554,21.313528
123,2024,Caqueta,2024-05-20,4,2024-06-17,9.158649,20.204264
123,2024,Caqueta,2024-05-27,1,2024-06-03,11.976693,21.94365
123,2024,Caqueta,2024-05-27,2,2024-06-10,13.620554,20.901085
123,2024,Caqueta,2024-05-27,3,2024-06-17,9.158649,20.142723
123,2024,Caqueta,2024-05-27,4,2024-06-24,11.037346,18.94727
123,2024,Caqueta,2024-06-03,1,2024-06-10,13.620554,20.880898
123,2024,Caqueta,2024-06-03,2,2024-06-17,9.158649,19.56973
123,2024,Caqueta,2024-06-03,3,2024-06-24,11.037346,18.724346
123,2024,Caqueta,2024-06-03,4,2024-07-01,20.195995,17.47113
123,2024,Caqueta,2024-06-10,1,2024-06-17,9.158649,13.003162
123,2024,Caqueta,2024-06-10,2,2024-06-24,11.037346,11.576561
123,2024,Caqueta,2024-06-10,3,2024-07-01,20.195995,10.824979
123,2024,Caqueta,2024-06-10,4,2024-07-08,9.158649,9.937475
123,2024,Caqueta,2024-06-17,1,2024-06-24,11.037346,12.847265
123,2024,Caqueta,2024-06-17,2,2024-07-01,20.195995,11.439877
123,2024,Caqueta,2024-06-17,3,2024-07-08,9.158649,10.691071
123,2024,Caqueta,2024-06-17,4,2024-07-15,8.923812,9.773262
123,2024,Caqueta,2024-06-24,1,2024-07-01,20.195995,10.071575
123,2024,Caqueta,2024-06-24,2,2024-07-08,9.158649,8.870486
123,2024,Caqueta,2024-06-24,3,2024-07-15,8.923812,8.303272
123,2024,Caqueta,2024-06-24,4,2024-07-22,7.514788,7.554361
123,2024,Caqueta,2024-07-01,1,2024-07-08,9.158649,10.443717
123,2024,Caqueta,2024-07-01,2,2024-07-15,8.923812,9.375423
123,2024,Caqueta,2024-07-01,3,2024-07-22,7.514788,8.798865
123,2024,Caqueta,2024-07-01,4,2024-07-29,8.2193,8.07837
123,2024,Caqueta,2024-07-08,1,2024-07-15,8.923812,13.457918
123,2024,Caqueta,2024-07-08,2,2024-07-22,7.514788,12.613462
123,2024,Caqueta,2024-07-08,3,2024-07-29,8.2193,11.978336
123,2024,Caqueta,2024-07-08,4,2024-08-05,8.454139,11.290944
123,2024,Caqueta,2024-07-15,1,2024-07-22,7.514788,10.267199
123,2024,Caqueta,2024-07-15,2,2024-07-29,8.2193,9.563027
123,2024,Caqueta,2024-07-15,3,2024-08-05,8.454139,9.076858
123,2024,Caqueta,2024-07-15,4,2024-08-12,7.749625,8.639834
123,2024,Caqueta,2024-07-22,1,2024-07-29,8.2193,8.840879
123,2024,Caqueta,2024-07-22,2,2024-08-05,8.454139,8.219096
123,2024,Caqueta,2024-07-22,3,2024-08-12,7.749625,7.8196583
123,2024,Caqueta,2024-07-22,4,2024-08-19,6.1057653,7.4470935
123,2024,Caqueta,2024-07-29,1,2024-08-05,8.454139,7.7293763
123,2024,Caqueta,2024-07-29,2,2024-08-12,7.749625,7.1942906
123,2024,Caqueta,2024-07-29,3,2024-08-19,6.1057653,6.8736305
123,2024,Caqueta,2024-07-29,4,2024-08-26,4.227069,6.551921
123,2024,Caqueta,2024-08-05,1,2024-08-12,7.749625,7.4253693
123,2024,Caqueta,2024-08-05,2,2024-08-19,6.1057653,6.9790792
123,2024,Caqueta,2024-08-05,3,2024-08-26,4.227069,6.69751
123,2024,Caqueta,2024-08-05,4,2024-09-02,6.340603,6.4207764
123,2024,Caqueta,2024-08-12,1,2024-08-19,6.1057653,7.4661107
123,2024,Caqueta,2024-08-12,2,2024-08-26,4.227069,7.1025305
123,2024,Caqueta,2024-08-12,3,2024-09-02,6.340603,6.840354
123,2024,Caqueta,2024-08-12,4,2024-09-09,6.340603,6.6102295
123,2024,Caqueta,2024-08-19,1,2024-08-26,4.227069,7.426476
123,2024,Caqueta,2024-08-19,2,2024-09-02,6.340603,7.1108975
123,2024,Caqueta,2024-08-19,3,2024-09-09,6.340603,6.877363
123,2024,Caqueta,2024-08-19,4,2024-09-16,2.8180459,6.684022
123,2024,Caqueta,2024-08-26,1,2024-09-02,6.340603,6.699821
123,2024,Caqueta,2024-08-26,2,2024-09-09,6.340603,6.4451346
123,2024,Caqueta,2024-08-26,3,2024-09-16,2.8180459,6.2843914
123,2024,Caqueta,2024-08-26,4,2024-09-23,7.0451155,6.151759
123,2024,Caqueta,2024-09-02,1,2024-09-09,6.340603,5.91759
123,2024,Caqueta,2024-09-02,2,2024-09-16,2.8180459,5.708265
123,2024,Caqueta,2024-09-02,3,2024-09-23,7.0451155,5.5992913
123,2024,Caqueta,2024-09-02,4,2024-09-30,7.749625,5.501145
123,2024,Caqueta,2024-09-09,1,2024-09-16,2.8180459,5.9229136
123,2024,Caqueta,2024-09-09,2,2024-09-23,7.0451155,5.7625203
123,2024,Caqueta,2024-09-09,3,2024-09-30,7.749625,5.6654468
123,2024,Caqueta,2024-09-09,4,2024-10-07,6.340603,5.5962667
123,2024,Caqueta,2024-09-16,1,2024-09-23,7.0451155,5.6499777
123,2024,Caqueta,2024-09-16,2,2024-09-30,7.749625,5.537779
123,2024,Caqueta,2024-09-16,3,2024-10-07,6.340603,5.4835887
123,2024,Caqueta,2024-09-16,4,2024-10-14,6.57544,5.466999
123,2024,Caqueta,2024-09-23,1,2024-09-30,7.749625,4.7343082
123,2024,Caqueta,2024-09-23,2,2024-10-07,6.340603,4.609038
123,2024,Caqueta,2024-09-23,3,2024-10-14,6.57544,4.592483
123,2024,Caqueta,2024-09-23,4,2024-10-21,7.0451155,4.5558996
123,2024,Caqueta,2024-09-30,1,2024-10-07,6.340603,4.8349586
123,2024,Caqueta,2024-09-30,2,2024-10-14,6.57544,4.74302
123,2024,Caqueta,2024-09-30,3,2024-10-21,7.0451155,4.72853
123,2024,Caqueta,2024-09-30,4,2024-10-28,5.870929,4.7143035
123,2024,Caqueta,2024-10-07,1,2024-10-14,6.57544,4.78899
123,2024,Caqueta,2024-10-07,2,2024-10-21,7.0451155,4.715133
123,2024,Caqueta,2024-10-07,3,2024-10-28,5.870929,4.70157
123,2024,Caqueta,2024-10-07,4,2024-11-04,7.749625,4.710673
123,2024,Caqueta,2024-10-14,1,2024-10-21,7.0451155,4.404753
123,2024,Caqueta,2024-10-14,2,2024-10-28,5.870929,4.3266883
123,2024,Caqueta,2024-10-14,3,2024-11-04,7.749625,4.3322816
123,2024,Caqueta,2024-10-14,4,2024-11-11,7.749625,4.3434196
123,2024,Caqueta,2024-10-21,1,2024-10-28,5.870929,4.327471
123,2024,Caqueta,2024-10-21,2,2024-11-04,7.749625,4.269719
123,2024,Caqueta,2024-10-21,3,2024-11-11,7.749625,4.289689
123,2024,Caqueta,2024-10-21,4,2024-11-18,9.393487,4.312602
123,2024,Caqueta,2024-10-28,1,2024-11-04,7.749625,4.5803366
123,2024,Caqueta,2024-10-28,2,2024-11-11,7.749625,4.5419717
123,2024,Caqueta,2024-10-28,3,2024-11-18,9.393487,4.5576034
123,2024,Caqueta,2024-10-28,4,2024-11-25,8.923812,4.6032248
123,2024,Caqueta,2024-11-04,1,2024-11-11,7.749625,4.815455
123,2024,Caqueta,2024-11-04,2,2024-11-18,9.393487,4.8125343
123,2024,Caqueta,2024-11-04,3,2024-11-25,8.923812,4.838344
123,2024,Caqueta,2024-11-04,4,2024-12-02,7.0451155,4.9180465
123,2024,Caqueta,2024-11-11,1,2024-11-18,9.393487,5.785883
123,2024,Caqueta,2024-11-11,2,2024-11-25,8.923812,5.85857
123,2024,Caqueta,2024-11-11,3,2024-12-02,7.0451155,5.876257
123,2024,Caqueta,2024-11-11,4,2024-12-09,12.916043,6.0370355
123,2024,Caqueta,2024-11-18,1,2024-11-25,8.923812,5.9051414
123,2024,Caqueta,2024-11-18,2,2024-12-02,7.0451155,5.956892
123,2024,Caqueta,2024-11-18,3,2024-12-09,12.916043,5.975015
123,2024,Caqueta,2024-11-18,4,2024-12-16,10.097999,6.156801
123,2024,Casanare,2024-02-19,1,2024-02-26,10.693699,10.059655
123,2024,Casanare,2024-02-19,2,2024-03-04,8.554961,10.370035
123,2024,Casanare,2024-02-19,3,2024-03-11,12.404694,10.3046465
123,2024,Casanare,2024-02-19,4,2024-03-18,11.976944,10.519222
123,2024,Casanare,2024-02-26,1,2024-03-04,8.554961,10.620034
123,2024,Casanare,2024-02-26,2,2024-03-11,12.404694,10.829767
123,2024,Casanare,2024-02-26,3,2024-03-18,11.976944,10.702724
123,2024,Casanare,2024-02-26,4,2024-03-25,10.265952,10.849007
123,2024,Casanare,2024-03-04,1,2024-03-11,12.404694,11.736252
123,2024,Casanare,2024-03-04,2,2024-03-18,11.976944,11.908692
123,2024,Casanare,2024-03-04,3,2024-03-25,10.265952,11.735812
123,2024,Casanare,2024-03-04,4,2024-04-01,11.763069,11.82466
123,2024,Casanare,2024-03-11,1,2024-03-18,11.976944,10.04482
123,2024,Casanare,2024-03-11,2,2024-03-25,10.265952,10.01467
123,2024,Casanare,2024-03-11,3,2024-04-01,11.763069,9.826149
123,2024,Casanare,2024-03-11,4,2024-04-08,13.260189,9.8530445
123,2024,Casanare,2024-03-18,1,2024-03-25,10.265952,12.373591
123,2024,Casanare,2024-03-18,2,2024-04-01,11.763069,12.438462
123,2024,Casanare,2024-03-18,3,2024-04-08,13.260189,12.223884
123,2024,Casanare,2024-03-18,4,2024-04-15,14.971179,12.214936
123,2024,Casanare,2024-03-25,1,2024-04-01,11.763069,12.959318
123,2024,Casanare,2024-03-25,2,2024-04-08,13.260189,13.00772
123,2024,Casanare,2024-03-25,3,2024-04-15,14.971179,12.780888
123,2024,Casanare,2024-03-25,4,2024-04-22,17.323795,12.75108
123,2024,Casanare,2024-04-01,1,2024-04-08,13.260189,13.308
123,2024,Casanare,2024-04-01,2,2024-04-15,14.971179,13.290681
123,2024,Casanare,2024-04-01,3,2024-04-22,17.323795,13.046722
123,2024,Casanare,2024-04-01,4,2024-04-29,26.948126,12.971698
123,2024,Casanare,2024-04-08,1,2024-04-15,14.971179,14.0825815
123,2024,Casanare,2024-04-08,2,2024-04-22,17.323795,14.019343
123,2024,Casanare,2024-04-08,3,2024-04-29,26.948126,13.753455
123,2024,Casanare,2024-04-08,4,2024-05-06,31.225607,13.621049
123,2024,Casanare,2024-04-15,1,2024-04-22,17.323795,15.775738
123,2024,Casanare,2024-04-15,2,2024-04-29,26.948126,15.71075
123,2024,Casanare,2024-04-15,3,2024-05-06,31.225607,15.405075
123,2024,Casanare,2024-04-15,4,2024-05-13,34.219837,15.198154
123,2024,Casanare,2024-04-22,1,2024-04-29,26.948126,16.783209
123,2024,Casanare,2024-04-22,2,2024-05-06,31.225607,16.718988
123,2024,Casanare,2024-04-22,3,2024-05-13,34.219837,16.355516
123,2024,Casanare,2024-04-22,4,2024-05-20,31.439476,16.13114
123,2024,Casanare,2024-04-29,1,2024-05-06,31.225607,18.89217
123,2024,Casanare,2024-04-29,2,2024-05-13,34.219837,18.856907
123,2024,Casanare,2024-04-29,3,2024-05-20,31.439476,18.45571
123,2024,Casanare,2024-04-29,4,2024-05-27,35.71696,18.146334
123,2024,Casanare,2024-05-06,1,2024-05-13,34.219837,22.991676
123,2024,Casanare,2024-05-06,2,2024-05-20,31.439476,23.156843
123,2024,Casanare,2024-05-06,3,2024-05-27,35.71696,22.89387
123,2024,Casanare,2024-05-06,4,2024-06-03,32.29497,22.510387
123,2024,Casanare,2024-05-13,1,2024-05-20,31.439476,26.948433
123,2024,Casanare,2024-05-13,2,2024-05-27,35.71696,27.221735
123,2024,Casanare,2024-05-13,3,2024-06-03,32.29497,27.166567
123,2024,Casanare,2024-05-13,4,2024-06-10,32.0811,26.64562
123,2024,Casanare,2024-05-20,1,2024-05-27,35.71696,29.672977
123,2024,Casanare,2024-05-20,2,2024-06-03,32.29497,29.879354
123,2024,Casanare,2024-05-20,3,2024-06-10,32.0811,29.92951
123,2024,Casanare,2024-05-20,4,2024-06-17,24.381638,29.165495
123,2024,Casanare,2024-05-27,1,2024-06-03,32.29497,30.148802
123,2024,Casanare,2024-05-27,2,2024-06-10,32.0811,30.09824
123,2024,Casanare,2024-05-27,3,2024-06-17,24.381638,30.033705
123,2024,Casanare,2024-05-27,4,2024-06-24,25.02326,29.032627
123,2024,Casanare,2024-06-03,1,2024-06-10,32.0811,30.816431
123,2024,Casanare,2024-06-03,2,2024-06-17,24.381638,30.507574
123,2024,Casanare,2024-06-03,3,2024-06-24,25.02326,30.341331
123,2024,Casanare,2024-06-03,4,2024-07-01,25.237133,29.112478
123,2024,Casanare,2024-06-10,1,2024-06-17,24.381638,29.967089
123,2024,Casanare,2024-06-10,2,2024-06-24,25.02326,29.302402
123,2024,Casanare,2024-06-10,3,2024-07-01,25.237133,28.908674
123,2024,Casanare,2024-06-10,4,2024-07-08,18.60704,27.50241
123,2024,Casanare,2024-06-17,1,2024-06-24,25.02326,29.583961
123,2024,Casanare,2024-06-17,2,2024-07-01,25.237133,28.69569
123,2024,Casanare,2024-06-17,3,2024-07-08,18.60704,28.159056
123,2024,Casanare,2024-06-17,4,2024-07-15,16.896048,26.69103
123,2024,Casanare,2024-06-24,1,2024-07-01,25.237133,24.09025
123,2024,Casanare,2024-06-24,2,2024-07-08,18.60704,22.571665
123,2024,Casanare,2024-06-24,3,2024-07-15,16.896048,21.630783
123,2024,Casanare,2024-06-24,4,2024-07-22,11.549196,20.174368
123,2024,Casanare,2024-07-01,1,2024-07-08,18.60704,21.616318
123,2024,Casanare,2024-07-01,2,2024-07-15,16.896048,19.739279
123,2024,Casanare,2024-07-01,3,2024-07-22,11.549196,18.651098
123,2024,Casanare,2024-07-01,4,2024-07-29,10.693699,17.18386
123,2024,Casanare,2024-07-08,1,2024-07-15,16.896048,18.479395
123,2024,Casanare,2024-07-08,2,2024-07-22,11.549196,16.553505
123,2024,Casanare,2024-07-08,3,2024-07-29,10.693699,15.449642
123,2024,Casanare,2024-07-08,4,2024-08-05,9.624331,14.127119
123,2024,Casanare,2024-07-15,1,2024-07-22,11.549196,14.549372
123,2024,Casanare,2024-07-15,2,2024-07-29,10.693699,12.799227
123,2024,Casanare,2024-07-15,3,2024-08-05,9.624331,11.80845
123,2024,Casanare,2024-07-15,4,2024-08-12,5.5607243,10.701974
123,2024,Casanare,2024-07-22,1,2024-07-29,10.693699,11.388773
123,2024,Casanare,2024-07-22,2,2024-08-05,9.624331,9.915252
123,2024,Casanare,2024-07-22,3,2024-08-12,5.5607243,9.099683
123,2024,Casanare,2024-07-22,4,2024-08-19,5.988472,8.195691
123,2024,Casanare,2024-07-29,1,2024-08-05,9.624331,8.469327
123,2024,Casanare,2024-07-29,2,2024-08-12,5.5607243,7.299335
123,2024,Casanare,2024-07-29,3,2024-08-19,5.988472,6.680606
123,2024,Casanare,2024-07-29,4,2024-08-26,6.41622,5.964974
123,2024,Casanare,2024-08-05,1,2024-08-12,5.5607243,7.9959393
123,2024,Casanare,2024-08-05,2,2024-08-19,5.988472,6.9525776
123,2024,Casanare,2024-08-05,3,2024-08-26,6.41622,6.3608255
123,2024,Casanare,2024-08-05,4,2024-09-02,3.6358583,5.709192
123,2024,Casanare,2024-08-12,1,2024-08-19,5.988472,8.105224
123,2024,Casanare,2024-08-12,2,2024-08-26,6.41622,7.166946
123,2024,Casanare,2024-08-12,3,2024-09-02,3.6358583,6.5602474
123,2024,Casanare,2024-08-12,4,2024-09-09,2.994236,5.9772224
123,2024,Casanare,2024-08-19,1,2024-08-26,6.41622,6.696372
123,2024,Casanare,2024-08-19,2,2024-09-02,3.6358583,5.9087296
123,2024,Casanare,2024-08-19,3,2024-09-09,2.994236,5.4333944
123,2024,Casanare,2024-08-19,4,2024-09-16,2.7803621,4.9522023
123,2024,Casanare,2024-08-26,1,2024-09-02,3.6358583,6.188347
123,2024,Casanare,2024-08-26,2,2024-09-09,2.994236,5.5100975
123,2024,Casanare,2024-08-26,3,2024-09-16,2.7803621,5.1015515
123,2024,Casanare,2024-08-26,4,2024-09-23,3.20811,4.6807156
123,2024,Casanare,2024-09-02,1,2024-09-09,2.994236,5.925959
123,2024,Casanare,2024-09-02,2,2024-09-16,2.7803621,5.3852615
123,2024,Casanare,2024-09-02,3,2024-09-23,3.20811,5.043714
123,2024,Casanare,2024-09-02,4,2024-09-30,3.421984,4.705274
123,2024,Casanare,2024-09-09,1,2024-09-16,2.7803621,4.894063
123,2024,Casanare,2024-09-09,2,2024-09-23,3.20811,4.4737897
123,2024,Casanare,2024-09-09,3,2024-09-30,3.421984,4.2432733
123,2024,Casanare,2024-09-09,4,2024-10-07,1.9248662,3.98656
123,2024,Casanare,2024-09-16,1,2024-09-23,3.20811,4.168552
123,2024,Casanare,2024-09-16,2,2024-09-30,3.421984,3.8475807
123,2024,Casanare,2024-09-16,3,2024-10-07,1.9248662,3.672265
123,2024,Casanare,2024-09-16,4,2024-10-14,1.4971181,3.468165
123,2024,Casanare,2024-09-23,1,2024-09-30,3.421984,3.5088758
123,2024,Casanare,2024-09-23,2,2024-10-07,1.9248662,3.2536047
123,2024,Casanare,2024-09-23,3,2024-10-14,1.4971181,3.1026292
123,2024,Casanare,2024-09-23,4,2024-10-21,4.27748,2.92992
123,2024,Casanare,2024-09-30,1,2024-10-07,1.9248662,3.0410354
123,2024,Casanare,2024-09-30,2,2024-10-14,1.4971181,2.8361456
123,2024,Casanare,2024-09-30,3,2024-10-21,4.27748,2.7090847
123,2024,Casanare,2024-09-30,4,2024-10-28,2.3526142,2.5662446
123,2024,Casanare,2024-10-07,1,2024-10-14,1.4971181,2.7520235
123,2024,Casanare,2024-10-07,2,2024-10-21,4.27748,2.584715
123,2024,Casanare,2024-10-07,3,2024-10-28,2.3526142,2.4876778
123,2024,Casanare,2024-10-07,4,2024-11-04,2.5664883,2.3708582
123,2024,Casanare,2024-10-14,1,2024-10-21,4.27748,2.3450072
123,2024,Casanare,2024-10-14,2,2024-10-28,2.3526142,2.2099195
123,2024,Casanare,2024-10-14,3,2024-11-04,2.5664883,2.1367462
123,2024,Casanare,2024-10-14,4,2024-11-11,2.5664883,2.0446372
123,2024,Casanare,2024-10-21,1,2024-10-28,2.3526142,1.9588646
123,2024,Casanare,2024-10-21,2,2024-11-04,2.5664883,1.8564488
123,2024,Casanare,2024-10-21,3,2024-11-11,2.5664883,1.8149152
123,2024,Casanare,2024-10-21,4,2024-11-18,1.0693702,1.7508012
123,2024,Casanare,2024-10-28,1,2024-11-04,2.5664883,1.9786086
123,2024,Casanare,2024-10-28,2,2024-11-11,2.5664883,1.9024185
123,2024,Casanare,2024-10-28,3,2024-11-18,1.0693702,1.8986413
123,2024,Casanare,2024-10-28,4,2024-11-25,2.3526142,1.8551353
123,2024,Casanare,2024-11-04,1,2024-11-11,2.5664883,1.6445118
123,2024,Casanare,2024-11-04,2,2024-11-18,1.0693702,1.594149
123,2024,Casanare,2024-11-04,3,2024-11-25,2.3526142,1.6033206
123,2024,Casanare,2024-11-04,4,2024-12-02,2.994236,1.5885882
123,2024,Casanare,2024-11-11,1,2024-11-18,1.0693702,1.5747416
123,2024,Casanare,2024-11-11,2,2024-11-25,2.3526142,1.539527
123,2024,Casanare,2024-11-11,3,2024-12-02,2.994236,1.563568
123,2024,Casanare,2024-11-11,4,2024-12-09,1.710992,1.5638303
123,2024,Casanare,2024-11-18,1,2024-11-25,2.3526142,1.5692686
123,2024,Casanare,2024-11-18,2,2024-12-02,2.994236,1.5430155
123,2024,Casanare,2024-11-18,3,2024-12-09,1.710992,1.5790136
123,2024,Casanare,2024-11-18,4,2024-12-16,2.3526142,1.5880232
123,2024,Cauca,2024-02-19,1,2024-02-26,15.223343,10.536843
123,2024,Cauca,2024-02-19,2,2024-03-04,16.170856,10.358821
123,2024,Cauca,2024-02-19,3,2024-03-11,16.80253,10.065497
123,2024,Cauca,2024-02-19,4,2024-03-18,17.2447,9.917644
123,2024,Cauca,2024-02-26,1,2024-03-04,16.170856,12.386939
123,2024,Cauca,2024-02-26,2,2024-03-11,16.80253,12.191402
123,2024,Cauca,2024-02-26,3,2024-03-18,17.2447,11.839989
123,2024,Cauca,2024-02-26,4,2024-03-25,14.1495,11.613996
123,2024,Cauca,2024-03-04,1,2024-03-11,16.80253,13.001823
123,2024,Cauca,2024-03-04,2,2024-03-18,17.2447,12.707133
123,2024,Cauca,2024-03-04,3,2024-03-25,14.1495,12.32971
123,2024,Cauca,2024-03-04,4,2024-04-01,16.865698,12.03561
123,2024,Cauca,2024-03-11,1,2024-03-18,17.2447,13.509879
123,2024,Cauca,2024-03-11,2,2024-03-25,14.1495,13.081393
123,2024,Cauca,2024-03-11,3,2024-04-01,16.865698,12.665864
123,2024,Cauca,2024-03-11,4,2024-04-08,18.129045,12.278433
123,2024,Cauca,2024-03-18,1,2024-03-25,14.1495,14.270849
123,2024,Cauca,2024-03-18,2,2024-04-01,16.865698,13.718192
123,2024,Cauca,2024-03-18,3,2024-04-08,18.129045,13.265854
123,2024,Cauca,2024-03-18,4,2024-04-15,20.403072,12.773057
123,2024,Cauca,2024-03-25,1,2024-04-01,16.865698,15.113445
123,2024,Cauca,2024-03-25,2,2024-04-08,18.129045,14.455856
123,2024,Cauca,2024-03-25,3,2024-04-15,20.403072,13.974095
123,2024,Cauca,2024-03-25,4,2024-04-22,20.845243,13.3755045
123,2024,Cauca,2024-04-01,1,2024-04-08,18.129045,13.586005
123,2024,Cauca,2024-04-01,2,2024-04-15,20.403072,12.728958
123,2024,Cauca,2024-04-01,3,2024-04-22,20.845243,12.206775
123,2024,Cauca,2024-04-01,4,2024-04-29,20.908411,11.586109
123,2024,Cauca,2024-04-08,1,2024-04-15,20.403072,14.122785
123,2024,Cauca,2024-04-08,2,2024-04-22,20.845243,13.180339
123,2024,Cauca,2024-04-08,3,2024-04-29,20.908411,12.600924
123,2024,Cauca,2024-04-08,4,2024-05-06,24.572123,11.902108
123,2024,Cauca,2024-04-15,1,2024-04-22,20.845243,14.165657
123,2024,Cauca,2024-04-15,2,2024-04-29,20.908411,13.176949
123,2024,Cauca,2024-04-15,3,2024-05-06,24.572123,12.557262
123,2024,Cauca,2024-04-15,4,2024-05-13,17.371035,11.837839
123,2024,Cauca,2024-04-22,1,2024-04-29,20.908411,14.768123
123,2024,Cauca,2024-04-22,2,2024-05-06,24.572123,13.794611
123,2024,Cauca,2024-04-22,3,2024-05-13,17.371035,13.137244
123,2024,Cauca,2024-04-22,4,2024-05-20,22.613932,12.412158
123,2024,Cauca,2024-04-29,1,2024-05-06,24.572123,15.627533
123,2024,Cauca,2024-04-29,2,2024-05-13,17.371035,14.673543
123,2024,Cauca,2024-04-29,3,2024-05-20,22.613932,14.016948
123,2024,Cauca,2024-04-29,4,2024-05-27,20.97158,13.272906
123,2024,Cauca,2024-05-06,1,2024-05-13,17.371035,16.614042
123,2024,Cauca,2024-05-06,2,2024-05-20,22.613932,15.6774435
123,2024,Cauca,2024-05-06,3,2024-05-27,20.97158,15.054881
123,2024,Cauca,2024-05-06,4,2024-06-03,20.592575,14.27153
123,2024,Cauca,2024-05-13,1,2024-05-20,22.613932,18.124144
123,2024,Cauca,2024-05-13,2,2024-05-27,20.97158,17.231455
123,2024,Cauca,2024-05-13,3,2024-06-03,20.592575,16.633574
123,2024,Cauca,2024-05-13,4,2024-06-10,17.750042,15.78073
123,2024,Cauca,2024-05-20,1,2024-05-27,20.97158,16.496752
123,2024,Cauca,2024-05-20,2,2024-06-03,20.592575,15.392333
123,2024,Cauca,2024-05-20,3,2024-06-10,17.750042,14.755492
123,2024,Cauca,2024-05-20,4,2024-06-17,17.686874,13.8835535
123,2024,Cauca,2024-05-27,1,2024-06-03,20.592575,18.544197
123,2024,Cauca,2024-05-27,2,2024-06-10,17.750042,17.351938
123,2024,Cauca,2024-05-27,3,2024-06-17,17.686874,16.721766
123,2024,Cauca,2024-05-27,4,2024-06-24,12.822981,15.637919
123,2024,Cauca,2024-06-03,1,2024-06-10,17.750042,19.040459
123,2024,Cauca,2024-06-03,2,2024-06-17,17.686874,17.74916
123,2024,Cauca,2024-06-03,3,2024-06-24,12.822981,17.114044
123,2024,Cauca,2024-06-03,4,2024-07-01,12.570314,15.928262
123,2024,Cauca,2024-06-10,1,2024-06-17,17.686874,18.977736
123,2024,Cauca,2024-06-10,2,2024-06-24,12.822981,17.639477
123,2024,Cauca,2024-06-10,3,2024-07-01,12.570314,17.00473
123,2024,Cauca,2024-06-10,4,2024-07-08,10.864792,15.792872
123,2024,Cauca,2024-06-17,1,2024-06-24,12.822981,17.011501
123,2024,Cauca,2024-06-17,2,2024-07-01,12.570314,15.62613
123,2024,Cauca,2024-06-17,3,2024-07-08,10.864792,14.987584
123,2024,Cauca,2024-06-17,4,2024-07-15,10.296286,13.882166
123,2024,Cauca,2024-06-24,1,2024-07-01,12.570314,15.931256
123,2024,Cauca,2024-06-24,2,2024-07-08,10.864792,14.565462
123,2024,Cauca,2024-06-24,3,2024-07-15,10.296286,13.922006
123,2024,Cauca,2024-06-24,4,2024-07-22,11.0542965,12.89177
123,2024,Cauca,2024-07-01,1,2024-07-08,10.864792,12.025657
123,2024,Cauca,2024-07-01,2,2024-07-15,10.296286,10.81587
123,2024,Cauca,2024-07-01,3,2024-07-22,11.0542965,10.261208
123,2024,Cauca,2024-07-01,4,2024-07-29,10.043617,9.472432
123,2024,Cauca,2024-07-08,1,2024-07-15,10.296286,10.849758
123,2024,Cauca,2024-07-08,2,2024-07-22,11.0542965,9.823689
123,2024,Cauca,2024-07-08,3,2024-07-29,10.043617,9.302524
123,2024,Cauca,2024-07-08,4,2024-08-05,9.664612,8.631369
123,2024,Cauca,2024-07-15,1,2024-07-22,11.0542965,9.095283
123,2024,Cauca,2024-07-15,2,2024-07-29,10.043617,8.289613
123,2024,Cauca,2024-07-15,3,2024-08-05,9.664612,7.862169
123,2024,Cauca,2024-07-15,4,2024-08-12,8.148596,7.350571
123,2024,Cauca,2024-07-22,1,2024-07-29,10.043617,8.519959
123,2024,Cauca,2024-07-22,2,2024-08-05,9.664612,7.884414
123,2024,Cauca,2024-07-22,3,2024-08-12,8.148596,7.5162725
123,2024,Cauca,2024-07-22,4,2024-08-19,8.085427,7.1126943
123,2024,Cauca,2024-07-29,1,2024-08-05,9.664612,8.356191
123,2024,Cauca,2024-07-29,2,2024-08-12,8.148596,7.8520665
123,2024,Cauca,2024-07-29,3,2024-08-19,8.085427,7.519343
123,2024,Cauca,2024-07-29,4,2024-08-26,7.51692,7.2067766
123,2024,Cauca,2024-08-05,1,2024-08-12,8.148596,7.9438477
123,2024,Cauca,2024-08-05,2,2024-08-19,8.085427,7.548214
123,2024,Cauca,2024-08-05,3,2024-08-26,7.51692,7.270275
123,2024,Cauca,2024-08-05,4,2024-09-02,5.3060617,7.046834
123,2024,Cauca,2024-08-12,1,2024-08-19,8.085427,7.534635
123,2024,Cauca,2024-08-12,2,2024-08-26,7.51692,7.199276
123,2024,Cauca,2024-08-12,3,2024-09-02,5.3060617,6.9560747
123,2024,Cauca,2024-08-12,4,2024-09-09,6.8220787,6.780143
123,2024,Cauca,2024-08-19,1,2024-08-26,7.51692,7.090171
123,2024,Cauca,2024-08-19,2,2024-09-02,5.3060617,6.7831297
123,2024,Cauca,2024-08-19,3,2024-09-09,6.8220787,6.566384
123,2024,Cauca,2024-08-19,4,2024-09-16,5.3692293,6.4131036
123,2024,Cauca,2024-08-26,1,2024-09-02,5.3060617,6.7485824
123,2024,Cauca,2024-08-26,2,2024-09-09,6.8220787,6.4732423
123,2024,Cauca,2024-08-26,3,2024-09-16,5.3692293,6.284063
123,2024,Cauca,2024-08-26,4,2024-09-23,5.3060617,6.1513968
123,2024,Cauca,2024-09-02,1,2024-09-09,6.8220787,6.396591
123,2024,Cauca,2024-09-02,2,2024-09-16,5.3692293,6.1442914
123,2024,Cauca,2024-09-02,3,2024-09-23,5.3060617,5.9795384
123,2024,Cauca,2024-09-02,4,2024-09-30,4.1690483,5.865223
123,2024,Cauca,2024-09-09,1,2024-09-16,5.3692293,5.577613
123,2024,Cauca,2024-09-09,2,2024-09-23,5.3060617,5.3488154
123,2024,Cauca,2024-09-09,3,2024-09-30,4.1690483,5.238008
123,2024,Cauca,2024-09-09,4,2024-10-07,3.1583703,5.1368227
123,2024,Cauca,2024-09-16,1,2024-09-23,5.3060617,5.5358944
123,2024,Cauca,2024-09-16,2,2024-09-30,4.1690483,5.354015
123,2024,Cauca,2024-09-16,3,2024-10-07,3.1583703,5.260005
123,2024,Cauca,2024-09-16,4,2024-10-14,3.095203,5.1873465
123,2024,Cauca,2024-09-23,1,2024-09-30,4.1690483,4.94057
123,2024,Cauca,2024-09-23,2,2024-10-07,3.1583703,4.7791643
123,2024,Cauca,2024-09-23,3,2024-10-14,3.095203,4.7224364
123,2024,Cauca,2024-09-23,4,2024-10-21,4.1690483,4.665115
123,2024,Cauca,2024-09-30,1,2024-10-07,3.1583703,4.6506195
123,2024,Cauca,2024-09-30,2,2024-10-14,3.095203,4.5134687
123,2024,Cauca,2024-09-30,3,2024-10-21,4.1690483,4.477685
123,2024,Cauca,2024-09-30,4,2024-10-28,3.1583703,4.430306
123,2024,Cauca,2024-10-07,1,2024-10-14,3.095203,4.0618796
123,2024,Cauca,2024-10-07,2,2024-10-21,4.1690483,3.933856
123,2024,Cauca,2024-10-07,3,2024-10-28,3.1583703,3.930926
123,2024,Cauca,2024-10-07,4,2024-11-04,3.6005418,3.886199
123,2024,Cauca,2024-10-14,1,2024-10-21,4.1690483,3.5177677
123,2024,Cauca,2024-10-14,2,2024-10-28,3.1583703,3.4020002
123,2024,Cauca,2024-10-14,3,2024-11-04,3.6005418,3.421606
123,2024,Cauca,2024-10-14,4,2024-11-11,4.9270577,3.3758996
123,2024,Cauca,2024-10-21,1,2024-10-28,3.1583703,3.065813
123,2024,Cauca,2024-10-21,2,2024-11-04,3.6005418,2.9721253
123,2024,Cauca,2024-10-21,3,2024-11-11,4.9270577,2.9985807
123,2024,Cauca,2024-10-21,4,2024-11-18,3.4110398,2.9599497
123,2024,Cauca,2024-10-28,1,2024-11-04,3.6005418,2.9980779
123,2024,Cauca,2024-10-28,2,2024-11-11,4.9270577,2.9223337
123,2024,Cauca,2024-10-28,3,2024-11-18,3.4110398,2.9643493
123,2024,Cauca,2024-10-28,4,2024-11-25,3.9795465,2.9386435
123,2024,Cauca,2024-11-04,1,2024-11-11,4.9270577,2.680637
123,2024,Cauca,2024-11-04,2,2024-11-18,3.4110398,2.6130695
123,2024,Cauca,2024-11-04,3,2024-11-25,3.9795465,2.6503918
123,2024,Cauca,2024-11-04,4,2024-12-02,3.4742072,2.628789
123,2024,Cauca,2024-11-11,1,2024-11-18,3.4110398,2.64753
123,2024,Cauca,2024-11-11,2,2024-11-25,3.9795465,2.595357
123,2024,Cauca,2024-11-11,3,2024-12-02,3.4742072,2.6485357
123,2024,Cauca,2024-11-11,4,2024-12-09,3.1583703,2.6406598
123,2024,Cauca,2024-11-18,1,2024-11-25,3.9795465,3.0276415
123,2024,Cauca,2024-11-18,2,2024-12-02,3.4742072,2.9977882
123,2024,Cauca,2024-11-18,3,2024-12-09,3.1583703,3.0691366
123,2024,Cauca,2024-11-18,4,2024-12-16,3.7900443,3.082663
123,2024,Cesar,2024-02-19,1,2024-02-26,5.62311,5.475478
123,2024,Cesar,2024-02-19,2,2024-03-04,4.9288993,5.147147
123,2024,Cesar,2024-02-19,3,2024-03-11,4.304109,4.90381
123,2024,Cesar,2024-02-19,4,2024-03-18,4.720636,4.7049637
123,2024,Cesar,2024-02-26,1,2024-03-04,4.9288993,4.9911327
123,2024,Cesar,2024-02-26,2,2024-03-11,4.304109,4.6942134
123,2024,Cesar,2024-02-26,3,2024-03-18,4.720636,4.507558
123,2024,Cesar,2024-02-26,4,2024-03-25,3.679319,4.3289194
123,2024,Cesar,2024-03-04,1,2024-03-11,4.304109,5.1508684
123,2024,Cesar,2024-03-04,2,2024-03-18,4.720636,4.9223313
123,2024,Cesar,2024-03-04,3,2024-03-25,3.679319,4.763611
123,2024,Cesar,2024-03-04,4,2024-04-01,3.5404766,4.6246443
123,2024,Cesar,2024-03-11,1,2024-03-18,4.720636,4.940105
123,2024,Cesar,2024-03-11,2,2024-03-25,3.679319,4.77111
123,2024,Cesar,2024-03-11,3,2024-04-01,3.5404766,4.6590734
123,2024,Cesar,2024-03-11,4,2024-04-08,2.9156866,4.5653987
123,2024,Cesar,2024-03-18,1,2024-03-25,3.679319,4.5414515
123,2024,Cesar,2024-03-18,2,2024-04-01,3.5404766,4.4057827
123,2024,Cesar,2024-03-18,3,2024-04-08,2.9156866,4.338028
123,2024,Cesar,2024-03-18,4,2024-04-15,4.0958457,4.26924
123,2024,Cesar,2024-03-25,1,2024-04-01,3.5404766,4.566367
123,2024,Cesar,2024-03-25,2,2024-04-08,2.9156866,4.495296
123,2024,Cesar,2024-03-25,3,2024-04-15,4.0958457,4.4694686
123,2024,Cesar,2024-03-25,4,2024-04-22,4.512372,4.449493
123,2024,Cesar,2024-04-01,1,2024-04-08,2.9156866,4.3286476
123,2024,Cesar,2024-04-01,2,2024-04-15,4.0958457,4.3138
123,2024,Cesar,2024-04-01,3,2024-04-22,4.512372,4.347934
123,2024,Cesar,2024-04-01,4,2024-04-29,2.9156866,4.3794136
123,2024,Cesar,2024-04-08,1,2024-04-15,4.0958457,4.2235675
123,2024,Cesar,2024-04-08,2,2024-04-22,4.512372,4.2543592
123,2024,Cesar,2024-04-08,3,2024-04-29,2.9156866,4.3286858
123,2024,Cesar,2024-04-08,4,2024-05-06,2.9156866,4.393935
123,2024,Cesar,2024-04-15,1,2024-04-22,4.512372,4.2121506
123,2024,Cesar,2024-04-15,2,2024-04-29,2.9156866,4.2919006
123,2024,Cesar,2024-04-15,3,2024-05-06,2.9156866,4.3994355
123,2024,Cesar,2024-04-15,4,2024-05-13,4.0264244,4.501195
123,2024,Cesar,2024-04-22,1,2024-04-29,2.9156866,4.989397
123,2024,Cesar,2024-04-22,2,2024-05-06,2.9156866,5.1765876
123,2024,Cesar,2024-04-22,3,2024-05-13,4.0264244,5.283087
123,2024,Cesar,2024-04-22,4,2024-05-20,4.0264244,5.464046
123,2024,Cesar,2024-04-29,1,2024-05-06,2.9156866,5.741533
123,2024,Cesar,2024-04-29,2,2024-05-13,4.0264244,6.020314
123,2024,Cesar,2024-04-29,3,2024-05-20,4.0264244,6.1216083
123,2024,Cesar,2024-04-29,4,2024-05-27,3.887582,6.3840837
123,2024,Cesar,2024-05-06,1,2024-05-13,4.0264244,5.2370024
123,2024,Cesar,2024-05-06,2,2024-05-20,4.0264244,5.4468555
123,2024,Cesar,2024-05-06,3,2024-05-27,3.887582,5.5555997
123,2024,Cesar,2024-05-06,4,2024-06-03,4.304109,5.785947
123,2024,Cesar,2024-05-13,1,2024-05-20,4.0264244,5.2051163
123,2024,Cesar,2024-05-13,2,2024-05-27,3.887582,5.4054456
123,2024,Cesar,2024-05-13,3,2024-06-03,4.304109,5.5235643
123,2024,Cesar,2024-05-13,4,2024-06-10,4.512372,5.7411084
123,2024,Cesar,2024-05-20,1,2024-05-27,3.887582,5.969845
123,2024,Cesar,2024-05-20,2,2024-06-03,4.304109,6.2368984
123,2024,Cesar,2024-05-20,3,2024-06-10,4.512372,6.3382597
123,2024,Cesar,2024-05-20,4,2024-06-17,4.99832,6.588149
123,2024,Cesar,2024-05-27,1,2024-06-03,4.304109,6.5158563
123,2024,Cesar,2024-05-27,2,2024-06-10,4.512372,6.797071
123,2024,Cesar,2024-05-27,3,2024-06-17,4.99832,6.864505
123,2024,Cesar,2024-05-27,4,2024-06-24,4.5817933,7.1176205
123,2024,Cesar,2024-06-03,1,2024-06-10,4.512372,6.706122
123,2024,Cesar,2024-06-03,2,2024-06-17,4.99832,6.947587
123,2024,Cesar,2024-06-03,3,2024-06-24,4.5817933,6.9810615
123,2024,Cesar,2024-06-03,4,2024-07-01,4.9288993,7.2026663
123,2024,Cesar,2024-06-10,1,2024-06-17,4.99832,6.738111
123,2024,Cesar,2024-06-10,2,2024-06-24,4.5817933,6.910738
123,2024,Cesar,2024-06-10,3,2024-07-01,4.9288993,6.905523
123,2024,Cesar,2024-06-10,4,2024-07-08,5.1371617,7.075573
123,2024,Cesar,2024-06-17,1,2024-06-24,4.5817933,6.4505787
123,2024,Cesar,2024-06-17,2,2024-07-01,4.9288993,6.5487256
123,2024,Cesar,2024-06-17,3,2024-07-08,5.1371617,6.527355
123,2024,Cesar,2024-06-17,4,2024-07-15,4.5817933,6.643956
123,2024,Cesar,2024-06-24,1,2024-07-01,4.9288993,6.6423326
123,2024,Cesar,2024-06-24,2,2024-07-08,5.1371617,6.715851
123,2024,Cesar,2024-06-24,3,2024-07-15,4.5817933,6.673709
123,2024,Cesar,2024-06-24,4,2024-07-22,5.692531,6.7596416
123,2024,Cesar,2024-07-01,1,2024-07-08,5.1371617,6.450147
123,2024,Cesar,2024-07-01,2,2024-07-15,4.5817933,6.4823456
123,2024,Cesar,2024-07-01,3,2024-07-22,5.692531,6.4311123
123,2024,Cesar,2024-07-01,4,2024-07-29,5.4148464,6.483835
123,2024,Cesar,2024-07-08,1,2024-07-15,4.5817933,6.4087586
123,2024,Cesar,2024-07-08,2,2024-07-22,5.692531,6.391239
123,2024,Cesar,2024-07-08,3,2024-07-29,5.4148464,6.3125753
123,2024,Cesar,2024-07-08,4,2024-08-05,5.553689,6.3240294
123,2024,Cesar,2024-07-15,1,2024-07-22,5.692531,6.2520175
123,2024,Cesar,2024-07-15,2,2024-07-29,5.4148464,6.162125
123,2024,Cesar,2024-07-15,3,2024-08-05,5.553689,6.0569115
123,2024,Cesar,2024-07-15,4,2024-08-12,4.234688,6.0158215
123,2024,Cesar,2024-07-22,1,2024-07-29,5.4148464,5.801762
123,2024,Cesar,2024-07-22,2,2024-08-05,5.553689,5.635235
123,2024,Cesar,2024-07-22,3,2024-08-12,4.234688,5.515565
123,2024,Cesar,2024-07-22,4,2024-08-19,3.887582,5.419547
123,2024,Cesar,2024-07-29,1,2024-08-05,5.553689,6.2854013
123,2024,Cesar,2024-07-29,2,2024-08-12,4.234688,6.1179147
123,2024,Cesar,2024-07-29,3,2024-08-19,3.887582,5.9609876
123,2024,Cesar,2024-07-29,4,2024-08-26,4.9288993,5.849346
123,2024,Cesar,2024-08-05,1,2024-08-12,4.234688,6.2996182
123,2024,Cesar,2024-08-05,2,2024-08-19,3.887582,6.108219
123,2024,Cesar,2024-08-05,3,2024-08-26,4.9288993,5.9369593
123,2024,Cesar,2024-08-05,4,2024-09-02,3.193371,5.8102756
123,2024,Cesar,2024-08-12,1,2024-08-19,3.887582,6.4677672
123,2024,Cesar,2024-08-12,2,2024-08-26,4.9288993,6.2441163
123,2024,Cesar,2024-08-12,3,2024-09-02,3.193371,6.0478806
123,2024,Cesar,2024-08-12,4,2024-09-09,4.0264244,5.892971
123,2024,Cesar,2024-08-19,1,2024-08-26,4.9288993,5.6632185
123,2024,Cesar,2024-08-19,2,2024-09-02,3.193371,5.384733
123,2024,Cesar,2024-08-19,3,2024-09-09,4.0264244,5.213502
123,2024,Cesar,2024-08-19,4,2024-09-16,3.5404766,5.0298953
123,2024,Cesar,2024-08-26,1,2024-09-02,3.193371,5.214347
123,2024,Cesar,2024-08-26,2,2024-09-09,4.0264244,4.9214644
123,2024,Cesar,2024-08-26,3,2024-09-16,3.5404766,4.7697563
123,2024,Cesar,2024-08-26,4,2024-09-23,3.3322132,4.5712557
123,2024,Cesar,2024-09-02,1,2024-09-09,4.0264244,5.6285844
123,2024,Cesar,2024-09-02,2,2024-09-16,3.5404766,5.405499
123,2024,Cesar,2024-09-02,3,2024-09-23,3.3322132,5.260626
123,2024,Cesar,2024-09-02,4,2024-09-30,3.887582,5.0963473
123,2024,Cesar,2024-09-09,1,2024-09-16,3.5404766,4.8472805
123,2024,Cesar,2024-09-09,2,2024-09-23,3.3322132,4.650692
123,2024,Cesar,2024-09-09,3,2024-09-30,3.887582,4.5624723
123,2024,Cesar,2024-09-09,4,2024-10-07,3.679319,4.431593
123,2024,Cesar,2024-09-16,1,2024-09-23,3.3322132,4.9192095
123,2024,Cesar,2024-09-16,2,2024-09-30,3.887582,4.789705
123,2024,Cesar,2024-09-16,3,2024-10-07,3.679319,4.7328687
123,2024,Cesar,2024-09-16,4,2024-10-14,3.74874,4.641718
123,2024,Cesar,2024-09-23,1,2024-09-30,3.887582,4.7317004
123,2024,Cesar,2024-09-23,2,2024-10-07,3.679319,4.655206
123,2024,Cesar,2024-09-23,3,2024-10-14,3.74874,4.637473
123,2024,Cesar,2024-09-23,4,2024-10-21,3.4710555,4.589378
123,2024,Cesar,2024-09-30,1,2024-10-07,3.679319,4.605215
123,2024,Cesar,2024-09-30,2,2024-10-14,3.74874,4.576215
123,2024,Cesar,2024-09-30,3,2024-10-21,3.4710555,4.5940933
123,2024,Cesar,2024-09-30,4,2024-10-28,3.12395,4.5842896
123,2024,Cesar,2024-10-07,1,2024-10-14,3.74874,4.8535233
123,2024,Cesar,2024-10-07,2,2024-10-21,3.4710555,4.9090915
123,2024,Cesar,2024-10-07,3,2024-10-28,3.12395,4.9614305
123,2024,Cesar,2024-10-07,4,2024-11-04,4.5817933,5.0143847
123,2024,Cesar,2024-10-14,1,2024-10-21,3.4710555,4.908664
123,2024,Cesar,2024-10-14,2,2024-10-28,3.12395,5.007639
123,2024,Cesar,2024-10-14,3,2024-11-04,4.5817933,5.0841575
123,2024,Cesar,2024-10-14,4,2024-11-11,2.8462653,5.1765857
123,2024,Cesar,2024-10-21,1,2024-10-28,3.12395,4.904026
123,2024,Cesar,2024-10-21,2,2024-11-04,4.5817933,5.017815
123,2024,Cesar,2024-10-21,3,2024-11-11,2.8462653,5.1094136
123,2024,Cesar,2024-10-21,4,2024-11-18,2.9851077,5.219055
123,2024,Cesar,2024-10-28,1,2024-11-04,4.5817933,4.7951264
123,2024,Cesar,2024-10-28,2,2024-11-11,2.8462653,4.8960953
123,2024,Cesar,2024-10-28,3,2024-11-18,2.9851077,4.99048
123,2024,Cesar,2024-10-28,4,2024-11-25,3.74874,5.0922456
123,2024,Cesar,2024-11-04,1,2024-11-11,2.8462653,4.5291495
123,2024,Cesar,2024-11-04,2,2024-11-18,2.9851077,4.6084766
123,2024,Cesar,2024-11-04,3,2024-11-25,3.74874,4.709684
123,2024,Cesar,2024-11-04,4,2024-12-02,4.0958457,4.795763
123,2024,Cesar,2024-11-11,1,2024-11-18,2.9851077,4.8791485
123,2024,Cesar,2024-11-11,2,2024-11-25,3.74874,4.999222
123,2024,Cesar,2024-11-11,3,2024-12-02,4.0958457,5.0951543
123,2024,Cesar,2024-11-11,4,2024-12-09,4.442951,5.203818
123,2024,Cesar,2024-11-18,1,2024-11-25,3.74874,4.4559293
123,2024,Cesar,2024-11-18,2,2024-12-02,4.0958457,4.5268703
123,2024,Cesar,2024-11-18,3,2024-12-09,4.442951,4.6268473
123,2024,Cesar,2024-11-18,4,2024-12-16,4.0264244,4.707814
123,2024,Choco,2024-02-19,1,2024-02-26,7.165671,8.775477
123,2024,Choco,2024-02-19,2,2024-03-04,8.359948,8.716522
123,2024,Choco,2024-02-19,3,2024-03-11,10.407283,8.590428
123,2024,Choco,2024-02-19,4,2024-03-18,11.089726,8.690188
123,2024,Choco,2024-02-26,1,2024-03-04,8.359948,8.846554
123,2024,Choco,2024-02-26,2,2024-03-11,10.407283,8.723331
123,2024,Choco,2024-02-26,3,2024-03-18,11.089726,8.565519
123,2024,Choco,2024-02-26,4,2024-03-25,4.2652802,8.609359
123,2024,Choco,2024-03-04,1,2024-03-11,10.407283,8.03098
123,2024,Choco,2024-03-04,2,2024-03-18,11.089726,7.8674994
123,2024,Choco,2024-03-04,3,2024-03-25,4.2652802,7.728088
123,2024,Choco,2024-03-04,4,2024-04-01,8.018726,7.7498736
123,2024,Choco,2024-03-11,1,2024-03-18,11.089726,7.9860787
123,2024,Choco,2024-03-11,2,2024-03-25,4.2652802,7.811314
123,2024,Choco,2024-03-11,3,2024-04-01,8.018726,7.654836
123,2024,Choco,2024-03-11,4,2024-04-08,9.383617,7.6482005
123,2024,Choco,2024-03-18,1,2024-03-25,4.2652802,8.712562
123,2024,Choco,2024-03-18,2,2024-04-01,8.018726,8.579738
123,2024,Choco,2024-03-18,3,2024-04-08,9.383617,8.395213
123,2024,Choco,2024-03-18,4,2024-04-15,11.942782,8.407485
123,2024,Choco,2024-03-25,1,2024-04-01,8.018726,9.374555
123,2024,Choco,2024-03-25,2,2024-04-08,9.383617,9.288476
123,2024,Choco,2024-03-25,3,2024-04-15,11.942782,9.095957
123,2024,Choco,2024-03-25,4,2024-04-22,6.8244476,9.1414995
123,2024,Choco,2024-04-01,1,2024-04-08,9.383617,7.0804763
123,2024,Choco,2024-04-01,2,2024-04-15,11.942782,6.9139752
123,2024,Choco,2024-04-01,3,2024-04-22,6.8244476,6.8045325
123,2024,Choco,2024-04-01,4,2024-04-29,9.213004,6.833183
123,2024,Choco,2024-04-08,1,2024-04-15,11.942782,7.670231
123,2024,Choco,2024-04-08,2,2024-04-22,6.8244476,7.5232234
123,2024,Choco,2024-04-08,3,2024-04-29,9.213004,7.3809223
123,2024,Choco,2024-04-08,4,2024-05-06,6.6538367,7.3871427
123,2024,Choco,2024-04-15,1,2024-04-22,6.8244476,8.304523
123,2024,Choco,2024-04-15,2,2024-04-29,9.213004,8.216045
123,2024,Choco,2024-04-15,3,2024-05-06,6.6538367,8.054828
123,2024,Choco,2024-04-15,4,2024-05-13,7.677504,8.095091
123,2024,Choco,2024-04-22,1,2024-04-29,9.213004,9.337066
123,2024,Choco,2024-04-22,2,2024-05-06,6.6538367,9.313283
123,2024,Choco,2024-04-22,3,2024-05-13,7.677504,9.124079
123,2024,Choco,2024-04-22,4,2024-05-20,9.213004,9.19999
123,2024,Choco,2024-04-29,1,2024-05-06,6.6538367,8.478692
123,2024,Choco,2024-04-29,2,2024-05-13,7.677504,8.378426
123,2024,Choco,2024-04-29,3,2024-05-20,9.213004,8.209305
123,2024,Choco,2024-04-29,4,2024-05-27,6.483225,8.252119
123,2024,Choco,2024-05-06,1,2024-05-13,7.677504,8.979931
123,2024,Choco,2024-05-06,2,2024-05-20,9.213004,8.903877
123,2024,Choco,2024-05-06,3,2024-05-27,6.483225,8.7298155
123,2024,Choco,2024-05-06,4,2024-06-03,8.701171,8.767282
123,2024,Choco,2024-05-13,1,2024-05-20,9.213004,7.880541
123,2024,Choco,2024-05-13,2,2024-05-27,6.483225,7.719022
123,2024,Choco,2024-05-13,3,2024-06-03,8.701171,7.5555525
123,2024,Choco,2024-05-13,4,2024-06-10,5.9713917,7.5441737
123,2024,Choco,2024-05-20,1,2024-05-27,6.483225,7.907866
123,2024,Choco,2024-05-20,2,2024-06-03,8.701171,7.754028
123,2024,Choco,2024-05-20,3,2024-06-10,5.9713917,7.5785923
123,2024,Choco,2024-05-20,4,2024-06-17,7.506893,7.5486116
123,2024,Choco,2024-05-27,1,2024-06-03,8.701171,7.9452167
123,2024,Choco,2024-05-27,2,2024-06-10,5.9713917,7.801236
123,2024,Choco,2024-05-27,3,2024-06-17,7.506893,7.611201
123,2024,Choco,2024-05-27,4,2024-06-24,6.6538367,7.584669
123,2024,Choco,2024-06-03,1,2024-06-10,5.9713917,7.1372495
123,2024,Choco,2024-06-03,2,2024-06-17,7.506893,6.957192
123,2024,Choco,2024-06-03,3,2024-06-24,6.6538367,6.800758
123,2024,Choco,2024-06-03,4,2024-07-01,5.288947,6.7533374
123,2024,Choco,2024-06-10,1,2024-06-17,7.506893,7.063829
123,2024,Choco,2024-06-10,2,2024-06-24,6.6538367,6.8759565
123,2024,Choco,2024-06-10,3,2024-07-01,5.288947,6.6980166
123,2024,Choco,2024-06-10,4,2024-07-08,7.165671,6.632232
123,2024,Choco,2024-06-17,1,2024-06-24,6.6538367,6.0038953
123,2024,Choco,2024-06-17,2,2024-07-01,5.288947,5.776319
123,2024,Choco,2024-06-17,3,2024-07-08,7.165671,5.622958
123,2024,Choco,2024-06-17,4,2024-07-15,8.359948,5.5254064
123,2024,Choco,2024-06-24,1,2024-07-01,5.288947,5.620989
123,2024,Choco,2024-06-24,2,2024-07-08,7.165671,5.3928757
123,2024,Choco,2024-06-24,3,2024-07-15,8.359948,5.2540636
123,2024,Choco,2024-06-24,4,2024-07-22,5.1183357,5.146053
123,2024,Choco,2024-07-01,1,2024-07-08,7.165671,5.3222775
123,2024,Choco,2024-07-01,2,2024-07-15,8.359948,5.095974
123,2024,Choco,2024-07-01,3,2024-07-22,5.1183357,4.9718018
123,2024,Choco,2024-07-01,4,2024-07-29,3.2416127,4.8566456
123,2024,Choco,2024-07-08,1,2024-07-15,8.359948,4.709087
123,2024,Choco,2024-07-08,2,2024-07-22,5.1183357,4.4665904
123,2024,Choco,2024-07-08,3,2024-07-29,3.2416127,4.366125
123,2024,Choco,2024-07-08,4,2024-08-05,3.5828354,4.228021
123,2024,Choco,2024-07-15,1,2024-07-22,5.1183357,4.7993383
123,2024,Choco,2024-07-15,2,2024-07-29,3.2416127,4.556712
123,2024,Choco,2024-07-15,3,2024-08-05,3.5828354,4.4446206
123,2024,Choco,2024-07-15,4,2024-08-12,3.9240575,4.296054
123,2024,Choco,2024-07-22,1,2024-07-29,3.2416127,4.994916
123,2024,Choco,2024-07-22,2,2024-08-05,3.5828354,4.762361
123,2024,Choco,2024-07-22,3,2024-08-12,3.9240575,4.6341515
123,2024,Choco,2024-07-22,4,2024-08-19,2.9003901,4.4929585
123,2024,Choco,2024-07-29,1,2024-08-05,3.5828354,4.3602858
123,2024,Choco,2024-07-29,2,2024-08-12,3.9240575,4.1231003
123,2024,Choco,2024-07-29,3,2024-08-19,2.9003901,4.03559
123,2024,Choco,2024-07-29,4,2024-08-26,2.9003901,3.9003165
123,2024,Choco,2024-08-05,1,2024-08-12,3.9240575,3.780074
123,2024,Choco,2024-08-05,2,2024-08-19,2.9003901,3.5585365
123,2024,Choco,2024-08-05,3,2024-08-26,2.9003901,3.499621
123,2024,Choco,2024-08-05,4,2024-09-02,5.1183357,3.3704815
123,2024,Choco,2024-08-12,1,2024-08-19,2.9003901,3.4429517
123,2024,Choco,2024-08-12,2,2024-08-26,2.9003901,3.23306
123,2024,Choco,2024-08-12,3,2024-09-02,5.1183357,3.1656125
123,2024,Choco,2024-08-12,4,2024-09-09,4.2652802,3.0322256
123,2024,Choco,2024-08-19,1,2024-08-26,2.9003901,3.2921093
123,2024,Choco,2024-08-19,2,2024-09-02,5.1183357,3.1031122
123,2024,Choco,2024-08-19,3,2024-09-09,4.2652802,3.0496483
123,2024,Choco,2024-08-19,4,2024-09-16,4.2652802,2.9288988
123,2024,Choco,2024-08-26,1,2024-09-02,5.1183357,2.9392552
123,2024,Choco,2024-08-26,2,2024-09-09,4.2652802,2.77118
123,2024,Choco,2024-08-26,3,2024-09-16,4.2652802,2.719856
123,2024,Choco,2024-08-26,4,2024-09-23,3.7534466,2.6155374
123,2024,Choco,2024-09-02,1,2024-09-09,4.2652802,2.674087
123,2024,Choco,2024-09-02,2,2024-09-16,4.2652802,2.52869
123,2024,Choco,2024-09-02,3,2024-09-23,3.7534466,2.4899838
123,2024,Choco,2024-09-02,4,2024-09-30,4.435891,2.404137
123,2024,Choco,2024-09-09,1,2024-09-16,4.2652802,2.8421204
123,2024,Choco,2024-09-09,2,2024-09-23,3.7534466,2.7164297
123,2024,Choco,2024-09-09,3,2024-09-30,4.435891,2.710065
123,2024,Choco,2024-09-09,4,2024-10-07,3.4122238,2.639666
123,2024,Choco,2024-09-16,1,2024-09-23,3.7534466,2.7009299
123,2024,Choco,2024-09-16,2,2024-09-30,4.435891,2.5892572
123,2024,Choco,2024-09-16,3,2024-10-07,3.4122238,2.5935245
123,2024,Choco,2024-09-16,4,2024-10-14,2.7297792,2.5393019
123,2024,Choco,2024-09-23,1,2024-09-30,4.435891,2.664585
123,2024,Choco,2024-09-23,2,2024-10-07,3.4122238,2.5594087
123,2024,Choco,2024-09-23,3,2024-10-14,2.7297792,2.5723727
123,2024,Choco,2024-09-23,4,2024-10-21,4.606502,2.5257921
123,2024,Choco,2024-09-30,1,2024-10-07,3.4122238,2.6727545
123,2024,Choco,2024-09-30,2,2024-10-14,2.7297792,2.5715861
123,2024,Choco,2024-09-30,3,2024-10-21,4.606502,2.5926797
123,2024,Choco,2024-09-30,4,2024-10-28,6.312615,2.549386
123,2024,Choco,2024-10-07,1,2024-10-14,2.7297792,2.7230403
123,2024,Choco,2024-10-07,2,2024-10-21,4.606502,2.629772
123,2024,Choco,2024-10-07,3,2024-10-28,6.312615,2.6631236
123,2024,Choco,2024-10-07,4,2024-11-04,2.559168,2.6255143
123,2024,Choco,2024-10-14,1,2024-10-21,4.606502,2.668302
123,2024,Choco,2024-10-14,2,2024-10-28,6.312615,2.5797646
123,2024,Choco,2024-10-14,3,2024-11-04,2.559168,2.6186745
123,2024,Choco,2024-10-14,4,2024-11-11,2.0473344,2.5849006
123,2024,Choco,2024-10-21,1,2024-10-28,6.312615,2.6360865
123,2024,Choco,2024-10-21,2,2024-11-04,2.559168,2.5518935
123,2024,Choco,2024-10-21,3,2024-11-11,2.0473344,2.5957072
123,2024,Choco,2024-10-21,4,2024-11-18,3.2416127,2.564295
123,2024,Choco,2024-10-28,1,2024-11-04,2.559168,2.9780934
123,2024,Choco,2024-10-28,2,2024-11-11,2.0473344,2.9004734
123,2024,Choco,2024-10-28,3,2024-11-18,3.2416127,2.964537
123,2024,Choco,2024-10-28,4,2024-11-25,2.388557,2.9391778
123,2024,Choco,2024-11-04,1,2024-11-11,2.0473344,3.4240425
123,2024,Choco,2024-11-04,2,2024-11-18,3.2416127,3.3764489
123,2024,Choco,2024-11-04,3,2024-11-25,2.388557,3.4370263
123,2024,Choco,2024-11-04,4,2024-12-02,4.9477243,3.4307492
123,2024,Choco,2024-11-11,1,2024-11-18,3.2416127,3.292749
123,2024,Choco,2024-11-11,2,2024-11-25,2.388557,3.2318943
123,2024,Choco,2024-11-11,3,2024-12-02,4.9477243,3.3045354
123,2024,Choco,2024-11-11,4,2024-12-09,2.9003901,3.2997158
123,2024,Choco,2024-11-18,1,2024-11-25,2.388557,3.0743268
123,2024,Choco,2024-11-18,2,2024-12-02,4.9477243,3.0095065
123,2024,Choco,2024-11-18,3,2024-12-09,2.9003901,3.1000173
123,2024,Choco,2024-11-18,4,2024-12-16,2.7297792,3.0944877
123,2024,Cordoba,2024-02-19,1,2024-02-26,4.113538,3.5779715
123,2024,Cordoba,2024-02-19,2,2024-03-04,3.5041246,3.328868
123,2024,Cordoba,2024-02-19,3,2024-03-11,4.2151065,3.1963089
123,2024,Cordoba,2024-02-19,4,2024-03-18,5.0276575,3.0254805
123,2024,Cordoba,2024-02-26,1,2024-03-04,3.5041246,3.6730833
123,2024,Cordoba,2024-02-26,2,2024-03-11,4.2151065,3.4380732
123,2024,Cordoba,2024-02-26,3,2024-03-18,5.0276575,3.3217762
123,2024,Cordoba,2024-02-26,4,2024-03-25,1.9298079,3.16225
123,2024,Cordoba,2024-03-04,1,2024-03-11,4.2151065,3.5464463
123,2024,Cordoba,2024-03-04,2,2024-03-18,5.0276575,3.333117
123,2024,Cordoba,2024-03-04,3,2024-03-25,1.9298079,3.2286766
123,2024,Cordoba,2024-03-04,4,2024-04-01,3.6056933,3.0850992
123,2024,Cordoba,2024-03-11,1,2024-03-18,5.0276575,3.1944573
123,2024,Cordoba,2024-03-11,2,2024-03-25,1.9298079,3.0035043
123,2024,Cordoba,2024-03-11,3,2024-04-01,3.6056933,2.9040809
123,2024,Cordoba,2024-03-11,4,2024-04-08,2.8947115,2.7791069
123,2024,Cordoba,2024-03-18,1,2024-03-25,1.9298079,3.394936
123,2024,Cordoba,2024-03-18,2,2024-04-01,3.6056933,3.2258747
123,2024,Cordoba,2024-03-18,3,2024-04-08,2.8947115,3.156416
123,2024,Cordoba,2024-03-18,4,2024-04-15,4.316675,3.0485275
123,2024,Cordoba,2024-03-25,1,2024-04-01,3.6056933,4.012053
123,2024,Cordoba,2024-03-25,2,2024-04-08,2.8947115,3.889058
123,2024,Cordoba,2024-03-25,3,2024-04-15,4.316675,3.8516085
123,2024,Cordoba,2024-03-25,4,2024-04-22,3.6564782,3.7795098
123,2024,Cordoba,2024-04-01,1,2024-04-08,2.8947115,3.0248222
123,2024,Cordoba,2024-04-01,2,2024-04-15,4.316675,2.911539
123,2024,Cordoba,2024-04-01,3,2024-04-22,3.6564782,2.8782544
123,2024,Cordoba,2024-04-01,4,2024-04-29,2.793143,2.8213499
123,2024,Cordoba,2024-04-08,1,2024-04-15,4.316675,3.2915587
123,2024,Cordoba,2024-04-08,2,2024-04-22,3.6564782,3.2091746
123,2024,Cordoba,2024-04-08,3,2024-04-29,2.793143,3.225039
123,2024,Cordoba,2024-04-08,4,2024-05-06,3.554909,3.19009
123,2024,Cordoba,2024-04-15,1,2024-04-22,3.6564782,3.3308232
123,2024,Cordoba,2024-04-15,2,2024-04-29,2.793143,3.2834322
123,2024,Cordoba,2024-04-15,3,2024-05-06,3.554909,3.3346577
123,2024,Cordoba,2024-04-15,4,2024-05-13,4.316675,3.332901
123,2024,Cordoba,2024-04-22,1,2024-04-29,2.793143,4.1466413
123,2024,Cordoba,2024-04-22,2,2024-05-06,3.554909,4.200576
123,2024,Cordoba,2024-04-22,3,2024-05-13,4.316675,4.268553
123,2024,Cordoba,2024-04-22,4,2024-05-20,5.63707,4.3329444
123,2024,Cordoba,2024-04-29,1,2024-05-06,3.554909,4.5705776
123,2024,Cordoba,2024-04-29,2,2024-05-13,4.316675,4.6793604
123,2024,Cordoba,2024-04-29,3,2024-05-20,5.63707,4.756903
123,2024,Cordoba,2024-04-29,4,2024-05-27,4.9260883,4.875829
123,2024,Cordoba,2024-05-06,1,2024-05-13,4.316675,4.384564
123,2024,Cordoba,2024-05-06,2,2024-05-20,5.63707,4.4683647
123,2024,Cordoba,2024-05-06,3,2024-05-27,4.9260883,4.5590053
123,2024,Cordoba,2024-05-06,4,2024-06-03,4.8245196,4.6718764
123,2024,Cordoba,2024-05-13,1,2024-05-20,5.63707,4.8163204
123,2024,Cordoba,2024-05-13,2,2024-05-27,4.9260883,4.94169
123,2024,Cordoba,2024-05-13,3,2024-06-03,4.8245196,5.036086
123,2024,Cordoba,2024-05-13,4,2024-06-10,4.36746,5.179306
123,2024,Cordoba,2024-05-20,1,2024-05-27,4.9260883,5.6126456
123,2024,Cordoba,2024-05-20,2,2024-06-03,4.8245196,5.7985764
123,2024,Cordoba,2024-05-20,3,2024-06-10,4.36746,5.870872
123,2024,Cordoba,2024-05-20,4,2024-06-17,5.3323636,6.056072
123,2024,Cordoba,2024-05-27,1,2024-06-03,4.8245196,6.572549
123,2024,Cordoba,2024-05-27,2,2024-06-10,4.36746,6.779579
123,2024,Cordoba,2024-05-27,3,2024-06-17,5.3323636,6.7919416
123,2024,Cordoba,2024-05-27,4,2024-06-24,6.652758,6.9850755
123,2024,Cordoba,2024-06-03,1,2024-06-10,4.36746,6.742088
123,2024,Cordoba,2024-06-03,2,2024-06-17,5.3323636,6.871635
123,2024,Cordoba,2024-06-03,3,2024-06-24,6.652758,6.8321967
123,2024,Cordoba,2024-06-03,4,2024-07-01,7.668447,6.9741173
123,2024,Cordoba,2024-06-10,1,2024-06-17,5.3323636,6.5173993
123,2024,Cordoba,2024-06-10,2,2024-06-24,6.652758,6.535173
123,2024,Cordoba,2024-06-10,3,2024-07-01,7.668447,6.4543014
123,2024,Cordoba,2024-06-10,4,2024-07-08,7.9223685,6.514337
123,2024,Cordoba,2024-06-17,1,2024-06-24,6.652758,6.1749725
123,2024,Cordoba,2024-06-17,2,2024-07-01,7.668447,6.1246023
123,2024,Cordoba,2024-06-17,3,2024-07-08,7.9223685,6.040498
123,2024,Cordoba,2024-06-17,4,2024-07-15,10.867865,6.046845
123,2024,Cordoba,2024-06-24,1,2024-07-01,7.668447,6.469786
123,2024,Cordoba,2024-06-24,2,2024-07-08,7.9223685,6.4058356
123,2024,Cordoba,2024-06-24,3,2024-07-15,10.867865,6.296917
123,2024,Cordoba,2024-06-24,4,2024-07-22,8.1762905,6.2771597
123,2024,Cordoba,2024-07-01,1,2024-07-08,7.9223685,6.981745
123,2024,Cordoba,2024-07-01,2,2024-07-15,10.867865,6.912792
123,2024,Cordoba,2024-07-01,3,2024-07-22,8.1762905,6.758996
123,2024,Cordoba,2024-07-01,4,2024-07-29,7.9223685,6.7285547
123,2024,Cordoba,2024-07-08,1,2024-07-15,10.867865,7.3796773
123,2024,Cordoba,2024-07-08,2,2024-07-22,8.1762905,7.268367
123,2024,Cordoba,2024-07-08,3,2024-07-29,7.9223685,7.065977
123,2024,Cordoba,2024-07-08,4,2024-08-05,7.059034,7.00758
123,2024,Cordoba,2024-07-15,1,2024-07-22,8.1762905,7.5544896
123,2024,Cordoba,2024-07-15,2,2024-07-29,7.9223685,7.3709755
123,2024,Cordoba,2024-07-15,3,2024-08-05,7.059034,7.123969
123,2024,Cordoba,2024-07-15,4,2024-08-12,6.5004044,7.0211425
123,2024,Cordoba,2024-07-22,1,2024-07-29,7.9223685,8.9197855
123,2024,Cordoba,2024-07-22,2,2024-08-05,7.059034,8.730061
123,2024,Cordoba,2024-07-22,3,2024-08-12,6.5004044,8.401669
123,2024,Cordoba,2024-07-22,4,2024-08-19,7.2621713,8.275612
123,2024,Cordoba,2024-07-29,1,2024-08-05,7.059034,8.335341
123,2024,Cordoba,2024-07-29,2,2024-08-12,6.5004044,8.048237
123,2024,Cordoba,2024-07-29,3,2024-08-19,7.2621713,7.7118263
123,2024,Cordoba,2024-07-29,4,2024-08-26,7.9223685,7.557545
123,2024,Cordoba,2024-08-05,1,2024-08-12,6.5004044,8.205516
123,2024,Cordoba,2024-08-05,2,2024-08-19,7.2621713,7.8314815
123,2024,Cordoba,2024-08-05,3,2024-08-26,7.9223685,7.478311
123,2024,Cordoba,2024-08-05,4,2024-09-02,6.1956987,7.2632666
123,2024,Cordoba,2024-08-12,1,2024-08-19,7.2621713,7.6903033
123,2024,Cordoba,2024-08-12,2,2024-08-26,7.9223685,7.227496
123,2024,Cordoba,2024-08-12,3,2024-09-02,6.1956987,6.871372
123,2024,Cordoba,2024-08-12,4,2024-09-09,7.109819,6.590395
123,2024,Cordoba,2024-08-19,1,2024-08-26,7.9223685,7.264094
123,2024,Cordoba,2024-08-19,2,2024-09-02,6.1956987,6.7750826
123,2024,Cordoba,2024-08-19,3,2024-09-09,7.109819,6.435894
123,2024,Cordoba,2024-08-19,4,2024-09-16,7.668447,6.12435
123,2024,Cordoba,2024-08-26,1,2024-09-02,6.1956987,7.552748
123,2024,Cordoba,2024-08-26,2,2024-09-09,7.109819,7.0745835
123,2024,Cordoba,2024-08-26,3,2024-09-16,7.668447,6.7243547
123,2024,Cordoba,2024-08-26,4,2024-09-23,6.957465,6.3983
123,2024,Cordoba,2024-09-02,1,2024-09-09,7.109819,7.9441485
123,2024,Cordoba,2024-09-02,2,2024-09-16,7.668447,7.532861
123,2024,Cordoba,2024-09-02,3,2024-09-23,6.957465,7.198377
123,2024,Cordoba,2024-09-02,4,2024-09-30,6.8051114,6.9115357
123,2024,Cordoba,2024-09-09,1,2024-09-16,7.668447,7.096164
123,2024,Cordoba,2024-09-09,2,2024-09-23,6.957465,6.726495
123,2024,Cordoba,2024-09-09,3,2024-09-30,6.8051114,6.4661365
123,2024,Cordoba,2024-09-09,4,2024-10-07,7.871585,6.227144
123,2024,Cordoba,2024-09-16,1,2024-09-23,6.957465,7.3876047
123,2024,Cordoba,2024-09-16,2,2024-09-30,6.8051114,7.0813355
123,2024,Cordoba,2024-09-16,3,2024-10-07,7.871585,6.844714
123,2024,Cordoba,2024-09-16,4,2024-10-14,8.988841,6.639028
123,2024,Cordoba,2024-09-23,1,2024-09-30,6.8051114,7.924079
123,2024,Cordoba,2024-09-23,2,2024-10-07,7.871585,7.6797886
123,2024,Cordoba,2024-09-23,3,2024-10-14,8.988841,7.449682
123,2024,Cordoba,2024-09-23,4,2024-10-21,8.785705,7.2860627
123,2024,Cordoba,2024-09-30,1,2024-10-07,7.871585,7.900035
123,2024,Cordoba,2024-09-30,2,2024-10-14,8.988841,7.6851687
123,2024,Cordoba,2024-09-30,3,2024-10-21,8.785705,7.4787536
123,2024,Cordoba,2024-09-30,4,2024-10-28,8.836488,7.3485785
123,2024,Cordoba,2024-10-07,1,2024-10-14,8.988841,7.8207684
123,2024,Cordoba,2024-10-07,2,2024-10-21,8.785705,7.6294146
123,2024,Cordoba,2024-10-07,3,2024-10-28,8.836488,7.4470572
123,2024,Cordoba,2024-10-07,4,2024-11-04,8.836488,7.3428817
123,2024,Cordoba,2024-10-14,1,2024-10-21,8.785705,8.262311
123,2024,Cordoba,2024-10-14,2,2024-10-28,8.836488,8.112616
123,2024,Cordoba,2024-10-14,3,2024-11-04,8.836488,7.9319806
123,2024,Cordoba,2024-10-14,4,2024-11-11,10.91865,7.8567214
123,2024,Cordoba,2024-10-21,1,2024-10-28,8.836488,8.926256
123,2024,Cordoba,2024-10-21,2,2024-11-04,8.836488,8.824792
123,2024,Cordoba,2024-10-21,3,2024-11-11,10.91865,8.6403265
123,2024,Cordoba,2024-10-21,4,2024-11-18,8.125506,8.602324
123,2024,Cordoba,2024-10-28,1,2024-11-04,8.836488,9.399297
123,2024,Cordoba,2024-10-28,2,2024-11-11,10.91865,9.295833
123,2024,Cordoba,2024-10-28,3,2024-11-18,8.125506,9.102809
123,2024,Cordoba,2024-10-28,4,2024-11-25,7.8208003,9.059718
123,2024,Cordoba,2024-11-04,1,2024-11-11,10.91865,9.717676
123,2024,Cordoba,2024-11-04,2,2024-11-18,8.125506,9.603133
123,2024,Cordoba,2024-11-04,3,2024-11-25,7.8208003,9.398915
123,2024,Cordoba,2024-11-04,4,2024-12-02,9.445902,9.353359
123,2024,Cordoba,2024-11-11,1,2024-11-18,8.125506,9.813996
123,2024,Cordoba,2024-11-11,2,2024-11-25,7.8208003,9.653646
123,2024,Cordoba,2024-11-11,3,2024-12-02,9.445902,9.433414
123,2024,Cordoba,2024-11-11,4,2024-12-09,8.531783,9.364977
123,2024,Cordoba,2024-11-18,1,2024-11-25,7.8208003,10.81151
123,2024,Cordoba,2024-11-18,2,2024-12-02,9.445902,10.644203
123,2024,Cordoba,2024-11-18,3,2024-12-09,8.531783,10.387693
123,2024,Cordoba,2024-11-18,4,2024-12-16,9.598255,10.289614
123,2024,Cundinamarca,2024-02-19,1,2024-02-26,6.526126,5.7958636
123,2024,Cundinamarca,2024-02-19,2,2024-03-04,6.3528657,5.7092233
123,2024,Cundinamarca,2024-02-19,3,2024-03-11,8.143218,5.591511
123,2024,Cundinamarca,2024-02-19,4,2024-03-18,8.980643,5.5216126
123,2024,Cundinamarca,2024-02-26,1,2024-03-04,6.3528657,6.3725834
123,2024,Cundinamarca,2024-02-26,2,2024-03-11,8.143218,6.316978
123,2024,Cundinamarca,2024-02-26,3,2024-03-18,8.980643,6.185677
123,2024,Cundinamarca,2024-02-26,4,2024-03-25,7.01703,6.1396317
123,2024,Cundinamarca,2024-03-04,1,2024-03-11,8.143218,6.632649
123,2024,Cundinamarca,2024-03-04,2,2024-03-18,8.980643,6.5770726
123,2024,Cundinamarca,2024-03-04,3,2024-03-25,7.01703,6.431573
123,2024,Cundinamarca,2024-03-04,4,2024-04-01,12.388088,6.4011087
123,2024,Cundinamarca,2024-03-11,1,2024-03-18,8.980643,6.508076
123,2024,Cundinamarca,2024-03-11,2,2024-03-25,7.01703,6.4225883
123,2024,Cundinamarca,2024-03-11,3,2024-04-01,12.388088,6.2690444
123,2024,Cundinamarca,2024-03-11,4,2024-04-08,12.647979,6.236023
123,2024,Cundinamarca,2024-03-18,1,2024-03-25,7.01703,7.3924775
123,2024,Cundinamarca,2024-03-18,2,2024-04-01,12.388088,7.3341184
123,2024,Cundinamarca,2024-03-18,3,2024-04-08,12.647979,7.131796
123,2024,Cundinamarca,2024-03-18,4,2024-04-15,11.290774,7.1138587
123,2024,Cundinamarca,2024-03-25,1,2024-04-01,12.388088,8.578506
123,2024,Cundinamarca,2024-03-25,2,2024-04-08,12.647979,8.548958
123,2024,Cundinamarca,2024-03-25,3,2024-04-15,11.290774,8.301589
123,2024,Cundinamarca,2024-03-25,4,2024-04-22,11.204146,8.302924
123,2024,Cundinamarca,2024-04-01,1,2024-04-08,12.647979,7.8719106
123,2024,Cundinamarca,2024-04-01,2,2024-04-15,11.290774,7.7554765
123,2024,Cundinamarca,2024-04-01,3,2024-04-22,11.204146,7.5242844
123,2024,Cundinamarca,2024-04-01,4,2024-04-29,8.951766,7.499645
123,2024,Cundinamarca,2024-04-08,1,2024-04-15,11.290774,10.636649
123,2024,Cundinamarca,2024-04-08,2,2024-04-22,11.204146,10.648449
123,2024,Cundinamarca,2024-04-08,3,2024-04-29,8.951766,10.360711
123,2024,Cundinamarca,2024-04-08,4,2024-05-06,9.182779,10.355774
123,2024,Cundinamarca,2024-04-15,1,2024-04-22,11.204146,12.2756815
123,2024,Cundinamarca,2024-04-15,2,2024-04-29,8.951766,12.316811
123,2024,Cundinamarca,2024-04-15,3,2024-05-06,9.182779,11.985387
123,2024,Cundinamarca,2024-04-15,4,2024-05-13,8.836258,11.961996
123,2024,Cundinamarca,2024-04-22,1,2024-04-29,8.951766,11.322575
123,2024,Cundinamarca,2024-04-22,2,2024-05-06,9.182779,11.129425
123,2024,Cundinamarca,2024-04-22,3,2024-05-13,8.836258,10.723966
123,2024,Cundinamarca,2024-04-22,4,2024-05-20,10.077954,10.616241
123,2024,Cundinamarca,2024-04-29,1,2024-05-06,9.182779,10.973554
123,2024,Cundinamarca,2024-04-29,2,2024-05-13,8.836258,10.635456
123,2024,Cundinamarca,2024-04-29,3,2024-05-20,10.077954,10.205233
123,2024,Cundinamarca,2024-04-29,4,2024-05-27,10.020203,10.0171
123,2024,Cundinamarca,2024-05-06,1,2024-05-13,8.836258,9.581829
123,2024,Cundinamarca,2024-05-06,2,2024-05-20,10.077954,9.144005
123,2024,Cundinamarca,2024-05-06,3,2024-05-27,10.020203,8.746741
123,2024,Cundinamarca,2024-05-06,4,2024-06-03,8.92289,8.522506
123,2024,Cundinamarca,2024-05-13,1,2024-05-20,10.077954,9.734163
123,2024,Cundinamarca,2024-05-13,2,2024-05-27,10.020203,9.305555
123,2024,Cundinamarca,2024-05-13,3,2024-06-03,8.92289,8.919807
123,2024,Cundinamarca,2024-05-13,4,2024-06-10,10.655488,8.670043
123,2024,Cundinamarca,2024-05-20,1,2024-05-27,10.020203,9.696435
123,2024,Cundinamarca,2024-05-20,2,2024-06-03,8.92289,9.283659
123,2024,Cundinamarca,2024-05-20,3,2024-06-10,10.655488,8.905669
123,2024,Cundinamarca,2024-05-20,4,2024-06-17,9.125025,8.648809
123,2024,Cundinamarca,2024-05-27,1,2024-06-03,8.92289,9.948099
123,2024,Cundinamarca,2024-05-27,2,2024-06-10,10.655488,9.558009
123,2024,Cundinamarca,2024-05-27,3,2024-06-17,9.125025,9.168459
123,2024,Cundinamarca,2024-05-27,4,2024-06-24,8.31648,8.912616
123,2024,Cundinamarca,2024-06-03,1,2024-06-10,10.655488,9.884423
123,2024,Cundinamarca,2024-06-03,2,2024-06-17,9.125025,9.502584
123,2024,Cundinamarca,2024-06-03,3,2024-06-24,8.31648,9.110489
123,2024,Cundinamarca,2024-06-03,4,2024-07-01,7.1902885,8.864198
123,2024,Cundinamarca,2024-06-10,1,2024-06-17,9.125025,8.938125
123,2024,Cundinamarca,2024-06-10,2,2024-06-24,8.31648,8.525133
123,2024,Cundinamarca,2024-06-10,3,2024-07-01,7.1902885,8.149697
123,2024,Cundinamarca,2024-06-10,4,2024-07-08,9.558175,7.9077215
123,2024,Cundinamarca,2024-06-17,1,2024-06-24,8.31648,9.386732
123,2024,Cundinamarca,2024-06-17,2,2024-07-01,7.1902885,8.990325
123,2024,Cundinamarca,2024-06-17,3,2024-07-08,9.558175,8.594671
123,2024,Cundinamarca,2024-06-17,4,2024-07-15,8.691875,8.344206
123,2024,Cundinamarca,2024-06-24,1,2024-07-01,7.1902885,9.135284
123,2024,Cundinamarca,2024-06-24,2,2024-07-08,9.558175,8.719008
123,2024,Cundinamarca,2024-06-24,3,2024-07-15,8.691875,8.325827
123,2024,Cundinamarca,2024-06-24,4,2024-07-22,8.691875,8.067827
123,2024,Cundinamarca,2024-07-01,1,2024-07-08,9.558175,8.537245
123,2024,Cundinamarca,2024-07-01,2,2024-07-15,8.691875,8.105071
123,2024,Cundinamarca,2024-07-01,3,2024-07-22,8.691875,7.734633
123,2024,Cundinamarca,2024-07-01,4,2024-07-29,8.114344,7.4663243
123,2024,Cundinamarca,2024-07-08,1,2024-07-15,8.691875,7.3309875
123,2024,Cundinamarca,2024-07-08,2,2024-07-22,8.691875,6.885586
123,2024,Cundinamarca,2024-07-08,3,2024-07-29,8.114344,6.55935
123,2024,Cundinamarca,2024-07-08,4,2024-08-05,7.01703,6.2850137
123,2024,Cundinamarca,2024-07-15,1,2024-07-22,8.691875,7.9595857
123,2024,Cundinamarca,2024-07-15,2,2024-07-29,8.114344,7.532786
123,2024,Cundinamarca,2024-07-15,3,2024-08-05,7.01703,7.167279
123,2024,Cundinamarca,2024-07-15,4,2024-08-12,6.84377,6.879435
123,2024,Cundinamarca,2024-07-22,1,2024-07-29,8.114344,7.9366007
123,2024,Cundinamarca,2024-07-22,2,2024-08-05,7.01703,7.523644
123,2024,Cundinamarca,2024-07-22,3,2024-08-12,6.84377,7.152371
123,2024,Cundinamarca,2024-07-22,4,2024-08-19,6.006346,6.880237
123,2024,Cundinamarca,2024-07-29,1,2024-08-05,7.01703,8.072989
123,2024,Cundinamarca,2024-07-29,2,2024-08-12,6.84377,7.6706214
123,2024,Cundinamarca,2024-07-29,3,2024-08-19,6.006346,7.2908015
123,2024,Cundinamarca,2024-07-29,4,2024-08-26,6.7571387,7.027339
123,2024,Cundinamarca,2024-08-05,1,2024-08-12,6.84377,7.549317
123,2024,Cundinamarca,2024-08-05,2,2024-08-19,6.006346,7.1357636
123,2024,Cundinamarca,2024-08-05,3,2024-08-26,6.7571387,6.777786
123,2024,Cundinamarca,2024-08-05,4,2024-09-02,6.583879,6.5202622
123,2024,Cundinamarca,2024-08-12,1,2024-08-19,6.006346,6.761164
123,2024,Cundinamarca,2024-08-12,2,2024-08-26,6.7571387,6.339734
123,2024,Cundinamarca,2024-08-12,3,2024-09-02,6.583879,6.0231543
123,2024,Cundinamarca,2024-08-12,4,2024-09-09,5.9774694,5.7644396
123,2024,Cundinamarca,2024-08-19,1,2024-08-26,6.7571387,6.6476183
123,2024,Cundinamarca,2024-08-19,2,2024-09-02,6.583879,6.2369695
123,2024,Cundinamarca,2024-08-19,3,2024-09-09,5.9774694,5.9271197
123,2024,Cundinamarca,2024-08-19,4,2024-09-16,5.9485927,5.665604
123,2024,Cundinamarca,2024-08-26,1,2024-09-02,6.583879,6.07453
123,2024,Cundinamarca,2024-08-26,2,2024-09-09,5.9774694,5.689158
123,2024,Cundinamarca,2024-08-26,3,2024-09-16,5.9485927,5.4187384
123,2024,Cundinamarca,2024-08-26,4,2024-09-23,5.053416,5.172571
123,2024,Cundinamarca,2024-09-02,1,2024-09-09,5.9774694,5.9837475
123,2024,Cundinamarca,2024-09-02,2,2024-09-16,5.9485927,5.6468945
123,2024,Cundinamarca,2024-09-02,3,2024-09-23,5.053416,5.395952
123,2024,Cundinamarca,2024-09-02,4,2024-09-30,5.544319,5.175238
123,2024,Cundinamarca,2024-09-09,1,2024-09-16,5.9485927,5.876904
123,2024,Cundinamarca,2024-09-09,2,2024-09-23,5.053416,5.6015153
123,2024,Cundinamarca,2024-09-09,3,2024-09-30,5.544319,5.3814363
123,2024,Cundinamarca,2024-09-09,4,2024-10-07,4.4181294,5.205024
123,2024,Cundinamarca,2024-09-16,1,2024-09-23,5.053416,5.616135
123,2024,Cundinamarca,2024-09-16,2,2024-09-30,5.544319,5.3863015
123,2024,Cundinamarca,2024-09-16,3,2024-10-07,4.4181294,5.203515
123,2024,Cundinamarca,2024-09-16,4,2024-10-14,5.024539,5.064151
123,2024,Cundinamarca,2024-09-23,1,2024-09-30,5.544319,5.5614996
123,2024,Cundinamarca,2024-09-23,2,2024-10-07,4.4181294,5.379835
123,2024,Cundinamarca,2024-09-23,3,2024-10-14,5.024539,5.2272763
123,2024,Cundinamarca,2024-09-23,4,2024-10-21,6.092976,5.123071
123,2024,Cundinamarca,2024-09-30,1,2024-10-07,4.4181294,5.0400515
123,2024,Cundinamarca,2024-09-30,2,2024-10-14,5.024539,4.877857
123,2024,Cundinamarca,2024-09-30,3,2024-10-21,6.092976,4.7724204
123,2024,Cundinamarca,2024-09-30,4,2024-10-28,5.1689224,4.6849356
123,2024,Cundinamarca,2024-10-07,1,2024-10-14,5.024539,5.03468
123,2024,Cundinamarca,2024-10-07,2,2024-10-21,6.092976,4.921994
123,2024,Cundinamarca,2024-10-07,3,2024-10-28,5.1689224,4.842428
123,2024,Cundinamarca,2024-10-07,4,2024-11-04,5.544319,4.784708
123,2024,Cundinamarca,2024-10-14,1,2024-10-21,6.092976,4.6141887
123,2024,Cundinamarca,2024-10-14,2,2024-10-28,5.1689224,4.5161242
123,2024,Cundinamarca,2024-10-14,3,2024-11-04,5.544319,4.472888
123,2024,Cundinamarca,2024-10-14,4,2024-11-11,6.006346,4.4269342
123,2024,Cundinamarca,2024-10-21,1,2024-10-28,5.1689224,4.6649117
123,2024,Cundinamarca,2024-10-21,2,2024-11-04,5.544319,4.6062694
123,2024,Cundinamarca,2024-10-21,3,2024-11-11,6.006346,4.582007
123,2024,Cundinamarca,2024-10-21,4,2024-11-18,4.0716095,4.5575647
123,2024,Cundinamarca,2024-10-28,1,2024-11-04,5.544319,5.2397127
123,2024,Cundinamarca,2024-10-28,2,2024-11-11,6.006346,5.2609177
123,2024,Cundinamarca,2024-10-28,3,2024-11-18,4.0716095,5.2413673
123,2024,Cundinamarca,2024-10-28,4,2024-11-25,4.7357726,5.2710495
123,2024,Cundinamarca,2024-11-04,1,2024-11-11,6.006346,5.1329603
123,2024,Cundinamarca,2024-11-04,2,2024-11-18,4.0716095,5.1792436
123,2024,Cundinamarca,2024-11-04,3,2024-11-25,4.7357726,5.1891804
123,2024,Cundinamarca,2024-11-04,4,2024-12-02,4.1293626,5.248319
123,2024,Cundinamarca,2024-11-11,1,2024-11-18,4.0716095,5.3359003
123,2024,Cundinamarca,2024-11-11,2,2024-11-25,4.7357726,5.4276276
123,2024,Cundinamarca,2024-11-11,3,2024-12-02,4.1293626,5.4575553
123,2024,Cundinamarca,2024-11-11,4,2024-12-09,4.995663,5.5530314
123,2024,Cundinamarca,2024-11-18,1,2024-11-25,4.7357726,5.8119507
123,2024,Cundinamarca,2024-11-18,2,2024-12-02,4.1293626,5.9564605
123,2024,Cundinamarca,2024-11-18,3,2024-12-09,4.995663,5.9925504
123,2024,Cundinamarca,2024-11-18,4,2024-12-16,5.342182,6.127823
123,2024,Guainia,2024-02-19,1,2024-02-26,6.868132,1.1894981
123,2024,Guainia,2024-02-19,2,2024-03-04,5.1510987,1.1523536
123,2024,Guainia,2024-02-19,3,2024-03-11,3.4340658,1.0963396
123,2024,Guainia,2024-02-19,4,2024-03-18,6.868132,1.0729556
123,2024,Guainia,2024-02-26,1,2024-03-04,5.1510987,2.4841638
123,2024,Guainia,2024-02-26,2,2024-03-11,3.4340658,2.4603755
123,2024,Guainia,2024-02-26,3,2024-03-18,6.868132,2.5519502
123,2024,Guainia,2024-02-26,4,2024-03-25,3.4340658,2.5581656
123,2024,Guainia,2024-03-04,1,2024-03-11,3.4340658,4.570385
123,2024,Guainia,2024-03-04,2,2024-03-18,6.868132,4.7026896
123,2024,Guainia,2024-03-04,3,2024-03-25,3.4340658,4.76184
123,2024,Guainia,2024-03-04,4,2024-04-01,1.7170329,4.8338976
123,2024,Guainia,2024-03-11,1,2024-03-18,6.868132,4.722905
123,2024,Guainia,2024-03-11,2,2024-03-25,3.4340658,4.77188
123,2024,Guainia,2024-03-11,3,2024-04-01,1.7170329,4.8058124
123,2024,Guainia,2024-03-11,4,2024-04-08,0.0,4.855518
123,2024,Guainia,2024-03-18,1,2024-03-25,3.4340658,4.2572618
123,2024,Guainia,2024-03-18,2,2024-04-01,1.7170329,4.217148
123,2024,Guainia,2024-03-18,3,2024-04-08,0.0,4.2584805
123,2024,Guainia,2024-03-18,4,2024-04-15,3.4340658,4.2690425
123,2024,Guainia,2024-03-25,1,2024-04-01,1.7170329,5.4561577
123,2024,Guainia,2024-03-25,2,2024-04-08,0.0,5.4708257
123,2024,Guainia,2024-03-25,3,2024-04-15,3.4340658,5.476612
123,2024,Guainia,2024-03-25,4,2024-04-22,13.736264,5.519326
123,2024,Guainia,2024-04-01,1,2024-04-08,0.0,4.5543056
123,2024,Guainia,2024-04-01,2,2024-04-15,3.4340658,4.4664927
123,2024,Guainia,2024-04-01,3,2024-04-22,13.736264,4.4822054
123,2024,Guainia,2024-04-01,4,2024-04-29,18.887362,4.4591722
123,2024,Guainia,2024-04-08,1,2024-04-15,3.4340658,3.7624679
123,2024,Guainia,2024-04-08,2,2024-04-22,13.736264,3.6421769
123,2024,Guainia,2024-04-08,3,2024-04-29,18.887362,3.6831214
123,2024,Guainia,2024-04-08,4,2024-05-06,30.906593,3.6294239
123,2024,Guainia,2024-04-15,1,2024-04-22,13.736264,2.3419244
123,2024,Guainia,2024-04-15,2,2024-04-29,18.887362,2.2494102
123,2024,Guainia,2024-04-15,3,2024-05-06,30.906593,2.202875
123,2024,Guainia,2024-04-15,4,2024-05-13,22.321428,2.1646242
123,2024,Guainia,2024-04-22,1,2024-04-29,18.887362,2.5448632
123,2024,Guainia,2024-04-22,2,2024-05-06,30.906593,2.4784377
123,2024,Guainia,2024-04-22,3,2024-05-13,22.321428,2.48459
123,2024,Guainia,2024-04-22,4,2024-05-20,27.472527,2.4558058
123,2024,Guainia,2024-04-29,1,2024-05-06,30.906593,5.2157297
123,2024,Guainia,2024-04-29,2,2024-05-13,22.321428,5.365968
123,2024,Guainia,2024-04-29,3,2024-05-20,27.472527,5.4078536
123,2024,Guainia,2024-04-29,4,2024-05-27,10.3021965,5.4895
123,2024,Guainia,2024-05-06,1,2024-05-13,22.321428,8.09882
123,2024,Guainia,2024-05-06,2,2024-05-20,27.472527,8.506311
123,2024,Guainia,2024-05-06,3,2024-05-27,10.3021965,8.51929
123,2024,Guainia,2024-05-06,4,2024-06-03,25.755493,8.778596
123,2024,Guainia,2024-05-13,1,2024-05-20,27.472527,12.052902
123,2024,Guainia,2024-05-13,2,2024-05-27,10.3021965,12.718357
123,2024,Guainia,2024-05-13,3,2024-06-03,25.755493,12.669253
123,2024,Guainia,2024-05-13,4,2024-06-10,6.868132,13.019467
123,2024,Guainia,2024-05-20,1,2024-05-27,10.3021965,14.665454
123,2024,Guainia,2024-05-20,2,2024-06-03,25.755493,15.361869
123,2024,Guainia,2024-05-20,3,2024-06-10,6.868132,15.271434
123,2024,Guainia,2024-05-20,4,2024-06-17,25.755493,15.504506
123,2024,Guainia,2024-05-27,1,2024-06-03,25.755493,17.886398
123,2024,Guainia,2024-05-27,2,2024-06-10,6.868132,18.55875
123,2024,Guainia,2024-05-27,3,2024-06-17,25.755493,18.425375
123,2024,Guainia,2024-05-27,4,2024-06-24,17.17033,18.403637
123,2024,Guainia,2024-06-03,1,2024-06-10,6.868132,11.702906
123,2024,Guainia,2024-06-03,2,2024-06-17,25.755493,11.350717
123,2024,Guainia,2024-06-03,3,2024-06-24,17.17033,11.0899
123,2024,Guainia,2024-06-03,4,2024-07-01,18.887362,10.797941
123,2024,Guainia,2024-06-10,1,2024-06-17,25.755493,16.397133
123,2024,Guainia,2024-06-10,2,2024-06-24,17.17033,16.003563
123,2024,Guainia,2024-06-10,3,2024-07-01,18.887362,15.618322
123,2024,Guainia,2024-06-10,4,2024-07-08,20.604395,15.005506
123,2024,Guainia,2024-06-17,1,2024-06-24,17.17033,8.593914
123,2024,Guainia,2024-06-17,2,2024-07-01,18.887362,7.9108677
123,2024,Guainia,2024-06-17,3,2024-07-08,20.604395,7.6463284
123,2024,Guainia,2024-06-17,4,2024-07-15,18.887362,7.213167
123,2024,Guainia,2024-06-24,1,2024-07-01,18.887362,13.404674
123,2024,Guainia,2024-06-24,2,2024-07-08,20.604395,12.744439
123,2024,Guainia,2024-06-24,3,2024-07-15,18.887362,12.357095
123,2024,Guainia,2024-06-24,4,2024-07-22,13.736264,11.683018
123,2024,Guainia,2024-07-01,1,2024-07-08,20.604395,12.377189
123,2024,Guainia,2024-07-01,2,2024-07-15,18.887362,11.735171
123,2024,Guainia,2024-07-01,3,2024-07-22,13.736264,11.32367
123,2024,Guainia,2024-07-01,4,2024-07-29,10.3021965,10.758394
123,2024,Guainia,2024-07-08,1,2024-07-15,18.887362,12.554664
123,2024,Guainia,2024-07-08,2,2024-07-22,13.736264,11.949131
123,2024,Guainia,2024-07-08,3,2024-07-29,10.3021965,11.456571
123,2024,Guainia,2024-07-08,4,2024-08-05,18.887362,10.930272
123,2024,Guainia,2024-07-15,1,2024-07-22,13.736264,12.4479885
123,2024,Guainia,2024-07-15,2,2024-07-29,10.3021965,11.788805
123,2024,Guainia,2024-07-15,3,2024-08-05,18.887362,11.213577
123,2024,Guainia,2024-07-15,4,2024-08-12,8.585164,10.711601
123,2024,Guainia,2024-07-22,1,2024-07-29,10.3021965,12.9066
123,2024,Guainia,2024-07-22,2,2024-08-05,18.887362,12.157464
123,2024,Guainia,2024-07-22,3,2024-08-12,8.585164,11.512909
123,2024,Guainia,2024-07-22,4,2024-08-19,6.868132,10.957473
123,2024,Guainia,2024-07-29,1,2024-08-05,18.887362,10.037039
123,2024,Guainia,2024-07-29,2,2024-08-12,8.585164,9.095966
123,2024,Guainia,2024-07-29,3,2024-08-19,6.868132,8.508468
123,2024,Guainia,2024-07-29,4,2024-08-26,0.0,7.936835
123,2024,Guainia,2024-08-05,1,2024-08-12,8.585164,9.488417
123,2024,Guainia,2024-08-05,2,2024-08-19,6.868132,8.50202
123,2024,Guainia,2024-08-05,3,2024-08-26,0.0,7.928944
123,2024,Guainia,2024-08-05,4,2024-09-02,1.7170329,7.3110337
123,2024,Guainia,2024-08-12,1,2024-08-19,6.868132,11.531339
123,2024,Guainia,2024-08-12,2,2024-08-26,0.0,10.566017
123,2024,Guainia,2024-08-12,3,2024-09-02,1.7170329,9.906865
123,2024,Guainia,2024-08-12,4,2024-09-09,17.17033,9.244891
123,2024,Guainia,2024-08-19,1,2024-08-26,0.0,9.262429
123,2024,Guainia,2024-08-19,2,2024-09-02,1.7170329,8.405605
123,2024,Guainia,2024-08-19,3,2024-09-09,17.17033,7.895703
123,2024,Guainia,2024-08-19,4,2024-09-16,1.7170329,7.355305
123,2024,Guainia,2024-08-26,1,2024-09-02,1.7170329,6.6783943
123,2024,Guainia,2024-08-26,2,2024-09-09,17.17033,5.9826283
123,2024,Guainia,2024-08-26,3,2024-09-16,1.7170329,5.636498
123,2024,Guainia,2024-08-26,4,2024-09-23,3.4340658,5.1968865
123,2024,Guainia,2024-09-02,1,2024-09-09,17.17033,3.634836
123,2024,Guainia,2024-09-02,2,2024-09-16,1.7170329,3.2305965
123,2024,Guainia,2024-09-02,3,2024-09-23,3.4340658,3.005929
123,2024,Guainia,2024-09-02,4,2024-09-30,18.887362,2.770849
123,2024,Guainia,2024-09-09,1,2024-09-16,1.7170329,2.6731381
123,2024,Guainia,2024-09-09,2,2024-09-23,3.4340658,2.424978
123,2024,Guainia,2024-09-09,3,2024-09-30,18.887362,2.1786363
123,2024,Guainia,2024-09-09,4,2024-10-07,12.01923,2.0362947
123,2024,Guainia,2024-09-16,1,2024-09-23,3.4340658,5.472038
123,2024,Guainia,2024-09-16,2,2024-09-30,18.887362,5.2652884
123,2024,Guainia,2024-09-16,3,2024-10-07,12.01923,5.114021
123,2024,Guainia,2024-09-16,4,2024-10-14,20.604395,4.9615808
123,2024,Guainia,2024-09-23,1,2024-09-30,18.887362,4.1205306
123,2024,Guainia,2024-09-23,2,2024-10-07,12.01923,3.959207
123,2024,Guainia,2024-09-23,3,2024-10-14,20.604395,3.9158835
123,2024,Guainia,2024-09-23,4,2024-10-21,12.01923,3.8480425
123,2024,Guainia,2024-09-30,1,2024-10-07,12.01923,4.1063337
123,2024,Guainia,2024-09-30,2,2024-10-14,20.604395,3.992955
123,2024,Guainia,2024-09-30,3,2024-10-21,12.01923,3.983394
123,2024,Guainia,2024-09-30,4,2024-10-28,10.3021965,3.9408536
123,2024,Guainia,2024-10-07,1,2024-10-14,20.604395,5.7292767
123,2024,Guainia,2024-10-07,2,2024-10-21,12.01923,5.742192
123,2024,Guainia,2024-10-07,3,2024-10-28,10.3021965,5.704972
123,2024,Guainia,2024-10-07,4,2024-11-04,5.1510987,5.781865
123,2024,Guainia,2024-10-14,1,2024-10-21,12.01923,5.806493
123,2024,Guainia,2024-10-14,2,2024-10-28,10.3021965,5.8264627
123,2024,Guainia,2024-10-14,3,2024-11-04,5.1510987,5.7970295
123,2024,Guainia,2024-10-14,4,2024-11-11,0.0,5.9162307
123,2024,Guainia,2024-10-21,1,2024-10-28,10.3021965,6.4246273
123,2024,Guainia,2024-10-21,2,2024-11-04,5.1510987,6.454987
123,2024,Guainia,2024-10-21,3,2024-11-11,0.0,6.411492
123,2024,Guainia,2024-10-21,4,2024-11-18,0.0,6.576307
123,2024,Guainia,2024-10-28,1,2024-11-04,5.1510987,6.50551
123,2024,Guainia,2024-10-28,2,2024-11-11,0.0,6.5331345
123,2024,Guainia,2024-10-28,3,2024-11-18,0.0,6.4970274
123,2024,Guainia,2024-10-28,4,2024-11-25,0.0,6.6692643
123,2024,Guainia,2024-11-04,1,2024-11-11,0.0,6.2209277
123,2024,Guainia,2024-11-04,2,2024-11-18,0.0,6.2236423
123,2024,Guainia,2024-11-04,3,2024-11-25,0.0,6.2121716
123,2024,Guainia,2024-11-04,4,2024-12-02,0.0,6.3946147
123,2024,Guainia,2024-11-11,1,2024-11-18,0.0,5.252944
123,2024,Guainia,2024-11-11,2,2024-11-25,0.0,5.214488
123,2024,Guainia,2024-11-11,3,2024-12-02,0.0,5.25315
123,2024,Guainia,2024-11-11,4,2024-12-09,0.0,5.386625
123,2024,Guainia,2024-11-18,1,2024-11-25,0.0,4.30234
123,2024,Guainia,2024-11-18,2,2024-12-02,0.0,4.2222238
123,2024,Guainia,2024-11-18,3,2024-12-09,0.0,4.3130097
123,2024,Guainia,2024-11-18,4,2024-12-16,1.7170329,4.3827505
123,2024,Guajira,2024-02-19,1,2024-02-26,4.0081725,4.3759975
123,2024,Guajira,2024-02-19,2,2024-03-04,4.580769,4.0356064
123,2024,Guajira,2024-02-19,3,2024-03-11,3.2447114,3.849632
123,2024,Guajira,2024-02-19,4,2024-03-18,3.4355767,3.624656
123,2024,Guajira,2024-02-26,1,2024-03-04,4.580769,4.680927
123,2024,Guajira,2024-02-26,2,2024-03-11,3.2447114,4.3478565
123,2024,Guajira,2024-02-26,3,2024-03-18,3.4355767,4.178621
123,2024,Guajira,2024-02-26,4,2024-03-25,3.1492789,3.9557445
123,2024,Guajira,2024-03-04,1,2024-03-11,3.2447114,4.0164757
123,2024,Guajira,2024-03-04,2,2024-03-18,3.4355767,3.732658
123,2024,Guajira,2024-03-04,3,2024-03-25,3.1492789,3.5835304
123,2024,Guajira,2024-03-04,4,2024-04-01,2.7675478,3.3897886
123,2024,Guajira,2024-03-11,1,2024-03-18,3.4355767,4.1300745
123,2024,Guajira,2024-03-11,2,2024-03-25,3.1492789,3.885101
123,2024,Guajira,2024-03-11,3,2024-04-01,2.7675478,3.7791843
123,2024,Guajira,2024-03-11,4,2024-04-08,1.8132211,3.6149347
123,2024,Guajira,2024-03-18,1,2024-03-25,3.1492789,3.5448039
123,2024,Guajira,2024-03-18,2,2024-04-01,2.7675478,3.3445451
123,2024,Guajira,2024-03-18,3,2024-04-08,1.8132211,3.2530687
123,2024,Guajira,2024-03-18,4,2024-04-15,2.4812498,3.1193876
123,2024,Guajira,2024-03-25,1,2024-04-01,2.7675478,3.3134139
123,2024,Guajira,2024-03-25,2,2024-04-08,1.8132211,3.1476023
123,2024,Guajira,2024-03-25,3,2024-04-15,2.4812498,3.08099
123,2024,Guajira,2024-03-25,4,2024-04-22,1.0497595,2.973216
123,2024,Guajira,2024-04-01,1,2024-04-08,1.8132211,3.2928958
123,2024,Guajira,2024-04-01,2,2024-04-15,2.4812498,3.1706345
123,2024,Guajira,2024-04-01,3,2024-04-22,1.0497595,3.1480489
123,2024,Guajira,2024-04-01,4,2024-04-29,1.6223556,3.076668
123,2024,Guajira,2024-04-08,1,2024-04-15,2.4812498,3.2270768
123,2024,Guajira,2024-04-08,2,2024-04-22,1.0497595,3.137759
123,2024,Guajira,2024-04-08,3,2024-04-29,1.6223556,3.1480725
123,2024,Guajira,2024-04-08,4,2024-05-06,1.6223556,3.106869
123,2024,Guajira,2024-04-15,1,2024-04-22,1.0497595,2.713273
123,2024,Guajira,2024-04-15,2,2024-04-29,1.6223556,2.6437285
123,2024,Guajira,2024-04-15,3,2024-05-06,1.6223556,2.6483757
123,2024,Guajira,2024-04-15,4,2024-05-13,1.3360577,2.6287448
123,2024,Guajira,2024-04-22,1,2024-04-29,1.6223556,2.8523767
123,2024,Guajira,2024-04-22,2,2024-05-06,1.6223556,2.8068135
123,2024,Guajira,2024-04-22,3,2024-05-13,1.3360577,2.844362
123,2024,Guajira,2024-04-22,4,2024-05-20,1.2406249,2.8444672
123,2024,Guajira,2024-04-29,1,2024-05-06,1.6223556,2.2280946
123,2024,Guajira,2024-04-29,2,2024-05-13,1.3360577,2.18433
123,2024,Guajira,2024-04-29,3,2024-05-20,1.2406249,2.1933825
123,2024,Guajira,2024-04-29,4,2024-05-27,2.2903843,2.2048166
123,2024,Guajira,2024-05-06,1,2024-05-13,1.3360577,2.1756387
123,2024,Guajira,2024-05-06,2,2024-05-20,1.2406249,2.149646
123,2024,Guajira,2024-05-06,3,2024-05-27,2.2903843,2.180044
123,2024,Guajira,2024-05-06,4,2024-06-03,1.4314903,2.2073693
123,2024,Guajira,2024-05-13,1,2024-05-20,1.2406249,2.169963
123,2024,Guajira,2024-05-13,2,2024-05-27,2.2903843,2.159316
123,2024,Guajira,2024-05-13,3,2024-06-03,1.4314903,2.2080128
123,2024,Guajira,2024-05-13,4,2024-06-10,1.4314903,2.2504542
123,2024,Guajira,2024-05-20,1,2024-05-27,2.2903843,2.0522509
123,2024,Guajira,2024-05-20,2,2024-06-03,1.4314903,2.0522819
123,2024,Guajira,2024-05-20,3,2024-06-10,1.4314903,2.1127658
123,2024,Guajira,2024-05-20,4,2024-06-17,2.6721153,2.1682649
123,2024,Guajira,2024-05-27,1,2024-06-03,1.4314903,1.9893143
123,2024,Guajira,2024-05-27,2,2024-06-10,1.4314903,1.9960451
123,2024,Guajira,2024-05-27,3,2024-06-17,2.6721153,2.0686812
123,2024,Guajira,2024-05-27,4,2024-06-24,1.8132211,2.1329153
123,2024,Guajira,2024-06-03,1,2024-06-10,1.4314903,2.4466054
123,2024,Guajira,2024-06-03,2,2024-06-17,2.6721153,2.485733
123,2024,Guajira,2024-06-03,3,2024-06-24,1.8132211,2.601161
123,2024,Guajira,2024-06-03,4,2024-07-01,1.9086539,2.6881914
123,2024,Guajira,2024-06-10,1,2024-06-17,2.6721153,2.4166677
123,2024,Guajira,2024-06-10,2,2024-06-24,1.8132211,2.4463105
123,2024,Guajira,2024-06-10,3,2024-07-01,1.9086539,2.5687613
123,2024,Guajira,2024-06-10,4,2024-07-08,2.1949518,2.655211
123,2024,Guajira,2024-06-17,1,2024-06-24,1.8132211,2.3305745
123,2024,Guajira,2024-06-17,2,2024-07-01,1.9086539,2.3523073
123,2024,Guajira,2024-06-17,3,2024-07-08,2.1949518,2.4793043
123,2024,Guajira,2024-06-17,4,2024-07-15,2.6721153,2.5617504
123,2024,Guajira,2024-06-24,1,2024-07-01,1.9086539,2.7281184
123,2024,Guajira,2024-06-24,2,2024-07-08,2.1949518,2.7807493
123,2024,Guajira,2024-06-24,3,2024-07-15,2.6721153,2.915382
123,2024,Guajira,2024-06-24,4,2024-07-22,2.9584134,3.0078497
123,2024,Guajira,2024-07-01,1,2024-07-08,2.1949518,2.701113
123,2024,Guajira,2024-07-01,2,2024-07-15,2.6721153,2.7423935
123,2024,Guajira,2024-07-01,3,2024-07-22,2.9584134,2.8784173
123,2024,Guajira,2024-07-01,4,2024-07-29,2.1949518,2.9661646
123,2024,Guajira,2024-07-08,1,2024-07-15,2.6721153,2.707078
123,2024,Guajira,2024-07-08,2,2024-07-22,2.9584134,2.7380972
123,2024,Guajira,2024-07-08,3,2024-07-29,2.1949518,2.8746548
123,2024,Guajira,2024-07-08,4,2024-08-05,2.6721153,2.9542074
123,2024,Guajira,2024-07-15,1,2024-07-22,2.9584134,2.8236523
123,2024,Guajira,2024-07-15,2,2024-07-29,2.1949518,2.858297
123,2024,Guajira,2024-07-15,3,2024-08-05,2.6721153,2.9942763
123,2024,Guajira,2024-07-15,4,2024-08-12,2.099519,3.0711544
123,2024,Guajira,2024-07-22,1,2024-07-29,2.1949518,3.1847064
123,2024,Guajira,2024-07-22,2,2024-08-05,2.6721153,3.2407053
123,2024,Guajira,2024-07-22,3,2024-08-12,2.099519,3.3752804
123,2024,Guajira,2024-07-22,4,2024-08-19,2.0040865,3.45835
123,2024,Guajira,2024-07-29,1,2024-08-05,2.6721153,3.6126845
123,2024,Guajira,2024-07-29,2,2024-08-12,2.099519,3.6927974
123,2024,Guajira,2024-07-29,3,2024-08-19,2.0040865,3.82238
123,2024,Guajira,2024-07-29,4,2024-08-26,2.0040865,3.9174953
123,2024,Guajira,2024-08-05,1,2024-08-12,2.099519,3.3543627
123,2024,Guajira,2024-08-05,2,2024-08-19,2.0040865,3.382461
123,2024,Guajira,2024-08-05,3,2024-08-26,2.0040865,3.5053093
123,2024,Guajira,2024-08-05,4,2024-09-02,1.1451923,3.5683553
123,2024,Guajira,2024-08-12,1,2024-08-19,2.0040865,3.3582635
123,2024,Guajira,2024-08-12,2,2024-08-26,2.0040865,3.3713562
123,2024,Guajira,2024-08-12,3,2024-09-02,1.1451923,3.4884305
123,2024,Guajira,2024-08-12,4,2024-09-09,0.47716346,3.5352893
123,2024,Guajira,2024-08-19,1,2024-08-26,2.0040865,3.108385
123,2024,Guajira,2024-08-19,2,2024-09-02,1.1451923,3.0952332
123,2024,Guajira,2024-08-19,3,2024-09-09,0.47716346,3.2070904
123,2024,Guajira,2024-08-19,4,2024-09-16,0.9543268,3.238821
123,2024,Guajira,2024-08-26,1,2024-09-02,1.1451923,2.9884562
123,2024,Guajira,2024-08-26,2,2024-09-09,0.47716346,2.9737759
123,2024,Guajira,2024-08-26,3,2024-09-16,0.9543268,3.0822513
123,2024,Guajira,2024-08-26,4,2024-09-23,1.5269231,3.112115
123,2024,Guajira,2024-09-02,1,2024-09-09,0.47716346,2.9828231
123,2024,Guajira,2024-09-02,2,2024-09-16,0.9543268,2.982824
123,2024,Guajira,2024-09-02,3,2024-09-23,1.5269231,3.096712
123,2024,Guajira,2024-09-02,4,2024-09-30,0.9543268,3.1366143
123,2024,Guajira,2024-09-09,1,2024-09-16,0.9543268,2.5189595
123,2024,Guajira,2024-09-09,2,2024-09-23,1.5269231,2.516363
123,2024,Guajira,2024-09-09,3,2024-09-30,0.9543268,2.5975971
123,2024,Guajira,2024-09-09,4,2024-10-07,2.099519,2.6376135
123,2024,Guajira,2024-09-16,1,2024-09-23,1.5269231,1.9049108
123,2024,Guajira,2024-09-16,2,2024-09-30,0.9543268,1.9036349
123,2024,Guajira,2024-09-16,3,2024-10-07,2.099519,1.9393586
123,2024,Guajira,2024-09-16,4,2024-10-14,2.0040865,1.9854531
123,2024,Guajira,2024-09-23,1,2024-09-30,0.9543268,1.6367297
123,2024,Guajira,2024-09-23,2,2024-10-07,2.099519,1.6455476
123,2024,Guajira,2024-09-23,3,2024-10-14,2.0040865,1.6738048
123,2024,Guajira,2024-09-23,4,2024-10-21,2.3858173,1.7208232
123,2024,Guajira,2024-09-30,1,2024-10-07,2.099519,1.8333474
123,2024,Guajira,2024-09-30,2,2024-10-14,2.0040865,1.8497413
123,2024,Guajira,2024-09-30,3,2024-10-21,2.3858173,1.9368623
123,2024,Guajira,2024-09-30,4,2024-10-28,2.5766828,1.9975624
123,2024,Guajira,2024-10-07,1,2024-10-14,2.0040865,1.7817699
123,2024,Guajira,2024-10-07,2,2024-10-21,2.3858173,1.8074932
123,2024,Guajira,2024-10-07,3,2024-10-28,2.5766828,1.8995029
123,2024,Guajira,2024-10-07,4,2024-11-04,4.580769,1.9750065
123,2024,Guajira,2024-10-14,1,2024-10-21,2.3858173,2.1971045
123,2024,Guajira,2024-10-14,2,2024-10-28,2.5766828,2.2512014
123,2024,Guajira,2024-10-14,3,2024-11-04,4.580769,2.3763535
123,2024,Guajira,2024-10-14,4,2024-11-11,2.7675478,2.4729395
123,2024,Guajira,2024-10-21,1,2024-10-28,2.5766828,2.457434
123,2024,Guajira,2024-10-21,2,2024-11-04,4.580769,2.5280988
123,2024,Guajira,2024-10-21,3,2024-11-11,2.7675478,2.6453857
123,2024,Guajira,2024-10-21,4,2024-11-18,4.3899035,2.7470477
123,2024,Guajira,2024-10-28,1,2024-11-04,4.580769,2.7214687
123,2024,Guajira,2024-10-28,2,2024-11-11,2.7675478,2.7856479
123,2024,Guajira,2024-10-28,3,2024-11-18,4.3899035,2.9015443
123,2024,Guajira,2024-10-28,4,2024-11-25,4.7716346,2.9908233
123,2024,Guajira,2024-11-04,1,2024-11-11,2.7675478,2.948772
123,2024,Guajira,2024-11-04,2,2024-11-18,4.3899035,3.0042288
123,2024,Guajira,2024-11-04,3,2024-11-25,4.7716346,3.1170807
123,2024,Guajira,2024-11-04,4,2024-12-02,5.153365,3.1969333
123,2024,Guajira,2024-11-11,1,2024-11-18,4.3899035,3.7472413
123,2024,Guajira,2024-11-11,2,2024-11-25,4.7716346,3.8379405
123,2024,Guajira,2024-11-11,3,2024-12-02,5.153365,3.9293556
123,2024,Guajira,2024-11-11,4,2024-12-09,10.0204315,4.022284
123,2024,Guajira,2024-11-18,1,2024-11-25,4.7716346,3.543318
123,2024,Guajira,2024-11-18,2,2024-12-02,5.153365,3.563727
123,2024,Guajira,2024-11-18,3,2024-12-09,10.0204315,3.6496
123,2024,Guajira,2024-11-18,4,2024-12-16,10.783895,3.698885
123,2024,Guaviare,2024-02-19,1,2024-02-26,24.837372,9.416943
123,2024,Guaviare,2024-02-19,2,2024-03-04,16.558249,9.093839
123,2024,Guaviare,2024-02-19,3,2024-03-11,11.827321,8.806041
123,2024,Guaviare,2024-02-19,4,2024-03-18,35.481964,8.66048
123,2024,Guaviare,2024-02-26,1,2024-03-04,16.558249,12.7080345
123,2024,Guaviare,2024-02-26,2,2024-03-11,11.827321,12.541039
123,2024,Guaviare,2024-02-26,3,2024-03-18,35.481964,12.186937
123,2024,Guaviare,2024-02-26,4,2024-03-25,16.558249,12.062827
123,2024,Guaviare,2024-03-04,1,2024-03-11,11.827321,16.56424
123,2024,Guaviare,2024-03-04,2,2024-03-18,35.481964,16.653646
123,2024,Guaviare,2024-03-04,3,2024-03-25,16.558249,16.335468
123,2024,Guaviare,2024-03-04,4,2024-04-01,22.47191,16.20128
123,2024,Guaviare,2024-03-11,1,2024-03-18,35.481964,16.735117
123,2024,Guaviare,2024-03-11,2,2024-03-25,16.558249,16.676945
123,2024,Guaviare,2024-03-11,3,2024-04-01,22.47191,16.320293
123,2024,Guaviare,2024-03-11,4,2024-04-08,17.740982,16.088371
123,2024,Guaviare,2024-03-18,1,2024-03-25,16.558249,14.271715
123,2024,Guaviare,2024-03-18,2,2024-04-01,22.47191,13.876068
123,2024,Guaviare,2024-03-18,3,2024-04-08,17.740982,13.507807
123,2024,Guaviare,2024-03-18,4,2024-04-15,20.106445,13.237119
123,2024,Guaviare,2024-03-25,1,2024-04-01,22.47191,21.764818
123,2024,Guaviare,2024-03-25,2,2024-04-08,17.740982,21.848959
123,2024,Guaviare,2024-03-25,3,2024-04-15,20.106445,21.664862
123,2024,Guaviare,2024-03-25,4,2024-04-22,22.47191,21.233315
123,2024,Guaviare,2024-04-01,1,2024-04-08,17.740982,21.333492
123,2024,Guaviare,2024-04-01,2,2024-04-15,20.106445,21.077679
123,2024,Guaviare,2024-04-01,3,2024-04-22,22.47191,20.766245
123,2024,Guaviare,2024-04-01,4,2024-04-29,36.664692,20.085783
123,2024,Guaviare,2024-04-08,1,2024-04-15,20.106445,24.501356
123,2024,Guaviare,2024-04-08,2,2024-04-22,22.47191,24.202682
123,2024,Guaviare,2024-04-08,3,2024-04-29,36.664692,23.973587
123,2024,Guaviare,2024-04-08,4,2024-05-06,14.192785,23.05148
123,2024,Guaviare,2024-04-15,1,2024-04-22,22.47191,21.794281
123,2024,Guaviare,2024-04-15,2,2024-04-29,36.664692,20.994394
123,2024,Guaviare,2024-04-15,3,2024-05-06,14.192785,20.508999
123,2024,Guaviare,2024-04-15,4,2024-05-13,23.65464,19.513351
123,2024,Guaviare,2024-04-22,1,2024-04-29,36.664692,20.370693
123,2024,Guaviare,2024-04-22,2,2024-05-06,14.192785,19.258612
123,2024,Guaviare,2024-04-22,3,2024-05-13,23.65464,18.658072
123,2024,Guaviare,2024-04-22,4,2024-05-20,24.837372,17.63861
123,2024,Guaviare,2024-04-29,1,2024-05-06,14.192785,19.993128
123,2024,Guaviare,2024-04-29,2,2024-05-13,23.65464,18.886934
123,2024,Guaviare,2024-04-29,3,2024-05-20,24.837372,18.208534
123,2024,Guaviare,2024-04-29,4,2024-05-27,16.558249,17.238237
123,2024,Guaviare,2024-05-06,1,2024-05-13,23.65464,24.142653
123,2024,Guaviare,2024-05-06,2,2024-05-20,24.837372,23.511133
123,2024,Guaviare,2024-05-06,3,2024-05-27,16.558249,22.97694
123,2024,Guaviare,2024-05-06,4,2024-06-03,16.558249,22.026474
123,2024,Guaviare,2024-05-13,1,2024-05-20,24.837372,18.665295
123,2024,Guaviare,2024-05-13,2,2024-05-27,16.558249,17.513592
123,2024,Guaviare,2024-05-13,3,2024-06-03,16.558249,16.839514
123,2024,Guaviare,2024-05-13,4,2024-06-10,13.010055,15.904325
123,2024,Guaviare,2024-05-20,1,2024-05-27,16.558249,19.041513
123,2024,Guaviare,2024-05-20,2,2024-06-03,16.558249,17.752497
123,2024,Guaviare,2024-05-20,3,2024-06-10,13.010055,16.998798
123,2024,Guaviare,2024-05-20,4,2024-06-17,14.192785,15.94308
123,2024,Guaviare,2024-05-27,1,2024-06-03,16.558249,18.777378
123,2024,Guaviare,2024-05-27,2,2024-06-10,13.010055,17.533947
123,2024,Guaviare,2024-05-27,3,2024-06-17,14.192785,16.713873
123,2024,Guaviare,2024-05-27,4,2024-06-24,10.644589,15.7317915
123,2024,Guaviare,2024-06-03,1,2024-06-10,13.010055,16.623014
123,2024,Guaviare,2024-06-03,2,2024-06-17,14.192785,15.283717
123,2024,Guaviare,2024-06-03,3,2024-06-24,10.644589,14.45131
123,2024,Guaviare,2024-06-03,4,2024-07-01,16.558249,13.511152
123,2024,Guaviare,2024-06-10,1,2024-06-17,14.192785,14.906922
123,2024,Guaviare,2024-06-10,2,2024-06-24,10.644589,13.343398
123,2024,Guaviare,2024-06-10,3,2024-07-01,16.558249,12.518695
123,2024,Guaviare,2024-06-10,4,2024-07-08,10.644589,11.494295
123,2024,Guaviare,2024-06-17,1,2024-06-24,10.644589,13.317729
123,2024,Guaviare,2024-06-17,2,2024-07-01,16.558249,11.855246
123,2024,Guaviare,2024-06-17,3,2024-07-08,10.644589,11.156312
123,2024,Guaviare,2024-06-17,4,2024-07-15,11.827321,10.197811
123,2024,Guaviare,2024-06-24,1,2024-07-01,16.558249,11.379448
123,2024,Guaviare,2024-06-24,2,2024-07-08,10.644589,10.170147
123,2024,Guaviare,2024-06-24,3,2024-07-15,11.827321,9.581018
123,2024,Guaviare,2024-06-24,4,2024-07-22,13.010055,8.790587
123,2024,Guaviare,2024-07-01,1,2024-07-08,10.644589,10.834103
123,2024,Guaviare,2024-07-01,2,2024-07-15,11.827321,9.865073
123,2024,Guaviare,2024-07-01,3,2024-07-22,13.010055,9.2832985
123,2024,Guaviare,2024-07-01,4,2024-07-29,10.644589,8.643306
123,2024,Guaviare,2024-07-08,1,2024-07-15,11.827321,12.603894
123,2024,Guaviare,2024-07-08,2,2024-07-22,13.010055,11.812259
123,2024,Guaviare,2024-07-08,3,2024-07-29,10.644589,11.236026
123,2024,Guaviare,2024-07-08,4,2024-08-05,14.192785,10.650635
123,2024,Guaviare,2024-07-15,1,2024-07-22,13.010055,10.821912
123,2024,Guaviare,2024-07-15,2,2024-07-29,10.644589,10.094451
123,2024,Guaviare,2024-07-15,3,2024-08-05,14.192785,9.617299
123,2024,Guaviare,2024-07-15,4,2024-08-12,10.644589,9.15848
123,2024,Guaviare,2024-07-22,1,2024-07-29,10.644589,10.299424
123,2024,Guaviare,2024-07-22,2,2024-08-05,14.192785,9.684583
123,2024,Guaviare,2024-07-22,3,2024-08-12,10.644589,9.262387
123,2024,Guaviare,2024-07-22,4,2024-08-19,10.644589,8.862987
123,2024,Guaviare,2024-07-29,1,2024-08-05,14.192785,10.434603
123,2024,Guaviare,2024-07-29,2,2024-08-12,10.644589,9.909192
123,2024,Guaviare,2024-07-29,3,2024-08-19,10.644589,9.50288
123,2024,Guaviare,2024-07-29,4,2024-08-26,8.279125,9.152101
123,2024,Guaviare,2024-08-05,1,2024-08-12,10.644589,8.729403
123,2024,Guaviare,2024-08-05,2,2024-08-19,10.644589,8.257955
123,2024,Guaviare,2024-08-05,3,2024-08-26,8.279125,7.9402385
123,2024,Guaviare,2024-08-05,4,2024-09-02,10.644589,7.689835
123,2024,Guaviare,2024-08-12,1,2024-08-19,10.644589,8.974774
123,2024,Guaviare,2024-08-12,2,2024-08-26,8.279125,8.585799
123,2024,Guaviare,2024-08-12,3,2024-09-02,10.644589,8.285067
123,2024,Guaviare,2024-08-12,4,2024-09-09,8.279125,8.078305
123,2024,Guaviare,2024-08-19,1,2024-08-26,8.279125,8.388614
123,2024,Guaviare,2024-08-19,2,2024-09-02,10.644589,8.088882
123,2024,Guaviare,2024-08-19,3,2024-09-09,8.279125,7.842699
123,2024,Guaviare,2024-08-19,4,2024-09-16,13.010055,7.7275577
123,2024,Guaviare,2024-08-26,1,2024-09-02,10.644589,7.9607673
123,2024,Guaviare,2024-08-26,2,2024-09-09,8.279125,7.6920686
123,2024,Guaviare,2024-08-26,3,2024-09-16,13.010055,7.4650064
123,2024,Guaviare,2024-08-26,4,2024-09-23,7.0963917,7.3796453
123,2024,Guaviare,2024-09-02,1,2024-09-09,8.279125,7.1594257
123,2024,Guaviare,2024-09-02,2,2024-09-16,13.010055,6.9176593
123,2024,Guaviare,2024-09-02,3,2024-09-23,7.0963917,6.7369285
123,2024,Guaviare,2024-09-02,4,2024-09-30,5.9136605,6.6779733
123,2024,Guaviare,2024-09-09,1,2024-09-16,13.010055,6.9169946
123,2024,Guaviare,2024-09-09,2,2024-09-23,7.0963917,6.7179704
123,2024,Guaviare,2024-09-09,3,2024-09-30,5.9136605,6.560199
123,2024,Guaviare,2024-09-09,4,2024-10-07,9.461856,6.535218
123,2024,Guaviare,2024-09-16,1,2024-09-23,7.0963917,5.6830916
123,2024,Guaviare,2024-09-16,2,2024-09-30,5.9136605,5.517807
123,2024,Guaviare,2024-09-16,3,2024-10-07,9.461856,5.4380383
123,2024,Guaviare,2024-09-16,4,2024-10-14,5.9136605,5.4506745
123,2024,Guaviare,2024-09-23,1,2024-09-30,5.9136605,6.016892
123,2024,Guaviare,2024-09-23,2,2024-10-07,9.461856,5.9026113
123,2024,Guaviare,2024-09-23,3,2024-10-14,5.9136605,5.814454
123,2024,Guaviare,2024-09-23,4,2024-10-21,9.461856,5.8626804
123,2024,Guaviare,2024-09-30,1,2024-10-07,9.461856,5.63743
123,2024,Guaviare,2024-09-30,2,2024-10-14,5.9136605,5.5034347
123,2024,Guaviare,2024-09-30,3,2024-10-21,9.461856,5.4405675
123,2024,Guaviare,2024-09-30,4,2024-10-28,7.0963917,5.479525
123,2024,Guaviare,2024-10-07,1,2024-10-14,5.9136605,5.1872673
123,2024,Guaviare,2024-10-07,2,2024-10-21,9.461856,5.074815
123,2024,Guaviare,2024-10-07,3,2024-10-28,7.0963917,5.052472
123,2024,Guaviare,2024-10-07,4,2024-11-04,10.644589,5.0950937
123,2024,Guaviare,2024-10-14,1,2024-10-21,9.461856,5.665528
123,2024,Guaviare,2024-10-14,2,2024-10-28,7.0963917,5.592563
123,2024,Guaviare,2024-10-14,3,2024-11-04,10.644589,5.555107
123,2024,Guaviare,2024-10-14,4,2024-11-11,4.7309284,5.6292915
123,2024,Guaviare,2024-10-21,1,2024-10-28,7.0963917,5.129718
123,2024,Guaviare,2024-10-21,2,2024-11-04,10.644589,5.0685563
123,2024,Guaviare,2024-10-21,3,2024-11-11,4.7309284,5.0718055
123,2024,Guaviare,2024-10-21,4,2024-11-18,5.9136605,5.152725
123,2024,Guaviare,2024-10-28,1,2024-11-04,10.644589,5.9059315
123,2024,Guaviare,2024-10-28,2,2024-11-11,4.7309284,5.8978996
123,2024,Guaviare,2024-10-28,3,2024-11-18,5.9136605,5.8788447
123,2024,Guaviare,2024-10-28,4,2024-11-25,7.0963917,6.0094085
123,2024,Guaviare,2024-11-04,1,2024-11-11,4.7309284,6.097767
123,2024,Guaviare,2024-11-04,2,2024-11-18,5.9136605,6.1182046
123,2024,Guaviare,2024-11-04,3,2024-11-25,7.0963917,6.1063757
123,2024,Guaviare,2024-11-04,4,2024-12-02,10.644589,6.277036
123,2024,Guaviare,2024-11-11,1,2024-11-18,5.9136605,7.29653
123,2024,Guaviare,2024-11-11,2,2024-11-25,7.0963917,7.3939443
123,2024,Guaviare,2024-11-11,3,2024-12-02,10.644589,7.367968
123,2024,Guaviare,2024-11-11,4,2024-12-09,16.558249,7.6180363
123,2024,Guaviare,2024-11-18,1,2024-11-25,7.0963917,6.383185
123,2024,Guaviare,2024-11-18,2,2024-12-02,10.644589,6.422781
123,2024,Guaviare,2024-11-18,3,2024-12-09,16.558249,6.426792
123,2024,Guaviare,2024-11-18,4,2024-12-16,2.3654644,6.6450076
123,2024,Huila,2024-02-19,1,2024-02-26,58.589455,36.061073
123,2024,Huila,2024-02-19,2,2024-03-04,61.518932,35.9979
123,2024,Huila,2024-02-19,3,2024-03-11,64.950615,36.196167
123,2024,Huila,2024-02-19,4,2024-03-18,55.074085,34.872025
123,2024,Huila,2024-02-26,1,2024-03-04,61.518932,36.71015
123,2024,Huila,2024-02-26,2,2024-03-11,64.950615,36.589596
123,2024,Huila,2024-02-26,3,2024-03-18,55.074085,36.761215
123,2024,Huila,2024-02-26,4,2024-03-25,50.13584,35.39257
123,2024,Huila,2024-03-04,1,2024-03-11,64.950615,37.598293
123,2024,Huila,2024-03-04,2,2024-03-18,55.074085,37.566536
123,2024,Huila,2024-03-04,3,2024-03-25,50.13584,37.78768
123,2024,Huila,2024-03-04,4,2024-04-01,58.422073,36.491905
123,2024,Huila,2024-03-11,1,2024-03-18,55.074085,38.47743
123,2024,Huila,2024-03-11,2,2024-03-25,50.13584,38.547592
123,2024,Huila,2024-03-11,3,2024-04-01,58.422073,38.817844
123,2024,Huila,2024-03-11,4,2024-04-08,56.24588,37.60696
123,2024,Huila,2024-03-18,1,2024-03-25,50.13584,38.835117
123,2024,Huila,2024-03-18,2,2024-04-01,58.422073,38.98628
123,2024,Huila,2024-03-18,3,2024-04-08,56.24588,39.27334
123,2024,Huila,2024-03-18,4,2024-04-15,50.721745,38.126324
123,2024,Huila,2024-03-25,1,2024-04-01,58.422073,37.358776
123,2024,Huila,2024-03-25,2,2024-04-08,56.24588,37.475136
123,2024,Huila,2024-03-25,3,2024-04-15,50.721745,37.650772
123,2024,Huila,2024-03-25,4,2024-04-22,56.91548,36.53044
123,2024,Huila,2024-04-01,1,2024-04-08,56.24588,35.94765
123,2024,Huila,2024-04-01,2,2024-04-15,50.721745,35.905983
123,2024,Huila,2024-04-01,3,2024-04-22,56.91548,35.912846
123,2024,Huila,2024-04-01,4,2024-04-29,50.638042,34.713306
123,2024,Huila,2024-04-08,1,2024-04-15,50.721745,37.35808
123,2024,Huila,2024-04-08,2,2024-04-22,56.91548,37.353703
123,2024,Huila,2024-04-08,3,2024-04-29,50.638042,37.425983
123,2024,Huila,2024-04-08,4,2024-05-06,52.897915,36.229
123,2024,Huila,2024-04-15,1,2024-04-22,56.91548,38.227707
123,2024,Huila,2024-04-15,2,2024-04-29,50.638042,38.325542
123,2024,Huila,2024-04-15,3,2024-05-06,52.897915,38.48392
123,2024,Huila,2024-04-15,4,2024-05-13,51.97723,37.42686
123,2024,Huila,2024-04-22,1,2024-04-29,50.638042,37.16569
123,2024,Huila,2024-04-22,2,2024-05-06,52.897915,37.126312
123,2024,Huila,2024-04-22,3,2024-05-13,51.97723,37.214397
123,2024,Huila,2024-04-22,4,2024-05-20,52.144627,36.178497
123,2024,Huila,2024-04-29,1,2024-05-06,52.897915,37.557518
123,2024,Huila,2024-04-29,2,2024-05-13,51.97723,37.45181
123,2024,Huila,2024-04-29,3,2024-05-20,52.144627,37.537125
123,2024,Huila,2024-04-29,4,2024-05-27,53.232708,36.49286
123,2024,Huila,2024-05-06,1,2024-05-13,51.97723,36.749912
123,2024,Huila,2024-05-06,2,2024-05-20,52.144627,36.4707
123,2024,Huila,2024-05-06,3,2024-05-27,53.232708,36.480125
123,2024,Huila,2024-05-06,4,2024-06-03,44.025803,35.397697
123,2024,Huila,2024-05-13,1,2024-05-20,52.144627,37.315964
123,2024,Huila,2024-05-13,2,2024-05-27,53.232708,37.132496
123,2024,Huila,2024-05-13,3,2024-06-03,44.025803,37.20374
123,2024,Huila,2024-05-13,4,2024-06-10,46.70417,36.154076
123,2024,Huila,2024-05-20,1,2024-05-27,53.232708,37.70372
123,2024,Huila,2024-05-20,2,2024-06-03,44.025803,37.64656
123,2024,Huila,2024-05-20,3,2024-06-10,46.70417,37.77203
123,2024,Huila,2024-05-20,4,2024-06-17,42.854008,36.77379
123,2024,Huila,2024-05-27,1,2024-06-03,44.025803,37.887985
123,2024,Huila,2024-05-27,2,2024-06-10,46.70417,37.905716
123,2024,Huila,2024-05-27,3,2024-06-17,42.854008,38.050007
123,2024,Huila,2024-05-27,4,2024-06-24,35.906975,37.101513
123,2024,Huila,2024-06-03,1,2024-06-10,46.70417,37.795025
123,2024,Huila,2024-06-03,2,2024-06-17,42.854008,37.844395
123,2024,Huila,2024-06-03,3,2024-06-24,35.906975,38.01459
123,2024,Huila,2024-06-03,4,2024-07-01,37.246162,37.05605
123,2024,Huila,2024-06-10,1,2024-06-17,42.854008,36.091976
123,2024,Huila,2024-06-10,2,2024-06-24,35.906975,35.956665
123,2024,Huila,2024-06-10,3,2024-07-01,37.246162,36.054916
123,2024,Huila,2024-06-10,4,2024-07-08,39.50604,34.9893
123,2024,Huila,2024-06-17,1,2024-06-24,35.906975,34.41575
123,2024,Huila,2024-06-17,2,2024-07-01,37.246162,34.055656
123,2024,Huila,2024-06-17,3,2024-07-08,39.50604,34.0811
123,2024,Huila,2024-06-17,4,2024-07-15,33.312298,32.909267
123,2024,Huila,2024-06-24,1,2024-07-01,37.246162,33.028076
123,2024,Huila,2024-06-24,2,2024-07-08,39.50604,32.523075
123,2024,Huila,2024-06-24,3,2024-07-15,33.312298,32.483616
123,2024,Huila,2024-06-24,4,2024-07-22,31.136116,31.212095
123,2024,Huila,2024-07-01,1,2024-07-08,39.50604,31.093742
123,2024,Huila,2024-07-01,2,2024-07-15,33.312298,30.452274
123,2024,Huila,2024-07-01,3,2024-07-22,31.136116,30.324568
123,2024,Huila,2024-07-01,4,2024-07-29,25.863062,29.002798
123,2024,Huila,2024-07-08,1,2024-07-15,33.312298,28.964874
123,2024,Huila,2024-07-08,2,2024-07-22,31.136116,28.248625
123,2024,Huila,2024-07-08,3,2024-07-29,25.863062,28.05659
123,2024,Huila,2024-07-08,4,2024-08-05,25.528269,26.731491
123,2024,Huila,2024-07-15,1,2024-07-22,31.136116,26.288618
123,2024,Huila,2024-07-15,2,2024-07-29,25.863062,25.375145
123,2024,Huila,2024-07-15,3,2024-08-05,25.528269,25.04665
123,2024,Huila,2024-07-15,4,2024-08-12,18.664928,23.730732
123,2024,Huila,2024-07-22,1,2024-07-29,25.863062,21.810541
123,2024,Huila,2024-07-22,2,2024-08-05,25.528269,20.76142
123,2024,Huila,2024-07-22,3,2024-08-12,18.664928,20.321323
123,2024,Huila,2024-07-22,4,2024-08-19,18.079035,19.227058
123,2024,Huila,2024-07-29,1,2024-08-05,25.528269,19.149853
123,2024,Huila,2024-07-29,2,2024-08-12,18.664928,18.194658
123,2024,Huila,2024-07-29,3,2024-08-19,18.079035,17.780367
123,2024,Huila,2024-07-29,4,2024-08-26,17.576838,16.98639
123,2024,Huila,2024-08-05,1,2024-08-12,18.664928,17.193886
123,2024,Huila,2024-08-05,2,2024-08-19,18.079035,16.297375
123,2024,Huila,2024-08-05,3,2024-08-26,17.576838,15.894002
123,2024,Huila,2024-08-05,4,2024-09-02,17.827938,15.269608
123,2024,Huila,2024-08-12,1,2024-08-19,18.079035,16.282032
123,2024,Huila,2024-08-12,2,2024-08-26,17.576838,15.454286
123,2024,Huila,2024-08-12,3,2024-09-02,17.827938,15.082572
123,2024,Huila,2024-08-12,4,2024-09-09,9.290615,14.531217
123,2024,Huila,2024-08-19,1,2024-08-26,17.576838,13.758715
123,2024,Huila,2024-08-19,2,2024-09-02,17.827938,12.985322
123,2024,Huila,2024-08-19,3,2024-09-09,9.290615,12.615514
123,2024,Huila,2024-08-19,4,2024-09-16,7.1981344,12.209836
123,2024,Huila,2024-08-26,1,2024-09-02,17.827938,12.815674
123,2024,Huila,2024-08-26,2,2024-09-09,9.290615,12.111552
123,2024,Huila,2024-08-26,3,2024-09-16,7.1981344,11.761048
123,2024,Huila,2024-08-26,4,2024-09-23,8.955819,11.404139
123,2024,Huila,2024-09-02,1,2024-09-09,9.290615,11.870024
123,2024,Huila,2024-09-02,2,2024-09-16,7.1981344,11.28046
123,2024,Huila,2024-09-02,3,2024-09-23,8.955819,10.963666
123,2024,Huila,2024-09-02,4,2024-09-30,8.87212,10.691943
123,2024,Huila,2024-09-09,1,2024-09-16,7.1981344,10.907814
123,2024,Huila,2024-09-09,2,2024-09-23,8.955819,10.463326
123,2024,Huila,2024-09-09,3,2024-09-30,8.87212,10.181572
123,2024,Huila,2024-09-09,4,2024-10-07,8.62102,10.040824
123,2024,Huila,2024-09-16,1,2024-09-23,8.955819,8.809378
123,2024,Huila,2024-09-16,2,2024-09-30,8.87212,8.452782
123,2024,Huila,2024-09-16,3,2024-10-07,8.62102,8.239607
123,2024,Huila,2024-09-16,4,2024-10-14,10.546103,8.1714525
123,2024,Huila,2024-09-23,1,2024-09-30,8.87212,7.5202427
123,2024,Huila,2024-09-23,2,2024-10-07,8.62102,7.2577972
123,2024,Huila,2024-09-23,3,2024-10-14,10.546103,7.10007
123,2024,Huila,2024-09-23,4,2024-10-21,8.955819,7.0707474
123,2024,Huila,2024-09-30,1,2024-10-07,8.62102,7.032278
123,2024,Huila,2024-09-30,2,2024-10-14,10.546103,6.8638825
123,2024,Huila,2024-09-30,3,2024-10-21,8.955819,6.732213
123,2024,Huila,2024-09-30,4,2024-10-28,5.105654,6.7579007
123,2024,Huila,2024-10-07,1,2024-10-14,10.546103,6.2204037
123,2024,Huila,2024-10-07,2,2024-10-21,8.955819,6.100966
123,2024,Huila,2024-10-07,3,2024-10-28,5.105654,5.9823046
123,2024,Huila,2024-10-07,4,2024-11-04,4.1012626,6.0292935
123,2024,Huila,2024-10-14,1,2024-10-21,8.955819,5.544016
123,2024,Huila,2024-10-14,2,2024-10-28,5.105654,5.4354677
123,2024,Huila,2024-10-14,3,2024-11-04,4.1012626,5.3192267
123,2024,Huila,2024-10-14,4,2024-11-11,4.3523607,5.3478975
123,2024,Huila,2024-10-21,1,2024-10-28,5.105654,5.65422
123,2024,Huila,2024-10-21,2,2024-11-04,4.1012626,5.5753417
123,2024,Huila,2024-10-21,3,2024-11-11,4.3523607,5.4411497
123,2024,Huila,2024-10-21,4,2024-11-18,7.4492326,5.48501
123,2024,Huila,2024-10-28,1,2024-11-04,4.1012626,5.1433544
123,2024,Huila,2024-10-28,2,2024-11-11,4.3523607,5.050996
123,2024,Huila,2024-10-28,3,2024-11-18,7.4492326,4.9333234
123,2024,Huila,2024-10-28,4,2024-11-25,4.3523607,4.9629574
123,2024,Huila,2024-11-04,1,2024-11-11,4.3523607,4.2764163
123,2024,Huila,2024-11-04,2,2024-11-18,7.4492326,4.150238
123,2024,Huila,2024-11-04,3,2024-11-25,4.3523607,4.0844107
123,2024,Huila,2024-11-04,4,2024-12-02,4.854556,4.071628
123,2024,Huila,2024-11-11,1,2024-11-18,7.4492326,3.6977043
123,2024,Huila,2024-11-11,2,2024-11-25,4.3523607,3.5636954
123,2024,Huila,2024-11-11,3,2024-12-02,4.854556,3.5275247
123,2024,Huila,2024-11-11,4,2024-12-09,6.5285416,3.483188
123,2024,Huila,2024-11-18,1,2024-11-25,4.3523607,3.2144365
123,2024,Huila,2024-11-18,2,2024-12-02,4.854556,3.0895145
123,2024,Huila,2024-11-18,3,2024-12-09,6.5285416,3.058139
123,2024,Huila,2024-11-18,4,2024-12-16,5.858947,2.9932065
123,2024,Magdalena,2024-02-19,1,2024-02-26,2.7518084,3.2717452
123,2024,Magdalena,2024-02-19,2,2024-03-04,2.8173277,3.020341
123,2024,Magdalena,2024-02-19,3,2024-03-11,2.4242122,2.8517232
123,2024,Magdalena,2024-02-19,4,2024-03-18,3.5380392,2.6846318
123,2024,Magdalena,2024-02-26,1,2024-03-04,2.8173277,3.2541869
123,2024,Magdalena,2024-02-26,2,2024-03-11,2.4242122,3.034769
123,2024,Magdalena,2024-02-26,3,2024-03-18,3.5380392,2.895861
123,2024,Magdalena,2024-02-26,4,2024-03-25,2.096616,2.7509627
123,2024,Magdalena,2024-03-04,1,2024-03-11,2.4242122,2.7726731
123,2024,Magdalena,2024-03-04,2,2024-03-18,3.5380392,2.6003988
123,2024,Magdalena,2024-03-04,3,2024-03-25,2.096616,2.4770787
123,2024,Magdalena,2024-03-04,4,2024-04-01,1.6379812,2.3736305
123,2024,Magdalena,2024-03-11,1,2024-03-18,3.5380392,2.7062588
123,2024,Magdalena,2024-03-11,2,2024-03-25,2.096616,2.574705
123,2024,Magdalena,2024-03-11,3,2024-04-01,1.6379812,2.4877164
123,2024,Magdalena,2024-03-11,4,2024-04-08,2.882847,2.4158943
123,2024,Magdalena,2024-03-18,1,2024-03-25,2.096616,2.5246441
123,2024,Magdalena,2024-03-18,2,2024-04-01,1.6379812,2.4317787
123,2024,Magdalena,2024-03-18,3,2024-04-08,2.882847,2.3705108
123,2024,Magdalena,2024-03-18,4,2024-04-15,1.7690198,2.3340285
123,2024,Magdalena,2024-03-25,1,2024-04-01,1.6379812,3.0897515
123,2024,Magdalena,2024-03-25,2,2024-04-08,2.882847,3.0472674
123,2024,Magdalena,2024-03-25,3,2024-04-15,1.7690198,3.067607
123,2024,Magdalena,2024-03-25,4,2024-04-22,1.6379812,3.0727024
123,2024,Magdalena,2024-04-01,1,2024-04-08,2.882847,2.8717952
123,2024,Magdalena,2024-04-01,2,2024-04-15,1.7690198,2.8599055
123,2024,Magdalena,2024-04-01,3,2024-04-22,1.6379812,2.910278
123,2024,Magdalena,2024-04-01,4,2024-04-29,1.2448658,2.9466898
123,2024,Magdalena,2024-04-08,1,2024-04-15,1.7690198,2.5204542
123,2024,Magdalena,2024-04-08,2,2024-04-22,1.6379812,2.5295331
123,2024,Magdalena,2024-04-08,3,2024-04-29,1.2448658,2.5950284
123,2024,Magdalena,2024-04-08,4,2024-05-06,1.5069427,2.6521275
123,2024,Magdalena,2024-04-15,1,2024-04-22,1.6379812,3.0077558
123,2024,Magdalena,2024-04-15,2,2024-04-29,1.2448658,3.0820527
123,2024,Magdalena,2024-04-15,3,2024-05-06,1.5069427,3.2049894
123,2024,Magdalena,2024-04-15,4,2024-05-13,2.0310967,3.3062878
123,2024,Magdalena,2024-04-22,1,2024-04-29,1.2448658,3.0575254
123,2024,Magdalena,2024-04-22,2,2024-05-06,1.5069427,3.1613693
123,2024,Magdalena,2024-04-22,3,2024-05-13,2.0310967,3.3083236
123,2024,Magdalena,2024-04-22,4,2024-05-20,2.096616,3.4415758
123,2024,Magdalena,2024-04-29,1,2024-05-06,1.5069427,3.0793803
123,2024,Magdalena,2024-04-29,2,2024-05-13,2.0310967,3.1973996
123,2024,Magdalena,2024-04-29,3,2024-05-20,2.096616,3.3638468
123,2024,Magdalena,2024-04-29,4,2024-05-27,2.096616,3.5136592
123,2024,Magdalena,2024-05-06,1,2024-05-13,2.0310967,2.8855958
123,2024,Magdalena,2024-05-06,2,2024-05-20,2.096616,2.9883811
123,2024,Magdalena,2024-05-06,3,2024-05-27,2.096616,3.1652122
123,2024,Magdalena,2024-05-06,4,2024-06-03,2.358693,3.3114932
123,2024,Magdalena,2024-05-13,1,2024-05-20,2.096616,2.9659767
123,2024,Magdalena,2024-05-13,2,2024-05-27,2.096616,3.0883286
123,2024,Magdalena,2024-05-13,3,2024-06-03,2.358693,3.2806084
123,2024,Magdalena,2024-05-13,4,2024-06-10,1.5724621,3.4386325
123,2024,Magdalena,2024-05-20,1,2024-05-27,2.096616,3.3572202
123,2024,Magdalena,2024-05-20,2,2024-06-03,2.358693,3.531444
123,2024,Magdalena,2024-05-20,3,2024-06-10,1.5724621,3.735645
123,2024,Magdalena,2024-05-20,4,2024-06-17,1.9655775,3.92325
123,2024,Magdalena,2024-05-27,1,2024-06-03,2.358693,3.921642
123,2024,Magdalena,2024-05-27,2,2024-06-10,1.5724621,4.146195
123,2024,Magdalena,2024-05-27,3,2024-06-17,1.9655775,4.348019
123,2024,Magdalena,2024-05-27,4,2024-06-24,1.8345389,4.567444
123,2024,Magdalena,2024-06-03,1,2024-06-10,1.5724621,4.291738
123,2024,Magdalena,2024-06-03,2,2024-06-17,1.9655775,4.521171
123,2024,Magdalena,2024-06-03,3,2024-06-24,1.8345389,4.7060156
123,2024,Magdalena,2024-06-03,4,2024-07-01,1.3759042,4.9296436
123,2024,Magdalena,2024-06-10,1,2024-06-17,1.9655775,4.6500826
123,2024,Magdalena,2024-06-10,2,2024-06-24,1.8345389,4.8726087
123,2024,Magdalena,2024-06-10,3,2024-07-01,1.3759042,5.02993
123,2024,Magdalena,2024-06-10,4,2024-07-08,2.6862895,5.2479672
123,2024,Magdalena,2024-06-17,1,2024-06-24,1.8345389,3.9959016
123,2024,Magdalena,2024-06-17,2,2024-07-01,1.3759042,4.0987034
123,2024,Magdalena,2024-06-17,3,2024-07-08,2.6862895,4.231907
123,2024,Magdalena,2024-06-17,4,2024-07-15,1.3759042,4.362484
123,2024,Magdalena,2024-06-24,1,2024-07-01,1.3759042,3.5892591
123,2024,Magdalena,2024-06-24,2,2024-07-08,2.6862895,3.6299863
123,2024,Magdalena,2024-06-24,3,2024-07-15,1.3759042,3.7512894
123,2024,Magdalena,2024-06-24,4,2024-07-22,2.8173277,3.8285828
123,2024,Magdalena,2024-07-01,1,2024-07-08,2.6862895,3.2344356
123,2024,Magdalena,2024-07-01,2,2024-07-15,1.3759042,3.2327933
123,2024,Magdalena,2024-07-01,3,2024-07-22,2.8173277,3.3367333
123,2024,Magdalena,2024-07-01,4,2024-07-29,1.9655775,3.3789623
123,2024,Magdalena,2024-07-08,1,2024-07-15,1.3759042,2.6291418
123,2024,Magdalena,2024-07-08,2,2024-07-22,2.8173277,2.5980954
123,2024,Magdalena,2024-07-08,3,2024-07-29,1.9655775,2.6426888
123,2024,Magdalena,2024-07-08,4,2024-08-05,2.4242122,2.656779
123,2024,Magdalena,2024-07-15,1,2024-07-22,2.8173277,2.8969092
123,2024,Magdalena,2024-07-15,2,2024-07-29,1.9655775,2.860145
123,2024,Magdalena,2024-07-15,3,2024-08-05,2.4242122,2.9146435
123,2024,Magdalena,2024-07-15,4,2024-08-12,2.8173277,2.9178145
123,2024,Magdalena,2024-07-22,1,2024-07-29,1.9655775,2.3403249
123,2024,Magdalena,2024-07-22,2,2024-08-05,2.4242122,2.2791939
123,2024,Magdalena,2024-07-22,3,2024-08-12,2.8173277,2.28264
123,2024,Magdalena,2024-07-22,4,2024-08-19,2.096616,2.2737784
123,2024,Magdalena,2024-07-29,1,2024-08-05,2.4242122,2.6800401
123,2024,Magdalena,2024-07-29,2,2024-08-12,2.8173277,2.616203
123,2024,Magdalena,2024-07-29,3,2024-08-19,2.096616,2.6416998
123,2024,Magdalena,2024-07-29,4,2024-08-26,2.0310967,2.626369
123,2024,Magdalena,2024-08-05,1,2024-08-12,2.8173277,2.61354
123,2024,Magdalena,2024-08-05,2,2024-08-19,2.096616,2.539587
123,2024,Magdalena,2024-08-05,3,2024-08-26,2.0310967,2.5542464
123,2024,Magdalena,2024-08-05,4,2024-09-02,2.096616,2.5329897
123,2024,Magdalena,2024-08-12,1,2024-08-19,2.096616,2.8199325
123,2024,Magdalena,2024-08-12,2,2024-08-26,2.0310967,2.73382
123,2024,Magdalena,2024-08-12,3,2024-09-02,2.096616,2.7490907
123,2024,Magdalena,2024-08-12,4,2024-09-09,1.5724621,2.7155018
123,2024,Magdalena,2024-08-19,1,2024-08-26,2.0310967,3.2162998
123,2024,Magdalena,2024-08-19,2,2024-09-02,2.096616,3.1324313
123,2024,Magdalena,2024-08-19,3,2024-09-09,1.5724621,3.151774
123,2024,Magdalena,2024-08-19,4,2024-09-16,1.048308,3.110714
123,2024,Magdalena,2024-08-26,1,2024-09-02,2.096616,3.1817832
123,2024,Magdalena,2024-08-26,2,2024-09-09,1.5724621,3.0739422
123,2024,Magdalena,2024-08-26,3,2024-09-16,1.048308,3.0873315
123,2024,Magdalena,2024-08-26,4,2024-09-23,1.4414235,3.0326226
123,2024,Magdalena,2024-09-02,1,2024-09-09,1.5724621,2.9758816
123,2024,Magdalena,2024-09-02,2,2024-09-16,1.048308,2.873205
123,2024,Magdalena,2024-09-02,3,2024-09-23,1.4414235,2.8744278
123,2024,Magdalena,2024-09-02,4,2024-09-30,2.2276545,2.8241637
123,2024,Magdalena,2024-09-09,1,2024-09-16,1.048308,2.827691
123,2024,Magdalena,2024-09-09,2,2024-09-23,1.4414235,2.7466815
123,2024,Magdalena,2024-09-09,3,2024-09-30,2.2276545,2.7573302
123,2024,Magdalena,2024-09-09,4,2024-10-07,1.1138272,2.726206
123,2024,Magdalena,2024-09-16,1,2024-09-23,1.4414235,2.5033498
123,2024,Magdalena,2024-09-16,2,2024-09-30,2.2276545,2.4398968
123,2024,Magdalena,2024-09-16,3,2024-10-07,1.1138272,2.4447992
123,2024,Magdalena,2024-09-16,4,2024-10-14,1.048308,2.4331372
123,2024,Magdalena,2024-09-23,1,2024-09-30,2.2276545,2.0484977
123,2024,Magdalena,2024-09-23,2,2024-10-07,1.1138272,2.006835
123,2024,Magdalena,2024-09-23,3,2024-10-14,1.048308,1.9978007
123,2024,Magdalena,2024-09-23,4,2024-10-21,1.1138272,2.007803
123,2024,Magdalena,2024-09-30,1,2024-10-07,1.1138272,1.9519821
123,2024,Magdalena,2024-09-30,2,2024-10-14,1.048308,1.9304916
123,2024,Magdalena,2024-09-30,3,2024-10-21,1.1138272,1.9396358
123,2024,Magdalena,2024-09-30,4,2024-10-28,0.786231,1.9665364
123,2024,Magdalena,2024-10-07,1,2024-10-14,1.048308,2.2923577
123,2024,Magdalena,2024-10-07,2,2024-10-21,1.1138272,2.3053317
123,2024,Magdalena,2024-10-07,3,2024-10-28,0.786231,2.3757336
123,2024,Magdalena,2024-10-07,4,2024-11-04,1.048308,2.4312057
123,2024,Magdalena,2024-10-14,1,2024-10-21,1.1138272,2.1464076
123,2024,Magdalena,2024-10-14,2,2024-10-28,0.786231,2.168028
123,2024,Magdalena,2024-10-14,3,2024-11-04,1.048308,2.2477767
123,2024,Magdalena,2024-10-14,4,2024-11-11,1.1138272,2.315543
123,2024,Magdalena,2024-10-21,1,2024-10-28,0.786231,1.9288965
123,2024,Magdalena,2024-10-21,2,2024-11-04,1.048308,1.9464813
123,2024,Magdalena,2024-10-21,3,2024-11-11,1.1138272,2.0214367
123,2024,Magdalena,2024-10-21,4,2024-11-18,0.91726947,2.0872588
123,2024,Magdalena,2024-10-28,1,2024-11-04,1.048308,1.7734969
123,2024,Magdalena,2024-10-28,2,2024-11-11,1.1138272,1.7860609
123,2024,Magdalena,2024-10-28,3,2024-11-18,0.91726947,1.8552027
123,2024,Magdalena,2024-10-28,4,2024-11-25,0.8517502,1.9167325
123,2024,Magdalena,2024-11-04,1,2024-11-11,1.1138272,1.5594693
123,2024,Magdalena,2024-11-04,2,2024-11-18,0.91726947,1.5715303
123,2024,Magdalena,2024-11-04,3,2024-11-25,0.8517502,1.621603
123,2024,Magdalena,2024-11-04,4,2024-12-02,1.1138272,1.6752701
123,2024,Magdalena,2024-11-11,1,2024-11-18,0.91726947,1.4271718
123,2024,Magdalena,2024-11-11,2,2024-11-25,0.8517502,1.4414073
123,2024,Magdalena,2024-11-11,3,2024-12-02,1.1138272,1.478819
123,2024,Magdalena,2024-11-11,4,2024-12-09,0.91726947,1.5245968
123,2024,Magdalena,2024-11-18,1,2024-11-25,0.8517502,1.4093233
123,2024,Magdalena,2024-11-18,2,2024-12-02,1.1138272,1.4258306
123,2024,Magdalena,2024-11-18,3,2024-12-09,0.91726947,1.4682385
123,2024,Magdalena,2024-11-18,4,2024-12-16,1.4414235,1.5153283
123,2024,Meta,2024-02-19,1,2024-02-26,5.0686626,5.168255
123,2024,Meta,2024-02-19,2,2024-03-04,3.4082386,5.128338
123,2024,Meta,2024-02-19,3,2024-03-11,4.1073647,5.1194825
123,2024,Meta,2024-02-19,4,2024-03-18,4.893882,5.1389666
123,2024,Meta,2024-02-26,1,2024-03-04,3.4082386,5.379123
123,2024,Meta,2024-02-26,2,2024-03-11,4.1073647,5.3529143
123,2024,Meta,2024-02-26,3,2024-03-18,4.893882,5.338748
123,2024,Meta,2024-02-26,4,2024-03-25,3.4956298,5.357918
123,2024,Meta,2024-03-04,1,2024-03-11,4.1073647,5.51484
123,2024,Meta,2024-03-04,2,2024-03-18,4.893882,5.5094676
123,2024,Meta,2024-03-04,3,2024-03-25,3.4956298,5.4944987
123,2024,Meta,2024-03-04,4,2024-04-01,5.5056167,5.5298557
123,2024,Meta,2024-03-11,1,2024-03-18,4.893882,4.62677
123,2024,Meta,2024-03-11,2,2024-03-25,3.4956298,4.578658
123,2024,Meta,2024-03-11,3,2024-04-01,5.5056167,4.5960264
123,2024,Meta,2024-03-11,4,2024-04-08,6.8164783,4.607801
123,2024,Meta,2024-03-18,1,2024-03-25,3.4956298,4.6425114
123,2024,Meta,2024-03-18,2,2024-04-01,5.5056167,4.627141
123,2024,Meta,2024-03-18,3,2024-04-08,6.8164783,4.6557755
123,2024,Meta,2024-03-18,4,2024-04-15,6.204743,4.6831846
123,2024,Meta,2024-03-25,1,2024-04-01,5.5056167,5.1983113
123,2024,Meta,2024-03-25,2,2024-04-08,6.8164783,5.2756724
123,2024,Meta,2024-03-25,3,2024-04-15,6.204743,5.319852
123,2024,Meta,2024-03-25,4,2024-04-22,7.6029944,5.41873
123,2024,Meta,2024-04-01,1,2024-04-08,6.8164783,5.2451124
123,2024,Meta,2024-04-01,2,2024-04-15,6.204743,5.3499174
123,2024,Meta,2024-04-01,3,2024-04-22,7.6029944,5.4113135
123,2024,Meta,2024-04-01,4,2024-04-29,7.0786505,5.537364
123,2024,Meta,2024-04-08,1,2024-04-15,6.204743,6.423756
123,2024,Meta,2024-04-08,2,2024-04-22,7.6029944,6.66318
123,2024,Meta,2024-04-08,3,2024-04-29,7.0786505,6.7223897
123,2024,Meta,2024-04-08,4,2024-05-06,8.389511,6.9419136
123,2024,Meta,2024-04-15,1,2024-04-22,7.6029944,8.145455
123,2024,Meta,2024-04-15,2,2024-04-29,7.0786505,8.529083
123,2024,Meta,2024-04-15,3,2024-05-06,8.389511,8.559234
123,2024,Meta,2024-04-15,4,2024-05-13,8.739073,8.872896
123,2024,Meta,2024-04-22,1,2024-04-29,7.0786505,8.093409
123,2024,Meta,2024-04-22,2,2024-05-06,8.389511,8.392717
123,2024,Meta,2024-04-22,3,2024-05-13,8.739073,8.376413
123,2024,Meta,2024-04-22,4,2024-05-20,9.612982,8.658492
123,2024,Meta,2024-04-29,1,2024-05-06,8.389511,8.875533
123,2024,Meta,2024-04-29,2,2024-05-13,8.739073,9.139338
123,2024,Meta,2024-04-29,3,2024-05-20,9.612982,9.066491
123,2024,Meta,2024-04-29,4,2024-05-27,7.1660404,9.306042
123,2024,Meta,2024-05-06,1,2024-05-13,8.739073,8.967383
123,2024,Meta,2024-05-06,2,2024-05-20,9.612982,9.151316
123,2024,Meta,2024-05-06,3,2024-05-27,7.1660404,9.049669
123,2024,Meta,2024-05-06,4,2024-06-03,8.127338,9.2335415
123,2024,Meta,2024-05-13,1,2024-05-20,9.612982,10.4041395
123,2024,Meta,2024-05-13,2,2024-05-27,7.1660404,10.6072
123,2024,Meta,2024-05-13,3,2024-06-03,8.127338,10.459553
123,2024,Meta,2024-05-13,4,2024-06-10,8.127338,10.60207
123,2024,Meta,2024-05-20,1,2024-05-27,7.1660404,11.134655
123,2024,Meta,2024-05-20,2,2024-06-03,8.127338,11.230286
123,2024,Meta,2024-05-20,3,2024-06-10,8.127338,10.992441
123,2024,Meta,2024-05-20,4,2024-06-17,7.952556,11.027985
123,2024,Meta,2024-05-27,1,2024-06-03,8.127338,11.254561
123,2024,Meta,2024-05-27,2,2024-06-10,8.127338,11.15074
123,2024,Meta,2024-05-27,3,2024-06-17,7.952556,10.796347
123,2024,Meta,2024-05-27,4,2024-06-24,7.952556,10.701397
123,2024,Meta,2024-06-03,1,2024-06-10,8.127338,9.349391
123,2024,Meta,2024-06-03,2,2024-06-17,7.952556,8.977376
123,2024,Meta,2024-06-03,3,2024-06-24,7.952556,8.59363
123,2024,Meta,2024-06-03,4,2024-07-01,5.5056167,8.388531
123,2024,Meta,2024-06-10,1,2024-06-17,7.952556,8.991557
123,2024,Meta,2024-06-10,2,2024-06-24,7.952556,8.525018
123,2024,Meta,2024-06-10,3,2024-07-01,5.5056167,8.109868
123,2024,Meta,2024-06-10,4,2024-07-08,5.8551793,7.8315616
123,2024,Meta,2024-06-17,1,2024-06-24,7.952556,8.651124
123,2024,Meta,2024-06-17,2,2024-07-01,5.5056167,8.18209
123,2024,Meta,2024-06-17,3,2024-07-08,5.8551793,7.771801
123,2024,Meta,2024-06-17,4,2024-07-15,6.7290874,7.489788
123,2024,Meta,2024-06-24,1,2024-07-01,5.5056167,8.992491
123,2024,Meta,2024-06-24,2,2024-07-08,5.8551793,8.538989
123,2024,Meta,2024-06-24,3,2024-07-15,6.7290874,8.12451
123,2024,Meta,2024-06-24,4,2024-07-22,7.5156045,7.827084
123,2024,Meta,2024-07-01,1,2024-07-08,5.8551793,9.263775
123,2024,Meta,2024-07-01,2,2024-07-15,6.7290874,8.8225975
123,2024,Meta,2024-07-01,3,2024-07-22,7.5156045,8.401038
123,2024,Meta,2024-07-01,4,2024-07-29,6.7290874,8.0971775
123,2024,Meta,2024-07-08,1,2024-07-15,6.7290874,7.058717
123,2024,Meta,2024-07-08,2,2024-07-22,7.5156045,6.5764856
123,2024,Meta,2024-07-08,3,2024-07-29,6.7290874,6.2404494
123,2024,Meta,2024-07-08,4,2024-08-05,7.253432,5.940139
123,2024,Meta,2024-07-15,1,2024-07-22,7.5156045,6.238669
123,2024,Meta,2024-07-15,2,2024-07-29,6.7290874,5.7495513
123,2024,Meta,2024-07-15,3,2024-08-05,7.253432,5.44996
123,2024,Meta,2024-07-15,4,2024-08-12,5.593007,5.1323047
123,2024,Meta,2024-07-22,1,2024-07-29,6.7290874,6.605285
123,2024,Meta,2024-07-22,2,2024-08-05,7.253432,6.1626325
123,2024,Meta,2024-07-22,3,2024-08-12,5.593007,5.851849
123,2024,Meta,2024-07-22,4,2024-08-19,5.3308353,5.5460153
123,2024,Meta,2024-07-29,1,2024-08-05,7.253432,7.2416
123,2024,Meta,2024-07-29,2,2024-08-12,5.593007,6.872459
123,2024,Meta,2024-07-29,3,2024-08-19,5.3308353,6.550117
123,2024,Meta,2024-07-29,4,2024-08-26,6.7290874,6.281578
123,2024,Meta,2024-08-05,1,2024-08-12,5.593007,7.043445
123,2024,Meta,2024-08-05,2,2024-08-19,5.3308353,6.7073073
123,2024,Meta,2024-08-05,3,2024-08-26,6.7290874,6.4154687
123,2024,Meta,2024-08-05,4,2024-09-02,5.3308353,6.180739
123,2024,Meta,2024-08-12,1,2024-08-19,5.3308353,7.2095866
123,2024,Meta,2024-08-12,2,2024-08-26,6.7290874,6.893172
123,2024,Meta,2024-08-12,3,2024-09-02,5.3308353,6.608283
123,2024,Meta,2024-08-12,4,2024-09-09,6.0299606,6.3845
123,2024,Meta,2024-08-19,1,2024-08-26,6.7290874,6.6766715
123,2024,Meta,2024-08-19,2,2024-09-02,5.3308353,6.3577766
123,2024,Meta,2024-08-19,3,2024-09-09,6.0299606,6.1134706
123,2024,Meta,2024-08-19,4,2024-09-16,5.156054,5.900149
123,2024,Meta,2024-08-26,1,2024-09-02,5.3308353,6.373443
123,2024,Meta,2024-08-26,2,2024-09-09,6.0299606,6.061349
123,2024,Meta,2024-08-26,3,2024-09-16,5.156054,5.8419013
123,2024,Meta,2024-08-26,4,2024-09-23,4.019974,5.632444
123,2024,Meta,2024-09-02,1,2024-09-09,6.0299606,6.8128786
123,2024,Meta,2024-09-02,2,2024-09-16,5.156054,6.5620265
123,2024,Meta,2024-09-02,3,2024-09-23,4.019974,6.347165
123,2024,Meta,2024-09-02,4,2024-09-30,4.456928,6.1711392
123,2024,Meta,2024-09-09,1,2024-09-16,5.156054,6.306113
123,2024,Meta,2024-09-09,2,2024-09-23,4.019974,6.0831456
123,2024,Meta,2024-09-09,3,2024-09-30,4.456928,5.9202023
123,2024,Meta,2024-09-09,4,2024-10-07,4.1947556,5.7787437
123,2024,Meta,2024-09-16,1,2024-09-23,4.019974,6.4643884
123,2024,Meta,2024-09-16,2,2024-09-30,4.456928,6.2958097
123,2024,Meta,2024-09-16,3,2024-10-07,4.1947556,6.1541834
123,2024,Meta,2024-09-16,4,2024-10-14,4.9812717,6.05001
123,2024,Meta,2024-09-23,1,2024-09-30,4.456928,6.156378
123,2024,Meta,2024-09-23,2,2024-10-07,4.1947556,6.0310225
123,2024,Meta,2024-09-23,3,2024-10-14,4.9812717,5.936951
123,2024,Meta,2024-09-23,4,2024-10-21,4.7191,5.877034
123,2024,Meta,2024-09-30,1,2024-10-07,4.1947556,5.493339
123,2024,Meta,2024-09-30,2,2024-10-14,4.9812717,5.3899217
123,2024,Meta,2024-09-30,3,2024-10-21,4.7191,5.351517
123,2024,Meta,2024-09-30,4,2024-10-28,7.0786505,5.3161373
123,2024,Meta,2024-10-07,1,2024-10-14,4.9812717,5.468397
123,2024,Meta,2024-10-07,2,2024-10-21,4.7191,5.4263816
123,2024,Meta,2024-10-07,3,2024-10-28,7.0786505,5.423845
123,2024,Meta,2024-10-07,4,2024-11-04,6.0299606,5.4323597
123,2024,Meta,2024-10-14,1,2024-10-21,4.7191,5.4511676
123,2024,Meta,2024-10-14,2,2024-10-28,7.0786505,5.464375
123,2024,Meta,2024-10-14,3,2024-11-04,6.0299606,5.4905925
123,2024,Meta,2024-10-14,4,2024-11-11,6.466914,5.5422015
123,2024,Meta,2024-10-21,1,2024-10-28,7.0786505,5.890777
123,2024,Meta,2024-10-21,2,2024-11-04,6.0299606,5.987686
123,2024,Meta,2024-10-21,3,2024-11-11,6.466914,6.0335617
123,2024,Meta,2024-10-21,4,2024-11-18,5.593007,6.153304
123,2024,Meta,2024-10-28,1,2024-11-04,6.0299606,6.107565
123,2024,Meta,2024-10-28,2,2024-11-11,6.466914,6.25183
123,2024,Meta,2024-10-28,3,2024-11-18,5.593007,6.306859
123,2024,Meta,2024-10-28,4,2024-11-25,5.3308353,6.4704313
123,2024,Meta,2024-11-04,1,2024-11-11,6.466914,7.3059387
123,2024,Meta,2024-11-04,2,2024-11-18,5.593007,7.5655246
123,2024,Meta,2024-11-04,3,2024-11-25,5.3308353,7.6123915
123,2024,Meta,2024-11-04,4,2024-12-02,5.0686626,7.863752
123,2024,Meta,2024-11-11,1,2024-11-18,5.593007,7.464359
123,2024,Meta,2024-11-11,2,2024-11-25,5.3308353,7.7375555
123,2024,Meta,2024-11-11,3,2024-12-02,5.0686626,7.7958093
123,2024,Meta,2024-11-11,4,2024-12-09,4.2821465,8.08418
123,2024,Meta,2024-11-18,1,2024-11-25,5.3308353,8.120769
123,2024,Meta,2024-11-18,2,2024-12-02,5.0686626,8.428747
123,2024,Meta,2024-11-18,3,2024-12-09,4.2821465,8.480979
123,2024,Meta,2024-11-18,4,2024-12-16,5.593007,8.792363
123,2024,Narino,2024-02-19,1,2024-02-26,5.397848,6.591926
123,2024,Narino,2024-02-19,2,2024-03-04,5.6912093,6.5958133
123,2024,Narino,2024-02-19,3,2024-03-11,5.6912093,6.515638
123,2024,Narino,2024-02-19,4,2024-03-18,5.515192,6.5202336
123,2024,Narino,2024-02-26,1,2024-03-04,5.6912093,6.4181795
123,2024,Narino,2024-02-26,2,2024-03-11,5.6912093,6.3522916
123,2024,Narino,2024-02-26,3,2024-03-18,5.515192,6.2515016
123,2024,Narino,2024-02-26,4,2024-03-25,3.3443189,6.2288084
123,2024,Narino,2024-03-04,1,2024-03-11,5.6912093,6.2868466
123,2024,Narino,2024-03-04,2,2024-03-18,5.515192,6.1674666
123,2024,Narino,2024-03-04,3,2024-03-25,3.3443189,6.053045
123,2024,Narino,2024-03-04,4,2024-04-01,4.8111253,5.995782
123,2024,Narino,2024-03-11,1,2024-03-18,5.515192,6.143157
123,2024,Narino,2024-03-11,2,2024-03-25,3.3443189,5.986478
123,2024,Narino,2024-03-11,3,2024-04-01,4.8111253,5.8663573
123,2024,Narino,2024-03-11,4,2024-04-08,11.910468,5.7844253
123,2024,Narino,2024-03-18,1,2024-03-25,3.3443189,6.2239075
123,2024,Narino,2024-03-18,2,2024-04-01,4.8111253,6.0675015
123,2024,Narino,2024-03-18,3,2024-04-08,11.910468,5.9477725
123,2024,Narino,2024-03-18,4,2024-04-15,7.334033,5.860929
123,2024,Narino,2024-03-25,1,2024-04-01,4.8111253,6.1693125
123,2024,Narino,2024-03-25,2,2024-04-08,11.910468,6.0165925
123,2024,Narino,2024-03-25,3,2024-04-15,7.334033,5.9063635
123,2024,Narino,2024-03-25,4,2024-04-22,7.0406704,5.8210526
123,2024,Narino,2024-04-01,1,2024-04-08,11.910468,5.011438
123,2024,Narino,2024-04-01,2,2024-04-15,7.334033,4.8164663
123,2024,Narino,2024-04-01,3,2024-04-22,7.0406704,4.7595167
123,2024,Narino,2024-04-01,4,2024-04-29,5.221831,4.65089
123,2024,Narino,2024-04-08,1,2024-04-15,7.334033,5.002441
123,2024,Narino,2024-04-08,2,2024-04-22,7.0406704,4.821782
123,2024,Narino,2024-04-08,3,2024-04-29,5.221831,4.7676096
123,2024,Narino,2024-04-08,4,2024-05-06,3.5790079,4.654236
123,2024,Narino,2024-04-15,1,2024-04-22,7.0406704,7.1388445
123,2024,Narino,2024-04-15,2,2024-04-29,5.221831,7.1037264
123,2024,Narino,2024-04-15,3,2024-05-06,3.5790079,6.983899
123,2024,Narino,2024-04-15,4,2024-05-13,5.2805033,6.9525833
123,2024,Narino,2024-04-22,1,2024-04-29,5.221831,6.8107424
123,2024,Narino,2024-04-22,2,2024-05-06,3.5790079,6.734055
123,2024,Narino,2024-04-22,3,2024-05-13,5.2805033,6.605078
123,2024,Narino,2024-04-22,4,2024-05-20,4.576436,6.5895133
123,2024,Narino,2024-04-29,1,2024-05-06,3.5790079,6.813145
123,2024,Narino,2024-04-29,2,2024-05-13,5.2805033,6.7009244
123,2024,Narino,2024-04-29,3,2024-05-20,4.576436,6.564223
123,2024,Narino,2024-04-29,4,2024-05-27,4.400419,6.5333443
123,2024,Narino,2024-05-06,1,2024-05-13,5.2805033,5.96632
123,2024,Narino,2024-05-06,2,2024-05-20,4.576436,5.795065
123,2024,Narino,2024-05-06,3,2024-05-27,4.400419,5.6861224
123,2024,Narino,2024-05-06,4,2024-06-03,7.5100493,5.6197314
123,2024,Narino,2024-05-13,1,2024-05-20,4.576436,5.0257783
123,2024,Narino,2024-05-13,2,2024-05-27,4.400419,4.8147244
123,2024,Narino,2024-05-13,3,2024-06-03,7.5100493,4.7426
123,2024,Narino,2024-05-13,4,2024-06-10,7.5100493,4.6314983
123,2024,Narino,2024-05-20,1,2024-05-27,4.400419,5.2191696
123,2024,Narino,2024-05-20,2,2024-06-03,7.5100493,5.031996
123,2024,Narino,2024-05-20,3,2024-06-10,7.5100493,4.9487414
123,2024,Narino,2024-05-20,4,2024-06-17,4.9284697,4.8278017
123,2024,Narino,2024-05-27,1,2024-06-03,7.5100493,5.096467
123,2024,Narino,2024-05-27,2,2024-06-10,7.5100493,4.926379
123,2024,Narino,2024-05-27,3,2024-06-17,4.9284697,4.846286
123,2024,Narino,2024-05-27,4,2024-06-24,5.9845705,4.730608
123,2024,Narino,2024-06-03,1,2024-06-10,7.5100493,4.8159585
123,2024,Narino,2024-06-03,2,2024-06-17,4.9284697,4.645986
123,2024,Narino,2024-06-03,3,2024-06-24,5.9845705,4.58153
123,2024,Narino,2024-06-03,4,2024-07-01,4.2830753,4.4673133
123,2024,Narino,2024-06-10,1,2024-06-17,4.9284697,5.724216
123,2024,Narino,2024-06-10,2,2024-06-24,5.9845705,5.617228
123,2024,Narino,2024-06-10,3,2024-07-01,4.2830753,5.519346
123,2024,Narino,2024-06-10,4,2024-07-08,2.7575963,5.4344254
123,2024,Narino,2024-06-17,1,2024-06-24,5.9845705,6.0842624
123,2024,Narino,2024-06-17,2,2024-07-01,4.2830753,5.993097
123,2024,Narino,2024-06-17,3,2024-07-08,2.7575963,5.876562
123,2024,Narino,2024-06-17,4,2024-07-15,2.053529,5.8142986
123,2024,Narino,2024-06-24,1,2024-07-01,4.2830753,5.5791426
123,2024,Narino,2024-06-24,2,2024-07-08,2.7575963,5.44131
123,2024,Narino,2024-06-24,3,2024-07-15,2.053529,5.3452497
123,2024,Narino,2024-06-24,4,2024-07-22,2.522907,5.269663
123,2024,Narino,2024-07-01,1,2024-07-08,2.7575963,5.5448747
123,2024,Narino,2024-07-01,2,2024-07-15,2.053529,5.3885508
123,2024,Narino,2024-07-01,3,2024-07-22,2.522907,5.290265
123,2024,Narino,2024-07-01,4,2024-07-29,1.7601677,5.197179
123,2024,Narino,2024-07-08,1,2024-07-15,2.053529,4.879213
123,2024,Narino,2024-07-08,2,2024-07-22,2.522907,4.6886797
123,2024,Narino,2024-07-08,3,2024-07-29,1.7601677,4.61435
123,2024,Narino,2024-07-08,4,2024-08-05,3.402991,4.4998116
123,2024,Narino,2024-07-15,1,2024-07-22,2.522907,4.0353756
123,2024,Narino,2024-07-15,2,2024-07-29,1.7601677,3.8273816
123,2024,Narino,2024-07-15,3,2024-08-05,3.402991,3.7806327
123,2024,Narino,2024-07-15,4,2024-08-12,1.6428233,3.6546338
123,2024,Narino,2024-07-22,1,2024-07-29,1.7601677,3.2171142
123,2024,Narino,2024-07-22,2,2024-08-05,3.402991,3.0352895
123,2024,Narino,2024-07-22,3,2024-08-12,1.6428233,2.9669342
123,2024,Narino,2024-07-22,4,2024-08-19,2.053529,2.8534377
123,2024,Narino,2024-07-29,1,2024-08-05,3.402991,2.8445895
123,2024,Narino,2024-07-29,2,2024-08-12,1.6428233,2.6922917
123,2024,Narino,2024-07-29,3,2024-08-19,2.053529,2.631013
123,2024,Narino,2024-07-29,4,2024-08-26,2.288218,2.541777
123,2024,Narino,2024-08-05,1,2024-08-12,1.6428233,2.3257246
123,2024,Narino,2024-08-05,2,2024-08-19,2.053529,2.2040997
123,2024,Narino,2024-08-05,3,2024-08-26,2.288218,2.1336186
123,2024,Narino,2024-08-05,4,2024-09-02,1.7601677,2.0758288
123,2024,Narino,2024-08-12,1,2024-08-19,2.053529,2.4985301
123,2024,Narino,2024-08-12,2,2024-08-26,2.288218,2.395792
123,2024,Narino,2024-08-12,3,2024-09-02,1.7601677,2.3620663
123,2024,Narino,2024-08-12,4,2024-09-09,2.1122015,2.3187768
123,2024,Narino,2024-08-19,1,2024-08-26,2.288218,2.1234646
123,2024,Narino,2024-08-19,2,2024-09-02,1.7601677,2.0340068
123,2024,Narino,2024-08-19,3,2024-09-09,2.1122015,1.9991833
123,2024,Narino,2024-08-19,4,2024-09-16,1.2907896,1.9764236
123,2024,Narino,2024-08-26,1,2024-09-02,1.7601677,2.0303009
123,2024,Narino,2024-08-26,2,2024-09-09,2.1122015,1.9516553
123,2024,Narino,2024-08-26,3,2024-09-16,1.2907896,1.9318798
123,2024,Narino,2024-08-26,4,2024-09-23,1.2321175,1.9188933
123,2024,Narino,2024-09-02,1,2024-09-09,2.1122015,1.969015
123,2024,Narino,2024-09-02,2,2024-09-16,1.2907896,1.9010999
123,2024,Narino,2024-09-02,3,2024-09-23,1.2321175,1.8940058
123,2024,Narino,2024-09-02,4,2024-09-30,1.2907896,1.8899161
123,2024,Narino,2024-09-09,1,2024-09-16,1.2907896,1.7903453
123,2024,Narino,2024-09-09,2,2024-09-23,1.2321175,1.7295833
123,2024,Narino,2024-09-09,3,2024-09-30,1.2907896,1.7244372
123,2024,Narino,2024-09-09,4,2024-10-07,1.349462,1.7265348
123,2024,Narino,2024-09-16,1,2024-09-23,1.2321175,1.795135
123,2024,Narino,2024-09-16,2,2024-09-30,1.2907896,1.7422822
123,2024,Narino,2024-09-16,3,2024-10-07,1.349462,1.7453103
123,2024,Narino,2024-09-16,4,2024-10-14,1.4668064,1.7524632
123,2024,Narino,2024-09-23,1,2024-09-30,1.2907896,1.6095486
123,2024,Narino,2024-09-23,2,2024-10-07,1.349462,1.5719706
123,2024,Narino,2024-09-23,3,2024-10-14,1.4668064,1.5667508
123,2024,Narino,2024-09-23,4,2024-10-21,1.7601677,1.5830898
123,2024,Narino,2024-09-30,1,2024-10-07,1.349462,1.4440719
123,2024,Narino,2024-09-30,2,2024-10-14,1.4668064,1.4260275
123,2024,Narino,2024-09-30,3,2024-10-21,1.7601677,1.4056911
123,2024,Narino,2024-09-30,4,2024-10-28,1.2321175,1.4277682
123,2024,Narino,2024-10-07,1,2024-10-14,1.4668064,1.3861692
123,2024,Narino,2024-10-07,2,2024-10-21,1.7601677,1.3791239
123,2024,Narino,2024-10-07,3,2024-10-28,1.2321175,1.3792087
123,2024,Narino,2024-10-07,4,2024-11-04,3.9310412,1.410275
123,2024,Narino,2024-10-14,1,2024-10-21,1.7601677,1.4054048
123,2024,Narino,2024-10-14,2,2024-10-28,1.2321175,1.4038761
123,2024,Narino,2024-10-14,3,2024-11-04,3.9310412,1.4260662
123,2024,Narino,2024-10-14,4,2024-11-11,1.349462,1.4670088
123,2024,Narino,2024-10-21,1,2024-10-28,1.2321175,1.468225
123,2024,Narino,2024-10-21,2,2024-11-04,3.9310412,1.4694264
123,2024,Narino,2024-10-21,3,2024-11-11,1.349462,1.5064566
123,2024,Narino,2024-10-21,4,2024-11-18,2.053529,1.5554934
123,2024,Narino,2024-10-28,1,2024-11-04,3.9310412,1.6080606
123,2024,Narino,2024-10-28,2,2024-11-11,1.349462,1.6168612
123,2024,Narino,2024-10-28,3,2024-11-18,2.053529,1.6790171
123,2024,Narino,2024-10-28,4,2024-11-25,1.1734452,1.7423754
123,2024,Narino,2024-11-04,1,2024-11-11,1.349462,1.5584165
123,2024,Narino,2024-11-04,2,2024-11-18,2.053529,1.5705286
123,2024,Narino,2024-11-04,3,2024-11-25,1.1734452,1.6346151
123,2024,Narino,2024-11-04,4,2024-12-02,2.288218,1.7017384
123,2024,Narino,2024-11-11,1,2024-11-18,2.053529,2.404717
123,2024,Narino,2024-11-11,2,2024-11-25,1.1734452,2.4779625
123,2024,Narino,2024-11-11,3,2024-12-02,2.288218,2.593712
123,2024,Narino,2024-11-11,4,2024-12-09,2.053529,2.6943004
123,2024,Narino,2024-11-18,1,2024-11-25,1.1734452,2.3219385
123,2024,Narino,2024-11-18,2,2024-12-02,2.288218,2.365594
123,2024,Narino,2024-11-18,3,2024-12-09,2.053529,2.4964385
123,2024,Narino,2024-11-18,4,2024-12-16,3.1683018,2.5873811
123,2024,Norte De Santander,2024-02-19,1,2024-02-26,13.03858,10.2745075
123,2024,Norte De Santander,2024-02-19,2,2024-03-04,10.973645,9.744669
123,2024,Norte De Santander,2024-02-19,3,2024-03-11,11.622623,9.212877
123,2024,Norte De Santander,2024-02-19,4,2024-03-18,12.2126045,8.89026
123,2024,Norte De Santander,2024-02-26,1,2024-03-04,10.973645,10.765296
123,2024,Norte De Santander,2024-02-26,2,2024-03-11,11.622623,10.196967
123,2024,Norte De Santander,2024-02-26,3,2024-03-18,12.2126045,9.632298
123,2024,Norte De Santander,2024-02-26,4,2024-03-25,8.4367285,9.281272
123,2024,Norte De Santander,2024-03-04,1,2024-03-11,11.622623,11.720244
123,2024,Norte De Santander,2024-03-04,2,2024-03-18,12.2126045,11.175789
123,2024,Norte De Santander,2024-03-04,3,2024-03-25,8.4367285,10.597106
123,2024,Norte De Santander,2024-03-04,4,2024-04-01,8.37773,10.244297
123,2024,Norte De Santander,2024-03-11,1,2024-03-18,12.2126045,11.070977
123,2024,Norte De Santander,2024-03-11,2,2024-03-25,8.4367285,10.501349
123,2024,Norte De Santander,2024-03-11,3,2024-04-01,8.37773,9.955073
123,2024,Norte De Santander,2024-03-11,4,2024-04-08,10.029676,9.621115
123,2024,Norte De Santander,2024-03-18,1,2024-03-25,8.4367285,11.022363
123,2024,Norte De Santander,2024-03-18,2,2024-04-01,8.37773,10.422793
123,2024,Norte De Santander,2024-03-18,3,2024-04-08,10.029676,9.878925
123,2024,Norte De Santander,2024-03-18,4,2024-04-15,8.554725,9.529555
123,2024,Norte De Santander,2024-03-25,1,2024-04-01,8.37773,11.341723
123,2024,Norte De Santander,2024-03-25,2,2024-04-08,10.029676,10.731356
123,2024,Norte De Santander,2024-03-25,3,2024-04-15,8.554725,10.190322
123,2024,Norte De Santander,2024-03-25,4,2024-04-22,8.259734,9.829493
123,2024,Norte De Santander,2024-04-01,1,2024-04-08,10.029676,9.231382
123,2024,Norte De Santander,2024-04-01,2,2024-04-15,8.554725,8.631339
123,2024,Norte De Santander,2024-04-01,3,2024-04-22,8.259734,8.199967
123,2024,Norte De Santander,2024-04-01,4,2024-04-29,8.731717,7.8972025
123,2024,Norte De Santander,2024-04-08,1,2024-04-15,8.554725,8.842742
123,2024,Norte De Santander,2024-04-08,2,2024-04-22,8.259734,8.297601
123,2024,Norte De Santander,2024-04-08,3,2024-04-29,8.731717,7.9216046
123,2024,Norte De Santander,2024-04-08,4,2024-05-06,9.675689,7.630258
123,2024,Norte De Santander,2024-04-15,1,2024-04-22,8.259734,9.500719
123,2024,Norte De Santander,2024-04-15,2,2024-04-29,8.731717,9.027131
123,2024,Norte De Santander,2024-04-15,3,2024-05-06,9.675689,8.649368
123,2024,Norte De Santander,2024-04-15,4,2024-05-13,9.144704,8.382666
123,2024,Norte De Santander,2024-04-22,1,2024-04-29,8.731717,8.126429
123,2024,Norte De Santander,2024-04-22,2,2024-05-06,9.675689,7.691511
123,2024,Norte De Santander,2024-04-22,3,2024-05-13,9.144704,7.3559246
123,2024,Norte De Santander,2024-04-22,4,2024-05-20,9.734685,7.145043
123,2024,Norte De Santander,2024-04-29,1,2024-05-06,9.675689,7.8904424
123,2024,Norte De Santander,2024-04-29,2,2024-05-13,9.144704,7.505112
123,2024,Norte De Santander,2024-04-29,3,2024-05-20,9.734685,7.1748886
123,2024,Norte De Santander,2024-04-29,4,2024-05-27,10.147674,6.9822526
123,2024,Norte De Santander,2024-05-06,1,2024-05-13,9.144704,8.319899
123,2024,Norte De Santander,2024-05-06,2,2024-05-20,9.734685,8.006197
123,2024,Norte De Santander,2024-05-06,3,2024-05-27,10.147674,7.6761017
123,2024,Norte De Santander,2024-05-06,4,2024-06-03,9.498694,7.5239043
123,2024,Norte De Santander,2024-05-13,1,2024-05-20,9.734685,9.304589
123,2024,Norte De Santander,2024-05-13,2,2024-05-27,10.147674,9.061279
123,2024,Norte De Santander,2024-05-13,3,2024-06-03,9.498694,8.715366
123,2024,Norte De Santander,2024-05-13,4,2024-06-10,8.259734,8.60021
123,2024,Norte De Santander,2024-05-20,1,2024-05-27,10.147674,9.641466
123,2024,Norte De Santander,2024-05-20,2,2024-06-03,9.498694,9.381761
123,2024,Norte De Santander,2024-05-20,3,2024-06-10,8.259734,9.013958
123,2024,Norte De Santander,2024-05-20,4,2024-06-17,7.669751,8.88549
123,2024,Norte De Santander,2024-05-27,1,2024-06-03,9.498694,10.2150955
123,2024,Norte De Santander,2024-05-27,2,2024-06-10,8.259734,9.9301605
123,2024,Norte De Santander,2024-05-27,3,2024-06-17,7.669751,9.526849
123,2024,Norte De Santander,2024-05-27,4,2024-06-24,8.318732,9.362462
123,2024,Norte De Santander,2024-06-03,1,2024-06-10,8.259734,10.492512
123,2024,Norte De Santander,2024-06-03,2,2024-06-17,7.669751,10.1614065
123,2024,Norte De Santander,2024-06-03,3,2024-06-24,8.318732,9.731438
123,2024,Norte De Santander,2024-06-03,4,2024-07-01,7.256766,9.529989
123,2024,Norte De Santander,2024-06-10,1,2024-06-17,7.669751,10.036723
123,2024,Norte De Santander,2024-06-10,2,2024-06-24,8.318732,9.636743
123,2024,Norte De Santander,2024-06-10,3,2024-07-01,7.256766,9.207896
123,2024,Norte De Santander,2024-06-10,4,2024-07-08,8.37773,8.981709
123,2024,Norte De Santander,2024-06-17,1,2024-06-24,8.318732,9.0215025
123,2024,Norte De Santander,2024-06-17,2,2024-07-01,7.256766,8.593975
123,2024,Norte De Santander,2024-06-17,3,2024-07-08,8.37773,8.216355
123,2024,Norte De Santander,2024-06-17,4,2024-07-15,7.787748,7.986717
123,2024,Norte De Santander,2024-06-24,1,2024-07-01,7.256766,8.487594
123,2024,Norte De Santander,2024-06-24,2,2024-07-08,8.37773,8.080869
123,2024,Norte De Santander,2024-06-24,3,2024-07-15,7.787748,7.7515426
123,2024,Norte De Santander,2024-06-24,4,2024-07-22,6.5487885,7.5208726
123,2024,Norte De Santander,2024-07-01,1,2024-07-08,8.37773,8.560319
123,2024,Norte De Santander,2024-07-01,2,2024-07-15,7.787748,8.208866
123,2024,Norte De Santander,2024-07-01,3,2024-07-22,6.5487885,7.899135
123,2024,Norte De Santander,2024-07-01,4,2024-07-29,7.4337597,7.6905355
123,2024,Norte De Santander,2024-07-08,1,2024-07-15,7.787748,7.8206487
123,2024,Norte De Santander,2024-07-08,2,2024-07-22,6.5487885,7.4935985
123,2024,Norte De Santander,2024-07-08,3,2024-07-29,7.4337597,7.218793
123,2024,Norte De Santander,2024-07-08,4,2024-08-05,5.486823,7.037173
123,2024,Norte De Santander,2024-07-15,1,2024-07-22,6.5487885,7.8586874
123,2024,Norte De Santander,2024-07-15,2,2024-07-29,7.4337597,7.549323
123,2024,Norte De Santander,2024-07-15,3,2024-08-05,5.486823,7.2693663
123,2024,Norte De Santander,2024-07-15,4,2024-08-12,5.7818136,7.0923314
123,2024,Norte De Santander,2024-07-22,1,2024-07-29,7.4337597,7.5937796
123,2024,Norte De Santander,2024-07-22,2,2024-08-05,5.486823,7.282452
123,2024,Norte De Santander,2024-07-22,3,2024-08-12,5.7818136,7.0004883
123,2024,Norte De Santander,2024-07-22,4,2024-08-19,4.896842,6.8274775
123,2024,Norte De Santander,2024-07-29,1,2024-08-05,5.486823,6.962967
123,2024,Norte De Santander,2024-07-29,2,2024-08-12,5.7818136,6.64812
123,2024,Norte De Santander,2024-07-29,3,2024-08-19,4.896842,6.3900533
123,2024,Norte De Santander,2024-07-29,4,2024-08-26,5.486823,6.217196
123,2024,Norte De Santander,2024-08-05,1,2024-08-12,5.7818136,7.10839
123,2024,Norte De Santander,2024-08-05,2,2024-08-19,4.896842,6.8061533
123,2024,Norte De Santander,2024-08-05,3,2024-08-26,5.486823,6.537552
123,2024,Norte De Santander,2024-08-05,4,2024-09-02,4.1888647,6.361085
123,2024,Norte De Santander,2024-08-12,1,2024-08-19,4.896842,6.256082
123,2024,Norte De Santander,2024-08-12,2,2024-08-26,5.486823,5.9353595
123,2024,Norte De Santander,2024-08-12,3,2024-09-02,4.1888647,5.702916
123,2024,Norte De Santander,2024-08-12,4,2024-09-09,4.7198477,5.5161047
123,2024,Norte De Santander,2024-08-19,1,2024-08-26,5.486823,6.2546315
123,2024,Norte De Santander,2024-08-19,2,2024-09-02,4.1888647,5.941884
123,2024,Norte De Santander,2024-08-19,3,2024-09-09,4.7198477,5.7069345
123,2024,Norte De Santander,2024-08-19,4,2024-09-16,4.306861,5.511778
123,2024,Norte De Santander,2024-08-26,1,2024-09-02,4.1888647,5.7720037
123,2024,Norte De Santander,2024-08-26,2,2024-09-09,4.7198477,5.4857173
123,2024,Norte De Santander,2024-08-26,3,2024-09-16,4.306861,5.289971
123,2024,Norte De Santander,2024-08-26,4,2024-09-23,4.247863,5.112957
123,2024,Norte De Santander,2024-09-02,1,2024-09-09,4.7198477,5.6539474
123,2024,Norte De Santander,2024-09-02,2,2024-09-16,4.306861,5.421949
123,2024,Norte De Santander,2024-09-02,3,2024-09-23,4.247863,5.2593584
123,2024,Norte De Santander,2024-09-02,4,2024-09-30,3.8938744,5.114457
123,2024,Norte De Santander,2024-09-09,1,2024-09-16,4.306861,5.0861893
123,2024,Norte De Santander,2024-09-09,2,2024-09-23,4.247863,4.8997006
123,2024,Norte De Santander,2024-09-09,3,2024-09-30,3.8938744,4.79809
123,2024,Norte De Santander,2024-09-09,4,2024-10-07,4.0708685,4.689293
123,2024,Norte De Santander,2024-09-16,1,2024-09-23,4.247863,5.130804
123,2024,Norte De Santander,2024-09-16,2,2024-09-30,3.8938744,5.014077
123,2024,Norte De Santander,2024-09-16,3,2024-10-07,4.0708685,4.9467125
123,2024,Norte De Santander,2024-09-16,4,2024-10-14,4.9558396,4.8836446
123,2024,Norte De Santander,2024-09-23,1,2024-09-30,3.8938744,4.9988403
123,2024,Norte De Santander,2024-09-23,2,2024-10-07,4.0708685,4.927055
123,2024,Norte De Santander,2024-09-23,3,2024-10-14,4.9558396,4.8950124
123,2024,Norte De Santander,2024-09-23,4,2024-10-21,5.1918325,4.86749
123,2024,Norte De Santander,2024-09-30,1,2024-10-07,4.0708685,4.8457737
123,2024,Norte De Santander,2024-09-30,2,2024-10-14,4.9558396,4.8077602
123,2024,Norte De Santander,2024-09-30,3,2024-10-21,5.1918325,4.8066745
123,2024,Norte De Santander,2024-09-30,4,2024-10-28,4.601851,4.8049846
123,2024,Norte De Santander,2024-10-07,1,2024-10-14,4.9558396,4.5731297
123,2024,Norte De Santander,2024-10-07,2,2024-10-21,5.1918325,4.556646
123,2024,Norte De Santander,2024-10-07,3,2024-10-28,4.601851,4.587413
123,2024,Norte De Santander,2024-10-07,4,2024-11-04,5.1328344,4.604279
123,2024,Norte De Santander,2024-10-14,1,2024-10-21,5.1918325,4.551221
123,2024,Norte De Santander,2024-10-14,2,2024-10-28,4.601851,4.5695634
123,2024,Norte De Santander,2024-10-14,3,2024-11-04,5.1328344,4.622191
123,2024,Norte De Santander,2024-10-14,4,2024-11-11,5.0148377,4.6641846
123,2024,Norte De Santander,2024-10-21,1,2024-10-28,4.601851,4.9486017
123,2024,Norte De Santander,2024-10-21,2,2024-11-04,5.1328344,5.012268
123,2024,Norte De Santander,2024-10-21,3,2024-11-11,5.0148377,5.0636854
123,2024,Norte De Santander,2024-10-21,4,2024-11-18,6.076804,5.1375
123,2024,Norte De Santander,2024-10-28,1,2024-11-04,5.1328344,5.3722405
123,2024,Norte De Santander,2024-10-28,2,2024-11-11,5.0148377,5.477623
123,2024,Norte De Santander,2024-10-28,3,2024-11-18,6.076804,5.5287457
123,2024,Norte De Santander,2024-10-28,4,2024-11-25,5.073836,5.6375847
123,2024,Norte De Santander,2024-11-04,1,2024-11-11,5.0148377,5.2740912
123,2024,Norte De Santander,2024-11-04,2,2024-11-18,6.076804,5.3731146
123,2024,Norte De Santander,2024-11-04,3,2024-11-25,5.073836,5.4342456
123,2024,Norte De Santander,2024-11-04,4,2024-12-02,6.0178056,5.545723
123,2024,Norte De Santander,2024-11-11,1,2024-11-18,6.076804,5.3831472
123,2024,Norte De Santander,2024-11-11,2,2024-11-25,5.073836,5.4962897
123,2024,Norte De Santander,2024-11-11,3,2024-12-02,6.0178056,5.560151
123,2024,Norte De Santander,2024-11-11,4,2024-12-09,6.7847815,5.6821623
123,2024,Norte De Santander,2024-11-18,1,2024-11-25,5.073836,5.579567
123,2024,Norte De Santander,2024-11-18,2,2024-12-02,6.0178056,5.699813
123,2024,Norte De Santander,2024-11-18,3,2024-12-09,6.7847815,5.757178
123,2024,Norte De Santander,2024-11-18,4,2024-12-16,6.843779,5.884895
123,2024,Putumayo,2024-02-19,1,2024-02-26,21.017122,14.323806
123,2024,Putumayo,2024-02-19,2,2024-03-04,20.238716,14.050619
123,2024,Putumayo,2024-02-19,3,2024-03-11,25.947067,13.649826
123,2024,Putumayo,2024-02-19,4,2024-03-18,28.022831,13.311767
123,2024,Putumayo,2024-02-26,1,2024-03-04,20.238716,15.944558
123,2024,Putumayo,2024-02-26,2,2024-03-11,25.947067,15.64037
123,2024,Putumayo,2024-02-26,3,2024-03-18,28.022831,15.215283
123,2024,Putumayo,2024-02-26,4,2024-03-25,26.984953,14.788798
123,2024,Putumayo,2024-03-04,1,2024-03-11,25.947067,17.816404
123,2024,Putumayo,2024-03-04,2,2024-03-18,28.022831,17.470003
123,2024,Putumayo,2024-03-04,3,2024-03-25,26.984953,17.018826
123,2024,Putumayo,2024-03-04,4,2024-04-01,37.62325,16.475428
123,2024,Putumayo,2024-03-11,1,2024-03-18,28.022831,18.723171
123,2024,Putumayo,2024-03-11,2,2024-03-25,26.984953,18.235373
123,2024,Putumayo,2024-03-11,3,2024-04-01,37.62325,17.734089
123,2024,Putumayo,2024-03-11,4,2024-04-08,32.952774,17.067965
123,2024,Putumayo,2024-03-18,1,2024-03-25,26.984953,22.143421
123,2024,Putumayo,2024-03-18,2,2024-04-01,37.62325,21.781116
123,2024,Putumayo,2024-03-18,3,2024-04-08,32.952774,21.363298
123,2024,Putumayo,2024-03-18,4,2024-04-15,35.02854,20.555624
123,2024,Putumayo,2024-03-25,1,2024-04-01,37.62325,26.097542
123,2024,Putumayo,2024-03-25,2,2024-04-08,32.952774,25.8442
123,2024,Putumayo,2024-03-25,3,2024-04-15,35.02854,25.587889
123,2024,Putumayo,2024-03-25,4,2024-04-22,38.9206,24.578243
123,2024,Putumayo,2024-04-01,1,2024-04-08,32.952774,27.925407
123,2024,Putumayo,2024-04-01,2,2024-04-15,35.02854,27.505423
123,2024,Putumayo,2024-04-01,3,2024-04-22,38.9206,27.237894
123,2024,Putumayo,2024-04-01,4,2024-04-29,36.58537,26.012217
123,2024,Putumayo,2024-04-08,1,2024-04-15,35.02854,31.325382
123,2024,Putumayo,2024-04-08,2,2024-04-22,38.9206,30.993357
123,2024,Putumayo,2024-04-08,3,2024-04-29,36.58537,30.862083
123,2024,Putumayo,2024-04-08,4,2024-05-06,41.774784,29.522816
123,2024,Putumayo,2024-04-15,1,2024-04-22,38.9206,32.357574
123,2024,Putumayo,2024-04-15,2,2024-04-29,36.58537,31.955132
123,2024,Putumayo,2024-04-15,3,2024-05-06,41.774784,31.808304
123,2024,Putumayo,2024-04-15,4,2024-05-13,39.958485,30.39062
123,2024,Putumayo,2024-04-22,1,2024-04-29,36.58537,32.633698
123,2024,Putumayo,2024-04-22,2,2024-05-06,41.774784,32.14211
123,2024,Putumayo,2024-04-22,3,2024-05-13,39.958485,31.941973
123,2024,Putumayo,2024-04-22,4,2024-05-20,35.02854,30.46925
123,2024,Putumayo,2024-04-29,1,2024-05-06,41.774784,33.79693
123,2024,Putumayo,2024-04-29,2,2024-05-13,39.958485,33.31747
123,2024,Putumayo,2024-04-29,3,2024-05-20,35.02854,33.143635
123,2024,Putumayo,2024-04-29,4,2024-05-27,38.661137,31.637291
123,2024,Putumayo,2024-05-06,1,2024-05-13,39.958485,34.00698
123,2024,Putumayo,2024-05-06,2,2024-05-20,35.02854,33.445354
123,2024,Putumayo,2024-05-06,3,2024-05-27,38.661137,33.21959
123,2024,Putumayo,2024-05-06,4,2024-06-03,31.914896,31.698174
123,2024,Putumayo,2024-05-13,1,2024-05-20,35.02854,35.129314
123,2024,Putumayo,2024-05-13,2,2024-05-27,38.661137,34.640606
123,2024,Putumayo,2024-05-13,3,2024-06-03,31.914896,34.481052
123,2024,Putumayo,2024-05-13,4,2024-06-10,33.990658,32.952637
123,2024,Putumayo,2024-05-20,1,2024-05-27,38.661137,34.847332
123,2024,Putumayo,2024-05-20,2,2024-06-03,31.914896,34.259712
123,2024,Putumayo,2024-05-20,3,2024-06-10,33.990658,34.036865
123,2024,Putumayo,2024-05-20,4,2024-06-17,30.617538,32.4835
123,2024,Putumayo,2024-05-27,1,2024-06-03,31.914896,32.787724
123,2024,Putumayo,2024-05-27,2,2024-06-10,33.990658,31.833164
123,2024,Putumayo,2024-05-27,3,2024-06-17,30.617538,31.401617
123,2024,Putumayo,2024-05-27,4,2024-06-24,25.947067,29.774254
123,2024,Putumayo,2024-06-03,1,2024-06-10,33.990658,32.745667
123,2024,Putumayo,2024-06-03,2,2024-06-17,30.617538,31.576754
123,2024,Putumayo,2024-06-03,3,2024-06-24,25.947067,31.110558
123,2024,Putumayo,2024-06-03,4,2024-07-01,17.384533,29.345318
123,2024,Putumayo,2024-06-10,1,2024-06-17,30.617538,30.004957
123,2024,Putumayo,2024-06-10,2,2024-06-24,25.947067,28.445593
123,2024,Putumayo,2024-06-10,3,2024-07-01,17.384533,27.782572
123,2024,Putumayo,2024-06-10,4,2024-07-08,20.498182,25.932026
123,2024,Putumayo,2024-06-17,1,2024-06-24,25.947067,30.227295
123,2024,Putumayo,2024-06-17,2,2024-07-01,17.384533,28.575941
123,2024,Putumayo,2024-06-17,3,2024-07-08,20.498182,27.892282
123,2024,Putumayo,2024-06-17,4,2024-07-15,17.903477,26.015694
123,2024,Putumayo,2024-06-24,1,2024-07-01,17.384533,30.137976
123,2024,Putumayo,2024-06-24,2,2024-07-08,20.498182,28.488562
123,2024,Putumayo,2024-06-24,3,2024-07-15,17.903477,27.824965
123,2024,Putumayo,2024-06-24,4,2024-07-22,9.340945,25.977024
123,2024,Putumayo,2024-07-01,1,2024-07-08,20.498182,28.556866
123,2024,Putumayo,2024-07-01,2,2024-07-15,17.903477,26.846815
123,2024,Putumayo,2024-07-01,3,2024-07-22,9.340945,26.120028
123,2024,Putumayo,2024-07-01,4,2024-07-29,9.081473,24.339077
123,2024,Putumayo,2024-07-08,1,2024-07-15,17.903477,20.958279
123,2024,Putumayo,2024-07-08,2,2024-07-22,9.340945,18.958126
123,2024,Putumayo,2024-07-08,3,2024-07-29,9.081473,18.053282
123,2024,Putumayo,2024-07-08,4,2024-08-05,9.340945,16.520487
123,2024,Putumayo,2024-07-15,1,2024-07-22,9.340945,20.076424
123,2024,Putumayo,2024-07-15,2,2024-07-29,9.081473,18.133448
123,2024,Putumayo,2024-07-15,3,2024-08-05,9.340945,17.266296
123,2024,Putumayo,2024-07-15,4,2024-08-12,8.0435915,15.777966
123,2024,Putumayo,2024-07-22,1,2024-07-29,9.081473,18.220606
123,2024,Putumayo,2024-07-22,2,2024-08-05,9.340945,16.58618
123,2024,Putumayo,2024-07-22,3,2024-08-12,8.0435915,15.843207
123,2024,Putumayo,2024-07-22,4,2024-08-19,6.746238,14.56763
123,2024,Putumayo,2024-07-29,1,2024-08-05,9.340945,11.856475
123,2024,Putumayo,2024-07-29,2,2024-08-12,8.0435915,10.596893
123,2024,Putumayo,2024-07-29,3,2024-08-19,6.746238,10.072626
123,2024,Putumayo,2024-07-29,4,2024-08-26,6.227296,9.226985
123,2024,Putumayo,2024-08-05,1,2024-08-12,8.0435915,9.257556
123,2024,Putumayo,2024-08-05,2,2024-08-19,6.746238,8.35361
123,2024,Putumayo,2024-08-05,3,2024-08-26,6.227296,7.9755526
123,2024,Putumayo,2024-08-05,4,2024-09-02,3.373119,7.362306
123,2024,Putumayo,2024-08-12,1,2024-08-19,6.746238,7.949479
123,2024,Putumayo,2024-08-12,2,2024-08-26,6.227296,7.3603206
123,2024,Putumayo,2024-08-12,3,2024-09-02,3.373119,7.063441
123,2024,Putumayo,2024-08-12,4,2024-09-09,6.746238,6.669877
123,2024,Putumayo,2024-08-19,1,2024-08-26,6.227296,7.5001965
123,2024,Putumayo,2024-08-19,2,2024-09-02,3.373119,7.088074
123,2024,Putumayo,2024-08-19,3,2024-09-09,6.746238,6.842261
123,2024,Putumayo,2024-08-19,4,2024-09-16,4.4110017,6.5880156
123,2024,Putumayo,2024-08-26,1,2024-09-02,3.373119,6.960756
123,2024,Putumayo,2024-08-26,2,2024-09-09,6.746238,6.655658
123,2024,Putumayo,2024-08-26,3,2024-09-16,4.4110017,6.464757
123,2024,Putumayo,2024-08-26,4,2024-09-23,5.448884,6.2974563
123,2024,Putumayo,2024-09-02,1,2024-09-09,6.746238,6.3092575
123,2024,Putumayo,2024-09-02,2,2024-09-16,4.4110017,6.0890455
123,2024,Putumayo,2024-09-02,3,2024-09-23,5.448884,5.956293
123,2024,Putumayo,2024-09-02,4,2024-09-30,6.4867673,5.858004
123,2024,Putumayo,2024-09-09,1,2024-09-16,4.4110017,5.299946
123,2024,Putumayo,2024-09-09,2,2024-09-23,5.448884,5.12573
123,2024,Putumayo,2024-09-09,3,2024-09-30,6.4867673,5.051585
123,2024,Putumayo,2024-09-09,4,2024-10-07,7.0057087,4.982016
123,2024,Putumayo,2024-09-16,1,2024-09-23,5.448884,4.9611278
123,2024,Putumayo,2024-09-16,2,2024-09-30,6.4867673,4.81865
123,2024,Putumayo,2024-09-16,3,2024-10-07,7.0057087,4.743301
123,2024,Putumayo,2024-09-16,4,2024-10-14,2.335236,4.6837564
123,2024,Putumayo,2024-09-23,1,2024-09-30,6.4867673,4.0484776
123,2024,Putumayo,2024-09-23,2,2024-10-07,7.0057087,3.8909361
123,2024,Putumayo,2024-09-23,3,2024-10-14,2.335236,3.8425946
123,2024,Putumayo,2024-09-23,4,2024-10-21,7.0057087,3.7658272
123,2024,Putumayo,2024-09-30,1,2024-10-07,7.0057087,3.438962
123,2024,Putumayo,2024-09-30,2,2024-10-14,2.335236,3.294224
123,2024,Putumayo,2024-09-30,3,2024-10-21,7.0057087,3.2482417
123,2024,Putumayo,2024-09-30,4,2024-10-28,8.3030615,3.159519
123,2024,Putumayo,2024-10-07,1,2024-10-14,2.335236,3.048732
123,2024,Putumayo,2024-10-07,2,2024-10-21,7.0057087,2.919307
123,2024,Putumayo,2024-10-07,3,2024-10-28,8.3030615,2.8819618
123,2024,Putumayo,2024-10-07,4,2024-11-04,9.081473,2.7997293
123,2024,Putumayo,2024-10-14,1,2024-10-21,7.0057087,2.771412
123,2024,Putumayo,2024-10-14,2,2024-10-28,8.3030615,2.659111
123,2024,Putumayo,2024-10-14,3,2024-11-04,9.081473,2.639083
123,2024,Putumayo,2024-10-14,4,2024-11-11,8.3030615,2.5710502
123,2024,Putumayo,2024-10-21,1,2024-10-28,8.3030615,2.3220952
123,2024,Putumayo,2024-10-21,2,2024-11-04,9.081473,2.2241075
123,2024,Putumayo,2024-10-21,3,2024-11-11,8.3030615,2.2123601
123,2024,Putumayo,2024-10-21,4,2024-11-18,11.416711,2.1529987
123,2024,Putumayo,2024-10-28,1,2024-11-04,9.081473,2.3655593
123,2024,Putumayo,2024-10-28,2,2024-11-11,8.3030615,2.2824404
123,2024,Putumayo,2024-10-28,3,2024-11-18,11.416711,2.2913043
123,2024,Putumayo,2024-10-28,4,2024-11-25,13.492475,2.2452528
123,2024,Putumayo,2024-11-04,1,2024-11-11,8.3030615,2.503414
123,2024,Putumayo,2024-11-04,2,2024-11-18,11.416711,2.420958
123,2024,Putumayo,2024-11-04,3,2024-11-25,13.492475,2.4372435
123,2024,Putumayo,2024-11-04,4,2024-12-02,15.568242,2.3959956
123,2024,Putumayo,2024-11-11,1,2024-11-18,11.416711,2.658795
123,2024,Putumayo,2024-11-11,2,2024-11-25,13.492475,2.5758455
123,2024,Putumayo,2024-11-11,3,2024-12-02,15.568242,2.6008606
123,2024,Putumayo,2024-11-11,4,2024-12-09,10.638297,2.566609
123,2024,Putumayo,2024-11-18,1,2024-11-25,13.492475,2.7503195
123,2024,Putumayo,2024-11-18,2,2024-12-02,15.568242,2.6553302
123,2024,Putumayo,2024-11-18,3,2024-12-09,10.638297,2.6740053
123,2024,Putumayo,2024-11-18,4,2024-12-16,13.233006,2.6317382
123,2024,Quindio,2024-02-19,1,2024-02-26,6.6441603,6.229809
123,2024,Quindio,2024-02-19,2,2024-03-04,10.0560255,6.3558297
123,2024,Quindio,2024-02-19,3,2024-03-11,14.18618,6.369681
123,2024,Quindio,2024-02-19,4,2024-03-18,13.108748,6.4621944
123,2024,Quindio,2024-02-26,1,2024-03-04,10.0560255,7.6752863
123,2024,Quindio,2024-02-26,2,2024-03-11,14.18618,7.8903427
123,2024,Quindio,2024-02-26,3,2024-03-18,13.108748,7.89068
123,2024,Quindio,2024-02-26,4,2024-03-25,15.622757,8.034252
123,2024,Quindio,2024-03-04,1,2024-03-11,14.18618,7.8135033
123,2024,Quindio,2024-03-04,2,2024-03-18,13.108748,8.019434
123,2024,Quindio,2024-03-04,3,2024-03-25,15.622757,8.039849
123,2024,Quindio,2024-03-04,4,2024-04-01,23.344345,8.204625
123,2024,Quindio,2024-03-11,1,2024-03-18,13.108748,9.672935
123,2024,Quindio,2024-03-11,2,2024-03-25,15.622757,9.990136
123,2024,Quindio,2024-03-11,3,2024-04-01,23.344345,9.999177
123,2024,Quindio,2024-03-11,4,2024-04-08,22.985203,10.198028
123,2024,Quindio,2024-03-18,1,2024-03-25,15.622757,12.390773
123,2024,Quindio,2024-03-18,2,2024-04-01,23.344345,12.887496
123,2024,Quindio,2024-03-18,3,2024-04-08,22.985203,12.903149
123,2024,Quindio,2024-03-18,4,2024-04-15,31.78423,13.113008
123,2024,Quindio,2024-03-25,1,2024-04-01,23.344345,14.155952
123,2024,Quindio,2024-03-25,2,2024-04-08,22.985203,14.681807
123,2024,Quindio,2024-03-25,3,2024-04-15,31.78423,14.710956
123,2024,Quindio,2024-03-25,4,2024-04-22,32.32294,14.838483
123,2024,Quindio,2024-04-01,1,2024-04-08,22.985203,16.027632
123,2024,Quindio,2024-04-01,2,2024-04-15,31.78423,16.536564
123,2024,Quindio,2024-04-01,3,2024-04-22,32.32294,16.56927
123,2024,Quindio,2024-04-01,4,2024-04-29,26.576643,16.56713
123,2024,Quindio,2024-04-08,1,2024-04-15,31.78423,19.894394
123,2024,Quindio,2024-04-08,2,2024-04-22,32.32294,20.558441
123,2024,Quindio,2024-04-08,3,2024-04-29,26.576643,20.647762
123,2024,Quindio,2024-04-08,4,2024-05-06,29.090647,20.45364
123,2024,Quindio,2024-04-15,1,2024-04-22,32.32294,21.830166
123,2024,Quindio,2024-04-15,2,2024-04-29,26.576643,22.360487
123,2024,Quindio,2024-04-15,3,2024-05-06,29.090647,22.415071
123,2024,Quindio,2024-04-15,4,2024-05-13,26.037924,21.962786
123,2024,Quindio,2024-04-22,1,2024-04-29,26.576643,24.772139
123,2024,Quindio,2024-04-22,2,2024-05-06,29.090647,25.214735
123,2024,Quindio,2024-04-22,3,2024-05-13,26.037924,25.293867
123,2024,Quindio,2024-04-22,4,2024-05-20,39.864964,24.594196
123,2024,Quindio,2024-04-29,1,2024-05-06,29.090647,27.023296
123,2024,Quindio,2024-04-29,2,2024-05-13,26.037924,27.275251
123,2024,Quindio,2024-04-29,3,2024-05-20,39.864964,27.327923
123,2024,Quindio,2024-04-29,4,2024-05-27,32.861656,26.376226
123,2024,Quindio,2024-05-06,1,2024-05-13,26.037924,26.918024
123,2024,Quindio,2024-05-06,2,2024-05-20,39.864964,26.84809
123,2024,Quindio,2024-05-06,3,2024-05-27,32.861656,26.734812
123,2024,Quindio,2024-05-06,4,2024-06-03,33.93909,25.617624
123,2024,Quindio,2024-05-13,1,2024-05-20,39.864964,27.302816
123,2024,Quindio,2024-05-13,2,2024-05-27,32.861656,26.910198
123,2024,Quindio,2024-05-13,3,2024-06-03,33.93909,26.641909
123,2024,Quindio,2024-05-13,4,2024-06-10,30.886364,25.308334
123,2024,Quindio,2024-05-20,1,2024-05-27,32.861656,25.948507
123,2024,Quindio,2024-05-20,2,2024-06-03,33.93909,25.090828
123,2024,Quindio,2024-05-20,3,2024-06-10,30.886364,24.567648
123,2024,Quindio,2024-05-20,4,2024-06-17,24.421778,23.057795
123,2024,Quindio,2024-05-27,1,2024-06-03,33.93909,29.923338
123,2024,Quindio,2024-05-27,2,2024-06-10,30.886364,29.196817
123,2024,Quindio,2024-05-27,3,2024-06-17,24.421778,28.82088
123,2024,Quindio,2024-05-27,4,2024-06-24,31.245512,27.18908
123,2024,Quindio,2024-06-03,1,2024-06-10,30.886364,30.182299
123,2024,Quindio,2024-06-03,2,2024-06-17,24.421778,29.426588
123,2024,Quindio,2024-06-03,3,2024-06-24,31.245512,29.027008
123,2024,Quindio,2024-06-03,4,2024-07-01,27.654076,27.42223
123,2024,Quindio,2024-06-10,1,2024-06-17,24.421778,29.193045
123,2024,Quindio,2024-06-10,2,2024-06-24,31.245512,28.253668
123,2024,Quindio,2024-06-10,3,2024-07-01,27.654076,27.696873
123,2024,Quindio,2024-06-10,4,2024-07-08,26.037924,26.03353
123,2024,Quindio,2024-06-17,1,2024-06-24,31.245512,27.147495
123,2024,Quindio,2024-06-17,2,2024-07-01,27.654076,25.816502
123,2024,Quindio,2024-06-17,3,2024-07-08,26.037924,25.014612
123,2024,Quindio,2024-06-17,4,2024-07-15,39.505817,23.278036
123,2024,Quindio,2024-06-24,1,2024-07-01,27.654076,24.42639
123,2024,Quindio,2024-06-24,2,2024-07-08,26.037924,22.651018
123,2024,Quindio,2024-06-24,3,2024-07-15,39.505817,21.66739
123,2024,Quindio,2024-06-24,4,2024-07-22,30.347652,19.870716
123,2024,Quindio,2024-07-01,1,2024-07-08,26.037924,25.47285
123,2024,Quindio,2024-07-01,2,2024-07-15,39.505817,23.59482
123,2024,Quindio,2024-07-01,3,2024-07-22,30.347652,22.578495
123,2024,Quindio,2024-07-01,4,2024-07-29,22.266918,20.65776
123,2024,Quindio,2024-07-08,1,2024-07-15,39.505817,25.699373
123,2024,Quindio,2024-07-08,2,2024-07-22,30.347652,23.83733
123,2024,Quindio,2024-07-08,3,2024-07-29,22.266918,22.848629
123,2024,Quindio,2024-07-08,4,2024-08-05,19.75291,20.971355
123,2024,Quindio,2024-07-15,1,2024-07-22,30.347652,23.7513
123,2024,Quindio,2024-07-15,2,2024-07-29,22.266918,21.789982
123,2024,Quindio,2024-07-15,3,2024-08-05,19.75291,20.801075
123,2024,Quindio,2024-07-15,4,2024-08-12,15.443184,19.007961
123,2024,Quindio,2024-07-22,1,2024-07-29,22.266918,28.274221
123,2024,Quindio,2024-07-22,2,2024-08-05,19.75291,26.812233
123,2024,Quindio,2024-07-22,3,2024-08-12,15.443184,26.0588
123,2024,Quindio,2024-07-22,4,2024-08-19,13.467894,24.262173
123,2024,Quindio,2024-07-29,1,2024-08-05,19.75291,28.504934
123,2024,Quindio,2024-07-29,2,2024-08-12,15.443184,27.409418
123,2024,Quindio,2024-07-29,3,2024-08-19,13.467894,26.85896
123,2024,Quindio,2024-07-29,4,2024-08-26,19.03462,25.294613
123,2024,Quindio,2024-08-05,1,2024-08-12,15.443184,25.400568
123,2024,Quindio,2024-08-05,2,2024-08-19,13.467894,24.253555
123,2024,Quindio,2024-08-05,3,2024-08-26,19.03462,23.682566
123,2024,Quindio,2024-08-05,4,2024-09-02,14.365754,22.208633
123,2024,Quindio,2024-08-12,1,2024-08-19,13.467894,21.753313
123,2024,Quindio,2024-08-12,2,2024-08-26,19.03462,20.383436
123,2024,Quindio,2024-08-12,3,2024-09-02,14.365754,19.817923
123,2024,Quindio,2024-08-12,4,2024-09-09,16.341045,18.398119
123,2024,Quindio,2024-08-19,1,2024-08-26,19.03462,18.172558
123,2024,Quindio,2024-08-19,2,2024-09-02,14.365754,16.676798
123,2024,Quindio,2024-08-19,3,2024-09-09,16.341045,16.138536
123,2024,Quindio,2024-08-19,4,2024-09-16,18.855051,14.855314
123,2024,Quindio,2024-08-26,1,2024-09-02,14.365754,15.211465
123,2024,Quindio,2024-08-26,2,2024-09-09,16.341045,13.867065
123,2024,Quindio,2024-08-26,3,2024-09-16,18.855051,13.406758
123,2024,Quindio,2024-08-26,4,2024-09-23,21.369059,12.337152
123,2024,Quindio,2024-09-02,1,2024-09-09,16.341045,15.50597
123,2024,Quindio,2024-09-02,2,2024-09-16,18.855051,14.390102
123,2024,Quindio,2024-09-02,3,2024-09-23,21.369059,13.958752
123,2024,Quindio,2024-09-02,4,2024-09-30,15.443184,13.011919
123,2024,Quindio,2024-09-09,1,2024-09-16,18.855051,12.851488
123,2024,Quindio,2024-09-09,2,2024-09-23,21.369059,12.073155
123,2024,Quindio,2024-09-09,3,2024-09-30,15.443184,11.75877
123,2024,Quindio,2024-09-09,4,2024-10-07,14.365754,11.169271
123,2024,Quindio,2024-09-16,1,2024-09-23,21.369059,12.134562
123,2024,Quindio,2024-09-16,2,2024-09-30,15.443184,11.661554
123,2024,Quindio,2024-09-16,3,2024-10-07,14.365754,11.398674
123,2024,Quindio,2024-09-16,4,2024-10-14,16.161472,11.084568
123,2024,Quindio,2024-09-23,1,2024-09-30,15.443184,12.6893015
123,2024,Quindio,2024-09-23,2,2024-10-07,14.365754,12.443706
123,2024,Quindio,2024-09-23,3,2024-10-14,16.161472,12.219092
123,2024,Quindio,2024-09-23,4,2024-10-21,20.830341,12.091605
123,2024,Quindio,2024-09-30,1,2024-10-07,14.365754,14.101649
123,2024,Quindio,2024-09-30,2,2024-10-14,16.161472,14.019601
123,2024,Quindio,2024-09-30,3,2024-10-21,20.830341,13.846058
123,2024,Quindio,2024-09-30,4,2024-10-28,18.495909,13.793284
123,2024,Quindio,2024-10-07,1,2024-10-14,16.161472,12.530513
123,2024,Quindio,2024-10-07,2,2024-10-21,20.830341,12.375907
123,2024,Quindio,2024-10-07,3,2024-10-28,18.495909,12.184973
123,2024,Quindio,2024-10-07,4,2024-11-04,15.622757,12.192088
123,2024,Quindio,2024-10-14,1,2024-10-21,20.830341,12.485669
123,2024,Quindio,2024-10-14,2,2024-10-28,18.495909,12.307568
123,2024,Quindio,2024-10-14,3,2024-11-04,15.622757,12.101556
123,2024,Quindio,2024-10-14,4,2024-11-11,15.084041,12.085711
123,2024,Quindio,2024-10-21,1,2024-10-28,18.495909,12.441673
123,2024,Quindio,2024-10-21,2,2024-11-04,15.622757,12.292931
123,2024,Quindio,2024-10-21,3,2024-11-11,15.084041,12.092469
123,2024,Quindio,2024-10-21,4,2024-11-18,9.517311,12.105483
123,2024,Quindio,2024-10-28,1,2024-11-04,15.622757,13.271512
123,2024,Quindio,2024-10-28,2,2024-11-11,15.084041,13.204133
123,2024,Quindio,2024-10-28,3,2024-11-18,9.517311,12.995686
123,2024,Quindio,2024-10-28,4,2024-11-25,10.235599,13.027679
123,2024,Quindio,2024-11-04,1,2024-11-11,15.084041,14.310892
123,2024,Quindio,2024-11-04,2,2024-11-18,9.517311,14.345457
123,2024,Quindio,2024-11-04,3,2024-11-25,10.235599,14.171697
123,2024,Quindio,2024-11-04,4,2024-12-02,10.953886,14.205432
123,2024,Quindio,2024-11-11,1,2024-11-18,9.517311,13.7026205
123,2024,Quindio,2024-11-11,2,2024-11-25,10.235599,13.753097
123,2024,Quindio,2024-11-11,3,2024-12-02,10.953886,13.607638
123,2024,Quindio,2024-11-11,4,2024-12-09,9.517311,13.70689
123,2024,Quindio,2024-11-18,1,2024-11-25,10.235599,13.174786
123,2024,Quindio,2024-11-18,2,2024-12-02,10.953886,13.16665
123,2024,Quindio,2024-11-18,3,2024-12-09,9.517311,13.0052395
123,2024,Quindio,2024-11-18,4,2024-12-16,10.415171,13.0877
123,2024,Risaralda,2024-02-19,1,2024-02-26,4.509334,3.2179577
123,2024,Risaralda,2024-02-19,2,2024-03-04,5.0103717,3.3067467
123,2024,Risaralda,2024-02-19,3,2024-03-11,10.321366,3.4337227
123,2024,Risaralda,2024-02-19,4,2024-03-18,9.920536,3.526325
123,2024,Risaralda,2024-02-26,1,2024-03-04,5.0103717,3.8581414
123,2024,Risaralda,2024-02-26,2,2024-03-11,10.321366,3.9803598
123,2024,Risaralda,2024-02-26,3,2024-03-18,9.920536,4.10412
123,2024,Risaralda,2024-02-26,4,2024-03-25,8.217009,4.218431
123,2024,Risaralda,2024-03-04,1,2024-03-11,10.321366,4.661947
123,2024,Risaralda,2024-03-04,2,2024-03-18,9.920536,4.8434877
123,2024,Risaralda,2024-03-04,3,2024-03-25,8.217009,4.9678926
123,2024,Risaralda,2024-03-04,4,2024-04-01,13.528004,5.127586
123,2024,Risaralda,2024-03-11,1,2024-03-18,9.920536,5.449843
123,2024,Risaralda,2024-03-11,2,2024-03-25,8.217009,5.6632886
123,2024,Risaralda,2024-03-11,3,2024-04-01,13.528004,5.7724795
123,2024,Risaralda,2024-03-11,4,2024-04-08,20.64273,5.959509
123,2024,Risaralda,2024-03-18,1,2024-03-25,8.217009,8.03465
123,2024,Risaralda,2024-03-18,2,2024-04-01,13.528004,8.449212
123,2024,Risaralda,2024-03-18,3,2024-04-08,20.64273,8.530944
123,2024,Risaralda,2024-03-18,4,2024-04-15,18.438166,8.82105
123,2024,Risaralda,2024-03-25,1,2024-04-01,13.528004,9.748283
123,2024,Risaralda,2024-03-25,2,2024-04-08,20.64273,10.21847
123,2024,Risaralda,2024-03-25,3,2024-04-15,18.438166,10.275376
123,2024,Risaralda,2024-03-25,4,2024-04-22,23.248123,10.566119
123,2024,Risaralda,2024-04-01,1,2024-04-08,20.64273,10.080205
123,2024,Risaralda,2024-04-01,2,2024-04-15,18.438166,10.413137
123,2024,Risaralda,2024-04-01,3,2024-04-22,23.248123,10.4362545
123,2024,Risaralda,2024-04-01,4,2024-04-29,26.45476,10.635228
123,2024,Risaralda,2024-04-08,1,2024-04-15,18.438166,12.500493
123,2024,Risaralda,2024-04-08,2,2024-04-22,23.248123,12.876719
123,2024,Risaralda,2024-04-08,3,2024-04-29,26.45476,12.853404
123,2024,Risaralda,2024-04-08,4,2024-05-06,17.736715,12.965913
123,2024,Risaralda,2024-04-15,1,2024-04-22,23.248123,15.915778
123,2024,Risaralda,2024-04-15,2,2024-04-29,26.45476,16.449099
123,2024,Risaralda,2024-04-15,3,2024-05-06,17.736715,16.434374
123,2024,Risaralda,2024-04-15,4,2024-05-13,22.64688,16.425863
123,2024,Risaralda,2024-04-22,1,2024-04-29,26.45476,17.217655
123,2024,Risaralda,2024-04-22,2,2024-05-06,17.736715,17.632174
123,2024,Risaralda,2024-04-22,3,2024-05-13,22.64688,17.567848
123,2024,Risaralda,2024-04-22,4,2024-05-20,27.056007,17.373968
123,2024,Risaralda,2024-04-29,1,2024-05-06,17.736715,19.753008
123,2024,Risaralda,2024-04-29,2,2024-05-13,22.64688,20.156841
123,2024,Risaralda,2024-04-29,3,2024-05-20,27.056007,20.096659
123,2024,Risaralda,2024-04-29,4,2024-05-27,19.84107,19.687996
123,2024,Risaralda,2024-05-06,1,2024-05-13,22.64688,22.459116
123,2024,Risaralda,2024-05-06,2,2024-05-20,27.056007,22.84777
123,2024,Risaralda,2024-05-06,3,2024-05-27,19.84107,22.803802
123,2024,Risaralda,2024-05-06,4,2024-06-03,24.550821,22.16781
123,2024,Risaralda,2024-05-13,1,2024-05-20,27.056007,21.066374
123,2024,Risaralda,2024-05-13,2,2024-05-27,19.84107,20.945713
123,2024,Risaralda,2024-05-13,3,2024-06-03,24.550821,20.683146
123,2024,Risaralda,2024-05-13,4,2024-06-10,24.651028,19.84748
123,2024,Risaralda,2024-05-20,1,2024-05-27,19.84107,21.815388
123,2024,Risaralda,2024-05-20,2,2024-06-03,24.550821,21.349686
123,2024,Risaralda,2024-05-20,3,2024-06-10,24.651028,20.959734
123,2024,Risaralda,2024-05-20,4,2024-06-17,23.348333,19.866028
123,2024,Risaralda,2024-05-27,1,2024-06-03,24.550821,23.962568
123,2024,Risaralda,2024-05-27,2,2024-06-10,24.651028,23.424469
123,2024,Risaralda,2024-05-27,3,2024-06-17,23.348333,22.993542
123,2024,Risaralda,2024-05-27,4,2024-06-24,21.544598,21.718725
123,2024,Risaralda,2024-06-03,1,2024-06-10,24.651028,22.118708
123,2024,Risaralda,2024-06-03,2,2024-06-17,23.348333,21.226
123,2024,Risaralda,2024-06-03,3,2024-06-24,21.544598,20.645212
123,2024,Risaralda,2024-06-03,4,2024-07-01,17.536299,19.335943
123,2024,Risaralda,2024-06-10,1,2024-06-17,23.348333,22.939035
123,2024,Risaralda,2024-06-10,2,2024-06-24,21.544598,21.891151
123,2024,Risaralda,2024-06-10,3,2024-07-01,17.536299,21.239597
123,2024,Risaralda,2024-06-10,4,2024-07-08,19.84107,19.78123
123,2024,Risaralda,2024-06-17,1,2024-06-24,21.544598,22.929443
123,2024,Risaralda,2024-06-17,2,2024-07-01,17.536299,21.728416
123,2024,Risaralda,2024-06-17,3,2024-07-08,19.84107,20.986752
123,2024,Risaralda,2024-06-17,4,2024-07-15,20.542522,19.482113
123,2024,Risaralda,2024-06-24,1,2024-07-01,17.536299,22.724855
123,2024,Risaralda,2024-06-24,2,2024-07-08,19.84107,21.381392
123,2024,Risaralda,2024-06-24,3,2024-07-15,20.542522,20.565659
123,2024,Risaralda,2024-06-24,4,2024-07-22,19.239826,19.033928
123,2024,Risaralda,2024-07-01,1,2024-07-08,19.84107,21.75669
123,2024,Risaralda,2024-07-01,2,2024-07-15,20.542522,20.208117
123,2024,Risaralda,2024-07-01,3,2024-07-22,19.239826,19.344181
123,2024,Risaralda,2024-07-01,4,2024-07-29,15.832773,17.786102
123,2024,Risaralda,2024-07-08,1,2024-07-15,20.542522,18.505175
123,2024,Risaralda,2024-07-08,2,2024-07-22,19.239826,16.747015
123,2024,Risaralda,2024-07-08,3,2024-07-29,15.832773,15.875935
123,2024,Risaralda,2024-07-08,4,2024-08-05,16.534227,14.424931
123,2024,Risaralda,2024-07-15,1,2024-07-22,19.239826,17.751749
123,2024,Risaralda,2024-07-15,2,2024-07-29,15.832773,15.967934
123,2024,Risaralda,2024-07-15,3,2024-08-05,16.534227,15.104382
123,2024,Risaralda,2024-07-15,4,2024-08-12,16.534227,13.664297
123,2024,Risaralda,2024-07-22,1,2024-07-29,15.832773,18.188015
123,2024,Risaralda,2024-07-22,2,2024-08-05,16.534227,16.540691
123,2024,Risaralda,2024-07-22,3,2024-08-12,16.534227,15.712411
123,2024,Risaralda,2024-07-22,4,2024-08-19,12.726343,14.298821
123,2024,Risaralda,2024-07-29,1,2024-08-05,16.534227,18.863337
123,2024,Risaralda,2024-07-29,2,2024-08-12,16.534227,17.453436
123,2024,Risaralda,2024-07-29,3,2024-08-19,12.726343,16.724123
123,2024,Risaralda,2024-07-29,4,2024-08-26,13.127173,15.39655
123,2024,Risaralda,2024-08-05,1,2024-08-12,16.534227,17.200308
123,2024,Risaralda,2024-08-05,2,2024-08-19,12.726343,15.88654
123,2024,Risaralda,2024-08-05,3,2024-08-26,13.127173,15.254993
123,2024,Risaralda,2024-08-05,4,2024-09-02,14.730491,14.088912
123,2024,Risaralda,2024-08-12,1,2024-08-19,12.726343,15.843818
123,2024,Risaralda,2024-08-12,2,2024-08-26,13.127173,14.620699
123,2024,Risaralda,2024-08-12,3,2024-09-02,14.730491,14.0511675
123,2024,Risaralda,2024-08-12,4,2024-09-09,14.42987,13.0049515
123,2024,Risaralda,2024-08-19,1,2024-08-26,13.127173,16.00066
123,2024,Risaralda,2024-08-19,2,2024-09-02,14.730491,14.942943
123,2024,Risaralda,2024-08-19,3,2024-09-09,14.42987,14.443053
123,2024,Risaralda,2024-08-19,4,2024-09-16,15.532153,13.482005
123,2024,Risaralda,2024-08-26,1,2024-09-02,14.730491,14.280107
123,2024,Risaralda,2024-08-26,2,2024-09-09,14.42987,13.291547
123,2024,Risaralda,2024-08-26,3,2024-09-16,15.532153,12.829739
123,2024,Risaralda,2024-08-26,4,2024-09-23,13.127173,12.047575
123,2024,Risaralda,2024-09-02,1,2024-09-09,14.42987,13.333765
123,2024,Risaralda,2024-09-02,2,2024-09-16,15.532153,12.466375
123,2024,Risaralda,2024-09-02,3,2024-09-23,13.127173,12.057636
123,2024,Risaralda,2024-09-02,4,2024-09-30,14.42987,11.404071
123,2024,Risaralda,2024-09-09,1,2024-09-16,15.532153,12.999834
123,2024,Risaralda,2024-09-09,2,2024-09-23,13.127173,12.316277
123,2024,Risaralda,2024-09-09,3,2024-09-30,14.42987,11.967016
123,2024,Risaralda,2024-09-09,4,2024-10-07,10.922608,11.456054
123,2024,Risaralda,2024-09-16,1,2024-09-23,13.127173,12.021844
123,2024,Risaralda,2024-09-16,2,2024-09-30,14.42987,11.509449
123,2024,Risaralda,2024-09-16,3,2024-10-07,10.922608,11.199649
123,2024,Risaralda,2024-09-16,4,2024-10-14,11.223231,10.864591
123,2024,Risaralda,2024-09-23,1,2024-09-30,14.42987,12.189095
123,2024,Risaralda,2024-09-23,2,2024-10-07,10.922608,11.8273945
123,2024,Risaralda,2024-09-23,3,2024-10-14,11.223231,11.553323
123,2024,Risaralda,2024-09-23,4,2024-10-21,11.72427,11.318982
123,2024,Risaralda,2024-09-30,1,2024-10-07,10.922608,11.608234
123,2024,Risaralda,2024-09-30,2,2024-10-14,11.223231,11.305326
123,2024,Risaralda,2024-09-30,3,2024-10-21,11.72427,11.06612
123,2024,Risaralda,2024-09-30,4,2024-10-28,8.718047,10.916095
123,2024,Risaralda,2024-10-07,1,2024-10-14,11.223231,11.213464
123,2024,Risaralda,2024-10-07,2,2024-10-21,11.72427,10.994825
123,2024,Risaralda,2024-10-07,3,2024-10-28,8.718047,10.785673
123,2024,Risaralda,2024-10-07,4,2024-11-04,10.922608,10.730179
123,2024,Risaralda,2024-10-14,1,2024-10-21,11.72427,10.589176
123,2024,Risaralda,2024-10-14,2,2024-10-28,8.718047,10.399268
123,2024,Risaralda,2024-10-14,3,2024-11-04,10.922608,10.209422
123,2024,Risaralda,2024-10-14,4,2024-11-11,7.615764,10.199771
123,2024,Risaralda,2024-10-21,1,2024-10-28,8.718047,10.14365
123,2024,Risaralda,2024-10-21,2,2024-11-04,10.922608,9.96806
123,2024,Risaralda,2024-10-21,3,2024-11-11,7.615764,9.79198
123,2024,Risaralda,2024-10-21,4,2024-11-18,7.1147275,9.804253
123,2024,Risaralda,2024-10-28,1,2024-11-04,10.922608,9.831398
123,2024,Risaralda,2024-10-28,2,2024-11-11,7.615764,9.703287
123,2024,Risaralda,2024-10-28,3,2024-11-18,7.1147275,9.542454
123,2024,Risaralda,2024-10-28,4,2024-11-25,6.7138977,9.606357
123,2024,Risaralda,2024-11-04,1,2024-11-11,7.615764,8.918729
123,2024,Risaralda,2024-11-04,2,2024-11-18,7.1147275,8.794776
123,2024,Risaralda,2024-11-04,3,2024-11-25,6.7138977,8.665425
123,2024,Risaralda,2024-11-04,4,2024-12-02,7.0145206,8.74078
123,2024,Risaralda,2024-11-11,1,2024-11-18,7.1147275,9.072361
123,2024,Risaralda,2024-11-11,2,2024-11-25,6.7138977,8.998677
123,2024,Risaralda,2024-11-11,3,2024-12-02,7.0145206,8.873459
123,2024,Risaralda,2024-11-11,4,2024-12-09,9.720122,8.976099
123,2024,Risaralda,2024-11-18,1,2024-11-25,6.7138977,8.293161
123,2024,Risaralda,2024-11-18,2,2024-12-02,7.0145206,8.256591
123,2024,Risaralda,2024-11-18,3,2024-12-09,9.720122,8.174473
123,2024,Risaralda,2024-11-18,4,2024-12-16,7.715973,8.310684
123,2024,Santander,2024-02-19,1,2024-02-26,20.288576,13.5596895
123,2024,Santander,2024-02-19,2,2024-03-04,20.330582,12.692023
123,2024,Santander,2024-02-19,3,2024-03-11,23.48098,12.004286
123,2024,Santander,2024-02-19,4,2024-03-18,22.598871,11.480451
123,2024,Santander,2024-02-26,1,2024-03-04,20.330582,14.970403
123,2024,Santander,2024-02-26,2,2024-03-11,23.48098,14.1204195
123,2024,Santander,2024-02-26,3,2024-03-18,22.598871,13.405937
123,2024,Santander,2024-02-26,4,2024-03-25,19.28045,12.849933
123,2024,Santander,2024-03-04,1,2024-03-11,23.48098,15.868192
123,2024,Santander,2024-03-04,2,2024-03-18,22.598871,15.016545
123,2024,Santander,2024-03-04,3,2024-03-25,19.28045,14.308495
123,2024,Santander,2024-03-04,4,2024-04-01,30.243841,13.723247
123,2024,Santander,2024-03-11,1,2024-03-18,22.598871,16.621788
123,2024,Santander,2024-03-11,2,2024-03-25,19.28045,15.78081
123,2024,Santander,2024-03-11,3,2024-04-01,30.243841,15.080931
123,2024,Santander,2024-03-11,4,2024-04-08,28.647635,14.482068
123,2024,Santander,2024-03-18,1,2024-03-25,19.28045,18.391497
123,2024,Santander,2024-03-18,2,2024-04-01,30.243841,17.594442
123,2024,Santander,2024-03-18,3,2024-04-08,28.647635,16.910309
123,2024,Santander,2024-03-18,4,2024-04-15,27.42948,16.252584
123,2024,Santander,2024-03-25,1,2024-04-01,30.243841,19.578026
123,2024,Santander,2024-03-25,2,2024-04-08,28.647635,18.765057
123,2024,Santander,2024-03-25,3,2024-04-15,27.42948,18.0805
123,2024,Santander,2024-03-25,4,2024-04-22,34.360367,17.351282
123,2024,Santander,2024-04-01,1,2024-04-08,28.647635,18.907595
123,2024,Santander,2024-04-01,2,2024-04-15,27.42948,17.910212
123,2024,Santander,2024-04-01,3,2024-04-22,34.360367,17.16726
123,2024,Santander,2024-04-01,4,2024-04-29,29.655767,16.400425
123,2024,Santander,2024-04-08,1,2024-04-15,27.42948,23.248812
123,2024,Santander,2024-04-08,2,2024-04-22,34.360367,22.444382
123,2024,Santander,2024-04-08,3,2024-04-29,29.655767,21.805359
123,2024,Santander,2024-04-08,4,2024-05-06,32.890175,20.867405
123,2024,Santander,2024-04-15,1,2024-04-22,34.360367,26.620235
123,2024,Santander,2024-04-15,2,2024-04-29,29.655767,25.986557
123,2024,Santander,2024-04-15,3,2024-05-06,32.890175,25.568277
123,2024,Santander,2024-04-15,4,2024-05-13,33.77229,24.53245
123,2024,Santander,2024-04-22,1,2024-04-29,29.655767,27.096874
123,2024,Santander,2024-04-22,2,2024-05-06,32.890175,26.38867
123,2024,Santander,2024-04-22,3,2024-05-13,33.77229,25.941126
123,2024,Santander,2024-04-22,4,2024-05-20,37.258728,24.821718
123,2024,Santander,2024-04-29,1,2024-05-06,32.890175,29.78692
123,2024,Santander,2024-04-29,2,2024-05-13,33.77229,29.132336
123,2024,Santander,2024-04-29,3,2024-05-20,37.258728,28.793499
123,2024,Santander,2024-04-29,4,2024-05-27,39.905064,27.559565
123,2024,Santander,2024-05-06,1,2024-05-13,33.77229,30.444717
123,2024,Santander,2024-05-06,2,2024-05-20,37.258728,29.782112
123,2024,Santander,2024-05-06,3,2024-05-27,39.905064,29.437187
123,2024,Santander,2024-05-06,4,2024-06-03,34.02432,28.164896
123,2024,Santander,2024-05-13,1,2024-05-20,37.258728,31.65973
123,2024,Santander,2024-05-13,2,2024-05-27,39.905064,31.036375
123,2024,Santander,2024-05-13,3,2024-06-03,34.02432,30.739666
123,2024,Santander,2024-05-13,4,2024-06-10,31.672022,29.400846
123,2024,Santander,2024-05-20,1,2024-05-27,39.905064,32.363396
123,2024,Santander,2024-05-20,2,2024-06-03,34.02432,31.68246
123,2024,Santander,2024-05-20,3,2024-06-10,31.672022,31.37872
123,2024,Santander,2024-05-20,4,2024-06-17,37.97282,29.928307
123,2024,Santander,2024-05-27,1,2024-06-03,34.02432,33.41585
123,2024,Santander,2024-05-27,2,2024-06-10,31.672022,32.711987
123,2024,Santander,2024-05-27,3,2024-06-17,37.97282,32.412697
123,2024,Santander,2024-05-27,4,2024-06-24,33.688274,30.893261
123,2024,Santander,2024-06-03,1,2024-06-10,31.672022,34.15554
123,2024,Santander,2024-06-03,2,2024-06-17,37.97282,33.486374
123,2024,Santander,2024-06-03,3,2024-06-24,33.688274,33.226818
123,2024,Santander,2024-06-03,4,2024-07-01,29.40373,31.69702
123,2024,Santander,2024-06-10,1,2024-06-17,37.97282,32.87428
123,2024,Santander,2024-06-10,2,2024-06-24,33.688274,32.072483
123,2024,Santander,2024-06-10,3,2024-07-01,29.40373,31.705862
123,2024,Santander,2024-06-10,4,2024-07-08,34.02432,30.153458
123,2024,Santander,2024-06-17,1,2024-06-24,33.688274,30.888166
123,2024,Santander,2024-06-17,2,2024-07-01,29.40373,29.759157
123,2024,Santander,2024-06-17,3,2024-07-08,34.02432,29.183308
123,2024,Santander,2024-06-17,4,2024-07-15,31.08395,27.541988
123,2024,Santander,2024-06-24,1,2024-07-01,29.40373,32.209515
123,2024,Santander,2024-06-24,2,2024-07-08,34.02432,31.057945
123,2024,Santander,2024-06-24,3,2024-07-15,31.08395,30.523977
123,2024,Santander,2024-06-24,4,2024-07-22,28.437613,28.79536
123,2024,Santander,2024-07-01,1,2024-07-08,34.02432,32.136738
123,2024,Santander,2024-07-01,2,2024-07-15,31.08395,30.98492
123,2024,Santander,2024-07-01,3,2024-07-22,28.437613,30.434546
123,2024,Santander,2024-07-01,4,2024-07-29,27.30347,28.744242
123,2024,Santander,2024-07-08,1,2024-07-15,31.08395,29.484125
123,2024,Santander,2024-07-08,2,2024-07-22,28.437613,27.981716
123,2024,Santander,2024-07-08,3,2024-07-29,27.30347,27.19628
123,2024,Santander,2024-07-08,4,2024-08-05,22.13681,25.450253
123,2024,Santander,2024-07-15,1,2024-07-22,28.437613,28.605656
123,2024,Santander,2024-07-15,2,2024-07-29,27.30347,26.9127
123,2024,Santander,2024-07-15,3,2024-08-05,22.13681,26.021679
123,2024,Santander,2024-07-15,4,2024-08-12,21.926785,24.211817
123,2024,Santander,2024-07-22,1,2024-07-29,27.30347,28.179634
123,2024,Santander,2024-07-22,2,2024-08-05,22.13681,26.491684
123,2024,Santander,2024-07-22,3,2024-08-12,21.926785,25.583826
123,2024,Santander,2024-07-22,4,2024-08-19,18.98641,23.81447
123,2024,Santander,2024-07-29,1,2024-08-05,22.13681,28.031439
123,2024,Santander,2024-07-29,2,2024-08-12,21.926785,26.460384
123,2024,Santander,2024-07-29,3,2024-08-19,18.98641,25.59993
123,2024,Santander,2024-07-29,4,2024-08-26,19.910526,23.914728
123,2024,Santander,2024-08-05,1,2024-08-12,21.926785,27.33925
123,2024,Santander,2024-08-05,2,2024-08-19,18.98641,25.825838
123,2024,Santander,2024-08-05,3,2024-08-26,19.910526,24.984325
123,2024,Santander,2024-08-05,4,2024-09-02,17.01216,23.360422
123,2024,Santander,2024-08-12,1,2024-08-19,18.98641,23.36834
123,2024,Santander,2024-08-12,2,2024-08-26,19.910526,21.625097
123,2024,Santander,2024-08-12,3,2024-09-02,17.01216,20.680183
123,2024,Santander,2024-08-12,4,2024-09-09,17.642242,19.13032
123,2024,Santander,2024-08-19,1,2024-08-26,19.910526,21.383932
123,2024,Santander,2024-08-19,2,2024-09-02,17.01216,19.550404
123,2024,Santander,2024-08-19,3,2024-09-09,17.642242,18.620779
123,2024,Santander,2024-08-19,4,2024-09-16,16.760128,17.148067
123,2024,Santander,2024-08-26,1,2024-09-02,17.01216,18.585386
123,2024,Santander,2024-08-26,2,2024-09-09,17.642242,16.915268
123,2024,Santander,2024-08-26,3,2024-09-16,16.760128,16.079905
123,2024,Santander,2024-08-26,4,2024-09-23,14.281816,14.829358
123,2024,Santander,2024-09-02,1,2024-09-09,17.642242,16.89028
123,2024,Santander,2024-09-02,2,2024-09-16,16.760128,15.478563
123,2024,Santander,2024-09-02,3,2024-09-23,14.281816,14.792808
123,2024,Santander,2024-09-02,4,2024-09-30,12.727616,13.732277
123,2024,Santander,2024-09-09,1,2024-09-16,16.760128,15.15784
123,2024,Santander,2024-09-09,2,2024-09-23,14.281816,14.004225
123,2024,Santander,2024-09-09,3,2024-09-30,12.727616,13.442091
123,2024,Santander,2024-09-09,4,2024-10-07,10.62735,12.616089
123,2024,Santander,2024-09-16,1,2024-09-23,14.281816,14.815902
123,2024,Santander,2024-09-16,2,2024-09-30,12.727616,13.912093
123,2024,Santander,2024-09-16,3,2024-10-07,10.62735,13.455443
123,2024,Santander,2024-09-16,4,2024-10-14,10.207295,12.789775
123,2024,Santander,2024-09-23,1,2024-09-30,12.727616,14.340387
123,2024,Santander,2024-09-23,2,2024-10-07,10.62735,13.628943
123,2024,Santander,2024-09-23,3,2024-10-14,10.207295,13.24269
123,2024,Santander,2024-09-23,4,2024-10-21,9.997271,12.736219
123,2024,Santander,2024-09-30,1,2024-10-07,10.62735,13.027245
123,2024,Santander,2024-09-30,2,2024-10-14,10.207295,12.417243
123,2024,Santander,2024-09-30,3,2024-10-21,9.997271,12.065117
123,2024,Santander,2024-09-30,4,2024-10-28,9.367189,11.692147
123,2024,Santander,2024-10-07,1,2024-10-14,10.207295,11.530089
123,2024,Santander,2024-10-07,2,2024-10-21,9.997271,11.021584
123,2024,Santander,2024-10-07,3,2024-10-28,9.367189,10.712528
123,2024,Santander,2024-10-07,4,2024-11-04,8.1490345,10.453322
123,2024,Santander,2024-10-14,1,2024-10-21,9.997271,10.166177
123,2024,Santander,2024-10-14,2,2024-10-28,9.367189,9.756526
123,2024,Santander,2024-10-14,3,2024-11-04,8.1490345,9.492586
123,2024,Santander,2024-10-14,4,2024-11-11,6.048768,9.328985
123,2024,Santander,2024-10-21,1,2024-10-28,9.367189,9.600894
123,2024,Santander,2024-10-21,2,2024-11-04,8.1490345,9.311102
123,2024,Santander,2024-10-21,3,2024-11-11,6.048768,9.08289
123,2024,Santander,2024-10-21,4,2024-11-18,7.64497,9.011422
123,2024,Santander,2024-10-28,1,2024-11-04,8.1490345,9.272828
123,2024,Santander,2024-10-28,2,2024-11-11,6.048768,9.081769
123,2024,Santander,2024-10-28,3,2024-11-18,7.64497,8.884887
123,2024,Santander,2024-10-28,4,2024-11-25,5.3346777,8.88677
123,2024,Santander,2024-11-04,1,2024-11-11,6.048768,8.517792
123,2024,Santander,2024-11-04,2,2024-11-18,7.64497,8.383035
123,2024,Santander,2024-11-04,3,2024-11-25,5.3346777,8.218842
123,2024,Santander,2024-11-04,4,2024-12-02,6.846869,8.273408
123,2024,Santander,2024-11-11,1,2024-11-18,7.64497,7.9134536
123,2024,Santander,2024-11-11,2,2024-11-25,5.3346777,7.839558
123,2024,Santander,2024-11-11,3,2024-12-02,6.846869,7.699219
123,2024,Santander,2024-11-11,4,2024-12-09,7.4769487,7.8061247
123,2024,Santander,2024-11-18,1,2024-11-25,5.3346777,7.1387496
123,2024,Santander,2024-11-18,2,2024-12-02,6.846869,7.0857744
123,2024,Santander,2024-11-18,3,2024-12-09,7.4769487,6.9586964
123,2024,Santander,2024-11-18,4,2024-12-16,5.8387413,7.0631814
123,2024,Sucre,2024-02-19,1,2024-02-26,2.5500822,2.1146421
123,2024,Sucre,2024-02-19,2,2024-03-04,1.8635215,2.048911
123,2024,Sucre,2024-02-19,3,2024-03-11,2.255842,2.0448368
123,2024,Sucre,2024-02-19,4,2024-03-18,2.1577618,2.0264251
123,2024,Sucre,2024-02-26,1,2024-03-04,1.8635215,2.3405454
123,2024,Sucre,2024-02-26,2,2024-03-11,2.255842,2.2873714
123,2024,Sucre,2024-02-26,3,2024-03-18,2.1577618,2.314941
123,2024,Sucre,2024-02-26,4,2024-03-25,0.98080087,2.3009658
123,2024,Sucre,2024-03-04,1,2024-03-11,2.255842,2.3592832
123,2024,Sucre,2024-03-04,2,2024-03-18,2.1577618,2.321634
123,2024,Sucre,2024-03-04,3,2024-03-25,0.98080087,2.3597791
123,2024,Sucre,2024-03-04,4,2024-04-01,1.6673615,2.3598967
123,2024,Sucre,2024-03-11,1,2024-03-18,2.1577618,1.9825153
123,2024,Sucre,2024-03-11,2,2024-03-25,0.98080087,1.9561375
123,2024,Sucre,2024-03-11,3,2024-04-01,1.6673615,1.9761167
123,2024,Sucre,2024-03-11,4,2024-04-08,1.3731211,1.9932289
123,2024,Sucre,2024-03-18,1,2024-03-25,0.98080087,1.9246742
123,2024,Sucre,2024-03-18,2,2024-04-01,1.6673615,1.9139812
123,2024,Sucre,2024-03-18,3,2024-04-08,1.3731211,1.9479239
123,2024,Sucre,2024-03-18,4,2024-04-15,0.98080087,1.9779007
123,2024,Sucre,2024-03-25,1,2024-04-01,1.6673615,1.9867547
123,2024,Sucre,2024-03-25,2,2024-04-08,1.3731211,1.993943
123,2024,Sucre,2024-03-25,3,2024-04-15,0.98080087,2.0493865
123,2024,Sucre,2024-03-25,4,2024-04-22,0.5884805,2.094901
123,2024,Sucre,2024-04-01,1,2024-04-08,1.3731211,1.6646372
123,2024,Sucre,2024-04-01,2,2024-04-15,0.98080087,1.6828547
123,2024,Sucre,2024-04-01,3,2024-04-22,0.5884805,1.7141308
123,2024,Sucre,2024-04-01,4,2024-04-29,1.2750411,1.7738986
123,2024,Sucre,2024-04-08,1,2024-04-15,0.98080087,1.7254943
123,2024,Sucre,2024-04-08,2,2024-04-22,0.5884805,1.7541454
123,2024,Sucre,2024-04-08,3,2024-04-29,1.2750411,1.827795
123,2024,Sucre,2024-04-08,4,2024-05-06,0.78464067,1.8972312
123,2024,Sucre,2024-04-15,1,2024-04-22,0.5884805,1.6683905
123,2024,Sucre,2024-04-15,2,2024-04-29,1.2750411,1.7052631
123,2024,Sucre,2024-04-15,3,2024-05-06,0.78464067,1.7960595
123,2024,Sucre,2024-04-15,4,2024-05-13,1.0788809,1.8772087
123,2024,Sucre,2024-04-22,1,2024-04-29,1.2750411,1.638728
123,2024,Sucre,2024-04-22,2,2024-05-06,0.78464067,1.6868598
123,2024,Sucre,2024-04-22,3,2024-05-13,1.0788809,1.7962736
123,2024,Sucre,2024-04-22,4,2024-05-20,3.4328027,1.8940316
123,2024,Sucre,2024-04-29,1,2024-05-06,0.78464067,1.4934896
123,2024,Sucre,2024-04-29,2,2024-05-13,1.0788809,1.5507983
123,2024,Sucre,2024-04-29,3,2024-05-20,3.4328027,1.651713
123,2024,Sucre,2024-04-29,4,2024-05-27,1.9616016,1.7535249
123,2024,Sucre,2024-05-06,1,2024-05-13,1.0788809,1.5765222
123,2024,Sucre,2024-05-06,2,2024-05-20,3.4328027,1.6359415
123,2024,Sucre,2024-05-06,3,2024-05-27,1.9616016,1.7706646
123,2024,Sucre,2024-05-06,4,2024-06-03,3.1385627,1.8878491
123,2024,Sucre,2024-05-13,1,2024-05-20,3.4328027,1.6418476
123,2024,Sucre,2024-05-13,2,2024-05-27,1.9616016,1.7088226
123,2024,Sucre,2024-05-13,3,2024-06-03,3.1385627,1.8609164
123,2024,Sucre,2024-05-13,4,2024-06-10,4.511684,1.9909453
123,2024,Sucre,2024-05-20,1,2024-05-27,1.9616016,1.6162292
123,2024,Sucre,2024-05-20,2,2024-06-03,3.1385627,1.6800736
123,2024,Sucre,2024-05-20,3,2024-06-10,4.511684,1.8314995
123,2024,Sucre,2024-05-20,4,2024-06-17,3.2366426,1.9627881
123,2024,Sucre,2024-05-27,1,2024-06-03,3.1385627,2.935497
123,2024,Sucre,2024-05-27,2,2024-06-10,4.511684,3.1332836
123,2024,Sucre,2024-05-27,3,2024-06-17,3.2366426,3.3334389
123,2024,Sucre,2024-05-27,4,2024-06-24,6.277125,3.528901
123,2024,Sucre,2024-06-03,1,2024-06-10,4.511684,3.4358528
123,2024,Sucre,2024-06-03,2,2024-06-17,3.2366426,3.651457
123,2024,Sucre,2024-06-03,3,2024-06-24,6.277125,3.810848
123,2024,Sucre,2024-06-03,4,2024-07-01,5.4924846,4.026196
123,2024,Sucre,2024-06-10,1,2024-06-17,3.2366426,4.2089696
123,2024,Sucre,2024-06-10,2,2024-06-24,6.277125,4.4269404
123,2024,Sucre,2024-06-10,3,2024-07-01,5.4924846,4.5533223
123,2024,Sucre,2024-06-10,4,2024-07-08,7.650246,4.761672
123,2024,Sucre,2024-06-17,1,2024-06-24,6.277125,5.100688
123,2024,Sucre,2024-06-17,2,2024-07-01,5.4924846,5.3202186
123,2024,Sucre,2024-06-17,3,2024-07-08,7.650246,5.403328
123,2024,Sucre,2024-06-17,4,2024-07-15,6.7675247,5.6046414
123,2024,Sucre,2024-06-24,1,2024-07-01,5.4924846,4.753441
123,2024,Sucre,2024-06-24,2,2024-07-08,7.650246,4.838596
123,2024,Sucre,2024-06-24,3,2024-07-15,6.7675247,4.892923
123,2024,Sucre,2024-06-24,4,2024-07-22,13.436972,4.9960694
123,2024,Sucre,2024-07-01,1,2024-07-08,7.650246,5.8802633
123,2024,Sucre,2024-07-01,2,2024-07-15,6.7675247,5.9901147
123,2024,Sucre,2024-07-01,3,2024-07-22,13.436972,5.982542
123,2024,Sucre,2024-07-01,4,2024-07-29,10.592649,6.0797496
123,2024,Sucre,2024-07-08,1,2024-07-15,6.7675247,6.07304
123,2024,Sucre,2024-07-08,2,2024-07-22,13.436972,6.104163
123,2024,Sucre,2024-07-08,3,2024-07-29,10.592649,6.049662
123,2024,Sucre,2024-07-08,4,2024-08-05,10.8868885,6.0956984
123,2024,Sucre,2024-07-15,1,2024-07-22,13.436972,6.7939243
123,2024,Sucre,2024-07-15,2,2024-07-29,10.592649,6.777728
123,2024,Sucre,2024-07-15,3,2024-08-05,10.8868885,6.6544333
123,2024,Sucre,2024-07-15,4,2024-08-12,8.140647,6.65222
123,2024,Sucre,2024-07-22,1,2024-07-29,10.592649,6.8610067
123,2024,Sucre,2024-07-22,2,2024-08-05,10.8868885,6.763239
123,2024,Sucre,2024-07-22,3,2024-08-12,8.140647,6.6001663
123,2024,Sucre,2024-07-22,4,2024-08-19,12.161931,6.546163
123,2024,Sucre,2024-07-29,1,2024-08-05,10.8868885,9.248042
123,2024,Sucre,2024-07-29,2,2024-08-12,8.140647,9.226271
123,2024,Sucre,2024-07-29,3,2024-08-19,12.161931,8.966015
123,2024,Sucre,2024-07-29,4,2024-08-26,13.53505,8.923566
123,2024,Sucre,2024-08-05,1,2024-08-12,8.140647,9.9983015
123,2024,Sucre,2024-08-05,2,2024-08-19,12.161931,9.895564
123,2024,Sucre,2024-08-05,3,2024-08-26,13.53505,9.574376
123,2024,Sucre,2024-08-05,4,2024-09-02,11.08305,9.482286
123,2024,Sucre,2024-08-12,1,2024-08-19,12.161931,10.732363
123,2024,Sucre,2024-08-12,2,2024-08-26,13.53505,10.46123
123,2024,Sucre,2024-08-12,3,2024-09-02,11.08305,10.056608
123,2024,Sucre,2024-08-12,4,2024-09-09,15.202411,9.825086
123,2024,Sucre,2024-08-19,1,2024-08-26,13.53505,9.098108
123,2024,Sucre,2024-08-19,2,2024-09-02,11.08305,8.618358
123,2024,Sucre,2024-08-19,3,2024-09-09,15.202411,8.220531
123,2024,Sucre,2024-08-19,4,2024-09-16,11.867689,7.9159784
123,2024,Sucre,2024-08-26,1,2024-09-02,11.08305,10.99589
123,2024,Sucre,2024-08-26,2,2024-09-09,15.202411,10.46962
123,2024,Sucre,2024-08-26,3,2024-09-16,11.867689,9.980398
123,2024,Sucre,2024-08-26,4,2024-09-23,15.496654,9.562561
123,2024,Sucre,2024-09-02,1,2024-09-09,15.202411,12.525274
123,2024,Sucre,2024-09-02,2,2024-09-16,11.867689,12.043743
123,2024,Sucre,2024-09-02,3,2024-09-23,15.496654,11.524247
123,2024,Sucre,2024-09-02,4,2024-09-30,13.731214,11.088703
123,2024,Sucre,2024-09-09,1,2024-09-16,11.867689,12.657041
123,2024,Sucre,2024-09-09,2,2024-09-23,15.496654,12.17301
123,2024,Sucre,2024-09-09,3,2024-09-30,13.731214,11.687387
123,2024,Sucre,2024-09-09,4,2024-10-07,12.260011,11.250918
123,2024,Sucre,2024-09-16,1,2024-09-23,15.496654,14.4287405
123,2024,Sucre,2024-09-16,2,2024-09-30,13.731214,13.991338
123,2024,Sucre,2024-09-16,3,2024-10-07,12.260011,13.5105295
123,2024,Sucre,2024-09-16,4,2024-10-14,16.281294,13.025498
123,2024,Sucre,2024-09-23,1,2024-09-30,13.731214,13.843421
123,2024,Sucre,2024-09-23,2,2024-10-07,12.260011,13.315131
123,2024,Sucre,2024-09-23,3,2024-10-14,16.281294,12.840027
123,2024,Sucre,2024-09-23,4,2024-10-21,14.613934,12.341435
123,2024,Sucre,2024-09-30,1,2024-10-07,12.260011,15.670303
123,2024,Sucre,2024-09-30,2,2024-10-14,16.281294,15.176639
123,2024,Sucre,2024-09-30,3,2024-10-21,14.613934,14.701923
123,2024,Sucre,2024-09-30,4,2024-10-28,13.14273,14.123704
123,2024,Sucre,2024-10-07,1,2024-10-14,16.281294,15.822462
123,2024,Sucre,2024-10-07,2,2024-10-21,14.613934,15.300556
123,2024,Sucre,2024-10-07,3,2024-10-28,13.14273,14.834141
123,2024,Sucre,2024-10-07,4,2024-11-04,14.319693,14.252248
123,2024,Sucre,2024-10-14,1,2024-10-21,14.613934,14.680058
123,2024,Sucre,2024-10-14,2,2024-10-28,13.14273,13.974378
123,2024,Sucre,2024-10-14,3,2024-11-04,14.319693,13.488723
123,2024,Sucre,2024-10-14,4,2024-11-11,15.398572,12.858382
123,2024,Sucre,2024-10-21,1,2024-10-28,13.14273,16.704851
123,2024,Sucre,2024-10-21,2,2024-11-04,14.319693,16.01175
123,2024,Sucre,2024-10-21,3,2024-11-11,15.398572,15.516312
123,2024,Sucre,2024-10-21,4,2024-11-18,14.221613,14.782818
123,2024,Sucre,2024-10-28,1,2024-11-04,14.319693,16.810287
123,2024,Sucre,2024-10-28,2,2024-11-11,15.398572,16.094255
123,2024,Sucre,2024-10-28,3,2024-11-18,14.221613,15.578417
123,2024,Sucre,2024-10-28,4,2024-11-25,12.161931,14.845995
123,2024,Sucre,2024-11-04,1,2024-11-11,15.398572,15.650142
123,2024,Sucre,2024-11-04,2,2024-11-18,14.221613,14.804778
123,2024,Sucre,2024-11-04,3,2024-11-25,12.161931,14.263777
123,2024,Sucre,2024-11-04,4,2024-12-02,14.613934,13.532812
123,2024,Sucre,2024-11-11,1,2024-11-18,14.221613,16.144983
123,2024,Sucre,2024-11-11,2,2024-11-25,12.161931,15.258029
123,2024,Sucre,2024-11-11,3,2024-12-02,14.613934,14.695441
123,2024,Sucre,2024-11-11,4,2024-12-09,12.260011,13.916374
123,2024,Sucre,2024-11-18,1,2024-11-25,12.161931,16.435833
123,2024,Sucre,2024-11-18,2,2024-12-02,14.613934,15.542002
123,2024,Sucre,2024-11-18,3,2024-12-09,12.260011,14.962039
123,2024,Sucre,2024-11-18,4,2024-12-16,12.65233,14.1783
123,2024,Tolima,2024-02-19,1,2024-02-26,26.80297,21.102879
123,2024,Tolima,2024-02-19,2,2024-03-04,26.078568,19.83029
123,2024,Tolima,2024-02-19,3,2024-03-11,35.93047,19.075867
123,2024,Tolima,2024-02-19,4,2024-03-18,33.68482,17.889326
123,2024,Tolima,2024-02-26,1,2024-03-04,26.078568,22.998758
123,2024,Tolima,2024-02-26,2,2024-03-11,35.93047,21.772585
123,2024,Tolima,2024-02-26,3,2024-03-18,33.68482,21.058079
123,2024,Tolima,2024-02-26,4,2024-03-25,26.87541,19.783669
123,2024,Tolima,2024-03-04,1,2024-03-11,35.93047,21.898443
123,2024,Tolima,2024-03-04,2,2024-03-18,33.68482,20.468449
123,2024,Tolima,2024-03-04,3,2024-03-25,26.87541,19.700666
123,2024,Tolima,2024-03-04,4,2024-04-01,36.944637,18.413786
123,2024,Tolima,2024-03-11,1,2024-03-18,33.68482,21.168486
123,2024,Tolima,2024-03-11,2,2024-03-25,26.87541,19.627142
123,2024,Tolima,2024-03-11,3,2024-04-01,36.944637,18.833529
123,2024,Tolima,2024-03-11,4,2024-04-08,30.13523,17.574726
123,2024,Tolima,2024-03-18,1,2024-03-25,26.87541,24.432617
123,2024,Tolima,2024-03-18,2,2024-04-01,36.944637,23.20485
123,2024,Tolima,2024-03-18,3,2024-04-08,30.13523,22.552567
123,2024,Tolima,2024-03-18,4,2024-04-15,33.105293,21.277391
123,2024,Tolima,2024-03-25,1,2024-04-01,36.944637,27.370667
123,2024,Tolima,2024-03-25,2,2024-04-08,30.13523,26.445599
123,2024,Tolima,2024-03-25,3,2024-04-15,33.105293,26.026445
123,2024,Tolima,2024-03-25,4,2024-04-22,33.467495,24.77322
123,2024,Tolima,2024-04-01,1,2024-04-08,30.13523,26.874128
123,2024,Tolima,2024-04-01,2,2024-04-15,33.105293,25.944832
123,2024,Tolima,2024-04-01,3,2024-04-22,33.467495,25.530159
123,2024,Tolima,2024-04-01,4,2024-04-29,29.555712,24.298916
123,2024,Tolima,2024-04-08,1,2024-04-15,33.105293,29.933094
123,2024,Tolima,2024-04-08,2,2024-04-22,33.467495,29.174133
123,2024,Tolima,2024-04-08,3,2024-04-29,29.555712,28.93634
123,2024,Tolima,2024-04-08,4,2024-05-06,31.07696,27.60544
123,2024,Tolima,2024-04-15,1,2024-04-22,33.467495,29.518522
123,2024,Tolima,2024-04-15,2,2024-04-29,29.555712,28.68891
123,2024,Tolima,2024-04-15,3,2024-05-06,31.07696,28.398392
123,2024,Tolima,2024-04-15,4,2024-05-13,29.410828,27.046068
123,2024,Tolima,2024-04-22,1,2024-04-29,29.555712,29.442022
123,2024,Tolima,2024-04-22,2,2024-05-06,31.07696,28.60265
123,2024,Tolima,2024-04-22,3,2024-05-13,29.410828,28.265547
123,2024,Tolima,2024-04-22,4,2024-05-20,35.206066,26.921553
123,2024,Tolima,2024-04-29,1,2024-05-06,31.07696,30.37644
123,2024,Tolima,2024-04-29,2,2024-05-13,29.410828,29.567501
123,2024,Tolima,2024-04-29,3,2024-05-20,35.206066,29.263435
123,2024,Tolima,2024-04-29,4,2024-05-27,34.554096,27.865822
123,2024,Tolima,2024-05-06,1,2024-05-13,29.410828,29.263487
123,2024,Tolima,2024-05-06,2,2024-05-20,35.206066,28.333853
123,2024,Tolima,2024-05-06,3,2024-05-27,34.554096,27.955608
123,2024,Tolima,2024-05-06,4,2024-06-03,34.9163,26.532076
123,2024,Tolima,2024-05-13,1,2024-05-20,35.206066,29.148016
123,2024,Tolima,2024-05-13,2,2024-05-27,34.554096,28.233963
123,2024,Tolima,2024-05-13,3,2024-06-03,34.9163,27.845396
123,2024,Tolima,2024-05-13,4,2024-06-10,30.28011,26.412945
123,2024,Tolima,2024-05-20,1,2024-05-27,34.554096,28.24746
123,2024,Tolima,2024-05-20,2,2024-06-03,34.9163,27.262379
123,2024,Tolima,2024-05-20,3,2024-06-10,30.28011,26.794487
123,2024,Tolima,2024-05-20,4,2024-06-17,29.700588,25.298927
123,2024,Tolima,2024-05-27,1,2024-06-03,34.9163,28.844608
123,2024,Tolima,2024-05-27,2,2024-06-10,30.28011,27.971628
123,2024,Tolima,2024-05-27,3,2024-06-17,29.700588,27.572382
123,2024,Tolima,2024-05-27,4,2024-06-24,23.97779,26.097063
123,2024,Tolima,2024-06-03,1,2024-06-10,30.28011,29.617157
123,2024,Tolima,2024-06-03,2,2024-06-17,29.700588,28.821186
123,2024,Tolima,2024-06-03,3,2024-06-24,23.97779,28.495699
123,2024,Tolima,2024-06-03,4,2024-07-01,26.87541,26.993793
123,2024,Tolima,2024-06-10,1,2024-06-17,29.700588,29.945877
123,2024,Tolima,2024-06-10,2,2024-06-24,23.97779,29.167566
123,2024,Tolima,2024-06-10,3,2024-07-01,26.87541,28.842232
123,2024,Tolima,2024-06-10,4,2024-07-08,23.90535,27.348907
123,2024,Tolima,2024-06-17,1,2024-06-24,23.97779,27.656301
123,2024,Tolima,2024-06-17,2,2024-07-01,26.87541,26.671396
123,2024,Tolima,2024-06-17,3,2024-07-08,23.90535,26.195583
123,2024,Tolima,2024-06-17,4,2024-07-15,22.166784,24.73315
123,2024,Tolima,2024-06-24,1,2024-07-01,26.87541,26.03697
123,2024,Tolima,2024-06-24,2,2024-07-08,23.90535,24.855349
123,2024,Tolima,2024-06-24,3,2024-07-15,22.166784,24.231047
123,2024,Tolima,2024-06-24,4,2024-07-22,17.892794,22.750538
123,2024,Tolima,2024-07-01,1,2024-07-08,23.90535,22.070667
123,2024,Tolima,2024-07-01,2,2024-07-15,22.166784,20.544376
123,2024,Tolima,2024-07-01,3,2024-07-22,17.892794,19.755438
123,2024,Tolima,2024-07-01,4,2024-07-29,17.31327,18.363598
123,2024,Tolima,2024-07-08,1,2024-07-15,22.166784,20.89257
123,2024,Tolima,2024-07-08,2,2024-07-22,17.892794,19.33796
123,2024,Tolima,2024-07-08,3,2024-07-29,17.31327,18.557201
123,2024,Tolima,2024-07-08,4,2024-08-05,14.34321,17.226248
123,2024,Tolima,2024-07-15,1,2024-07-22,17.892794,18.596413
123,2024,Tolima,2024-07-15,2,2024-07-29,17.31327,17.09267
123,2024,Tolima,2024-07-15,3,2024-08-05,14.34321,16.339552
123,2024,Tolima,2024-07-15,4,2024-08-12,17.24083,15.160641
123,2024,Tolima,2024-07-22,1,2024-07-29,17.31327,16.840845
123,2024,Tolima,2024-07-22,2,2024-08-05,14.34321,15.454812
123,2024,Tolima,2024-07-22,3,2024-08-12,17.24083,14.758032
123,2024,Tolima,2024-07-22,4,2024-08-19,13.836129,13.71575
123,2024,Tolima,2024-07-29,1,2024-08-05,14.34321,14.347659
123,2024,Tolima,2024-07-29,2,2024-08-12,17.24083,13.123752
123,2024,Tolima,2024-07-29,3,2024-08-19,13.836129,12.493056
123,2024,Tolima,2024-07-29,4,2024-08-26,14.34321,11.673756
123,2024,Tolima,2024-08-05,1,2024-08-12,17.24083,13.303866
123,2024,Tolima,2024-08-05,2,2024-08-19,13.836129,12.230383
123,2024,Tolima,2024-08-05,3,2024-08-26,14.34321,11.657543
123,2024,Tolima,2024-08-05,4,2024-09-02,11.373152,10.957102
123,2024,Tolima,2024-08-12,1,2024-08-19,13.836129,11.206384
123,2024,Tolima,2024-08-12,2,2024-08-26,14.34321,10.292142
123,2024,Tolima,2024-08-12,3,2024-09-02,11.373152,9.796836
123,2024,Tolima,2024-08-12,4,2024-09-09,12.169999,9.242111
123,2024,Tolima,2024-08-19,1,2024-08-26,14.34321,11.664727
123,2024,Tolima,2024-08-19,2,2024-09-02,11.373152,10.868807
123,2024,Tolima,2024-08-19,3,2024-09-09,12.169999,10.377561
123,2024,Tolima,2024-08-19,4,2024-09-16,10.069223,9.87059
123,2024,Tolima,2024-08-26,1,2024-09-02,11.373152,11.125513
123,2024,Tolima,2024-08-26,2,2024-09-09,12.169999,10.411518
123,2024,Tolima,2024-08-26,3,2024-09-16,10.069223,9.953104
123,2024,Tolima,2024-08-26,4,2024-09-23,10.866068,9.511505
123,2024,Tolima,2024-09-02,1,2024-09-09,12.169999,10.792211
123,2024,Tolima,2024-09-02,2,2024-09-16,10.069223,10.194293
123,2024,Tolima,2024-09-02,3,2024-09-23,10.866068,9.777475
123,2024,Tolima,2024-09-02,4,2024-09-30,8.692855,9.433866
123,2024,Tolima,2024-09-09,1,2024-09-16,10.069223,9.562619
123,2024,Tolima,2024-09-09,2,2024-09-23,10.866068,9.062976
123,2024,Tolima,2024-09-09,3,2024-09-30,8.692855,8.705918
123,2024,Tolima,2024-09-09,4,2024-10-07,7.388927,8.463593
123,2024,Tolima,2024-09-16,1,2024-09-23,10.866068,9.334326
123,2024,Tolima,2024-09-16,2,2024-09-30,8.692855,8.934671
123,2024,Tolima,2024-09-16,3,2024-10-07,7.388927,8.598084
123,2024,Tolima,2024-09-16,4,2024-10-14,8.040891,8.425272
123,2024,Tolima,2024-09-23,1,2024-09-30,8.692855,8.302467
123,2024,Tolima,2024-09-23,2,2024-10-07,7.388927,7.9550285
123,2024,Tolima,2024-09-23,3,2024-10-14,8.040891,7.6468005
123,2024,Tolima,2024-09-23,4,2024-10-21,8.765295,7.5158625
123,2024,Tolima,2024-09-30,1,2024-10-07,7.388927,7.9063244
123,2024,Tolima,2024-09-30,2,2024-10-14,8.040891,7.6106443
123,2024,Tolima,2024-09-30,3,2024-10-21,8.765295,7.3029394
123,2024,Tolima,2024-09-30,4,2024-10-28,7.4613686,7.1932945
123,2024,Tolima,2024-10-07,1,2024-10-14,8.040891,6.680992
123,2024,Tolima,2024-10-07,2,2024-10-21,8.765295,6.4249635
123,2024,Tolima,2024-10-07,3,2024-10-28,7.4613686,6.1672077
123,2024,Tolima,2024-10-07,4,2024-11-04,6.30232,6.082967
123,2024,Tolima,2024-10-14,1,2024-10-21,8.765295,6.008392
123,2024,Tolima,2024-10-14,2,2024-10-28,7.4613686,5.7864456
123,2024,Tolima,2024-10-14,3,2024-11-04,6.30232,5.5710907
123,2024,Tolima,2024-10-14,4,2024-11-11,8.040891,5.4957695
123,2024,Tolima,2024-10-21,1,2024-10-28,7.4613686,5.8923464
123,2024,Tolima,2024-10-21,2,2024-11-04,6.30232,5.726497
123,2024,Tolima,2024-10-21,3,2024-11-11,8.040891,5.5331025
123,2024,Tolima,2024-10-21,4,2024-11-18,6.2298794,5.490402
123,2024,Tolima,2024-10-28,1,2024-11-04,6.30232,6.17071
123,2024,Tolima,2024-10-28,2,2024-11-11,8.040891,6.06705
123,2024,Tolima,2024-10-28,3,2024-11-18,6.2298794,5.8841195
123,2024,Tolima,2024-10-28,4,2024-11-25,6.012558,5.891227
123,2024,Tolima,2024-11-04,1,2024-11-11,8.040891,5.831646
123,2024,Tolima,2024-11-04,2,2024-11-18,6.2298794,5.7476544
123,2024,Tolima,2024-11-04,3,2024-11-25,6.012558,5.6032906
123,2024,Tolima,2024-11-04,4,2024-12-02,6.519642,5.6291904
123,2024,Tolima,2024-11-11,1,2024-11-18,6.2298794,5.6483927
123,2024,Tolima,2024-11-11,2,2024-11-25,6.012558,5.591537
123,2024,Tolima,2024-11-11,3,2024-12-02,6.519642,5.484073
123,2024,Tolima,2024-11-11,4,2024-12-09,7.026725,5.529041
123,2024,Tolima,2024-11-18,1,2024-11-25,6.012558,5.901943
123,2024,Tolima,2024-11-18,2,2024-12-02,6.519642,5.871081
123,2024,Tolima,2024-11-18,3,2024-12-09,7.026725,5.7663703
123,2024,Tolima,2024-11-18,4,2024-12-16,5.5054755,5.834418
123,2024,Valle Del Cauca,2024-02-19,1,2024-02-26,39.075882,30.214476
123,2024,Valle Del Cauca,2024-02-19,2,2024-03-04,39.885525,29.533762
123,2024,Valle Del Cauca,2024-02-19,3,2024-03-11,44.168106,29.188143
123,2024,Valle Del Cauca,2024-02-19,4,2024-03-18,44.764687,27.843395
123,2024,Valle Del Cauca,2024-02-26,1,2024-03-04,39.885525,31.360483
123,2024,Valle Del Cauca,2024-02-26,2,2024-03-11,44.168106,30.811434
123,2024,Valle Del Cauca,2024-02-26,3,2024-03-18,44.764687,30.567223
123,2024,Valle Del Cauca,2024-02-26,4,2024-03-25,35.75209,29.2605
123,2024,Valle Del Cauca,2024-03-04,1,2024-03-11,44.168106,32.4854
123,2024,Valle Del Cauca,2024-03-04,2,2024-03-18,44.764687,31.9675
123,2024,Valle Del Cauca,2024-03-04,3,2024-03-25,35.75209,31.76556
123,2024,Valle Del Cauca,2024-03-04,4,2024-04-01,46.29874,30.398203
123,2024,Valle Del Cauca,2024-03-11,1,2024-03-18,44.764687,34.045025
123,2024,Valle Del Cauca,2024-03-11,2,2024-03-25,35.75209,33.520752
123,2024,Valle Del Cauca,2024-03-11,3,2024-04-01,46.29874,33.34842
123,2024,Valle Del Cauca,2024-03-11,4,2024-04-08,41.590034,31.903503
123,2024,Valle Del Cauca,2024-03-18,1,2024-03-25,35.75209,35.986553
123,2024,Valle Del Cauca,2024-03-18,2,2024-04-01,46.29874,35.602116
123,2024,Valle Del Cauca,2024-03-18,3,2024-04-08,41.590034,35.52661
123,2024,Valle Del Cauca,2024-03-18,4,2024-04-15,48.663754,34.117794
123,2024,Valle Del Cauca,2024-03-25,1,2024-04-01,46.29874,36.818123
123,2024,Valle Del Cauca,2024-03-25,2,2024-04-08,41.590034,36.595997
123,2024,Valle Del Cauca,2024-03-25,3,2024-04-15,48.663754,36.587364
123,2024,Valle Del Cauca,2024-03-25,4,2024-04-22,43.656754,35.265945
123,2024,Valle Del Cauca,2024-04-01,1,2024-04-08,41.590034,35.24994
123,2024,Valle Del Cauca,2024-04-01,2,2024-04-15,48.663754,34.95136
123,2024,Valle Del Cauca,2024-04-01,3,2024-04-22,43.656754,34.83585
123,2024,Valle Del Cauca,2024-04-01,4,2024-04-29,38.415382,33.534267
123,2024,Valle Del Cauca,2024-04-08,1,2024-04-15,48.663754,36.647717
123,2024,Valle Del Cauca,2024-04-08,2,2024-04-22,43.656754,36.4768
123,2024,Valle Del Cauca,2024-04-08,3,2024-04-29,38.415382,36.456112
123,2024,Valle Del Cauca,2024-04-08,4,2024-05-06,41.82441,35.196117
123,2024,Valle Del Cauca,2024-04-15,1,2024-04-22,43.656754,36.72641
123,2024,Valle Del Cauca,2024-04-15,2,2024-04-29,38.415382,36.640877
123,2024,Valle Del Cauca,2024-04-15,3,2024-05-06,41.82441,36.65494
123,2024,Valle Del Cauca,2024-04-15,4,2024-05-13,35.176815,35.503487
123,2024,Valle Del Cauca,2024-04-22,1,2024-04-29,38.415382,37.865536
123,2024,Valle Del Cauca,2024-04-22,2,2024-05-06,41.82441,37.91807
123,2024,Valle Del Cauca,2024-04-22,3,2024-05-13,35.176815,38.01939
123,2024,Valle Del Cauca,2024-04-22,4,2024-05-20,37.563126,36.926456
123,2024,Valle Del Cauca,2024-04-29,1,2024-05-06,41.82441,37.255867
123,2024,Valle Del Cauca,2024-04-29,2,2024-05-13,35.176815,37.197937
123,2024,Valle Del Cauca,2024-04-29,3,2024-05-20,37.563126,37.236633
123,2024,Valle Del Cauca,2024-04-29,4,2024-05-27,40.247734,36.12188
123,2024,Valle Del Cauca,2024-05-06,1,2024-05-13,35.176815,35.416622
123,2024,Valle Del Cauca,2024-05-06,2,2024-05-20,37.563126,34.994457
123,2024,Valle Del Cauca,2024-05-06,3,2024-05-27,40.247734,34.844196
123,2024,Valle Del Cauca,2024-05-06,4,2024-06-03,33.68537,33.565678
123,2024,Valle Del Cauca,2024-05-13,1,2024-05-20,37.563126,34.43949
123,2024,Valle Del Cauca,2024-05-13,2,2024-05-27,40.247734,33.682793
123,2024,Valle Del Cauca,2024-05-13,3,2024-06-03,33.68537,33.381397
123,2024,Valle Del Cauca,2024-05-13,4,2024-06-10,36.092995,31.924362
123,2024,Valle Del Cauca,2024-05-20,1,2024-05-27,40.247734,32.954563
123,2024,Valle Del Cauca,2024-05-20,2,2024-06-03,33.68537,31.97121
123,2024,Valle Del Cauca,2024-05-20,3,2024-06-10,36.092995,31.523323
123,2024,Valle Del Cauca,2024-05-20,4,2024-06-17,37.54182,29.97821
123,2024,Valle Del Cauca,2024-05-27,1,2024-06-03,33.68537,33.26383
123,2024,Valle Del Cauca,2024-05-27,2,2024-06-10,36.092995,32.293995
123,2024,Valle Del Cauca,2024-05-27,3,2024-06-17,37.54182,31.857025
123,2024,Valle Del Cauca,2024-05-27,4,2024-06-24,33.067486,30.291546
123,2024,Valle Del Cauca,2024-06-03,1,2024-06-10,36.092995,35.011395
123,2024,Valle Del Cauca,2024-06-03,2,2024-06-17,37.54182,34.32041
123,2024,Valle Del Cauca,2024-06-03,3,2024-06-24,33.067486,34.049213
123,2024,Valle Del Cauca,2024-06-03,4,2024-07-01,25.034983,32.596638
123,2024,Valle Del Cauca,2024-06-10,1,2024-06-17,37.54182,33.796124
123,2024,Valle Del Cauca,2024-06-10,2,2024-06-24,33.067486,33.07296
123,2024,Valle Del Cauca,2024-06-10,3,2024-07-01,25.034983,32.74445
123,2024,Valle Del Cauca,2024-06-10,4,2024-07-08,29.019278,31.327925
123,2024,Valle Del Cauca,2024-06-17,1,2024-06-24,33.067486,33.60856
123,2024,Valle Del Cauca,2024-06-17,2,2024-07-01,25.034983,32.93318
123,2024,Valle Del Cauca,2024-06-17,3,2024-07-08,29.019278,32.62571
123,2024,Valle Del Cauca,2024-06-17,4,2024-07-15,25.354584,31.2321
123,2024,Valle Del Cauca,2024-06-24,1,2024-07-01,25.034983,33.653126
123,2024,Valle Del Cauca,2024-06-24,2,2024-07-08,29.019278,33.078876
123,2024,Valle Del Cauca,2024-06-24,3,2024-07-15,25.354584,32.82718
123,2024,Valle Del Cauca,2024-06-24,4,2024-07-22,29.040585,31.45856
123,2024,Valle Del Cauca,2024-07-01,1,2024-07-08,29.019278,32.344677
123,2024,Valle Del Cauca,2024-07-01,2,2024-07-15,25.354584,31.681519
123,2024,Valle Del Cauca,2024-07-01,3,2024-07-22,29.040585,31.406282
123,2024,Valle Del Cauca,2024-07-01,4,2024-07-29,25.226744,29.994684
123,2024,Valle Del Cauca,2024-07-08,1,2024-07-15,25.354584,27.491976
123,2024,Valle Del Cauca,2024-07-08,2,2024-07-22,29.040585,26.382343
123,2024,Valle Del Cauca,2024-07-08,3,2024-07-29,25.226744,25.846556
123,2024,Valle Del Cauca,2024-07-08,4,2024-08-05,20.24105,24.34388
123,2024,Valle Del Cauca,2024-07-15,1,2024-07-22,29.040585,25.250904
123,2024,Valle Del Cauca,2024-07-15,2,2024-07-29,25.226744,23.91534
123,2024,Valle Del Cauca,2024-07-15,3,2024-08-05,20.24105,23.247118
123,2024,Valle Del Cauca,2024-07-15,4,2024-08-12,16.7255,21.725544
123,2024,Valle Del Cauca,2024-07-22,1,2024-07-29,25.226744,22.39031
123,2024,Valle Del Cauca,2024-07-22,2,2024-08-05,20.24105,21.05044
123,2024,Valle Del Cauca,2024-07-22,3,2024-08-12,16.7255,20.40666
123,2024,Valle Del Cauca,2024-07-22,4,2024-08-19,12.826436,19.042738
123,2024,Valle Del Cauca,2024-07-29,1,2024-08-05,20.24105,21.507593
123,2024,Valle Del Cauca,2024-07-29,2,2024-08-12,16.7255,20.315569
123,2024,Valle Del Cauca,2024-07-29,3,2024-08-19,12.826436,19.73867
123,2024,Valle Del Cauca,2024-07-29,4,2024-08-26,13.849141,18.542236
123,2024,Valle Del Cauca,2024-08-05,1,2024-08-12,16.7255,19.940435
123,2024,Valle Del Cauca,2024-08-05,2,2024-08-19,12.826436,18.904709
123,2024,Valle Del Cauca,2024-08-05,3,2024-08-26,13.849141,18.402264
123,2024,Valle Del Cauca,2024-08-05,4,2024-09-02,11.548054,17.407305
123,2024,Valle Del Cauca,2024-08-12,1,2024-08-19,12.826436,17.37534
123,2024,Valle Del Cauca,2024-08-12,2,2024-08-26,13.849141,16.374975
123,2024,Valle Del Cauca,2024-08-12,3,2024-09-02,11.548054,15.915492
123,2024,Valle Del Cauca,2024-08-12,4,2024-09-09,11.228457,15.088949
123,2024,Valle Del Cauca,2024-08-19,1,2024-08-26,13.849141,14.261254
123,2024,Valle Del Cauca,2024-08-19,2,2024-09-02,11.548054,13.338912
123,2024,Valle Del Cauca,2024-08-19,3,2024-09-09,11.228457,12.903584
123,2024,Valle Del Cauca,2024-08-19,4,2024-09-16,10.077912,12.301453
123,2024,Valle Del Cauca,2024-08-26,1,2024-09-02,11.548054,12.026631
123,2024,Valle Del Cauca,2024-08-26,2,2024-09-09,11.228457,11.215065
123,2024,Valle Del Cauca,2024-08-26,3,2024-09-16,10.077912,10.822461
123,2024,Valle Del Cauca,2024-08-26,4,2024-09-23,7.883357,10.340834
123,2024,Valle Del Cauca,2024-09-02,1,2024-09-09,11.228457,10.603774
123,2024,Valle Del Cauca,2024-09-02,2,2024-09-16,10.077912,9.982168
123,2024,Valle Del Cauca,2024-09-02,3,2024-09-23,7.883357,9.650383
123,2024,Valle Del Cauca,2024-09-02,4,2024-09-30,8.09642,9.306481
123,2024,Valle Del Cauca,2024-09-09,1,2024-09-16,10.077912,9.503932
123,2024,Valle Del Cauca,2024-09-09,2,2024-09-23,7.883357,9.083106
123,2024,Valle Del Cauca,2024-09-09,3,2024-09-30,8.09642,8.8170395
123,2024,Valle Del Cauca,2024-09-09,4,2024-10-07,7.3506985,8.624877
123,2024,Valle Del Cauca,2024-09-16,1,2024-09-23,7.883357,9.290267
123,2024,Valle Del Cauca,2024-09-16,2,2024-09-30,8.09642,9.024934
123,2024,Valle Del Cauca,2024-09-16,3,2024-10-07,7.3506985,8.809304
123,2024,Valle Del Cauca,2024-09-16,4,2024-10-14,7.7342124,8.728414
123,2024,Valle Del Cauca,2024-09-23,1,2024-09-30,8.09642,8.795553
123,2024,Valle Del Cauca,2024-09-23,2,2024-10-07,7.3506985,8.643081
123,2024,Valle Del Cauca,2024-09-23,3,2024-10-14,7.7342124,8.47372
123,2024,Valle Del Cauca,2024-09-23,4,2024-10-21,6.5836678,8.496198
123,2024,Valle Del Cauca,2024-09-30,1,2024-10-07,7.3506985,8.2134075
123,2024,Valle Del Cauca,2024-09-30,2,2024-10-14,7.7342124,8.122874
123,2024,Valle Del Cauca,2024-09-30,3,2024-10-21,6.5836678,7.9724975
123,2024,Valle Del Cauca,2024-09-30,4,2024-10-28,4.9856906,8.042324
123,2024,Valle Del Cauca,2024-10-07,1,2024-10-14,7.7342124,7.5062013
123,2024,Valle Del Cauca,2024-10-07,2,2024-10-21,6.5836678,7.4484897
123,2024,Valle Del Cauca,2024-10-07,3,2024-10-28,4.9856906,7.28742
123,2024,Valle Del Cauca,2024-10-07,4,2024-11-04,5.0496097,7.3700075
123,2024,Valle Del Cauca,2024-10-14,1,2024-10-21,6.5836678,6.464787
123,2024,Valle Del Cauca,2024-10-14,2,2024-10-28,4.9856906,6.382539
123,2024,Valle Del Cauca,2024-10-14,3,2024-11-04,5.0496097,6.2118483
123,2024,Valle Del Cauca,2024-10-14,4,2024-11-11,5.51835,6.252332
123,2024,Valle Del Cauca,2024-10-21,1,2024-10-28,4.9856906,6.177438
123,2024,Valle Del Cauca,2024-10-21,2,2024-11-04,5.0496097,6.0979176
123,2024,Valle Del Cauca,2024-10-21,3,2024-11-11,5.51835,5.9199715
123,2024,Valle Del Cauca,2024-10-21,4,2024-11-18,4.367806,5.9449244
123,2024,Valle Del Cauca,2024-10-28,1,2024-11-04,5.0496097,5.706305
123,2024,Valle Del Cauca,2024-10-28,2,2024-11-11,5.51835,5.6164455
123,2024,Valle Del Cauca,2024-10-28,3,2024-11-18,4.367806,5.4602933
123,2024,Valle Del Cauca,2024-10-28,4,2024-11-25,4.7939334,5.472008
123,2024,Valle Del Cauca,2024-11-04,1,2024-11-11,5.51835,4.9424934
123,2024,Valle Del Cauca,2024-11-04,2,2024-11-18,4.367806,4.826591
123,2024,Valle Del Cauca,2024-11-04,3,2024-11-25,4.7939334,4.7089486
123,2024,Valle Del Cauca,2024-11-04,4,2024-12-02,4.239968,4.689762
123,2024,Valle Del Cauca,2024-11-11,1,2024-11-18,4.367806,4.403788
123,2024,Valle Del Cauca,2024-11-11,2,2024-11-25,4.7939334,4.289116
123,2024,Valle Del Cauca,2024-11-11,3,2024-12-02,4.239968,4.2119727
123,2024,Valle Del Cauca,2024-11-11,4,2024-12-09,4.8578525,4.182019
123,2024,Valle Del Cauca,2024-11-18,1,2024-11-25,4.7939334,4.2790194
123,2024,Valle Del Cauca,2024-11-18,2,2024-12-02,4.239968,4.1839046
123,2024,Valle Del Cauca,2024-11-18,3,2024-12-09,4.8578525,4.1276307
123,2024,Valle Del Cauca,2024-11-18,4,2024-12-16,4.7939334,4.102108
123,2024,Vaupes,2024-02-19,1,2024-02-26,4.5688176,8.22441
123,2024,Vaupes,2024-02-19,2,2024-03-04,29.697317,8.079619
123,2024,Vaupes,2024-02-19,3,2024-03-11,31.981724,7.8742948
123,2024,Vaupes,2024-02-19,4,2024-03-18,18.27527,7.904528
123,2024,Vaupes,2024-02-26,1,2024-03-04,29.697317,10.631958
123,2024,Vaupes,2024-02-26,2,2024-03-11,31.981724,10.48789
123,2024,Vaupes,2024-02-26,3,2024-03-18,18.27527,10.166905
123,2024,Vaupes,2024-02-26,4,2024-03-25,13.706452,10.160651
123,2024,Vaupes,2024-03-04,1,2024-03-11,31.981724,6.02282
123,2024,Vaupes,2024-03-04,2,2024-03-18,18.27527,5.6813097
123,2024,Vaupes,2024-03-04,3,2024-03-25,13.706452,5.5189314
123,2024,Vaupes,2024-03-04,4,2024-04-01,9.137636,5.4255857
123,2024,Vaupes,2024-03-11,1,2024-03-18,18.27527,10.17477
123,2024,Vaupes,2024-03-11,2,2024-03-25,13.706452,9.98864
123,2024,Vaupes,2024-03-11,3,2024-04-01,9.137636,9.694301
123,2024,Vaupes,2024-03-11,4,2024-04-08,4.5688176,9.647968
123,2024,Vaupes,2024-03-18,1,2024-03-25,13.706452,15.391692
123,2024,Vaupes,2024-03-18,2,2024-04-01,9.137636,15.662507
123,2024,Vaupes,2024-03-18,3,2024-04-08,4.5688176,15.416121
123,2024,Vaupes,2024-03-18,4,2024-04-15,34.266136,15.506773
123,2024,Vaupes,2024-03-25,1,2024-04-01,9.137636,16.86443
123,2024,Vaupes,2024-03-25,2,2024-04-08,4.5688176,17.14541
123,2024,Vaupes,2024-03-25,3,2024-04-15,34.266136,16.976648
123,2024,Vaupes,2024-03-25,4,2024-04-22,15.990863,16.956285
123,2024,Vaupes,2024-04-01,1,2024-04-08,4.5688176,14.183161
123,2024,Vaupes,2024-04-01,2,2024-04-15,34.266136,13.569868
123,2024,Vaupes,2024-04-01,3,2024-04-22,15.990863,13.244605
123,2024,Vaupes,2024-04-01,4,2024-04-29,9.137636,12.709152
123,2024,Vaupes,2024-04-08,1,2024-04-15,34.266136,8.763822
123,2024,Vaupes,2024-04-08,2,2024-04-22,15.990863,7.957751
123,2024,Vaupes,2024-04-08,3,2024-04-29,9.137636,7.716418
123,2024,Vaupes,2024-04-08,4,2024-05-06,25.128502,7.185129
123,2024,Vaupes,2024-04-15,1,2024-04-22,15.990863,5.7873206
123,2024,Vaupes,2024-04-15,2,2024-04-29,9.137636,5.176164
123,2024,Vaupes,2024-04-15,3,2024-05-06,25.128502,5.0527844
123,2024,Vaupes,2024-04-15,4,2024-05-13,27.412907,4.654823
123,2024,Vaupes,2024-04-22,1,2024-04-29,9.137636,10.855483
123,2024,Vaupes,2024-04-22,2,2024-05-06,25.128502,10.420367
123,2024,Vaupes,2024-04-22,3,2024-05-13,27.412907,10.147849
123,2024,Vaupes,2024-04-22,4,2024-05-20,29.697317,9.733621
123,2024,Vaupes,2024-04-29,1,2024-05-06,25.128502,12.120486
123,2024,Vaupes,2024-04-29,2,2024-05-13,27.412907,11.95456
123,2024,Vaupes,2024-04-29,3,2024-05-20,29.697317,11.744171
123,2024,Vaupes,2024-04-29,4,2024-05-27,9.137636,11.49232
123,2024,Vaupes,2024-05-06,1,2024-05-13,27.412907,10.240272
123,2024,Vaupes,2024-05-06,2,2024-05-20,29.697317,9.994466
123,2024,Vaupes,2024-05-06,3,2024-05-27,9.137636,9.835347
123,2024,Vaupes,2024-05-06,4,2024-06-03,9.137636,9.668376
123,2024,Vaupes,2024-05-13,1,2024-05-20,29.697317,13.617574
123,2024,Vaupes,2024-05-13,2,2024-05-27,9.137636,13.553811
123,2024,Vaupes,2024-05-13,3,2024-06-03,9.137636,13.323963
123,2024,Vaupes,2024-05-13,4,2024-06-10,4.5688176,13.177151
123,2024,Vaupes,2024-05-20,1,2024-05-27,9.137636,13.975898
123,2024,Vaupes,2024-05-20,2,2024-06-03,9.137636,13.879513
123,2024,Vaupes,2024-05-20,3,2024-06-10,4.5688176,13.538364
123,2024,Vaupes,2024-05-20,4,2024-06-17,13.706452,13.41263
123,2024,Vaupes,2024-05-27,1,2024-06-03,9.137636,15.637483
123,2024,Vaupes,2024-05-27,2,2024-06-10,4.5688176,15.618651
123,2024,Vaupes,2024-05-27,3,2024-06-17,13.706452,15.306685
123,2024,Vaupes,2024-05-27,4,2024-06-24,11.422044,15.172393
123,2024,Vaupes,2024-06-03,1,2024-06-10,4.5688176,11.379266
123,2024,Vaupes,2024-06-03,2,2024-06-17,13.706452,11.064115
123,2024,Vaupes,2024-06-03,3,2024-06-24,11.422044,10.821263
123,2024,Vaupes,2024-06-03,4,2024-07-01,20.559679,10.697419
123,2024,Vaupes,2024-06-10,1,2024-06-17,13.706452,8.915254
123,2024,Vaupes,2024-06-10,2,2024-06-24,11.422044,8.454799
123,2024,Vaupes,2024-06-10,3,2024-07-01,20.559679,8.280255
123,2024,Vaupes,2024-06-10,4,2024-07-08,6.853227,8.044905
123,2024,Vaupes,2024-06-17,1,2024-06-24,11.422044,5.7459326
123,2024,Vaupes,2024-06-17,2,2024-07-01,20.559679,5.2291365
123,2024,Vaupes,2024-06-17,3,2024-07-08,6.853227,5.093492
123,2024,Vaupes,2024-06-17,4,2024-07-15,0.0,4.8019195
123,2024,Vaupes,2024-06-24,1,2024-07-01,20.559679,7.4540586
123,2024,Vaupes,2024-06-24,2,2024-07-08,6.853227,7.1161537
123,2024,Vaupes,2024-06-24,3,2024-07-15,0.0,6.921991
123,2024,Vaupes,2024-06-24,4,2024-07-22,0.0,6.6951375
123,2024,Vaupes,2024-07-01,1,2024-07-08,6.853227,6.808618
123,2024,Vaupes,2024-07-01,2,2024-07-15,0.0,6.652873
123,2024,Vaupes,2024-07-01,3,2024-07-22,0.0,6.552211
123,2024,Vaupes,2024-07-01,4,2024-07-29,2.2844088,6.5109105
123,2024,Vaupes,2024-07-08,1,2024-07-15,0.0,8.42154
123,2024,Vaupes,2024-07-08,2,2024-07-22,0.0,8.32646
123,2024,Vaupes,2024-07-08,3,2024-07-29,2.2844088,8.193124
123,2024,Vaupes,2024-07-08,4,2024-08-05,2.2844088,8.190956
123,2024,Vaupes,2024-07-15,1,2024-07-22,0.0,6.9698315
123,2024,Vaupes,2024-07-15,2,2024-07-29,2.2844088,6.789815
123,2024,Vaupes,2024-07-15,3,2024-08-05,2.2844088,6.6652703
123,2024,Vaupes,2024-07-15,4,2024-08-12,4.5688176,6.6347675
123,2024,Vaupes,2024-07-22,1,2024-07-29,2.2844088,4.9944572
123,2024,Vaupes,2024-07-22,2,2024-08-05,2.2844088,4.772176
123,2024,Vaupes,2024-07-22,3,2024-08-12,4.5688176,4.7214212
123,2024,Vaupes,2024-07-22,4,2024-08-19,0.0,4.6423063
123,2024,Vaupes,2024-07-29,1,2024-08-05,2.2844088,3.8752124
123,2024,Vaupes,2024-07-29,2,2024-08-12,4.5688176,3.6643882
123,2024,Vaupes,2024-07-29,3,2024-08-19,0.0,3.6453207
123,2024,Vaupes,2024-07-29,4,2024-08-26,2.2844088,3.5389812
123,2024,Vaupes,2024-08-05,1,2024-08-12,4.5688176,3.1659825
123,2024,Vaupes,2024-08-05,2,2024-08-19,0.0,3.0066967
123,2024,Vaupes,2024-08-05,3,2024-08-26,2.2844088,2.9867978
123,2024,Vaupes,2024-08-05,4,2024-09-02,0.0,2.8890555
123,2024,Vaupes,2024-08-12,1,2024-08-19,0.0,2.6863549
123,2024,Vaupes,2024-08-12,2,2024-08-26,2.2844088,2.540255
123,2024,Vaupes,2024-08-12,3,2024-09-02,0.0,2.4869494
123,2024,Vaupes,2024-08-12,4,2024-09-09,2.2844088,2.3937204
123,2024,Vaupes,2024-08-19,1,2024-08-26,2.2844088,2.7428508
123,2024,Vaupes,2024-08-19,2,2024-09-02,0.0,2.6061542
123,2024,Vaupes,2024-08-19,3,2024-09-09,2.2844088,2.552646
123,2024,Vaupes,2024-08-19,4,2024-09-16,0.0,2.462951
123,2024,Vaupes,2024-08-26,1,2024-09-02,0.0,1.810119
123,2024,Vaupes,2024-08-26,2,2024-09-09,2.2844088,1.7020544
123,2024,Vaupes,2024-08-26,3,2024-09-16,0.0,1.5974611
123,2024,Vaupes,2024-08-26,4,2024-09-23,0.0,1.5416584
123,2024,Vaupes,2024-09-02,1,2024-09-09,2.2844088,1.507691
123,2024,Vaupes,2024-09-02,2,2024-09-16,0.0,1.4296767
123,2024,Vaupes,2024-09-02,3,2024-09-23,0.0,1.356721
123,2024,Vaupes,2024-09-02,4,2024-09-30,0.0,1.3166742
123,2024,Vaupes,2024-09-09,1,2024-09-16,0.0,0.98145705
123,2024,Vaupes,2024-09-09,2,2024-09-23,0.0,0.9474666
123,2024,Vaupes,2024-09-09,3,2024-09-30,0.0,0.8851707
123,2024,Vaupes,2024-09-09,4,2024-10-07,0.0,0.8690929
123,2024,Vaupes,2024-09-16,1,2024-09-23,0.0,0.9307905
123,2024,Vaupes,2024-09-16,2,2024-09-30,0.0,0.8999849
123,2024,Vaupes,2024-09-16,3,2024-10-07,0.0,0.84060717
123,2024,Vaupes,2024-09-16,4,2024-10-14,2.2844088,0.82295626
123,2024,Vaupes,2024-09-23,1,2024-09-30,0.0,0.8841164
123,2024,Vaupes,2024-09-23,2,2024-10-07,0.0,0.85664594
123,2024,Vaupes,2024-09-23,3,2024-10-14,2.2844088,0.7991099
123,2024,Vaupes,2024-09-23,4,2024-10-21,2.2844088,0.78029656
123,2024,Vaupes,2024-09-30,1,2024-10-07,0.0,0.77742046
123,2024,Vaupes,2024-09-30,2,2024-10-14,2.2844088,0.75517476
123,2024,Vaupes,2024-09-30,3,2024-10-21,2.2844088,0.7029731
123,2024,Vaupes,2024-09-30,4,2024-10-28,4.5688176,0.68449634
123,2024,Vaupes,2024-10-07,1,2024-10-14,2.2844088,0.66190046
123,2024,Vaupes,2024-10-07,2,2024-10-21,2.2844088,0.6485859
123,2024,Vaupes,2024-10-07,3,2024-10-28,4.5688176,0.6138461
123,2024,Vaupes,2024-10-07,4,2024-11-04,0.0,0.6005987
123,2024,Vaupes,2024-10-14,1,2024-10-21,2.2844088,0.4797991
123,2024,Vaupes,2024-10-14,2,2024-10-28,4.5688176,0.47590023
123,2024,Vaupes,2024-10-14,3,2024-11-04,0.0,0.4624147
123,2024,Vaupes,2024-10-14,4,2024-11-11,6.853227,0.4556236
123,2024,Vaupes,2024-10-21,1,2024-10-28,4.5688176,0.5275354
123,2024,Vaupes,2024-10-21,2,2024-11-04,0.0,0.5318144
123,2024,Vaupes,2024-10-21,3,2024-11-11,6.853227,0.53501487
123,2024,Vaupes,2024-10-21,4,2024-11-18,4.5688176,0.53958094
123,2024,Vaupes,2024-10-28,1,2024-11-04,0.0,0.7121447
123,2024,Vaupes,2024-10-28,2,2024-11-11,6.853227,0.724356
123,2024,Vaupes,2024-10-28,3,2024-11-18,4.5688176,0.7388964
123,2024,Vaupes,2024-10-28,4,2024-11-25,2.2844088,0.7628334
123,2024,Vaupes,2024-11-04,1,2024-11-11,6.853227,1.1826752
123,2024,Vaupes,2024-11-04,2,2024-11-18,4.5688176,1.1976262
123,2024,Vaupes,2024-11-04,3,2024-11-25,2.2844088,1.2507037
123,2024,Vaupes,2024-11-04,4,2024-12-02,4.5688176,1.3125011
123,2024,Vaupes,2024-11-11,1,2024-11-18,4.5688176,1.1020644
123,2024,Vaupes,2024-11-11,2,2024-11-25,2.2844088,1.1197253
123,2024,Vaupes,2024-11-11,3,2024-12-02,4.5688176,1.1653236
123,2024,Vaupes,2024-11-11,4,2024-12-09,0.0,1.2278786
123,2024,Vaupes,2024-11-18,1,2024-11-25,2.2844088,1.7458524
123,2024,Vaupes,2024-11-18,2,2024-12-02,4.5688176,1.758696
123,2024,Vaupes,2024-11-18,3,2024-12-09,0.0,1.8498133
123,2024,Vaupes,2024-11-18,4,2024-12-16,2.2844088,1.9153258
123,2024,Vichada,2024-02-19,1,2024-02-26,2.096187,0.25895095
123,2024,Vichada,2024-02-19,2,2024-03-04,1.3974581,0.24272057
123,2024,Vichada,2024-02-19,3,2024-03-11,1.3974581,0.24077179
123,2024,Vichada,2024-02-19,4,2024-03-18,0.69872904,0.24535997
123,2024,Vichada,2024-02-26,1,2024-03-04,1.3974581,0.35895696
123,2024,Vichada,2024-02-26,2,2024-03-11,1.3974581,0.35522494
123,2024,Vichada,2024-02-26,3,2024-03-18,0.69872904,0.37056795
123,2024,Vichada,2024-02-26,4,2024-03-25,2.096187,0.38670897
123,2024,Vichada,2024-03-04,1,2024-03-11,1.3974581,0.8582337
123,2024,Vichada,2024-03-04,2,2024-03-18,0.69872904,0.8741415
123,2024,Vichada,2024-03-04,3,2024-03-25,2.096187,0.9754599
123,2024,Vichada,2024-03-04,4,2024-04-01,0.0,1.0462191
123,2024,Vichada,2024-03-11,1,2024-03-18,0.69872904,1.2418743
123,2024,Vichada,2024-03-11,2,2024-03-25,2.096187,1.2857076
123,2024,Vichada,2024-03-11,3,2024-04-01,0.0,1.4205456
123,2024,Vichada,2024-03-11,4,2024-04-08,2.096187,1.5400406
123,2024,Vichada,2024-03-18,1,2024-03-25,2.096187,1.4570578
123,2024,Vichada,2024-03-18,2,2024-04-01,0.0,1.519412
123,2024,Vichada,2024-03-18,3,2024-04-08,2.096187,1.6600692
123,2024,Vichada,2024-03-18,4,2024-04-15,0.69872904,1.7969623
123,2024,Vichada,2024-03-25,1,2024-04-01,0.0,1.4668158
123,2024,Vichada,2024-03-25,2,2024-04-08,2.096187,1.5194868
123,2024,Vichada,2024-03-25,3,2024-04-15,0.69872904,1.6458497
123,2024,Vichada,2024-03-25,4,2024-04-22,2.096187,1.7641233
123,2024,Vichada,2024-04-01,1,2024-04-08,2.096187,1.7590828
123,2024,Vichada,2024-04-01,2,2024-04-15,0.69872904,1.8241463
123,2024,Vichada,2024-04-01,3,2024-04-22,2.096187,1.9718492
123,2024,Vichada,2024-04-01,4,2024-04-29,0.69872904,2.0954614
123,2024,Vichada,2024-04-08,1,2024-04-15,0.69872904,1.5083733
123,2024,Vichada,2024-04-08,2,2024-04-22,2.096187,1.5625454
123,2024,Vichada,2024-04-08,3,2024-04-29,0.69872904,1.6857017
123,2024,Vichada,2024-04-08,4,2024-05-06,2.794916,1.7992349
123,2024,Vichada,2024-04-15,1,2024-04-22,2.096187,1.7150614
123,2024,Vichada,2024-04-15,2,2024-04-29,0.69872904,1.786308
123,2024,Vichada,2024-04-15,3,2024-05-06,2.794916,1.942354
123,2024,Vichada,2024-04-15,4,2024-05-13,2.096187,2.0676658
123,2024,Vichada,2024-04-22,1,2024-04-29,0.69872904,1.6830331
123,2024,Vichada,2024-04-22,2,2024-05-06,2.794916,1.7582685
123,2024,Vichada,2024-04-22,3,2024-05-13,2.096187,1.9119803
123,2024,Vichada,2024-04-22,4,2024-05-20,5.589832,2.0446982
123,2024,Vichada,2024-04-29,1,2024-05-06,2.794916,2.1003182
123,2024,Vichada,2024-04-29,2,2024-05-13,2.096187,2.2053618
123,2024,Vichada,2024-04-29,3,2024-05-20,5.589832,2.380837
123,2024,Vichada,2024-04-29,4,2024-05-27,6.2885613,2.531974
123,2024,Vichada,2024-05-06,1,2024-05-13,2.096187,1.943337
123,2024,Vichada,2024-05-06,2,2024-05-20,5.589832,2.0157166
123,2024,Vichada,2024-05-06,3,2024-05-27,6.2885613,2.1687067
123,2024,Vichada,2024-05-06,4,2024-06-03,2.096187,2.2975295
123,2024,Vichada,2024-05-13,1,2024-05-20,5.589832,2.4191632
123,2024,Vichada,2024-05-13,2,2024-05-27,6.2885613,2.5090659
123,2024,Vichada,2024-05-13,3,2024-06-03,2.096187,2.6682892
123,2024,Vichada,2024-05-13,4,2024-06-10,4.192374,2.7899036
123,2024,Vichada,2024-05-20,1,2024-05-27,6.2885613,2.417544
123,2024,Vichada,2024-05-20,2,2024-06-03,2.096187,2.4507272
123,2024,Vichada,2024-05-20,3,2024-06-10,4.192374,2.5796604
123,2024,Vichada,2024-05-20,4,2024-06-17,9.782207,2.653528
123,2024,Vichada,2024-05-27,1,2024-06-03,2.096187,3.4129577
123,2024,Vichada,2024-05-27,2,2024-06-10,4.192374,3.4796627
123,2024,Vichada,2024-05-27,3,2024-06-17,9.782207,3.5642676
123,2024,Vichada,2024-05-27,4,2024-06-24,7.6860194,3.638666
123,2024,Vichada,2024-06-03,1,2024-06-10,4.192374,4.4378366
123,2024,Vichada,2024-06-03,2,2024-06-17,9.782207,4.479625
123,2024,Vichada,2024-06-03,3,2024-06-24,7.6860194,4.4833884
123,2024,Vichada,2024-06-03,4,2024-07-01,18.166956,4.5320797
123,2024,Vichada,2024-06-10,1,2024-06-17,9.782207,3.2926548
123,2024,Vichada,2024-06-10,2,2024-06-24,7.6860194,3.1688366
123,2024,Vichada,2024-06-10,3,2024-07-01,18.166956,3.1698394
123,2024,Vichada,2024-06-10,4,2024-07-08,9.083476,3.1176937
123,2024,Vichada,2024-06-17,1,2024-06-24,7.6860194,3.1073778
123,2024,Vichada,2024-06-17,2,2024-07-01,18.166956,2.9529076
123,2024,Vichada,2024-06-17,3,2024-07-08,9.083476,2.9190223
123,2024,Vichada,2024-06-17,4,2024-07-15,13.27585,2.8240256
123,2024,Vichada,2024-06-24,1,2024-07-01,18.166956,4.3260956
123,2024,Vichada,2024-06-24,2,2024-07-08,9.083476,4.1905785
123,2024,Vichada,2024-06-24,3,2024-07-15,13.27585,4.1133227
123,2024,Vichada,2024-06-24,4,2024-07-22,16.070768,4.007822
123,2024,Vichada,2024-07-01,1,2024-07-08,9.083476,4.876044
123,2024,Vichada,2024-07-01,2,2024-07-15,13.27585,4.707576
123,2024,Vichada,2024-07-01,3,2024-07-22,16.070768,4.575622
123,2024,Vichada,2024-07-01,4,2024-07-29,8.384748,4.4481163
123,2024,Vichada,2024-07-08,1,2024-07-15,13.27585,7.0448833
123,2024,Vichada,2024-07-08,2,2024-07-22,16.070768,6.9000306
123,2024,Vichada,2024-07-08,3,2024-07-29,8.384748,6.643413
123,2024,Vichada,2024-07-08,4,2024-08-05,14.673311,6.520531
123,2024,Vichada,2024-07-15,1,2024-07-22,16.070768,6.17331
123,2024,Vichada,2024-07-15,2,2024-07-29,8.384748,5.882888
123,2024,Vichada,2024-07-15,3,2024-08-05,14.673311,5.628715
123,2024,Vichada,2024-07-15,4,2024-08-12,13.27585,5.4581614
123,2024,Vichada,2024-07-22,1,2024-07-29,8.384748,6.7981434
123,2024,Vichada,2024-07-22,2,2024-08-05,14.673311,6.4468584
123,2024,Vichada,2024-07-22,3,2024-08-12,13.27585,6.1334944
123,2024,Vichada,2024-07-22,4,2024-08-19,15.372039,5.9135237
123,2024,Vichada,2024-07-29,1,2024-08-05,14.673311,7.7438445
123,2024,Vichada,2024-07-29,2,2024-08-12,13.27585,7.3597665
123,2024,Vichada,2024-07-29,3,2024-08-19,15.372039,6.96705
123,2024,Vichada,2024-07-29,4,2024-08-26,9.782207,6.72988
123,2024,Vichada,2024-08-05,1,2024-08-12,13.27585,6.17259
123,2024,Vichada,2024-08-05,2,2024-08-19,15.372039,5.7064085
123,2024,Vichada,2024-08-05,3,2024-08-26,9.782207,5.3799424
123,2024,Vichada,2024-08-05,4,2024-09-02,11.878394,5.1129994
123,2024,Vichada,2024-08-12,1,2024-08-19,15.372039,7.7913733
123,2024,Vichada,2024-08-12,2,2024-08-26,9.782207,7.2239776
123,2024,Vichada,2024-08-12,3,2024-09-02,11.878394,6.76499
123,2024,Vichada,2024-08-12,4,2024-09-09,13.974581,6.3949304
123,2024,Vichada,2024-08-19,1,2024-08-26,9.782207,8.722875
123,2024,Vichada,2024-08-19,2,2024-09-02,11.878394,8.060713
123,2024,Vichada,2024-08-19,3,2024-09-09,13.974581,7.519987
123,2024,Vichada,2024-08-19,4,2024-09-16,7.6860194,7.0703087
123,2024,Vichada,2024-08-26,1,2024-09-02,11.878394,9.2303095
123,2024,Vichada,2024-08-26,2,2024-09-09,13.974581,8.5510435
123,2024,Vichada,2024-08-26,3,2024-09-16,7.6860194,7.9806643
123,2024,Vichada,2024-08-26,4,2024-09-23,3.4936452,7.5214252
123,2024,Vichada,2024-09-02,1,2024-09-09,13.974581,7.695497
123,2024,Vichada,2024-09-02,2,2024-09-16,7.6860194,7.019947
123,2024,Vichada,2024-09-02,3,2024-09-23,3.4936452,6.5488644
123,2024,Vichada,2024-09-02,4,2024-09-30,7.6860194,6.1233788
123,2024,Vichada,2024-09-09,1,2024-09-16,7.6860194,8.073991
123,2024,Vichada,2024-09-09,2,2024-09-23,3.4936452,7.4107018
123,2024,Vichada,2024-09-09,3,2024-09-30,7.6860194,6.94223
123,2024,Vichada,2024-09-09,4,2024-10-07,4.192374,6.5107136
123,2024,Vichada,2024-09-16,1,2024-09-23,3.4936452,9.199224
123,2024,Vichada,2024-09-16,2,2024-09-30,7.6860194,8.571222
123,2024,Vichada,2024-09-16,3,2024-10-07,4.192374,8.085978
123,2024,Vichada,2024-09-16,4,2024-10-14,6.2885613,7.6669674
123,2024,Vichada,2024-09-23,1,2024-09-30,7.6860194,7.7925615
123,2024,Vichada,2024-09-23,2,2024-10-07,4.192374,7.184825
123,2024,Vichada,2024-09-23,3,2024-10-14,6.2885613,6.7955427
123,2024,Vichada,2024-09-23,4,2024-10-21,6.2885613,6.4127536
123,2024,Vichada,2024-09-30,1,2024-10-07,4.192374,5.0753508
123,2024,Vichada,2024-09-30,2,2024-10-14,6.2885613,4.568316
123,2024,Vichada,2024-09-30,3,2024-10-21,6.2885613,4.35414
123,2024,Vichada,2024-09-30,4,2024-10-28,5.589832,4.0466514
123,2024,Vichada,2024-10-07,1,2024-10-14,6.2885613,5.8613567
123,2024,Vichada,2024-10-07,2,2024-10-21,6.2885613,5.4313846
123,2024,Vichada,2024-10-07,3,2024-10-28,5.589832,5.2390137
123,2024,Vichada,2024-10-07,4,2024-11-04,6.98729,4.95239
123,2024,Vichada,2024-10-14,1,2024-10-21,6.2885613,5.1646886
123,2024,Vichada,2024-10-14,2,2024-10-28,5.589832,4.8410244
123,2024,Vichada,2024-10-14,3,2024-11-04,6.98729,4.7184553
123,2024,Vichada,2024-10-14,4,2024-11-11,5.589832,4.5123577
123,2024,Vichada,2024-10-21,1,2024-10-28,5.589832,5.9095483
123,2024,Vichada,2024-10-21,2,2024-11-04,6.98729,5.772866
123,2024,Vichada,2024-10-21,3,2024-11-11,5.589832,5.711731
123,2024,Vichada,2024-10-21,4,2024-11-18,6.2885613,5.6362057
123,2024,Vichada,2024-10-28,1,2024-11-04,6.98729,6.0182734
123,2024,Vichada,2024-10-28,2,2024-11-11,5.589832,5.949012
123,2024,Vichada,2024-10-28,3,2024-11-18,6.2885613,5.907793
123,2024,Vichada,2024-10-28,4,2024-11-25,2.096187,5.897583
123,2024,Vichada,2024-11-04,1,2024-11-11,5.589832,6.0438128
123,2024,Vichada,2024-11-04,2,2024-11-18,6.2885613,6.035916
123,2024,Vichada,2024-11-04,3,2024-11-25,2.096187,6.0330772
123,2024,Vichada,2024-11-04,4,2024-12-02,7.6860194,6.0914855
123,2024,Vichada,2024-11-11,1,2024-11-18,6.2885613,6.4729805
123,2024,Vichada,2024-11-11,2,2024-11-25,2.096187,6.50517
123,2024,Vichada,2024-11-11,3,2024-12-02,7.6860194,6.4938555
123,2024,Vichada,2024-11-11,4,2024-12-09,6.98729,6.592176
123,2024,Vichada,2024-11-18,1,2024-11-25,2.096187,5.987891
123,2024,Vichada,2024-11-18,2,2024-12-02,7.6860194,5.983824
123,2024,Vichada,2024-11-18,3,2024-12-09,6.98729,5.9808598
123,2024,Vichada,2024-11-18,4,2024-12-16,6.98729,6.0807304
