seed,test_year,departamento,fecha_base,horizonte,fecha_objetivo,y_true,y_pred
42,2024,Amazonas,2024-01-22,1,2024-01-29,5.944667,3.0618513
42,2024,Amazonas,2024-01-22,2,2024-02-05,8.322535,3.2775018
42,2024,Amazonas,2024-01-22,3,2024-02-12,11.889333,3.2754693
42,2024,Amazonas,2024-01-22,4,2024-02-19,7.133601,3.3609056
42,2024,Amazonas,2024-01-29,1,2024-02-05,8.322535,4.6275973
42,2024,Amazonas,2024-01-29,2,2024-02-12,11.889333,4.751314
42,2024,Amazonas,2024-01-29,3,2024-02-19,7.133601,4.7435603
42,2024,Amazonas,2024-01-29,4,2024-02-26,16.645067,4.894253
42,2024,Amazonas,2024-02-05,1,2024-02-12,11.889333,5.0850163
42,2024,Amazonas,2024-02-05,2,2024-02-19,7.133601,5.290608
42,2024,Amazonas,2024-02-05,3,2024-02-26,16.645067,5.2885475
42,2024,Amazonas,2024-02-05,4,2024-03-04,8.322535,5.3941483
42,2024,Amazonas,2024-02-12,1,2024-02-19,7.133601,6.080359
42,2024,Amazonas,2024-02-12,2,2024-02-26,16.645067,6.253205
42,2024,Amazonas,2024-02-12,3,2024-03-04,8.322535,6.11113
42,2024,Amazonas,2024-02-12,4,2024-03-11,4.7557335,6.197455
42,2024,Amazonas,2024-02-19,1,2024-02-26,16.645067,8.348665
42,2024,Amazonas,2024-02-19,2,2024-03-04,8.322535,8.43836
42,2024,Amazonas,2024-02-19,3,2024-03-11,4.7557335,8.211426
42,2024,Amazonas,2024-02-19,4,2024-03-18,3.5668,8.249518
42,2024,Amazonas,2024-02-26,1,2024-03-04,8.322535,7.4554214
42,2024,Amazonas,2024-02-26,2,2024-03-11,4.7557335,7.5391355
42,2024,Amazonas,2024-02-26,3,2024-03-18,3.5668,7.306301
42,2024,Amazonas,2024-02-26,4,2024-03-25,7.133601,7.2544765
42,2024,Amazonas,2024-03-04,1,2024-03-11,4.7557335,11.882058
42,2024,Amazonas,2024-03-04,2,2024-03-18,3.5668,11.9294615
42,2024,Amazonas,2024-03-04,3,2024-03-25,7.133601,11.4633
42,2024,Amazonas,2024-03-04,4,2024-04-01,8.322535,11.41759
42,2024,Amazonas,2024-03-11,1,2024-03-18,3.5668,8.058181
42,2024,Amazonas,2024-03-11,2,2024-03-25,7.133601,8.411103
42,2024,Amazonas,2024-03-11,3,2024-04-01,8.322535,8.101959
42,2024,Amazonas,2024-03-11,4,2024-04-08,8.322535,7.7332816
42,2024,Amazonas,2024-03-18,1,2024-03-25,7.133601,5.9625144
42,2024,Amazonas,2024-03-18,2,2024-04-01,8.322535,5.893688
42,2024,Amazonas,2024-03-18,3,2024-04-08,8.322535,5.7378635
42,2024,Amazonas,2024-03-18,4,2024-04-15,4.7557335,5.67101
42,2024,Amazonas,2024-03-25,1,2024-04-01,8.322535,4.4343843
42,2024,Amazonas,2024-03-25,2,2024-04-08,8.322535,4.3586144
42,2024,Amazonas,2024-03-25,3,2024-04-15,4.7557335,4.1503434
42,2024,Amazonas,2024-03-25,4,2024-04-22,4.7557335,4.133575
42,2024,Amazonas,2024-04-01,1,2024-04-08,8.322535,5.2828765
42,2024,Amazonas,2024-04-01,2,2024-04-15,4.7557335,5.040565
42,2024,Amazonas,2024-04-01,3,2024-04-22,4.7557335,4.843365
42,2024,Amazonas,2024-04-01,4,2024-04-29,10.7004,4.9080462
42,2024,Amazonas,2024-04-08,1,2024-04-15,4.7557335,5.8577337
42,2024,Amazonas,2024-04-08,2,2024-04-22,4.7557335,5.82535
42,2024,Amazonas,2024-04-08,3,2024-04-29,10.7004,5.6798196
42,2024,Amazonas,2024-04-08,4,2024-05-06,9.511468,5.8841643
42,2024,Amazonas,2024-04-15,1,2024-04-22,4.7557335,6.9894843
42,2024,Amazonas,2024-04-15,2,2024-04-29,10.7004,6.8540525
42,2024,Amazonas,2024-04-15,3,2024-05-06,9.511468,6.8480816
42,2024,Amazonas,2024-04-15,4,2024-05-13,2.3778667,7.105626
42,2024,Amazonas,2024-04-22,1,2024-04-29,10.7004,4.62098
42,2024,Amazonas,2024-04-22,2,2024-05-06,9.511468,4.5179887
42,2024,Amazonas,2024-04-22,3,2024-05-13,2.3778667,4.562205
42,2024,Amazonas,2024-04-22,4,2024-05-20,1.1889335,4.4525275
42,2024,Amazonas,2024-04-29,1,2024-05-06,9.511468,4.132545
42,2024,Amazonas,2024-04-29,2,2024-05-13,2.3778667,3.9230652
42,2024,Amazonas,2024-04-29,3,2024-05-20,1.1889335,3.8863883
42,2024,Amazonas,2024-04-29,4,2024-05-27,3.5668,3.8378315
42,2024,Amazonas,2024-05-06,1,2024-05-13,2.3778667,6.9047804
42,2024,Amazonas,2024-05-06,2,2024-05-20,1.1889335,6.711349
42,2024,Amazonas,2024-05-06,3,2024-05-27,3.5668,6.5629697
42,2024,Amazonas,2024-05-06,4,2024-06-03,0.0,6.8023615
42,2024,Amazonas,2024-05-13,1,2024-05-20,1.1889335,8.007387
42,2024,Amazonas,2024-05-13,2,2024-05-27,3.5668,7.909531
42,2024,Amazonas,2024-05-13,3,2024-06-03,0.0,7.849015
42,2024,Amazonas,2024-05-13,4,2024-06-10,1.1889335,7.9346876
42,2024,Amazonas,2024-05-20,1,2024-05-27,3.5668,4.7640095
42,2024,Amazonas,2024-05-20,2,2024-06-03,0.0,4.65007
42,2024,Amazonas,2024-05-20,3,2024-06-10,1.1889335,4.5405464
42,2024,Amazonas,2024-05-20,4,2024-06-17,0.0,4.5251703
42,2024,Amazonas,2024-05-27,1,2024-06-03,0.0,3.1472726
42,2024,Amazonas,2024-05-27,2,2024-06-10,1.1889335,3.0013716
42,2024,Amazonas,2024-05-27,3,2024-06-17,0.0,2.759457
42,2024,Amazonas,2024-05-27,4,2024-06-24,0.0,2.801134
42,2024,Amazonas,2024-06-03,1,2024-06-10,1.1889335,2.6282785
42,2024,Amazonas,2024-06-03,2,2024-06-17,0.0,2.374329
42,2024,Amazonas,2024-06-03,3,2024-06-24,0.0,2.3035033
42,2024,Amazonas,2024-06-03,4,2024-07-01,1.1889335,2.3429255
42,2024,Amazonas,2024-06-10,1,2024-06-17,0.0,1.6412814
42,2024,Amazonas,2024-06-10,2,2024-06-24,0.0,1.5341337
42,2024,Amazonas,2024-06-10,3,2024-07-01,1.1889335,1.4762695
42,2024,Amazonas,2024-06-10,4,2024-07-08,1.1889335,1.5228184
42,2024,Amazonas,2024-06-17,1,2024-06-24,0.0,1.385931
42,2024,Amazonas,2024-06-17,2,2024-07-01,1.1889335,1.2795041
42,2024,Amazonas,2024-06-17,3,2024-07-08,1.1889335,1.1934029
42,2024,Amazonas,2024-06-17,4,2024-07-15,1.1889335,1.2809265
42,2024,Amazonas,2024-06-24,1,2024-07-01,1.1889335,1.0894905
42,2024,Amazonas,2024-06-24,2,2024-07-08,1.1889335,1.0035381
42,2024,Amazonas,2024-06-24,3,2024-07-15,1.1889335,0.9811929
42,2024,Amazonas,2024-06-24,4,2024-07-22,2.3778667,1.0341345
42,2024,Amazonas,2024-07-01,1,2024-07-08,1.1889335,0.8513359
42,2024,Amazonas,2024-07-01,2,2024-07-15,1.1889335,0.8036594
42,2024,Amazonas,2024-07-01,3,2024-07-22,2.3778667,0.7377537
42,2024,Amazonas,2024-07-01,4,2024-07-29,1.1889335,0.77447534
42,2024,Amazonas,2024-07-08,1,2024-07-15,1.1889335,0.6922899
42,2024,Amazonas,2024-07-08,2,2024-07-22,2.3778667,0.6563556
42,2024,Amazonas,2024-07-08,3,2024-07-29,1.1889335,0.58620006
42,2024,Amazonas,2024-07-08,4,2024-08-05,2.3778667,0.6586241
42,2024,Amazonas,2024-07-15,1,2024-07-22,2.3778667,0.5882264
42,2024,Amazonas,2024-07-15,2,2024-07-29,1.1889335,0.5455925
42,2024,Amazonas,2024-07-15,3,2024-08-05,2.3778667,0.5458708
42,2024,Amazonas,2024-07-15,4,2024-08-12,2.3778667,0.62385625
42,2024,Amazonas,2024-07-22,1,2024-07-29,1.1889335,0.66467947
42,2024,Amazonas,2024-07-22,2,2024-08-05,2.3778667,0.6834649
42,2024,Amazonas,2024-07-22,3,2024-08-12,2.3778667,0.7069876
42,2024,Amazonas,2024-07-22,4,2024-08-19,1.1889335,0.7653405
42,2024,Amazonas,2024-07-29,1,2024-08-05,2.3778667,0.8372109
42,2024,Amazonas,2024-07-29,2,2024-08-12,2.3778667,0.911394
42,2024,Amazonas,2024-07-29,3,2024-08-19,1.1889335,0.91401166
42,2024,Amazonas,2024-07-29,4,2024-08-26,1.1889335,0.96981496
42,2024,Amazonas,2024-08-05,1,2024-08-12,2.3778667,0.8359682
42,2024,Amazonas,2024-08-05,2,2024-08-19,1.1889335,0.89305264
42,2024,Amazonas,2024-08-05,3,2024-08-26,1.1889335,0.9047988
42,2024,Amazonas,2024-08-05,4,2024-09-02,1.1889335,0.9194325
42,2024,Amazonas,2024-08-12,1,2024-08-19,1.1889335,0.9498651
42,2024,Amazonas,2024-08-12,2,2024-08-26,1.1889335,0.9726822
42,2024,Amazonas,2024-08-12,3,2024-09-02,1.1889335,0.9539039
42,2024,Amazonas,2024-08-12,4,2024-09-09,2.3778667,1.0152642
42,2024,Amazonas,2024-08-19,1,2024-08-26,1.1889335,1.171672
42,2024,Amazonas,2024-08-19,2,2024-09-02,1.1889335,1.2220775
42,2024,Amazonas,2024-08-19,3,2024-09-09,2.3778667,1.2136225
42,2024,Amazonas,2024-08-19,4,2024-09-16,0.0,1.3134588
42,2024,Amazonas,2024-08-26,1,2024-09-02,1.1889335,1.1212436
42,2024,Amazonas,2024-08-26,2,2024-09-09,2.3778667,1.1286216
42,2024,Amazonas,2024-08-26,3,2024-09-16,0.0,1.1803683
42,2024,Amazonas,2024-08-26,4,2024-09-23,0.0,1.2470242
42,2024,Amazonas,2024-09-02,1,2024-09-09,2.3778667,1.1201112
42,2024,Amazonas,2024-09-02,2,2024-09-16,0.0,1.1152182
42,2024,Amazonas,2024-09-02,3,2024-09-23,0.0,1.1995463
42,2024,Amazonas,2024-09-02,4,2024-09-30,1.1889335,1.2544147
42,2024,Amazonas,2024-09-09,1,2024-09-16,0.0,1.0961963
42,2024,Amazonas,2024-09-09,2,2024-09-23,0.0,1.1015692
42,2024,Amazonas,2024-09-09,3,2024-09-30,1.1889335,1.1475228
42,2024,Amazonas,2024-09-09,4,2024-10-07,0.0,1.2159249
42,2024,Amazonas,2024-09-16,1,2024-09-23,0.0,1.1792868
42,2024,Amazonas,2024-09-16,2,2024-09-30,1.1889335,1.1741761
42,2024,Amazonas,2024-09-16,3,2024-10-07,0.0,1.2670277
42,2024,Amazonas,2024-09-16,4,2024-10-14,2.3778667,1.3677785
42,2024,Amazonas,2024-09-23,1,2024-09-30,1.1889335,0.96145225
42,2024,Amazonas,2024-09-23,2,2024-10-07,0.0,0.9723893
42,2024,Amazonas,2024-09-23,3,2024-10-14,2.3778667,1.0533451
42,2024,Amazonas,2024-09-23,4,2024-10-21,2.3778667,1.1504514
42,2024,Amazonas,2024-09-30,1,2024-10-07,0.0,0.8714896
42,2024,Amazonas,2024-09-30,2,2024-10-14,2.3778667,0.87675273
42,2024,Amazonas,2024-09-30,3,2024-10-21,2.3778667,0.9477436
42,2024,Amazonas,2024-09-30,4,2024-10-28,3.5668,1.044833
42,2024,Amazonas,2024-10-07,1,2024-10-14,2.3778667,0.91155416
42,2024,Amazonas,2024-10-07,2,2024-10-21,2.3778667,0.91393286
42,2024,Amazonas,2024-10-07,3,2024-10-28,3.5668,0.9917278
42,2024,Amazonas,2024-10-07,4,2024-11-04,2.3778667,1.0734508
42,2024,Amazonas,2024-10-14,1,2024-10-21,2.3778667,0.6747426
42,2024,Amazonas,2024-10-14,2,2024-10-28,3.5668,0.6922199
42,2024,Amazonas,2024-10-14,3,2024-11-04,2.3778667,0.7448526
42,2024,Amazonas,2024-10-14,4,2024-11-11,2.3778667,0.8248923
42,2024,Amazonas,2024-10-21,1,2024-10-28,3.5668,0.99448454
42,2024,Amazonas,2024-10-21,2,2024-11-04,2.3778667,1.0339345
42,2024,Amazonas,2024-10-21,3,2024-11-11,2.3778667,1.1039481
42,2024,Amazonas,2024-10-21,4,2024-11-18,1.1889335,1.187535
42,2024,Amazonas,2024-10-28,1,2024-11-04,2.3778667,1.4749187
42,2024,Amazonas,2024-10-28,2,2024-11-11,2.3778667,1.5432183
42,2024,Amazonas,2024-10-28,3,2024-11-18,1.1889335,1.6743937
42,2024,Amazonas,2024-10-28,4,2024-11-25,3.5668,1.7752991
42,2024,Amazonas,2024-11-04,1,2024-11-11,2.3778667,2.28798
42,2024,Amazonas,2024-11-04,2,2024-11-18,1.1889335,2.401829
42,2024,Amazonas,2024-11-04,3,2024-11-25,3.5668,2.6148381
42,2024,Amazonas,2024-11-04,4,2024-12-02,0.0,2.7582293
42,2024,Amazonas,2024-11-11,1,2024-11-18,1.1889335,2.552098
42,2024,Amazonas,2024-11-11,2,2024-11-25,3.5668,2.6828823
42,2024,Amazonas,2024-11-11,3,2024-12-02,0.0,2.8408391
42,2024,Amazonas,2024-11-11,4,2024-12-09,2.3778667,3.0266674
42,2024,Amazonas,2024-11-18,1,2024-11-25,3.5668,2.7921135
42,2024,Amazonas,2024-11-18,2,2024-12-02,0.0,2.8961437
42,2024,Amazonas,2024-11-18,3,2024-12-09,2.3778667,3.0717456
42,2024,Amazonas,2024-11-18,4,2024-12-16,2.3778667,3.2530582
42,2024,Antioquia,2024-01-22,1,2024-01-29,2.2526455,1.6513413
42,2024,Antioquia,2024-01-22,2,2024-02-05,2.1654463,1.589797
42,2024,Antioquia,2024-01-22,3,2024-02-12,2.281712,1.5850205
42,2024,Antioquia,2024-01-22,4,2024-02-19,1.9619815,1.5932178
42,2024,Antioquia,2024-01-29,1,2024-02-05,2.1654463,1.5545584
42,2024,Antioquia,2024-01-29,2,2024-02-12,2.281712,1.5039331
42,2024,Antioquia,2024-01-29,3,2024-02-19,1.9619815,1.5047306
42,2024,Antioquia,2024-01-29,4,2024-02-26,2.1218464,1.4852023
42,2024,Antioquia,2024-02-05,1,2024-02-12,2.281712,1.5236129
42,2024,Antioquia,2024-02-05,2,2024-02-19,1.9619815,1.5335572
42,2024,Antioquia,2024-02-05,3,2024-02-26,2.1218464,1.5455368
42,2024,Antioquia,2024-02-05,4,2024-03-04,2.09278,1.5233372
42,2024,Antioquia,2024-02-12,1,2024-02-19,1.9619815,1.5386794
42,2024,Antioquia,2024-02-12,2,2024-02-26,2.1218464,1.518865
42,2024,Antioquia,2024-02-12,3,2024-03-04,2.09278,1.5242448
42,2024,Antioquia,2024-02-12,4,2024-03-11,2.4706433,1.501444
42,2024,Antioquia,2024-02-19,1,2024-02-26,2.1218464,1.7057564
42,2024,Antioquia,2024-02-19,2,2024-03-04,2.09278,1.6603781
42,2024,Antioquia,2024-02-19,3,2024-03-11,2.4706433,1.6745576
42,2024,Antioquia,2024-02-19,4,2024-03-18,2.4997098,1.6692089
42,2024,Antioquia,2024-02-26,1,2024-03-04,2.09278,1.8876418
42,2024,Antioquia,2024-02-26,2,2024-03-11,2.4706433,1.7780722
42,2024,Antioquia,2024-02-26,3,2024-03-18,2.4997098,1.820132
42,2024,Antioquia,2024-02-26,4,2024-03-25,2.0346475,1.8448912
42,2024,Antioquia,2024-03-04,1,2024-03-11,2.4706433,1.7062268
42,2024,Antioquia,2024-03-04,2,2024-03-18,2.4997098,1.5749645
42,2024,Antioquia,2024-03-04,3,2024-03-25,2.0346475,1.6321882
42,2024,Antioquia,2024-03-04,4,2024-04-01,2.950239,1.6288885
42,2024,Antioquia,2024-03-11,1,2024-03-18,2.4997098,1.6522135
42,2024,Antioquia,2024-03-11,2,2024-03-25,2.0346475,1.508811
42,2024,Antioquia,2024-03-11,3,2024-04-01,2.950239,1.6079345
42,2024,Antioquia,2024-03-11,4,2024-04-08,3.2554362,1.5992242
42,2024,Antioquia,2024-03-18,1,2024-03-25,2.0346475,1.6616101
42,2024,Antioquia,2024-03-18,2,2024-04-01,2.950239,1.5746607
42,2024,Antioquia,2024-03-18,3,2024-04-08,3.2554362,1.6768372
42,2024,Antioquia,2024-03-18,4,2024-04-15,2.979305,1.654031
42,2024,Antioquia,2024-03-25,1,2024-04-01,2.950239,1.8305593
42,2024,Antioquia,2024-03-25,2,2024-04-08,3.2554362,1.7708651
42,2024,Antioquia,2024-03-25,3,2024-04-15,2.979305,1.856604
42,2024,Antioquia,2024-03-25,4,2024-04-22,3.6187658,1.833563
42,2024,Antioquia,2024-04-01,1,2024-04-08,3.2554362,1.795592
42,2024,Antioquia,2024-04-01,2,2024-04-15,2.979305,1.7037765
42,2024,Antioquia,2024-04-01,3,2024-04-22,3.6187658,1.8111621
42,2024,Antioquia,2024-04-01,4,2024-04-29,2.5433095,1.8011369
42,2024,Antioquia,2024-04-08,1,2024-04-15,2.979305,2.2929094
42,2024,Antioquia,2024-04-08,2,2024-04-22,3.6187658,2.1937804
42,2024,Antioquia,2024-04-08,3,2024-04-29,2.5433095,2.2994022
42,2024,Antioquia,2024-04-08,4,2024-05-06,3.037438,2.317356
42,2024,Antioquia,2024-04-15,1,2024-04-22,3.6187658,2.6352665
42,2024,Antioquia,2024-04-15,2,2024-04-29,2.5433095,2.5314574
42,2024,Antioquia,2024-04-15,3,2024-05-06,3.037438,2.6502912
42,2024,Antioquia,2024-04-15,4,2024-05-13,3.240903,2.6618536
42,2024,Antioquia,2024-04-22,1,2024-04-29,2.5433095,2.5783908
42,2024,Antioquia,2024-04-22,2,2024-05-06,3.037438,2.5778265
42,2024,Antioquia,2024-04-22,3,2024-05-13,3.240903,2.672442
42,2024,Antioquia,2024-04-22,4,2024-05-20,4.5052905,2.633071
42,2024,Antioquia,2024-04-29,1,2024-05-06,3.037438,3.0292714
42,2024,Antioquia,2024-04-29,2,2024-05-13,3.240903,3.0539107
42,2024,Antioquia,2024-04-29,3,2024-05-20,4.5052905,3.0826101
42,2024,Antioquia,2024-04-29,4,2024-05-27,5.086619,3.1196408
42,2024,Antioquia,2024-05-06,1,2024-05-13,3.240903,2.8699074
42,2024,Antioquia,2024-05-06,2,2024-05-20,4.5052905,2.8802333
42,2024,Antioquia,2024-05-06,3,2024-05-27,5.086619,2.8754625
42,2024,Antioquia,2024-05-06,4,2024-06-03,4.3454256,2.905807
42,2024,Antioquia,2024-05-13,1,2024-05-20,4.5052905,3.306034
42,2024,Antioquia,2024-05-13,2,2024-05-27,5.086619,3.2670603
42,2024,Antioquia,2024-05-13,3,2024-06-03,4.3454256,3.2447073
42,2024,Antioquia,2024-05-13,4,2024-06-10,5.4790144,3.3342938
42,2024,Antioquia,2024-05-20,1,2024-05-27,5.086619,3.6893027
42,2024,Antioquia,2024-05-20,2,2024-06-03,4.3454256,3.5611577
42,2024,Antioquia,2024-05-20,3,2024-06-10,5.4790144,3.5300465
42,2024,Antioquia,2024-05-20,4,2024-06-17,5.871411,3.6351476
42,2024,Antioquia,2024-05-27,1,2024-06-03,4.3454256,4.560543
42,2024,Antioquia,2024-05-27,2,2024-06-10,5.4790144,4.431059
42,2024,Antioquia,2024-05-27,3,2024-06-17,5.871411,4.4508
42,2024,Antioquia,2024-05-27,4,2024-06-24,5.6970134,4.5160484
42,2024,Antioquia,2024-06-03,1,2024-06-10,5.4790144,5.5100503
42,2024,Antioquia,2024-06-03,2,2024-06-17,5.871411,5.3687806
42,2024,Antioquia,2024-06-03,3,2024-06-24,5.6970134,5.379358
42,2024,Antioquia,2024-06-03,4,2024-07-01,6.176608,5.3885202
42,2024,Antioquia,2024-06-10,1,2024-06-17,5.871411,5.5212636
42,2024,Antioquia,2024-06-10,2,2024-06-24,5.6970134,5.484404
42,2024,Antioquia,2024-06-10,3,2024-07-01,6.176608,5.337624
42,2024,Antioquia,2024-06-10,4,2024-07-08,7.019534,5.3772025
42,2024,Antioquia,2024-06-17,1,2024-06-24,5.6970134,5.9284654
42,2024,Antioquia,2024-06-17,2,2024-07-01,6.176608,5.9266424
42,2024,Antioquia,2024-06-17,3,2024-07-08,7.019534,5.775253
42,2024,Antioquia,2024-06-17,4,2024-07-15,6.612605,5.7654257
42,2024,Antioquia,2024-06-24,1,2024-07-01,6.176608,6.554921
42,2024,Antioquia,2024-06-24,2,2024-07-08,7.019534,6.4283223
42,2024,Antioquia,2024-06-24,3,2024-07-15,6.612605,6.3387995
42,2024,Antioquia,2024-06-24,4,2024-07-22,7.644461,6.3097787
42,2024,Antioquia,2024-07-01,1,2024-07-08,7.019534,6.723539
42,2024,Antioquia,2024-07-01,2,2024-07-15,6.612605,6.5736284
42,2024,Antioquia,2024-07-01,3,2024-07-22,7.644461,6.510103
42,2024,Antioquia,2024-07-01,4,2024-07-29,7.615394,6.4824915
42,2024,Antioquia,2024-07-08,1,2024-07-15,6.612605,6.825153
42,2024,Antioquia,2024-07-08,2,2024-07-22,7.644461,6.648036
42,2024,Antioquia,2024-07-08,3,2024-07-29,7.615394,6.6017375
42,2024,Antioquia,2024-07-08,4,2024-08-05,6.7870016,6.3883286
42,2024,Antioquia,2024-07-15,1,2024-07-22,7.644461,7.063068
42,2024,Antioquia,2024-07-15,2,2024-07-29,7.615394,6.9199834
42,2024,Antioquia,2024-07-15,3,2024-08-05,6.7870016,6.840642
42,2024,Antioquia,2024-07-15,4,2024-08-12,6.481805,6.557029
42,2024,Antioquia,2024-07-22,1,2024-07-29,7.615394,7.018435
42,2024,Antioquia,2024-07-22,2,2024-08-05,6.7870016,6.852061
42,2024,Antioquia,2024-07-22,3,2024-08-12,6.481805,6.844757
42,2024,Antioquia,2024-07-22,4,2024-08-19,5.929544,6.5553913
42,2024,Antioquia,2024-07-29,1,2024-08-05,6.7870016,7.5039163
42,2024,Antioquia,2024-07-29,2,2024-08-12,6.481805,7.3092227
42,2024,Antioquia,2024-07-29,3,2024-08-19,5.929544,7.298324
42,2024,Antioquia,2024-07-29,4,2024-08-26,7.0922003,6.9990444
42,2024,Antioquia,2024-08-05,1,2024-08-12,6.481805,7.6181617
42,2024,Antioquia,2024-08-05,2,2024-08-19,5.929544,7.5830193
42,2024,Antioquia,2024-08-05,3,2024-08-26,7.0922003,7.494552
42,2024,Antioquia,2024-08-05,4,2024-09-02,6.1184754,7.195506
42,2024,Antioquia,2024-08-12,1,2024-08-19,5.929544,7.050396
42,2024,Antioquia,2024-08-12,2,2024-08-26,7.0922003,6.923262
42,2024,Antioquia,2024-08-12,3,2024-09-02,6.1184754,6.8594327
42,2024,Antioquia,2024-08-12,4,2024-09-09,5.987677,6.5803556
42,2024,Antioquia,2024-08-19,1,2024-08-26,7.0922003,6.711566
42,2024,Antioquia,2024-08-19,2,2024-09-02,6.1184754,6.4620557
42,2024,Antioquia,2024-08-19,3,2024-09-09,5.987677,6.355977
42,2024,Antioquia,2024-08-19,4,2024-09-16,6.3800735,6.15201
42,2024,Antioquia,2024-08-26,1,2024-09-02,6.1184754,6.135241
42,2024,Antioquia,2024-08-26,2,2024-09-09,5.987677,5.9506297
42,2024,Antioquia,2024-08-26,3,2024-09-16,6.3800735,5.8896456
42,2024,Antioquia,2024-08-26,4,2024-09-23,6.2492743,5.709436
42,2024,Antioquia,2024-09-02,1,2024-09-09,5.987677,6.058012
42,2024,Antioquia,2024-09-02,2,2024-09-16,6.3800735,5.903278
42,2024,Antioquia,2024-09-02,3,2024-09-23,6.2492743,5.9188094
42,2024,Antioquia,2024-09-02,4,2024-09-30,5.246484,5.7239428
42,2024,Antioquia,2024-09-09,1,2024-09-16,6.3800735,5.6168237
42,2024,Antioquia,2024-09-09,2,2024-09-23,6.2492743,5.4974413
42,2024,Antioquia,2024-09-09,3,2024-09-30,5.246484,5.5475936
42,2024,Antioquia,2024-09-09,4,2024-10-07,4.9412866,5.368663
42,2024,Antioquia,2024-09-16,1,2024-09-23,6.2492743,5.2854743
42,2024,Antioquia,2024-09-16,2,2024-09-30,5.246484,5.0275598
42,2024,Antioquia,2024-09-16,3,2024-10-07,4.9412866,5.156125
42,2024,Antioquia,2024-09-16,4,2024-10-14,4.7232885,4.9487724
42,2024,Antioquia,2024-09-23,1,2024-09-30,5.246484,5.699729
42,2024,Antioquia,2024-09-23,2,2024-10-07,4.9412866,5.446409
42,2024,Antioquia,2024-09-23,3,2024-10-14,4.7232885,5.534502
42,2024,Antioquia,2024-09-23,4,2024-10-21,4.839555,5.4172807
42,2024,Antioquia,2024-09-30,1,2024-10-07,4.9412866,5.7901034
42,2024,Antioquia,2024-09-30,2,2024-10-14,4.7232885,5.624289
42,2024,Antioquia,2024-09-30,3,2024-10-21,4.839555,5.693268
42,2024,Antioquia,2024-09-30,4,2024-10-28,4.447158,5.6834536
42,2024,Antioquia,2024-10-07,1,2024-10-14,4.7232885,5.279427
42,2024,Antioquia,2024-10-07,2,2024-10-21,4.839555,5.1292486
42,2024,Antioquia,2024-10-07,3,2024-10-28,4.447158,5.147837
42,2024,Antioquia,2024-10-07,4,2024-11-04,4.4180913,5.1368175
42,2024,Antioquia,2024-10-14,1,2024-10-21,4.839555,5.0063457
42,2024,Antioquia,2024-10-14,2,2024-10-28,4.447158,4.897487
42,2024,Antioquia,2024-10-14,3,2024-11-04,4.4180913,4.7853928
42,2024,Antioquia,2024-10-14,4,2024-11-11,3.560633,4.732771
42,2024,Antioquia,2024-10-21,1,2024-10-28,4.447158,4.3801184
42,2024,Antioquia,2024-10-21,2,2024-11-04,4.4180913,4.324402
42,2024,Antioquia,2024-10-21,3,2024-11-11,3.560633,4.240037
42,2024,Antioquia,2024-10-21,4,2024-11-18,3.633299,4.131071
42,2024,Antioquia,2024-10-28,1,2024-11-04,4.4180913,4.4066854
42,2024,Antioquia,2024-10-28,2,2024-11-11,3.560633,4.349425
42,2024,Antioquia,2024-10-28,3,2024-11-18,3.633299,4.2860184
42,2024,Antioquia,2024-10-28,4,2024-11-25,3.6187658,4.2036495
42,2024,Antioquia,2024-11-04,1,2024-11-11,3.560633,4.1016116
42,2024,Antioquia,2024-11-04,2,2024-11-18,3.633299,4.0585766
42,2024,Antioquia,2024-11-04,3,2024-11-25,3.6187658,4.0224066
42,2024,Antioquia,2024-11-04,4,2024-12-02,3.5315669,3.9491765
42,2024,Antioquia,2024-11-11,1,2024-11-18,3.633299,4.1809225
42,2024,Antioquia,2024-11-11,2,2024-11-25,3.6187658,4.187209
42,2024,Antioquia,2024-11-11,3,2024-12-02,3.5315669,4.1233983
42,2024,Antioquia,2024-11-11,4,2024-12-09,3.953029,4.0260015
42,2024,Antioquia,2024-11-18,1,2024-11-25,3.6187658,3.6777651
42,2024,Antioquia,2024-11-18,2,2024-12-02,3.5315669,3.599513
42,2024,Antioquia,2024-11-18,3,2024-12-09,3.953029,3.4970963
42,2024,Antioquia,2024-11-18,4,2024-12-16,3.4153013,3.3967996
42,2024,Arauca,2024-01-22,1,2024-01-29,3.9585006,3.7403686
42,2024,Arauca,2024-01-22,2,2024-02-05,4.6782274,3.6675327
42,2024,Arauca,2024-01-22,3,2024-02-12,3.9585006,3.7323623
42,2024,Arauca,2024-01-22,4,2024-02-19,3.5986369,3.7606776
42,2024,Arauca,2024-01-29,1,2024-02-05,4.6782274,3.8474138
42,2024,Arauca,2024-01-29,2,2024-02-12,3.9585006,3.8069916
42,2024,Arauca,2024-01-29,3,2024-02-19,3.5986369,3.8965046
42,2024,Arauca,2024-01-29,4,2024-02-26,3.9585006,3.9505563
42,2024,Arauca,2024-02-05,1,2024-02-12,3.9585006,4.294759
42,2024,Arauca,2024-02-05,2,2024-02-19,3.5986369,4.3181653
42,2024,Arauca,2024-02-05,3,2024-02-26,3.9585006,4.4721665
42,2024,Arauca,2024-02-05,4,2024-03-04,6.8374104,4.6814156
42,2024,Arauca,2024-02-12,1,2024-02-19,3.5986369,4.806385
42,2024,Arauca,2024-02-12,2,2024-02-26,3.9585006,4.7806115
42,2024,Arauca,2024-02-12,3,2024-03-04,6.8374104,4.8100195
42,2024,Arauca,2024-02-12,4,2024-03-11,6.477546,4.943872
42,2024,Arauca,2024-02-19,1,2024-02-26,3.9585006,4.651036
42,2024,Arauca,2024-02-19,2,2024-03-04,6.8374104,4.730684
42,2024,Arauca,2024-02-19,3,2024-03-11,6.477546,4.7442822
42,2024,Arauca,2024-02-19,4,2024-03-18,7.917001,4.924109
42,2024,Arauca,2024-02-26,1,2024-03-04,6.8374104,4.892644
42,2024,Arauca,2024-02-26,2,2024-03-11,6.477546,4.9539514
42,2024,Arauca,2024-02-26,3,2024-03-18,7.917001,5.043277
42,2024,Arauca,2024-02-26,4,2024-03-25,4.6782274,5.2159667
42,2024,Arauca,2024-03-04,1,2024-03-11,6.477546,4.586418
42,2024,Arauca,2024-03-04,2,2024-03-18,7.917001,4.570231
42,2024,Arauca,2024-03-04,3,2024-03-25,4.6782274,4.6805954
42,2024,Arauca,2024-03-04,4,2024-04-01,7.5571375,4.8737063
42,2024,Arauca,2024-03-11,1,2024-03-18,7.917001,5.3439517
42,2024,Arauca,2024-03-11,2,2024-03-25,4.6782274,5.273156
42,2024,Arauca,2024-03-11,3,2024-04-01,7.5571375,5.4293947
42,2024,Arauca,2024-03-11,4,2024-04-08,5.757819,5.5987544
42,2024,Arauca,2024-03-18,1,2024-03-25,4.6782274,5.90793
42,2024,Arauca,2024-03-18,2,2024-04-01,7.5571375,5.8543935
42,2024,Arauca,2024-03-18,3,2024-04-08,5.757819,5.9887476
42,2024,Arauca,2024-03-18,4,2024-04-15,10.076182,6.29137
42,2024,Arauca,2024-03-25,1,2024-04-01,7.5571375,7.6140285
42,2024,Arauca,2024-03-25,2,2024-04-08,5.757819,7.365453
42,2024,Arauca,2024-03-25,3,2024-04-15,10.076182,7.4031997
42,2024,Arauca,2024-03-25,4,2024-04-22,7.5571375,7.8103604
42,2024,Arauca,2024-04-01,1,2024-04-08,5.757819,6.9085865
42,2024,Arauca,2024-04-01,2,2024-04-15,10.076182,6.919634
42,2024,Arauca,2024-04-01,3,2024-04-22,7.5571375,6.92065
42,2024,Arauca,2024-04-01,4,2024-04-29,10.436048,7.2942495
42,2024,Arauca,2024-04-08,1,2024-04-15,10.076182,7.8400955
42,2024,Arauca,2024-04-08,2,2024-04-22,7.5571375,7.6981845
42,2024,Arauca,2024-04-08,3,2024-04-29,10.436048,7.7919703
42,2024,Arauca,2024-04-08,4,2024-05-06,9.356455,8.221488
42,2024,Arauca,2024-04-15,1,2024-04-22,7.5571375,7.554271
42,2024,Arauca,2024-04-15,2,2024-04-29,10.436048,7.520202
42,2024,Arauca,2024-04-15,3,2024-05-06,9.356455,7.582712
42,2024,Arauca,2024-04-15,4,2024-05-13,10.436048,7.915615
42,2024,Arauca,2024-04-22,1,2024-04-29,10.436048,9.744994
42,2024,Arauca,2024-04-22,2,2024-05-06,9.356455,9.760091
42,2024,Arauca,2024-04-22,3,2024-05-13,10.436048,10.0034895
42,2024,Arauca,2024-04-22,4,2024-05-20,19.072775,10.4421215
42,2024,Arauca,2024-04-29,1,2024-05-06,9.356455,9.04919
42,2024,Arauca,2024-04-29,2,2024-05-13,10.436048,8.9272785
42,2024,Arauca,2024-04-29,3,2024-05-20,19.072775,9.098629
42,2024,Arauca,2024-04-29,4,2024-05-27,19.432636,9.545594
42,2024,Arauca,2024-05-06,1,2024-05-13,10.436048,10.440591
42,2024,Arauca,2024-05-06,2,2024-05-20,19.072775,10.361575
42,2024,Arauca,2024-05-06,3,2024-05-27,19.432636,10.654961
42,2024,Arauca,2024-05-06,4,2024-06-03,27.349638,11.466287
42,2024,Arauca,2024-05-13,1,2024-05-20,19.072775,12.04069
42,2024,Arauca,2024-05-13,2,2024-05-27,19.432636,11.616372
42,2024,Arauca,2024-05-13,3,2024-06-03,27.349638,11.827761
42,2024,Arauca,2024-05-13,4,2024-06-10,19.432636,12.459898
42,2024,Arauca,2024-05-20,1,2024-05-27,19.432636,12.668931
42,2024,Arauca,2024-05-20,2,2024-06-03,27.349638,12.429116
42,2024,Arauca,2024-05-20,3,2024-06-10,19.432636,12.59125
42,2024,Arauca,2024-05-20,4,2024-06-17,21.591824,13.346654
42,2024,Arauca,2024-05-27,1,2024-06-03,27.349638,20.524405
42,2024,Arauca,2024-05-27,2,2024-06-10,19.432636,19.857355
42,2024,Arauca,2024-05-27,3,2024-06-17,21.591824,19.92259
42,2024,Arauca,2024-05-27,4,2024-06-24,21.231958,21.045534
42,2024,Arauca,2024-06-03,1,2024-06-10,19.432636,20.953924
42,2024,Arauca,2024-06-03,2,2024-06-17,21.591824,20.252123
42,2024,Arauca,2024-06-03,3,2024-06-24,21.231958,20.50721
42,2024,Arauca,2024-06-03,4,2024-07-01,21.591824,21.551155
42,2024,Arauca,2024-06-10,1,2024-06-17,21.591824,27.164251
42,2024,Arauca,2024-06-10,2,2024-06-24,21.231958,26.121754
42,2024,Arauca,2024-06-10,3,2024-07-01,21.591824,26.13161
42,2024,Arauca,2024-06-10,4,2024-07-08,18.712914,26.804607
42,2024,Arauca,2024-06-17,1,2024-06-24,21.231958,19.516747
42,2024,Arauca,2024-06-17,2,2024-07-01,21.591824,19.161943
42,2024,Arauca,2024-06-17,3,2024-07-08,18.712914,18.679684
42,2024,Arauca,2024-06-17,4,2024-07-15,8.996592,17.823181
42,2024,Arauca,2024-06-24,1,2024-07-01,21.591824,21.317812
42,2024,Arauca,2024-06-24,2,2024-07-08,18.712914,19.90136
42,2024,Arauca,2024-06-24,3,2024-07-15,8.996592,19.339144
42,2024,Arauca,2024-06-24,4,2024-07-22,9.356455,18.74889
42,2024,Arauca,2024-07-01,1,2024-07-08,18.712914,19.600258
42,2024,Arauca,2024-07-01,2,2024-07-15,8.996592,18.414526
42,2024,Arauca,2024-07-01,3,2024-07-22,9.356455,17.702885
42,2024,Arauca,2024-07-01,4,2024-07-29,15.834002,16.798555
42,2024,Arauca,2024-07-08,1,2024-07-15,8.996592,18.333649
42,2024,Arauca,2024-07-08,2,2024-07-22,9.356455,16.88362
42,2024,Arauca,2024-07-08,3,2024-07-29,15.834002,15.907288
42,2024,Arauca,2024-07-08,4,2024-08-05,6.8374104,14.897861
42,2024,Arauca,2024-07-15,1,2024-07-22,9.356455,14.915579
42,2024,Arauca,2024-07-15,2,2024-07-29,15.834002,13.39896
42,2024,Arauca,2024-07-15,3,2024-08-05,6.8374104,12.303729
42,2024,Arauca,2024-07-15,4,2024-08-12,10.436048,11.650104
42,2024,Arauca,2024-07-22,1,2024-07-29,15.834002,9.271236
42,2024,Arauca,2024-07-22,2,2024-08-05,6.8374104,8.2516575
42,2024,Arauca,2024-07-22,3,2024-08-12,10.436048,7.589048
42,2024,Arauca,2024-07-22,4,2024-08-19,9.356455,7.2057357
42,2024,Arauca,2024-07-29,1,2024-08-05,6.8374104,7.7994947
42,2024,Arauca,2024-07-29,2,2024-08-12,10.436048,6.789564
42,2024,Arauca,2024-07-29,3,2024-08-19,9.356455,6.146625
42,2024,Arauca,2024-07-29,4,2024-08-26,6.8374104,6.038924
42,2024,Arauca,2024-08-05,1,2024-08-12,10.436048,10.426599
42,2024,Arauca,2024-08-05,2,2024-08-19,9.356455,9.288083
42,2024,Arauca,2024-08-05,3,2024-08-26,6.8374104,8.247655
42,2024,Arauca,2024-08-05,4,2024-09-02,7.917001,8.173419
42,2024,Arauca,2024-08-12,1,2024-08-19,9.356455,6.415156
42,2024,Arauca,2024-08-12,2,2024-08-26,6.8374104,5.6891527
42,2024,Arauca,2024-08-12,3,2024-09-02,7.917001,5.515503
42,2024,Arauca,2024-08-12,4,2024-09-09,7.917001,5.143935
42,2024,Arauca,2024-08-19,1,2024-08-26,6.8374104,7.8695884
42,2024,Arauca,2024-08-19,2,2024-09-02,7.917001,6.8102527
42,2024,Arauca,2024-08-19,3,2024-09-09,7.917001,6.4407516
42,2024,Arauca,2024-08-19,4,2024-09-16,8.276864,6.0699353
42,2024,Arauca,2024-08-26,1,2024-09-02,7.917001,7.064071
42,2024,Arauca,2024-08-26,2,2024-09-09,7.917001,6.2642097
42,2024,Arauca,2024-08-26,3,2024-09-16,8.276864,5.842908
42,2024,Arauca,2024-08-26,4,2024-09-23,5.038091,5.7626324
42,2024,Arauca,2024-09-02,1,2024-09-09,7.917001,5.843249
42,2024,Arauca,2024-09-02,2,2024-09-16,8.276864,5.187916
42,2024,Arauca,2024-09-02,3,2024-09-23,5.038091,5.138462
42,2024,Arauca,2024-09-02,4,2024-09-30,5.757819,4.781231
42,2024,Arauca,2024-09-09,1,2024-09-16,8.276864,6.5043664
42,2024,Arauca,2024-09-09,2,2024-09-23,5.038091,5.8713627
42,2024,Arauca,2024-09-09,3,2024-09-30,5.757819,5.619783
42,2024,Arauca,2024-09-09,4,2024-10-07,7.917001,5.4608555
42,2024,Arauca,2024-09-16,1,2024-09-23,5.038091,7.0596294
42,2024,Arauca,2024-09-16,2,2024-09-30,5.757819,6.4734936
42,2024,Arauca,2024-09-16,3,2024-10-07,7.917001,6.1268787
42,2024,Arauca,2024-09-16,4,2024-10-14,2.519046,6.0306554
42,2024,Arauca,2024-09-23,1,2024-09-30,5.757819,7.135399
42,2024,Arauca,2024-09-23,2,2024-10-07,7.917001,6.5347004
42,2024,Arauca,2024-09-23,3,2024-10-14,2.519046,6.390714
42,2024,Arauca,2024-09-23,4,2024-10-21,6.8374104,6.074852
42,2024,Arauca,2024-09-30,1,2024-10-07,7.917001,5.8110957
42,2024,Arauca,2024-09-30,2,2024-10-14,2.519046,5.573231
42,2024,Arauca,2024-09-30,3,2024-10-21,6.8374104,5.280856
42,2024,Arauca,2024-09-30,4,2024-10-28,4.6782274,5.2922645
42,2024,Arauca,2024-10-07,1,2024-10-14,2.519046,5.6407614
42,2024,Arauca,2024-10-07,2,2024-10-21,6.8374104,5.5883365
42,2024,Arauca,2024-10-07,3,2024-10-28,4.6782274,5.1798654
42,2024,Arauca,2024-10-07,4,2024-11-04,5.3979554,5.2075872
42,2024,Arauca,2024-10-14,1,2024-10-21,6.8374104,6.4111648
42,2024,Arauca,2024-10-14,2,2024-10-28,4.6782274,6.491606
42,2024,Arauca,2024-10-14,3,2024-11-04,5.3979554,5.9233108
42,2024,Arauca,2024-10-14,4,2024-11-11,4.3183646,6.1141615
42,2024,Arauca,2024-10-21,1,2024-10-28,4.6782274,4.4517007
42,2024,Arauca,2024-10-21,2,2024-11-04,5.3979554,4.292349
42,2024,Arauca,2024-10-21,3,2024-11-11,4.3183646,4.315169
42,2024,Arauca,2024-10-21,4,2024-11-18,5.757819,4.116976
42,2024,Arauca,2024-10-28,1,2024-11-04,5.3979554,4.442914
42,2024,Arauca,2024-10-28,2,2024-11-11,4.3183646,4.3011174
42,2024,Arauca,2024-10-28,3,2024-11-18,5.757819,4.473295
42,2024,Arauca,2024-10-28,4,2024-11-25,6.477546,4.178458
42,2024,Arauca,2024-11-04,1,2024-11-11,4.3183646,4.184098
42,2024,Arauca,2024-11-04,2,2024-11-18,5.757819,4.060468
42,2024,Arauca,2024-11-04,3,2024-11-25,6.477546,4.2841206
42,2024,Arauca,2024-11-04,4,2024-12-02,5.757819,3.9907248
42,2024,Arauca,2024-11-11,1,2024-11-18,5.757819,4.16712
42,2024,Arauca,2024-11-11,2,2024-11-25,6.477546,4.166872
42,2024,Arauca,2024-11-11,3,2024-12-02,5.757819,4.3730183
42,2024,Arauca,2024-11-11,4,2024-12-09,9.356455,4.09456
42,2024,Arauca,2024-11-18,1,2024-11-25,6.477546,3.9355772
42,2024,Arauca,2024-11-18,2,2024-12-02,5.757819,3.9681575
42,2024,Arauca,2024-11-18,3,2024-12-09,9.356455,4.114545
42,2024,Arauca,2024-11-18,4,2024-12-16,7.1972747,3.9342308
42,2024,Atlantico,2024-01-22,1,2024-01-29,5.0408998,7.361584
42,2024,Atlantico,2024-01-22,2,2024-02-05,4.6883893,7.2074885
42,2024,Atlantico,2024-01-22,3,2024-02-12,4.5826364,6.8534217
42,2024,Atlantico,2024-01-22,4,2024-02-19,4.194875,6.753971
42,2024,Atlantico,2024-01-29,1,2024-02-05,4.6883893,5.788656
42,2024,Atlantico,2024-01-29,2,2024-02-12,4.5826364,5.607694
42,2024,Atlantico,2024-01-29,3,2024-02-19,4.194875,5.3804755
42,2024,Atlantico,2024-01-29,4,2024-02-26,3.8776155,5.2198286
42,2024,Atlantico,2024-02-05,1,2024-02-12,4.5826364,4.7143106
42,2024,Atlantico,2024-02-05,2,2024-02-19,4.194875,4.4936986
42,2024,Atlantico,2024-02-05,3,2024-02-26,3.8776155,4.357423
42,2024,Atlantico,2024-02-05,4,2024-03-04,2.961088,4.2012653
42,2024,Atlantico,2024-02-12,1,2024-02-19,4.194875,3.8600216
42,2024,Atlantico,2024-02-12,2,2024-02-26,3.8776155,3.5867486
42,2024,Atlantico,2024-02-12,3,2024-03-04,2.961088,3.557954
42,2024,Atlantico,2024-02-12,4,2024-03-11,2.8553348,3.3877132
42,2024,Atlantico,2024-02-19,1,2024-02-26,3.8776155,3.5278506
42,2024,Atlantico,2024-02-19,2,2024-03-04,2.961088,3.2357311
42,2024,Atlantico,2024-02-19,3,2024-03-11,2.8553348,3.2969482
42,2024,Atlantico,2024-02-19,4,2024-03-18,2.2913182,3.111981
42,2024,Atlantico,2024-02-26,1,2024-03-04,2.961088,3.0394793
42,2024,Atlantico,2024-02-26,2,2024-03-11,2.8553348,2.7469428
42,2024,Atlantico,2024-02-26,3,2024-03-18,2.2913182,2.891577
42,2024,Atlantico,2024-02-26,4,2024-03-25,2.2208161,2.6735349
42,2024,Atlantico,2024-03-04,1,2024-03-11,2.8553348,2.6129344
42,2024,Atlantico,2024-03-04,2,2024-03-18,2.2913182,2.2883348
42,2024,Atlantico,2024-03-04,3,2024-03-25,2.2208161,2.482571
42,2024,Atlantico,2024-03-04,4,2024-04-01,1.5510461,2.2550554
42,2024,Atlantico,2024-03-11,1,2024-03-18,2.2913182,2.164025
42,2024,Atlantico,2024-03-11,2,2024-03-25,2.2208161,1.8535391
42,2024,Atlantico,2024-03-11,3,2024-04-01,1.5510461,2.0238376
42,2024,Atlantico,2024-03-11,4,2024-04-08,2.185565,1.8657941
42,2024,Atlantico,2024-03-18,1,2024-03-25,2.2208161,1.8531568
42,2024,Atlantico,2024-03-18,2,2024-04-01,1.5510461,1.5662162
42,2024,Atlantico,2024-03-18,3,2024-04-08,2.185565,1.6910324
42,2024,Atlantico,2024-03-18,4,2024-04-15,1.8683054,1.5520653
42,2024,Atlantico,2024-03-25,1,2024-04-01,1.5510461,1.6635104
42,2024,Atlantico,2024-03-25,2,2024-04-08,2.185565,1.4229366
42,2024,Atlantico,2024-03-25,3,2024-04-15,1.8683054,1.5166543
42,2024,Atlantico,2024-03-25,4,2024-04-22,1.5862972,1.4412224
42,2024,Atlantico,2024-04-01,1,2024-04-08,2.185565,1.5490365
42,2024,Atlantico,2024-04-01,2,2024-04-15,1.8683054,1.3464521
42,2024,Atlantico,2024-04-01,3,2024-04-22,1.5862972,1.4220698
42,2024,Atlantico,2024-04-01,4,2024-04-29,1.7978036,1.376611
42,2024,Atlantico,2024-04-08,1,2024-04-15,1.8683054,1.3919425
42,2024,Atlantico,2024-04-08,2,2024-04-22,1.5862972,1.2245463
42,2024,Atlantico,2024-04-08,3,2024-04-29,1.7978036,1.2949408
42,2024,Atlantico,2024-04-08,4,2024-05-06,2.00931,1.28378
42,2024,Atlantico,2024-04-15,1,2024-04-22,1.5862972,1.402548
42,2024,Atlantico,2024-04-15,2,2024-04-29,1.7978036,1.2448394
42,2024,Atlantico,2024-04-15,3,2024-05-06,2.00931,1.3020681
42,2024,Atlantico,2024-04-15,4,2024-05-13,2.1150627,1.2492498
42,2024,Atlantico,2024-04-22,1,2024-04-29,1.7978036,1.3734483
42,2024,Atlantico,2024-04-22,2,2024-05-06,2.00931,1.2288275
42,2024,Atlantico,2024-04-22,3,2024-05-13,2.1150627,1.3109859
42,2024,Atlantico,2024-04-22,4,2024-05-20,1.9740586,1.26069
42,2024,Atlantico,2024-04-29,1,2024-05-06,2.00931,1.4258198
42,2024,Atlantico,2024-04-29,2,2024-05-13,2.1150627,1.3172199
42,2024,Atlantico,2024-04-29,3,2024-05-20,1.9740586,1.3937957
42,2024,Atlantico,2024-04-29,4,2024-05-27,2.5733266,1.3822027
42,2024,Atlantico,2024-05-06,1,2024-05-13,2.1150627,1.5108985
42,2024,Atlantico,2024-05-06,2,2024-05-20,1.9740586,1.4093406
42,2024,Atlantico,2024-05-06,3,2024-05-27,2.5733266,1.4957168
42,2024,Atlantico,2024-05-06,4,2024-06-03,3.0668414,1.5039464
42,2024,Atlantico,2024-05-13,1,2024-05-20,1.9740586,1.9076515
42,2024,Atlantico,2024-05-13,2,2024-05-27,2.5733266,1.9079736
42,2024,Atlantico,2024-05-13,3,2024-06-03,3.0668414,1.9677482
42,2024,Atlantico,2024-05-13,4,2024-06-10,3.1373432,2.0248435
42,2024,Atlantico,2024-05-20,1,2024-05-27,2.5733266,2.198869
42,2024,Atlantico,2024-05-20,2,2024-06-03,3.0668414,2.2443783
42,2024,Atlantico,2024-05-20,3,2024-06-10,3.1373432,2.2978523
42,2024,Atlantico,2024-05-20,4,2024-06-17,3.7718623,2.3238115
42,2024,Atlantico,2024-05-27,1,2024-06-03,3.0668414,2.3875427
42,2024,Atlantico,2024-05-27,2,2024-06-10,3.1373432,2.4721446
42,2024,Atlantico,2024-05-27,3,2024-06-17,3.7718623,2.4961333
42,2024,Atlantico,2024-05-27,4,2024-06-24,2.784833,2.5374658
42,2024,Atlantico,2024-06-03,1,2024-06-10,3.1373432,2.7835581
42,2024,Atlantico,2024-06-03,2,2024-06-17,3.7718623,2.9115396
42,2024,Atlantico,2024-06-03,3,2024-06-24,2.784833,2.9224432
42,2024,Atlantico,2024-06-03,4,2024-07-01,3.9481177,2.9694235
42,2024,Atlantico,2024-06-10,1,2024-06-17,3.7718623,3.4242392
42,2024,Atlantico,2024-06-10,2,2024-06-24,2.784833,3.6140926
42,2024,Atlantico,2024-06-10,3,2024-07-01,3.9481177,3.5705674
42,2024,Atlantico,2024-06-10,4,2024-07-08,4.0538707,3.7739294
42,2024,Atlantico,2024-06-17,1,2024-06-24,2.784833,4.0211406
42,2024,Atlantico,2024-06-17,2,2024-07-01,3.9481177,4.311877
42,2024,Atlantico,2024-06-17,3,2024-07-08,4.0538707,4.221437
42,2024,Atlantico,2024-06-17,4,2024-07-15,5.6754193,4.4918337
42,2024,Atlantico,2024-06-24,1,2024-07-01,3.9481177,4.7251344
42,2024,Atlantico,2024-06-24,2,2024-07-08,4.0538707,4.939417
42,2024,Atlantico,2024-06-24,3,2024-07-15,5.6754193,4.90847
42,2024,Atlantico,2024-06-24,4,2024-07-22,8.918516,5.1311693
42,2024,Atlantico,2024-07-01,1,2024-07-08,4.0538707,4.4631333
42,2024,Atlantico,2024-07-01,2,2024-07-15,5.6754193,4.727483
42,2024,Atlantico,2024-07-01,3,2024-07-22,8.918516,4.6096992
42,2024,Atlantico,2024-07-01,4,2024-07-29,7.332219,4.823838
42,2024,Atlantico,2024-07-08,1,2024-07-15,5.6754193,4.777815
42,2024,Atlantico,2024-07-08,2,2024-07-22,8.918516,4.9148917
42,2024,Atlantico,2024-07-08,3,2024-07-29,7.332219,4.8051677
42,2024,Atlantico,2024-07-08,4,2024-08-05,5.922176,4.8854523
42,2024,Atlantico,2024-07-15,1,2024-07-22,8.918516,4.952187
42,2024,Atlantico,2024-07-15,2,2024-07-29,7.332219,5.0546255
42,2024,Atlantico,2024-07-15,3,2024-08-05,5.922176,4.9693484
42,2024,Atlantico,2024-07-15,4,2024-08-12,6.4156914,5.005121
42,2024,Atlantico,2024-07-22,1,2024-07-29,7.332219,6.012727
42,2024,Atlantico,2024-07-22,2,2024-08-05,5.922176,6.0513034
42,2024,Atlantico,2024-07-22,3,2024-08-12,6.4156914,5.998537
42,2024,Atlantico,2024-07-22,4,2024-08-19,5.6754193,6.048673
42,2024,Atlantico,2024-07-29,1,2024-08-05,5.922176,8.66528
42,2024,Atlantico,2024-07-29,2,2024-08-12,6.4156914,8.699934
42,2024,Atlantico,2024-07-29,3,2024-08-19,5.6754193,8.653536
42,2024,Atlantico,2024-07-29,4,2024-08-26,6.4156914,8.686277
42,2024,Atlantico,2024-08-05,1,2024-08-12,6.4156914,8.667507
42,2024,Atlantico,2024-08-05,2,2024-08-19,5.6754193,8.929776
42,2024,Atlantico,2024-08-05,3,2024-08-26,6.4156914,8.797772
42,2024,Atlantico,2024-08-05,4,2024-09-02,4.512134,8.777384
42,2024,Atlantico,2024-08-12,1,2024-08-19,5.6754193,7.861381
42,2024,Atlantico,2024-08-12,2,2024-08-26,6.4156914,7.9383225
42,2024,Atlantico,2024-08-12,3,2024-09-02,4.512134,7.755573
42,2024,Atlantico,2024-08-12,4,2024-09-09,5.569666,7.657901
42,2024,Atlantico,2024-08-19,1,2024-08-26,6.4156914,7.6118045
42,2024,Atlantico,2024-08-19,2,2024-09-02,4.512134,7.571269
42,2024,Atlantico,2024-08-19,3,2024-09-09,5.569666,7.378387
42,2024,Atlantico,2024-08-19,4,2024-09-16,4.406381,7.283554
42,2024,Atlantico,2024-08-26,1,2024-09-02,4.512134,7.040193
42,2024,Atlantico,2024-08-26,2,2024-09-09,5.569666,7.0423517
42,2024,Atlantico,2024-08-26,3,2024-09-16,4.406381,6.8916516
42,2024,Atlantico,2024-08-26,4,2024-09-23,5.6401677,6.825647
42,2024,Atlantico,2024-09-02,1,2024-09-09,5.569666,7.095253
42,2024,Atlantico,2024-09-02,2,2024-09-16,4.406381,7.140857
42,2024,Atlantico,2024-09-02,3,2024-09-23,5.6401677,7.006892
42,2024,Atlantico,2024-09-02,4,2024-09-30,5.745921,7.00091
42,2024,Atlantico,2024-09-09,1,2024-09-16,4.406381,6.021398
42,2024,Atlantico,2024-09-09,2,2024-09-23,5.6401677,6.066496
42,2024,Atlantico,2024-09-09,3,2024-09-30,5.745921,6.005161
42,2024,Atlantico,2024-09-09,4,2024-10-07,5.2524066,5.9635844
42,2024,Atlantico,2024-09-16,1,2024-09-23,5.6401677,5.7824116
42,2024,Atlantico,2024-09-16,2,2024-09-30,5.745921,5.6590824
42,2024,Atlantico,2024-09-16,3,2024-10-07,5.2524066,5.665802
42,2024,Atlantico,2024-09-16,4,2024-10-14,5.005649,5.623247
42,2024,Atlantico,2024-09-23,1,2024-09-30,5.745921,5.312531
42,2024,Atlantico,2024-09-23,2,2024-10-07,5.2524066,5.2164574
42,2024,Atlantico,2024-09-23,3,2024-10-14,5.005649,5.303137
42,2024,Atlantico,2024-09-23,4,2024-10-21,6.627197,5.285958
42,2024,Atlantico,2024-09-30,1,2024-10-07,5.2524066,5.6547685
42,2024,Atlantico,2024-09-30,2,2024-10-14,5.005649,5.6319137
42,2024,Atlantico,2024-09-30,3,2024-10-21,6.627197,5.6778874
42,2024,Atlantico,2024-09-30,4,2024-10-28,6.944457,5.7125006
42,2024,Atlantico,2024-10-07,1,2024-10-14,5.005649,5.749962
42,2024,Atlantico,2024-10-07,2,2024-10-21,6.627197,5.800183
42,2024,Atlantico,2024-10-07,3,2024-10-28,6.944457,5.817392
42,2024,Atlantico,2024-10-07,4,2024-11-04,7.5437255,5.857391
42,2024,Atlantico,2024-10-14,1,2024-10-21,6.627197,5.7717676
42,2024,Atlantico,2024-10-14,2,2024-10-28,6.944457,5.8311353
42,2024,Atlantico,2024-10-14,3,2024-11-04,7.5437255,5.8137617
42,2024,Atlantico,2024-10-14,4,2024-11-11,8.918516,5.85115
42,2024,Atlantico,2024-10-21,1,2024-10-28,6.944457,5.515235
42,2024,Atlantico,2024-10-21,2,2024-11-04,7.5437255,5.5131497
42,2024,Atlantico,2024-10-21,3,2024-11-11,8.918516,5.473452
42,2024,Atlantico,2024-10-21,4,2024-11-18,8.319247,5.4577627
42,2024,Atlantico,2024-10-28,1,2024-11-04,7.5437255,6.467297
42,2024,Atlantico,2024-10-28,2,2024-11-11,8.918516,6.5108585
42,2024,Atlantico,2024-10-28,3,2024-11-18,8.319247,6.436571
42,2024,Atlantico,2024-10-28,4,2024-11-25,8.495502,6.513882
42,2024,Atlantico,2024-11-04,1,2024-11-11,8.918516,7.217102
42,2024,Atlantico,2024-11-04,2,2024-11-18,8.319247,7.4709744
42,2024,Atlantico,2024-11-04,3,2024-11-25,8.495502,7.3785286
42,2024,Atlantico,2024-11-04,4,2024-12-02,10.0818,7.4942284
42,2024,Atlantico,2024-11-11,1,2024-11-18,8.319247,7.9187274
42,2024,Atlantico,2024-11-11,2,2024-11-25,8.495502,8.120769
42,2024,Atlantico,2024-11-11,3,2024-12-02,10.0818,8.064892
42,2024,Atlantico,2024-11-11,4,2024-12-09,12.7608795,8.131015
42,2024,Atlantico,2024-11-18,1,2024-11-25,8.495502,8.944619
42,2024,Atlantico,2024-11-18,2,2024-12-02,10.0818,9.003255
42,2024,Atlantico,2024-11-18,3,2024-12-09,12.7608795,8.848169
42,2024,Atlantico,2024-11-18,4,2024-12-16,13.183892,8.907165
42,2024,Bogota d.c.,2024-01-22,1,2024-01-29,0.0,0.10982143
42,2024,Bogota d.c.,2024-01-22,2,2024-02-05,0.0,0.07984817
42,2024,Bogota d.c.,2024-01-22,3,2024-02-12,0.0,0.036693145
42,2024,Bogota d.c.,2024-01-22,4,2024-02-19,0.0,0.081897855
42,2024,Bogota d.c.,2024-01-29,1,2024-02-05,0.0,0.081997536
42,2024,Bogota d.c.,2024-01-29,2,2024-02-12,0.0,0.037066516
42,2024,Bogota d.c.,2024-01-29,3,2024-02-19,0.0,0.017156124
42,2024,Bogota d.c.,2024-01-29,4,2024-02-26,0.0,0.055906326
42,2024,Bogota d.c.,2024-02-05,1,2024-02-12,0.0,0.0194757
42,2024,Bogota d.c.,2024-02-05,2,2024-02-19,0.0,0.0
42,2024,Bogota d.c.,2024-02-05,3,2024-02-26,0.0,0.0
42,2024,Bogota d.c.,2024-02-05,4,2024-03-04,0.0,0.008216801
42,2024,Bogota d.c.,2024-02-12,1,2024-02-19,0.0,0.009911775
42,2024,Bogota d.c.,2024-02-12,2,2024-02-26,0.0,0.0
42,2024,Bogota d.c.,2024-02-12,3,2024-03-04,0.0,0.0
42,2024,Bogota d.c.,2024-02-12,4,2024-03-11,0.0,0.006999235
42,2024,Bogota d.c.,2024-02-19,1,2024-02-26,0.0,0.0
42,2024,Bogota d.c.,2024-02-19,2,2024-03-04,0.0,0.0
42,2024,Bogota d.c.,2024-02-19,3,2024-03-11,0.0,0.0
42,2024,Bogota d.c.,2024-02-19,4,2024-03-18,0.0,0.0
42,2024,Bogota d.c.,2024-02-26,1,2024-03-04,0.0,0.0
42,2024,Bogota d.c.,2024-02-26,2,2024-03-11,0.0,0.0
42,2024,Bogota d.c.,2024-02-26,3,2024-03-18,0.0,0.00043875846
42,2024,Bogota d.c.,2024-02-26,4,2024-03-25,0.0,0.0
42,2024,Bogota d.c.,2024-03-04,1,2024-03-11,0.0,0.014161414
42,2024,Bogota d.c.,2024-03-04,2,2024-03-18,0.0,0.008920147
42,2024,Bogota d.c.,2024-03-04,3,2024-03-25,0.0,0.018357571
42,2024,Bogota d.c.,2024-03-04,4,2024-04-01,0.0,0.006675792
42,2024,Bogota d.c.,2024-03-11,1,2024-03-18,0.0,0.04999719
42,2024,Bogota d.c.,2024-03-11,2,2024-03-25,0.0,0.036513966
42,2024,Bogota d.c.,2024-03-11,3,2024-04-01,0.0,0.04279994
42,2024,Bogota d.c.,2024-03-11,4,2024-04-08,0.0,0.03848313
42,2024,Bogota d.c.,2024-03-18,1,2024-03-25,0.0,0.07742571
42,2024,Bogota d.c.,2024-03-18,2,2024-04-01,0.0,0.049782928
42,2024,Bogota d.c.,2024-03-18,3,2024-04-08,0.0,0.050674293
42,2024,Bogota d.c.,2024-03-18,4,2024-04-15,0.0,0.056501485
42,2024,Bogota d.c.,2024-03-25,1,2024-04-01,0.0,0.034381114
42,2024,Bogota d.c.,2024-03-25,2,2024-04-08,0.0,0.013411481
42,2024,Bogota d.c.,2024-03-25,3,2024-04-15,0.0,0.022570878
42,2024,Bogota d.c.,2024-03-25,4,2024-04-22,0.0,0.03481335
42,2024,Bogota d.c.,2024-04-01,1,2024-04-08,0.0,0.0
42,2024,Bogota d.c.,2024-04-01,2,2024-04-15,0.0,0.0
42,2024,Bogota d.c.,2024-04-01,3,2024-04-22,0.0,0.013114203
42,2024,Bogota d.c.,2024-04-01,4,2024-04-29,0.0,0.0100785
42,2024,Bogota d.c.,2024-04-08,1,2024-04-15,0.0,0.02552811
42,2024,Bogota d.c.,2024-04-08,2,2024-04-22,0.0,0.005291267
42,2024,Bogota d.c.,2024-04-08,3,2024-04-29,0.0,0.022970026
42,2024,Bogota d.c.,2024-04-08,4,2024-05-06,0.0,0.032266602
42,2024,Bogota d.c.,2024-04-15,1,2024-04-22,0.0,0.033599257
42,2024,Bogota d.c.,2024-04-15,2,2024-04-29,0.0,0.013092718
42,2024,Bogota d.c.,2024-04-15,3,2024-05-06,0.0,0.024846224
42,2024,Bogota d.c.,2024-04-15,4,2024-05-13,0.0,0.028891811
42,2024,Bogota d.c.,2024-04-22,1,2024-04-29,0.0,0.019273289
42,2024,Bogota d.c.,2024-04-22,2,2024-05-06,0.0,0.008741783
42,2024,Bogota d.c.,2024-04-22,3,2024-05-13,0.0,0.013683612
42,2024,Bogota d.c.,2024-04-22,4,2024-05-20,0.0,0.009984576
42,2024,Bogota d.c.,2024-04-29,1,2024-05-06,0.0,0.0
42,2024,Bogota d.c.,2024-04-29,2,2024-05-13,0.0,0.0
42,2024,Bogota d.c.,2024-04-29,3,2024-05-20,0.0,0.012112977
42,2024,Bogota d.c.,2024-04-29,4,2024-05-27,0.0,0.0036059509
42,2024,Bogota d.c.,2024-05-06,1,2024-05-13,0.0,0.006585773
42,2024,Bogota d.c.,2024-05-06,2,2024-05-20,0.0,0.0
42,2024,Bogota d.c.,2024-05-06,3,2024-05-27,0.0,0.009571788
42,2024,Bogota d.c.,2024-05-06,4,2024-06-03,0.0,0.009976035
42,2024,Bogota d.c.,2024-05-13,1,2024-05-20,0.0,0.029541608
42,2024,Bogota d.c.,2024-05-13,2,2024-05-27,0.0,0.015101664
42,2024,Bogota d.c.,2024-05-13,3,2024-06-03,0.0,0.01970638
42,2024,Bogota d.c.,2024-05-13,4,2024-06-10,0.0,0.01814659
42,2024,Bogota d.c.,2024-05-20,1,2024-05-27,0.0,0.05857077
42,2024,Bogota d.c.,2024-05-20,2,2024-06-03,0.0,0.04159028
42,2024,Bogota d.c.,2024-05-20,3,2024-06-10,0.0,0.03903056
42,2024,Bogota d.c.,2024-05-20,4,2024-06-17,0.0,0.0455872
42,2024,Bogota d.c.,2024-05-27,1,2024-06-03,0.0,0.04823151
42,2024,Bogota d.c.,2024-05-27,2,2024-06-10,0.0,0.037734922
42,2024,Bogota d.c.,2024-05-27,3,2024-06-17,0.0,0.04893883
42,2024,Bogota d.c.,2024-05-27,4,2024-06-24,0.0,0.051609028
42,2024,Bogota d.c.,2024-06-03,1,2024-06-10,0.0,0.11540023
42,2024,Bogota d.c.,2024-06-03,2,2024-06-17,0.0,0.07779982
42,2024,Bogota d.c.,2024-06-03,3,2024-06-24,0.0,0.110012285
42,2024,Bogota d.c.,2024-06-03,4,2024-07-01,0.0,0.108254984
42,2024,Bogota d.c.,2024-06-10,1,2024-06-17,0.0,0.112468965
42,2024,Bogota d.c.,2024-06-10,2,2024-06-24,0.0,0.080619335
42,2024,Bogota d.c.,2024-06-10,3,2024-07-01,0.0,0.10851834
42,2024,Bogota d.c.,2024-06-10,4,2024-07-08,0.0,0.10432919
42,2024,Bogota d.c.,2024-06-17,1,2024-06-24,0.0,0.08648011
42,2024,Bogota d.c.,2024-06-17,2,2024-07-01,0.0,0.06747541
42,2024,Bogota d.c.,2024-06-17,3,2024-07-08,0.0,0.08647497
42,2024,Bogota d.c.,2024-06-17,4,2024-07-15,0.0,0.07882344
42,2024,Bogota d.c.,2024-06-24,1,2024-07-01,0.0,0.049461465
42,2024,Bogota d.c.,2024-06-24,2,2024-07-08,0.0,0.047183152
42,2024,Bogota d.c.,2024-06-24,3,2024-07-15,0.0,0.05782042
42,2024,Bogota d.c.,2024-06-24,4,2024-07-22,0.0,0.06488257
42,2024,Bogota d.c.,2024-07-01,1,2024-07-08,0.0,0.029135747
42,2024,Bogota d.c.,2024-07-01,2,2024-07-15,0.0,0.032576393
42,2024,Bogota d.c.,2024-07-01,3,2024-07-22,0.0,0.040715255
42,2024,Bogota d.c.,2024-07-01,4,2024-07-29,0.0,0.04201537
42,2024,Bogota d.c.,2024-07-08,1,2024-07-15,0.0,0.069065675
42,2024,Bogota d.c.,2024-07-08,2,2024-07-22,0.0,0.06206045
42,2024,Bogota d.c.,2024-07-08,3,2024-07-29,0.0,0.056530003
42,2024,Bogota d.c.,2024-07-08,4,2024-08-05,0.0,0.052343167
42,2024,Bogota d.c.,2024-07-15,1,2024-07-22,0.0,0.06039671
42,2024,Bogota d.c.,2024-07-15,2,2024-07-29,0.0,0.05458088
42,2024,Bogota d.c.,2024-07-15,3,2024-08-05,0.0,0.04372738
42,2024,Bogota d.c.,2024-07-15,4,2024-08-12,0.0,0.04173334
42,2024,Bogota d.c.,2024-07-22,1,2024-07-29,0.0,0.06897196
42,2024,Bogota d.c.,2024-07-22,2,2024-08-05,0.0,0.067346536
42,2024,Bogota d.c.,2024-07-22,3,2024-08-12,0.0,0.058094807
42,2024,Bogota d.c.,2024-07-22,4,2024-08-19,0.0,0.05687592
42,2024,Bogota d.c.,2024-07-29,1,2024-08-05,0.0,0.044691112
42,2024,Bogota d.c.,2024-07-29,2,2024-08-12,0.0,0.05432515
42,2024,Bogota d.c.,2024-07-29,3,2024-08-19,0.0,0.042802945
42,2024,Bogota d.c.,2024-07-29,4,2024-08-26,0.0,0.04462796
42,2024,Bogota d.c.,2024-08-05,1,2024-08-12,0.0,0.058935795
42,2024,Bogota d.c.,2024-08-05,2,2024-08-19,0.0,0.06705286
42,2024,Bogota d.c.,2024-08-05,3,2024-08-26,0.0,0.06529355
42,2024,Bogota d.c.,2024-08-05,4,2024-09-02,0.0,0.06661263
42,2024,Bogota d.c.,2024-08-12,1,2024-08-19,0.0,0.09629117
42,2024,Bogota d.c.,2024-08-12,2,2024-08-26,0.0,0.09650214
42,2024,Bogota d.c.,2024-08-12,3,2024-09-02,0.0,0.08967835
42,2024,Bogota d.c.,2024-08-12,4,2024-09-09,0.0,0.09212635
42,2024,Bogota d.c.,2024-08-19,1,2024-08-26,0.0,0.09964865
42,2024,Bogota d.c.,2024-08-19,2,2024-09-02,0.0,0.10051184
42,2024,Bogota d.c.,2024-08-19,3,2024-09-09,0.0,0.08276655
42,2024,Bogota d.c.,2024-08-19,4,2024-09-16,0.0,0.09328667
42,2024,Bogota d.c.,2024-08-26,1,2024-09-02,0.0,0.05970876
42,2024,Bogota d.c.,2024-08-26,2,2024-09-09,0.0,0.06035115
42,2024,Bogota d.c.,2024-08-26,3,2024-09-16,0.0,0.046755396
42,2024,Bogota d.c.,2024-08-26,4,2024-09-23,0.0,0.053222526
42,2024,Bogota d.c.,2024-09-02,1,2024-09-09,0.0,0.04678273
42,2024,Bogota d.c.,2024-09-02,2,2024-09-16,0.0,0.05189586
42,2024,Bogota d.c.,2024-09-02,3,2024-09-23,0.0,0.035879835
42,2024,Bogota d.c.,2024-09-02,4,2024-09-30,0.0,0.038829714
42,2024,Bogota d.c.,2024-09-09,1,2024-09-16,0.0,0.059513636
42,2024,Bogota d.c.,2024-09-09,2,2024-09-23,0.0,0.064108424
42,2024,Bogota d.c.,2024-09-09,3,2024-09-30,0.0,0.047159865
42,2024,Bogota d.c.,2024-09-09,4,2024-10-07,0.0,0.048326947
42,2024,Bogota d.c.,2024-09-16,1,2024-09-23,0.0,0.06828463
42,2024,Bogota d.c.,2024-09-16,2,2024-09-30,0.0,0.071532175
42,2024,Bogota d.c.,2024-09-16,3,2024-10-07,0.0,0.04621444
42,2024,Bogota d.c.,2024-09-16,4,2024-10-14,0.0,0.049624223
42,2024,Bogota d.c.,2024-09-23,1,2024-09-30,0.0,0.040215578
42,2024,Bogota d.c.,2024-09-23,2,2024-10-07,0.0,0.038637996
42,2024,Bogota d.c.,2024-09-23,3,2024-10-14,0.0,0.022572273
42,2024,Bogota d.c.,2024-09-23,4,2024-10-21,0.0,0.027662784
42,2024,Bogota d.c.,2024-09-30,1,2024-10-07,0.0,0.0035543803
42,2024,Bogota d.c.,2024-09-30,2,2024-10-14,0.0,0.0034609588
42,2024,Bogota d.c.,2024-09-30,3,2024-10-21,0.0,0.0
42,2024,Bogota d.c.,2024-09-30,4,2024-10-28,0.0,0.0
42,2024,Bogota d.c.,2024-10-07,1,2024-10-14,0.0,0.0
42,2024,Bogota d.c.,2024-10-07,2,2024-10-21,0.0,0.0
42,2024,Bogota d.c.,2024-10-07,3,2024-10-28,0.0,0.0
42,2024,Bogota d.c.,2024-10-07,4,2024-11-04,0.0,0.0
42,2024,Bogota d.c.,2024-10-14,1,2024-10-21,0.0,0.007967692
42,2024,Bogota d.c.,2024-10-14,2,2024-10-28,0.0,0.0
42,2024,Bogota d.c.,2024-10-14,3,2024-11-04,0.0,0.0
42,2024,Bogota d.c.,2024-10-14,4,2024-11-11,0.0,0.0
42,2024,Bogota d.c.,2024-10-21,1,2024-10-28,0.0,0.0
42,2024,Bogota d.c.,2024-10-21,2,2024-11-04,0.0,0.0
42,2024,Bogota d.c.,2024-10-21,3,2024-11-11,0.0,0.0
42,2024,Bogota d.c.,2024-10-21,4,2024-11-18,0.0,0.0
42,2024,Bogota d.c.,2024-10-28,1,2024-11-04,0.0,0.0
42,2024,Bogota d.c.,2024-10-28,2,2024-11-11,0.0,0.005349496
42,2024,Bogota d.c.,2024-10-28,3,2024-11-18,0.0,0.005804656
42,2024,Bogota d.c.,2024-10-28,4,2024-11-25,0.0,0.0
42,2024,Bogota d.c.,2024-11-04,1,2024-11-11,0.0,0.0
42,2024,Bogota d.c.,2024-11-04,2,2024-11-18,0.0,0.0
42,2024,Bogota d.c.,2024-11-04,3,2024-11-25,0.0,0.007228156
42,2024,Bogota d.c.,2024-11-04,4,2024-12-02,0.0,0.0
42,2024,Bogota d.c.,2024-11-11,1,2024-11-18,0.0,0.00038921583
42,2024,Bogota d.c.,2024-11-11,2,2024-11-25,0.0,0.008079318
42,2024,Bogota d.c.,2024-11-11,3,2024-12-02,0.0,0.023857122
42,2024,Bogota d.c.,2024-11-11,4,2024-12-09,0.0,0.011081545
42,2024,Bogota d.c.,2024-11-18,1,2024-11-25,0.0,0.0061135036
42,2024,Bogota d.c.,2024-11-18,2,2024-12-02,0.0,0.001979053
42,2024,Bogota d.c.,2024-11-18,3,2024-12-09,0.0,0.0091648055
42,2024,Bogota d.c.,2024-11-18,4,2024-12-16,0.0,0.016026927
42,2024,Bolivar,2024-01-22,1,2024-01-29,8.351364,6.5177026
42,2024,Bolivar,2024-01-22,2,2024-02-05,6.330873,6.0293264
42,2024,Bolivar,2024-01-22,3,2024-02-12,6.6451716,5.6868167
42,2024,Bolivar,2024-01-22,4,2024-02-19,6.196174,5.2909617
42,2024,Bolivar,2024-01-29,1,2024-02-05,6.330873,5.9757056
42,2024,Bolivar,2024-01-29,2,2024-02-12,6.6451716,5.5195165
42,2024,Bolivar,2024-01-29,3,2024-02-19,6.196174,5.219452
42,2024,Bolivar,2024-01-29,4,2024-02-26,5.5226765,4.8957376
42,2024,Bolivar,2024-02-05,1,2024-02-12,6.6451716,6.3565936
42,2024,Bolivar,2024-02-05,2,2024-02-19,6.196174,5.9216943
42,2024,Bolivar,2024-02-05,3,2024-02-26,5.5226765,5.6669817
42,2024,Bolivar,2024-02-05,4,2024-03-04,5.073678,5.4637322
42,2024,Bolivar,2024-02-12,1,2024-02-19,6.196174,5.2170873
42,2024,Bolivar,2024-02-12,2,2024-02-26,5.5226765,4.818554
42,2024,Bolivar,2024-02-12,3,2024-03-04,5.073678,4.6634655
42,2024,Bolivar,2024-02-12,4,2024-03-11,5.7920756,4.467299
42,2024,Bolivar,2024-02-19,1,2024-02-26,5.5226765,5.307436
42,2024,Bolivar,2024-02-19,2,2024-03-04,5.073678,4.881397
42,2024,Bolivar,2024-02-19,3,2024-03-11,5.7920756,4.7515554
42,2024,Bolivar,2024-02-19,4,2024-03-18,6.106374,4.659953
42,2024,Bolivar,2024-02-26,1,2024-03-04,5.073678,5.1704683
42,2024,Bolivar,2024-02-26,2,2024-03-11,5.7920756,4.81175
42,2024,Bolivar,2024-02-26,3,2024-03-18,6.106374,4.688373
42,2024,Bolivar,2024-02-26,4,2024-03-25,3.053187,4.5055223
42,2024,Bolivar,2024-03-04,1,2024-03-11,5.7920756,4.3069077
42,2024,Bolivar,2024-03-04,2,2024-03-18,6.106374,3.9634974
42,2024,Bolivar,2024-03-04,3,2024-03-25,3.053187,3.926022
42,2024,Bolivar,2024-03-04,4,2024-04-01,3.7266843,3.668035
42,2024,Bolivar,2024-03-11,1,2024-03-18,6.106374,3.792395
42,2024,Bolivar,2024-03-11,2,2024-03-25,3.053187,3.4715774
42,2024,Bolivar,2024-03-11,3,2024-04-01,3.7266843,3.516279
42,2024,Bolivar,2024-03-11,4,2024-04-08,3.8164837,3.271109
42,2024,Bolivar,2024-03-18,1,2024-03-25,3.053187,3.8722696
42,2024,Bolivar,2024-03-18,2,2024-04-01,3.7266843,3.5372765
42,2024,Bolivar,2024-03-18,3,2024-04-08,3.8164837,3.5725675
42,2024,Bolivar,2024-03-18,4,2024-04-15,3.4572852,3.370431
42,2024,Bolivar,2024-03-25,1,2024-04-01,3.7266843,4.484524
42,2024,Bolivar,2024-03-25,2,2024-04-08,3.8164837,4.128643
42,2024,Bolivar,2024-03-25,3,2024-04-15,3.4572852,4.1116953
42,2024,Bolivar,2024-03-25,4,2024-04-22,2.2898903,4.083353
42,2024,Bolivar,2024-04-01,1,2024-04-08,3.8164837,3.5381577
42,2024,Bolivar,2024-04-01,2,2024-04-15,3.4572852,3.3976803
42,2024,Bolivar,2024-04-01,3,2024-04-22,2.2898903,3.385382
42,2024,Bolivar,2024-04-01,4,2024-04-29,3.2327864,3.3615024
42,2024,Bolivar,2024-04-08,1,2024-04-15,3.4572852,3.878853
42,2024,Bolivar,2024-04-08,2,2024-04-22,2.2898903,3.7777557
42,2024,Bolivar,2024-04-08,3,2024-04-29,3.2327864,3.6689744
42,2024,Bolivar,2024-04-08,4,2024-05-06,4.534881,3.7808192
42,2024,Bolivar,2024-04-15,1,2024-04-22,2.2898903,3.7331843
42,2024,Bolivar,2024-04-15,2,2024-04-29,3.2327864,3.703551
42,2024,Bolivar,2024-04-15,3,2024-05-06,4.534881,3.528607
42,2024,Bolivar,2024-04-15,4,2024-05-13,3.771584,3.559555
42,2024,Bolivar,2024-04-22,1,2024-04-29,3.2327864,3.2596467
42,2024,Bolivar,2024-04-22,2,2024-05-06,4.534881,3.2387624
42,2024,Bolivar,2024-04-22,3,2024-05-13,3.771584,3.1849527
42,2024,Bolivar,2024-04-22,4,2024-05-20,5.836975,3.1667473
42,2024,Bolivar,2024-04-29,1,2024-05-06,4.534881,2.8566039
42,2024,Bolivar,2024-04-29,2,2024-05-13,3.771584,2.8625507
42,2024,Bolivar,2024-04-29,3,2024-05-20,5.836975,2.8263016
42,2024,Bolivar,2024-04-29,4,2024-05-27,6.420672,2.8863866
42,2024,Bolivar,2024-05-06,1,2024-05-13,3.771584,2.8986022
42,2024,Bolivar,2024-05-06,2,2024-05-20,5.836975,2.8501923
42,2024,Bolivar,2024-05-06,3,2024-05-27,6.420672,2.8120012
42,2024,Bolivar,2024-05-06,4,2024-06-03,6.82477,2.8831847
42,2024,Bolivar,2024-05-13,1,2024-05-20,5.836975,4.0473285
42,2024,Bolivar,2024-05-13,2,2024-05-27,6.420672,4.1231084
42,2024,Bolivar,2024-05-13,3,2024-06-03,6.82477,4.0741515
42,2024,Bolivar,2024-05-13,4,2024-06-10,6.7349715,4.346774
42,2024,Bolivar,2024-05-20,1,2024-05-27,6.420672,4.505855
42,2024,Bolivar,2024-05-20,2,2024-06-03,6.82477,4.7300673
42,2024,Bolivar,2024-05-20,3,2024-06-10,6.7349715,4.6590714
42,2024,Bolivar,2024-05-20,4,2024-06-17,6.77987,4.943409
42,2024,Bolivar,2024-05-27,1,2024-06-03,6.82477,5.98094
42,2024,Bolivar,2024-05-27,2,2024-06-10,6.7349715,6.2403793
42,2024,Bolivar,2024-05-27,3,2024-06-17,6.77987,6.1623163
42,2024,Bolivar,2024-05-27,4,2024-06-24,7.3635683,6.470805
42,2024,Bolivar,2024-06-03,1,2024-06-10,6.7349715,7.20068
42,2024,Bolivar,2024-06-03,2,2024-06-17,6.77987,7.4308267
42,2024,Bolivar,2024-06-03,3,2024-06-24,7.3635683,7.3423724
42,2024,Bolivar,2024-06-03,4,2024-07-01,7.273768,7.581366
42,2024,Bolivar,2024-06-10,1,2024-06-17,6.77987,7.739341
42,2024,Bolivar,2024-06-10,2,2024-06-24,7.3635683,7.941822
42,2024,Bolivar,2024-06-10,3,2024-07-01,7.273768,7.705197
42,2024,Bolivar,2024-06-10,4,2024-07-08,8.979962,8.125955
42,2024,Bolivar,2024-06-17,1,2024-06-24,7.3635683,7.7961764
42,2024,Bolivar,2024-06-17,2,2024-07-01,7.273768,8.049115
42,2024,Bolivar,2024-06-17,3,2024-07-08,8.979962,7.7599344
42,2024,Bolivar,2024-06-17,4,2024-07-15,9.877958,8.200261
42,2024,Bolivar,2024-06-24,1,2024-07-01,7.273768,8.180573
42,2024,Bolivar,2024-06-24,2,2024-07-08,8.979962,8.1651745
42,2024,Bolivar,2024-06-24,3,2024-07-15,9.877958,8.04738
42,2024,Bolivar,2024-06-24,4,2024-07-22,10.371857,8.303526
42,2024,Bolivar,2024-07-01,1,2024-07-08,8.979962,8.41795
42,2024,Bolivar,2024-07-01,2,2024-07-15,9.877958,8.367031
42,2024,Bolivar,2024-07-01,3,2024-07-22,10.371857,8.213767
42,2024,Bolivar,2024-07-01,4,2024-07-29,9.563659,8.5
42,2024,Bolivar,2024-07-08,1,2024-07-15,9.877958,8.005104
42,2024,Bolivar,2024-07-08,2,2024-07-22,10.371857,7.8641725
42,2024,Bolivar,2024-07-08,3,2024-07-29,9.563659,7.614209
42,2024,Bolivar,2024-07-08,4,2024-08-05,9.024862,7.5864253
42,2024,Bolivar,2024-07-15,1,2024-07-22,10.371857,8.7454815
42,2024,Bolivar,2024-07-15,2,2024-07-29,9.563659,8.505967
42,2024,Bolivar,2024-07-15,3,2024-08-05,9.024862,8.142041
42,2024,Bolivar,2024-07-15,4,2024-08-12,9.743259,8.062465
42,2024,Bolivar,2024-07-22,1,2024-07-29,9.563659,9.62091
42,2024,Bolivar,2024-07-22,2,2024-08-05,9.024862,9.388178
42,2024,Bolivar,2024-07-22,3,2024-08-12,9.743259,8.955599
42,2024,Bolivar,2024-07-22,4,2024-08-19,9.922858,8.889156
42,2024,Bolivar,2024-07-29,1,2024-08-05,9.024862,10.361402
42,2024,Bolivar,2024-07-29,2,2024-08-12,9.743259,10.057512
42,2024,Bolivar,2024-07-29,3,2024-08-19,9.922858,9.65751
42,2024,Bolivar,2024-07-29,4,2024-08-26,9.743259,9.595441
42,2024,Bolivar,2024-08-05,1,2024-08-12,9.743259,9.779986
42,2024,Bolivar,2024-08-05,2,2024-08-19,9.922858,9.631776
42,2024,Bolivar,2024-08-05,3,2024-08-26,9.743259,9.146312
42,2024,Bolivar,2024-08-05,4,2024-09-02,12.527045,9.021182
42,2024,Bolivar,2024-08-12,1,2024-08-19,9.922858,9.132091
42,2024,Bolivar,2024-08-12,2,2024-08-26,9.743259,8.853932
42,2024,Bolivar,2024-08-12,3,2024-09-02,12.527045,8.40457
42,2024,Bolivar,2024-08-12,4,2024-09-09,12.571945,8.228425
42,2024,Bolivar,2024-08-19,1,2024-08-26,9.743259,9.567395
42,2024,Bolivar,2024-08-19,2,2024-09-02,12.527045,9.148976
42,2024,Bolivar,2024-08-19,3,2024-09-09,12.571945,8.700644
42,2024,Bolivar,2024-08-19,4,2024-09-16,11.539249,8.593877
42,2024,Bolivar,2024-08-26,1,2024-09-02,12.527045,9.765113
42,2024,Bolivar,2024-08-26,2,2024-09-09,12.571945,9.453486
42,2024,Bolivar,2024-08-26,3,2024-09-16,11.539249,8.971034
42,2024,Bolivar,2024-08-26,4,2024-09-23,12.841344,8.832326
42,2024,Bolivar,2024-09-02,1,2024-09-09,12.571945,9.479121
42,2024,Bolivar,2024-09-02,2,2024-09-16,11.539249,9.217517
42,2024,Bolivar,2024-09-02,3,2024-09-23,12.841344,8.824469
42,2024,Bolivar,2024-09-02,4,2024-09-30,11.94335,8.80421
42,2024,Bolivar,2024-09-09,1,2024-09-16,11.539249,11.251056
42,2024,Bolivar,2024-09-09,2,2024-09-23,12.841344,10.980079
42,2024,Bolivar,2024-09-09,3,2024-09-30,11.94335,10.610104
42,2024,Bolivar,2024-09-09,4,2024-10-07,13.245444,10.503283
42,2024,Bolivar,2024-09-16,1,2024-09-23,12.841344,12.25947
42,2024,Bolivar,2024-09-16,2,2024-09-30,11.94335,11.865355
42,2024,Bolivar,2024-09-16,3,2024-10-07,13.245444,11.545777
42,2024,Bolivar,2024-09-16,4,2024-10-14,15.445536,11.441241
42,2024,Bolivar,2024-09-23,1,2024-09-30,11.94335,12.556118
42,2024,Bolivar,2024-09-23,2,2024-10-07,13.245444,12.106471
42,2024,Bolivar,2024-09-23,3,2024-10-14,15.445536,11.877983
42,2024,Bolivar,2024-09-23,4,2024-10-21,20.070213,11.712232
42,2024,Bolivar,2024-09-30,1,2024-10-07,13.245444,13.095373
42,2024,Bolivar,2024-09-30,2,2024-10-14,15.445536,12.755087
42,2024,Bolivar,2024-09-30,3,2024-10-21,20.070213,12.397016
42,2024,Bolivar,2024-09-30,4,2024-10-28,13.245444,12.165506
42,2024,Bolivar,2024-10-07,1,2024-10-14,15.445536,12.50311
42,2024,Bolivar,2024-10-07,2,2024-10-21,20.070213,12.185378
42,2024,Bolivar,2024-10-07,3,2024-10-28,13.245444,11.758581
42,2024,Bolivar,2024-10-07,4,2024-11-04,17.241526,11.72447
42,2024,Bolivar,2024-10-14,1,2024-10-21,20.070213,13.7590275
42,2024,Bolivar,2024-10-14,2,2024-10-28,13.245444,13.334216
42,2024,Bolivar,2024-10-14,3,2024-11-04,17.241526,12.831869
42,2024,Bolivar,2024-10-14,4,2024-11-11,17.466026,12.712101
42,2024,Bolivar,2024-10-21,1,2024-10-28,13.245444,15.678422
42,2024,Bolivar,2024-10-21,2,2024-11-04,17.241526,15.369884
42,2024,Bolivar,2024-10-21,3,2024-11-11,17.466026,14.759084
42,2024,Bolivar,2024-10-21,4,2024-11-18,19.172218,14.487672
42,2024,Bolivar,2024-10-28,1,2024-11-04,17.241526,20.154142
42,2024,Bolivar,2024-10-28,2,2024-11-11,17.466026,20.196556
42,2024,Bolivar,2024-10-28,3,2024-11-18,19.172218,19.447365
42,2024,Bolivar,2024-10-28,4,2024-11-25,16.43333,19.112656
42,2024,Bolivar,2024-11-04,1,2024-11-11,17.466026,15.886725
42,2024,Bolivar,2024-11-04,2,2024-11-18,19.172218,15.423433
42,2024,Bolivar,2024-11-04,3,2024-11-25,16.43333,15.037091
42,2024,Bolivar,2024-11-04,4,2024-12-02,19.217115,14.714717
42,2024,Bolivar,2024-11-11,1,2024-11-18,19.172218,17.403734
42,2024,Bolivar,2024-11-11,2,2024-11-25,16.43333,16.857697
42,2024,Bolivar,2024-11-11,3,2024-12-02,19.217115,16.149038
42,2024,Bolivar,2024-11-11,4,2024-12-09,21.596806,15.566717
42,2024,Bolivar,2024-11-18,1,2024-11-25,16.43333,17.637815
42,2024,Bolivar,2024-11-18,2,2024-12-02,19.217115,17.473913
42,2024,Bolivar,2024-11-18,3,2024-12-09,21.596806,16.511211
42,2024,Bolivar,2024-11-18,4,2024-12-16,25.503088,15.920344
42,2024,Boyaca,2024-01-22,1,2024-01-29,0.77928656,0.755044
42,2024,Boyaca,2024-01-22,2,2024-02-05,0.38964328,0.73158395
42,2024,Boyaca,2024-01-22,3,2024-02-12,1.2468585,0.730835
42,2024,Boyaca,2024-01-22,4,2024-02-19,0.70135796,0.76622564
42,2024,Boyaca,2024-01-29,1,2024-02-05,0.38964328,0.7946351
42,2024,Boyaca,2024-01-29,2,2024-02-12,1.2468585,0.78459054
42,2024,Boyaca,2024-01-29,3,2024-02-19,0.70135796,0.788445
42,2024,Boyaca,2024-01-29,4,2024-02-26,0.8572152,0.82520664
42,2024,Boyaca,2024-02-05,1,2024-02-12,1.2468585,0.77484167
42,2024,Boyaca,2024-02-05,2,2024-02-19,0.70135796,0.7741121
42,2024,Boyaca,2024-02-05,3,2024-02-26,0.8572152,0.78067416
42,2024,Boyaca,2024-02-05,4,2024-03-04,1.0130725,0.81447995
42,2024,Boyaca,2024-02-12,1,2024-02-19,0.70135796,0.69429636
42,2024,Boyaca,2024-02-12,2,2024-02-26,0.8572152,0.71037835
42,2024,Boyaca,2024-02-12,3,2024-03-04,1.0130725,0.687689
42,2024,Boyaca,2024-02-12,4,2024-03-11,3.2730036,0.72826046
42,2024,Boyaca,2024-02-19,1,2024-02-26,0.8572152,0.8603618
42,2024,Boyaca,2024-02-19,2,2024-03-04,1.0130725,0.8759516
42,2024,Boyaca,2024-02-19,3,2024-03-11,3.2730036,0.84844816
42,2024,Boyaca,2024-02-19,4,2024-03-18,3.3509321,0.9091923
42,2024,Boyaca,2024-02-26,1,2024-03-04,1.0130725,1.0348202
42,2024,Boyaca,2024-02-26,2,2024-03-11,3.2730036,1.0149735
42,2024,Boyaca,2024-02-26,3,2024-03-18,3.3509321,1.0034904
42,2024,Boyaca,2024-02-26,4,2024-03-25,2.727503,1.0658083
42,2024,Boyaca,2024-03-04,1,2024-03-11,3.2730036,1.0452607
42,2024,Boyaca,2024-03-04,2,2024-03-18,3.3509321,1.0173702
42,2024,Boyaca,2024-03-04,3,2024-03-25,2.727503,1.0458734
42,2024,Boyaca,2024-03-04,4,2024-04-01,3.195075,1.0904579
42,2024,Boyaca,2024-03-11,1,2024-03-18,3.3509321,1.0508271
42,2024,Boyaca,2024-03-11,2,2024-03-25,2.727503,1.025723
42,2024,Boyaca,2024-03-11,3,2024-04-01,3.195075,1.0899097
42,2024,Boyaca,2024-03-11,4,2024-04-08,2.727503,1.1209875
42,2024,Boyaca,2024-03-18,1,2024-03-25,2.727503,1.6489697
42,2024,Boyaca,2024-03-18,2,2024-04-01,3.195075,1.6833966
42,2024,Boyaca,2024-03-18,3,2024-04-08,2.727503,1.7946386
42,2024,Boyaca,2024-03-18,4,2024-04-15,3.662647,1.8189468
42,2024,Boyaca,2024-03-25,1,2024-04-01,3.195075,2.554499
42,2024,Boyaca,2024-03-25,2,2024-04-08,2.727503,2.6019464
42,2024,Boyaca,2024-03-25,3,2024-04-15,3.662647,2.7345743
42,2024,Boyaca,2024-03-25,4,2024-04-22,4.05229,2.7584724
42,2024,Boyaca,2024-04-01,1,2024-04-08,2.727503,3.1310518
42,2024,Boyaca,2024-04-01,2,2024-04-15,3.662647,3.2487142
42,2024,Boyaca,2024-04-01,3,2024-04-22,4.05229,3.3693557
42,2024,Boyaca,2024-04-01,4,2024-04-29,3.4288607,3.4800172
42,2024,Boyaca,2024-04-08,1,2024-04-15,3.662647,3.8240807
42,2024,Boyaca,2024-04-08,2,2024-04-22,4.05229,3.9048219
42,2024,Boyaca,2024-04-08,3,2024-04-29,3.4288607,3.9831996
42,2024,Boyaca,2024-04-08,4,2024-05-06,4.2860765,4.096611
42,2024,Boyaca,2024-04-15,1,2024-04-22,4.05229,3.780731
42,2024,Boyaca,2024-04-15,2,2024-04-29,3.4288607,3.8281212
42,2024,Boyaca,2024-04-15,3,2024-05-06,4.2860765,3.9146442
42,2024,Boyaca,2024-04-15,4,2024-05-13,5.1432915,4.030551
42,2024,Boyaca,2024-04-22,1,2024-04-29,3.4288607,3.9854052
42,2024,Boyaca,2024-04-22,2,2024-05-06,4.2860765,3.9699185
42,2024,Boyaca,2024-04-22,3,2024-05-13,5.1432915,4.096826
42,2024,Boyaca,2024-04-22,4,2024-05-20,5.532934,4.174446
42,2024,Boyaca,2024-04-29,1,2024-05-06,4.2860765,3.8821099
42,2024,Boyaca,2024-04-29,2,2024-05-13,5.1432915,3.915969
42,2024,Boyaca,2024-04-29,3,2024-05-20,5.532934,4.10207
42,2024,Boyaca,2024-04-29,4,2024-05-27,7.325293,4.2532835
42,2024,Boyaca,2024-05-06,1,2024-05-13,5.1432915,3.9373791
42,2024,Boyaca,2024-05-06,2,2024-05-20,5.532934,3.9205074
42,2024,Boyaca,2024-05-06,3,2024-05-27,7.325293,4.0706286
42,2024,Boyaca,2024-05-06,4,2024-06-03,7.0135784,4.1753073
42,2024,Boyaca,2024-05-13,1,2024-05-20,5.532934,4.5027666
42,2024,Boyaca,2024-05-13,2,2024-05-27,7.325293,4.3765783
42,2024,Boyaca,2024-05-13,3,2024-06-03,7.0135784,4.4949555
42,2024,Boyaca,2024-05-13,4,2024-06-10,4.831577,4.6288223
42,2024,Boyaca,2024-05-20,1,2024-05-27,7.325293,5.1934905
42,2024,Boyaca,2024-05-20,2,2024-06-03,7.0135784,5.0508933
42,2024,Boyaca,2024-05-20,3,2024-06-10,4.831577,5.114958
42,2024,Boyaca,2024-05-20,4,2024-06-17,3.9743617,5.183118
42,2024,Boyaca,2024-05-27,1,2024-06-03,7.0135784,5.7981906
42,2024,Boyaca,2024-05-27,2,2024-06-10,4.831577,5.572743
42,2024,Boyaca,2024-05-27,3,2024-06-17,3.9743617,5.7396135
42,2024,Boyaca,2024-05-27,4,2024-06-24,4.1302185,5.786571
42,2024,Boyaca,2024-06-03,1,2024-06-10,4.831577,6.9754066
42,2024,Boyaca,2024-06-03,2,2024-06-17,3.9743617,6.632425
42,2024,Boyaca,2024-06-03,3,2024-06-24,4.1302185,6.777294
42,2024,Boyaca,2024-06-03,4,2024-07-01,4.597791,6.785407
42,2024,Boyaca,2024-06-10,1,2024-06-17,3.9743617,6.982563
42,2024,Boyaca,2024-06-10,2,2024-06-24,4.1302185,6.6384506
42,2024,Boyaca,2024-06-10,3,2024-07-01,4.597791,6.6577845
42,2024,Boyaca,2024-06-10,4,2024-07-08,2.9612892,6.5816407
42,2024,Boyaca,2024-06-17,1,2024-06-24,4.1302185,5.4920735
42,2024,Boyaca,2024-06-17,2,2024-07-01,4.597791,5.2921195
42,2024,Boyaca,2024-06-17,3,2024-07-08,2.9612892,5.291352
42,2024,Boyaca,2024-06-17,4,2024-07-15,3.4288607,5.2071624
42,2024,Boyaca,2024-06-24,1,2024-07-01,4.597791,4.771967
42,2024,Boyaca,2024-06-24,2,2024-07-08,2.9612892,4.493003
42,2024,Boyaca,2024-06-24,3,2024-07-15,3.4288607,4.3964834
42,2024,Boyaca,2024-06-24,4,2024-07-22,2.8833601,4.2732368
42,2024,Boyaca,2024-07-01,1,2024-07-08,2.9612892,4.188651
42,2024,Boyaca,2024-07-01,2,2024-07-15,3.4288607,3.8927178
42,2024,Boyaca,2024-07-01,3,2024-07-22,2.8833601,3.863114
42,2024,Boyaca,2024-07-01,4,2024-07-29,3.5067897,3.7555022
42,2024,Boyaca,2024-07-08,1,2024-07-15,3.4288607,4.1536665
42,2024,Boyaca,2024-07-08,2,2024-07-22,2.8833601,3.7929213
42,2024,Boyaca,2024-07-08,3,2024-07-29,3.5067897,3.7886398
42,2024,Boyaca,2024-07-08,4,2024-08-05,3.8964329,3.6134555
42,2024,Boyaca,2024-07-15,1,2024-07-22,2.8833601,3.2664464
42,2024,Boyaca,2024-07-15,2,2024-07-29,3.5067897,2.948544
42,2024,Boyaca,2024-07-15,3,2024-08-05,3.8964329,2.971865
42,2024,Boyaca,2024-07-15,4,2024-08-12,3.5847185,2.8012025
42,2024,Boyaca,2024-07-22,1,2024-07-29,3.5067897,2.9711032
42,2024,Boyaca,2024-07-22,2,2024-08-05,3.8964329,2.6549442
42,2024,Boyaca,2024-07-22,3,2024-08-12,3.5847185,2.6863241
42,2024,Boyaca,2024-07-22,4,2024-08-19,2.8833601,2.5053189
42,2024,Boyaca,2024-07-29,1,2024-08-05,3.8964329,2.579529
42,2024,Boyaca,2024-07-29,2,2024-08-12,3.5847185,2.3129425
42,2024,Boyaca,2024-07-29,3,2024-08-19,2.8833601,2.330392
42,2024,Boyaca,2024-07-29,4,2024-08-26,1.8702877,2.2053778
42,2024,Boyaca,2024-08-05,1,2024-08-12,3.5847185,2.6664233
42,2024,Boyaca,2024-08-05,2,2024-08-19,2.8833601,2.461376
42,2024,Boyaca,2024-08-05,3,2024-08-26,1.8702877,2.4176555
42,2024,Boyaca,2024-08-05,4,2024-09-02,1.7144303,2.31191
42,2024,Boyaca,2024-08-12,1,2024-08-19,2.8833601,3.039813
42,2024,Boyaca,2024-08-12,2,2024-08-26,1.8702877,2.8516834
42,2024,Boyaca,2024-08-12,3,2024-09-02,1.7144303,2.8036318
42,2024,Boyaca,2024-08-12,4,2024-09-09,2.727503,2.7285886
42,2024,Boyaca,2024-08-19,1,2024-08-26,1.8702877,3.131351
42,2024,Boyaca,2024-08-19,2,2024-09-02,1.7144303,2.940889
42,2024,Boyaca,2024-08-19,3,2024-09-09,2.727503,2.8995404
42,2024,Boyaca,2024-08-19,4,2024-09-16,2.4157884,2.7786875
42,2024,Boyaca,2024-08-26,1,2024-09-02,1.7144303,2.888127
42,2024,Boyaca,2024-08-26,2,2024-09-09,2.727503,2.7097702
42,2024,Boyaca,2024-08-26,3,2024-09-16,2.4157884,2.7016432
42,2024,Boyaca,2024-08-26,4,2024-09-23,2.6495743,2.6123602
42,2024,Boyaca,2024-09-02,1,2024-09-09,2.727503,2.477142
42,2024,Boyaca,2024-09-02,2,2024-09-16,2.4157884,2.351517
42,2024,Boyaca,2024-09-02,3,2024-09-23,2.6495743,2.3082771
42,2024,Boyaca,2024-09-02,4,2024-09-30,3.1171465,2.2463293
42,2024,Boyaca,2024-09-09,1,2024-09-16,2.4157884,2.1222994
42,2024,Boyaca,2024-09-09,2,2024-09-23,2.6495743,2.0580146
42,2024,Boyaca,2024-09-09,3,2024-09-30,3.1171465,2.023777
42,2024,Boyaca,2024-09-09,4,2024-10-07,1.4027158,1.9928646
42,2024,Boyaca,2024-09-16,1,2024-09-23,2.6495743,2.3368242
42,2024,Boyaca,2024-09-16,2,2024-09-30,3.1171465,2.2937331
42,2024,Boyaca,2024-09-16,3,2024-10-07,1.4027158,2.258932
42,2024,Boyaca,2024-09-16,4,2024-10-14,2.1820023,2.2765248
42,2024,Boyaca,2024-09-23,1,2024-09-30,3.1171465,2.3290477
42,2024,Boyaca,2024-09-23,2,2024-10-07,1.4027158,2.2818918
42,2024,Boyaca,2024-09-23,3,2024-10-14,2.1820023,2.297198
42,2024,Boyaca,2024-09-23,4,2024-10-21,1.7923592,2.3109665
42,2024,Boyaca,2024-09-30,1,2024-10-07,1.4027158,2.3265433
42,2024,Boyaca,2024-09-30,2,2024-10-14,2.1820023,2.3294566
42,2024,Boyaca,2024-09-30,3,2024-10-21,1.7923592,2.3938487
42,2024,Boyaca,2024-09-30,4,2024-10-28,2.1820023,2.3957355
42,2024,Boyaca,2024-10-07,1,2024-10-14,2.1820023,2.4482925
42,2024,Boyaca,2024-10-07,2,2024-10-21,1.7923592,2.5098042
42,2024,Boyaca,2024-10-07,3,2024-10-28,2.1820023,2.621414
42,2024,Boyaca,2024-10-07,4,2024-11-04,1.7923592,2.652479
42,2024,Boyaca,2024-10-14,1,2024-10-21,1.7923592,2.1188302
42,2024,Boyaca,2024-10-14,2,2024-10-28,2.1820023,2.1932063
42,2024,Boyaca,2024-10-14,3,2024-11-04,1.7923592,2.2642932
42,2024,Boyaca,2024-10-14,4,2024-11-11,1.5585731,2.2623324
42,2024,Boyaca,2024-10-21,1,2024-10-28,2.1820023,2.058788
42,2024,Boyaca,2024-10-21,2,2024-11-04,1.7923592,2.1713693
42,2024,Boyaca,2024-10-21,3,2024-11-11,1.5585731,2.2013268
42,2024,Boyaca,2024-10-21,4,2024-11-18,1.3247871,2.2641382
42,2024,Boyaca,2024-10-28,1,2024-11-04,1.7923592,2.037187
42,2024,Boyaca,2024-10-28,2,2024-11-11,1.5585731,2.1907196
42,2024,Boyaca,2024-10-28,3,2024-11-18,1.3247871,2.201161
42,2024,Boyaca,2024-10-28,4,2024-11-25,1.4806445,2.3118198
42,2024,Boyaca,2024-11-04,1,2024-11-11,1.5585731,2.0352433
42,2024,Boyaca,2024-11-04,2,2024-11-18,1.3247871,2.1684914
42,2024,Boyaca,2024-11-04,3,2024-11-25,1.4806445,2.225977
42,2024,Boyaca,2024-11-04,4,2024-12-02,1.2468585,2.3137107
42,2024,Boyaca,2024-11-11,1,2024-11-18,1.3247871,1.95494
42,2024,Boyaca,2024-11-11,2,2024-11-25,1.4806445,2.077298
42,2024,Boyaca,2024-11-11,3,2024-12-02,1.2468585,2.1269538
42,2024,Boyaca,2024-11-11,4,2024-12-09,1.3247871,2.1962404
42,2024,Boyaca,2024-11-18,1,2024-11-25,1.4806445,1.8472285
42,2024,Boyaca,2024-11-18,2,2024-12-02,1.2468585,1.9524494
42,2024,Boyaca,2024-11-18,3,2024-12-09,1.3247871,1.9740791
42,2024,Boyaca,2024-11-18,4,2024-12-16,2.259931,2.0344067
42,2024,Caldas,2024-01-22,1,2024-01-29,1.3331734,1.6409011
42,2024,Caldas,2024-01-22,2,2024-02-05,1.6188533,1.6139655
42,2024,Caldas,2024-01-22,3,2024-02-12,1.4284,1.6377745
42,2024,Caldas,2024-01-22,4,2024-02-19,1.2379467,1.6746664
42,2024,Caldas,2024-01-29,1,2024-02-05,1.6188533,1.8332725
42,2024,Caldas,2024-01-29,2,2024-02-12,1.4284,1.8182302
42,2024,Caldas,2024-01-29,3,2024-02-19,1.2379467,1.8794538
42,2024,Caldas,2024-01-29,4,2024-02-26,1.9045334,1.9086753
42,2024,Caldas,2024-02-05,1,2024-02-12,1.4284,1.8882583
42,2024,Caldas,2024-02-05,2,2024-02-19,1.2379467,1.885613
42,2024,Caldas,2024-02-05,3,2024-02-26,1.9045334,1.9119039
42,2024,Caldas,2024-02-05,4,2024-03-04,0.9522667,1.9376659
42,2024,Caldas,2024-02-12,1,2024-02-19,1.2379467,1.8750654
42,2024,Caldas,2024-02-12,2,2024-02-26,1.9045334,1.9029957
42,2024,Caldas,2024-02-12,3,2024-03-04,0.9522667,1.8954914
42,2024,Caldas,2024-02-12,4,2024-03-11,1.5236267,1.9480435
42,2024,Caldas,2024-02-19,1,2024-02-26,1.9045334,2.0012946
42,2024,Caldas,2024-02-19,2,2024-03-04,0.9522667,2.0351307
42,2024,Caldas,2024-02-19,3,2024-03-11,1.5236267,2.0394692
42,2024,Caldas,2024-02-19,4,2024-03-18,4.7613335,2.10964
42,2024,Caldas,2024-02-26,1,2024-03-04,0.9522667,2.0816216
42,2024,Caldas,2024-02-26,2,2024-03-11,1.5236267,2.0554664
42,2024,Caldas,2024-02-26,3,2024-03-18,4.7613335,2.048666
42,2024,Caldas,2024-02-26,4,2024-03-25,3.4281602,2.1503637
42,2024,Caldas,2024-03-04,1,2024-03-11,1.5236267,2.0747433
42,2024,Caldas,2024-03-04,2,2024-03-18,4.7613335,2.0088992
42,2024,Caldas,2024-03-04,3,2024-03-25,3.4281602,2.1166637
42,2024,Caldas,2024-03-04,4,2024-04-01,5.14224,2.1528952
42,2024,Caldas,2024-03-11,1,2024-03-18,4.7613335,1.7793701
42,2024,Caldas,2024-03-11,2,2024-03-25,3.4281602,1.6796504
42,2024,Caldas,2024-03-11,3,2024-04-01,5.14224,1.8146482
42,2024,Caldas,2024-03-11,4,2024-04-08,6.28496,1.8425373
42,2024,Caldas,2024-03-18,1,2024-03-25,3.4281602,1.697087
42,2024,Caldas,2024-03-18,2,2024-04-01,5.14224,1.6359683
42,2024,Caldas,2024-03-18,3,2024-04-08,6.28496,1.7578013
42,2024,Caldas,2024-03-18,4,2024-04-15,7.5229063,1.778214
42,2024,Caldas,2024-03-25,1,2024-04-01,5.14224,3.0912383
42,2024,Caldas,2024-03-25,2,2024-04-08,6.28496,3.113443
42,2024,Caldas,2024-03-25,3,2024-04-15,7.5229063,3.28689
42,2024,Caldas,2024-03-25,4,2024-04-22,6.28496,3.3262339
42,2024,Caldas,2024-04-01,1,2024-04-08,6.28496,3.6678126
42,2024,Caldas,2024-04-01,2,2024-04-15,7.5229063,3.76977
42,2024,Caldas,2024-04-01,3,2024-04-22,6.28496,4.0131016
42,2024,Caldas,2024-04-01,4,2024-04-29,5.7136,4.116688
42,2024,Caldas,2024-04-08,1,2024-04-15,7.5229063,5.4143286
42,2024,Caldas,2024-04-08,2,2024-04-22,6.28496,5.450599
42,2024,Caldas,2024-04-08,3,2024-04-29,5.7136,5.664396
42,2024,Caldas,2024-04-08,4,2024-05-06,8.284719,5.7385516
42,2024,Caldas,2024-04-15,1,2024-04-22,6.28496,7.3725863
42,2024,Caldas,2024-04-15,2,2024-04-29,5.7136,7.3781314
42,2024,Caldas,2024-04-15,3,2024-05-06,8.284719,7.5947037
42,2024,Caldas,2024-04-15,4,2024-05-13,7.046773,7.6774793
42,2024,Caldas,2024-04-22,1,2024-04-29,5.7136,8.580718
42,2024,Caldas,2024-04-22,2,2024-05-06,8.284719,8.621193
42,2024,Caldas,2024-04-22,3,2024-05-13,7.046773,8.957203
42,2024,Caldas,2024-04-22,4,2024-05-20,5.904053,8.963389
42,2024,Caldas,2024-04-29,1,2024-05-06,8.284719,7.6442695
42,2024,Caldas,2024-04-29,2,2024-05-13,7.046773,7.696256
42,2024,Caldas,2024-04-29,3,2024-05-20,5.904053,7.9616623
42,2024,Caldas,2024-04-29,4,2024-05-27,4.6661067,8.187943
42,2024,Caldas,2024-05-06,1,2024-05-13,7.046773,7.2576714
42,2024,Caldas,2024-05-06,2,2024-05-20,5.904053,7.1986837
42,2024,Caldas,2024-05-06,3,2024-05-27,4.6661067,7.412691
42,2024,Caldas,2024-05-06,4,2024-06-03,6.5706406,7.524128
42,2024,Caldas,2024-05-13,1,2024-05-20,5.904053,9.131663
42,2024,Caldas,2024-05-13,2,2024-05-27,4.6661067,8.716968
42,2024,Caldas,2024-05-13,3,2024-06-03,6.5706406,8.896893
42,2024,Caldas,2024-05-13,4,2024-06-10,5.237467,8.923706
42,2024,Caldas,2024-05-20,1,2024-05-27,4.6661067,8.586604
42,2024,Caldas,2024-05-20,2,2024-06-03,6.5706406,8.206855
42,2024,Caldas,2024-05-20,3,2024-06-10,5.237467,8.326857
42,2024,Caldas,2024-05-20,4,2024-06-17,5.6183734,8.3291025
42,2024,Caldas,2024-05-27,1,2024-06-03,6.5706406,7.840869
42,2024,Caldas,2024-05-27,2,2024-06-10,5.237467,7.543913
42,2024,Caldas,2024-05-27,3,2024-06-17,5.6183734,7.7873034
42,2024,Caldas,2024-05-27,4,2024-06-24,5.7136,7.752029
42,2024,Caldas,2024-06-03,1,2024-06-10,5.237467,6.472715
42,2024,Caldas,2024-06-03,2,2024-06-17,5.6183734,6.0513
42,2024,Caldas,2024-06-03,3,2024-06-24,5.7136,6.20148
42,2024,Caldas,2024-06-03,4,2024-07-01,5.42792,6.013318
42,2024,Caldas,2024-06-10,1,2024-06-17,5.6183734,6.2127256
42,2024,Caldas,2024-06-10,2,2024-06-24,5.7136,5.800157
42,2024,Caldas,2024-06-10,3,2024-07-01,5.42792,5.739952
42,2024,Caldas,2024-06-10,4,2024-07-08,6.5706406,5.6330853
42,2024,Caldas,2024-06-17,1,2024-06-24,5.7136,5.5696173
42,2024,Caldas,2024-06-17,2,2024-07-01,5.42792,5.3356657
42,2024,Caldas,2024-06-17,3,2024-07-08,6.5706406,5.2787547
42,2024,Caldas,2024-06-17,4,2024-07-15,6.1897335,5.238167
42,2024,Caldas,2024-06-24,1,2024-07-01,5.42792,5.7449746
42,2024,Caldas,2024-06-24,2,2024-07-08,6.5706406,5.401329
42,2024,Caldas,2024-06-24,3,2024-07-15,6.1897335,5.330136
42,2024,Caldas,2024-06-24,4,2024-07-22,5.523147,5.2683077
42,2024,Caldas,2024-07-01,1,2024-07-08,6.5706406,5.610343
42,2024,Caldas,2024-07-01,2,2024-07-15,6.1897335,5.2954297
42,2024,Caldas,2024-07-01,3,2024-07-22,5.523147,5.234714
42,2024,Caldas,2024-07-01,4,2024-07-29,9.141761,5.2030363
42,2024,Caldas,2024-07-08,1,2024-07-15,6.1897335,5.5104895
42,2024,Caldas,2024-07-08,2,2024-07-22,5.523147,5.152874
42,2024,Caldas,2024-07-08,3,2024-07-29,9.141761,5.105621
42,2024,Caldas,2024-07-08,4,2024-08-05,5.7136,4.9310293
42,2024,Caldas,2024-07-15,1,2024-07-22,5.523147,5.730701
42,2024,Caldas,2024-07-15,2,2024-07-29,9.141761,5.325558
42,2024,Caldas,2024-07-15,3,2024-08-05,5.7136,5.34314
42,2024,Caldas,2024-07-15,4,2024-08-12,6.28496,5.092175
42,2024,Caldas,2024-07-22,1,2024-07-29,9.141761,5.8562326
42,2024,Caldas,2024-07-22,2,2024-08-05,5.7136,5.499257
42,2024,Caldas,2024-07-22,3,2024-08-12,6.28496,5.5513473
42,2024,Caldas,2024-07-22,4,2024-08-19,6.761094,5.2726216
42,2024,Caldas,2024-07-29,1,2024-08-05,5.7136,5.3819537
42,2024,Caldas,2024-07-29,2,2024-08-12,6.28496,4.925456
42,2024,Caldas,2024-07-29,3,2024-08-19,6.761094,5.0250344
42,2024,Caldas,2024-07-29,4,2024-08-26,8.760854,4.815597
42,2024,Caldas,2024-08-05,1,2024-08-12,6.28496,7.30765
42,2024,Caldas,2024-08-05,2,2024-08-19,6.761094,6.9382944
42,2024,Caldas,2024-08-05,3,2024-08-26,8.760854,6.9050784
42,2024,Caldas,2024-08-05,4,2024-09-02,6.856321,6.791522
42,2024,Caldas,2024-08-12,1,2024-08-19,6.761094,6.339287
42,2024,Caldas,2024-08-12,2,2024-08-26,8.760854,6.1409264
42,2024,Caldas,2024-08-12,3,2024-09-02,6.856321,6.153567
42,2024,Caldas,2024-08-12,4,2024-09-09,6.856321,5.920428
42,2024,Caldas,2024-08-19,1,2024-08-26,8.760854,6.444836
42,2024,Caldas,2024-08-19,2,2024-09-02,6.856321,6.099918
42,2024,Caldas,2024-08-19,3,2024-09-09,6.856321,6.0618715
42,2024,Caldas,2024-08-19,4,2024-09-16,6.951546,5.7141533
42,2024,Caldas,2024-08-26,1,2024-09-02,6.856321,6.770983
42,2024,Caldas,2024-08-26,2,2024-09-09,6.856321,6.4562583
42,2024,Caldas,2024-08-26,3,2024-09-16,6.951546,6.392885
42,2024,Caldas,2024-08-26,4,2024-09-23,3.8090665,6.2693243
42,2024,Caldas,2024-09-02,1,2024-09-09,6.856321,7.714903
42,2024,Caldas,2024-09-02,2,2024-09-16,6.951546,7.307091
42,2024,Caldas,2024-09-02,3,2024-09-23,3.8090665,7.407013
42,2024,Caldas,2024-09-02,4,2024-09-30,5.0470133,7.328027
42,2024,Caldas,2024-09-09,1,2024-09-16,6.951546,7.264232
42,2024,Caldas,2024-09-09,2,2024-09-23,3.8090665,6.9966593
42,2024,Caldas,2024-09-09,3,2024-09-30,5.0470133,7.164966
42,2024,Caldas,2024-09-09,4,2024-10-07,3.9042933,7.0227757
42,2024,Caldas,2024-09-16,1,2024-09-23,3.8090665,7.054266
42,2024,Caldas,2024-09-16,2,2024-09-30,5.0470133,6.7392035
42,2024,Caldas,2024-09-16,3,2024-10-07,3.9042933,6.9043226
42,2024,Caldas,2024-09-16,4,2024-10-14,4.4756536,6.7435017
42,2024,Caldas,2024-09-23,1,2024-09-30,5.0470133,7.2283278
42,2024,Caldas,2024-09-23,2,2024-10-07,3.9042933,6.853622
42,2024,Caldas,2024-09-23,3,2024-10-14,4.4756536,6.9602184
42,2024,Caldas,2024-09-23,4,2024-10-21,5.14224,6.877838
42,2024,Caldas,2024-09-30,1,2024-10-07,3.9042933,5.3269167
42,2024,Caldas,2024-09-30,2,2024-10-14,4.4756536,5.0928397
42,2024,Caldas,2024-09-30,3,2024-10-21,5.14224,5.3104153
42,2024,Caldas,2024-09-30,4,2024-10-28,2.4758933,5.1925063
42,2024,Caldas,2024-10-07,1,2024-10-14,4.4756536,5.280885
42,2024,Caldas,2024-10-07,2,2024-10-21,5.14224,5.140526
42,2024,Caldas,2024-10-07,3,2024-10-28,2.4758933,5.378536
42,2024,Caldas,2024-10-07,4,2024-11-04,1.8093069,5.286152
42,2024,Caldas,2024-10-14,1,2024-10-21,5.14224,4.9187346
42,2024,Caldas,2024-10-14,2,2024-10-28,2.4758933,4.7878833
42,2024,Caldas,2024-10-14,3,2024-11-04,1.8093069,4.9296246
42,2024,Caldas,2024-10-14,4,2024-11-11,2.4758933,4.856687
42,2024,Caldas,2024-10-21,1,2024-10-28,2.4758933,4.8998
42,2024,Caldas,2024-10-21,2,2024-11-04,1.8093069,4.8044953
42,2024,Caldas,2024-10-21,3,2024-11-11,2.4758933,4.939247
42,2024,Caldas,2024-10-21,4,2024-11-18,1.8093069,4.8813915
42,2024,Caldas,2024-10-28,1,2024-11-04,1.8093069,5.344481
42,2024,Caldas,2024-10-28,2,2024-11-11,2.4758933,5.2448926
42,2024,Caldas,2024-10-28,3,2024-11-18,1.8093069,5.4824495
42,2024,Caldas,2024-10-28,4,2024-11-25,1.3331734,5.526944
42,2024,Caldas,2024-11-04,1,2024-11-11,2.4758933,4.1378365
42,2024,Caldas,2024-11-04,2,2024-11-18,1.8093069,4.1503177
42,2024,Caldas,2024-11-04,3,2024-11-25,1.3331734,4.394429
42,2024,Caldas,2024-11-04,4,2024-12-02,1.5236267,4.308709
42,2024,Caldas,2024-11-11,1,2024-11-18,1.8093069,3.3890529
42,2024,Caldas,2024-11-11,2,2024-11-25,1.3331734,3.3006978
42,2024,Caldas,2024-11-11,3,2024-12-02,1.5236267,3.4117494
42,2024,Caldas,2024-11-11,4,2024-12-09,1.0474933,3.291911
42,2024,Caldas,2024-11-18,1,2024-11-25,1.3331734,2.7666228
42,2024,Caldas,2024-11-18,2,2024-12-02,1.5236267,2.7267804
42,2024,Caldas,2024-11-18,3,2024-12-09,1.0474933,2.7120042
42,2024,Caldas,2024-11-18,4,2024-12-16,1.3331734,2.6803799
42,2024,Caqueta,2024-01-22,1,2024-01-29,8.454139,6.9899983
42,2024,Caqueta,2024-01-22,2,2024-02-05,14.325067,7.130507
42,2024,Caqueta,2024-01-22,3,2024-02-12,10.802507,6.959262
42,2024,Caqueta,2024-01-22,4,2024-02-19,8.688975,7.0702896
42,2024,Caqueta,2024-01-29,1,2024-02-05,14.325067,7.4130244
42,2024,Caqueta,2024-01-29,2,2024-02-12,10.802507,7.4432397
42,2024,Caqueta,2024-01-29,3,2024-02-19,8.688975,7.219922
42,2024,Caqueta,2024-01-29,4,2024-02-26,12.446369,7.2462173
42,2024,Caqueta,2024-02-05,1,2024-02-12,10.802507,8.407779
42,2024,Caqueta,2024-02-05,2,2024-02-19,8.688975,8.508166
42,2024,Caqueta,2024-02-05,3,2024-02-26,12.446369,8.358701
42,2024,Caqueta,2024-02-05,4,2024-03-04,14.559904,8.493784
42,2024,Caqueta,2024-02-12,1,2024-02-19,8.688975,11.647748
42,2024,Caqueta,2024-02-12,2,2024-02-26,12.446369,11.817969
42,2024,Caqueta,2024-02-12,3,2024-03-04,14.559904,11.470923
42,2024,Caqueta,2024-02-12,4,2024-03-11,12.916043,11.403
42,2024,Caqueta,2024-02-19,1,2024-02-26,12.446369,10.977025
42,2024,Caqueta,2024-02-19,2,2024-03-04,14.559904,11.05425
42,2024,Caqueta,2024-02-19,3,2024-03-11,12.916043,10.851968
42,2024,Caqueta,2024-02-19,4,2024-03-18,16.908276,10.825312
42,2024,Caqueta,2024-02-26,1,2024-03-04,14.559904,10.437697
42,2024,Caqueta,2024-02-26,2,2024-03-11,12.916043,10.098935
42,2024,Caqueta,2024-02-26,3,2024-03-18,16.908276,9.817294
42,2024,Caqueta,2024-02-26,4,2024-03-25,11.976693,9.804628
42,2024,Caqueta,2024-03-04,1,2024-03-11,12.916043,11.768304
42,2024,Caqueta,2024-03-04,2,2024-03-18,16.908276,11.540108
42,2024,Caqueta,2024-03-04,3,2024-03-25,11.976693,11.115274
42,2024,Caqueta,2024-03-04,4,2024-04-01,19.256645,10.868843
42,2024,Caqueta,2024-03-11,1,2024-03-18,16.908276,12.956603
42,2024,Caqueta,2024-03-11,2,2024-03-25,11.976693,12.905015
42,2024,Caqueta,2024-03-11,3,2024-04-01,19.256645,12.408801
42,2024,Caqueta,2024-03-11,4,2024-04-08,22.074694,12.22822
42,2024,Caqueta,2024-03-18,1,2024-03-25,11.976693,12.620861
42,2024,Caqueta,2024-03-18,2,2024-04-01,19.256645,12.5550585
42,2024,Caqueta,2024-03-18,3,2024-04-08,22.074694,12.272853
42,2024,Caqueta,2024-03-18,4,2024-04-15,14.325067,12.478412
42,2024,Caqueta,2024-03-25,1,2024-04-01,19.256645,16.540821
42,2024,Caqueta,2024-03-25,2,2024-04-08,22.074694,16.294615
42,2024,Caqueta,2024-03-25,3,2024-04-15,14.325067,15.9404745
42,2024,Caqueta,2024-03-25,4,2024-04-22,12.681206,15.830743
42,2024,Caqueta,2024-04-01,1,2024-04-08,22.074694,12.89837
42,2024,Caqueta,2024-04-01,2,2024-04-15,14.325067,12.532255
42,2024,Caqueta,2024-04-01,3,2024-04-22,12.681206,12.101543
42,2024,Caqueta,2024-04-01,4,2024-04-29,21.135344,11.826972
42,2024,Caqueta,2024-04-08,1,2024-04-15,14.325067,17.866537
42,2024,Caqueta,2024-04-08,2,2024-04-22,12.681206,17.234072
42,2024,Caqueta,2024-04-08,3,2024-04-29,21.135344,16.778418
42,2024,Caqueta,2024-04-08,4,2024-05-06,19.726322,16.905207
42,2024,Caqueta,2024-04-15,1,2024-04-22,12.681206,23.49856
42,2024,Caqueta,2024-04-15,2,2024-04-29,21.135344,23.064093
42,2024,Caqueta,2024-04-15,3,2024-05-06,19.726322,22.748165
42,2024,Caqueta,2024-04-15,4,2024-05-13,23.24888,22.476086
42,2024,Caqueta,2024-04-22,1,2024-04-29,21.135344,16.710812
42,2024,Caqueta,2024-04-22,2,2024-05-06,19.726322,15.964572
42,2024,Caqueta,2024-04-22,3,2024-05-13,23.24888,15.639268
42,2024,Caqueta,2024-04-22,4,2024-05-20,19.491482,15.0526
42,2024,Caqueta,2024-04-29,1,2024-05-06,19.726322,13.359928
42,2024,Caqueta,2024-04-29,2,2024-05-13,23.24888,12.434403
42,2024,Caqueta,2024-04-29,3,2024-05-20,19.491482,11.716754
42,2024,Caqueta,2024-04-29,4,2024-05-27,20.900505,11.517551
42,2024,Caqueta,2024-05-06,1,2024-05-13,23.24888,18.119415
42,2024,Caqueta,2024-05-06,2,2024-05-20,19.491482,17.73577
42,2024,Caqueta,2024-05-06,3,2024-05-27,20.900505,16.71126
42,2024,Caqueta,2024-05-06,4,2024-06-03,11.976693,16.18424
42,2024,Caqueta,2024-05-13,1,2024-05-20,19.491482,19.565145
42,2024,Caqueta,2024-05-13,2,2024-05-27,20.900505,19.018396
42,2024,Caqueta,2024-05-13,3,2024-06-03,11.976693,18.347593
42,2024,Caqueta,2024-05-13,4,2024-06-10,13.620554,17.92459
42,2024,Caqueta,2024-05-20,1,2024-05-27,20.900505,23.12777
42,2024,Caqueta,2024-05-20,2,2024-06-03,11.976693,22.201447
42,2024,Caqueta,2024-05-20,3,2024-06-10,13.620554,21.52501
42,2024,Caqueta,2024-05-20,4,2024-06-17,9.158649,20.768608
42,2024,Caqueta,2024-05-27,1,2024-06-03,11.976693,19.177908
42,2024,Caqueta,2024-05-27,2,2024-06-10,13.620554,18.35408
42,2024,Caqueta,2024-05-27,3,2024-06-17,9.158649,17.344078
42,2024,Caqueta,2024-05-27,4,2024-06-24,11.037346,16.130976
42,2024,Caqueta,2024-06-03,1,2024-06-10,13.620554,19.860409
42,2024,Caqueta,2024-06-03,2,2024-06-17,9.158649,18.619007
42,2024,Caqueta,2024-06-03,3,2024-06-24,11.037346,17.158144
42,2024,Caqueta,2024-06-03,4,2024-07-01,20.195995,16.801254
42,2024,Caqueta,2024-06-10,1,2024-06-17,9.158649,12.513145
42,2024,Caqueta,2024-06-10,2,2024-06-24,11.037346,11.424292
42,2024,Caqueta,2024-06-10,3,2024-07-01,20.195995,10.551527
42,2024,Caqueta,2024-06-10,4,2024-07-08,9.158649,10.222389
42,2024,Caqueta,2024-06-17,1,2024-06-24,11.037346,12.265247
42,2024,Caqueta,2024-06-17,2,2024-07-01,20.195995,10.97694
42,2024,Caqueta,2024-06-17,3,2024-07-08,9.158649,10.116906
42,2024,Caqueta,2024-06-17,4,2024-07-15,8.923812,10.0295105
42,2024,Caqueta,2024-06-24,1,2024-07-01,20.195995,10.530538
42,2024,Caqueta,2024-06-24,2,2024-07-08,9.158649,9.735545
42,2024,Caqueta,2024-06-24,3,2024-07-15,8.923812,8.878396
42,2024,Caqueta,2024-06-24,4,2024-07-22,7.514788,8.960523
42,2024,Caqueta,2024-07-01,1,2024-07-08,9.158649,10.412267
42,2024,Caqueta,2024-07-01,2,2024-07-15,8.923812,9.314202
42,2024,Caqueta,2024-07-01,3,2024-07-22,7.514788,8.700035
42,2024,Caqueta,2024-07-01,4,2024-07-29,8.2193,8.759454
42,2024,Caqueta,2024-07-08,1,2024-07-15,8.923812,14.23816
42,2024,Caqueta,2024-07-08,2,2024-07-22,7.514788,13.360658
42,2024,Caqueta,2024-07-08,3,2024-07-29,8.2193,12.124888
42,2024,Caqueta,2024-07-08,4,2024-08-05,8.454139,12.081627
42,2024,Caqueta,2024-07-15,1,2024-07-22,7.514788,9.384578
42,2024,Caqueta,2024-07-15,2,2024-07-29,8.2193,8.650535
42,2024,Caqueta,2024-07-15,3,2024-08-05,8.454139,8.228161
42,2024,Caqueta,2024-07-15,4,2024-08-12,7.749625,7.8411956
42,2024,Caqueta,2024-07-22,1,2024-07-29,8.2193,8.700734
42,2024,Caqueta,2024-07-22,2,2024-08-05,8.454139,7.8115788
42,2024,Caqueta,2024-07-22,3,2024-08-12,7.749625,7.49923
42,2024,Caqueta,2024-07-22,4,2024-08-19,6.1057653,7.101646
42,2024,Caqueta,2024-07-29,1,2024-08-05,8.454139,7.458438
42,2024,Caqueta,2024-07-29,2,2024-08-12,7.749625,6.7190213
42,2024,Caqueta,2024-07-29,3,2024-08-19,6.1057653,6.1885757
42,2024,Caqueta,2024-07-29,4,2024-08-26,4.227069,6.2397304
42,2024,Caqueta,2024-08-05,1,2024-08-12,7.749625,6.959991
42,2024,Caqueta,2024-08-05,2,2024-08-19,6.1057653,6.481714
42,2024,Caqueta,2024-08-05,3,2024-08-26,4.227069,6.0118876
42,2024,Caqueta,2024-08-05,4,2024-09-02,6.340603,5.9770703
42,2024,Caqueta,2024-08-12,1,2024-08-19,6.1057653,7.1432796
42,2024,Caqueta,2024-08-12,2,2024-08-26,4.227069,6.936799
42,2024,Caqueta,2024-08-12,3,2024-09-02,6.340603,6.331395
42,2024,Caqueta,2024-08-12,4,2024-09-09,6.340603,6.4026318
42,2024,Caqueta,2024-08-19,1,2024-08-26,4.227069,7.195414
42,2024,Caqueta,2024-08-19,2,2024-09-02,6.340603,6.8997426
42,2024,Caqueta,2024-08-19,3,2024-09-09,6.340603,6.324136
42,2024,Caqueta,2024-08-19,4,2024-09-16,2.8180459,6.230988
42,2024,Caqueta,2024-08-26,1,2024-09-02,6.340603,6.37933
42,2024,Caqueta,2024-08-26,2,2024-09-09,6.340603,6.118264
42,2024,Caqueta,2024-08-26,3,2024-09-16,2.8180459,5.6277256
42,2024,Caqueta,2024-08-26,4,2024-09-23,7.0451155,5.391459
42,2024,Caqueta,2024-09-02,1,2024-09-09,6.340603,5.318671
42,2024,Caqueta,2024-09-02,2,2024-09-16,2.8180459,5.015228
42,2024,Caqueta,2024-09-02,3,2024-09-23,7.0451155,4.706511
42,2024,Caqueta,2024-09-02,4,2024-09-30,7.749625,4.656268
42,2024,Caqueta,2024-09-09,1,2024-09-16,2.8180459,5.3398585
42,2024,Caqueta,2024-09-09,2,2024-09-23,7.0451155,5.2123075
42,2024,Caqueta,2024-09-09,3,2024-09-30,7.749625,4.8120675
42,2024,Caqueta,2024-09-09,4,2024-10-07,6.340603,4.843604
42,2024,Caqueta,2024-09-16,1,2024-09-23,7.0451155,5.4781814
42,2024,Caqueta,2024-09-16,2,2024-09-30,7.749625,5.4351683
42,2024,Caqueta,2024-09-16,3,2024-10-07,6.340603,4.9638586
42,2024,Caqueta,2024-09-16,4,2024-10-14,6.57544,5.105036
42,2024,Caqueta,2024-09-23,1,2024-09-30,7.749625,4.411025
42,2024,Caqueta,2024-09-23,2,2024-10-07,6.340603,4.2501235
42,2024,Caqueta,2024-09-23,3,2024-10-14,6.57544,4.1130366
42,2024,Caqueta,2024-09-23,4,2024-10-21,7.0451155,4.0718513
42,2024,Caqueta,2024-09-30,1,2024-10-07,6.340603,4.7071395
42,2024,Caqueta,2024-09-30,2,2024-10-14,6.57544,4.6207023
42,2024,Caqueta,2024-09-30,3,2024-10-21,7.0451155,4.3998265
42,2024,Caqueta,2024-09-30,4,2024-10-28,5.870929,4.4459085
42,2024,Caqueta,2024-10-07,1,2024-10-14,6.57544,4.8912406
42,2024,Caqueta,2024-10-07,2,2024-10-21,7.0451155,4.8680463
42,2024,Caqueta,2024-10-07,3,2024-10-28,5.870929,4.8902783
42,2024,Caqueta,2024-10-07,4,2024-11-04,7.749625,4.8344064
42,2024,Caqueta,2024-10-14,1,2024-10-21,7.0451155,4.778295
42,2024,Caqueta,2024-10-14,2,2024-10-28,5.870929,4.8405786
42,2024,Caqueta,2024-10-14,3,2024-11-04,7.749625,4.93271
42,2024,Caqueta,2024-10-14,4,2024-11-11,7.749625,4.7843804
42,2024,Caqueta,2024-10-21,1,2024-10-28,5.870929,5.365021
42,2024,Caqueta,2024-10-21,2,2024-11-04,7.749625,5.4354525
42,2024,Caqueta,2024-10-21,3,2024-11-11,7.749625,5.5199585
42,2024,Caqueta,2024-10-21,4,2024-11-18,9.393487,5.525281
42,2024,Caqueta,2024-10-28,1,2024-11-04,7.749625,6.2334547
42,2024,Caqueta,2024-10-28,2,2024-11-11,7.749625,6.4389405
42,2024,Caqueta,2024-10-28,3,2024-11-18,9.393487,6.236486
42,2024,Caqueta,2024-10-28,4,2024-11-25,8.923812,6.34154
42,2024,Caqueta,2024-11-04,1,2024-11-11,7.749625,6.438183
42,2024,Caqueta,2024-11-04,2,2024-11-18,9.393487,6.569294
42,2024,Caqueta,2024-11-04,3,2024-11-25,8.923812,6.46898
42,2024,Caqueta,2024-11-04,4,2024-12-02,7.0451155,6.6556544
42,2024,Caqueta,2024-11-11,1,2024-11-18,9.393487,7.168202
42,2024,Caqueta,2024-11-11,2,2024-11-25,8.923812,7.451604
42,2024,Caqueta,2024-11-11,3,2024-12-02,7.0451155,7.160301
42,2024,Caqueta,2024-11-11,4,2024-12-09,12.916043,7.5400677
42,2024,Caqueta,2024-11-18,1,2024-11-25,8.923812,6.769171
42,2024,Caqueta,2024-11-18,2,2024-12-02,7.0451155,7.031861
42,2024,Caqueta,2024-11-18,3,2024-12-09,12.916043,6.854592
42,2024,Caqueta,2024-11-18,4,2024-12-16,10.097999,7.16461
42,2024,Casanare,2024-01-22,1,2024-01-29,8.768835,4.9873643
42,2024,Casanare,2024-01-22,2,2024-02-05,7.2717166,4.956705
42,2024,Casanare,2024-01-22,3,2024-02-12,9.838205,4.994431
42,2024,Casanare,2024-01-22,4,2024-02-19,8.554961,5.07695
42,2024,Casanare,2024-01-29,1,2024-02-05,7.2717166,4.866328
42,2024,Casanare,2024-01-29,2,2024-02-12,9.838205,4.8386393
42,2024,Casanare,2024-01-29,3,2024-02-19,8.554961,4.9006495
42,2024,Casanare,2024-01-29,4,2024-02-26,10.693699,4.967836
42,2024,Casanare,2024-02-05,1,2024-02-12,9.838205,7.5576515
42,2024,Casanare,2024-02-05,2,2024-02-19,8.554961,7.5209293
42,2024,Casanare,2024-02-05,3,2024-02-26,10.693699,7.7238855
42,2024,Casanare,2024-02-05,4,2024-03-04,8.554961,8.119058
42,2024,Casanare,2024-02-12,1,2024-02-19,8.554961,7.6314535
42,2024,Casanare,2024-02-12,2,2024-02-26,10.693699,7.5320654
42,2024,Casanare,2024-02-12,3,2024-03-04,8.554961,7.5115166
42,2024,Casanare,2024-02-12,4,2024-03-11,12.404694,7.7290163
42,2024,Casanare,2024-02-19,1,2024-02-26,10.693699,9.182938
42,2024,Casanare,2024-02-19,2,2024-03-04,8.554961,9.03637
42,2024,Casanare,2024-02-19,3,2024-03-11,12.404694,9.022074
42,2024,Casanare,2024-02-19,4,2024-03-18,11.976944,9.425135
42,2024,Casanare,2024-02-26,1,2024-03-04,8.554961,10.223315
42,2024,Casanare,2024-02-26,2,2024-03-11,12.404694,10.035197
42,2024,Casanare,2024-02-26,3,2024-03-18,11.976944,9.940085
42,2024,Casanare,2024-02-26,4,2024-03-25,10.265952,10.270982
42,2024,Casanare,2024-03-04,1,2024-03-11,12.404694,10.698758
42,2024,Casanare,2024-03-04,2,2024-03-18,11.976944,10.447546
42,2024,Casanare,2024-03-04,3,2024-03-25,10.265952,10.384748
42,2024,Casanare,2024-03-04,4,2024-04-01,11.763069,10.784158
42,2024,Casanare,2024-03-11,1,2024-03-18,11.976944,9.083207
42,2024,Casanare,2024-03-11,2,2024-03-25,10.265952,9.029895
42,2024,Casanare,2024-03-11,3,2024-04-01,11.763069,8.977331
42,2024,Casanare,2024-03-11,4,2024-04-08,13.260189,9.288804
42,2024,Casanare,2024-03-18,1,2024-03-25,10.265952,10.366785
42,2024,Casanare,2024-03-18,2,2024-04-01,11.763069,10.044536
42,2024,Casanare,2024-03-18,3,2024-04-08,13.260189,9.979582
42,2024,Casanare,2024-03-18,4,2024-04-15,14.971179,10.408692
42,2024,Casanare,2024-03-25,1,2024-04-01,11.763069,11.712219
42,2024,Casanare,2024-03-25,2,2024-04-08,13.260189,11.055538
42,2024,Casanare,2024-03-25,3,2024-04-15,14.971179,10.874538
42,2024,Casanare,2024-03-25,4,2024-04-22,17.323795,11.415142
42,2024,Casanare,2024-04-01,1,2024-04-08,13.260189,12.056628
42,2024,Casanare,2024-04-01,2,2024-04-15,14.971179,11.690724
42,2024,Casanare,2024-04-01,3,2024-04-22,17.323795,11.638711
42,2024,Casanare,2024-04-01,4,2024-04-29,26.948126,12.370735
42,2024,Casanare,2024-04-08,1,2024-04-15,14.971179,12.22001
42,2024,Casanare,2024-04-08,2,2024-04-22,17.323795,11.631144
42,2024,Casanare,2024-04-08,3,2024-04-29,26.948126,11.491846
42,2024,Casanare,2024-04-08,4,2024-05-06,31.225607,12.121722
42,2024,Casanare,2024-04-15,1,2024-04-22,17.323795,13.437716
42,2024,Casanare,2024-04-15,2,2024-04-29,26.948126,12.904412
42,2024,Casanare,2024-04-15,3,2024-05-06,31.225607,12.752313
42,2024,Casanare,2024-04-15,4,2024-05-13,34.219837,13.336998
42,2024,Casanare,2024-04-22,1,2024-04-29,26.948126,14.88938
42,2024,Casanare,2024-04-22,2,2024-05-06,31.225607,14.552813
42,2024,Casanare,2024-04-22,3,2024-05-13,34.219837,14.476731
42,2024,Casanare,2024-04-22,4,2024-05-20,31.439476,14.995252
42,2024,Casanare,2024-04-29,1,2024-05-06,31.225607,17.27677
42,2024,Casanare,2024-04-29,2,2024-05-13,34.219837,16.557653
42,2024,Casanare,2024-04-29,3,2024-05-20,31.439476,16.525997
42,2024,Casanare,2024-04-29,4,2024-05-27,35.71696,17.125656
42,2024,Casanare,2024-05-06,1,2024-05-13,34.219837,24.068586
42,2024,Casanare,2024-05-06,2,2024-05-20,31.439476,23.392033
42,2024,Casanare,2024-05-06,3,2024-05-27,35.71696,23.448275
42,2024,Casanare,2024-05-06,4,2024-06-03,32.29497,24.381975
42,2024,Casanare,2024-05-13,1,2024-05-20,31.439476,31.979372
42,2024,Casanare,2024-05-13,2,2024-05-27,35.71696,31.230856
42,2024,Casanare,2024-05-13,3,2024-06-03,32.29497,31.557606
42,2024,Casanare,2024-05-13,4,2024-06-10,32.0811,32.453617
42,2024,Casanare,2024-05-20,1,2024-05-27,35.71696,34.978886
42,2024,Casanare,2024-05-20,2,2024-06-03,32.29497,34.019646
42,2024,Casanare,2024-05-20,3,2024-06-10,32.0811,34.350132
42,2024,Casanare,2024-05-20,4,2024-06-17,24.381638,34.608315
42,2024,Casanare,2024-05-27,1,2024-06-03,32.29497,30.809174
42,2024,Casanare,2024-05-27,2,2024-06-10,32.0811,29.79446
42,2024,Casanare,2024-05-27,3,2024-06-17,24.381638,29.47943
42,2024,Casanare,2024-05-27,4,2024-06-24,25.02326,28.256603
42,2024,Casanare,2024-06-03,1,2024-06-10,32.0811,35.08572
42,2024,Casanare,2024-06-03,2,2024-06-17,24.381638,33.280125
42,2024,Casanare,2024-06-03,3,2024-06-24,25.02326,33.35094
42,2024,Casanare,2024-06-03,4,2024-07-01,25.237133,32.379517
42,2024,Casanare,2024-06-10,1,2024-06-17,24.381638,28.655815
42,2024,Casanare,2024-06-10,2,2024-06-24,25.02326,27.183462
42,2024,Casanare,2024-06-10,3,2024-07-01,25.237133,26.285755
42,2024,Casanare,2024-06-10,4,2024-07-08,18.60704,24.159515
42,2024,Casanare,2024-06-17,1,2024-06-24,25.02326,31.589586
42,2024,Casanare,2024-06-17,2,2024-07-01,25.237133,29.45344
42,2024,Casanare,2024-06-17,3,2024-07-08,18.60704,28.72333
42,2024,Casanare,2024-06-17,4,2024-07-15,16.896048,27.172525
42,2024,Casanare,2024-06-24,1,2024-07-01,25.237133,21.95087
42,2024,Casanare,2024-06-24,2,2024-07-08,18.60704,19.678282
42,2024,Casanare,2024-06-24,3,2024-07-15,16.896048,18.459091
42,2024,Casanare,2024-06-24,4,2024-07-22,11.549196,17.809345
42,2024,Casanare,2024-07-01,1,2024-07-08,18.60704,20.03509
42,2024,Casanare,2024-07-01,2,2024-07-15,16.896048,17.77473
42,2024,Casanare,2024-07-01,3,2024-07-22,11.549196,16.134718
42,2024,Casanare,2024-07-01,4,2024-07-29,10.693699,16.133259
42,2024,Casanare,2024-07-08,1,2024-07-15,16.896048,17.080208
42,2024,Casanare,2024-07-08,2,2024-07-22,11.549196,14.93831
42,2024,Casanare,2024-07-08,3,2024-07-29,10.693699,13.074936
42,2024,Casanare,2024-07-08,4,2024-08-05,9.624331,12.784263
42,2024,Casanare,2024-07-15,1,2024-07-22,11.549196,14.70216
42,2024,Casanare,2024-07-15,2,2024-07-29,10.693699,12.389605
42,2024,Casanare,2024-07-15,3,2024-08-05,9.624331,11.025338
42,2024,Casanare,2024-07-15,4,2024-08-12,5.5607243,10.585585
42,2024,Casanare,2024-07-22,1,2024-07-29,10.693699,14.475026
42,2024,Casanare,2024-07-22,2,2024-08-05,9.624331,12.280278
42,2024,Casanare,2024-07-22,3,2024-08-12,5.5607243,10.800792
42,2024,Casanare,2024-07-22,4,2024-08-19,5.988472,10.734131
42,2024,Casanare,2024-07-29,1,2024-08-05,9.624331,11.399665
42,2024,Casanare,2024-07-29,2,2024-08-12,5.5607243,9.882778
42,2024,Casanare,2024-07-29,3,2024-08-19,5.988472,8.792684
42,2024,Casanare,2024-07-29,4,2024-08-26,6.41622,8.7327385
42,2024,Casanare,2024-08-05,1,2024-08-12,5.5607243,8.728653
42,2024,Casanare,2024-08-05,2,2024-08-19,5.988472,7.5932326
42,2024,Casanare,2024-08-05,3,2024-08-26,6.41622,6.970517
42,2024,Casanare,2024-08-05,4,2024-09-02,3.6358583,6.750589
42,2024,Casanare,2024-08-12,1,2024-08-19,5.988472,7.4051127
42,2024,Casanare,2024-08-12,2,2024-08-26,6.41622,6.4564447
42,2024,Casanare,2024-08-12,3,2024-09-02,3.6358583,6.012608
42,2024,Casanare,2024-08-12,4,2024-09-09,2.994236,5.8215365
42,2024,Casanare,2024-08-19,1,2024-08-26,6.41622,4.792988
42,2024,Casanare,2024-08-19,2,2024-09-02,3.6358583,4.2105136
42,2024,Casanare,2024-08-19,3,2024-09-09,2.994236,4.1100416
42,2024,Casanare,2024-08-19,4,2024-09-16,2.7803621,3.8546348
42,2024,Casanare,2024-08-26,1,2024-09-02,3.6358583,4.0392528
42,2024,Casanare,2024-08-26,2,2024-09-09,2.994236,3.4623342
42,2024,Casanare,2024-08-26,3,2024-09-16,2.7803621,3.2488935
42,2024,Casanare,2024-08-26,4,2024-09-23,3.20811,3.0606458
42,2024,Casanare,2024-09-02,1,2024-09-09,2.994236,4.420778
42,2024,Casanare,2024-09-02,2,2024-09-16,2.7803621,3.9033523
42,2024,Casanare,2024-09-02,3,2024-09-23,3.20811,3.6608593
42,2024,Casanare,2024-09-02,4,2024-09-30,3.421984,3.572472
42,2024,Casanare,2024-09-09,1,2024-09-16,2.7803621,3.623516
42,2024,Casanare,2024-09-09,2,2024-09-23,3.20811,3.2693794
42,2024,Casanare,2024-09-09,3,2024-09-30,3.421984,3.16741
42,2024,Casanare,2024-09-09,4,2024-10-07,1.9248662,2.886038
42,2024,Casanare,2024-09-16,1,2024-09-23,3.20811,3.7784278
42,2024,Casanare,2024-09-16,2,2024-09-30,3.421984,3.4740653
42,2024,Casanare,2024-09-16,3,2024-10-07,1.9248662,3.2002347
42,2024,Casanare,2024-09-16,4,2024-10-14,1.4971181,3.0669742
42,2024,Casanare,2024-09-23,1,2024-09-30,3.421984,3.5213058
42,2024,Casanare,2024-09-23,2,2024-10-07,1.9248662,3.2591527
42,2024,Casanare,2024-09-23,3,2024-10-14,1.4971181,3.0208375
42,2024,Casanare,2024-09-23,4,2024-10-21,4.27748,2.8887987
42,2024,Casanare,2024-09-30,1,2024-10-07,1.9248662,2.9185383
42,2024,Casanare,2024-09-30,2,2024-10-14,1.4971181,2.638778
42,2024,Casanare,2024-09-30,3,2024-10-21,4.27748,2.7093365
42,2024,Casanare,2024-09-30,4,2024-10-28,2.3526142,2.385857
42,2024,Casanare,2024-10-07,1,2024-10-14,1.4971181,2.6465545
42,2024,Casanare,2024-10-07,2,2024-10-21,4.27748,2.4015713
42,2024,Casanare,2024-10-07,3,2024-10-28,2.3526142,2.6398184
42,2024,Casanare,2024-10-07,4,2024-11-04,2.5664883,2.2535686
42,2024,Casanare,2024-10-14,1,2024-10-21,4.27748,2.3109655
42,2024,Casanare,2024-10-14,2,2024-10-28,2.3526142,2.0918818
42,2024,Casanare,2024-10-14,3,2024-11-04,2.5664883,2.3668509
42,2024,Casanare,2024-10-14,4,2024-11-11,2.5664883,2.0113392
42,2024,Casanare,2024-10-21,1,2024-10-28,2.3526142,1.8876356
42,2024,Casanare,2024-10-21,2,2024-11-04,2.5664883,1.704699
42,2024,Casanare,2024-10-21,3,2024-11-11,2.5664883,2.0037658
42,2024,Casanare,2024-10-21,4,2024-11-18,1.0693702,1.6837184
42,2024,Casanare,2024-10-28,1,2024-11-04,2.5664883,1.8991942
42,2024,Casanare,2024-10-28,2,2024-11-11,2.5664883,1.9547684
42,2024,Casanare,2024-10-28,3,2024-11-18,1.0693702,2.22106
42,2024,Casanare,2024-10-28,4,2024-11-25,2.3526142,2.0092964
42,2024,Casanare,2024-11-04,1,2024-11-11,2.5664883,1.7430116
42,2024,Casanare,2024-11-04,2,2024-11-18,1.0693702,1.8074923
42,2024,Casanare,2024-11-04,3,2024-11-25,2.3526142,2.0841792
42,2024,Casanare,2024-11-04,4,2024-12-02,2.994236,1.9314041
42,2024,Casanare,2024-11-11,1,2024-11-18,1.0693702,1.8802056
42,2024,Casanare,2024-11-11,2,2024-11-25,2.3526142,2.0267534
42,2024,Casanare,2024-11-11,3,2024-12-02,2.994236,2.2865286
42,2024,Casanare,2024-11-11,4,2024-12-09,1.710992,2.156632
42,2024,Casanare,2024-11-18,1,2024-11-25,2.3526142,1.9743512
42,2024,Casanare,2024-11-18,2,2024-12-02,2.994236,2.0721364
42,2024,Casanare,2024-11-18,3,2024-12-09,1.710992,2.3656461
42,2024,Casanare,2024-11-18,4,2024-12-16,2.3526142,2.2483547
42,2024,Cauca,2024-01-22,1,2024-01-29,9.159274,5.6364665
42,2024,Cauca,2024-01-22,2,2024-02-05,13.391488,5.587953
42,2024,Cauca,2024-01-22,3,2024-02-12,11.8123045,5.573183
42,2024,Cauca,2024-01-22,4,2024-02-19,16.613026,5.5360703
42,2024,Cauca,2024-01-29,1,2024-02-05,13.391488,7.228247
42,2024,Cauca,2024-01-29,2,2024-02-12,11.8123045,7.1813636
42,2024,Cauca,2024-01-29,3,2024-02-19,16.613026,7.1636834
42,2024,Cauca,2024-01-29,4,2024-02-26,15.223343,7.1413403
42,2024,Cauca,2024-02-05,1,2024-02-12,11.8123045,8.264661
42,2024,Cauca,2024-02-05,2,2024-02-19,16.613026,8.306139
42,2024,Cauca,2024-02-05,3,2024-02-26,15.223343,8.250844
42,2024,Cauca,2024-02-05,4,2024-03-04,16.170856,8.14025
42,2024,Cauca,2024-02-12,1,2024-02-19,16.613026,10.949114
42,2024,Cauca,2024-02-12,2,2024-02-26,15.223343,10.96064
42,2024,Cauca,2024-02-12,3,2024-03-04,16.170856,10.833591
42,2024,Cauca,2024-02-12,4,2024-03-11,16.80253,10.689011
42,2024,Cauca,2024-02-19,1,2024-02-26,15.223343,11.355735
42,2024,Cauca,2024-02-19,2,2024-03-04,16.170856,11.431139
42,2024,Cauca,2024-02-19,3,2024-03-11,16.80253,11.237703
42,2024,Cauca,2024-02-19,4,2024-03-18,17.2447,11.058824
42,2024,Cauca,2024-02-26,1,2024-03-04,16.170856,14.852888
42,2024,Cauca,2024-02-26,2,2024-03-11,16.80253,14.867537
42,2024,Cauca,2024-02-26,3,2024-03-18,17.2447,14.778389
42,2024,Cauca,2024-02-26,4,2024-03-25,14.1495,14.364992
42,2024,Cauca,2024-03-04,1,2024-03-11,16.80253,14.583166
42,2024,Cauca,2024-03-04,2,2024-03-18,17.2447,14.704619
42,2024,Cauca,2024-03-04,3,2024-03-25,14.1495,14.498732
42,2024,Cauca,2024-03-04,4,2024-04-01,16.865698,13.792734
42,2024,Cauca,2024-03-11,1,2024-03-18,17.2447,15.184076
42,2024,Cauca,2024-03-11,2,2024-03-25,14.1495,15.032316
42,2024,Cauca,2024-03-11,3,2024-04-01,16.865698,14.8270445
42,2024,Cauca,2024-03-11,4,2024-04-08,18.129045,14.165871
42,2024,Cauca,2024-03-18,1,2024-03-25,14.1495,15.756343
42,2024,Cauca,2024-03-18,2,2024-04-01,16.865698,15.504168
42,2024,Cauca,2024-03-18,3,2024-04-08,18.129045,15.261273
42,2024,Cauca,2024-03-18,4,2024-04-15,20.403072,14.464589
42,2024,Cauca,2024-03-25,1,2024-04-01,16.865698,16.455706
42,2024,Cauca,2024-03-25,2,2024-04-08,18.129045,16.179935
42,2024,Cauca,2024-03-25,3,2024-04-15,20.403072,15.817795
42,2024,Cauca,2024-03-25,4,2024-04-22,20.845243,14.974587
42,2024,Cauca,2024-04-01,1,2024-04-08,18.129045,14.181908
42,2024,Cauca,2024-04-01,2,2024-04-15,20.403072,13.852161
42,2024,Cauca,2024-04-01,3,2024-04-22,20.845243,13.33656
42,2024,Cauca,2024-04-01,4,2024-04-29,20.908411,12.741278
42,2024,Cauca,2024-04-08,1,2024-04-15,20.403072,15.471863
42,2024,Cauca,2024-04-08,2,2024-04-22,20.845243,14.88036
42,2024,Cauca,2024-04-08,3,2024-04-29,20.908411,14.266033
42,2024,Cauca,2024-04-08,4,2024-05-06,24.572123,13.745648
42,2024,Cauca,2024-04-15,1,2024-04-22,20.845243,16.719242
42,2024,Cauca,2024-04-15,2,2024-04-29,20.908411,16.006805
42,2024,Cauca,2024-04-15,3,2024-05-06,24.572123,15.267388
42,2024,Cauca,2024-04-15,4,2024-05-13,17.371035,14.921564
42,2024,Cauca,2024-04-22,1,2024-04-29,20.908411,18.738167
42,2024,Cauca,2024-04-22,2,2024-05-06,24.572123,18.004612
42,2024,Cauca,2024-04-22,3,2024-05-13,17.371035,17.405893
42,2024,Cauca,2024-04-22,4,2024-05-20,22.613932,16.730808
42,2024,Cauca,2024-04-29,1,2024-05-06,24.572123,19.841885
42,2024,Cauca,2024-04-29,2,2024-05-13,17.371035,19.082329
42,2024,Cauca,2024-04-29,3,2024-05-20,22.613932,18.373951
42,2024,Cauca,2024-04-29,4,2024-05-27,20.97158,17.591251
42,2024,Cauca,2024-05-06,1,2024-05-13,17.371035,20.321384
42,2024,Cauca,2024-05-06,2,2024-05-20,22.613932,19.638868
42,2024,Cauca,2024-05-06,3,2024-05-27,20.97158,18.805758
42,2024,Cauca,2024-05-06,4,2024-06-03,20.592575,17.778942
42,2024,Cauca,2024-05-13,1,2024-05-20,22.613932,23.023983
42,2024,Cauca,2024-05-13,2,2024-05-27,20.97158,22.25414
42,2024,Cauca,2024-05-13,3,2024-06-03,20.592575,21.262398
42,2024,Cauca,2024-05-13,4,2024-06-10,17.750042,19.99794
42,2024,Cauca,2024-05-20,1,2024-05-27,20.97158,17.43458
42,2024,Cauca,2024-05-20,2,2024-06-03,20.592575,16.461246
42,2024,Cauca,2024-05-20,3,2024-06-10,17.750042,15.565872
42,2024,Cauca,2024-05-20,4,2024-06-17,17.686874,14.349892
42,2024,Cauca,2024-05-27,1,2024-06-03,20.592575,20.068707
42,2024,Cauca,2024-05-27,2,2024-06-10,17.750042,18.831202
42,2024,Cauca,2024-05-27,3,2024-06-17,17.686874,17.75572
42,2024,Cauca,2024-05-27,4,2024-06-24,12.822981,16.841534
42,2024,Cauca,2024-06-03,1,2024-06-10,17.750042,19.473726
42,2024,Cauca,2024-06-03,2,2024-06-17,17.686874,18.668127
42,2024,Cauca,2024-06-03,3,2024-06-24,12.822981,17.286594
42,2024,Cauca,2024-06-03,4,2024-07-01,12.570314,16.3636
42,2024,Cauca,2024-06-10,1,2024-06-17,17.686874,19.47538
42,2024,Cauca,2024-06-10,2,2024-06-24,12.822981,17.930424
42,2024,Cauca,2024-06-10,3,2024-07-01,12.570314,16.686018
42,2024,Cauca,2024-06-10,4,2024-07-08,10.864792,16.192835
42,2024,Cauca,2024-06-17,1,2024-06-24,12.822981,16.316574
42,2024,Cauca,2024-06-17,2,2024-07-01,12.570314,14.938432
42,2024,Cauca,2024-06-17,3,2024-07-08,10.864792,13.753385
42,2024,Cauca,2024-06-17,4,2024-07-15,10.296286,13.097867
42,2024,Cauca,2024-06-24,1,2024-07-01,12.570314,16.394485
42,2024,Cauca,2024-06-24,2,2024-07-08,10.864792,14.6804905
42,2024,Cauca,2024-06-24,3,2024-07-15,10.296286,13.394313
42,2024,Cauca,2024-06-24,4,2024-07-22,11.0542965,13.229107
42,2024,Cauca,2024-07-01,1,2024-07-08,10.864792,13.012119
42,2024,Cauca,2024-07-01,2,2024-07-15,10.296286,11.461345
42,2024,Cauca,2024-07-01,3,2024-07-22,11.0542965,10.516828
42,2024,Cauca,2024-07-01,4,2024-07-29,10.043617,10.232411
42,2024,Cauca,2024-07-08,1,2024-07-15,10.296286,11.880743
42,2024,Cauca,2024-07-08,2,2024-07-22,11.0542965,10.111602
42,2024,Cauca,2024-07-08,3,2024-07-29,10.043617,9.3220825
42,2024,Cauca,2024-07-08,4,2024-08-05,9.664612,9.16475
42,2024,Cauca,2024-07-15,1,2024-07-22,11.0542965,10.297503
42,2024,Cauca,2024-07-15,2,2024-07-29,10.043617,8.785607
42,2024,Cauca,2024-07-15,3,2024-08-05,9.664612,8.092476
42,2024,Cauca,2024-07-15,4,2024-08-12,8.148596,7.840989
42,2024,Cauca,2024-07-22,1,2024-07-29,10.043617,9.378529
42,2024,Cauca,2024-07-22,2,2024-08-05,9.664612,7.9925127
42,2024,Cauca,2024-07-22,3,2024-08-12,8.148596,7.491197
42,2024,Cauca,2024-07-22,4,2024-08-19,8.085427,7.1597037
42,2024,Cauca,2024-07-29,1,2024-08-05,9.664612,9.297659
42,2024,Cauca,2024-07-29,2,2024-08-12,8.148596,7.9909306
42,2024,Cauca,2024-07-29,3,2024-08-19,8.085427,7.427844
42,2024,Cauca,2024-07-29,4,2024-08-26,7.51692,7.147053
42,2024,Cauca,2024-08-05,1,2024-08-12,8.148596,8.653399
42,2024,Cauca,2024-08-05,2,2024-08-19,8.085427,7.7084765
42,2024,Cauca,2024-08-05,3,2024-08-26,7.51692,7.1565704
42,2024,Cauca,2024-08-05,4,2024-09-02,5.3060617,6.9546046
42,2024,Cauca,2024-08-12,1,2024-08-19,8.085427,8.394939
42,2024,Cauca,2024-08-12,2,2024-08-26,7.51692,7.543644
42,2024,Cauca,2024-08-12,3,2024-09-02,5.3060617,7.0613685
42,2024,Cauca,2024-08-12,4,2024-09-09,6.8220787,6.829609
42,2024,Cauca,2024-08-19,1,2024-08-26,7.51692,7.5871763
42,2024,Cauca,2024-08-19,2,2024-09-02,5.3060617,6.957691
42,2024,Cauca,2024-08-19,3,2024-09-09,6.8220787,6.3534327
42,2024,Cauca,2024-08-19,4,2024-09-16,5.3692293,6.208865
42,2024,Cauca,2024-08-26,1,2024-09-02,5.3060617,7.43233
42,2024,Cauca,2024-08-26,2,2024-09-09,6.8220787,6.8903174
42,2024,Cauca,2024-08-26,3,2024-09-16,5.3692293,6.2398667
42,2024,Cauca,2024-08-26,4,2024-09-23,5.3060617,6.1781926
42,2024,Cauca,2024-09-02,1,2024-09-09,6.8220787,6.9506288
42,2024,Cauca,2024-09-02,2,2024-09-16,5.3692293,6.562355
42,2024,Cauca,2024-09-02,3,2024-09-23,5.3060617,5.889639
42,2024,Cauca,2024-09-02,4,2024-09-30,4.1690483,5.9077725
42,2024,Cauca,2024-09-09,1,2024-09-16,5.3692293,5.8270073
42,2024,Cauca,2024-09-09,2,2024-09-23,5.3060617,5.5789123
42,2024,Cauca,2024-09-09,3,2024-09-30,4.1690483,5.089448
42,2024,Cauca,2024-09-09,4,2024-10-07,3.1583703,5.079322
42,2024,Cauca,2024-09-16,1,2024-09-23,5.3060617,5.774175
42,2024,Cauca,2024-09-16,2,2024-09-30,4.1690483,5.545342
42,2024,Cauca,2024-09-16,3,2024-10-07,3.1583703,5.0297422
42,2024,Cauca,2024-09-16,4,2024-10-14,3.095203,5.014183
42,2024,Cauca,2024-09-23,1,2024-09-30,4.1690483,5.385439
42,2024,Cauca,2024-09-23,2,2024-10-07,3.1583703,5.209011
42,2024,Cauca,2024-09-23,3,2024-10-14,3.095203,4.767628
42,2024,Cauca,2024-09-23,4,2024-10-21,4.1690483,4.856373
42,2024,Cauca,2024-09-30,1,2024-10-07,3.1583703,4.846407
42,2024,Cauca,2024-09-30,2,2024-10-14,3.095203,4.7836785
42,2024,Cauca,2024-09-30,3,2024-10-21,4.1690483,4.532352
42,2024,Cauca,2024-09-30,4,2024-10-28,3.1583703,4.666511
42,2024,Cauca,2024-10-07,1,2024-10-14,3.095203,3.914688
42,2024,Cauca,2024-10-07,2,2024-10-21,4.1690483,3.8496106
42,2024,Cauca,2024-10-07,3,2024-10-28,3.1583703,3.7476883
42,2024,Cauca,2024-10-07,4,2024-11-04,3.6005418,3.7103536
42,2024,Cauca,2024-10-14,1,2024-10-21,4.1690483,3.3399734
42,2024,Cauca,2024-10-14,2,2024-10-28,3.1583703,3.2483492
42,2024,Cauca,2024-10-14,3,2024-11-04,3.6005418,3.2746124
42,2024,Cauca,2024-10-14,4,2024-11-11,4.9270577,3.1145606
42,2024,Cauca,2024-10-21,1,2024-10-28,3.1583703,2.7803202
42,2024,Cauca,2024-10-21,2,2024-11-04,3.6005418,2.667928
42,2024,Cauca,2024-10-21,3,2024-11-11,4.9270577,2.8398004
42,2024,Cauca,2024-10-21,4,2024-11-18,3.4110398,2.607396
42,2024,Cauca,2024-10-28,1,2024-11-04,3.6005418,2.6172853
42,2024,Cauca,2024-10-28,2,2024-11-11,4.9270577,2.6422248
42,2024,Cauca,2024-10-28,3,2024-11-18,3.4110398,2.8538163
42,2024,Cauca,2024-10-28,4,2024-11-25,3.9795465,2.6883497
42,2024,Cauca,2024-11-04,1,2024-11-11,4.9270577,2.4398673
42,2024,Cauca,2024-11-04,2,2024-11-18,3.4110398,2.4753115
42,2024,Cauca,2024-11-04,3,2024-11-25,3.9795465,2.6871839
42,2024,Cauca,2024-11-04,4,2024-12-02,3.4742072,2.4793897
42,2024,Cauca,2024-11-11,1,2024-11-18,3.4110398,2.7367556
42,2024,Cauca,2024-11-11,2,2024-11-25,3.9795465,2.8459032
42,2024,Cauca,2024-11-11,3,2024-12-02,3.4742072,2.9819458
42,2024,Cauca,2024-11-11,4,2024-12-09,3.1583703,2.923095
42,2024,Cauca,2024-11-18,1,2024-11-25,3.9795465,3.4831083
42,2024,Cauca,2024-11-18,2,2024-12-02,3.4742072,3.7262065
42,2024,Cauca,2024-11-18,3,2024-12-09,3.1583703,3.7242239
42,2024,Cauca,2024-11-18,4,2024-12-16,3.7900443,3.8852887
42,2024,Cesar,2024-01-22,1,2024-01-29,5.9007945,5.2818947
42,2024,Cesar,2024-01-22,2,2024-02-05,6.317321,5.0354137
42,2024,Cesar,2024-01-22,3,2024-02-12,5.9007945,4.646973
42,2024,Cesar,2024-01-22,4,2024-02-19,4.37353,4.344997
42,2024,Cesar,2024-01-29,1,2024-02-05,6.317321,4.9439855
42,2024,Cesar,2024-01-29,2,2024-02-12,5.9007945,4.705605
42,2024,Cesar,2024-01-29,3,2024-02-19,4.37353,4.464125
42,2024,Cesar,2024-01-29,4,2024-02-26,5.62311,4.1871924
42,2024,Cesar,2024-02-05,1,2024-02-12,5.9007945,5.1237435
42,2024,Cesar,2024-02-05,2,2024-02-19,4.37353,4.873754
42,2024,Cesar,2024-02-05,3,2024-02-26,5.62311,4.694276
42,2024,Cesar,2024-02-05,4,2024-03-04,4.9288993,4.528929
42,2024,Cesar,2024-02-12,1,2024-02-19,4.37353,5.0759325
42,2024,Cesar,2024-02-12,2,2024-02-26,5.62311,4.796247
42,2024,Cesar,2024-02-12,3,2024-03-04,4.9288993,4.583723
42,2024,Cesar,2024-02-12,4,2024-03-11,4.304109,4.4658947
42,2024,Cesar,2024-02-19,1,2024-02-26,5.62311,5.403412
42,2024,Cesar,2024-02-19,2,2024-03-04,4.9288993,5.1937394
42,2024,Cesar,2024-02-19,3,2024-03-11,4.304109,5.016133
42,2024,Cesar,2024-02-19,4,2024-03-18,4.720636,5.043576
42,2024,Cesar,2024-02-26,1,2024-03-04,4.9288993,5.0662155
42,2024,Cesar,2024-02-26,2,2024-03-11,4.304109,5.006878
42,2024,Cesar,2024-02-26,3,2024-03-18,4.720636,4.9161363
42,2024,Cesar,2024-02-26,4,2024-03-25,3.679319,4.9399424
42,2024,Cesar,2024-03-04,1,2024-03-11,4.304109,4.8957853
42,2024,Cesar,2024-03-04,2,2024-03-18,4.720636,4.728233
42,2024,Cesar,2024-03-04,3,2024-03-25,3.679319,4.670224
42,2024,Cesar,2024-03-04,4,2024-04-01,3.5404766,4.593657
42,2024,Cesar,2024-03-11,1,2024-03-18,4.720636,4.386438
42,2024,Cesar,2024-03-11,2,2024-03-25,3.679319,4.201493
42,2024,Cesar,2024-03-11,3,2024-04-01,3.5404766,4.2949767
42,2024,Cesar,2024-03-11,4,2024-04-08,2.9156866,4.2109594
42,2024,Cesar,2024-03-18,1,2024-03-25,3.679319,3.9546115
42,2024,Cesar,2024-03-18,2,2024-04-01,3.5404766,3.7773707
42,2024,Cesar,2024-03-18,3,2024-04-08,2.9156866,3.86468
42,2024,Cesar,2024-03-18,4,2024-04-15,4.0958457,3.8036864
42,2024,Cesar,2024-03-25,1,2024-04-01,3.5404766,4.5087247
42,2024,Cesar,2024-03-25,2,2024-04-08,2.9156866,4.345911
42,2024,Cesar,2024-03-25,3,2024-04-15,4.0958457,4.248749
42,2024,Cesar,2024-03-25,4,2024-04-22,4.512372,4.399481
42,2024,Cesar,2024-04-01,1,2024-04-08,2.9156866,4.0001235
42,2024,Cesar,2024-04-01,2,2024-04-15,4.0958457,3.9543028
42,2024,Cesar,2024-04-01,3,2024-04-22,4.512372,3.96704
42,2024,Cesar,2024-04-01,4,2024-04-29,2.9156866,4.1003685
42,2024,Cesar,2024-04-08,1,2024-04-15,4.0958457,4.216058
42,2024,Cesar,2024-04-08,2,2024-04-22,4.512372,4.221045
42,2024,Cesar,2024-04-08,3,2024-04-29,2.9156866,4.199485
42,2024,Cesar,2024-04-08,4,2024-05-06,2.9156866,4.35315
42,2024,Cesar,2024-04-15,1,2024-04-22,4.512372,4.067726
42,2024,Cesar,2024-04-15,2,2024-04-29,2.9156866,4.092507
42,2024,Cesar,2024-04-15,3,2024-05-06,2.9156866,4.110249
42,2024,Cesar,2024-04-15,4,2024-05-13,4.0264244,4.191536
42,2024,Cesar,2024-04-22,1,2024-04-29,2.9156866,3.94876
42,2024,Cesar,2024-04-22,2,2024-05-06,2.9156866,3.9177139
42,2024,Cesar,2024-04-22,3,2024-05-13,4.0264244,4.012819
42,2024,Cesar,2024-04-22,4,2024-05-20,4.0264244,3.9674325
42,2024,Cesar,2024-04-29,1,2024-05-06,2.9156866,4.3101087
42,2024,Cesar,2024-04-29,2,2024-05-13,4.0264244,4.3802276
42,2024,Cesar,2024-04-29,3,2024-05-20,4.0264244,4.3990383
42,2024,Cesar,2024-04-29,4,2024-05-27,3.887582,4.6205335
42,2024,Cesar,2024-05-06,1,2024-05-13,4.0264244,3.8367918
42,2024,Cesar,2024-05-06,2,2024-05-20,4.0264244,3.953154
42,2024,Cesar,2024-05-06,3,2024-05-27,3.887582,3.9389744
42,2024,Cesar,2024-05-06,4,2024-06-03,4.304109,4.124048
42,2024,Cesar,2024-05-13,1,2024-05-20,4.0264244,4.265235
42,2024,Cesar,2024-05-13,2,2024-05-27,3.887582,4.366329
42,2024,Cesar,2024-05-13,3,2024-06-03,4.304109,4.343003
42,2024,Cesar,2024-05-13,4,2024-06-10,4.512372,4.5769486
42,2024,Cesar,2024-05-20,1,2024-05-27,3.887582,4.891254
42,2024,Cesar,2024-05-20,2,2024-06-03,4.304109,4.993634
42,2024,Cesar,2024-05-20,3,2024-06-10,4.512372,5.012921
42,2024,Cesar,2024-05-20,4,2024-06-17,4.99832,5.2563143
42,2024,Cesar,2024-05-27,1,2024-06-03,4.304109,5.1729507
42,2024,Cesar,2024-05-27,2,2024-06-10,4.512372,5.4201794
42,2024,Cesar,2024-05-27,3,2024-06-17,4.99832,5.475012
42,2024,Cesar,2024-05-27,4,2024-06-24,4.5817933,5.6837053
42,2024,Cesar,2024-06-03,1,2024-06-10,4.512372,5.1943345
42,2024,Cesar,2024-06-03,2,2024-06-17,4.99832,5.374716
42,2024,Cesar,2024-06-03,3,2024-06-24,4.5817933,5.466846
42,2024,Cesar,2024-06-03,4,2024-07-01,4.9288993,5.549908
42,2024,Cesar,2024-06-10,1,2024-06-17,4.99832,5.1560674
42,2024,Cesar,2024-06-10,2,2024-06-24,4.5817933,5.27229
42,2024,Cesar,2024-06-10,3,2024-07-01,4.9288993,5.120783
42,2024,Cesar,2024-06-10,4,2024-07-08,5.1371617,5.3182106
42,2024,Cesar,2024-06-17,1,2024-06-24,4.5817933,5.2481403
42,2024,Cesar,2024-06-17,2,2024-07-01,4.9288993,5.319958
42,2024,Cesar,2024-06-17,3,2024-07-08,5.1371617,5.192794
42,2024,Cesar,2024-06-17,4,2024-07-15,4.5817933,5.5077558
42,2024,Cesar,2024-06-24,1,2024-07-01,4.9288993,5.6696277
42,2024,Cesar,2024-06-24,2,2024-07-08,5.1371617,5.6941156
42,2024,Cesar,2024-06-24,3,2024-07-15,4.5817933,5.6574216
42,2024,Cesar,2024-06-24,4,2024-07-22,5.692531,5.8728437
42,2024,Cesar,2024-07-01,1,2024-07-08,5.1371617,5.6269784
42,2024,Cesar,2024-07-01,2,2024-07-15,4.5817933,5.606964
42,2024,Cesar,2024-07-01,3,2024-07-22,5.692531,5.5969744
42,2024,Cesar,2024-07-01,4,2024-07-29,5.4148464,5.7757792
42,2024,Cesar,2024-07-08,1,2024-07-15,4.5817933,5.534525
42,2024,Cesar,2024-07-08,2,2024-07-22,5.692531,5.386321
42,2024,Cesar,2024-07-08,3,2024-07-29,5.4148464,5.256457
42,2024,Cesar,2024-07-08,4,2024-08-05,5.553689,5.1771636
42,2024,Cesar,2024-07-15,1,2024-07-22,5.692531,5.287327
42,2024,Cesar,2024-07-15,2,2024-07-29,5.4148464,5.097023
42,2024,Cesar,2024-07-15,3,2024-08-05,5.553689,4.9099174
42,2024,Cesar,2024-07-15,4,2024-08-12,4.234688,4.792444
42,2024,Cesar,2024-07-22,1,2024-07-29,5.4148464,4.9595523
42,2024,Cesar,2024-07-22,2,2024-08-05,5.553689,4.769921
42,2024,Cesar,2024-07-22,3,2024-08-12,4.234688,4.592171
42,2024,Cesar,2024-07-22,4,2024-08-19,3.887582,4.4412103
42,2024,Cesar,2024-07-29,1,2024-08-05,5.553689,5.4197345
42,2024,Cesar,2024-07-29,2,2024-08-12,4.234688,5.158092
42,2024,Cesar,2024-07-29,3,2024-08-19,3.887582,4.995158
42,2024,Cesar,2024-07-29,4,2024-08-26,4.9288993,4.905434
42,2024,Cesar,2024-08-05,1,2024-08-12,4.234688,5.491276
42,2024,Cesar,2024-08-05,2,2024-08-19,3.887582,5.3580785
42,2024,Cesar,2024-08-05,3,2024-08-26,4.9288993,5.154616
42,2024,Cesar,2024-08-05,4,2024-09-02,3.193371,5.1058946
42,2024,Cesar,2024-08-12,1,2024-08-19,3.887582,5.6662
42,2024,Cesar,2024-08-12,2,2024-08-26,4.9288993,5.433579
42,2024,Cesar,2024-08-12,3,2024-09-02,3.193371,5.262897
42,2024,Cesar,2024-08-12,4,2024-09-09,4.0264244,5.1573415
42,2024,Cesar,2024-08-19,1,2024-08-26,4.9288993,5.0332584
42,2024,Cesar,2024-08-19,2,2024-09-02,3.193371,4.8315234
42,2024,Cesar,2024-08-19,3,2024-09-09,4.0264244,4.6784267
42,2024,Cesar,2024-08-19,4,2024-09-16,3.5404766,4.5404177
42,2024,Cesar,2024-08-26,1,2024-09-02,3.193371,4.611633
42,2024,Cesar,2024-08-26,2,2024-09-09,4.0264244,4.3841863
42,2024,Cesar,2024-08-26,3,2024-09-16,3.5404766,4.2896314
42,2024,Cesar,2024-08-26,4,2024-09-23,3.3322132,4.150603
42,2024,Cesar,2024-09-02,1,2024-09-09,4.0264244,4.508581
42,2024,Cesar,2024-09-02,2,2024-09-16,3.5404766,4.346713
42,2024,Cesar,2024-09-02,3,2024-09-23,3.3322132,4.240393
42,2024,Cesar,2024-09-02,4,2024-09-30,3.887582,4.263304
42,2024,Cesar,2024-09-09,1,2024-09-16,3.5404766,3.9706473
42,2024,Cesar,2024-09-09,2,2024-09-23,3.3322132,3.8669517
42,2024,Cesar,2024-09-09,3,2024-09-30,3.887582,3.8467972
42,2024,Cesar,2024-09-09,4,2024-10-07,3.679319,3.8540885
42,2024,Cesar,2024-09-16,1,2024-09-23,3.3322132,3.958578
42,2024,Cesar,2024-09-16,2,2024-09-30,3.887582,3.8022234
42,2024,Cesar,2024-09-16,3,2024-10-07,3.679319,3.8547134
42,2024,Cesar,2024-09-16,4,2024-10-14,3.74874,3.842845
42,2024,Cesar,2024-09-23,1,2024-09-30,3.887582,4.175736
42,2024,Cesar,2024-09-23,2,2024-10-07,3.679319,4.0996866
42,2024,Cesar,2024-09-23,3,2024-10-14,3.74874,4.1655626
42,2024,Cesar,2024-09-23,4,2024-10-21,3.4710555,4.2227592
42,2024,Cesar,2024-09-30,1,2024-10-07,3.679319,3.856413
42,2024,Cesar,2024-09-30,2,2024-10-14,3.74874,3.8127277
42,2024,Cesar,2024-09-30,3,2024-10-21,3.4710555,3.8817992
42,2024,Cesar,2024-09-30,4,2024-10-28,3.12395,3.944252
42,2024,Cesar,2024-10-07,1,2024-10-14,3.74874,3.984417
42,2024,Cesar,2024-10-07,2,2024-10-21,3.4710555,4.046265
42,2024,Cesar,2024-10-07,3,2024-10-28,3.12395,4.0659027
42,2024,Cesar,2024-10-07,4,2024-11-04,4.5817933,4.218525
42,2024,Cesar,2024-10-14,1,2024-10-21,3.4710555,4.2788606
42,2024,Cesar,2024-10-14,2,2024-10-28,3.12395,4.3408065
42,2024,Cesar,2024-10-14,3,2024-11-04,4.5817933,4.3166037
42,2024,Cesar,2024-10-14,4,2024-11-11,2.8462653,4.495359
42,2024,Cesar,2024-10-21,1,2024-10-28,3.12395,4.2509775
42,2024,Cesar,2024-10-21,2,2024-11-04,4.5817933,4.3404245
42,2024,Cesar,2024-10-21,3,2024-11-11,2.8462653,4.2958527
42,2024,Cesar,2024-10-21,4,2024-11-18,2.9851077,4.424022
42,2024,Cesar,2024-10-28,1,2024-11-04,4.5817933,4.297501
42,2024,Cesar,2024-10-28,2,2024-11-11,2.8462653,4.4133897
42,2024,Cesar,2024-10-28,3,2024-11-18,2.9851077,4.3601747
42,2024,Cesar,2024-10-28,4,2024-11-25,3.74874,4.5583715
42,2024,Cesar,2024-11-04,1,2024-11-11,2.8462653,3.9969435
42,2024,Cesar,2024-11-04,2,2024-11-18,2.9851077,4.12423
42,2024,Cesar,2024-11-04,3,2024-11-25,3.74874,4.1450214
42,2024,Cesar,2024-11-04,4,2024-12-02,4.0958457,4.325215
42,2024,Cesar,2024-11-11,1,2024-11-18,2.9851077,4.520172
42,2024,Cesar,2024-11-11,2,2024-11-25,3.74874,4.6959133
42,2024,Cesar,2024-11-11,3,2024-12-02,4.0958457,4.662553
42,2024,Cesar,2024-11-11,4,2024-12-09,4.442951,4.8102093
42,2024,Cesar,2024-11-18,1,2024-11-25,3.74874,3.8904738
42,2024,Cesar,2024-11-18,2,2024-12-02,4.0958457,4.001119
42,2024,Cesar,2024-11-18,3,2024-12-09,4.442951,3.990407
42,2024,Cesar,2024-11-18,4,2024-12-16,4.0264244,4.0636544
42,2024,Choco,2024-01-22,1,2024-01-29,10.577894,6.8873515
42,2024,Choco,2024-01-22,2,2024-02-05,11.601561,7.0548577
42,2024,Choco,2024-01-22,3,2024-02-12,7.677504,6.7728767
42,2024,Choco,2024-01-22,4,2024-02-19,8.359948,6.904345
42,2024,Choco,2024-01-29,1,2024-02-05,11.601561,7.618071
42,2024,Choco,2024-01-29,2,2024-02-12,7.677504,7.753907
42,2024,Choco,2024-01-29,3,2024-02-19,8.359948,7.4068666
42,2024,Choco,2024-01-29,4,2024-02-26,7.165671,7.4506936
42,2024,Choco,2024-02-05,1,2024-02-12,7.677504,9.062549
42,2024,Choco,2024-02-05,2,2024-02-19,8.359948,9.158214
42,2024,Choco,2024-02-05,3,2024-02-26,7.165671,8.771067
42,2024,Choco,2024-02-05,4,2024-03-04,8.359948,8.770834
42,2024,Choco,2024-02-12,1,2024-02-19,8.359948,10.436443
42,2024,Choco,2024-02-12,2,2024-02-26,7.165671,10.4426775
42,2024,Choco,2024-02-12,3,2024-03-04,8.359948,10.010963
42,2024,Choco,2024-02-12,4,2024-03-11,10.407283,9.961469
42,2024,Choco,2024-02-19,1,2024-02-26,7.165671,8.592123
42,2024,Choco,2024-02-19,2,2024-03-04,8.359948,8.589571
42,2024,Choco,2024-02-19,3,2024-03-11,10.407283,8.238173
42,2024,Choco,2024-02-19,4,2024-03-18,11.089726,8.108005
42,2024,Choco,2024-02-26,1,2024-03-04,8.359948,8.194049
42,2024,Choco,2024-02-26,2,2024-03-11,10.407283,8.069077
42,2024,Choco,2024-02-26,3,2024-03-18,11.089726,7.6124597
42,2024,Choco,2024-02-26,4,2024-03-25,4.2652802,7.4807186
42,2024,Choco,2024-03-04,1,2024-03-11,10.407283,7.0640235
42,2024,Choco,2024-03-04,2,2024-03-18,11.089726,6.9278917
42,2024,Choco,2024-03-04,3,2024-03-25,4.2652802,6.529595
42,2024,Choco,2024-03-04,4,2024-04-01,8.018726,6.546971
42,2024,Choco,2024-03-11,1,2024-03-18,11.089726,7.340913
42,2024,Choco,2024-03-11,2,2024-03-25,4.2652802,7.1799183
42,2024,Choco,2024-03-11,3,2024-04-01,8.018726,6.893887
42,2024,Choco,2024-03-11,4,2024-04-08,9.383617,6.951552
42,2024,Choco,2024-03-18,1,2024-03-25,4.2652802,8.557126
42,2024,Choco,2024-03-18,2,2024-04-01,8.018726,8.455919
42,2024,Choco,2024-03-18,3,2024-04-08,9.383617,8.172073
42,2024,Choco,2024-03-18,4,2024-04-15,11.942782,8.343584
42,2024,Choco,2024-03-25,1,2024-04-01,8.018726,9.086092
42,2024,Choco,2024-03-25,2,2024-04-08,9.383617,9.132141
42,2024,Choco,2024-03-25,3,2024-04-15,11.942782,8.793646
42,2024,Choco,2024-03-25,4,2024-04-22,6.8244476,8.957979
42,2024,Choco,2024-04-01,1,2024-04-08,9.383617,6.294753
42,2024,Choco,2024-04-01,2,2024-04-15,11.942782,6.206679
42,2024,Choco,2024-04-01,3,2024-04-22,6.8244476,6.018826
42,2024,Choco,2024-04-01,4,2024-04-29,9.213004,6.063664
42,2024,Choco,2024-04-08,1,2024-04-15,11.942782,7.116912
42,2024,Choco,2024-04-08,2,2024-04-22,6.8244476,6.832527
42,2024,Choco,2024-04-08,3,2024-04-29,9.213004,6.440966
42,2024,Choco,2024-04-08,4,2024-05-06,6.6538367,6.6777477
42,2024,Choco,2024-04-15,1,2024-04-22,6.8244476,7.8798842
42,2024,Choco,2024-04-15,2,2024-04-29,9.213004,7.743311
42,2024,Choco,2024-04-15,3,2024-05-06,6.6538367,7.3358493
42,2024,Choco,2024-04-15,4,2024-05-13,7.677504,7.6339564
42,2024,Choco,2024-04-22,1,2024-04-29,9.213004,9.99607
42,2024,Choco,2024-04-22,2,2024-05-06,6.6538367,9.9043865
42,2024,Choco,2024-04-22,3,2024-05-13,7.677504,9.649763
42,2024,Choco,2024-04-22,4,2024-05-20,9.213004,10.0829735
42,2024,Choco,2024-04-29,1,2024-05-06,6.6538367,7.8071766
42,2024,Choco,2024-04-29,2,2024-05-13,7.677504,7.647355
42,2024,Choco,2024-04-29,3,2024-05-20,9.213004,7.340865
42,2024,Choco,2024-04-29,4,2024-05-27,6.483225,7.4747276
42,2024,Choco,2024-05-06,1,2024-05-13,7.677504,7.909461
42,2024,Choco,2024-05-06,2,2024-05-20,9.213004,7.634057
42,2024,Choco,2024-05-06,3,2024-05-27,6.483225,7.207518
42,2024,Choco,2024-05-06,4,2024-06-03,8.701171,7.3438287
42,2024,Choco,2024-05-13,1,2024-05-20,9.213004,6.9130054
42,2024,Choco,2024-05-13,2,2024-05-27,6.483225,6.585955
42,2024,Choco,2024-05-13,3,2024-06-03,8.701171,6.25859
42,2024,Choco,2024-05-13,4,2024-06-10,5.9713917,6.4518366
42,2024,Choco,2024-05-20,1,2024-05-27,6.483225,6.8975577
42,2024,Choco,2024-05-20,2,2024-06-03,8.701171,6.590174
42,2024,Choco,2024-05-20,3,2024-06-10,5.9713917,6.332129
42,2024,Choco,2024-05-20,4,2024-06-17,7.506893,6.5602527
42,2024,Choco,2024-05-27,1,2024-06-03,8.701171,7.1734424
42,2024,Choco,2024-05-27,2,2024-06-10,5.9713917,6.8470187
42,2024,Choco,2024-05-27,3,2024-06-17,7.506893,6.4295125
42,2024,Choco,2024-05-27,4,2024-06-24,6.6538367,6.54226
42,2024,Choco,2024-06-03,1,2024-06-10,5.9713917,6.018616
42,2024,Choco,2024-06-03,2,2024-06-17,7.506893,5.735651
42,2024,Choco,2024-06-03,3,2024-06-24,6.6538367,5.393896
42,2024,Choco,2024-06-03,4,2024-07-01,5.288947,5.4974446
42,2024,Choco,2024-06-10,1,2024-06-17,7.506893,6.671845
42,2024,Choco,2024-06-10,2,2024-06-24,6.6538367,6.181531
42,2024,Choco,2024-06-10,3,2024-07-01,5.288947,5.7670097
42,2024,Choco,2024-06-10,4,2024-07-08,7.165671,5.922837
42,2024,Choco,2024-06-17,1,2024-06-24,6.6538367,5.1041255
42,2024,Choco,2024-06-17,2,2024-07-01,5.288947,4.7566295
42,2024,Choco,2024-06-17,3,2024-07-08,7.165671,4.445504
42,2024,Choco,2024-06-17,4,2024-07-15,8.359948,4.507782
42,2024,Choco,2024-06-24,1,2024-07-01,5.288947,5.401606
42,2024,Choco,2024-06-24,2,2024-07-08,7.165671,5.029337
42,2024,Choco,2024-06-24,3,2024-07-15,8.359948,4.74052
42,2024,Choco,2024-06-24,4,2024-07-22,5.1183357,4.8250437
42,2024,Choco,2024-07-01,1,2024-07-08,7.165671,5.20835
42,2024,Choco,2024-07-01,2,2024-07-15,8.359948,4.883359
42,2024,Choco,2024-07-01,3,2024-07-22,5.1183357,4.6343246
42,2024,Choco,2024-07-01,4,2024-07-29,3.2416127,4.7383337
42,2024,Choco,2024-07-08,1,2024-07-15,8.359948,4.5336633
42,2024,Choco,2024-07-08,2,2024-07-22,5.1183357,4.1856604
42,2024,Choco,2024-07-08,3,2024-07-29,3.2416127,3.975779
42,2024,Choco,2024-07-08,4,2024-08-05,3.5828354,3.987519
42,2024,Choco,2024-07-15,1,2024-07-22,5.1183357,4.9686375
42,2024,Choco,2024-07-15,2,2024-07-29,3.2416127,4.642817
42,2024,Choco,2024-07-15,3,2024-08-05,3.5828354,4.3635354
42,2024,Choco,2024-07-15,4,2024-08-12,3.9240575,4.335549
42,2024,Choco,2024-07-22,1,2024-07-29,3.2416127,5.6223645
42,2024,Choco,2024-07-22,2,2024-08-05,3.5828354,5.3322086
42,2024,Choco,2024-07-22,3,2024-08-12,3.9240575,4.98196
42,2024,Choco,2024-07-22,4,2024-08-19,2.9003901,5.015841
42,2024,Choco,2024-07-29,1,2024-08-05,3.5828354,4.505173
42,2024,Choco,2024-07-29,2,2024-08-12,3.9240575,4.294763
42,2024,Choco,2024-07-29,3,2024-08-19,2.9003901,4.049081
42,2024,Choco,2024-07-29,4,2024-08-26,2.9003901,4.0458374
42,2024,Choco,2024-08-05,1,2024-08-12,3.9240575,3.5917742
42,2024,Choco,2024-08-05,2,2024-08-19,2.9003901,3.37543
42,2024,Choco,2024-08-05,3,2024-08-26,2.9003901,3.0916262
42,2024,Choco,2024-08-05,4,2024-09-02,5.1183357,3.097734
42,2024,Choco,2024-08-12,1,2024-08-19,2.9003901,3.1312673
42,2024,Choco,2024-08-12,2,2024-08-26,2.9003901,2.8402603
42,2024,Choco,2024-08-12,3,2024-09-02,5.1183357,2.637497
42,2024,Choco,2024-08-12,4,2024-09-09,4.2652802,2.6821022
42,2024,Choco,2024-08-19,1,2024-08-26,2.9003901,2.8619401
42,2024,Choco,2024-08-19,2,2024-09-02,5.1183357,2.6307526
42,2024,Choco,2024-08-19,3,2024-09-09,4.2652802,2.4970222
42,2024,Choco,2024-08-19,4,2024-09-16,4.2652802,2.4943666
42,2024,Choco,2024-08-26,1,2024-09-02,5.1183357,2.4682448
42,2024,Choco,2024-08-26,2,2024-09-09,4.2652802,2.2864263
42,2024,Choco,2024-08-26,3,2024-09-16,4.2652802,2.1760044
42,2024,Choco,2024-08-26,4,2024-09-23,3.7534466,2.1566105
42,2024,Choco,2024-09-02,1,2024-09-09,4.2652802,2.1167362
42,2024,Choco,2024-09-02,2,2024-09-16,4.2652802,1.909961
42,2024,Choco,2024-09-02,3,2024-09-23,3.7534466,1.8683431
42,2024,Choco,2024-09-02,4,2024-09-30,4.435891,1.830791
42,2024,Choco,2024-09-09,1,2024-09-16,4.2652802,2.59099
42,2024,Choco,2024-09-09,2,2024-09-23,3.7534466,2.428067
42,2024,Choco,2024-09-09,3,2024-09-30,4.435891,2.3994277
42,2024,Choco,2024-09-09,4,2024-10-07,3.4122238,2.4145744
42,2024,Choco,2024-09-16,1,2024-09-23,3.7534466,2.6408296
42,2024,Choco,2024-09-16,2,2024-09-30,4.435891,2.493146
42,2024,Choco,2024-09-16,3,2024-10-07,3.4122238,2.495022
42,2024,Choco,2024-09-16,4,2024-10-14,2.7297792,2.5016696
42,2024,Choco,2024-09-23,1,2024-09-30,4.435891,2.83095
42,2024,Choco,2024-09-23,2,2024-10-07,3.4122238,2.7305899
42,2024,Choco,2024-09-23,3,2024-10-14,2.7297792,2.694816
42,2024,Choco,2024-09-23,4,2024-10-21,4.606502,2.7164679
42,2024,Choco,2024-09-30,1,2024-10-07,3.4122238,2.8911572
42,2024,Choco,2024-09-30,2,2024-10-14,2.7297792,2.8280945
42,2024,Choco,2024-09-30,3,2024-10-21,4.606502,2.7242246
42,2024,Choco,2024-09-30,4,2024-10-28,6.312615,2.7777758
42,2024,Choco,2024-10-07,1,2024-10-14,2.7297792,2.970057
42,2024,Choco,2024-10-07,2,2024-10-21,4.606502,2.9143798
42,2024,Choco,2024-10-07,3,2024-10-28,6.312615,2.806573
42,2024,Choco,2024-10-07,4,2024-11-04,2.559168,2.8724859
42,2024,Choco,2024-10-14,1,2024-10-21,4.606502,2.6382024
42,2024,Choco,2024-10-14,2,2024-10-28,6.312615,2.599219
42,2024,Choco,2024-10-14,3,2024-11-04,2.559168,2.5384626
42,2024,Choco,2024-10-14,4,2024-11-11,2.0473344,2.584448
42,2024,Choco,2024-10-21,1,2024-10-28,6.312615,2.191078
42,2024,Choco,2024-10-21,2,2024-11-04,2.559168,2.0647168
42,2024,Choco,2024-10-21,3,2024-11-11,2.0473344,2.0540357
42,2024,Choco,2024-10-21,4,2024-11-18,3.2416127,2.0395048
42,2024,Choco,2024-10-28,1,2024-11-04,2.559168,2.4597316
42,2024,Choco,2024-10-28,2,2024-11-11,2.0473344,2.3219168
42,2024,Choco,2024-10-28,3,2024-11-18,3.2416127,2.3557334
42,2024,Choco,2024-10-28,4,2024-11-25,2.388557,2.359499
42,2024,Choco,2024-11-04,1,2024-11-11,2.0473344,3.023313
42,2024,Choco,2024-11-04,2,2024-11-18,3.2416127,2.8806155
42,2024,Choco,2024-11-04,3,2024-11-25,2.388557,2.9080648
42,2024,Choco,2024-11-04,4,2024-12-02,4.9477243,3.0035808
42,2024,Choco,2024-11-11,1,2024-11-18,3.2416127,2.655892
42,2024,Choco,2024-11-11,2,2024-11-25,2.388557,2.500764
42,2024,Choco,2024-11-11,3,2024-12-02,4.9477243,2.5430918
42,2024,Choco,2024-11-11,4,2024-12-09,2.9003901,2.5357666
42,2024,Choco,2024-11-18,1,2024-11-25,2.388557,2.4328835
42,2024,Choco,2024-11-18,2,2024-12-02,4.9477243,2.3130062
42,2024,Choco,2024-11-18,3,2024-12-09,2.9003901,2.349854
42,2024,Choco,2024-11-18,4,2024-12-16,2.7297792,2.3184972
42,2024,Cordoba,2024-01-22,1,2024-01-29,4.8245196,4.5494947
42,2024,Cordoba,2024-01-22,2,2024-02-05,3.8088315,4.408749
42,2024,Cordoba,2024-01-22,3,2024-02-12,4.316675,4.293963
42,2024,Cordoba,2024-01-22,4,2024-02-19,4.2151065,4.237772
42,2024,Cordoba,2024-01-29,1,2024-02-05,3.8088315,4.2163944
42,2024,Cordoba,2024-01-29,2,2024-02-12,4.316675,4.051518
42,2024,Cordoba,2024-01-29,3,2024-02-19,4.2151065,3.9421365
42,2024,Cordoba,2024-01-29,4,2024-02-26,4.113538,3.8515687
42,2024,Cordoba,2024-02-05,1,2024-02-12,4.316675,4.152207
42,2024,Cordoba,2024-02-05,2,2024-02-19,4.2151065,3.9893243
42,2024,Cordoba,2024-02-05,3,2024-02-26,4.113538,3.8911426
42,2024,Cordoba,2024-02-05,4,2024-03-04,3.5041246,3.831737
42,2024,Cordoba,2024-02-12,1,2024-02-19,4.2151065,3.5281708
42,2024,Cordoba,2024-02-12,2,2024-02-26,4.113538,3.3594298
42,2024,Cordoba,2024-02-12,3,2024-03-04,3.5041246,3.325551
42,2024,Cordoba,2024-02-12,4,2024-03-11,4.2151065,3.2849505
42,2024,Cordoba,2024-02-19,1,2024-02-26,4.113538,3.5978131
42,2024,Cordoba,2024-02-19,2,2024-03-04,3.5041246,3.4084857
42,2024,Cordoba,2024-02-19,3,2024-03-11,4.2151065,3.3710754
42,2024,Cordoba,2024-02-19,4,2024-03-18,5.0276575,3.3920813
42,2024,Cordoba,2024-02-26,1,2024-03-04,3.5041246,3.610208
42,2024,Cordoba,2024-02-26,2,2024-03-11,4.2151065,3.4399512
42,2024,Cordoba,2024-02-26,3,2024-03-18,5.0276575,3.405884
42,2024,Cordoba,2024-02-26,4,2024-03-25,1.9298079,3.393737
42,2024,Cordoba,2024-03-04,1,2024-03-11,4.2151065,3.3100774
42,2024,Cordoba,2024-03-04,2,2024-03-18,5.0276575,3.0871704
42,2024,Cordoba,2024-03-04,3,2024-03-25,1.9298079,3.1553495
42,2024,Cordoba,2024-03-04,4,2024-04-01,3.6056933,3.10362
42,2024,Cordoba,2024-03-11,1,2024-03-18,5.0276575,2.9827254
42,2024,Cordoba,2024-03-11,2,2024-03-25,1.9298079,2.7844117
42,2024,Cordoba,2024-03-11,3,2024-04-01,3.6056933,2.8838468
42,2024,Cordoba,2024-03-11,4,2024-04-08,2.8947115,2.8409493
42,2024,Cordoba,2024-03-18,1,2024-03-25,1.9298079,3.0952542
42,2024,Cordoba,2024-03-18,2,2024-04-01,3.6056933,2.9318929
42,2024,Cordoba,2024-03-18,3,2024-04-08,2.8947115,2.9972754
42,2024,Cordoba,2024-03-18,4,2024-04-15,4.316675,3.0109975
42,2024,Cordoba,2024-03-25,1,2024-04-01,3.6056933,3.8410983
42,2024,Cordoba,2024-03-25,2,2024-04-08,2.8947115,3.6787088
42,2024,Cordoba,2024-03-25,3,2024-04-15,4.316675,3.716594
42,2024,Cordoba,2024-03-25,4,2024-04-22,3.6564782,3.8831482
42,2024,Cordoba,2024-04-01,1,2024-04-08,2.8947115,3.0042896
42,2024,Cordoba,2024-04-01,2,2024-04-15,4.316675,2.9091222
42,2024,Cordoba,2024-04-01,3,2024-04-22,3.6564782,2.976377
42,2024,Cordoba,2024-04-01,4,2024-04-29,2.793143,3.0877297
42,2024,Cordoba,2024-04-08,1,2024-04-15,4.316675,3.4125767
42,2024,Cordoba,2024-04-08,2,2024-04-22,3.6564782,3.3097901
42,2024,Cordoba,2024-04-08,3,2024-04-29,2.793143,3.320173
42,2024,Cordoba,2024-04-08,4,2024-05-06,3.554909,3.5233247
42,2024,Cordoba,2024-04-15,1,2024-04-22,3.6564782,3.21443
42,2024,Cordoba,2024-04-15,2,2024-04-29,2.793143,3.1389406
42,2024,Cordoba,2024-04-15,3,2024-05-06,3.554909,3.1369905
42,2024,Cordoba,2024-04-15,4,2024-05-13,4.316675,3.2952409
42,2024,Cordoba,2024-04-22,1,2024-04-29,2.793143,3.6280742
42,2024,Cordoba,2024-04-22,2,2024-05-06,3.554909,3.6558125
42,2024,Cordoba,2024-04-22,3,2024-05-13,4.316675,3.665977
42,2024,Cordoba,2024-04-22,4,2024-05-20,5.63707,3.902368
42,2024,Cordoba,2024-04-29,1,2024-05-06,3.554909,4.0773396
42,2024,Cordoba,2024-04-29,2,2024-05-13,4.316675,4.1777205
42,2024,Cordoba,2024-04-29,3,2024-05-20,5.63707,4.0999913
42,2024,Cordoba,2024-04-29,4,2024-05-27,4.9260883,4.437038
42,2024,Cordoba,2024-05-06,1,2024-05-13,4.316675,3.6881928
42,2024,Cordoba,2024-05-06,2,2024-05-20,5.63707,3.730368
42,2024,Cordoba,2024-05-06,3,2024-05-27,4.9260883,3.6590889
42,2024,Cordoba,2024-05-06,4,2024-06-03,4.8245196,3.946506
42,2024,Cordoba,2024-05-13,1,2024-05-20,5.63707,4.341767
42,2024,Cordoba,2024-05-13,2,2024-05-27,4.9260883,4.300725
42,2024,Cordoba,2024-05-13,3,2024-06-03,4.8245196,4.2689548
42,2024,Cordoba,2024-05-13,4,2024-06-10,4.36746,4.6176023
42,2024,Cordoba,2024-05-20,1,2024-05-27,4.9260883,4.9167113
42,2024,Cordoba,2024-05-20,2,2024-06-03,4.8245196,4.901743
42,2024,Cordoba,2024-05-20,3,2024-06-10,4.36746,4.9001975
42,2024,Cordoba,2024-05-20,4,2024-06-17,5.3323636,5.29052
42,2024,Cordoba,2024-05-27,1,2024-06-03,4.8245196,5.9860477
42,2024,Cordoba,2024-05-27,2,2024-06-10,4.36746,6.031162
42,2024,Cordoba,2024-05-27,3,2024-06-17,5.3323636,5.969748
42,2024,Cordoba,2024-05-27,4,2024-06-24,6.652758,6.3344827
42,2024,Cordoba,2024-06-03,1,2024-06-10,4.36746,6.1383686
42,2024,Cordoba,2024-06-03,2,2024-06-17,5.3323636,6.1545763
42,2024,Cordoba,2024-06-03,3,2024-06-24,6.652758,6.058782
42,2024,Cordoba,2024-06-03,4,2024-07-01,7.668447,6.3829207
42,2024,Cordoba,2024-06-10,1,2024-06-17,5.3323636,5.756561
42,2024,Cordoba,2024-06-10,2,2024-06-24,6.652758,5.7474356
42,2024,Cordoba,2024-06-10,3,2024-07-01,7.668447,5.4748945
42,2024,Cordoba,2024-06-10,4,2024-07-08,7.9223685,5.7525606
42,2024,Cordoba,2024-06-17,1,2024-06-24,6.652758,5.3196893
42,2024,Cordoba,2024-06-17,2,2024-07-01,7.668447,5.1990614
42,2024,Cordoba,2024-06-17,3,2024-07-08,7.9223685,5.0069165
42,2024,Cordoba,2024-06-17,4,2024-07-15,10.867865,5.2840295
42,2024,Cordoba,2024-06-24,1,2024-07-01,7.668447,5.675293
42,2024,Cordoba,2024-06-24,2,2024-07-08,7.9223685,5.455733
42,2024,Cordoba,2024-06-24,3,2024-07-15,10.867865,5.324812
42,2024,Cordoba,2024-06-24,4,2024-07-22,8.1762905,5.564662
42,2024,Cordoba,2024-07-01,1,2024-07-08,7.9223685,6.5457296
42,2024,Cordoba,2024-07-01,2,2024-07-15,10.867865,6.212907
42,2024,Cordoba,2024-07-01,3,2024-07-22,8.1762905,6.163935
42,2024,Cordoba,2024-07-01,4,2024-07-29,7.9223685,6.412587
42,2024,Cordoba,2024-07-08,1,2024-07-15,10.867865,7.020735
42,2024,Cordoba,2024-07-08,2,2024-07-22,8.1762905,6.7162905
42,2024,Cordoba,2024-07-08,3,2024-07-29,7.9223685,6.576318
42,2024,Cordoba,2024-07-08,4,2024-08-05,7.059034,6.6256695
42,2024,Cordoba,2024-07-15,1,2024-07-22,8.1762905,7.3472214
42,2024,Cordoba,2024-07-15,2,2024-07-29,7.9223685,7.1025405
42,2024,Cordoba,2024-07-15,3,2024-08-05,7.059034,6.848143
42,2024,Cordoba,2024-07-15,4,2024-08-12,6.5004044,6.8061123
42,2024,Cordoba,2024-07-22,1,2024-07-29,7.9223685,9.244229
42,2024,Cordoba,2024-07-22,2,2024-08-05,7.059034,8.898304
42,2024,Cordoba,2024-07-22,3,2024-08-12,6.5004044,8.567122
42,2024,Cordoba,2024-07-22,4,2024-08-19,7.2621713,8.576256
42,2024,Cordoba,2024-07-29,1,2024-08-05,7.059034,8.390943
42,2024,Cordoba,2024-07-29,2,2024-08-12,6.5004044,8.176304
42,2024,Cordoba,2024-07-29,3,2024-08-19,7.2621713,7.9164567
42,2024,Cordoba,2024-07-29,4,2024-08-26,7.9223685,7.8281407
42,2024,Cordoba,2024-08-05,1,2024-08-12,6.5004044,7.9670653
42,2024,Cordoba,2024-08-05,2,2024-08-19,7.2621713,7.605682
42,2024,Cordoba,2024-08-05,3,2024-08-26,7.9223685,7.278267
42,2024,Cordoba,2024-08-05,4,2024-09-02,6.1956987,7.1847467
42,2024,Cordoba,2024-08-12,1,2024-08-19,7.2621713,7.029423
42,2024,Cordoba,2024-08-12,2,2024-08-26,7.9223685,6.6835604
42,2024,Cordoba,2024-08-12,3,2024-09-02,6.1956987,6.3845935
42,2024,Cordoba,2024-08-12,4,2024-09-09,7.109819,6.2913613
42,2024,Cordoba,2024-08-19,1,2024-08-26,7.9223685,6.650303
42,2024,Cordoba,2024-08-19,2,2024-09-02,6.1956987,6.257164
42,2024,Cordoba,2024-08-19,3,2024-09-09,7.109819,6.0170794
42,2024,Cordoba,2024-08-19,4,2024-09-16,7.668447,5.983566
42,2024,Cordoba,2024-08-26,1,2024-09-02,6.1956987,6.6953335
42,2024,Cordoba,2024-08-26,2,2024-09-09,7.109819,6.388385
42,2024,Cordoba,2024-08-26,3,2024-09-16,7.668447,6.1187673
42,2024,Cordoba,2024-08-26,4,2024-09-23,6.957465,6.0862336
42,2024,Cordoba,2024-09-02,1,2024-09-09,7.109819,6.9921494
42,2024,Cordoba,2024-09-02,2,2024-09-16,7.668447,6.750829
42,2024,Cordoba,2024-09-02,3,2024-09-23,6.957465,6.5115895
42,2024,Cordoba,2024-09-02,4,2024-09-30,6.8051114,6.6161504
42,2024,Cordoba,2024-09-09,1,2024-09-16,7.668447,6.3413167
42,2024,Cordoba,2024-09-09,2,2024-09-23,6.957465,6.083264
42,2024,Cordoba,2024-09-09,3,2024-09-30,6.8051114,6.0028825
42,2024,Cordoba,2024-09-09,4,2024-10-07,7.871585,6.089975
42,2024,Cordoba,2024-09-16,1,2024-09-23,6.957465,6.585568
42,2024,Cordoba,2024-09-16,2,2024-09-30,6.8051114,6.266756
42,2024,Cordoba,2024-09-16,3,2024-10-07,7.871585,6.1876254
42,2024,Cordoba,2024-09-16,4,2024-10-14,8.988841,6.2778144
42,2024,Cordoba,2024-09-23,1,2024-09-30,6.8051114,7.159002
42,2024,Cordoba,2024-09-23,2,2024-10-07,7.871585,6.9112625
42,2024,Cordoba,2024-09-23,3,2024-10-14,8.988841,6.801115
42,2024,Cordoba,2024-09-23,4,2024-10-21,8.785705,6.882347
42,2024,Cordoba,2024-09-30,1,2024-10-07,7.871585,6.91594
42,2024,Cordoba,2024-09-30,2,2024-10-14,8.988841,6.7534018
42,2024,Cordoba,2024-09-30,3,2024-10-21,8.785705,6.6157618
42,2024,Cordoba,2024-09-30,4,2024-10-28,8.836488,6.7345567
42,2024,Cordoba,2024-10-07,1,2024-10-14,8.988841,6.854931
42,2024,Cordoba,2024-10-07,2,2024-10-21,8.785705,6.6620326
42,2024,Cordoba,2024-10-07,3,2024-10-28,8.836488,6.479581
42,2024,Cordoba,2024-10-07,4,2024-11-04,8.836488,6.685966
42,2024,Cordoba,2024-10-14,1,2024-10-21,8.785705,7.4548993
42,2024,Cordoba,2024-10-14,2,2024-10-28,8.836488,7.2746778
42,2024,Cordoba,2024-10-14,3,2024-11-04,8.836488,7.0470643
42,2024,Cordoba,2024-10-14,4,2024-11-11,10.91865,7.205857
42,2024,Cordoba,2024-10-21,1,2024-10-28,8.836488,8.357099
42,2024,Cordoba,2024-10-21,2,2024-11-04,8.836488,8.1661825
42,2024,Cordoba,2024-10-21,3,2024-11-11,10.91865,7.972707
42,2024,Cordoba,2024-10-21,4,2024-11-18,8.125506,8.152701
42,2024,Cordoba,2024-10-28,1,2024-11-04,8.836488,8.698907
42,2024,Cordoba,2024-10-28,2,2024-11-11,10.91865,8.603496
42,2024,Cordoba,2024-10-28,3,2024-11-18,8.125506,8.431432
42,2024,Cordoba,2024-10-28,4,2024-11-25,7.8208003,8.631174
42,2024,Cordoba,2024-11-04,1,2024-11-11,10.91865,9.213873
42,2024,Cordoba,2024-11-04,2,2024-11-18,8.125506,9.130615
42,2024,Cordoba,2024-11-04,3,2024-11-25,7.8208003,8.930621
42,2024,Cordoba,2024-11-04,4,2024-12-02,9.445902,9.073201
42,2024,Cordoba,2024-11-11,1,2024-11-18,8.125506,9.134772
42,2024,Cordoba,2024-11-11,2,2024-11-25,7.8208003,8.986677
42,2024,Cordoba,2024-11-11,3,2024-12-02,9.445902,8.677546
42,2024,Cordoba,2024-11-11,4,2024-12-09,8.531783,8.819574
42,2024,Cordoba,2024-11-18,1,2024-11-25,7.8208003,10.390939
42,2024,Cordoba,2024-11-18,2,2024-12-02,9.445902,10.22923
42,2024,Cordoba,2024-11-18,3,2024-12-09,8.531783,9.757167
42,2024,Cordoba,2024-11-18,4,2024-12-16,9.598255,9.9564705
42,2024,Cundinamarca,2024-01-22,1,2024-01-29,3.4074461,4.693242
42,2024,Cundinamarca,2024-01-22,2,2024-02-05,5.255553,4.572863
42,2024,Cundinamarca,2024-01-22,3,2024-02-12,5.544319,4.7657623
42,2024,Cundinamarca,2024-01-22,4,2024-02-19,5.4865656,4.6150055
42,2024,Cundinamarca,2024-01-29,1,2024-02-05,5.255553,4.549108
42,2024,Cundinamarca,2024-01-29,2,2024-02-12,5.544319,4.362678
42,2024,Cundinamarca,2024-01-29,3,2024-02-19,5.4865656,4.477399
42,2024,Cundinamarca,2024-01-29,4,2024-02-26,6.526126,4.3567657
42,2024,Cundinamarca,2024-02-05,1,2024-02-12,5.544319,4.0580754
42,2024,Cundinamarca,2024-02-05,2,2024-02-19,5.4865656,4.0036416
42,2024,Cundinamarca,2024-02-05,3,2024-02-26,6.526126,3.9442716
42,2024,Cundinamarca,2024-02-05,4,2024-03-04,6.3528657,3.9057477
42,2024,Cundinamarca,2024-02-12,1,2024-02-19,5.4865656,4.639088
42,2024,Cundinamarca,2024-02-12,2,2024-02-26,6.526126,4.5283895
42,2024,Cundinamarca,2024-02-12,3,2024-03-04,6.3528657,4.475641
42,2024,Cundinamarca,2024-02-12,4,2024-03-11,8.143218,4.4096313
42,2024,Cundinamarca,2024-02-19,1,2024-02-26,6.526126,5.532415
42,2024,Cundinamarca,2024-02-19,2,2024-03-04,6.3528657,5.3899965
42,2024,Cundinamarca,2024-02-19,3,2024-03-11,8.143218,5.412714
42,2024,Cundinamarca,2024-02-19,4,2024-03-18,8.980643,5.4448195
42,2024,Cundinamarca,2024-02-26,1,2024-03-04,6.3528657,6.5637507
42,2024,Cundinamarca,2024-02-26,2,2024-03-11,8.143218,6.3270926
42,2024,Cundinamarca,2024-02-26,3,2024-03-18,8.980643,6.558216
42,2024,Cundinamarca,2024-02-26,4,2024-03-25,7.01703,6.556903
42,2024,Cundinamarca,2024-03-04,1,2024-03-11,8.143218,6.469961
42,2024,Cundinamarca,2024-03-04,2,2024-03-18,8.980643,6.2398443
42,2024,Cundinamarca,2024-03-04,3,2024-03-25,7.01703,6.512166
42,2024,Cundinamarca,2024-03-04,4,2024-04-01,12.388088,6.3372846
42,2024,Cundinamarca,2024-03-11,1,2024-03-18,8.980643,6.405347
42,2024,Cundinamarca,2024-03-11,2,2024-03-25,7.01703,6.195849
42,2024,Cundinamarca,2024-03-11,3,2024-04-01,12.388088,6.470962
42,2024,Cundinamarca,2024-03-11,4,2024-04-08,12.647979,6.3684187
42,2024,Cundinamarca,2024-03-18,1,2024-03-25,7.01703,7.5492964
42,2024,Cundinamarca,2024-03-18,2,2024-04-01,12.388088,7.254158
42,2024,Cundinamarca,2024-03-18,3,2024-04-08,12.647979,7.521001
42,2024,Cundinamarca,2024-03-18,4,2024-04-15,11.290774,7.4089255
42,2024,Cundinamarca,2024-03-25,1,2024-04-01,12.388088,9.473478
42,2024,Cundinamarca,2024-03-25,2,2024-04-08,12.647979,9.145373
42,2024,Cundinamarca,2024-03-25,3,2024-04-15,11.290774,9.223852
42,2024,Cundinamarca,2024-03-25,4,2024-04-22,11.204146,9.262608
42,2024,Cundinamarca,2024-04-01,1,2024-04-08,12.647979,8.849505
42,2024,Cundinamarca,2024-04-01,2,2024-04-15,11.290774,8.6219
42,2024,Cundinamarca,2024-04-01,3,2024-04-22,11.204146,8.655888
42,2024,Cundinamarca,2024-04-01,4,2024-04-29,8.951766,8.848537
42,2024,Cundinamarca,2024-04-08,1,2024-04-15,11.290774,12.5454855
42,2024,Cundinamarca,2024-04-08,2,2024-04-22,11.204146,11.965761
42,2024,Cundinamarca,2024-04-08,3,2024-04-29,8.951766,12.063892
42,2024,Cundinamarca,2024-04-08,4,2024-05-06,9.182779,12.012102
42,2024,Cundinamarca,2024-04-15,1,2024-04-22,11.204146,14.291083
42,2024,Cundinamarca,2024-04-15,2,2024-04-29,8.951766,13.829654
42,2024,Cundinamarca,2024-04-15,3,2024-05-06,9.182779,13.8865595
42,2024,Cundinamarca,2024-04-15,4,2024-05-13,8.836258,13.8867445
42,2024,Cundinamarca,2024-04-22,1,2024-04-29,8.951766,13.8270235
42,2024,Cundinamarca,2024-04-22,2,2024-05-06,9.182779,13.533027
42,2024,Cundinamarca,2024-04-22,3,2024-05-13,8.836258,13.654975
42,2024,Cundinamarca,2024-04-22,4,2024-05-20,10.077954,13.570879
42,2024,Cundinamarca,2024-04-29,1,2024-05-06,9.182779,12.369862
42,2024,Cundinamarca,2024-04-29,2,2024-05-13,8.836258,12.019789
42,2024,Cundinamarca,2024-04-29,3,2024-05-20,10.077954,11.926216
42,2024,Cundinamarca,2024-04-29,4,2024-05-27,10.020203,12.046319
42,2024,Cundinamarca,2024-05-06,1,2024-05-13,8.836258,10.400733
42,2024,Cundinamarca,2024-05-06,2,2024-05-20,10.077954,10.086325
42,2024,Cundinamarca,2024-05-06,3,2024-05-27,10.020203,9.903332
42,2024,Cundinamarca,2024-05-06,4,2024-06-03,8.92289,9.939729
42,2024,Cundinamarca,2024-05-13,1,2024-05-20,10.077954,10.594568
42,2024,Cundinamarca,2024-05-13,2,2024-05-27,10.020203,9.986005
42,2024,Cundinamarca,2024-05-13,3,2024-06-03,8.92289,9.85321
42,2024,Cundinamarca,2024-05-13,4,2024-06-10,10.655488,9.919063
42,2024,Cundinamarca,2024-05-20,1,2024-05-27,10.020203,10.274299
42,2024,Cundinamarca,2024-05-20,2,2024-06-03,8.92289,9.880319
42,2024,Cundinamarca,2024-05-20,3,2024-06-10,10.655488,9.537185
42,2024,Cundinamarca,2024-05-20,4,2024-06-17,9.125025,9.522472
42,2024,Cundinamarca,2024-05-27,1,2024-06-03,8.92289,10.772524
42,2024,Cundinamarca,2024-05-27,2,2024-06-10,10.655488,10.20102
42,2024,Cundinamarca,2024-05-27,3,2024-06-17,9.125025,10.044317
42,2024,Cundinamarca,2024-05-27,4,2024-06-24,8.31648,10.045431
42,2024,Cundinamarca,2024-06-03,1,2024-06-10,10.655488,10.388763
42,2024,Cundinamarca,2024-06-03,2,2024-06-17,9.125025,9.793119
42,2024,Cundinamarca,2024-06-03,3,2024-06-24,8.31648,9.628577
42,2024,Cundinamarca,2024-06-03,4,2024-07-01,7.1902885,9.631439
42,2024,Cundinamarca,2024-06-10,1,2024-06-17,9.125025,9.431253
42,2024,Cundinamarca,2024-06-10,2,2024-06-24,8.31648,8.852545
42,2024,Cundinamarca,2024-06-10,3,2024-07-01,7.1902885,8.561449
42,2024,Cundinamarca,2024-06-10,4,2024-07-08,9.558175,8.538575
42,2024,Cundinamarca,2024-06-17,1,2024-06-24,8.31648,9.995032
42,2024,Cundinamarca,2024-06-17,2,2024-07-01,7.1902885,9.6009445
42,2024,Cundinamarca,2024-06-17,3,2024-07-08,9.558175,9.289687
42,2024,Cundinamarca,2024-06-17,4,2024-07-15,8.691875,9.188695
42,2024,Cundinamarca,2024-06-24,1,2024-07-01,7.1902885,9.426994
42,2024,Cundinamarca,2024-06-24,2,2024-07-08,9.558175,9.085357
42,2024,Cundinamarca,2024-06-24,3,2024-07-15,8.691875,8.651445
42,2024,Cundinamarca,2024-06-24,4,2024-07-22,8.691875,8.7346735
42,2024,Cundinamarca,2024-07-01,1,2024-07-08,9.558175,8.70989
42,2024,Cundinamarca,2024-07-01,2,2024-07-15,8.691875,8.298242
42,2024,Cundinamarca,2024-07-01,3,2024-07-22,8.691875,7.8869267
42,2024,Cundinamarca,2024-07-01,4,2024-07-29,8.114344,8.005138
42,2024,Cundinamarca,2024-07-08,1,2024-07-15,8.691875,7.3481803
42,2024,Cundinamarca,2024-07-08,2,2024-07-22,8.691875,6.9926734
42,2024,Cundinamarca,2024-07-08,3,2024-07-29,8.114344,6.5825844
42,2024,Cundinamarca,2024-07-08,4,2024-08-05,7.01703,6.338546
42,2024,Cundinamarca,2024-07-15,1,2024-07-22,8.691875,7.8860536
42,2024,Cundinamarca,2024-07-15,2,2024-07-29,8.114344,7.3532476
42,2024,Cundinamarca,2024-07-15,3,2024-08-05,7.01703,6.97268
42,2024,Cundinamarca,2024-07-15,4,2024-08-12,6.84377,6.679947
42,2024,Cundinamarca,2024-07-22,1,2024-07-29,8.114344,7.7013206
42,2024,Cundinamarca,2024-07-22,2,2024-08-05,7.01703,7.206792
42,2024,Cundinamarca,2024-07-22,3,2024-08-12,6.84377,6.9394584
42,2024,Cundinamarca,2024-07-22,4,2024-08-19,6.006346,6.5612264
42,2024,Cundinamarca,2024-07-29,1,2024-08-05,7.01703,7.9067297
42,2024,Cundinamarca,2024-07-29,2,2024-08-12,6.84377,7.299834
42,2024,Cundinamarca,2024-07-29,3,2024-08-19,6.006346,7.07379
42,2024,Cundinamarca,2024-07-29,4,2024-08-26,6.7571387,6.776256
42,2024,Cundinamarca,2024-08-05,1,2024-08-12,6.84377,7.528482
42,2024,Cundinamarca,2024-08-05,2,2024-08-19,6.006346,6.984044
42,2024,Cundinamarca,2024-08-05,3,2024-08-26,6.7571387,6.704779
42,2024,Cundinamarca,2024-08-05,4,2024-09-02,6.583879,6.415893
42,2024,Cundinamarca,2024-08-12,1,2024-08-19,6.006346,6.657321
42,2024,Cundinamarca,2024-08-12,2,2024-08-26,6.7571387,6.206478
42,2024,Cundinamarca,2024-08-12,3,2024-09-02,6.583879,5.9726205
42,2024,Cundinamarca,2024-08-12,4,2024-09-09,5.9774694,5.6594276
42,2024,Cundinamarca,2024-08-19,1,2024-08-26,6.7571387,6.0884194
42,2024,Cundinamarca,2024-08-19,2,2024-09-02,6.583879,5.640752
42,2024,Cundinamarca,2024-08-19,3,2024-09-09,5.9774694,5.3059707
42,2024,Cundinamarca,2024-08-19,4,2024-09-16,5.9485927,4.9833536
42,2024,Cundinamarca,2024-08-26,1,2024-09-02,6.583879,5.432875
42,2024,Cundinamarca,2024-08-26,2,2024-09-09,5.9774694,5.123046
42,2024,Cundinamarca,2024-08-26,3,2024-09-16,5.9485927,4.8414273
42,2024,Cundinamarca,2024-08-26,4,2024-09-23,5.053416,4.5363355
42,2024,Cundinamarca,2024-09-02,1,2024-09-09,5.9774694,5.593664
42,2024,Cundinamarca,2024-09-02,2,2024-09-16,5.9485927,5.2137923
42,2024,Cundinamarca,2024-09-02,3,2024-09-23,5.053416,4.979329
42,2024,Cundinamarca,2024-09-02,4,2024-09-30,5.544319,4.7210007
42,2024,Cundinamarca,2024-09-09,1,2024-09-16,5.9485927,5.3899684
42,2024,Cundinamarca,2024-09-09,2,2024-09-23,5.053416,5.064763
42,2024,Cundinamarca,2024-09-09,3,2024-09-30,5.544319,4.8844604
42,2024,Cundinamarca,2024-09-09,4,2024-10-07,4.4181294,4.609299
42,2024,Cundinamarca,2024-09-16,1,2024-09-23,5.053416,5.3385353
42,2024,Cundinamarca,2024-09-16,2,2024-09-30,5.544319,4.953678
42,2024,Cundinamarca,2024-09-16,3,2024-10-07,4.4181294,4.917746
42,2024,Cundinamarca,2024-09-16,4,2024-10-14,5.024539,4.5817065
42,2024,Cundinamarca,2024-09-23,1,2024-09-30,5.544319,5.4577785
42,2024,Cundinamarca,2024-09-23,2,2024-10-07,4.4181294,5.0659328
42,2024,Cundinamarca,2024-09-23,3,2024-10-14,5.024539,5.0742283
42,2024,Cundinamarca,2024-09-23,4,2024-10-21,6.092976,4.7944746
42,2024,Cundinamarca,2024-09-30,1,2024-10-07,4.4181294,4.956662
42,2024,Cundinamarca,2024-09-30,2,2024-10-14,5.024539,4.698344
42,2024,Cundinamarca,2024-09-30,3,2024-10-21,6.092976,4.6494493
42,2024,Cundinamarca,2024-09-30,4,2024-10-28,5.1689224,4.46078
42,2024,Cundinamarca,2024-10-07,1,2024-10-14,5.024539,4.6491876
42,2024,Cundinamarca,2024-10-07,2,2024-10-21,6.092976,4.458629
42,2024,Cundinamarca,2024-10-07,3,2024-10-28,5.1689224,4.4649134
42,2024,Cundinamarca,2024-10-07,4,2024-11-04,5.544319,4.292004
42,2024,Cundinamarca,2024-10-14,1,2024-10-21,6.092976,4.4218993
42,2024,Cundinamarca,2024-10-14,2,2024-10-28,5.1689224,4.2763577
42,2024,Cundinamarca,2024-10-14,3,2024-11-04,5.544319,4.2004447
42,2024,Cundinamarca,2024-10-14,4,2024-11-11,6.006346,4.0197406
42,2024,Cundinamarca,2024-10-21,1,2024-10-28,5.1689224,4.6449237
42,2024,Cundinamarca,2024-10-21,2,2024-11-04,5.544319,4.4863195
42,2024,Cundinamarca,2024-10-21,3,2024-11-11,6.006346,4.554365
42,2024,Cundinamarca,2024-10-21,4,2024-11-18,4.0716095,4.3654118
42,2024,Cundinamarca,2024-10-28,1,2024-11-04,5.544319,5.238682
42,2024,Cundinamarca,2024-10-28,2,2024-11-11,6.006346,5.1571965
42,2024,Cundinamarca,2024-10-28,3,2024-11-18,4.0716095,5.251684
42,2024,Cundinamarca,2024-10-28,4,2024-11-25,4.7357726,5.049542
42,2024,Cundinamarca,2024-11-04,1,2024-11-11,6.006346,5.1289215
42,2024,Cundinamarca,2024-11-04,2,2024-11-18,4.0716095,5.1370893
42,2024,Cundinamarca,2024-11-04,3,2024-11-25,4.7357726,5.299071
42,2024,Cundinamarca,2024-11-04,4,2024-12-02,4.1293626,5.1858163
42,2024,Cundinamarca,2024-11-11,1,2024-11-18,4.0716095,5.651564
42,2024,Cundinamarca,2024-11-11,2,2024-11-25,4.7357726,5.7062836
42,2024,Cundinamarca,2024-11-11,3,2024-12-02,4.1293626,5.853029
42,2024,Cundinamarca,2024-11-11,4,2024-12-09,4.995663,5.7527294
42,2024,Cundinamarca,2024-11-18,1,2024-11-25,4.7357726,6.2869725
42,2024,Cundinamarca,2024-11-18,2,2024-12-02,4.1293626,6.347837
42,2024,Cundinamarca,2024-11-18,3,2024-12-09,4.995663,6.275174
42,2024,Cundinamarca,2024-11-18,4,2024-12-16,5.342182,6.356242
42,2024,Guainia,2024-01-22,1,2024-01-29,0.0,2.6841865
42,2024,Guainia,2024-01-22,2,2024-02-05,1.7170329,2.7983394
42,2024,Guainia,2024-01-22,3,2024-02-12,0.0,2.8275857
42,2024,Guainia,2024-01-22,4,2024-02-19,5.1510987,2.9494483
42,2024,Guainia,2024-01-29,1,2024-02-05,1.7170329,2.9537857
42,2024,Guainia,2024-01-29,2,2024-02-12,0.0,3.0838869
42,2024,Guainia,2024-01-29,3,2024-02-19,5.1510987,3.168834
42,2024,Guainia,2024-01-29,4,2024-02-26,6.868132,3.291042
42,2024,Guainia,2024-02-05,1,2024-02-12,0.0,2.336215
42,2024,Guainia,2024-02-05,2,2024-02-19,5.1510987,2.4460146
42,2024,Guainia,2024-02-05,3,2024-02-26,6.868132,2.4691458
42,2024,Guainia,2024-02-05,4,2024-03-04,5.1510987,2.6209373
42,2024,Guainia,2024-02-12,1,2024-02-19,5.1510987,2.1609674
42,2024,Guainia,2024-02-12,2,2024-02-26,6.868132,2.2205997
42,2024,Guainia,2024-02-12,3,2024-03-04,5.1510987,2.1948745
42,2024,Guainia,2024-02-12,4,2024-03-11,3.4340658,2.2922509
42,2024,Guainia,2024-02-19,1,2024-02-26,6.868132,1.3917497
42,2024,Guainia,2024-02-19,2,2024-03-04,5.1510987,1.3715265
42,2024,Guainia,2024-02-19,3,2024-03-11,3.4340658,1.3574293
42,2024,Guainia,2024-02-19,4,2024-03-18,6.868132,1.4316195
42,2024,Guainia,2024-02-26,1,2024-03-04,5.1510987,2.4072492
42,2024,Guainia,2024-02-26,2,2024-03-11,3.4340658,2.4245038
42,2024,Guainia,2024-02-26,3,2024-03-18,6.868132,2.3989336
42,2024,Guainia,2024-02-26,4,2024-03-25,3.4340658,2.5764995
42,2024,Guainia,2024-03-04,1,2024-03-11,3.4340658,4.2205677
42,2024,Guainia,2024-03-04,2,2024-03-18,6.868132,4.365116
42,2024,Guainia,2024-03-04,3,2024-03-25,3.4340658,4.449097
42,2024,Guainia,2024-03-04,4,2024-04-01,1.7170329,4.6898074
42,2024,Guainia,2024-03-11,1,2024-03-18,6.868132,4.391489
42,2024,Guainia,2024-03-11,2,2024-03-25,3.4340658,4.568412
42,2024,Guainia,2024-03-11,3,2024-04-01,1.7170329,4.7348757
42,2024,Guainia,2024-03-11,4,2024-04-08,0.0,4.8257346
42,2024,Guainia,2024-03-18,1,2024-03-25,3.4340658,3.9865844
42,2024,Guainia,2024-03-18,2,2024-04-01,1.7170329,4.061981
42,2024,Guainia,2024-03-18,3,2024-04-08,0.0,4.083604
42,2024,Guainia,2024-03-18,4,2024-04-15,3.4340658,4.2514386
42,2024,Guainia,2024-03-25,1,2024-04-01,1.7170329,5.6380773
42,2024,Guainia,2024-03-25,2,2024-04-08,0.0,5.654894
42,2024,Guainia,2024-03-25,3,2024-04-15,3.4340658,5.542204
42,2024,Guainia,2024-03-25,4,2024-04-22,13.736264,5.84335
42,2024,Guainia,2024-04-01,1,2024-04-08,0.0,4.746872
42,2024,Guainia,2024-04-01,2,2024-04-15,3.4340658,4.8741283
42,2024,Guainia,2024-04-01,3,2024-04-22,13.736264,4.9043136
42,2024,Guainia,2024-04-01,4,2024-04-29,18.887362,5.1440463
42,2024,Guainia,2024-04-08,1,2024-04-15,3.4340658,3.7294247
42,2024,Guainia,2024-04-08,2,2024-04-22,13.736264,3.840321
42,2024,Guainia,2024-04-08,3,2024-04-29,18.887362,3.8053439
42,2024,Guainia,2024-04-08,4,2024-05-06,30.906593,4.133292
42,2024,Guainia,2024-04-15,1,2024-04-22,13.736264,2.4111931
42,2024,Guainia,2024-04-15,2,2024-04-29,18.887362,2.4125063
42,2024,Guainia,2024-04-15,3,2024-05-06,30.906593,2.4003072
42,2024,Guainia,2024-04-15,4,2024-05-13,22.321428,2.572382
42,2024,Guainia,2024-04-22,1,2024-04-29,18.887362,2.4183197
42,2024,Guainia,2024-04-22,2,2024-05-06,30.906593,2.4006464
42,2024,Guainia,2024-04-22,3,2024-05-13,22.321428,2.3939111
42,2024,Guainia,2024-04-22,4,2024-05-20,27.472527,2.581689
42,2024,Guainia,2024-04-29,1,2024-05-06,30.906593,6.0532126
42,2024,Guainia,2024-04-29,2,2024-05-13,22.321428,6.205418
42,2024,Guainia,2024-04-29,3,2024-05-20,27.472527,6.250734
42,2024,Guainia,2024-04-29,4,2024-05-27,10.3021965,6.7270217
42,2024,Guainia,2024-05-06,1,2024-05-13,22.321428,10.943491
42,2024,Guainia,2024-05-06,2,2024-05-20,27.472527,11.818008
42,2024,Guainia,2024-05-06,3,2024-05-27,10.3021965,11.926503
42,2024,Guainia,2024-05-06,4,2024-06-03,25.755493,12.998009
42,2024,Guainia,2024-05-13,1,2024-05-20,27.472527,21.700256
42,2024,Guainia,2024-05-13,2,2024-05-27,10.3021965,23.131433
42,2024,Guainia,2024-05-13,3,2024-06-03,25.755493,22.834879
42,2024,Guainia,2024-05-13,4,2024-06-10,6.868132,24.432356
42,2024,Guainia,2024-05-20,1,2024-05-27,10.3021965,16.25047
42,2024,Guainia,2024-05-20,2,2024-06-03,25.755493,17.273544
42,2024,Guainia,2024-05-20,3,2024-06-10,6.868132,17.070549
42,2024,Guainia,2024-05-20,4,2024-06-17,25.755493,16.271
42,2024,Guainia,2024-05-27,1,2024-06-03,25.755493,18.91414
42,2024,Guainia,2024-05-27,2,2024-06-10,6.868132,19.349804
42,2024,Guainia,2024-05-27,3,2024-06-17,25.755493,19.333683
42,2024,Guainia,2024-05-27,4,2024-06-24,17.17033,18.203657
42,2024,Guainia,2024-06-03,1,2024-06-10,6.868132,9.529944
42,2024,Guainia,2024-06-03,2,2024-06-17,25.755493,9.476558
42,2024,Guainia,2024-06-03,3,2024-06-24,17.17033,9.233842
42,2024,Guainia,2024-06-03,4,2024-07-01,18.887362,8.097017
42,2024,Guainia,2024-06-10,1,2024-06-17,25.755493,16.094023
42,2024,Guainia,2024-06-10,2,2024-06-24,17.17033,14.786619
42,2024,Guainia,2024-06-10,3,2024-07-01,18.887362,14.4257765
42,2024,Guainia,2024-06-10,4,2024-07-08,20.604395,13.466641
42,2024,Guainia,2024-06-17,1,2024-06-24,17.17033,7.2012606
42,2024,Guainia,2024-06-17,2,2024-07-01,18.887362,7.3745985
42,2024,Guainia,2024-06-17,3,2024-07-08,20.604395,7.0039263
42,2024,Guainia,2024-06-17,4,2024-07-15,18.887362,6.454038
42,2024,Guainia,2024-06-24,1,2024-07-01,18.887362,14.256579
42,2024,Guainia,2024-06-24,2,2024-07-08,20.604395,13.334072
42,2024,Guainia,2024-06-24,3,2024-07-15,18.887362,12.455242
42,2024,Guainia,2024-06-24,4,2024-07-22,13.736264,12.287598
42,2024,Guainia,2024-07-01,1,2024-07-08,20.604395,10.36768
42,2024,Guainia,2024-07-01,2,2024-07-15,18.887362,10.081748
42,2024,Guainia,2024-07-01,3,2024-07-22,13.736264,9.6371355
42,2024,Guainia,2024-07-01,4,2024-07-29,10.3021965,9.0569
42,2024,Guainia,2024-07-08,1,2024-07-15,18.887362,12.321179
42,2024,Guainia,2024-07-08,2,2024-07-22,13.736264,11.346159
42,2024,Guainia,2024-07-08,3,2024-07-29,10.3021965,10.528795
42,2024,Guainia,2024-07-08,4,2024-08-05,18.887362,10.009811
42,2024,Guainia,2024-07-15,1,2024-07-22,13.736264,13.829492
42,2024,Guainia,2024-07-15,2,2024-07-29,10.3021965,12.627234
42,2024,Guainia,2024-07-15,3,2024-08-05,18.887362,11.491498
42,2024,Guainia,2024-07-15,4,2024-08-12,8.585164,11.201574
42,2024,Guainia,2024-07-22,1,2024-07-29,10.3021965,15.066571
42,2024,Guainia,2024-07-22,2,2024-08-05,18.887362,13.864918
42,2024,Guainia,2024-07-22,3,2024-08-12,8.585164,12.893807
42,2024,Guainia,2024-07-22,4,2024-08-19,6.868132,12.628304
42,2024,Guainia,2024-07-29,1,2024-08-05,18.887362,12.342807
42,2024,Guainia,2024-07-29,2,2024-08-12,8.585164,10.968305
42,2024,Guainia,2024-07-29,3,2024-08-19,6.868132,10.298732
42,2024,Guainia,2024-07-29,4,2024-08-26,0.0,9.967157
42,2024,Guainia,2024-08-05,1,2024-08-12,8.585164,9.872733
42,2024,Guainia,2024-08-05,2,2024-08-19,6.868132,8.918178
42,2024,Guainia,2024-08-05,3,2024-08-26,0.0,8.191623
42,2024,Guainia,2024-08-05,4,2024-09-02,1.7170329,8.046585
42,2024,Guainia,2024-08-12,1,2024-08-19,6.868132,13.84707
42,2024,Guainia,2024-08-12,2,2024-08-26,0.0,12.698397
42,2024,Guainia,2024-08-12,3,2024-09-02,1.7170329,11.597854
42,2024,Guainia,2024-08-12,4,2024-09-09,17.17033,11.250171
42,2024,Guainia,2024-08-19,1,2024-08-26,0.0,8.524699
42,2024,Guainia,2024-08-19,2,2024-09-02,1.7170329,7.6821065
42,2024,Guainia,2024-08-19,3,2024-09-09,17.17033,7.411959
42,2024,Guainia,2024-08-19,4,2024-09-16,1.7170329,6.859534
42,2024,Guainia,2024-08-26,1,2024-09-02,1.7170329,5.770572
42,2024,Guainia,2024-08-26,2,2024-09-09,17.17033,5.0234118
42,2024,Guainia,2024-08-26,3,2024-09-16,1.7170329,5.1363387
42,2024,Guainia,2024-08-26,4,2024-09-23,3.4340658,4.6935606
42,2024,Guainia,2024-09-02,1,2024-09-09,17.17033,2.705332
42,2024,Guainia,2024-09-02,2,2024-09-16,1.7170329,2.3290188
42,2024,Guainia,2024-09-02,3,2024-09-23,3.4340658,2.4568768
42,2024,Guainia,2024-09-02,4,2024-09-30,18.887362,2.2136436
42,2024,Guainia,2024-09-09,1,2024-09-16,1.7170329,2.8584292
42,2024,Guainia,2024-09-09,2,2024-09-23,3.4340658,2.4024622
42,2024,Guainia,2024-09-09,3,2024-09-30,18.887362,2.4215395
42,2024,Guainia,2024-09-09,4,2024-10-07,12.01923,2.2959414
42,2024,Guainia,2024-09-16,1,2024-09-23,3.4340658,7.5790706
42,2024,Guainia,2024-09-16,2,2024-09-30,18.887362,6.998411
42,2024,Guainia,2024-09-16,3,2024-10-07,12.01923,6.4367785
42,2024,Guainia,2024-09-16,4,2024-10-14,20.604395,6.632132
42,2024,Guainia,2024-09-23,1,2024-09-30,18.887362,4.5194144
42,2024,Guainia,2024-09-23,2,2024-10-07,12.01923,4.40892
42,2024,Guainia,2024-09-23,3,2024-10-14,20.604395,4.2218103
42,2024,Guainia,2024-09-23,4,2024-10-21,12.01923,4.004445
42,2024,Guainia,2024-09-30,1,2024-10-07,12.01923,4.2089596
42,2024,Guainia,2024-09-30,2,2024-10-14,20.604395,3.9946375
42,2024,Guainia,2024-09-30,3,2024-10-21,12.01923,3.967927
42,2024,Guainia,2024-09-30,4,2024-10-28,10.3021965,3.7489717
42,2024,Guainia,2024-10-07,1,2024-10-14,20.604395,8.278708
42,2024,Guainia,2024-10-07,2,2024-10-21,12.01923,8.225446
42,2024,Guainia,2024-10-07,3,2024-10-28,10.3021965,7.644045
42,2024,Guainia,2024-10-07,4,2024-11-04,5.1510987,8.115326
42,2024,Guainia,2024-10-14,1,2024-10-21,12.01923,8.586878
42,2024,Guainia,2024-10-14,2,2024-10-28,10.3021965,8.920167
42,2024,Guainia,2024-10-14,3,2024-11-04,5.1510987,8.984046
42,2024,Guainia,2024-10-14,4,2024-11-11,0.0,9.206069
42,2024,Guainia,2024-10-21,1,2024-10-28,10.3021965,12.019431
42,2024,Guainia,2024-10-21,2,2024-11-04,5.1510987,12.30392
42,2024,Guainia,2024-10-21,3,2024-11-11,0.0,12.31548
42,2024,Guainia,2024-10-21,4,2024-11-18,0.0,12.800438
42,2024,Guainia,2024-10-28,1,2024-11-04,5.1510987,11.1594305
42,2024,Guainia,2024-10-28,2,2024-11-11,0.0,11.619651
42,2024,Guainia,2024-10-28,3,2024-11-18,0.0,11.650577
42,2024,Guainia,2024-10-28,4,2024-11-25,0.0,11.208273
42,2024,Guainia,2024-11-04,1,2024-11-11,0.0,10.189834
42,2024,Guainia,2024-11-04,2,2024-11-18,0.0,10.550329
42,2024,Guainia,2024-11-04,3,2024-11-25,0.0,9.786501
42,2024,Guainia,2024-11-04,4,2024-12-02,0.0,9.789752
42,2024,Guainia,2024-11-11,1,2024-11-18,0.0,6.4854074
42,2024,Guainia,2024-11-11,2,2024-11-25,0.0,6.6666064
42,2024,Guainia,2024-11-11,3,2024-12-02,0.0,6.3710914
42,2024,Guainia,2024-11-11,4,2024-12-09,0.0,6.4164395
42,2024,Guainia,2024-11-18,1,2024-11-25,0.0,3.7513738
42,2024,Guainia,2024-11-18,2,2024-12-02,0.0,3.7644734
42,2024,Guainia,2024-11-18,3,2024-12-09,0.0,3.8120096
42,2024,Guainia,2024-11-18,4,2024-12-16,1.7170329,3.6419837
42,2024,Guajira,2024-01-22,1,2024-01-29,6.871153,5.477843
42,2024,Guajira,2024-01-22,2,2024-02-05,5.5350957,5.366107
42,2024,Guajira,2024-01-22,3,2024-02-12,3.8173077,5.092307
42,2024,Guajira,2024-01-22,4,2024-02-19,5.3442307,5.0653048
42,2024,Guajira,2024-01-29,1,2024-02-05,5.5350957,4.857047
42,2024,Guajira,2024-01-29,2,2024-02-12,3.8173077,4.689261
42,2024,Guajira,2024-01-29,3,2024-02-19,5.3442307,4.4947877
42,2024,Guajira,2024-01-29,4,2024-02-26,4.0081725,4.4639363
42,2024,Guajira,2024-02-05,1,2024-02-12,3.8173077,5.557302
42,2024,Guajira,2024-02-05,2,2024-02-19,5.3442307,5.368819
42,2024,Guajira,2024-02-05,3,2024-02-26,4.0081725,5.133524
42,2024,Guajira,2024-02-05,4,2024-03-04,4.580769,5.174114
42,2024,Guajira,2024-02-12,1,2024-02-19,5.3442307,5.335194
42,2024,Guajira,2024-02-12,2,2024-02-26,4.0081725,5.2041473
42,2024,Guajira,2024-02-12,3,2024-03-04,4.580769,5.041375
42,2024,Guajira,2024-02-12,4,2024-03-11,3.2447114,5.1899214
42,2024,Guajira,2024-02-19,1,2024-02-26,4.0081725,4.4761477
42,2024,Guajira,2024-02-19,2,2024-03-04,4.580769,4.3752375
42,2024,Guajira,2024-02-19,3,2024-03-11,3.2447114,4.281633
42,2024,Guajira,2024-02-19,4,2024-03-18,3.4355767,4.386673
42,2024,Guajira,2024-02-26,1,2024-03-04,4.580769,4.8240724
42,2024,Guajira,2024-02-26,2,2024-03-11,3.2447114,4.6728725
42,2024,Guajira,2024-02-26,3,2024-03-18,3.4355767,4.5554338
42,2024,Guajira,2024-02-26,4,2024-03-25,3.1492789,4.659739
42,2024,Guajira,2024-03-04,1,2024-03-11,3.2447114,4.010201
42,2024,Guajira,2024-03-04,2,2024-03-18,3.4355767,3.8670805
42,2024,Guajira,2024-03-04,3,2024-03-25,3.1492789,3.8517745
42,2024,Guajira,2024-03-04,4,2024-04-01,2.7675478,3.876061
42,2024,Guajira,2024-03-11,1,2024-03-18,3.4355767,3.7494178
42,2024,Guajira,2024-03-11,2,2024-03-25,3.1492789,3.6065037
42,2024,Guajira,2024-03-11,3,2024-04-01,2.7675478,3.656381
42,2024,Guajira,2024-03-11,4,2024-04-08,1.8132211,3.6913218
42,2024,Guajira,2024-03-18,1,2024-03-25,3.1492789,3.3782847
42,2024,Guajira,2024-03-18,2,2024-04-01,2.7675478,3.2537436
42,2024,Guajira,2024-03-18,3,2024-04-08,1.8132211,3.2629669
42,2024,Guajira,2024-03-18,4,2024-04-15,2.4812498,3.2911444
42,2024,Guajira,2024-03-25,1,2024-04-01,2.7675478,3.1942089
42,2024,Guajira,2024-03-25,2,2024-04-08,1.8132211,3.0231447
42,2024,Guajira,2024-03-25,3,2024-04-15,2.4812498,3.030836
42,2024,Guajira,2024-03-25,4,2024-04-22,1.0497595,3.040223
42,2024,Guajira,2024-04-01,1,2024-04-08,1.8132211,2.9768434
42,2024,Guajira,2024-04-01,2,2024-04-15,2.4812498,2.842902
42,2024,Guajira,2024-04-01,3,2024-04-22,1.0497595,2.8490698
42,2024,Guajira,2024-04-01,4,2024-04-29,1.6223556,2.9076877
42,2024,Guajira,2024-04-08,1,2024-04-15,2.4812498,2.9581256
42,2024,Guajira,2024-04-08,2,2024-04-22,1.0497595,2.915824
42,2024,Guajira,2024-04-08,3,2024-04-29,1.6223556,2.8957503
42,2024,Guajira,2024-04-08,4,2024-05-06,1.6223556,2.9722977
42,2024,Guajira,2024-04-15,1,2024-04-22,1.0497595,2.5047774
42,2024,Guajira,2024-04-15,2,2024-04-29,1.6223556,2.4464958
42,2024,Guajira,2024-04-15,3,2024-05-06,1.6223556,2.46091
42,2024,Guajira,2024-04-15,4,2024-05-13,1.3360577,2.4670331
42,2024,Guajira,2024-04-22,1,2024-04-29,1.6223556,2.2393749
42,2024,Guajira,2024-04-22,2,2024-05-06,1.6223556,2.1549292
42,2024,Guajira,2024-04-22,3,2024-05-13,1.3360577,2.1497602
42,2024,Guajira,2024-04-22,4,2024-05-20,1.2406249,2.1468139
42,2024,Guajira,2024-04-29,1,2024-05-06,1.6223556,1.7607466
42,2024,Guajira,2024-04-29,2,2024-05-13,1.3360577,1.7105393
42,2024,Guajira,2024-04-29,3,2024-05-20,1.2406249,1.7139027
42,2024,Guajira,2024-04-29,4,2024-05-27,2.2903843,1.7453853
42,2024,Guajira,2024-05-06,1,2024-05-13,1.3360577,1.721048
42,2024,Guajira,2024-05-06,2,2024-05-20,1.2406249,1.7133703
42,2024,Guajira,2024-05-06,3,2024-05-27,2.2903843,1.715896
42,2024,Guajira,2024-05-06,4,2024-06-03,1.4314903,1.8274852
42,2024,Guajira,2024-05-13,1,2024-05-20,1.2406249,1.8516674
42,2024,Guajira,2024-05-13,2,2024-05-27,2.2903843,1.9232255
42,2024,Guajira,2024-05-13,3,2024-06-03,1.4314903,1.9075181
42,2024,Guajira,2024-05-13,4,2024-06-10,1.4314903,2.0448337
42,2024,Guajira,2024-05-20,1,2024-05-27,2.2903843,1.8086033
42,2024,Guajira,2024-05-20,2,2024-06-03,1.4314903,1.922583
42,2024,Guajira,2024-05-20,3,2024-06-10,1.4314903,1.9359239
42,2024,Guajira,2024-05-20,4,2024-06-17,2.6721153,2.0498893
42,2024,Guajira,2024-05-27,1,2024-06-03,1.4314903,1.756928
42,2024,Guajira,2024-05-27,2,2024-06-10,1.4314903,1.9144738
42,2024,Guajira,2024-05-27,3,2024-06-17,2.6721153,1.8889437
42,2024,Guajira,2024-05-27,4,2024-06-24,1.8132211,2.0016274
42,2024,Guajira,2024-06-03,1,2024-06-10,1.4314903,2.0360034
42,2024,Guajira,2024-06-03,2,2024-06-17,2.6721153,2.2208323
42,2024,Guajira,2024-06-03,3,2024-06-24,1.8132211,2.209724
42,2024,Guajira,2024-06-03,4,2024-07-01,1.9086539,2.3590174
42,2024,Guajira,2024-06-10,1,2024-06-17,2.6721153,2.0703087
42,2024,Guajira,2024-06-10,2,2024-06-24,1.8132211,2.2453458
42,2024,Guajira,2024-06-10,3,2024-07-01,1.9086539,2.2385235
42,2024,Guajira,2024-06-10,4,2024-07-08,2.1949518,2.409907
42,2024,Guajira,2024-06-17,1,2024-06-24,1.8132211,2.0166032
42,2024,Guajira,2024-06-17,2,2024-07-01,1.9086539,2.198405
42,2024,Guajira,2024-06-17,3,2024-07-08,2.1949518,2.1769197
42,2024,Guajira,2024-06-17,4,2024-07-15,2.6721153,2.3749704
42,2024,Guajira,2024-06-24,1,2024-07-01,1.9086539,2.5009253
42,2024,Guajira,2024-06-24,2,2024-07-08,2.1949518,2.6924665
42,2024,Guajira,2024-06-24,3,2024-07-15,2.6721153,2.6788936
42,2024,Guajira,2024-06-24,4,2024-07-22,2.9584134,2.8847399
42,2024,Guajira,2024-07-01,1,2024-07-08,2.1949518,2.5603588
42,2024,Guajira,2024-07-01,2,2024-07-15,2.6721153,2.746816
42,2024,Guajira,2024-07-01,3,2024-07-22,2.9584134,2.7715647
42,2024,Guajira,2024-07-01,4,2024-07-29,2.1949518,2.9541292
42,2024,Guajira,2024-07-08,1,2024-07-15,2.6721153,2.5665789
42,2024,Guajira,2024-07-08,2,2024-07-22,2.9584134,2.7209275
42,2024,Guajira,2024-07-08,3,2024-07-29,2.1949518,2.685283
42,2024,Guajira,2024-07-08,4,2024-08-05,2.6721153,2.8379896
42,2024,Guajira,2024-07-15,1,2024-07-22,2.9584134,2.7057397
42,2024,Guajira,2024-07-15,2,2024-07-29,2.1949518,2.8202353
42,2024,Guajira,2024-07-15,3,2024-08-05,2.6721153,2.793191
42,2024,Guajira,2024-07-15,4,2024-08-12,2.099519,2.9398565
42,2024,Guajira,2024-07-22,1,2024-07-29,2.1949518,2.8235772
42,2024,Guajira,2024-07-22,2,2024-08-05,2.6721153,2.8951755
42,2024,Guajira,2024-07-22,3,2024-08-12,2.099519,2.8777478
42,2024,Guajira,2024-07-22,4,2024-08-19,2.0040865,2.9907653
42,2024,Guajira,2024-07-29,1,2024-08-05,2.6721153,3.2192116
42,2024,Guajira,2024-07-29,2,2024-08-12,2.099519,3.2849174
42,2024,Guajira,2024-07-29,3,2024-08-19,2.0040865,3.2979083
42,2024,Guajira,2024-07-29,4,2024-08-26,2.0040865,3.463628
42,2024,Guajira,2024-08-05,1,2024-08-12,2.099519,3.0560246
42,2024,Guajira,2024-08-05,2,2024-08-19,2.0040865,3.1351614
42,2024,Guajira,2024-08-05,3,2024-08-26,2.0040865,3.1128855
42,2024,Guajira,2024-08-05,4,2024-09-02,1.1451923,3.2493808
42,2024,Guajira,2024-08-12,1,2024-08-19,2.0040865,3.124908
42,2024,Guajira,2024-08-12,2,2024-08-26,2.0040865,3.147355
42,2024,Guajira,2024-08-12,3,2024-09-02,1.1451923,3.1369061
42,2024,Guajira,2024-08-12,4,2024-09-09,0.47716346,3.2510448
42,2024,Guajira,2024-08-19,1,2024-08-26,2.0040865,2.9166908
42,2024,Guajira,2024-08-19,2,2024-09-02,1.1451923,2.9257448
42,2024,Guajira,2024-08-19,3,2024-09-09,0.47716346,2.8870273
42,2024,Guajira,2024-08-19,4,2024-09-16,0.9543268,2.9960299
42,2024,Guajira,2024-08-26,1,2024-09-02,1.1451923,2.7907143
42,2024,Guajira,2024-08-26,2,2024-09-09,0.47716346,2.7858708
42,2024,Guajira,2024-08-26,3,2024-09-16,0.9543268,2.789214
42,2024,Guajira,2024-08-26,4,2024-09-23,1.5269231,2.9446518
42,2024,Guajira,2024-09-02,1,2024-09-09,0.47716346,2.581562
42,2024,Guajira,2024-09-02,2,2024-09-16,0.9543268,2.6190717
42,2024,Guajira,2024-09-02,3,2024-09-23,1.5269231,2.6430936
42,2024,Guajira,2024-09-02,4,2024-09-30,0.9543268,2.8018157
42,2024,Guajira,2024-09-09,1,2024-09-16,0.9543268,2.1966946
42,2024,Guajira,2024-09-09,2,2024-09-23,1.5269231,2.2280233
42,2024,Guajira,2024-09-09,3,2024-09-30,0.9543268,2.2657254
42,2024,Guajira,2024-09-09,4,2024-10-07,2.099519,2.4080045
42,2024,Guajira,2024-09-16,1,2024-09-23,1.5269231,1.649174
42,2024,Guajira,2024-09-16,2,2024-09-30,0.9543268,1.635724
42,2024,Guajira,2024-09-16,3,2024-10-07,2.099519,1.6855543
42,2024,Guajira,2024-09-16,4,2024-10-14,2.0040865,1.8053658
42,2024,Guajira,2024-09-23,1,2024-09-30,0.9543268,1.5662445
42,2024,Guajira,2024-09-23,2,2024-10-07,2.099519,1.5963272
42,2024,Guajira,2024-09-23,3,2024-10-14,2.0040865,1.6313145
42,2024,Guajira,2024-09-23,4,2024-10-21,2.3858173,1.7659589
42,2024,Guajira,2024-09-30,1,2024-10-07,2.099519,1.5585244
42,2024,Guajira,2024-09-30,2,2024-10-14,2.0040865,1.6116395
42,2024,Guajira,2024-09-30,3,2024-10-21,2.3858173,1.6773015
42,2024,Guajira,2024-09-30,4,2024-10-28,2.5766828,1.8090422
42,2024,Guajira,2024-10-07,1,2024-10-14,2.0040865,1.451332
42,2024,Guajira,2024-10-07,2,2024-10-21,2.3858173,1.5512468
42,2024,Guajira,2024-10-07,3,2024-10-28,2.5766828,1.6041497
42,2024,Guajira,2024-10-07,4,2024-11-04,4.580769,1.729948
42,2024,Guajira,2024-10-14,1,2024-10-21,2.3858173,1.8212914
42,2024,Guajira,2024-10-14,2,2024-10-28,2.5766828,1.9723598
42,2024,Guajira,2024-10-14,3,2024-11-04,4.580769,2.008853
42,2024,Guajira,2024-10-14,4,2024-11-11,2.7675478,2.153694
42,2024,Guajira,2024-10-21,1,2024-10-28,2.5766828,2.079511
42,2024,Guajira,2024-10-21,2,2024-11-04,4.580769,2.243065
42,2024,Guajira,2024-10-21,3,2024-11-11,2.7675478,2.2680657
42,2024,Guajira,2024-10-21,4,2024-11-18,4.3899035,2.4075336
42,2024,Guajira,2024-10-28,1,2024-11-04,4.580769,2.490356
42,2024,Guajira,2024-10-28,2,2024-11-11,2.7675478,2.6287673
42,2024,Guajira,2024-10-28,3,2024-11-18,4.3899035,2.677805
42,2024,Guajira,2024-10-28,4,2024-11-25,4.7716346,2.8556023
42,2024,Guajira,2024-11-04,1,2024-11-11,2.7675478,2.7597995
42,2024,Guajira,2024-11-04,2,2024-11-18,4.3899035,2.937169
42,2024,Guajira,2024-11-04,3,2024-11-25,4.7716346,3.004362
42,2024,Guajira,2024-11-04,4,2024-12-02,5.153365,3.1996658
42,2024,Guajira,2024-11-11,1,2024-11-18,4.3899035,3.5654197
42,2024,Guajira,2024-11-11,2,2024-11-25,4.7716346,3.7316754
42,2024,Guajira,2024-11-11,3,2024-12-02,5.153365,3.8361385
42,2024,Guajira,2024-11-11,4,2024-12-09,10.0204315,4.01205
42,2024,Guajira,2024-11-18,1,2024-11-25,4.7716346,3.3677778
42,2024,Guajira,2024-11-18,2,2024-12-02,5.153365,3.4812605
42,2024,Guajira,2024-11-18,3,2024-12-09,10.0204315,3.546216
42,2024,Guajira,2024-11-18,4,2024-12-16,10.783895,3.6225803
42,2024,Guaviare,2024-01-22,1,2024-01-29,11.827321,7.527821
42,2024,Guaviare,2024-01-22,2,2024-02-05,5.9136605,7.182593
42,2024,Guaviare,2024-01-22,3,2024-02-12,11.827321,7.000105
42,2024,Guaviare,2024-01-22,4,2024-02-19,20.106445,6.6190834
42,2024,Guaviare,2024-01-29,1,2024-02-05,5.9136605,9.424183
42,2024,Guaviare,2024-01-29,2,2024-02-12,11.827321,8.87841
42,2024,Guaviare,2024-01-29,3,2024-02-19,20.106445,8.184849
42,2024,Guaviare,2024-01-29,4,2024-02-26,24.837372,8.110246
42,2024,Guaviare,2024-02-05,1,2024-02-12,11.827321,10.20117
42,2024,Guaviare,2024-02-05,2,2024-02-19,20.106445,10.350452
42,2024,Guaviare,2024-02-05,3,2024-02-26,24.837372,9.785143
42,2024,Guaviare,2024-02-05,4,2024-03-04,16.558249,9.935496
42,2024,Guaviare,2024-02-12,1,2024-02-19,20.106445,7.1448755
42,2024,Guaviare,2024-02-12,2,2024-02-26,24.837372,7.0783978
42,2024,Guaviare,2024-02-12,3,2024-03-04,16.558249,6.8526936
42,2024,Guaviare,2024-02-12,4,2024-03-11,11.827321,6.807788
42,2024,Guaviare,2024-02-19,1,2024-02-26,24.837372,9.473993
42,2024,Guaviare,2024-02-19,2,2024-03-04,16.558249,8.974733
42,2024,Guaviare,2024-02-19,3,2024-03-11,11.827321,8.373235
42,2024,Guaviare,2024-02-19,4,2024-03-18,35.481964,8.617642
42,2024,Guaviare,2024-02-26,1,2024-03-04,16.558249,16.813158
42,2024,Guaviare,2024-02-26,2,2024-03-11,11.827321,16.201002
42,2024,Guaviare,2024-02-26,3,2024-03-18,35.481964,15.058246
42,2024,Guaviare,2024-02-26,4,2024-03-25,16.558249,15.159628
42,2024,Guaviare,2024-03-04,1,2024-03-11,11.827321,23.486216
42,2024,Guaviare,2024-03-04,2,2024-03-18,35.481964,23.52845
42,2024,Guaviare,2024-03-04,3,2024-03-25,16.558249,22.529251
42,2024,Guaviare,2024-03-04,4,2024-04-01,22.47191,22.662354
42,2024,Guaviare,2024-03-11,1,2024-03-18,35.481964,17.896023
42,2024,Guaviare,2024-03-11,2,2024-03-25,16.558249,17.59079
42,2024,Guaviare,2024-03-11,3,2024-04-01,22.47191,17.393223
42,2024,Guaviare,2024-03-11,4,2024-04-08,17.740982,16.66029
42,2024,Guaviare,2024-03-18,1,2024-03-25,16.558249,13.141988
42,2024,Guaviare,2024-03-18,2,2024-04-01,22.47191,12.3963995
42,2024,Guaviare,2024-03-18,3,2024-04-08,17.740982,11.857425
42,2024,Guaviare,2024-03-18,4,2024-04-15,20.106445,11.589536
42,2024,Guaviare,2024-03-25,1,2024-04-01,22.47191,24.87022
42,2024,Guaviare,2024-03-25,2,2024-04-08,17.740982,24.2138
42,2024,Guaviare,2024-03-25,3,2024-04-15,20.106445,23.399267
42,2024,Guaviare,2024-03-25,4,2024-04-22,22.47191,22.178717
42,2024,Guaviare,2024-04-01,1,2024-04-08,17.740982,15.765997
42,2024,Guaviare,2024-04-01,2,2024-04-15,20.106445,15.780878
42,2024,Guaviare,2024-04-01,3,2024-04-22,22.47191,15.468768
42,2024,Guaviare,2024-04-01,4,2024-04-29,36.664692,14.498059
42,2024,Guaviare,2024-04-08,1,2024-04-15,20.106445,20.585606
42,2024,Guaviare,2024-04-08,2,2024-04-22,22.47191,19.18577
42,2024,Guaviare,2024-04-08,3,2024-04-29,36.664692,18.902502
42,2024,Guaviare,2024-04-08,4,2024-05-06,14.192785,18.69123
42,2024,Guaviare,2024-04-15,1,2024-04-22,22.47191,20.312424
42,2024,Guaviare,2024-04-15,2,2024-04-29,36.664692,19.23408
42,2024,Guaviare,2024-04-15,3,2024-05-06,14.192785,17.49318
42,2024,Guaviare,2024-04-15,4,2024-05-13,23.65464,17.688665
42,2024,Guaviare,2024-04-22,1,2024-04-29,36.664692,18.949667
42,2024,Guaviare,2024-04-22,2,2024-05-06,14.192785,17.957998
42,2024,Guaviare,2024-04-22,3,2024-05-13,23.65464,16.271767
42,2024,Guaviare,2024-04-22,4,2024-05-20,24.837372,16.307081
42,2024,Guaviare,2024-04-29,1,2024-05-06,14.192785,19.197517
42,2024,Guaviare,2024-04-29,2,2024-05-13,23.65464,18.286974
42,2024,Guaviare,2024-04-29,3,2024-05-20,24.837372,17.006168
42,2024,Guaviare,2024-04-29,4,2024-05-27,16.558249,16.619276
42,2024,Guaviare,2024-05-06,1,2024-05-13,23.65464,29.546337
42,2024,Guaviare,2024-05-06,2,2024-05-20,24.837372,29.122997
42,2024,Guaviare,2024-05-06,3,2024-05-27,16.558249,28.181986
42,2024,Guaviare,2024-05-06,4,2024-06-03,16.558249,27.588968
42,2024,Guaviare,2024-05-13,1,2024-05-20,24.837372,15.57967
42,2024,Guaviare,2024-05-13,2,2024-05-27,16.558249,14.543226
42,2024,Guaviare,2024-05-13,3,2024-06-03,16.558249,13.707066
42,2024,Guaviare,2024-05-13,4,2024-06-10,13.010055,12.937466
42,2024,Guaviare,2024-05-20,1,2024-05-27,16.558249,20.269165
42,2024,Guaviare,2024-05-20,2,2024-06-03,16.558249,18.556568
42,2024,Guaviare,2024-05-20,3,2024-06-10,13.010055,17.101686
42,2024,Guaviare,2024-05-20,4,2024-06-17,14.192785,16.864077
42,2024,Guaviare,2024-05-27,1,2024-06-03,16.558249,20.705723
42,2024,Guaviare,2024-05-27,2,2024-06-10,13.010055,20.655231
42,2024,Guaviare,2024-05-27,3,2024-06-17,14.192785,18.15938
42,2024,Guaviare,2024-05-27,4,2024-06-24,10.644589,17.252636
42,2024,Guaviare,2024-06-03,1,2024-06-10,13.010055,16.430977
42,2024,Guaviare,2024-06-03,2,2024-06-17,14.192785,14.927514
42,2024,Guaviare,2024-06-03,3,2024-06-24,10.644589,13.966718
42,2024,Guaviare,2024-06-03,4,2024-07-01,16.558249,13.166639
42,2024,Guaviare,2024-06-10,1,2024-06-17,14.192785,15.943504
42,2024,Guaviare,2024-06-10,2,2024-06-24,10.644589,14.076369
42,2024,Guaviare,2024-06-10,3,2024-07-01,16.558249,12.795993
42,2024,Guaviare,2024-06-10,4,2024-07-08,10.644589,12.747661
42,2024,Guaviare,2024-06-17,1,2024-06-24,10.644589,12.946637
42,2024,Guaviare,2024-06-17,2,2024-07-01,16.558249,11.300926
42,2024,Guaviare,2024-06-17,3,2024-07-08,10.644589,10.17852
42,2024,Guaviare,2024-06-17,4,2024-07-15,11.827321,10.056948
42,2024,Guaviare,2024-06-24,1,2024-07-01,16.558249,11.709262
42,2024,Guaviare,2024-06-24,2,2024-07-08,10.644589,10.235015
42,2024,Guaviare,2024-06-24,3,2024-07-15,11.827321,9.762167
42,2024,Guaviare,2024-06-24,4,2024-07-22,13.010055,9.468141
42,2024,Guaviare,2024-07-01,1,2024-07-08,10.644589,10.42101
42,2024,Guaviare,2024-07-01,2,2024-07-15,11.827321,9.296358
42,2024,Guaviare,2024-07-01,3,2024-07-22,13.010055,8.830336
42,2024,Guaviare,2024-07-01,4,2024-07-29,10.644589,8.68969
42,2024,Guaviare,2024-07-08,1,2024-07-15,11.827321,13.387259
42,2024,Guaviare,2024-07-08,2,2024-07-22,13.010055,12.057235
42,2024,Guaviare,2024-07-08,3,2024-07-29,10.644589,10.831713
42,2024,Guaviare,2024-07-08,4,2024-08-05,14.192785,10.719201
42,2024,Guaviare,2024-07-15,1,2024-07-22,13.010055,10.767627
42,2024,Guaviare,2024-07-15,2,2024-07-29,10.644589,9.976805
42,2024,Guaviare,2024-07-15,3,2024-08-05,14.192785,9.051816
42,2024,Guaviare,2024-07-15,4,2024-08-12,10.644589,8.809983
42,2024,Guaviare,2024-07-22,1,2024-07-29,10.644589,9.702909
42,2024,Guaviare,2024-07-22,2,2024-08-05,14.192785,8.760517
42,2024,Guaviare,2024-07-22,3,2024-08-12,10.644589,8.338837
42,2024,Guaviare,2024-07-22,4,2024-08-19,10.644589,8.063559
42,2024,Guaviare,2024-07-29,1,2024-08-05,14.192785,10.816839
42,2024,Guaviare,2024-07-29,2,2024-08-12,10.644589,9.779608
42,2024,Guaviare,2024-07-29,3,2024-08-19,10.644589,8.978944
42,2024,Guaviare,2024-07-29,4,2024-08-26,8.279125,8.746737
42,2024,Guaviare,2024-08-05,1,2024-08-12,10.644589,8.706025
42,2024,Guaviare,2024-08-05,2,2024-08-19,10.644589,8.692587
42,2024,Guaviare,2024-08-05,3,2024-08-26,8.279125,7.760517
42,2024,Guaviare,2024-08-05,4,2024-09-02,10.644589,7.8856916
42,2024,Guaviare,2024-08-12,1,2024-08-19,10.644589,11.278292
42,2024,Guaviare,2024-08-12,2,2024-08-26,8.279125,11.012478
42,2024,Guaviare,2024-08-12,3,2024-09-02,10.644589,10.168072
42,2024,Guaviare,2024-08-12,4,2024-09-09,8.279125,10.303296
42,2024,Guaviare,2024-08-19,1,2024-08-26,8.279125,9.984232
42,2024,Guaviare,2024-08-19,2,2024-09-02,10.644589,9.787841
42,2024,Guaviare,2024-08-19,3,2024-09-09,8.279125,9.17729
42,2024,Guaviare,2024-08-19,4,2024-09-16,13.010055,9.239338
42,2024,Guaviare,2024-08-26,1,2024-09-02,10.644589,9.654535
42,2024,Guaviare,2024-08-26,2,2024-09-09,8.279125,9.215366
42,2024,Guaviare,2024-08-26,3,2024-09-16,13.010055,8.593412
42,2024,Guaviare,2024-08-26,4,2024-09-23,7.0963917,8.464269
42,2024,Guaviare,2024-09-02,1,2024-09-09,8.279125,8.49311
42,2024,Guaviare,2024-09-02,2,2024-09-16,13.010055,8.13799
42,2024,Guaviare,2024-09-02,3,2024-09-23,7.0963917,7.430668
42,2024,Guaviare,2024-09-02,4,2024-09-30,5.9136605,7.525961
42,2024,Guaviare,2024-09-09,1,2024-09-16,13.010055,8.935039
42,2024,Guaviare,2024-09-09,2,2024-09-23,7.0963917,8.758428
42,2024,Guaviare,2024-09-09,3,2024-09-30,5.9136605,7.874944
42,2024,Guaviare,2024-09-09,4,2024-10-07,9.461856,8.085979
42,2024,Guaviare,2024-09-16,1,2024-09-23,7.0963917,7.209555
42,2024,Guaviare,2024-09-16,2,2024-09-30,5.9136605,7.3135266
42,2024,Guaviare,2024-09-16,3,2024-10-07,9.461856,6.57096
42,2024,Guaviare,2024-09-16,4,2024-10-14,5.9136605,6.864668
42,2024,Guaviare,2024-09-23,1,2024-09-30,5.9136605,9.099495
42,2024,Guaviare,2024-09-23,2,2024-10-07,9.461856,8.924681
42,2024,Guaviare,2024-09-23,3,2024-10-14,5.9136605,8.620849
42,2024,Guaviare,2024-09-23,4,2024-10-21,9.461856,8.867534
42,2024,Guaviare,2024-09-30,1,2024-10-07,9.461856,6.788415
42,2024,Guaviare,2024-09-30,2,2024-10-14,5.9136605,6.844142
42,2024,Guaviare,2024-09-30,3,2024-10-21,9.461856,6.5578
42,2024,Guaviare,2024-09-30,4,2024-10-28,7.0963917,6.662882
42,2024,Guaviare,2024-10-07,1,2024-10-14,5.9136605,5.794152
42,2024,Guaviare,2024-10-07,2,2024-10-21,9.461856,5.7799864
42,2024,Guaviare,2024-10-07,3,2024-10-28,7.0963917,5.683459
42,2024,Guaviare,2024-10-07,4,2024-11-04,10.644589,5.641336
42,2024,Guaviare,2024-10-14,1,2024-10-21,9.461856,7.568331
42,2024,Guaviare,2024-10-14,2,2024-10-28,7.0963917,7.5198445
42,2024,Guaviare,2024-10-14,3,2024-11-04,10.644589,7.0403137
42,2024,Guaviare,2024-10-14,4,2024-11-11,4.7309284,7.2908745
42,2024,Guaviare,2024-10-21,1,2024-10-28,7.0963917,5.9390736
42,2024,Guaviare,2024-10-21,2,2024-11-04,10.644589,5.9232216
42,2024,Guaviare,2024-10-21,3,2024-11-11,4.7309284,5.776828
42,2024,Guaviare,2024-10-21,4,2024-11-18,5.9136605,5.886095
42,2024,Guaviare,2024-10-28,1,2024-11-04,10.644589,7.670578
42,2024,Guaviare,2024-10-28,2,2024-11-11,4.7309284,7.63033
42,2024,Guaviare,2024-10-28,3,2024-11-18,5.9136605,7.30055
42,2024,Guaviare,2024-10-28,4,2024-11-25,7.0963917,7.5004497
42,2024,Guaviare,2024-11-04,1,2024-11-11,4.7309284,7.40082
42,2024,Guaviare,2024-11-04,2,2024-11-18,5.9136605,7.4523296
42,2024,Guaviare,2024-11-04,3,2024-11-25,7.0963917,7.046447
42,2024,Guaviare,2024-11-04,4,2024-12-02,10.644589,7.3433113
42,2024,Guaviare,2024-11-11,1,2024-11-18,5.9136605,8.718605
42,2024,Guaviare,2024-11-11,2,2024-11-25,7.0963917,8.856348
42,2024,Guaviare,2024-11-11,3,2024-12-02,10.644589,8.432666
42,2024,Guaviare,2024-11-11,4,2024-12-09,16.558249,8.7820215
42,2024,Guaviare,2024-11-18,1,2024-11-25,7.0963917,6.321701
42,2024,Guaviare,2024-11-18,2,2024-12-02,10.644589,6.552951
42,2024,Guaviare,2024-11-18,3,2024-12-09,16.558249,6.2765512
42,2024,Guaviare,2024-11-18,4,2024-12-16,2.3654644,6.515645
42,2024,Huila,2024-01-22,1,2024-01-29,56.66439,35.399574
42,2024,Huila,2024-01-22,2,2024-02-05,56.496986,33.30789
42,2024,Huila,2024-01-22,3,2024-02-12,53.065315,33.80445
42,2024,Huila,2024-01-22,4,2024-02-19,55.743702,32.285812
42,2024,Huila,2024-01-29,1,2024-02-05,56.496986,42.59143
42,2024,Huila,2024-01-29,2,2024-02-12,53.065315,41.024563
42,2024,Huila,2024-01-29,3,2024-02-19,55.743702,42.39646
42,2024,Huila,2024-01-29,4,2024-02-26,58.589455,38.887047
42,2024,Huila,2024-02-05,1,2024-02-12,53.065315,47.80781
42,2024,Huila,2024-02-05,2,2024-02-19,55.743702,48.86939
42,2024,Huila,2024-02-05,3,2024-02-26,58.589455,49.864384
42,2024,Huila,2024-02-05,4,2024-03-04,61.518932,45.33706
42,2024,Huila,2024-02-12,1,2024-02-19,55.743702,48.06413
42,2024,Huila,2024-02-12,2,2024-02-26,58.589455,47.38488
42,2024,Huila,2024-02-12,3,2024-03-04,61.518932,48.704727
42,2024,Huila,2024-02-12,4,2024-03-11,64.950615,44.027832
42,2024,Huila,2024-02-19,1,2024-02-26,58.589455,44.806355
42,2024,Huila,2024-02-19,2,2024-03-04,61.518932,43.727844
42,2024,Huila,2024-02-19,3,2024-03-11,64.950615,44.880318
42,2024,Huila,2024-02-19,4,2024-03-18,55.074085,39.243084
42,2024,Huila,2024-02-26,1,2024-03-04,61.518932,46.019318
42,2024,Huila,2024-02-26,2,2024-03-11,64.950615,45.878033
42,2024,Huila,2024-02-26,3,2024-03-18,55.074085,46.65062
42,2024,Huila,2024-02-26,4,2024-03-25,50.13584,40.64888
42,2024,Huila,2024-03-04,1,2024-03-11,64.950615,47.305023
42,2024,Huila,2024-03-04,2,2024-03-18,55.074085,47.56435
42,2024,Huila,2024-03-04,3,2024-03-25,50.13584,47.65308
42,2024,Huila,2024-03-04,4,2024-04-01,58.422073,41.492188
42,2024,Huila,2024-03-11,1,2024-03-18,55.074085,49.41884
42,2024,Huila,2024-03-11,2,2024-03-25,50.13584,48.696537
42,2024,Huila,2024-03-11,3,2024-04-01,58.422073,48.839058
42,2024,Huila,2024-03-11,4,2024-04-08,56.24588,43.11004
42,2024,Huila,2024-03-18,1,2024-03-25,50.13584,49.724342
42,2024,Huila,2024-03-18,2,2024-04-01,58.422073,47.782368
42,2024,Huila,2024-03-18,3,2024-04-08,56.24588,47.315792
42,2024,Huila,2024-03-18,4,2024-04-15,50.721745,43.026165
42,2024,Huila,2024-03-25,1,2024-04-01,58.422073,39.961716
42,2024,Huila,2024-03-25,2,2024-04-08,56.24588,35.799633
42,2024,Huila,2024-03-25,3,2024-04-15,50.721745,33.734676
42,2024,Huila,2024-03-25,4,2024-04-22,56.91548,32.955257
42,2024,Huila,2024-04-01,1,2024-04-08,56.24588,35.108112
42,2024,Huila,2024-04-01,2,2024-04-15,50.721745,31.013348
42,2024,Huila,2024-04-01,3,2024-04-22,56.91548,28.345009
42,2024,Huila,2024-04-01,4,2024-04-29,50.638042,27.743887
42,2024,Huila,2024-04-08,1,2024-04-15,50.721745,35.724606
42,2024,Huila,2024-04-08,2,2024-04-22,56.91548,31.407743
42,2024,Huila,2024-04-08,3,2024-04-29,50.638042,28.650534
42,2024,Huila,2024-04-08,4,2024-05-06,52.897915,27.329287
42,2024,Huila,2024-04-15,1,2024-04-22,56.91548,33.87343
42,2024,Huila,2024-04-15,2,2024-04-29,50.638042,29.9595
42,2024,Huila,2024-04-15,3,2024-05-06,52.897915,26.660698
42,2024,Huila,2024-04-15,4,2024-05-13,51.97723,26.108418
42,2024,Huila,2024-04-22,1,2024-04-29,50.638042,34.429276
42,2024,Huila,2024-04-22,2,2024-05-06,52.897915,30.811699
42,2024,Huila,2024-04-22,3,2024-05-13,51.97723,26.638094
42,2024,Huila,2024-04-22,4,2024-05-20,52.144627,26.067045
42,2024,Huila,2024-04-29,1,2024-05-06,52.897915,35.249367
42,2024,Huila,2024-04-29,2,2024-05-13,51.97723,33.043224
42,2024,Huila,2024-04-29,3,2024-05-20,52.144627,28.50504
42,2024,Huila,2024-04-29,4,2024-05-27,53.232708,27.59933
42,2024,Huila,2024-05-06,1,2024-05-13,51.97723,35.75126
42,2024,Huila,2024-05-06,2,2024-05-20,52.144627,34.907825
42,2024,Huila,2024-05-06,3,2024-05-27,53.232708,29.489082
42,2024,Huila,2024-05-06,4,2024-06-03,44.025803,28.479282
42,2024,Huila,2024-05-13,1,2024-05-20,52.144627,36.204353
42,2024,Huila,2024-05-13,2,2024-05-27,53.232708,34.419495
42,2024,Huila,2024-05-13,3,2024-06-03,44.025803,29.765068
42,2024,Huila,2024-05-13,4,2024-06-10,46.70417,29.156082
42,2024,Huila,2024-05-20,1,2024-05-27,53.232708,38.728035
42,2024,Huila,2024-05-20,2,2024-06-03,44.025803,37.15252
42,2024,Huila,2024-05-20,3,2024-06-10,46.70417,31.492785
42,2024,Huila,2024-05-20,4,2024-06-17,42.854008,31.115587
42,2024,Huila,2024-05-27,1,2024-06-03,44.025803,39.32029
42,2024,Huila,2024-05-27,2,2024-06-10,46.70417,38.60043
42,2024,Huila,2024-05-27,3,2024-06-17,42.854008,32.281345
42,2024,Huila,2024-05-27,4,2024-06-24,35.906975,32.095776
42,2024,Huila,2024-06-03,1,2024-06-10,46.70417,39.79135
42,2024,Huila,2024-06-03,2,2024-06-17,42.854008,38.501793
42,2024,Huila,2024-06-03,3,2024-06-24,35.906975,31.983335
42,2024,Huila,2024-06-03,4,2024-07-01,37.246162,31.914566
42,2024,Huila,2024-06-10,1,2024-06-17,42.854008,41.806023
42,2024,Huila,2024-06-10,2,2024-06-24,35.906975,39.902294
42,2024,Huila,2024-06-10,3,2024-07-01,37.246162,32.894936
42,2024,Huila,2024-06-10,4,2024-07-08,39.50604,32.537712
42,2024,Huila,2024-06-17,1,2024-06-24,35.906975,41.976173
42,2024,Huila,2024-06-17,2,2024-07-01,37.246162,40.154552
42,2024,Huila,2024-06-17,3,2024-07-08,39.50604,32.77723
42,2024,Huila,2024-06-17,4,2024-07-15,33.312298,32.383003
42,2024,Huila,2024-06-24,1,2024-07-01,37.246162,42.636852
42,2024,Huila,2024-06-24,2,2024-07-08,39.50604,39.61549
42,2024,Huila,2024-06-24,3,2024-07-15,33.312298,32.43471
42,2024,Huila,2024-06-24,4,2024-07-22,31.136116,32.76949
42,2024,Huila,2024-07-01,1,2024-07-08,39.50604,41.548847
42,2024,Huila,2024-07-01,2,2024-07-15,33.312298,37.753075
42,2024,Huila,2024-07-01,3,2024-07-22,31.136116,30.863338
42,2024,Huila,2024-07-01,4,2024-07-29,25.863062,31.504385
42,2024,Huila,2024-07-08,1,2024-07-15,33.312298,37.975494
42,2024,Huila,2024-07-08,2,2024-07-22,31.136116,32.803516
42,2024,Huila,2024-07-08,3,2024-07-29,25.863062,26.997238
42,2024,Huila,2024-07-08,4,2024-08-05,25.528269,27.74946
42,2024,Huila,2024-07-15,1,2024-07-22,31.136116,37.347622
42,2024,Huila,2024-07-15,2,2024-07-29,25.863062,32.872913
42,2024,Huila,2024-07-15,3,2024-08-05,25.528269,26.664557
42,2024,Huila,2024-07-15,4,2024-08-12,18.664928,27.38587
42,2024,Huila,2024-07-22,1,2024-07-29,25.863062,36.59751
42,2024,Huila,2024-07-22,2,2024-08-05,25.528269,32.232994
42,2024,Huila,2024-07-22,3,2024-08-12,18.664928,26.718067
42,2024,Huila,2024-07-22,4,2024-08-19,18.079035,27.357155
42,2024,Huila,2024-07-29,1,2024-08-05,25.528269,31.97423
42,2024,Huila,2024-07-29,2,2024-08-12,18.664928,27.558502
42,2024,Huila,2024-07-29,3,2024-08-19,18.079035,23.342953
42,2024,Huila,2024-07-29,4,2024-08-26,17.576838,24.543568
42,2024,Huila,2024-08-05,1,2024-08-12,18.664928,27.206936
42,2024,Huila,2024-08-05,2,2024-08-19,18.079035,24.937284
42,2024,Huila,2024-08-05,3,2024-08-26,17.576838,20.586363
42,2024,Huila,2024-08-05,4,2024-09-02,17.827938,21.374605
42,2024,Huila,2024-08-12,1,2024-08-19,18.079035,23.143301
42,2024,Huila,2024-08-12,2,2024-08-26,17.576838,22.084972
42,2024,Huila,2024-08-12,3,2024-09-02,17.827938,17.998663
42,2024,Huila,2024-08-12,4,2024-09-09,9.290615,18.716127
42,2024,Huila,2024-08-19,1,2024-08-26,17.576838,16.976332
42,2024,Huila,2024-08-19,2,2024-09-02,17.827938,16.878248
42,2024,Huila,2024-08-19,3,2024-09-09,9.290615,13.421237
42,2024,Huila,2024-08-19,4,2024-09-16,7.1981344,14.064702
42,2024,Huila,2024-08-26,1,2024-09-02,17.827938,15.423809
42,2024,Huila,2024-08-26,2,2024-09-09,9.290615,15.280875
42,2024,Huila,2024-08-26,3,2024-09-16,7.1981344,12.285438
42,2024,Huila,2024-08-26,4,2024-09-23,8.955819,12.872895
42,2024,Huila,2024-09-02,1,2024-09-09,9.290615,15.222299
42,2024,Huila,2024-09-02,2,2024-09-16,7.1981344,14.522569
42,2024,Huila,2024-09-02,3,2024-09-23,8.955819,11.828287
42,2024,Huila,2024-09-02,4,2024-09-30,8.87212,12.25977
42,2024,Huila,2024-09-09,1,2024-09-16,7.1981344,13.791556
42,2024,Huila,2024-09-09,2,2024-09-23,8.955819,13.213548
42,2024,Huila,2024-09-09,3,2024-09-30,8.87212,10.843679
42,2024,Huila,2024-09-09,4,2024-10-07,8.62102,11.337696
42,2024,Huila,2024-09-16,1,2024-09-23,8.955819,10.929282
42,2024,Huila,2024-09-16,2,2024-09-30,8.87212,10.674603
42,2024,Huila,2024-09-16,3,2024-10-07,8.62102,9.120763
42,2024,Huila,2024-09-16,4,2024-10-14,10.546103,9.242803
42,2024,Huila,2024-09-23,1,2024-09-30,8.87212,9.010976
42,2024,Huila,2024-09-23,2,2024-10-07,8.62102,8.633489
42,2024,Huila,2024-09-23,3,2024-10-14,10.546103,7.503849
42,2024,Huila,2024-09-23,4,2024-10-21,8.955819,7.5457873
42,2024,Huila,2024-09-30,1,2024-10-07,8.62102,8.317944
42,2024,Huila,2024-09-30,2,2024-10-14,10.546103,7.5147924
42,2024,Huila,2024-09-30,3,2024-10-21,8.955819,7.0294003
42,2024,Huila,2024-09-30,4,2024-10-28,5.105654,6.8258467
42,2024,Huila,2024-10-07,1,2024-10-14,10.546103,5.754892
42,2024,Huila,2024-10-07,2,2024-10-21,8.955819,4.8445864
42,2024,Huila,2024-10-07,3,2024-10-28,5.105654,5.426034
42,2024,Huila,2024-10-07,4,2024-11-04,4.1012626,4.4600058
42,2024,Huila,2024-10-14,1,2024-10-21,8.955819,5.142223
42,2024,Huila,2024-10-14,2,2024-10-28,5.105654,4.354715
42,2024,Huila,2024-10-14,3,2024-11-04,4.1012626,5.0133686
42,2024,Huila,2024-10-14,4,2024-11-11,4.3523607,3.9859521
42,2024,Huila,2024-10-21,1,2024-10-28,5.105654,5.654232
42,2024,Huila,2024-10-21,2,2024-11-04,4.1012626,4.9133773
42,2024,Huila,2024-10-21,3,2024-11-11,4.3523607,5.664407
42,2024,Huila,2024-10-21,4,2024-11-18,7.4492326,4.585034
42,2024,Huila,2024-10-28,1,2024-11-04,4.1012626,5.4858527
42,2024,Huila,2024-10-28,2,2024-11-11,4.3523607,4.820797
42,2024,Huila,2024-10-28,3,2024-11-18,7.4492326,5.4840646
42,2024,Huila,2024-10-28,4,2024-11-25,4.3523607,4.4197445
42,2024,Huila,2024-11-04,1,2024-11-11,4.3523607,4.344438
42,2024,Huila,2024-11-04,2,2024-11-18,7.4492326,4.033555
42,2024,Huila,2024-11-04,3,2024-11-25,4.3523607,4.4986343
42,2024,Huila,2024-11-04,4,2024-12-02,4.854556,3.7808888
42,2024,Huila,2024-11-11,1,2024-11-18,7.4492326,3.8939772
42,2024,Huila,2024-11-11,2,2024-11-25,4.3523607,3.69542
42,2024,Huila,2024-11-11,3,2024-12-02,4.854556,4.0877967
42,2024,Huila,2024-11-11,4,2024-12-09,6.5285416,3.5416598
42,2024,Huila,2024-11-18,1,2024-11-25,4.3523607,3.4809215
42,2024,Huila,2024-11-18,2,2024-12-02,4.854556,3.2498965
42,2024,Huila,2024-11-18,3,2024-12-09,6.5285416,3.6785011
42,2024,Huila,2024-11-18,4,2024-12-16,5.858947,3.2333758
42,2024,Magdalena,2024-01-22,1,2024-01-29,3.3414817,4.2344136
42,2024,Magdalena,2024-01-22,2,2024-02-05,4.5208282,4.0202303
42,2024,Magdalena,2024-01-22,3,2024-02-12,3.8001168,3.8057036
42,2024,Magdalena,2024-01-22,4,2024-02-19,3.4070013,3.5095375
42,2024,Magdalena,2024-01-29,1,2024-02-05,4.5208282,3.8578172
42,2024,Magdalena,2024-01-29,2,2024-02-12,3.8001168,3.5502667
42,2024,Magdalena,2024-01-29,3,2024-02-19,3.4070013,3.4692795
42,2024,Magdalena,2024-01-29,4,2024-02-26,2.7518084,3.1896524
42,2024,Magdalena,2024-02-05,1,2024-02-12,3.8001168,3.1325893
42,2024,Magdalena,2024-02-05,2,2024-02-19,3.4070013,2.8749564
42,2024,Magdalena,2024-02-05,3,2024-02-26,2.7518084,2.8726463
42,2024,Magdalena,2024-02-05,4,2024-03-04,2.8173277,2.6375449
42,2024,Magdalena,2024-02-12,1,2024-02-19,3.4070013,2.8992243
42,2024,Magdalena,2024-02-12,2,2024-02-26,2.7518084,2.6204107
42,2024,Magdalena,2024-02-12,3,2024-03-04,2.8173277,2.6279862
42,2024,Magdalena,2024-02-12,4,2024-03-11,2.4242122,2.4318516
42,2024,Magdalena,2024-02-19,1,2024-02-26,2.7518084,3.093702
42,2024,Magdalena,2024-02-19,2,2024-03-04,2.8173277,2.8397202
42,2024,Magdalena,2024-02-19,3,2024-03-11,2.4242122,2.8849144
42,2024,Magdalena,2024-02-19,4,2024-03-18,3.5380392,2.8199995
42,2024,Magdalena,2024-02-26,1,2024-03-04,2.8173277,2.9863396
42,2024,Magdalena,2024-02-26,2,2024-03-11,2.4242122,2.839031
42,2024,Magdalena,2024-02-26,3,2024-03-18,3.5380392,2.9489257
42,2024,Magdalena,2024-02-26,4,2024-03-25,2.096616,2.8884108
42,2024,Magdalena,2024-03-04,1,2024-03-11,2.4242122,2.5251436
42,2024,Magdalena,2024-03-04,2,2024-03-18,3.5380392,2.3309064
42,2024,Magdalena,2024-03-04,3,2024-03-25,2.096616,2.4139304
42,2024,Magdalena,2024-03-04,4,2024-04-01,1.6379812,2.3172374
42,2024,Magdalena,2024-03-11,1,2024-03-18,3.5380392,2.3215344
42,2024,Magdalena,2024-03-11,2,2024-03-25,2.096616,2.145849
42,2024,Magdalena,2024-03-11,3,2024-04-01,1.6379812,2.2297347
42,2024,Magdalena,2024-03-11,4,2024-04-08,2.882847,2.1931438
42,2024,Magdalena,2024-03-18,1,2024-03-25,2.096616,2.0508182
42,2024,Magdalena,2024-03-18,2,2024-04-01,1.6379812,1.8618629
42,2024,Magdalena,2024-03-18,3,2024-04-08,2.882847,1.9502379
42,2024,Magdalena,2024-03-18,4,2024-04-15,1.7690198,1.9003402
42,2024,Magdalena,2024-03-25,1,2024-04-01,1.6379812,2.5410583
42,2024,Magdalena,2024-03-25,2,2024-04-08,2.882847,2.4400456
42,2024,Magdalena,2024-03-25,3,2024-04-15,1.7690198,2.4503224
42,2024,Magdalena,2024-03-25,4,2024-04-22,1.6379812,2.5494044
42,2024,Magdalena,2024-04-01,1,2024-04-08,2.882847,2.3577707
42,2024,Magdalena,2024-04-01,2,2024-04-15,1.7690198,2.3343587
42,2024,Magdalena,2024-04-01,3,2024-04-22,1.6379812,2.403214
42,2024,Magdalena,2024-04-01,4,2024-04-29,1.2448658,2.4883642
42,2024,Magdalena,2024-04-08,1,2024-04-15,1.7690198,2.44927
42,2024,Magdalena,2024-04-08,2,2024-04-22,1.6379812,2.4907749
42,2024,Magdalena,2024-04-08,3,2024-04-29,1.2448658,2.5118036
42,2024,Magdalena,2024-04-08,4,2024-05-06,1.5069427,2.6408901
42,2024,Magdalena,2024-04-15,1,2024-04-22,1.6379812,2.770961
42,2024,Magdalena,2024-04-15,2,2024-04-29,1.2448658,2.8273823
42,2024,Magdalena,2024-04-15,3,2024-05-06,1.5069427,2.8429835
42,2024,Magdalena,2024-04-15,4,2024-05-13,2.0310967,2.9279282
42,2024,Magdalena,2024-04-22,1,2024-04-29,1.2448658,2.2810712
42,2024,Magdalena,2024-04-22,2,2024-05-06,1.5069427,2.349181
42,2024,Magdalena,2024-04-22,3,2024-05-13,2.0310967,2.4416132
42,2024,Magdalena,2024-04-22,4,2024-05-20,2.096616,2.426732
42,2024,Magdalena,2024-04-29,1,2024-05-06,1.5069427,2.1314266
42,2024,Magdalena,2024-04-29,2,2024-05-13,2.0310967,2.2480872
42,2024,Magdalena,2024-04-29,3,2024-05-20,2.096616,2.2786674
42,2024,Magdalena,2024-04-29,4,2024-05-27,2.096616,2.3531263
42,2024,Magdalena,2024-05-06,1,2024-05-13,2.0310967,1.9041203
42,2024,Magdalena,2024-05-06,2,2024-05-20,2.096616,1.963774
42,2024,Magdalena,2024-05-06,3,2024-05-27,2.096616,1.9886298
42,2024,Magdalena,2024-05-06,4,2024-06-03,2.358693,2.0955307
42,2024,Magdalena,2024-05-13,1,2024-05-20,2.096616,2.0868487
42,2024,Magdalena,2024-05-13,2,2024-05-27,2.096616,2.2347622
42,2024,Magdalena,2024-05-13,3,2024-06-03,2.358693,2.2600977
42,2024,Magdalena,2024-05-13,4,2024-06-10,1.5724621,2.425348
42,2024,Magdalena,2024-05-20,1,2024-05-27,2.096616,2.3040302
42,2024,Magdalena,2024-05-20,2,2024-06-03,2.358693,2.5908518
42,2024,Magdalena,2024-05-20,3,2024-06-10,1.5724621,2.6046298
42,2024,Magdalena,2024-05-20,4,2024-06-17,1.9655775,2.7527676
42,2024,Magdalena,2024-05-27,1,2024-06-03,2.358693,2.4905007
42,2024,Magdalena,2024-05-27,2,2024-06-10,1.5724621,2.8690896
42,2024,Magdalena,2024-05-27,3,2024-06-17,1.9655775,2.885359
42,2024,Magdalena,2024-05-27,4,2024-06-24,1.8345389,3.0293987
42,2024,Magdalena,2024-06-03,1,2024-06-10,1.5724621,2.6743424
42,2024,Magdalena,2024-06-03,2,2024-06-17,1.9655775,3.0302124
42,2024,Magdalena,2024-06-03,3,2024-06-24,1.8345389,3.0789669
42,2024,Magdalena,2024-06-03,4,2024-07-01,1.3759042,3.148985
42,2024,Magdalena,2024-06-10,1,2024-06-17,1.9655775,2.7663925
42,2024,Magdalena,2024-06-10,2,2024-06-24,1.8345389,3.0428274
42,2024,Magdalena,2024-06-10,3,2024-07-01,1.3759042,2.9160302
42,2024,Magdalena,2024-06-10,4,2024-07-08,2.6862895,3.1430757
42,2024,Magdalena,2024-06-17,1,2024-06-24,1.8345389,2.642645
42,2024,Magdalena,2024-06-17,2,2024-07-01,1.3759042,2.7962816
42,2024,Magdalena,2024-06-17,3,2024-07-08,2.6862895,2.6957002
42,2024,Magdalena,2024-06-17,4,2024-07-15,1.3759042,2.937065
42,2024,Magdalena,2024-06-24,1,2024-07-01,1.3759042,2.5768328
42,2024,Magdalena,2024-06-24,2,2024-07-08,2.6862895,2.635398
42,2024,Magdalena,2024-06-24,3,2024-07-15,1.3759042,2.5521061
42,2024,Magdalena,2024-06-24,4,2024-07-22,2.8173277,2.7160563
42,2024,Magdalena,2024-07-01,1,2024-07-08,2.6862895,2.2984686
42,2024,Magdalena,2024-07-01,2,2024-07-15,1.3759042,2.3674738
42,2024,Magdalena,2024-07-01,3,2024-07-22,2.8173277,2.2369611
42,2024,Magdalena,2024-07-01,4,2024-07-29,1.9655775,2.3920789
42,2024,Magdalena,2024-07-08,1,2024-07-15,1.3759042,1.9685181
42,2024,Magdalena,2024-07-08,2,2024-07-22,2.8173277,1.9859419
42,2024,Magdalena,2024-07-08,3,2024-07-29,1.9655775,1.8734602
42,2024,Magdalena,2024-07-08,4,2024-08-05,2.4242122,1.8782468
42,2024,Magdalena,2024-07-15,1,2024-07-22,2.8173277,2.277359
42,2024,Magdalena,2024-07-15,2,2024-07-29,1.9655775,2.2440426
42,2024,Magdalena,2024-07-15,3,2024-08-05,2.4242122,2.1869552
42,2024,Magdalena,2024-07-15,4,2024-08-12,2.8173277,2.1516116
42,2024,Magdalena,2024-07-22,1,2024-07-29,1.9655775,1.9903907
42,2024,Magdalena,2024-07-22,2,2024-08-05,2.4242122,1.9529486
42,2024,Magdalena,2024-07-22,3,2024-08-12,2.8173277,1.9191126
42,2024,Magdalena,2024-07-22,4,2024-08-19,2.096616,1.8675007
42,2024,Magdalena,2024-07-29,1,2024-08-05,2.4242122,2.3560903
42,2024,Magdalena,2024-07-29,2,2024-08-12,2.8173277,2.2811077
42,2024,Magdalena,2024-07-29,3,2024-08-19,2.096616,2.261986
42,2024,Magdalena,2024-07-29,4,2024-08-26,2.0310967,2.227086
42,2024,Magdalena,2024-08-05,1,2024-08-12,2.8173277,2.318388
42,2024,Magdalena,2024-08-05,2,2024-08-19,2.096616,2.315722
42,2024,Magdalena,2024-08-05,3,2024-08-26,2.0310967,2.274388
42,2024,Magdalena,2024-08-05,4,2024-09-02,2.096616,2.2585914
42,2024,Magdalena,2024-08-12,1,2024-08-19,2.096616,2.4226308
42,2024,Magdalena,2024-08-12,2,2024-08-26,2.0310967,2.3619242
42,2024,Magdalena,2024-08-12,3,2024-09-02,2.096616,2.3350782
42,2024,Magdalena,2024-08-12,4,2024-09-09,1.5724621,2.2933326
42,2024,Magdalena,2024-08-19,1,2024-08-26,2.0310967,2.7290106
42,2024,Magdalena,2024-08-19,2,2024-09-02,2.096616,2.6806474
42,2024,Magdalena,2024-08-19,3,2024-09-09,1.5724621,2.641784
42,2024,Magdalena,2024-08-19,4,2024-09-16,1.048308,2.5900292
42,2024,Magdalena,2024-08-26,1,2024-09-02,2.096616,2.5749414
42,2024,Magdalena,2024-08-26,2,2024-09-09,1.5724621,2.5344949
42,2024,Magdalena,2024-08-26,3,2024-09-16,1.048308,2.5028598
42,2024,Magdalena,2024-08-26,4,2024-09-23,1.4414235,2.4381208
42,2024,Magdalena,2024-09-02,1,2024-09-09,1.5724621,2.3665798
42,2024,Magdalena,2024-09-02,2,2024-09-16,1.048308,2.3412886
42,2024,Magdalena,2024-09-02,3,2024-09-23,1.4414235,2.3647575
42,2024,Magdalena,2024-09-02,4,2024-09-30,2.2276545,2.3842843
42,2024,Magdalena,2024-09-09,1,2024-09-16,1.048308,2.3928835
42,2024,Magdalena,2024-09-09,2,2024-09-23,1.4414235,2.381047
42,2024,Magdalena,2024-09-09,3,2024-09-30,2.2276545,2.4273021
42,2024,Magdalena,2024-09-09,4,2024-10-07,1.1138272,2.4853046
42,2024,Magdalena,2024-09-16,1,2024-09-23,1.4414235,2.1401088
42,2024,Magdalena,2024-09-16,2,2024-09-30,2.2276545,2.1193163
42,2024,Magdalena,2024-09-16,3,2024-10-07,1.1138272,2.2196677
42,2024,Magdalena,2024-09-16,4,2024-10-14,1.048308,2.2671654
42,2024,Magdalena,2024-09-23,1,2024-09-30,2.2276545,1.9959526
42,2024,Magdalena,2024-09-23,2,2024-10-07,1.1138272,1.9982818
42,2024,Magdalena,2024-09-23,3,2024-10-14,1.048308,2.0915632
42,2024,Magdalena,2024-09-23,4,2024-10-21,1.1138272,2.162151
42,2024,Magdalena,2024-09-30,1,2024-10-07,1.1138272,1.8592352
42,2024,Magdalena,2024-09-30,2,2024-10-14,1.048308,1.8709033
42,2024,Magdalena,2024-09-30,3,2024-10-21,1.1138272,1.9542929
42,2024,Magdalena,2024-09-30,4,2024-10-28,0.786231,2.0373535
42,2024,Magdalena,2024-10-07,1,2024-10-14,1.048308,1.9733404
42,2024,Magdalena,2024-10-07,2,2024-10-21,1.1138272,2.026036
42,2024,Magdalena,2024-10-07,3,2024-10-28,0.786231,2.1329207
42,2024,Magdalena,2024-10-07,4,2024-11-04,1.048308,2.2374496
42,2024,Magdalena,2024-10-14,1,2024-10-21,1.1138272,1.9080489
42,2024,Magdalena,2024-10-14,2,2024-10-28,0.786231,1.9680083
42,2024,Magdalena,2024-10-14,3,2024-11-04,1.048308,2.036204
42,2024,Magdalena,2024-10-14,4,2024-11-11,1.1138272,2.1529741
42,2024,Magdalena,2024-10-21,1,2024-10-28,0.786231,1.7444459
42,2024,Magdalena,2024-10-21,2,2024-11-04,1.048308,1.7904083
42,2024,Magdalena,2024-10-21,3,2024-11-11,1.1138272,1.8345352
42,2024,Magdalena,2024-10-21,4,2024-11-18,0.91726947,1.93947
42,2024,Magdalena,2024-10-28,1,2024-11-04,1.048308,1.7173891
42,2024,Magdalena,2024-10-28,2,2024-11-11,1.1138272,1.7656648
42,2024,Magdalena,2024-10-28,3,2024-11-18,0.91726947,1.8085752
42,2024,Magdalena,2024-10-28,4,2024-11-25,0.8517502,1.9295121
42,2024,Magdalena,2024-11-04,1,2024-11-11,1.1138272,1.4591948
42,2024,Magdalena,2024-11-04,2,2024-11-18,0.91726947,1.5022135
42,2024,Magdalena,2024-11-04,3,2024-11-25,0.8517502,1.5431458
42,2024,Magdalena,2024-11-04,4,2024-12-02,1.1138272,1.6688449
42,2024,Magdalena,2024-11-11,1,2024-11-18,0.91726947,1.3684982
42,2024,Magdalena,2024-11-11,2,2024-11-25,0.8517502,1.3999206
42,2024,Magdalena,2024-11-11,3,2024-12-02,1.1138272,1.4315083
42,2024,Magdalena,2024-11-11,4,2024-12-09,0.91726947,1.5448091
42,2024,Magdalena,2024-11-18,1,2024-11-25,0.8517502,1.3263527
42,2024,Magdalena,2024-11-18,2,2024-12-02,1.1138272,1.3532562
42,2024,Magdalena,2024-11-18,3,2024-12-09,0.91726947,1.4161943
42,2024,Magdalena,2024-11-18,4,2024-12-16,1.4414235,1.5002878
42,2024,Meta,2024-01-22,1,2024-01-29,4.631709,3.8175535
42,2024,Meta,2024-01-22,2,2024-02-05,4.544318,3.8922932
42,2024,Meta,2024-01-22,3,2024-02-12,4.631709,3.7498355
42,2024,Meta,2024-01-22,4,2024-02-19,4.631709,3.5694604
42,2024,Meta,2024-01-29,1,2024-02-05,4.544318,4.7037797
42,2024,Meta,2024-01-29,2,2024-02-12,4.631709,4.661193
42,2024,Meta,2024-01-29,3,2024-02-19,4.631709,4.4305987
42,2024,Meta,2024-01-29,4,2024-02-26,5.0686626,4.2989945
42,2024,Meta,2024-02-05,1,2024-02-12,4.631709,5.0304613
42,2024,Meta,2024-02-05,2,2024-02-19,4.631709,5.2074494
42,2024,Meta,2024-02-05,3,2024-02-26,5.0686626,4.9433317
42,2024,Meta,2024-02-05,4,2024-03-04,3.4082386,5.1504984
42,2024,Meta,2024-02-12,1,2024-02-19,4.631709,4.7802315
42,2024,Meta,2024-02-12,2,2024-02-26,5.0686626,4.8947873
42,2024,Meta,2024-02-12,3,2024-03-04,3.4082386,4.585237
42,2024,Meta,2024-02-12,4,2024-03-11,4.1073647,4.689189
42,2024,Meta,2024-02-19,1,2024-02-26,5.0686626,4.8821607
42,2024,Meta,2024-02-19,2,2024-03-04,3.4082386,4.9942794
42,2024,Meta,2024-02-19,3,2024-03-11,4.1073647,4.708378
42,2024,Meta,2024-02-19,4,2024-03-18,4.893882,4.9151907
42,2024,Meta,2024-02-26,1,2024-03-04,3.4082386,5.332672
42,2024,Meta,2024-02-26,2,2024-03-11,4.1073647,5.362828
42,2024,Meta,2024-02-26,3,2024-03-18,4.893882,5.233971
42,2024,Meta,2024-02-26,4,2024-03-25,3.4956298,5.267814
42,2024,Meta,2024-03-04,1,2024-03-11,4.1073647,5.0732684
42,2024,Meta,2024-03-04,2,2024-03-18,4.893882,5.0472
42,2024,Meta,2024-03-04,3,2024-03-25,3.4956298,5.047463
42,2024,Meta,2024-03-04,4,2024-04-01,5.5056167,4.995916
42,2024,Meta,2024-03-11,1,2024-03-18,4.893882,4.082281
42,2024,Meta,2024-03-11,2,2024-03-25,3.4956298,4.0811706
42,2024,Meta,2024-03-11,3,2024-04-01,5.5056167,4.265316
42,2024,Meta,2024-03-11,4,2024-04-08,6.8164783,4.222774
42,2024,Meta,2024-03-18,1,2024-03-25,3.4956298,3.933473
42,2024,Meta,2024-03-18,2,2024-04-01,5.5056167,3.8642128
42,2024,Meta,2024-03-18,3,2024-04-08,6.8164783,4.026879
42,2024,Meta,2024-03-18,4,2024-04-15,6.204743,4.030835
42,2024,Meta,2024-03-25,1,2024-04-01,5.5056167,4.9411836
42,2024,Meta,2024-03-25,2,2024-04-08,6.8164783,4.793279
42,2024,Meta,2024-03-25,3,2024-04-15,6.204743,4.8376427
42,2024,Meta,2024-03-25,4,2024-04-22,7.6029944,5.133611
42,2024,Meta,2024-04-01,1,2024-04-08,6.8164783,5.1846023
42,2024,Meta,2024-04-01,2,2024-04-15,6.204743,5.208487
42,2024,Meta,2024-04-01,3,2024-04-22,7.6029944,5.2551866
42,2024,Meta,2024-04-01,4,2024-04-29,7.0786505,5.5960474
42,2024,Meta,2024-04-08,1,2024-04-15,6.204743,6.1915207
42,2024,Meta,2024-04-08,2,2024-04-22,7.6029944,6.259357
42,2024,Meta,2024-04-08,3,2024-04-29,7.0786505,6.3272624
42,2024,Meta,2024-04-08,4,2024-05-06,8.389511,6.686514
42,2024,Meta,2024-04-15,1,2024-04-22,7.6029944,7.652593
42,2024,Meta,2024-04-15,2,2024-04-29,7.0786505,7.7376595
42,2024,Meta,2024-04-15,3,2024-05-06,8.389511,7.868878
42,2024,Meta,2024-04-15,4,2024-05-13,8.739073,8.177485
42,2024,Meta,2024-04-22,1,2024-04-29,7.0786505,7.810287
42,2024,Meta,2024-04-22,2,2024-05-06,8.389511,7.926788
42,2024,Meta,2024-04-22,3,2024-05-13,8.739073,8.065882
42,2024,Meta,2024-04-22,4,2024-05-20,9.612982,8.337017
42,2024,Meta,2024-04-29,1,2024-05-06,8.389511,8.565955
42,2024,Meta,2024-04-29,2,2024-05-13,8.739073,8.553337
42,2024,Meta,2024-04-29,3,2024-05-20,9.612982,8.552881
42,2024,Meta,2024-04-29,4,2024-05-27,7.1660404,8.907552
42,2024,Meta,2024-05-06,1,2024-05-13,8.739073,8.179647
42,2024,Meta,2024-05-06,2,2024-05-20,9.612982,8.276775
42,2024,Meta,2024-05-06,3,2024-05-27,7.1660404,8.217626
42,2024,Meta,2024-05-06,4,2024-06-03,8.127338,8.612381
42,2024,Meta,2024-05-13,1,2024-05-20,9.612982,9.857377
42,2024,Meta,2024-05-13,2,2024-05-27,7.1660404,9.688476
42,2024,Meta,2024-05-13,3,2024-06-03,8.127338,9.669319
42,2024,Meta,2024-05-13,4,2024-06-10,8.127338,10.191542
42,2024,Meta,2024-05-20,1,2024-05-27,7.1660404,10.356056
42,2024,Meta,2024-05-20,2,2024-06-03,8.127338,10.160087
42,2024,Meta,2024-05-20,3,2024-06-10,8.127338,10.044622
42,2024,Meta,2024-05-20,4,2024-06-17,7.952556,10.261063
42,2024,Meta,2024-05-27,1,2024-06-03,8.127338,10.36433
42,2024,Meta,2024-05-27,2,2024-06-10,8.127338,10.024163
42,2024,Meta,2024-05-27,3,2024-06-17,7.952556,9.837973
42,2024,Meta,2024-05-27,4,2024-06-24,7.952556,9.775563
42,2024,Meta,2024-06-03,1,2024-06-10,8.127338,8.456656
42,2024,Meta,2024-06-03,2,2024-06-17,7.952556,8.078094
42,2024,Meta,2024-06-03,3,2024-06-24,7.952556,7.8714833
42,2024,Meta,2024-06-03,4,2024-07-01,5.5056167,7.8039227
42,2024,Meta,2024-06-10,1,2024-06-17,7.952556,8.144143
42,2024,Meta,2024-06-10,2,2024-06-24,7.952556,7.5009384
42,2024,Meta,2024-06-10,3,2024-07-01,5.5056167,7.1867337
42,2024,Meta,2024-06-10,4,2024-07-08,5.8551793,7.14721
42,2024,Meta,2024-06-17,1,2024-06-24,7.952556,7.707669
42,2024,Meta,2024-06-17,2,2024-07-01,5.5056167,7.3402586
42,2024,Meta,2024-06-17,3,2024-07-08,5.8551793,6.9980054
42,2024,Meta,2024-06-17,4,2024-07-15,6.7290874,7.0473695
42,2024,Meta,2024-06-24,1,2024-07-01,5.5056167,7.892709
42,2024,Meta,2024-06-24,2,2024-07-08,5.8551793,7.655936
42,2024,Meta,2024-06-24,3,2024-07-15,6.7290874,7.360452
42,2024,Meta,2024-06-24,4,2024-07-22,7.5156045,7.3759723
42,2024,Meta,2024-07-01,1,2024-07-08,5.8551793,8.22454
42,2024,Meta,2024-07-01,2,2024-07-15,6.7290874,7.858147
42,2024,Meta,2024-07-01,3,2024-07-22,7.5156045,7.5702147
42,2024,Meta,2024-07-01,4,2024-07-29,6.7290874,7.56666
42,2024,Meta,2024-07-08,1,2024-07-15,6.7290874,5.9408255
42,2024,Meta,2024-07-08,2,2024-07-22,7.5156045,5.5180073
42,2024,Meta,2024-07-08,3,2024-07-29,6.7290874,5.234976
42,2024,Meta,2024-07-08,4,2024-08-05,7.253432,5.005479
42,2024,Meta,2024-07-15,1,2024-07-22,7.5156045,5.337795
42,2024,Meta,2024-07-15,2,2024-07-29,6.7290874,4.857712
42,2024,Meta,2024-07-15,3,2024-08-05,7.253432,4.582633
42,2024,Meta,2024-07-15,4,2024-08-12,5.593007,4.410645
42,2024,Meta,2024-07-22,1,2024-07-29,6.7290874,5.472168
42,2024,Meta,2024-07-22,2,2024-08-05,7.253432,5.015377
42,2024,Meta,2024-07-22,3,2024-08-12,5.593007,4.805978
42,2024,Meta,2024-07-22,4,2024-08-19,5.3308353,4.7455573
42,2024,Meta,2024-07-29,1,2024-08-05,7.253432,6.3237333
42,2024,Meta,2024-07-29,2,2024-08-12,5.593007,5.850183
42,2024,Meta,2024-07-29,3,2024-08-19,5.3308353,5.700847
42,2024,Meta,2024-07-29,4,2024-08-26,6.7290874,5.5779023
42,2024,Meta,2024-08-05,1,2024-08-12,5.593007,6.20394
42,2024,Meta,2024-08-05,2,2024-08-19,5.3308353,5.848681
42,2024,Meta,2024-08-05,3,2024-08-26,6.7290874,5.6963186
42,2024,Meta,2024-08-05,4,2024-09-02,5.3308353,5.5440235
42,2024,Meta,2024-08-12,1,2024-08-19,5.3308353,6.4377947
42,2024,Meta,2024-08-12,2,2024-08-26,6.7290874,6.1881514
42,2024,Meta,2024-08-12,3,2024-09-02,5.3308353,5.9714966
42,2024,Meta,2024-08-12,4,2024-09-09,6.0299606,5.8209705
42,2024,Meta,2024-08-19,1,2024-08-26,6.7290874,5.979461
42,2024,Meta,2024-08-19,2,2024-09-02,5.3308353,5.6758823
42,2024,Meta,2024-08-19,3,2024-09-09,6.0299606,5.4778886
42,2024,Meta,2024-08-19,4,2024-09-16,5.156054,5.2811227
42,2024,Meta,2024-08-26,1,2024-09-02,5.3308353,5.651282
42,2024,Meta,2024-08-26,2,2024-09-09,6.0299606,5.363318
42,2024,Meta,2024-08-26,3,2024-09-16,5.156054,5.1184645
42,2024,Meta,2024-08-26,4,2024-09-23,4.019974,4.92801
42,2024,Meta,2024-09-02,1,2024-09-09,6.0299606,6.13772
42,2024,Meta,2024-09-02,2,2024-09-16,5.156054,5.875289
42,2024,Meta,2024-09-02,3,2024-09-23,4.019974,5.589532
42,2024,Meta,2024-09-02,4,2024-09-30,4.456928,5.5636487
42,2024,Meta,2024-09-09,1,2024-09-16,5.156054,5.521997
42,2024,Meta,2024-09-09,2,2024-09-23,4.019974,5.3209248
42,2024,Meta,2024-09-09,3,2024-09-30,4.456928,5.112965
42,2024,Meta,2024-09-09,4,2024-10-07,4.1947556,4.984963
42,2024,Meta,2024-09-16,1,2024-09-23,4.019974,5.71544
42,2024,Meta,2024-09-16,2,2024-09-30,4.456928,5.461894
42,2024,Meta,2024-09-16,3,2024-10-07,4.1947556,5.287222
42,2024,Meta,2024-09-16,4,2024-10-14,4.9812717,5.157162
42,2024,Meta,2024-09-23,1,2024-09-30,4.456928,5.3796053
42,2024,Meta,2024-09-23,2,2024-10-07,4.1947556,5.138658
42,2024,Meta,2024-09-23,3,2024-10-14,4.9812717,4.9779353
42,2024,Meta,2024-09-23,4,2024-10-21,4.7191,4.869417
42,2024,Meta,2024-09-30,1,2024-10-07,4.1947556,4.732103
42,2024,Meta,2024-09-30,2,2024-10-14,4.9812717,4.5890527
42,2024,Meta,2024-09-30,3,2024-10-21,4.7191,4.5022006
42,2024,Meta,2024-09-30,4,2024-10-28,7.0786505,4.440587
42,2024,Meta,2024-10-07,1,2024-10-14,4.9812717,4.500478
42,2024,Meta,2024-10-07,2,2024-10-21,4.7191,4.397481
42,2024,Meta,2024-10-07,3,2024-10-28,7.0786505,4.321238
42,2024,Meta,2024-10-07,4,2024-11-04,6.0299606,4.316283
42,2024,Meta,2024-10-14,1,2024-10-21,4.7191,4.47958
42,2024,Meta,2024-10-14,2,2024-10-28,7.0786505,4.4310603
42,2024,Meta,2024-10-14,3,2024-11-04,6.0299606,4.36186
42,2024,Meta,2024-10-14,4,2024-11-11,6.466914,4.3633733
42,2024,Meta,2024-10-21,1,2024-10-28,7.0786505,4.775711
42,2024,Meta,2024-10-21,2,2024-11-04,6.0299606,4.6533446
42,2024,Meta,2024-10-21,3,2024-11-11,6.466914,4.6672635
42,2024,Meta,2024-10-21,4,2024-11-18,5.593007,4.646252
42,2024,Meta,2024-10-28,1,2024-11-04,6.0299606,5.0365686
42,2024,Meta,2024-10-28,2,2024-11-11,6.466914,5.040363
42,2024,Meta,2024-10-28,3,2024-11-18,5.593007,5.0139236
42,2024,Meta,2024-10-28,4,2024-11-25,5.3308353,5.057188
42,2024,Meta,2024-11-04,1,2024-11-11,6.466914,6.468394
42,2024,Meta,2024-11-04,2,2024-11-18,5.593007,6.512825
42,2024,Meta,2024-11-04,3,2024-11-25,5.3308353,6.4849734
42,2024,Meta,2024-11-04,4,2024-12-02,5.0686626,6.720166
42,2024,Meta,2024-11-11,1,2024-11-18,5.593007,6.6025457
42,2024,Meta,2024-11-11,2,2024-11-25,5.3308353,6.867453
42,2024,Meta,2024-11-11,3,2024-12-02,5.0686626,6.796924
42,2024,Meta,2024-11-11,4,2024-12-09,4.2821465,7.0974264
42,2024,Meta,2024-11-18,1,2024-11-25,5.3308353,7.451495
42,2024,Meta,2024-11-18,2,2024-12-02,5.0686626,7.616935
42,2024,Meta,2024-11-18,3,2024-12-09,4.2821465,7.5931015
42,2024,Meta,2024-11-18,4,2024-12-16,5.593007,7.966732
42,2024,Narino,2024-01-22,1,2024-01-29,3.8136969,3.6600955
42,2024,Narino,2024-01-22,2,2024-02-05,6.101915,3.6694665
42,2024,Narino,2024-01-22,3,2024-02-12,7.5100493,3.606803
42,2024,Narino,2024-01-22,4,2024-02-19,5.515192,3.63097
42,2024,Narino,2024-01-29,1,2024-02-05,6.101915,3.693711
42,2024,Narino,2024-01-29,2,2024-02-12,7.5100493,3.6551223
42,2024,Narino,2024-01-29,3,2024-02-19,5.515192,3.6472328
42,2024,Narino,2024-01-29,4,2024-02-26,5.397848,3.6869807
42,2024,Narino,2024-02-05,1,2024-02-12,7.5100493,3.8544433
42,2024,Narino,2024-02-05,2,2024-02-19,5.515192,3.8195157
42,2024,Narino,2024-02-05,3,2024-02-26,5.397848,3.7605991
42,2024,Narino,2024-02-05,4,2024-03-04,5.6912093,3.7772186
42,2024,Narino,2024-02-12,1,2024-02-19,5.515192,4.859308
42,2024,Narino,2024-02-12,2,2024-02-26,5.397848,4.838494
42,2024,Narino,2024-02-12,3,2024-03-04,5.6912093,4.6953588
42,2024,Narino,2024-02-12,4,2024-03-11,5.6912093,4.774523
42,2024,Narino,2024-02-19,1,2024-02-26,5.397848,6.0774293
42,2024,Narino,2024-02-19,2,2024-03-04,5.6912093,6.21024
42,2024,Narino,2024-02-19,3,2024-03-11,5.6912093,6.10093
42,2024,Narino,2024-02-19,4,2024-03-18,5.515192,6.203036
42,2024,Narino,2024-02-26,1,2024-03-04,5.6912093,6.2814274
42,2024,Narino,2024-02-26,2,2024-03-11,5.6912093,6.330514
42,2024,Narino,2024-02-26,3,2024-03-18,5.515192,6.2571607
42,2024,Narino,2024-02-26,4,2024-03-25,3.3443189,6.29262
42,2024,Narino,2024-03-04,1,2024-03-11,5.6912093,5.807573
42,2024,Narino,2024-03-04,2,2024-03-18,5.515192,5.7646756
42,2024,Narino,2024-03-04,3,2024-03-25,3.3443189,5.6198277
42,2024,Narino,2024-03-04,4,2024-04-01,4.8111253,5.5890937
42,2024,Narino,2024-03-11,1,2024-03-18,5.515192,5.435929
42,2024,Narino,2024-03-11,2,2024-03-25,3.3443189,5.3607225
42,2024,Narino,2024-03-11,3,2024-04-01,4.8111253,5.229288
42,2024,Narino,2024-03-11,4,2024-04-08,11.910468,5.2046747
42,2024,Narino,2024-03-18,1,2024-03-25,3.3443189,5.477719
42,2024,Narino,2024-03-18,2,2024-04-01,4.8111253,5.3323245
42,2024,Narino,2024-03-18,3,2024-04-08,11.910468,5.2999616
42,2024,Narino,2024-03-18,4,2024-04-15,7.334033,5.335486
42,2024,Narino,2024-03-25,1,2024-04-01,4.8111253,5.545352
42,2024,Narino,2024-03-25,2,2024-04-08,11.910468,5.471897
42,2024,Narino,2024-03-25,3,2024-04-15,7.334033,5.4235187
42,2024,Narino,2024-03-25,4,2024-04-22,7.0406704,5.4618993
42,2024,Narino,2024-04-01,1,2024-04-08,11.910468,4.3860126
42,2024,Narino,2024-04-01,2,2024-04-15,7.334033,4.390264
42,2024,Narino,2024-04-01,3,2024-04-22,7.0406704,4.327848
42,2024,Narino,2024-04-01,4,2024-04-29,5.221831,4.3512135
42,2024,Narino,2024-04-08,1,2024-04-15,7.334033,4.4417644
42,2024,Narino,2024-04-08,2,2024-04-22,7.0406704,4.3528557
42,2024,Narino,2024-04-08,3,2024-04-29,5.221831,4.215397
42,2024,Narino,2024-04-08,4,2024-05-06,3.5790079,4.259327
42,2024,Narino,2024-04-15,1,2024-04-22,7.0406704,7.7461486
42,2024,Narino,2024-04-15,2,2024-04-29,5.221831,7.6651864
42,2024,Narino,2024-04-15,3,2024-05-06,3.5790079,7.47156
42,2024,Narino,2024-04-15,4,2024-05-13,5.2805033,7.7192736
42,2024,Narino,2024-04-22,1,2024-04-29,5.221831,7.4531093
42,2024,Narino,2024-04-22,2,2024-05-06,3.5790079,7.466595
42,2024,Narino,2024-04-22,3,2024-05-13,5.2805033,7.4632025
42,2024,Narino,2024-04-22,4,2024-05-20,4.576436,7.529517
42,2024,Narino,2024-04-29,1,2024-05-06,3.5790079,6.8877277
42,2024,Narino,2024-04-29,2,2024-05-13,5.2805033,6.759205
42,2024,Narino,2024-04-29,3,2024-05-20,4.576436,6.685145
42,2024,Narino,2024-04-29,4,2024-05-27,4.400419,6.765803
42,2024,Narino,2024-05-06,1,2024-05-13,5.2805033,5.7985983
42,2024,Narino,2024-05-06,2,2024-05-20,4.576436,5.7113724
42,2024,Narino,2024-05-06,3,2024-05-27,4.400419,5.3946004
42,2024,Narino,2024-05-06,4,2024-06-03,7.5100493,5.430094
42,2024,Narino,2024-05-13,1,2024-05-20,4.576436,4.433542
42,2024,Narino,2024-05-13,2,2024-05-27,4.400419,4.2211785
42,2024,Narino,2024-05-13,3,2024-06-03,7.5100493,4.0843353
42,2024,Narino,2024-05-13,4,2024-06-10,7.5100493,4.0845976
42,2024,Narino,2024-05-20,1,2024-05-27,4.400419,4.6485114
42,2024,Narino,2024-05-20,2,2024-06-03,7.5100493,4.427436
42,2024,Narino,2024-05-20,3,2024-06-10,7.5100493,4.2239504
42,2024,Narino,2024-05-20,4,2024-06-17,4.9284697,4.248371
42,2024,Narino,2024-05-27,1,2024-06-03,7.5100493,4.4785533
42,2024,Narino,2024-05-27,2,2024-06-10,7.5100493,4.238089
42,2024,Narino,2024-05-27,3,2024-06-17,4.9284697,4.1054516
42,2024,Narino,2024-05-27,4,2024-06-24,5.9845705,4.1253915
42,2024,Narino,2024-06-03,1,2024-06-10,7.5100493,3.8930962
42,2024,Narino,2024-06-03,2,2024-06-17,4.9284697,3.6155047
42,2024,Narino,2024-06-03,3,2024-06-24,5.9845705,3.5453765
42,2024,Narino,2024-06-03,4,2024-07-01,4.2830753,3.4775493
42,2024,Narino,2024-06-10,1,2024-06-17,4.9284697,5.0426016
42,2024,Narino,2024-06-10,2,2024-06-24,5.9845705,4.736639
42,2024,Narino,2024-06-10,3,2024-07-01,4.2830753,4.6410613
42,2024,Narino,2024-06-10,4,2024-07-08,2.7575963,4.7030487
42,2024,Narino,2024-06-17,1,2024-06-24,5.9845705,5.7187304
42,2024,Narino,2024-06-17,2,2024-07-01,4.2830753,5.447574
42,2024,Narino,2024-06-17,3,2024-07-08,2.7575963,5.4319396
42,2024,Narino,2024-06-17,4,2024-07-15,2.053529,5.3887334
42,2024,Narino,2024-06-24,1,2024-07-01,4.2830753,5.1306176
42,2024,Narino,2024-06-24,2,2024-07-08,2.7575963,4.8517165
42,2024,Narino,2024-06-24,3,2024-07-15,2.053529,4.8153863
42,2024,Narino,2024-06-24,4,2024-07-22,2.522907,4.7389026
42,2024,Narino,2024-07-01,1,2024-07-08,2.7575963,5.0150223
42,2024,Narino,2024-07-01,2,2024-07-15,2.053529,4.7888794
42,2024,Narino,2024-07-01,3,2024-07-22,2.522907,4.541985
42,2024,Narino,2024-07-01,4,2024-07-29,1.7601677,4.5831466
42,2024,Narino,2024-07-08,1,2024-07-15,2.053529,4.4242764
42,2024,Narino,2024-07-08,2,2024-07-22,2.522907,4.2052503
42,2024,Narino,2024-07-08,3,2024-07-29,1.7601677,3.994991
42,2024,Narino,2024-07-08,4,2024-08-05,3.402991,3.9611394
42,2024,Narino,2024-07-15,1,2024-07-22,2.522907,3.3564038
42,2024,Narino,2024-07-15,2,2024-07-29,1.7601677,3.1020198
42,2024,Narino,2024-07-15,3,2024-08-05,3.402991,3.0034928
42,2024,Narino,2024-07-15,4,2024-08-12,1.6428233,2.915751
42,2024,Narino,2024-07-22,1,2024-07-29,1.7601677,2.5988111
42,2024,Narino,2024-07-22,2,2024-08-05,3.402991,2.4019592
42,2024,Narino,2024-07-22,3,2024-08-12,1.6428233,2.3248615
42,2024,Narino,2024-07-22,4,2024-08-19,2.053529,2.2515435
42,2024,Narino,2024-07-29,1,2024-08-05,3.402991,2.3557045
42,2024,Narino,2024-07-29,2,2024-08-12,1.6428233,2.1251798
42,2024,Narino,2024-07-29,3,2024-08-19,2.053529,2.0970435
42,2024,Narino,2024-07-29,4,2024-08-26,2.288218,2.0312383
42,2024,Narino,2024-08-05,1,2024-08-12,1.6428233,1.9791462
42,2024,Narino,2024-08-05,2,2024-08-19,2.053529,1.8005719
42,2024,Narino,2024-08-05,3,2024-08-26,2.288218,1.7967993
42,2024,Narino,2024-08-05,4,2024-09-02,1.7601677,1.7512974
42,2024,Narino,2024-08-12,1,2024-08-19,2.053529,2.205495
42,2024,Narino,2024-08-12,2,2024-08-26,2.288218,2.0774305
42,2024,Narino,2024-08-12,3,2024-09-02,1.7601677,2.0556672
42,2024,Narino,2024-08-12,4,2024-09-09,2.1122015,2.0621827
42,2024,Narino,2024-08-19,1,2024-08-26,2.288218,2.0106409
42,2024,Narino,2024-08-19,2,2024-09-02,1.7601677,1.8914953
42,2024,Narino,2024-08-19,3,2024-09-09,2.1122015,1.885064
42,2024,Narino,2024-08-19,4,2024-09-16,1.2907896,1.8482425
42,2024,Narino,2024-08-26,1,2024-09-02,1.7601677,1.9689697
42,2024,Narino,2024-08-26,2,2024-09-09,2.1122015,1.8897606
42,2024,Narino,2024-08-26,3,2024-09-16,1.2907896,1.8254528
42,2024,Narino,2024-08-26,4,2024-09-23,1.2321175,1.8184515
42,2024,Narino,2024-09-02,1,2024-09-09,2.1122015,2.0346944
42,2024,Narino,2024-09-02,2,2024-09-16,1.2907896,1.9925488
42,2024,Narino,2024-09-02,3,2024-09-23,1.2321175,1.920228
42,2024,Narino,2024-09-02,4,2024-09-30,1.2907896,1.9594396
42,2024,Narino,2024-09-09,1,2024-09-16,1.2907896,1.8306874
42,2024,Narino,2024-09-09,2,2024-09-23,1.2321175,1.8463404
42,2024,Narino,2024-09-09,3,2024-09-30,1.2907896,1.8186246
42,2024,Narino,2024-09-09,4,2024-10-07,1.349462,1.8599912
42,2024,Narino,2024-09-16,1,2024-09-23,1.2321175,1.9016007
42,2024,Narino,2024-09-16,2,2024-09-30,1.2907896,1.9205278
42,2024,Narino,2024-09-16,3,2024-10-07,1.349462,1.9059637
42,2024,Narino,2024-09-16,4,2024-10-14,1.4668064,1.9514993
42,2024,Narino,2024-09-23,1,2024-09-30,1.2907896,1.7415595
42,2024,Narino,2024-09-23,2,2024-10-07,1.349462,1.7581465
42,2024,Narino,2024-09-23,3,2024-10-14,1.4668064,1.7521713
42,2024,Narino,2024-09-23,4,2024-10-21,1.7601677,1.8236322
42,2024,Narino,2024-09-30,1,2024-10-07,1.349462,1.5877049
42,2024,Narino,2024-09-30,2,2024-10-14,1.4668064,1.622401
42,2024,Narino,2024-09-30,3,2024-10-21,1.7601677,1.6141402
42,2024,Narino,2024-09-30,4,2024-10-28,1.2321175,1.7050018
42,2024,Narino,2024-10-07,1,2024-10-14,1.4668064,1.4324698
42,2024,Narino,2024-10-07,2,2024-10-21,1.7601677,1.4961104
42,2024,Narino,2024-10-07,3,2024-10-28,1.2321175,1.48427
42,2024,Narino,2024-10-07,4,2024-11-04,3.9310412,1.6090069
42,2024,Narino,2024-10-14,1,2024-10-21,1.7601677,1.441664
42,2024,Narino,2024-10-14,2,2024-10-28,1.2321175,1.5174223
42,2024,Narino,2024-10-14,3,2024-11-04,3.9310412,1.4820358
42,2024,Narino,2024-10-14,4,2024-11-11,1.349462,1.6162456
42,2024,Narino,2024-10-21,1,2024-10-28,1.2321175,1.3270749
42,2024,Narino,2024-10-21,2,2024-11-04,3.9310412,1.3805237
42,2024,Narino,2024-10-21,3,2024-11-11,1.349462,1.4085356
42,2024,Narino,2024-10-21,4,2024-11-18,2.053529,1.520146
42,2024,Narino,2024-10-28,1,2024-11-04,3.9310412,1.3853403
42,2024,Narino,2024-10-28,2,2024-11-11,1.349462,1.4983473
42,2024,Narino,2024-10-28,3,2024-11-18,2.053529,1.5626377
42,2024,Narino,2024-10-28,4,2024-11-25,1.1734452,1.6876606
42,2024,Narino,2024-11-04,1,2024-11-11,1.349462,1.437633
42,2024,Narino,2024-11-04,2,2024-11-18,2.053529,1.5181286
42,2024,Narino,2024-11-04,3,2024-11-25,1.1734452,1.5925161
42,2024,Narino,2024-11-04,4,2024-12-02,2.288218,1.6898013
42,2024,Narino,2024-11-11,1,2024-11-18,2.053529,2.2412348
42,2024,Narino,2024-11-11,2,2024-11-25,1.1734452,2.401619
42,2024,Narino,2024-11-11,3,2024-12-02,2.288218,2.50352
42,2024,Narino,2024-11-11,4,2024-12-09,2.053529,2.6739922
42,2024,Narino,2024-11-18,1,2024-11-25,1.1734452,2.29603
42,2024,Narino,2024-11-18,2,2024-12-02,2.288218,2.4834785
42,2024,Narino,2024-11-18,3,2024-12-09,2.053529,2.5714974
42,2024,Narino,2024-11-18,4,2024-12-16,3.1683018,2.7231255
42,2024,Norte De Santander,2024-01-22,1,2024-01-29,11.445632,7.208894
42,2024,Norte De Santander,2024-01-22,2,2024-02-05,10.501662,6.972606
42,2024,Norte De Santander,2024-01-22,3,2024-02-12,10.5606575,6.723279
42,2024,Norte De Santander,2024-01-22,4,2024-02-19,11.268635,6.3746104
42,2024,Norte De Santander,2024-01-29,1,2024-02-05,10.501662,9.3178625
42,2024,Norte De Santander,2024-01-29,2,2024-02-12,10.5606575,8.963534
42,2024,Norte De Santander,2024-01-29,3,2024-02-19,11.268635,8.637268
42,2024,Norte De Santander,2024-01-29,4,2024-02-26,13.03858,8.505197
42,2024,Norte De Santander,2024-02-05,1,2024-02-12,10.5606575,10.86694
42,2024,Norte De Santander,2024-02-05,2,2024-02-19,11.268635,10.74578
42,2024,Norte De Santander,2024-02-05,3,2024-02-26,13.03858,10.454398
42,2024,Norte De Santander,2024-02-05,4,2024-03-04,10.973645,10.527624
42,2024,Norte De Santander,2024-02-12,1,2024-02-19,11.268635,10.721722
42,2024,Norte De Santander,2024-02-12,2,2024-02-26,13.03858,10.391045
42,2024,Norte De Santander,2024-02-12,3,2024-03-04,10.973645,10.164725
42,2024,Norte De Santander,2024-02-12,4,2024-03-11,11.622623,10.2379265
42,2024,Norte De Santander,2024-02-19,1,2024-02-26,13.03858,11.207891
42,2024,Norte De Santander,2024-02-19,2,2024-03-04,10.973645,10.826005
42,2024,Norte De Santander,2024-02-19,3,2024-03-11,11.622623,10.490307
42,2024,Norte De Santander,2024-02-19,4,2024-03-18,12.2126045,10.554719
42,2024,Norte De Santander,2024-02-26,1,2024-03-04,10.973645,12.515347
42,2024,Norte De Santander,2024-02-26,2,2024-03-11,11.622623,12.072582
42,2024,Norte De Santander,2024-02-26,3,2024-03-18,12.2126045,11.816255
42,2024,Norte De Santander,2024-02-26,4,2024-03-25,8.4367285,11.815509
42,2024,Norte De Santander,2024-03-04,1,2024-03-11,11.622623,12.722809
42,2024,Norte De Santander,2024-03-04,2,2024-03-18,12.2126045,12.16582
42,2024,Norte De Santander,2024-03-04,3,2024-03-25,8.4367285,12.00708
42,2024,Norte De Santander,2024-03-04,4,2024-04-01,8.37773,12.0417595
42,2024,Norte De Santander,2024-03-11,1,2024-03-18,12.2126045,11.424961
42,2024,Norte De Santander,2024-03-11,2,2024-03-25,8.4367285,11.02238
42,2024,Norte De Santander,2024-03-11,3,2024-04-01,8.37773,10.88232
42,2024,Norte De Santander,2024-03-11,4,2024-04-08,10.029676,10.883128
42,2024,Norte De Santander,2024-03-18,1,2024-03-25,8.4367285,11.832438
42,2024,Norte De Santander,2024-03-18,2,2024-04-01,8.37773,11.187476
42,2024,Norte De Santander,2024-03-18,3,2024-04-08,10.029676,10.96883
42,2024,Norte De Santander,2024-03-18,4,2024-04-15,8.554725,10.855421
42,2024,Norte De Santander,2024-03-25,1,2024-04-01,8.37773,11.982174
42,2024,Norte De Santander,2024-03-25,2,2024-04-08,10.029676,11.449882
42,2024,Norte De Santander,2024-03-25,3,2024-04-15,8.554725,10.937237
42,2024,Norte De Santander,2024-03-25,4,2024-04-22,8.259734,11.010407
42,2024,Norte De Santander,2024-04-01,1,2024-04-08,10.029676,9.652755
42,2024,Norte De Santander,2024-04-01,2,2024-04-15,8.554725,9.407703
42,2024,Norte De Santander,2024-04-01,3,2024-04-22,8.259734,9.0155115
42,2024,Norte De Santander,2024-04-01,4,2024-04-29,8.731717,9.259777
42,2024,Norte De Santander,2024-04-08,1,2024-04-15,8.554725,9.36075
42,2024,Norte De Santander,2024-04-08,2,2024-04-22,8.259734,8.934359
42,2024,Norte De Santander,2024-04-08,3,2024-04-29,8.731717,8.579146
42,2024,Norte De Santander,2024-04-08,4,2024-05-06,9.675689,8.676431
42,2024,Norte De Santander,2024-04-15,1,2024-04-22,8.259734,9.907522
42,2024,Norte De Santander,2024-04-15,2,2024-04-29,8.731717,9.382577
42,2024,Norte De Santander,2024-04-15,3,2024-05-06,9.675689,8.996348
42,2024,Norte De Santander,2024-04-15,4,2024-05-13,9.144704,9.034822
42,2024,Norte De Santander,2024-04-22,1,2024-04-29,8.731717,8.391255
42,2024,Norte De Santander,2024-04-22,2,2024-05-06,9.675689,7.998758
42,2024,Norte De Santander,2024-04-22,3,2024-05-13,9.144704,7.744941
42,2024,Norte De Santander,2024-04-22,4,2024-05-20,9.734685,7.526376
42,2024,Norte De Santander,2024-04-29,1,2024-05-06,9.675689,8.0248375
42,2024,Norte De Santander,2024-04-29,2,2024-05-13,9.144704,7.6372876
42,2024,Norte De Santander,2024-04-29,3,2024-05-20,9.734685,7.471445
42,2024,Norte De Santander,2024-04-29,4,2024-05-27,10.147674,7.540862
42,2024,Norte De Santander,2024-05-06,1,2024-05-13,9.144704,8.670531
42,2024,Norte De Santander,2024-05-06,2,2024-05-20,9.734685,8.223603
42,2024,Norte De Santander,2024-05-06,3,2024-05-27,10.147674,8.038371
42,2024,Norte De Santander,2024-05-06,4,2024-06-03,9.498694,8.20066
42,2024,Norte De Santander,2024-05-13,1,2024-05-20,9.734685,10.082985
42,2024,Norte De Santander,2024-05-13,2,2024-05-27,10.147674,9.441617
42,2024,Norte De Santander,2024-05-13,3,2024-06-03,9.498694,9.254211
42,2024,Norte De Santander,2024-05-13,4,2024-06-10,8.259734,9.37482
42,2024,Norte De Santander,2024-05-20,1,2024-05-27,10.147674,10.161279
42,2024,Norte De Santander,2024-05-20,2,2024-06-03,9.498694,9.810117
42,2024,Norte De Santander,2024-05-20,3,2024-06-10,8.259734,9.426433
42,2024,Norte De Santander,2024-05-20,4,2024-06-17,7.669751,9.721988
42,2024,Norte De Santander,2024-05-27,1,2024-06-03,9.498694,11.233937
42,2024,Norte De Santander,2024-05-27,2,2024-06-10,8.259734,11.030965
42,2024,Norte De Santander,2024-05-27,3,2024-06-17,7.669751,10.666976
42,2024,Norte De Santander,2024-05-27,4,2024-06-24,8.318732,10.892541
42,2024,Norte De Santander,2024-06-03,1,2024-06-10,8.259734,11.031079
42,2024,Norte De Santander,2024-06-03,2,2024-06-17,7.669751,10.682021
42,2024,Norte De Santander,2024-06-03,3,2024-06-24,8.318732,10.279509
42,2024,Norte De Santander,2024-06-03,4,2024-07-01,7.256766,10.472847
42,2024,Norte De Santander,2024-06-10,1,2024-06-17,7.669751,10.276933
42,2024,Norte De Santander,2024-06-10,2,2024-06-24,8.318732,10.063899
42,2024,Norte De Santander,2024-06-10,3,2024-07-01,7.256766,9.4581175
42,2024,Norte De Santander,2024-06-10,4,2024-07-08,8.37773,9.679402
42,2024,Norte De Santander,2024-06-17,1,2024-06-24,8.318732,9.301067
42,2024,Norte De Santander,2024-06-17,2,2024-07-01,7.256766,9.127533
42,2024,Norte De Santander,2024-06-17,3,2024-07-08,8.37773,8.54698
42,2024,Norte De Santander,2024-06-17,4,2024-07-15,7.787748,8.74586
42,2024,Norte De Santander,2024-06-24,1,2024-07-01,7.256766,8.68674
42,2024,Norte De Santander,2024-06-24,2,2024-07-08,8.37773,8.612599
42,2024,Norte De Santander,2024-06-24,3,2024-07-15,7.787748,8.102124
42,2024,Norte De Santander,2024-06-24,4,2024-07-22,6.5487885,8.226678
42,2024,Norte De Santander,2024-07-01,1,2024-07-08,8.37773,8.793606
42,2024,Norte De Santander,2024-07-01,2,2024-07-15,7.787748,8.727816
42,2024,Norte De Santander,2024-07-01,3,2024-07-22,6.5487885,8.251631
42,2024,Norte De Santander,2024-07-01,4,2024-07-29,7.4337597,8.360658
42,2024,Norte De Santander,2024-07-08,1,2024-07-15,7.787748,7.6148725
42,2024,Norte De Santander,2024-07-08,2,2024-07-22,6.5487885,7.3559046
42,2024,Norte De Santander,2024-07-08,3,2024-07-29,7.4337597,6.9365835
42,2024,Norte De Santander,2024-07-08,4,2024-08-05,5.486823,6.7636385
42,2024,Norte De Santander,2024-07-15,1,2024-07-22,6.5487885,7.6127963
42,2024,Norte De Santander,2024-07-15,2,2024-07-29,7.4337597,7.1520443
42,2024,Norte De Santander,2024-07-15,3,2024-08-05,5.486823,6.7273426
42,2024,Norte De Santander,2024-07-15,4,2024-08-12,5.7818136,6.5054293
42,2024,Norte De Santander,2024-07-22,1,2024-07-29,7.4337597,7.264378
42,2024,Norte De Santander,2024-07-22,2,2024-08-05,5.486823,6.7446003
42,2024,Norte De Santander,2024-07-22,3,2024-08-12,5.7818136,6.393051
42,2024,Norte De Santander,2024-07-22,4,2024-08-19,4.896842,6.0953035
42,2024,Norte De Santander,2024-07-29,1,2024-08-05,5.486823,6.564851
42,2024,Norte De Santander,2024-07-29,2,2024-08-12,5.7818136,6.140686
42,2024,Norte De Santander,2024-07-29,3,2024-08-19,4.896842,5.8822446
42,2024,Norte De Santander,2024-07-29,4,2024-08-26,5.486823,5.692225
42,2024,Norte De Santander,2024-08-05,1,2024-08-12,5.7818136,6.806116
42,2024,Norte De Santander,2024-08-05,2,2024-08-19,4.896842,6.485307
42,2024,Norte De Santander,2024-08-05,3,2024-08-26,5.486823,6.062716
42,2024,Norte De Santander,2024-08-05,4,2024-09-02,4.1888647,5.912598
42,2024,Norte De Santander,2024-08-12,1,2024-08-19,4.896842,5.798895
42,2024,Norte De Santander,2024-08-12,2,2024-08-26,5.486823,5.5112243
42,2024,Norte De Santander,2024-08-12,3,2024-09-02,4.1888647,5.2221136
42,2024,Norte De Santander,2024-08-12,4,2024-09-09,4.7198477,5.0290465
42,2024,Norte De Santander,2024-08-19,1,2024-08-26,5.486823,5.654337
42,2024,Norte De Santander,2024-08-19,2,2024-09-02,4.1888647,5.2631464
42,2024,Norte De Santander,2024-08-19,3,2024-09-09,4.7198477,5.009529
42,2024,Norte De Santander,2024-08-19,4,2024-09-16,4.306861,4.7654295
42,2024,Norte De Santander,2024-08-26,1,2024-09-02,4.1888647,5.039406
42,2024,Norte De Santander,2024-08-26,2,2024-09-09,4.7198477,4.7615733
42,2024,Norte De Santander,2024-08-26,3,2024-09-16,4.306861,4.550618
42,2024,Norte De Santander,2024-08-26,4,2024-09-23,4.247863,4.391454
42,2024,Norte De Santander,2024-09-02,1,2024-09-09,4.7198477,4.998183
42,2024,Norte De Santander,2024-09-02,2,2024-09-16,4.306861,4.770811
42,2024,Norte De Santander,2024-09-02,3,2024-09-23,4.247863,4.6328797
42,2024,Norte De Santander,2024-09-02,4,2024-09-30,3.8938744,4.563198
42,2024,Norte De Santander,2024-09-09,1,2024-09-16,4.306861,4.427177
42,2024,Norte De Santander,2024-09-09,2,2024-09-23,4.247863,4.277331
42,2024,Norte De Santander,2024-09-09,3,2024-09-30,3.8938744,4.218255
42,2024,Norte De Santander,2024-09-09,4,2024-10-07,4.0708685,4.108526
42,2024,Norte De Santander,2024-09-16,1,2024-09-23,4.247863,4.510496
42,2024,Norte De Santander,2024-09-16,2,2024-09-30,3.8938744,4.324782
42,2024,Norte De Santander,2024-09-16,3,2024-10-07,4.0708685,4.2873487
42,2024,Norte De Santander,2024-09-16,4,2024-10-14,4.9558396,4.168214
42,2024,Norte De Santander,2024-09-23,1,2024-09-30,3.8938744,4.698518
42,2024,Norte De Santander,2024-09-23,2,2024-10-07,4.0708685,4.56418
42,2024,Norte De Santander,2024-09-23,3,2024-10-14,4.9558396,4.5449204
42,2024,Norte De Santander,2024-09-23,4,2024-10-21,5.1918325,4.4077697
42,2024,Norte De Santander,2024-09-30,1,2024-10-07,4.0708685,4.3711762
42,2024,Norte De Santander,2024-09-30,2,2024-10-14,4.9558396,4.3464327
42,2024,Norte De Santander,2024-09-30,3,2024-10-21,5.1918325,4.324182
42,2024,Norte De Santander,2024-09-30,4,2024-10-28,4.601851,4.2853026
42,2024,Norte De Santander,2024-10-07,1,2024-10-14,4.9558396,4.021386
42,2024,Norte De Santander,2024-10-07,2,2024-10-21,5.1918325,4.079692
42,2024,Norte De Santander,2024-10-07,3,2024-10-28,4.601851,4.0826817
42,2024,Norte De Santander,2024-10-07,4,2024-11-04,5.1328344,4.043473
42,2024,Norte De Santander,2024-10-14,1,2024-10-21,5.1918325,4.1546893
42,2024,Norte De Santander,2024-10-14,2,2024-10-28,4.601851,4.2398148
42,2024,Norte De Santander,2024-10-14,3,2024-11-04,5.1328344,4.1696963
42,2024,Norte De Santander,2024-10-14,4,2024-11-11,5.0148377,4.0958805
42,2024,Norte De Santander,2024-10-21,1,2024-10-28,4.601851,4.7221756
42,2024,Norte De Santander,2024-10-21,2,2024-11-04,5.1328344,4.8389816
42,2024,Norte De Santander,2024-10-21,3,2024-11-11,5.0148377,4.689632
42,2024,Norte De Santander,2024-10-21,4,2024-11-18,6.076804,4.706739
42,2024,Norte De Santander,2024-10-28,1,2024-11-04,5.1328344,5.244217
42,2024,Norte De Santander,2024-10-28,2,2024-11-11,5.0148377,5.482323
42,2024,Norte De Santander,2024-10-28,3,2024-11-18,6.076804,5.407443
42,2024,Norte De Santander,2024-10-28,4,2024-11-25,5.073836,5.532098
42,2024,Norte De Santander,2024-11-04,1,2024-11-11,5.0148377,5.2365236
42,2024,Norte De Santander,2024-11-04,2,2024-11-18,6.076804,5.380957
42,2024,Norte De Santander,2024-11-04,3,2024-11-25,5.073836,5.4942017
42,2024,Norte De Santander,2024-11-04,4,2024-12-02,6.0178056,5.5608206
42,2024,Norte De Santander,2024-11-11,1,2024-11-18,6.076804,5.189507
42,2024,Norte De Santander,2024-11-11,2,2024-11-25,5.073836,5.349586
42,2024,Norte De Santander,2024-11-11,3,2024-12-02,6.0178056,5.448546
42,2024,Norte De Santander,2024-11-11,4,2024-12-09,6.7847815,5.3997183
42,2024,Norte De Santander,2024-11-18,1,2024-11-25,5.073836,5.240482
42,2024,Norte De Santander,2024-11-18,2,2024-12-02,6.0178056,5.3514667
42,2024,Norte De Santander,2024-11-18,3,2024-12-09,6.7847815,5.3365674
42,2024,Norte De Santander,2024-11-18,4,2024-12-16,6.843779,5.2545247
42,2024,Putumayo,2024-01-22,1,2024-01-29,11.676179,9.298253
42,2024,Putumayo,2024-01-22,2,2024-02-05,12.195121,9.383776
42,2024,Putumayo,2024-01-22,3,2024-02-12,18.422419,9.234352
42,2024,Putumayo,2024-01-22,4,2024-02-19,17.903477,9.067741
42,2024,Putumayo,2024-01-29,1,2024-02-05,12.195121,9.309483
42,2024,Putumayo,2024-01-29,2,2024-02-12,18.422419,9.016701
42,2024,Putumayo,2024-01-29,3,2024-02-19,17.903477,8.654037
42,2024,Putumayo,2024-01-29,4,2024-02-26,21.017122,8.416458
42,2024,Putumayo,2024-02-05,1,2024-02-12,18.422419,10.262341
42,2024,Putumayo,2024-02-05,2,2024-02-19,17.903477,10.206312
42,2024,Putumayo,2024-02-05,3,2024-02-26,21.017122,9.779685
42,2024,Putumayo,2024-02-05,4,2024-03-04,20.238716,9.600906
42,2024,Putumayo,2024-02-12,1,2024-02-19,17.903477,10.523038
42,2024,Putumayo,2024-02-12,2,2024-02-26,21.017122,10.491501
42,2024,Putumayo,2024-02-12,3,2024-03-04,20.238716,10.153267
42,2024,Putumayo,2024-02-12,4,2024-03-11,25.947067,9.862853
42,2024,Putumayo,2024-02-19,1,2024-02-26,21.017122,14.786382
42,2024,Putumayo,2024-02-19,2,2024-03-04,20.238716,14.652037
42,2024,Putumayo,2024-02-19,3,2024-03-11,25.947067,14.226008
42,2024,Putumayo,2024-02-19,4,2024-03-18,28.022831,13.975759
42,2024,Putumayo,2024-02-26,1,2024-03-04,20.238716,18.00352
42,2024,Putumayo,2024-02-26,2,2024-03-11,25.947067,17.756998
42,2024,Putumayo,2024-02-26,3,2024-03-18,28.022831,17.30118
42,2024,Putumayo,2024-02-26,4,2024-03-25,26.984953,16.887047
42,2024,Putumayo,2024-03-04,1,2024-03-11,25.947067,20.485817
42,2024,Putumayo,2024-03-04,2,2024-03-18,28.022831,20.286245
42,2024,Putumayo,2024-03-04,3,2024-03-25,26.984953,19.763689
42,2024,Putumayo,2024-03-04,4,2024-04-01,37.62325,18.825756
42,2024,Putumayo,2024-03-11,1,2024-03-18,28.022831,18.75326
42,2024,Putumayo,2024-03-11,2,2024-03-25,26.984953,18.711685
42,2024,Putumayo,2024-03-11,3,2024-04-01,37.62325,18.355658
42,2024,Putumayo,2024-03-11,4,2024-04-08,32.952774,16.963495
42,2024,Putumayo,2024-03-18,1,2024-03-25,26.984953,23.998213
42,2024,Putumayo,2024-03-18,2,2024-04-01,37.62325,23.672428
42,2024,Putumayo,2024-03-18,3,2024-04-08,32.952774,23.226223
42,2024,Putumayo,2024-03-18,4,2024-04-15,35.02854,21.961308
42,2024,Putumayo,2024-03-25,1,2024-04-01,37.62325,28.18479
42,2024,Putumayo,2024-03-25,2,2024-04-08,32.952774,27.892288
42,2024,Putumayo,2024-03-25,3,2024-04-15,35.02854,27.542913
42,2024,Putumayo,2024-03-25,4,2024-04-22,38.9206,25.65264
42,2024,Putumayo,2024-04-01,1,2024-04-08,32.952774,27.805365
42,2024,Putumayo,2024-04-01,2,2024-04-15,35.02854,27.069035
42,2024,Putumayo,2024-04-01,3,2024-04-22,38.9206,26.66505
42,2024,Putumayo,2024-04-01,4,2024-04-29,36.58537,24.406605
42,2024,Putumayo,2024-04-08,1,2024-04-15,35.02854,35.514412
42,2024,Putumayo,2024-04-08,2,2024-04-22,38.9206,35.460667
42,2024,Putumayo,2024-04-08,3,2024-04-29,36.58537,35.130676
42,2024,Putumayo,2024-04-08,4,2024-05-06,41.774784,32.430904
42,2024,Putumayo,2024-04-15,1,2024-04-22,38.9206,34.984066
42,2024,Putumayo,2024-04-15,2,2024-04-29,36.58537,34.157585
42,2024,Putumayo,2024-04-15,3,2024-05-06,41.774784,33.94494
42,2024,Putumayo,2024-04-15,4,2024-05-13,39.958485,31.017942
42,2024,Putumayo,2024-04-22,1,2024-04-29,36.58537,33.64186
42,2024,Putumayo,2024-04-22,2,2024-05-06,41.774784,32.714687
42,2024,Putumayo,2024-04-22,3,2024-05-13,39.958485,32.0104
42,2024,Putumayo,2024-04-22,4,2024-05-20,35.02854,28.633352
42,2024,Putumayo,2024-04-29,1,2024-05-06,41.774784,35.552616
42,2024,Putumayo,2024-04-29,2,2024-05-13,39.958485,34.965626
42,2024,Putumayo,2024-04-29,3,2024-05-20,35.02854,34.43982
42,2024,Putumayo,2024-04-29,4,2024-05-27,38.661137,30.28903
42,2024,Putumayo,2024-05-06,1,2024-05-13,39.958485,34.729206
42,2024,Putumayo,2024-05-06,2,2024-05-20,35.02854,33.585403
42,2024,Putumayo,2024-05-06,3,2024-05-27,38.661137,32.292774
42,2024,Putumayo,2024-05-06,4,2024-06-03,31.914896,29.06468
42,2024,Putumayo,2024-05-13,1,2024-05-20,35.02854,39.60178
42,2024,Putumayo,2024-05-13,2,2024-05-27,38.661137,38.276604
42,2024,Putumayo,2024-05-13,3,2024-06-03,31.914896,37.07439
42,2024,Putumayo,2024-05-13,4,2024-06-10,33.990658,33.80238
42,2024,Putumayo,2024-05-20,1,2024-05-27,38.661137,37.994606
42,2024,Putumayo,2024-05-20,2,2024-06-03,31.914896,36.649666
42,2024,Putumayo,2024-05-20,3,2024-06-10,33.990658,35.097507
42,2024,Putumayo,2024-05-20,4,2024-06-17,30.617538,31.21973
42,2024,Putumayo,2024-05-27,1,2024-06-03,31.914896,31.21255
42,2024,Putumayo,2024-05-27,2,2024-06-10,33.990658,28.588558
42,2024,Putumayo,2024-05-27,3,2024-06-17,30.617538,26.436157
42,2024,Putumayo,2024-05-27,4,2024-06-24,25.947067,24.836905
42,2024,Putumayo,2024-06-03,1,2024-06-10,33.990658,32.58789
42,2024,Putumayo,2024-06-03,2,2024-06-17,30.617538,30.423567
42,2024,Putumayo,2024-06-03,3,2024-06-24,25.947067,27.663334
42,2024,Putumayo,2024-06-03,4,2024-07-01,17.384533,26.083757
42,2024,Putumayo,2024-06-10,1,2024-06-17,30.617538,26.258265
42,2024,Putumayo,2024-06-10,2,2024-06-24,25.947067,23.470448
42,2024,Putumayo,2024-06-10,3,2024-07-01,17.384533,20.995083
42,2024,Putumayo,2024-06-10,4,2024-07-08,20.498182,19.94388
42,2024,Putumayo,2024-06-17,1,2024-06-24,25.947067,27.402191
42,2024,Putumayo,2024-06-17,2,2024-07-01,17.384533,24.56276
42,2024,Putumayo,2024-06-17,3,2024-07-08,20.498182,21.701458
42,2024,Putumayo,2024-06-17,4,2024-07-15,17.903477,20.81465
42,2024,Putumayo,2024-06-24,1,2024-07-01,17.384533,27.663975
42,2024,Putumayo,2024-06-24,2,2024-07-08,20.498182,24.887114
42,2024,Putumayo,2024-06-24,3,2024-07-15,17.903477,21.798885
42,2024,Putumayo,2024-06-24,4,2024-07-22,9.340945,21.123114
42,2024,Putumayo,2024-07-01,1,2024-07-08,20.498182,26.212978
42,2024,Putumayo,2024-07-01,2,2024-07-15,17.903477,23.97121
42,2024,Putumayo,2024-07-01,3,2024-07-22,9.340945,20.759401
42,2024,Putumayo,2024-07-01,4,2024-07-29,9.081473,20.007442
42,2024,Putumayo,2024-07-08,1,2024-07-15,17.903477,18.265291
42,2024,Putumayo,2024-07-08,2,2024-07-22,9.340945,15.695227
42,2024,Putumayo,2024-07-08,3,2024-07-29,9.081473,13.719933
42,2024,Putumayo,2024-07-08,4,2024-08-05,9.340945,12.863405
42,2024,Putumayo,2024-07-15,1,2024-07-22,9.340945,20.455355
42,2024,Putumayo,2024-07-15,2,2024-07-29,9.081473,17.878466
42,2024,Putumayo,2024-07-15,3,2024-08-05,9.340945,15.444419
42,2024,Putumayo,2024-07-15,4,2024-08-12,8.0435915,15.274654
42,2024,Putumayo,2024-07-22,1,2024-07-29,9.081473,19.176416
42,2024,Putumayo,2024-07-22,2,2024-08-05,9.340945,16.550966
42,2024,Putumayo,2024-07-22,3,2024-08-12,8.0435915,14.624387
42,2024,Putumayo,2024-07-22,4,2024-08-19,6.746238,14.05274
42,2024,Putumayo,2024-07-29,1,2024-08-05,9.340945,11.999082
42,2024,Putumayo,2024-07-29,2,2024-08-12,8.0435915,10.16951
42,2024,Putumayo,2024-07-29,3,2024-08-19,6.746238,9.580618
42,2024,Putumayo,2024-07-29,4,2024-08-26,6.227296,8.8176155
42,2024,Putumayo,2024-08-05,1,2024-08-12,8.0435915,10.680773
42,2024,Putumayo,2024-08-05,2,2024-08-19,6.746238,9.377815
42,2024,Putumayo,2024-08-05,3,2024-08-26,6.227296,8.563952
42,2024,Putumayo,2024-08-05,4,2024-09-02,3.373119,8.1080065
42,2024,Putumayo,2024-08-12,1,2024-08-19,6.746238,9.206083
42,2024,Putumayo,2024-08-12,2,2024-08-26,6.227296,8.517706
42,2024,Putumayo,2024-08-12,3,2024-09-02,3.373119,7.650733
42,2024,Putumayo,2024-08-12,4,2024-09-09,6.746238,7.3544703
42,2024,Putumayo,2024-08-19,1,2024-08-26,6.227296,8.5812435
42,2024,Putumayo,2024-08-19,2,2024-09-02,3.373119,8.072076
42,2024,Putumayo,2024-08-19,3,2024-09-09,6.746238,7.352353
42,2024,Putumayo,2024-08-19,4,2024-09-16,4.4110017,7.1176863
42,2024,Putumayo,2024-08-26,1,2024-09-02,3.373119,7.4809475
42,2024,Putumayo,2024-08-26,2,2024-09-09,6.746238,6.899447
42,2024,Putumayo,2024-08-26,3,2024-09-16,4.4110017,6.291542
42,2024,Putumayo,2024-08-26,4,2024-09-23,5.448884,6.254943
42,2024,Putumayo,2024-09-02,1,2024-09-09,6.746238,7.1754827
42,2024,Putumayo,2024-09-02,2,2024-09-16,4.4110017,6.634944
42,2024,Putumayo,2024-09-02,3,2024-09-23,5.448884,6.151904
42,2024,Putumayo,2024-09-02,4,2024-09-30,6.4867673,6.1434226
42,2024,Putumayo,2024-09-09,1,2024-09-16,4.4110017,5.580295
42,2024,Putumayo,2024-09-09,2,2024-09-23,5.448884,5.3550673
42,2024,Putumayo,2024-09-09,3,2024-09-30,6.4867673,4.928608
42,2024,Putumayo,2024-09-09,4,2024-10-07,7.0057087,4.863191
42,2024,Putumayo,2024-09-16,1,2024-09-23,5.448884,5.4956584
42,2024,Putumayo,2024-09-16,2,2024-09-30,6.4867673,5.2218814
42,2024,Putumayo,2024-09-16,3,2024-10-07,7.0057087,4.871056
42,2024,Putumayo,2024-09-16,4,2024-10-14,2.335236,4.8311286
42,2024,Putumayo,2024-09-23,1,2024-09-30,6.4867673,4.135425
42,2024,Putumayo,2024-09-23,2,2024-10-07,7.0057087,3.7072506
42,2024,Putumayo,2024-09-23,3,2024-10-14,2.335236,3.8496807
42,2024,Putumayo,2024-09-23,4,2024-10-21,7.0057087,3.3967693
42,2024,Putumayo,2024-09-30,1,2024-10-07,7.0057087,3.761585
42,2024,Putumayo,2024-09-30,2,2024-10-14,2.335236,3.235985
42,2024,Putumayo,2024-09-30,3,2024-10-21,7.0057087,3.666158
42,2024,Putumayo,2024-09-30,4,2024-10-28,8.3030615,3.0878506
42,2024,Putumayo,2024-10-07,1,2024-10-14,2.335236,3.5386364
42,2024,Putumayo,2024-10-07,2,2024-10-21,7.0057087,3.1404204
42,2024,Putumayo,2024-10-07,3,2024-10-28,8.3030615,3.5700388
42,2024,Putumayo,2024-10-07,4,2024-11-04,9.081473,3.060114
42,2024,Putumayo,2024-10-14,1,2024-10-21,7.0057087,3.266398
42,2024,Putumayo,2024-10-14,2,2024-10-28,8.3030615,2.9702744
42,2024,Putumayo,2024-10-14,3,2024-11-04,9.081473,3.3671238
42,2024,Putumayo,2024-10-14,4,2024-11-11,8.3030615,2.9823778
42,2024,Putumayo,2024-10-21,1,2024-10-28,8.3030615,2.8579264
42,2024,Putumayo,2024-10-21,2,2024-11-04,9.081473,2.6975348
42,2024,Putumayo,2024-10-21,3,2024-11-11,8.3030615,3.0670736
42,2024,Putumayo,2024-10-21,4,2024-11-18,11.416711,2.77222
42,2024,Putumayo,2024-10-28,1,2024-11-04,9.081473,2.7652795
42,2024,Putumayo,2024-10-28,2,2024-11-11,8.3030615,2.6570592
42,2024,Putumayo,2024-10-28,3,2024-11-18,11.416711,3.0059793
42,2024,Putumayo,2024-10-28,4,2024-11-25,13.492475,2.839652
42,2024,Putumayo,2024-11-04,1,2024-11-11,8.3030615,3.02105
42,2024,Putumayo,2024-11-04,2,2024-11-18,11.416711,3.0457942
42,2024,Putumayo,2024-11-04,3,2024-11-25,13.492475,3.4915988
42,2024,Putumayo,2024-11-04,4,2024-12-02,15.568242,3.3783448
42,2024,Putumayo,2024-11-11,1,2024-11-18,11.416711,3.9997618
42,2024,Putumayo,2024-11-11,2,2024-11-25,13.492475,4.201455
42,2024,Putumayo,2024-11-11,3,2024-12-02,15.568242,4.721676
42,2024,Putumayo,2024-11-11,4,2024-12-09,10.638297,4.642144
42,2024,Putumayo,2024-11-18,1,2024-11-25,13.492475,5.0498037
42,2024,Putumayo,2024-11-18,2,2024-12-02,15.568242,5.0678067
42,2024,Putumayo,2024-11-18,3,2024-12-09,10.638297,5.9581456
42,2024,Putumayo,2024-11-18,4,2024-12-16,13.233006,5.6428494
42,2024,Quindio,2024-01-22,1,2024-01-29,3.2322943,3.5989149
42,2024,Quindio,2024-01-22,2,2024-02-05,6.2850165,3.6502867
42,2024,Quindio,2024-01-22,3,2024-02-12,5.566729,3.7688477
42,2024,Quindio,2024-01-22,4,2024-02-19,7.3624477,3.6751974
42,2024,Quindio,2024-01-29,1,2024-02-05,6.2850165,3.6342537
42,2024,Quindio,2024-01-29,2,2024-02-12,5.566729,3.6773725
42,2024,Quindio,2024-01-29,3,2024-02-19,7.3624477,3.8078835
42,2024,Quindio,2024-01-29,4,2024-02-26,6.6441603,3.685918
42,2024,Quindio,2024-02-05,1,2024-02-12,5.566729,3.6581292
42,2024,Quindio,2024-02-05,2,2024-02-19,7.3624477,3.6742356
42,2024,Quindio,2024-02-05,3,2024-02-26,6.6441603,3.7660697
42,2024,Quindio,2024-02-05,4,2024-03-04,10.0560255,3.6661751
42,2024,Quindio,2024-02-12,1,2024-02-19,7.3624477,4.8730946
42,2024,Quindio,2024-02-12,2,2024-02-26,6.6441603,4.9596148
42,2024,Quindio,2024-02-12,3,2024-03-04,10.0560255,5.043459
42,2024,Quindio,2024-02-12,4,2024-03-11,14.18618,4.9527526
42,2024,Quindio,2024-02-19,1,2024-02-26,6.6441603,5.533977
42,2024,Quindio,2024-02-19,2,2024-03-04,10.0560255,5.733689
42,2024,Quindio,2024-02-19,3,2024-03-11,14.18618,5.8349247
42,2024,Quindio,2024-02-19,4,2024-03-18,13.108748,5.8213444
42,2024,Quindio,2024-02-26,1,2024-03-04,10.0560255,7.243147
42,2024,Quindio,2024-02-26,2,2024-03-11,14.18618,7.4409113
42,2024,Quindio,2024-02-26,3,2024-03-18,13.108748,7.6481304
42,2024,Quindio,2024-02-26,4,2024-03-25,15.622757,7.6666636
42,2024,Quindio,2024-03-04,1,2024-03-11,14.18618,6.959788
42,2024,Quindio,2024-03-04,2,2024-03-18,13.108748,7.184983
42,2024,Quindio,2024-03-04,3,2024-03-25,15.622757,7.4210515
42,2024,Quindio,2024-03-04,4,2024-04-01,23.344345,7.263091
42,2024,Quindio,2024-03-11,1,2024-03-18,13.108748,8.816117
42,2024,Quindio,2024-03-11,2,2024-03-25,15.622757,8.918478
42,2024,Quindio,2024-03-11,3,2024-04-01,23.344345,9.28025
42,2024,Quindio,2024-03-11,4,2024-04-08,22.985203,8.989997
42,2024,Quindio,2024-03-18,1,2024-03-25,15.622757,12.605506
42,2024,Quindio,2024-03-18,2,2024-04-01,23.344345,12.789538
42,2024,Quindio,2024-03-18,3,2024-04-08,22.985203,13.178142
42,2024,Quindio,2024-03-18,4,2024-04-15,31.78423,12.842298
42,2024,Quindio,2024-03-25,1,2024-04-01,23.344345,13.88272
42,2024,Quindio,2024-03-25,2,2024-04-08,22.985203,14.164732
42,2024,Quindio,2024-03-25,3,2024-04-15,31.78423,14.359546
42,2024,Quindio,2024-03-25,4,2024-04-22,32.32294,14.013264
42,2024,Quindio,2024-04-01,1,2024-04-08,22.985203,16.206366
42,2024,Quindio,2024-04-01,2,2024-04-15,31.78423,16.552513
42,2024,Quindio,2024-04-01,3,2024-04-22,32.32294,16.796175
42,2024,Quindio,2024-04-01,4,2024-04-29,26.576643,16.428247
42,2024,Quindio,2024-04-08,1,2024-04-15,31.78423,23.405615
42,2024,Quindio,2024-04-08,2,2024-04-22,32.32294,23.48109
42,2024,Quindio,2024-04-08,3,2024-04-29,26.576643,23.919231
42,2024,Quindio,2024-04-08,4,2024-05-06,29.090647,22.908024
42,2024,Quindio,2024-04-15,1,2024-04-22,32.32294,25.064877
42,2024,Quindio,2024-04-15,2,2024-04-29,26.576643,25.342705
42,2024,Quindio,2024-04-15,3,2024-05-06,29.090647,25.582806
42,2024,Quindio,2024-04-15,4,2024-05-13,26.037924,24.387102
42,2024,Quindio,2024-04-22,1,2024-04-29,26.576643,29.924614
42,2024,Quindio,2024-04-22,2,2024-05-06,29.090647,30.252544
42,2024,Quindio,2024-04-22,3,2024-05-13,26.037924,30.95345
42,2024,Quindio,2024-04-22,4,2024-05-20,39.864964,28.730785
42,2024,Quindio,2024-04-29,1,2024-05-06,29.090647,32.332985
42,2024,Quindio,2024-04-29,2,2024-05-13,26.037924,32.6925
42,2024,Quindio,2024-04-29,3,2024-05-20,39.864964,33.683826
42,2024,Quindio,2024-04-29,4,2024-05-27,32.861656,30.113295
42,2024,Quindio,2024-05-06,1,2024-05-13,26.037924,27.936686
42,2024,Quindio,2024-05-06,2,2024-05-20,39.864964,27.80495
42,2024,Quindio,2024-05-06,3,2024-05-27,32.861656,27.774462
42,2024,Quindio,2024-05-06,4,2024-06-03,33.93909,24.636995
42,2024,Quindio,2024-05-13,1,2024-05-20,39.864964,26.347914
42,2024,Quindio,2024-05-13,2,2024-05-27,32.861656,25.81427
42,2024,Quindio,2024-05-13,3,2024-06-03,33.93909,26.312754
42,2024,Quindio,2024-05-13,4,2024-06-10,30.886364,22.457287
42,2024,Quindio,2024-05-20,1,2024-05-27,32.861656,23.968746
42,2024,Quindio,2024-05-20,2,2024-06-03,33.93909,23.382195
42,2024,Quindio,2024-05-20,3,2024-06-10,30.886364,23.15849
42,2024,Quindio,2024-05-20,4,2024-06-17,24.421778,20.152569
42,2024,Quindio,2024-05-27,1,2024-06-03,33.93909,35.756542
42,2024,Quindio,2024-05-27,2,2024-06-10,30.886364,34.798786
42,2024,Quindio,2024-05-27,3,2024-06-17,24.421778,34.866894
42,2024,Quindio,2024-05-27,4,2024-06-24,31.245512,32.31367
42,2024,Quindio,2024-06-03,1,2024-06-10,30.886364,33.31437
42,2024,Quindio,2024-06-03,2,2024-06-17,24.421778,31.405695
42,2024,Quindio,2024-06-03,3,2024-06-24,31.245512,31.323624
42,2024,Quindio,2024-06-03,4,2024-07-01,27.654076,28.18038
42,2024,Quindio,2024-06-10,1,2024-06-17,24.421778,31.194782
42,2024,Quindio,2024-06-10,2,2024-06-24,31.245512,29.226444
42,2024,Quindio,2024-06-10,3,2024-07-01,27.654076,27.882496
42,2024,Quindio,2024-06-10,4,2024-07-08,26.037924,26.29316
42,2024,Quindio,2024-06-17,1,2024-06-24,31.245512,26.75275
42,2024,Quindio,2024-06-17,2,2024-07-01,27.654076,25.45962
42,2024,Quindio,2024-06-17,3,2024-07-08,26.037924,23.938154
42,2024,Quindio,2024-06-17,4,2024-07-15,39.505817,21.497948
42,2024,Quindio,2024-06-24,1,2024-07-01,27.654076,22.755873
42,2024,Quindio,2024-06-24,2,2024-07-08,26.037924,20.568954
42,2024,Quindio,2024-06-24,3,2024-07-15,39.505817,19.1255
42,2024,Quindio,2024-06-24,4,2024-07-22,30.347652,18.047882
42,2024,Quindio,2024-07-01,1,2024-07-08,26.037924,25.883474
42,2024,Quindio,2024-07-01,2,2024-07-15,39.505817,22.844858
42,2024,Quindio,2024-07-01,3,2024-07-22,30.347652,20.84592
42,2024,Quindio,2024-07-01,4,2024-07-29,22.266918,19.974653
42,2024,Quindio,2024-07-08,1,2024-07-15,39.505817,23.861958
42,2024,Quindio,2024-07-08,2,2024-07-22,30.347652,21.163792
42,2024,Quindio,2024-07-08,3,2024-07-29,22.266918,19.313768
42,2024,Quindio,2024-07-08,4,2024-08-05,19.75291,18.251894
42,2024,Quindio,2024-07-15,1,2024-07-22,30.347652,22.797174
42,2024,Quindio,2024-07-15,2,2024-07-29,22.266918,20.316326
42,2024,Quindio,2024-07-15,3,2024-08-05,19.75291,18.38457
42,2024,Quindio,2024-07-15,4,2024-08-12,15.443184,17.304487
42,2024,Quindio,2024-07-22,1,2024-07-29,22.266918,29.659275
42,2024,Quindio,2024-07-22,2,2024-08-05,19.75291,28.275421
42,2024,Quindio,2024-07-22,3,2024-08-12,15.443184,25.765886
42,2024,Quindio,2024-07-22,4,2024-08-19,13.467894,23.631214
42,2024,Quindio,2024-07-29,1,2024-08-05,19.75291,26.917252
42,2024,Quindio,2024-07-29,2,2024-08-12,15.443184,24.789202
42,2024,Quindio,2024-07-29,3,2024-08-19,13.467894,22.571497
42,2024,Quindio,2024-07-29,4,2024-08-26,19.03462,21.113958
42,2024,Quindio,2024-08-05,1,2024-08-12,15.443184,23.102236
42,2024,Quindio,2024-08-05,2,2024-08-19,13.467894,20.290764
42,2024,Quindio,2024-08-05,3,2024-08-26,19.03462,18.711409
42,2024,Quindio,2024-08-05,4,2024-09-02,14.365754,17.382584
42,2024,Quindio,2024-08-12,1,2024-08-19,13.467894,19.531857
42,2024,Quindio,2024-08-12,2,2024-08-26,19.03462,17.101166
42,2024,Quindio,2024-08-12,3,2024-09-02,14.365754,15.4220705
42,2024,Quindio,2024-08-12,4,2024-09-09,16.341045,14.62632
42,2024,Quindio,2024-08-19,1,2024-08-26,19.03462,16.99206
42,2024,Quindio,2024-08-19,2,2024-09-02,14.365754,15.14636
42,2024,Quindio,2024-08-19,3,2024-09-09,16.341045,13.35375
42,2024,Quindio,2024-08-19,4,2024-09-16,18.855051,12.80596
42,2024,Quindio,2024-08-26,1,2024-09-02,14.365754,14.848036
42,2024,Quindio,2024-08-26,2,2024-09-09,16.341045,12.392327
42,2024,Quindio,2024-08-26,3,2024-09-16,18.855051,11.153668
42,2024,Quindio,2024-08-26,4,2024-09-23,21.369059,10.940485
42,2024,Quindio,2024-09-02,1,2024-09-09,16.341045,16.184187
42,2024,Quindio,2024-09-02,2,2024-09-16,18.855051,12.920825
42,2024,Quindio,2024-09-02,3,2024-09-23,21.369059,11.464259
42,2024,Quindio,2024-09-02,4,2024-09-30,15.443184,11.548338
42,2024,Quindio,2024-09-09,1,2024-09-16,18.855051,13.561245
42,2024,Quindio,2024-09-09,2,2024-09-23,21.369059,11.62204
42,2024,Quindio,2024-09-09,3,2024-09-30,15.443184,10.530098
42,2024,Quindio,2024-09-09,4,2024-10-07,14.365754,9.883401
42,2024,Quindio,2024-09-16,1,2024-09-23,21.369059,13.789184
42,2024,Quindio,2024-09-16,2,2024-09-30,15.443184,11.905886
42,2024,Quindio,2024-09-16,3,2024-10-07,14.365754,10.956258
42,2024,Quindio,2024-09-16,4,2024-10-14,16.161472,10.229816
42,2024,Quindio,2024-09-23,1,2024-09-30,15.443184,16.117176
42,2024,Quindio,2024-09-23,2,2024-10-07,14.365754,14.5031185
42,2024,Quindio,2024-09-23,3,2024-10-14,16.161472,13.043116
42,2024,Quindio,2024-09-23,4,2024-10-21,20.830341,13.028883
42,2024,Quindio,2024-09-30,1,2024-10-07,14.365754,18.864576
42,2024,Quindio,2024-09-30,2,2024-10-14,16.161472,17.74399
42,2024,Quindio,2024-09-30,3,2024-10-21,20.830341,16.213768
42,2024,Quindio,2024-09-30,4,2024-10-28,18.495909,16.671814
42,2024,Quindio,2024-10-07,1,2024-10-14,16.161472,13.455123
42,2024,Quindio,2024-10-07,2,2024-10-21,20.830341,13.865414
42,2024,Quindio,2024-10-07,3,2024-10-28,18.495909,11.8223915
42,2024,Quindio,2024-10-07,4,2024-11-04,15.622757,12.674547
42,2024,Quindio,2024-10-14,1,2024-10-21,20.830341,13.638353
42,2024,Quindio,2024-10-14,2,2024-10-28,18.495909,13.747698
42,2024,Quindio,2024-10-14,3,2024-11-04,15.622757,11.9755335
42,2024,Quindio,2024-10-14,4,2024-11-11,15.084041,12.709172
42,2024,Quindio,2024-10-21,1,2024-10-28,18.495909,14.444676
42,2024,Quindio,2024-10-21,2,2024-11-04,15.622757,14.725042
42,2024,Quindio,2024-10-21,3,2024-11-11,15.084041,12.814498
42,2024,Quindio,2024-10-21,4,2024-11-18,9.517311,13.425803
42,2024,Quindio,2024-10-28,1,2024-11-04,15.622757,16.733484
42,2024,Quindio,2024-10-28,2,2024-11-11,15.084041,16.474823
42,2024,Quindio,2024-10-28,3,2024-11-18,9.517311,15.66134
42,2024,Quindio,2024-10-28,4,2024-11-25,10.235599,15.979293
42,2024,Quindio,2024-11-04,1,2024-11-11,15.084041,16.99846
42,2024,Quindio,2024-11-04,2,2024-11-18,9.517311,17.197378
42,2024,Quindio,2024-11-04,3,2024-11-25,10.235599,16.493702
42,2024,Quindio,2024-11-04,4,2024-12-02,10.953886,16.801958
42,2024,Quindio,2024-11-11,1,2024-11-18,9.517311,14.928277
42,2024,Quindio,2024-11-11,2,2024-11-25,10.235599,15.026561
42,2024,Quindio,2024-11-11,3,2024-12-02,10.953886,14.240631
42,2024,Quindio,2024-11-11,4,2024-12-09,9.517311,14.35859
42,2024,Quindio,2024-11-18,1,2024-11-25,10.235599,14.13034
42,2024,Quindio,2024-11-18,2,2024-12-02,10.953886,14.462937
42,2024,Quindio,2024-11-18,3,2024-12-09,9.517311,13.219737
42,2024,Quindio,2024-11-18,4,2024-12-16,10.415171,13.477352
42,2024,Risaralda,2024-01-22,1,2024-01-29,2.2045634,1.8227865
42,2024,Risaralda,2024-01-22,2,2024-02-05,2.4049783,1.8466631
42,2024,Risaralda,2024-01-22,3,2024-02-12,3.5072598,1.970236
42,2024,Risaralda,2024-01-22,4,2024-02-19,3.6074677,1.9389652
42,2024,Risaralda,2024-01-29,1,2024-02-05,2.4049783,1.8518225
42,2024,Risaralda,2024-01-29,2,2024-02-12,3.5072598,1.874302
42,2024,Risaralda,2024-01-29,3,2024-02-19,3.6074677,1.9737253
42,2024,Risaralda,2024-01-29,4,2024-02-26,4.509334,1.952599
42,2024,Risaralda,2024-02-05,1,2024-02-12,3.5072598,1.977874
42,2024,Risaralda,2024-02-05,2,2024-02-19,3.6074677,2.0178204
42,2024,Risaralda,2024-02-05,3,2024-02-26,4.509334,2.0870042
42,2024,Risaralda,2024-02-05,4,2024-03-04,5.0103717,2.106602
42,2024,Risaralda,2024-02-12,1,2024-02-19,3.6074677,2.1649652
42,2024,Risaralda,2024-02-12,2,2024-02-26,4.509334,2.2333956
42,2024,Risaralda,2024-02-12,3,2024-03-04,5.0103717,2.304421
42,2024,Risaralda,2024-02-12,4,2024-03-11,10.321366,2.325468
42,2024,Risaralda,2024-02-19,1,2024-02-26,4.509334,2.7352333
42,2024,Risaralda,2024-02-19,2,2024-03-04,5.0103717,2.869585
42,2024,Risaralda,2024-02-19,3,2024-03-11,10.321366,2.9856577
42,2024,Risaralda,2024-02-19,4,2024-03-18,9.920536,2.9891152
42,2024,Risaralda,2024-02-26,1,2024-03-04,5.0103717,3.4017498
42,2024,Risaralda,2024-02-26,2,2024-03-11,10.321366,3.507075
42,2024,Risaralda,2024-02-26,3,2024-03-18,9.920536,3.6689918
42,2024,Risaralda,2024-02-26,4,2024-03-25,8.217009,3.6607692
42,2024,Risaralda,2024-03-04,1,2024-03-11,10.321366,3.9353437
42,2024,Risaralda,2024-03-04,2,2024-03-18,9.920536,4.0798893
42,2024,Risaralda,2024-03-04,3,2024-03-25,8.217009,4.287
42,2024,Risaralda,2024-03-04,4,2024-04-01,13.528004,4.230836
42,2024,Risaralda,2024-03-11,1,2024-03-18,9.920536,4.6179175
42,2024,Risaralda,2024-03-11,2,2024-03-25,8.217009,4.767753
42,2024,Risaralda,2024-03-11,3,2024-04-01,13.528004,4.9621882
42,2024,Risaralda,2024-03-11,4,2024-04-08,20.64273,4.8520794
42,2024,Risaralda,2024-03-18,1,2024-03-25,8.217009,7.398038
42,2024,Risaralda,2024-03-18,2,2024-04-01,13.528004,7.7029305
42,2024,Risaralda,2024-03-18,3,2024-04-08,20.64273,7.92841
42,2024,Risaralda,2024-03-18,4,2024-04-15,18.438166,7.848332
42,2024,Risaralda,2024-03-25,1,2024-04-01,13.528004,9.140731
42,2024,Risaralda,2024-03-25,2,2024-04-08,20.64273,9.590032
42,2024,Risaralda,2024-03-25,3,2024-04-15,18.438166,9.729248
42,2024,Risaralda,2024-03-25,4,2024-04-22,23.248123,9.583103
42,2024,Risaralda,2024-04-01,1,2024-04-08,20.64273,8.97794
42,2024,Risaralda,2024-04-01,2,2024-04-15,18.438166,9.387777
42,2024,Risaralda,2024-04-01,3,2024-04-22,23.248123,9.496149
42,2024,Risaralda,2024-04-01,4,2024-04-29,26.45476,9.342149
42,2024,Risaralda,2024-04-08,1,2024-04-15,18.438166,12.227693
42,2024,Risaralda,2024-04-08,2,2024-04-22,23.248123,12.500538
42,2024,Risaralda,2024-04-08,3,2024-04-29,26.45476,12.544081
42,2024,Risaralda,2024-04-08,4,2024-05-06,17.736715,12.102959
42,2024,Risaralda,2024-04-15,1,2024-04-22,23.248123,17.889826
42,2024,Risaralda,2024-04-15,2,2024-04-29,26.45476,18.450827
42,2024,Risaralda,2024-04-15,3,2024-05-06,17.736715,18.538378
42,2024,Risaralda,2024-04-15,4,2024-05-13,22.64688,18.053823
42,2024,Risaralda,2024-04-22,1,2024-04-29,26.45476,18.993479
42,2024,Risaralda,2024-04-22,2,2024-05-06,17.736715,19.634548
42,2024,Risaralda,2024-04-22,3,2024-05-13,22.64688,19.782084
42,2024,Risaralda,2024-04-22,4,2024-05-20,27.056007,18.720438
42,2024,Risaralda,2024-04-29,1,2024-05-06,17.736715,21.791195
42,2024,Risaralda,2024-04-29,2,2024-05-13,22.64688,22.11839
42,2024,Risaralda,2024-04-29,3,2024-05-20,27.056007,22.585112
42,2024,Risaralda,2024-04-29,4,2024-05-27,19.84107,20.907434
42,2024,Risaralda,2024-05-06,1,2024-05-13,22.64688,24.356766
42,2024,Risaralda,2024-05-06,2,2024-05-20,27.056007,25.223719
42,2024,Risaralda,2024-05-06,3,2024-05-27,19.84107,25.276941
42,2024,Risaralda,2024-05-06,4,2024-06-03,24.550821,22.878965
42,2024,Risaralda,2024-05-13,1,2024-05-20,27.056007,18.592554
42,2024,Risaralda,2024-05-13,2,2024-05-27,19.84107,18.222857
42,2024,Risaralda,2024-05-13,3,2024-06-03,24.550821,18.16202
42,2024,Risaralda,2024-05-13,4,2024-06-10,24.651028,16.007074
42,2024,Risaralda,2024-05-20,1,2024-05-27,19.84107,19.29665
42,2024,Risaralda,2024-05-20,2,2024-06-03,24.550821,18.638456
42,2024,Risaralda,2024-05-20,3,2024-06-10,24.651028,18.459597
42,2024,Risaralda,2024-05-20,4,2024-06-17,23.348333,16.473219
42,2024,Risaralda,2024-05-27,1,2024-06-03,24.550821,23.460566
42,2024,Risaralda,2024-05-27,2,2024-06-10,24.651028,23.246534
42,2024,Risaralda,2024-05-27,3,2024-06-17,23.348333,23.170704
42,2024,Risaralda,2024-05-27,4,2024-06-24,21.544598,20.95441
42,2024,Risaralda,2024-06-03,1,2024-06-10,24.651028,20.184422
42,2024,Risaralda,2024-06-03,2,2024-06-17,23.348333,18.934471
42,2024,Risaralda,2024-06-03,3,2024-06-24,21.544598,18.488611
42,2024,Risaralda,2024-06-03,4,2024-07-01,17.536299,16.99625
42,2024,Risaralda,2024-06-10,1,2024-06-17,23.348333,21.815323
42,2024,Risaralda,2024-06-10,2,2024-06-24,21.544598,20.642591
42,2024,Risaralda,2024-06-10,3,2024-07-01,17.536299,20.027336
42,2024,Risaralda,2024-06-10,4,2024-07-08,19.84107,18.293243
42,2024,Risaralda,2024-06-17,1,2024-06-24,21.544598,21.398806
42,2024,Risaralda,2024-06-17,2,2024-07-01,17.536299,20.914064
42,2024,Risaralda,2024-06-17,3,2024-07-08,19.84107,20.049768
42,2024,Risaralda,2024-06-17,4,2024-07-15,20.542522,18.039719
42,2024,Risaralda,2024-06-24,1,2024-07-01,17.536299,21.606268
42,2024,Risaralda,2024-06-24,2,2024-07-08,19.84107,20.136623
42,2024,Risaralda,2024-06-24,3,2024-07-15,20.542522,19.27451
42,2024,Risaralda,2024-06-24,4,2024-07-22,19.239826,17.983608
42,2024,Risaralda,2024-07-01,1,2024-07-08,19.84107,20.127077
42,2024,Risaralda,2024-07-01,2,2024-07-15,20.542522,18.692366
42,2024,Risaralda,2024-07-01,3,2024-07-22,19.239826,17.709633
42,2024,Risaralda,2024-07-01,4,2024-07-29,15.832773,16.58101
42,2024,Risaralda,2024-07-08,1,2024-07-15,20.542522,16.08964
42,2024,Risaralda,2024-07-08,2,2024-07-22,19.239826,14.643396
42,2024,Risaralda,2024-07-08,3,2024-07-29,15.832773,13.705656
42,2024,Risaralda,2024-07-08,4,2024-08-05,16.534227,12.771002
42,2024,Risaralda,2024-07-15,1,2024-07-22,19.239826,16.386103
42,2024,Risaralda,2024-07-15,2,2024-07-29,15.832773,14.681119
42,2024,Risaralda,2024-07-15,3,2024-08-05,16.534227,13.660829
42,2024,Risaralda,2024-07-15,4,2024-08-12,16.534227,12.974879
42,2024,Risaralda,2024-07-22,1,2024-07-29,15.832773,17.079725
42,2024,Risaralda,2024-07-22,2,2024-08-05,16.534227,15.716077
42,2024,Risaralda,2024-07-22,3,2024-08-12,16.534227,14.6298485
42,2024,Risaralda,2024-07-22,4,2024-08-19,12.726343,13.756101
42,2024,Risaralda,2024-07-29,1,2024-08-05,16.534227,17.365162
42,2024,Risaralda,2024-07-29,2,2024-08-12,16.534227,15.560371
42,2024,Risaralda,2024-07-29,3,2024-08-19,12.726343,14.604917
42,2024,Risaralda,2024-07-29,4,2024-08-26,13.127173,13.727287
42,2024,Risaralda,2024-08-05,1,2024-08-12,16.534227,15.772598
42,2024,Risaralda,2024-08-05,2,2024-08-19,12.726343,14.313499
42,2024,Risaralda,2024-08-05,3,2024-08-26,13.127173,13.381236
42,2024,Risaralda,2024-08-05,4,2024-09-02,14.730491,12.444128
42,2024,Risaralda,2024-08-12,1,2024-08-19,12.726343,15.293939
42,2024,Risaralda,2024-08-12,2,2024-08-26,13.127173,13.83464
42,2024,Risaralda,2024-08-12,3,2024-09-02,14.730491,12.947223
42,2024,Risaralda,2024-08-12,4,2024-09-09,14.42987,12.151182
42,2024,Risaralda,2024-08-19,1,2024-08-26,13.127173,15.560497
42,2024,Risaralda,2024-08-19,2,2024-09-02,14.730491,14.03429
42,2024,Risaralda,2024-08-19,3,2024-09-09,14.42987,12.980728
42,2024,Risaralda,2024-08-19,4,2024-09-16,15.532153,12.198405
42,2024,Risaralda,2024-08-26,1,2024-09-02,14.730491,13.518772
42,2024,Risaralda,2024-08-26,2,2024-09-09,14.42987,12.116668
42,2024,Risaralda,2024-08-26,3,2024-09-16,15.532153,11.289426
42,2024,Risaralda,2024-08-26,4,2024-09-23,13.127173,10.718044
42,2024,Risaralda,2024-09-02,1,2024-09-09,14.42987,13.021149
42,2024,Risaralda,2024-09-02,2,2024-09-16,15.532153,11.581944
42,2024,Risaralda,2024-09-02,3,2024-09-23,13.127173,10.765871
42,2024,Risaralda,2024-09-02,4,2024-09-30,14.42987,10.341585
42,2024,Risaralda,2024-09-09,1,2024-09-16,15.532153,13.463265
42,2024,Risaralda,2024-09-09,2,2024-09-23,13.127173,12.314398
42,2024,Risaralda,2024-09-09,3,2024-09-30,14.42987,11.190092
42,2024,Risaralda,2024-09-09,4,2024-10-07,10.922608,10.975235
42,2024,Risaralda,2024-09-16,1,2024-09-23,13.127173,12.85525
42,2024,Risaralda,2024-09-16,2,2024-09-30,14.42987,12.319249
42,2024,Risaralda,2024-09-16,3,2024-10-07,10.922608,11.116563
42,2024,Risaralda,2024-09-16,4,2024-10-14,11.223231,10.8483
42,2024,Risaralda,2024-09-23,1,2024-09-30,14.42987,13.990409
42,2024,Risaralda,2024-09-23,2,2024-10-07,10.922608,13.382923
42,2024,Risaralda,2024-09-23,3,2024-10-14,11.223231,12.399652
42,2024,Risaralda,2024-09-23,4,2024-10-21,11.72427,12.127333
42,2024,Risaralda,2024-09-30,1,2024-10-07,10.922608,12.718209
42,2024,Risaralda,2024-09-30,2,2024-10-14,11.223231,12.4857435
42,2024,Risaralda,2024-09-30,3,2024-10-21,11.72427,11.4434595
42,2024,Risaralda,2024-09-30,4,2024-10-28,8.718047,11.223071
42,2024,Risaralda,2024-10-07,1,2024-10-14,11.223231,12.621037
42,2024,Risaralda,2024-10-07,2,2024-10-21,11.72427,12.935987
42,2024,Risaralda,2024-10-07,3,2024-10-28,8.718047,11.5773945
42,2024,Risaralda,2024-10-07,4,2024-11-04,10.922608,11.593267
42,2024,Risaralda,2024-10-14,1,2024-10-21,11.72427,11.302571
42,2024,Risaralda,2024-10-14,2,2024-10-28,8.718047,11.311221
42,2024,Risaralda,2024-10-14,3,2024-11-04,10.922608,10.279049
42,2024,Risaralda,2024-10-14,4,2024-11-11,7.615764,10.178336
42,2024,Risaralda,2024-10-21,1,2024-10-28,8.718047,10.499449
42,2024,Risaralda,2024-10-21,2,2024-11-04,10.922608,10.706216
42,2024,Risaralda,2024-10-21,3,2024-11-11,7.615764,9.627577
42,2024,Risaralda,2024-10-21,4,2024-11-18,7.1147275,9.657131
42,2024,Risaralda,2024-10-28,1,2024-11-04,10.922608,10.592943
42,2024,Risaralda,2024-10-28,2,2024-11-11,7.615764,10.701567
42,2024,Risaralda,2024-10-28,3,2024-11-18,7.1147275,9.6602545
42,2024,Risaralda,2024-10-28,4,2024-11-25,6.7138977,9.768119
42,2024,Risaralda,2024-11-04,1,2024-11-11,7.615764,8.915358
42,2024,Risaralda,2024-11-04,2,2024-11-18,7.1147275,9.17522
42,2024,Risaralda,2024-11-04,3,2024-11-25,6.7138977,8.345465
42,2024,Risaralda,2024-11-04,4,2024-12-02,7.0145206,8.388348
42,2024,Risaralda,2024-11-11,1,2024-11-18,7.1147275,9.130518
42,2024,Risaralda,2024-11-11,2,2024-11-25,6.7138977,9.308536
42,2024,Risaralda,2024-11-11,3,2024-12-02,7.0145206,8.512535
42,2024,Risaralda,2024-11-11,4,2024-12-09,9.720122,8.473708
42,2024,Risaralda,2024-11-18,1,2024-11-25,6.7138977,7.9603033
42,2024,Risaralda,2024-11-18,2,2024-12-02,7.0145206,8.069332
42,2024,Risaralda,2024-11-18,3,2024-12-09,9.720122,7.5017815
42,2024,Risaralda,2024-11-18,4,2024-12-16,7.715973,7.451854
42,2024,Santander,2024-01-22,1,2024-01-29,16.088041,13.205921
42,2024,Santander,2024-01-22,2,2024-02-05,17.474218,12.32063
42,2024,Santander,2024-01-22,3,2024-02-12,15.8780155,11.167884
42,2024,Santander,2024-01-22,4,2024-02-19,18.818388,10.572827
42,2024,Santander,2024-01-29,1,2024-02-05,17.474218,13.294307
42,2024,Santander,2024-01-29,2,2024-02-12,15.8780155,12.339734
42,2024,Santander,2024-01-29,3,2024-02-19,18.818388,11.323089
42,2024,Santander,2024-01-29,4,2024-02-26,20.288576,10.81449
42,2024,Santander,2024-02-05,1,2024-02-12,15.8780155,14.495481
42,2024,Santander,2024-02-05,2,2024-02-19,18.818388,13.739916
42,2024,Santander,2024-02-05,3,2024-02-26,20.288576,12.625035
42,2024,Santander,2024-02-05,4,2024-03-04,20.330582,12.339982
42,2024,Santander,2024-02-12,1,2024-02-19,18.818388,15.03354
42,2024,Santander,2024-02-12,2,2024-02-26,20.288576,13.911311
42,2024,Santander,2024-02-12,3,2024-03-04,20.330582,12.726716
42,2024,Santander,2024-02-12,4,2024-03-11,23.48098,12.604971
42,2024,Santander,2024-02-19,1,2024-02-26,20.288576,15.54414
42,2024,Santander,2024-02-19,2,2024-03-04,20.330582,14.533283
42,2024,Santander,2024-02-19,3,2024-03-11,23.48098,13.431786
42,2024,Santander,2024-02-19,4,2024-03-18,22.598871,13.386785
42,2024,Santander,2024-02-26,1,2024-03-04,20.330582,18.93472
42,2024,Santander,2024-02-26,2,2024-03-11,23.48098,17.789696
42,2024,Santander,2024-02-26,3,2024-03-18,22.598871,16.544502
42,2024,Santander,2024-02-26,4,2024-03-25,19.28045,16.398355
42,2024,Santander,2024-03-04,1,2024-03-11,23.48098,18.857616
42,2024,Santander,2024-03-04,2,2024-03-18,22.598871,17.752062
42,2024,Santander,2024-03-04,3,2024-03-25,19.28045,16.344725
42,2024,Santander,2024-03-04,4,2024-04-01,30.243841,15.914589
42,2024,Santander,2024-03-11,1,2024-03-18,22.598871,19.935963
42,2024,Santander,2024-03-11,2,2024-03-25,19.28045,18.728062
42,2024,Santander,2024-03-11,3,2024-04-01,30.243841,17.59645
42,2024,Santander,2024-03-11,4,2024-04-08,28.647635,17.076756
42,2024,Santander,2024-03-18,1,2024-03-25,19.28045,23.092825
42,2024,Santander,2024-03-18,2,2024-04-01,30.243841,21.794672
42,2024,Santander,2024-03-18,3,2024-04-08,28.647635,20.771856
42,2024,Santander,2024-03-18,4,2024-04-15,27.42948,19.778347
42,2024,Santander,2024-03-25,1,2024-04-01,30.243841,23.04704
42,2024,Santander,2024-03-25,2,2024-04-08,28.647635,21.892351
42,2024,Santander,2024-03-25,3,2024-04-15,27.42948,20.76596
42,2024,Santander,2024-03-25,4,2024-04-22,34.360367,19.905268
42,2024,Santander,2024-04-01,1,2024-04-08,28.647635,20.468716
42,2024,Santander,2024-04-01,2,2024-04-15,27.42948,19.057508
42,2024,Santander,2024-04-01,3,2024-04-22,34.360367,17.910639
42,2024,Santander,2024-04-01,4,2024-04-29,29.655767,17.71474
42,2024,Santander,2024-04-08,1,2024-04-15,27.42948,27.583992
42,2024,Santander,2024-04-08,2,2024-04-22,34.360367,26.354265
42,2024,Santander,2024-04-08,3,2024-04-29,29.655767,25.403893
42,2024,Santander,2024-04-08,4,2024-05-06,32.890175,24.165455
42,2024,Santander,2024-04-15,1,2024-04-22,34.360367,29.259634
42,2024,Santander,2024-04-15,2,2024-04-29,29.655767,28.370802
42,2024,Santander,2024-04-15,3,2024-05-06,32.890175,27.108278
42,2024,Santander,2024-04-15,4,2024-05-13,33.77229,26.306229
42,2024,Santander,2024-04-22,1,2024-04-29,29.655767,28.508232
42,2024,Santander,2024-04-22,2,2024-05-06,32.890175,27.295387
42,2024,Santander,2024-04-22,3,2024-05-13,33.77229,26.034895
42,2024,Santander,2024-04-22,4,2024-05-20,37.258728,24.933495
42,2024,Santander,2024-04-29,1,2024-05-06,32.890175,33.311726
42,2024,Santander,2024-04-29,2,2024-05-13,33.77229,32.270363
42,2024,Santander,2024-04-29,3,2024-05-20,37.258728,31.053228
42,2024,Santander,2024-04-29,4,2024-05-27,39.905064,28.858963
42,2024,Santander,2024-05-06,1,2024-05-13,33.77229,30.47646
42,2024,Santander,2024-05-06,2,2024-05-20,37.258728,29.554342
42,2024,Santander,2024-05-06,3,2024-05-27,39.905064,27.85641
42,2024,Santander,2024-05-06,4,2024-06-03,34.02432,26.55031
42,2024,Santander,2024-05-13,1,2024-05-20,37.258728,33.533073
42,2024,Santander,2024-05-13,2,2024-05-27,39.905064,31.864052
42,2024,Santander,2024-05-13,3,2024-06-03,34.02432,30.625612
42,2024,Santander,2024-05-13,4,2024-06-10,31.672022,28.982777
42,2024,Santander,2024-05-20,1,2024-05-27,39.905064,34.637062
42,2024,Santander,2024-05-20,2,2024-06-03,34.02432,33.794563
42,2024,Santander,2024-05-20,3,2024-06-10,31.672022,32.249233
42,2024,Santander,2024-05-20,4,2024-06-17,37.97282,30.083029
42,2024,Santander,2024-05-27,1,2024-06-03,34.02432,36.808475
42,2024,Santander,2024-05-27,2,2024-06-10,31.672022,35.9786
42,2024,Santander,2024-05-27,3,2024-06-17,37.97282,34.2345
42,2024,Santander,2024-05-27,4,2024-06-24,33.688274,33.052536
42,2024,Santander,2024-06-03,1,2024-06-10,31.672022,38.89608
42,2024,Santander,2024-06-03,2,2024-06-17,37.97282,37.92169
42,2024,Santander,2024-06-03,3,2024-06-24,33.688274,36.16203
42,2024,Santander,2024-06-03,4,2024-07-01,29.40373,34.32559
42,2024,Santander,2024-06-10,1,2024-06-17,37.97282,33.3365
42,2024,Santander,2024-06-10,2,2024-06-24,33.688274,31.638948
42,2024,Santander,2024-06-10,3,2024-07-01,29.40373,29.428371
42,2024,Santander,2024-06-10,4,2024-07-08,34.02432,27.858734
42,2024,Santander,2024-06-17,1,2024-06-24,33.688274,28.789778
42,2024,Santander,2024-06-17,2,2024-07-01,29.40373,26.728226
42,2024,Santander,2024-06-17,3,2024-07-08,34.02432,24.130487
42,2024,Santander,2024-06-17,4,2024-07-15,31.08395,23.008162
42,2024,Santander,2024-06-24,1,2024-07-01,29.40373,31.881231
42,2024,Santander,2024-06-24,2,2024-07-08,34.02432,30.86036
42,2024,Santander,2024-06-24,3,2024-07-15,31.08395,27.828262
42,2024,Santander,2024-06-24,4,2024-07-22,28.437613,26.329533
42,2024,Santander,2024-07-01,1,2024-07-08,34.02432,30.298954
42,2024,Santander,2024-07-01,2,2024-07-15,31.08395,28.51166
42,2024,Santander,2024-07-01,3,2024-07-22,28.437613,25.615757
42,2024,Santander,2024-07-01,4,2024-07-29,27.30347,24.770426
42,2024,Santander,2024-07-08,1,2024-07-15,31.08395,27.302662
42,2024,Santander,2024-07-08,2,2024-07-22,28.437613,24.12727
42,2024,Santander,2024-07-08,3,2024-07-29,27.30347,21.54699
42,2024,Santander,2024-07-08,4,2024-08-05,22.13681,20.59291
42,2024,Santander,2024-07-15,1,2024-07-22,28.437613,27.485775
42,2024,Santander,2024-07-15,2,2024-07-29,27.30347,24.936117
42,2024,Santander,2024-07-15,3,2024-08-05,22.13681,21.58709
42,2024,Santander,2024-07-15,4,2024-08-12,21.926785,20.72694
42,2024,Santander,2024-07-22,1,2024-07-29,27.30347,26.964409
42,2024,Santander,2024-07-22,2,2024-08-05,22.13681,24.596294
42,2024,Santander,2024-07-22,3,2024-08-12,21.926785,21.266167
42,2024,Santander,2024-07-22,4,2024-08-19,18.98641,20.304539
42,2024,Santander,2024-07-29,1,2024-08-05,22.13681,27.400967
42,2024,Santander,2024-07-29,2,2024-08-12,21.926785,24.043425
42,2024,Santander,2024-07-29,3,2024-08-19,18.98641,21.110802
42,2024,Santander,2024-07-29,4,2024-08-26,19.910526,20.288372
42,2024,Santander,2024-08-05,1,2024-08-12,21.926785,26.72223
42,2024,Santander,2024-08-05,2,2024-08-19,18.98641,23.66951
42,2024,Santander,2024-08-05,3,2024-08-26,19.910526,20.540617
42,2024,Santander,2024-08-05,4,2024-09-02,17.01216,19.831064
42,2024,Santander,2024-08-12,1,2024-08-19,18.98641,22.73985
42,2024,Santander,2024-08-12,2,2024-08-26,19.910526,20.304432
42,2024,Santander,2024-08-12,3,2024-09-02,17.01216,17.530369
42,2024,Santander,2024-08-12,4,2024-09-09,17.642242,16.890455
42,2024,Santander,2024-08-19,1,2024-08-26,19.910526,22.93031
42,2024,Santander,2024-08-19,2,2024-09-02,17.01216,20.654968
42,2024,Santander,2024-08-19,3,2024-09-09,17.642242,17.593163
42,2024,Santander,2024-08-19,4,2024-09-16,16.760128,17.215971
42,2024,Santander,2024-08-26,1,2024-09-02,17.01216,21.44802
42,2024,Santander,2024-08-26,2,2024-09-09,17.642242,18.952026
42,2024,Santander,2024-08-26,3,2024-09-16,16.760128,16.228205
42,2024,Santander,2024-08-26,4,2024-09-23,14.281816,16.035347
42,2024,Santander,2024-09-02,1,2024-09-09,17.642242,21.059357
42,2024,Santander,2024-09-02,2,2024-09-16,16.760128,18.429626
42,2024,Santander,2024-09-02,3,2024-09-23,14.281816,15.949529
42,2024,Santander,2024-09-02,4,2024-09-30,12.727616,15.605114
42,2024,Santander,2024-09-09,1,2024-09-16,16.760128,19.24017
42,2024,Santander,2024-09-09,2,2024-09-23,14.281816,17.24496
42,2024,Santander,2024-09-09,3,2024-09-30,12.727616,14.8226795
42,2024,Santander,2024-09-09,4,2024-10-07,10.62735,14.524649
42,2024,Santander,2024-09-16,1,2024-09-23,14.281816,18.833523
42,2024,Santander,2024-09-16,2,2024-09-30,12.727616,16.44218
42,2024,Santander,2024-09-16,3,2024-10-07,10.62735,14.470164
42,2024,Santander,2024-09-16,4,2024-10-14,10.207295,13.965005
42,2024,Santander,2024-09-23,1,2024-09-30,12.727616,18.430187
42,2024,Santander,2024-09-23,2,2024-10-07,10.62735,16.692175
42,2024,Santander,2024-09-23,3,2024-10-14,10.207295,14.545776
42,2024,Santander,2024-09-23,4,2024-10-21,9.997271,14.516416
42,2024,Santander,2024-09-30,1,2024-10-07,10.62735,15.067759
42,2024,Santander,2024-09-30,2,2024-10-14,10.207295,14.583516
42,2024,Santander,2024-09-30,3,2024-10-21,9.997271,12.432517
42,2024,Santander,2024-09-30,4,2024-10-28,9.367189,12.689249
42,2024,Santander,2024-10-07,1,2024-10-14,10.207295,12.885555
42,2024,Santander,2024-10-07,2,2024-10-21,9.997271,13.157263
42,2024,Santander,2024-10-07,3,2024-10-28,9.367189,10.934315
42,2024,Santander,2024-10-07,4,2024-11-04,8.1490345,11.540416
42,2024,Santander,2024-10-14,1,2024-10-21,9.997271,11.080426
42,2024,Santander,2024-10-14,2,2024-10-28,9.367189,11.449187
42,2024,Santander,2024-10-14,3,2024-11-04,8.1490345,9.456522
42,2024,Santander,2024-10-14,4,2024-11-11,6.048768,10.023379
42,2024,Santander,2024-10-21,1,2024-10-28,9.367189,10.299842
42,2024,Santander,2024-10-21,2,2024-11-04,8.1490345,10.563368
42,2024,Santander,2024-10-21,3,2024-11-11,6.048768,9.030902
42,2024,Santander,2024-10-21,4,2024-11-18,7.64497,9.460422
42,2024,Santander,2024-10-28,1,2024-11-04,8.1490345,9.035885
42,2024,Santander,2024-10-28,2,2024-11-11,6.048768,9.115473
42,2024,Santander,2024-10-28,3,2024-11-18,7.64497,8.229915
42,2024,Santander,2024-10-28,4,2024-11-25,5.3346777,8.314505
42,2024,Santander,2024-11-04,1,2024-11-11,6.048768,7.1148243
42,2024,Santander,2024-11-04,2,2024-11-18,7.64497,6.9507384
42,2024,Santander,2024-11-04,3,2024-11-25,5.3346777,6.899364
42,2024,Santander,2024-11-04,4,2024-12-02,6.846869,6.2780004
42,2024,Santander,2024-11-11,1,2024-11-18,7.64497,6.115063
42,2024,Santander,2024-11-11,2,2024-11-25,5.3346777,5.9115386
42,2024,Santander,2024-11-11,3,2024-12-02,6.846869,6.181708
42,2024,Santander,2024-11-11,4,2024-12-09,7.4769487,5.378337
42,2024,Santander,2024-11-18,1,2024-11-25,5.3346777,5.204722
42,2024,Santander,2024-11-18,2,2024-12-02,6.846869,4.972349
42,2024,Santander,2024-11-18,3,2024-12-09,7.4769487,5.396935
42,2024,Santander,2024-11-18,4,2024-12-16,5.8387413,4.541906
42,2024,Sucre,2024-01-22,1,2024-01-29,3.4328027,2.7878575
42,2024,Sucre,2024-01-22,2,2024-02-05,2.6481624,2.7655647
42,2024,Sucre,2024-01-22,3,2024-02-12,1.8635215,2.7720723
42,2024,Sucre,2024-01-22,4,2024-02-19,2.9424024,2.7974186
42,2024,Sucre,2024-01-29,1,2024-02-05,2.6481624,2.3245993
42,2024,Sucre,2024-01-29,2,2024-02-12,1.8635215,2.2475722
42,2024,Sucre,2024-01-29,3,2024-02-19,2.9424024,2.2810524
42,2024,Sucre,2024-01-29,4,2024-02-26,2.5500822,2.255039
42,2024,Sucre,2024-02-05,1,2024-02-12,1.8635215,2.6621478
42,2024,Sucre,2024-02-05,2,2024-02-19,2.9424024,2.5783668
42,2024,Sucre,2024-02-05,3,2024-02-26,2.5500822,2.6184123
42,2024,Sucre,2024-02-05,4,2024-03-04,1.8635215,2.6310866
42,2024,Sucre,2024-02-12,1,2024-02-19,2.9424024,2.5370028
42,2024,Sucre,2024-02-12,2,2024-02-26,2.5500822,2.4820538
42,2024,Sucre,2024-02-12,3,2024-03-04,1.8635215,2.5038276
42,2024,Sucre,2024-02-12,4,2024-03-11,2.255842,2.5594656
42,2024,Sucre,2024-02-19,1,2024-02-26,2.5500822,2.304612
42,2024,Sucre,2024-02-19,2,2024-03-04,1.8635215,2.2157574
42,2024,Sucre,2024-02-19,3,2024-03-11,2.255842,2.2661343
42,2024,Sucre,2024-02-19,4,2024-03-18,2.1577618,2.3342805
42,2024,Sucre,2024-02-26,1,2024-03-04,1.8635215,2.5317318
42,2024,Sucre,2024-02-26,2,2024-03-11,2.255842,2.430993
42,2024,Sucre,2024-02-26,3,2024-03-18,2.1577618,2.4675357
42,2024,Sucre,2024-02-26,4,2024-03-25,0.98080087,2.5515926
42,2024,Sucre,2024-03-04,1,2024-03-11,2.255842,2.3975754
42,2024,Sucre,2024-03-04,2,2024-03-18,2.1577618,2.271245
42,2024,Sucre,2024-03-04,3,2024-03-25,0.98080087,2.3451688
42,2024,Sucre,2024-03-04,4,2024-04-01,1.6673615,2.384908
42,2024,Sucre,2024-03-11,1,2024-03-18,2.1577618,1.9333974
42,2024,Sucre,2024-03-11,2,2024-03-25,0.98080087,1.8024418
42,2024,Sucre,2024-03-11,3,2024-04-01,1.6673615,1.8841227
42,2024,Sucre,2024-03-11,4,2024-04-08,1.3731211,1.9069937
42,2024,Sucre,2024-03-18,1,2024-03-25,0.98080087,1.8745254
42,2024,Sucre,2024-03-18,2,2024-04-01,1.6673615,1.7332927
42,2024,Sucre,2024-03-18,3,2024-04-08,1.3731211,1.8142318
42,2024,Sucre,2024-03-18,4,2024-04-15,0.98080087,1.8561089
42,2024,Sucre,2024-03-25,1,2024-04-01,1.6673615,2.0166156
42,2024,Sucre,2024-03-25,2,2024-04-08,1.3731211,1.9081941
42,2024,Sucre,2024-03-25,3,2024-04-15,0.98080087,2.0133815
42,2024,Sucre,2024-03-25,4,2024-04-22,0.5884805,2.1082282
42,2024,Sucre,2024-04-01,1,2024-04-08,1.3731211,1.6559212
42,2024,Sucre,2024-04-01,2,2024-04-15,0.98080087,1.5600235
42,2024,Sucre,2024-04-01,3,2024-04-22,0.5884805,1.6391644
42,2024,Sucre,2024-04-01,4,2024-04-29,1.2750411,1.7380595
42,2024,Sucre,2024-04-08,1,2024-04-15,0.98080087,1.8588933
42,2024,Sucre,2024-04-08,2,2024-04-22,0.5884805,1.8290162
42,2024,Sucre,2024-04-08,3,2024-04-29,1.2750411,1.9113451
42,2024,Sucre,2024-04-08,4,2024-05-06,0.78464067,2.0771508
42,2024,Sucre,2024-04-15,1,2024-04-22,0.5884805,1.7376986
42,2024,Sucre,2024-04-15,2,2024-04-29,1.2750411,1.6970391
42,2024,Sucre,2024-04-15,3,2024-05-06,0.78464067,1.7783732
42,2024,Sucre,2024-04-15,4,2024-05-13,1.0788809,1.8844223
42,2024,Sucre,2024-04-22,1,2024-04-29,1.2750411,1.4218429
42,2024,Sucre,2024-04-22,2,2024-05-06,0.78464067,1.407322
42,2024,Sucre,2024-04-22,3,2024-05-13,1.0788809,1.4706919
42,2024,Sucre,2024-04-22,4,2024-05-20,3.4328027,1.5813283
42,2024,Sucre,2024-04-29,1,2024-05-06,0.78464067,1.2612275
42,2024,Sucre,2024-04-29,2,2024-05-13,1.0788809,1.2627752
42,2024,Sucre,2024-04-29,3,2024-05-20,3.4328027,1.3118776
42,2024,Sucre,2024-04-29,4,2024-05-27,1.9616016,1.4348788
42,2024,Sucre,2024-05-06,1,2024-05-13,1.0788809,1.2762921
42,2024,Sucre,2024-05-06,2,2024-05-20,3.4328027,1.2756999
42,2024,Sucre,2024-05-06,3,2024-05-27,1.9616016,1.3297586
42,2024,Sucre,2024-05-06,4,2024-06-03,3.1385627,1.4805036
42,2024,Sucre,2024-05-13,1,2024-05-20,3.4328027,1.3866687
42,2024,Sucre,2024-05-13,2,2024-05-27,1.9616016,1.4503257
42,2024,Sucre,2024-05-13,3,2024-06-03,3.1385627,1.4989909
42,2024,Sucre,2024-05-13,4,2024-06-10,4.511684,1.6353896
42,2024,Sucre,2024-05-20,1,2024-05-27,1.9616016,1.3930647
42,2024,Sucre,2024-05-20,2,2024-06-03,3.1385627,1.5112333
42,2024,Sucre,2024-05-20,3,2024-06-10,4.511684,1.547482
42,2024,Sucre,2024-05-20,4,2024-06-17,3.2366426,1.6560117
42,2024,Sucre,2024-05-27,1,2024-06-03,3.1385627,2.2105305
42,2024,Sucre,2024-05-27,2,2024-06-10,4.511684,2.506444
42,2024,Sucre,2024-05-27,3,2024-06-17,3.2366426,2.591196
42,2024,Sucre,2024-05-27,4,2024-06-24,6.277125,2.704044
42,2024,Sucre,2024-06-03,1,2024-06-10,4.511684,2.414842
42,2024,Sucre,2024-06-03,2,2024-06-17,3.2366426,2.6837416
42,2024,Sucre,2024-06-03,3,2024-06-24,6.277125,2.8025699
42,2024,Sucre,2024-06-03,4,2024-07-01,5.4924846,2.8644745
42,2024,Sucre,2024-06-10,1,2024-06-17,3.2366426,2.9923174
42,2024,Sucre,2024-06-10,2,2024-06-24,6.277125,3.2131436
42,2024,Sucre,2024-06-10,3,2024-07-01,5.4924846,3.2073646
42,2024,Sucre,2024-06-10,4,2024-07-08,7.650246,3.3749504
42,2024,Sucre,2024-06-17,1,2024-06-24,6.277125,3.907273
42,2024,Sucre,2024-06-17,2,2024-07-01,5.4924846,4.0599675
42,2024,Sucre,2024-06-17,3,2024-07-08,7.650246,4.0698986
42,2024,Sucre,2024-06-17,4,2024-07-15,6.7675247,4.317337
42,2024,Sucre,2024-06-24,1,2024-07-01,5.4924846,3.9161167
42,2024,Sucre,2024-06-24,2,2024-07-08,7.650246,3.9603577
42,2024,Sucre,2024-06-24,3,2024-07-15,6.7675247,3.931675
42,2024,Sucre,2024-06-24,4,2024-07-22,13.436972,4.0807514
42,2024,Sucre,2024-07-01,1,2024-07-08,7.650246,5.270643
42,2024,Sucre,2024-07-01,2,2024-07-15,6.7675247,5.2407804
42,2024,Sucre,2024-07-01,3,2024-07-22,13.436972,5.1908894
42,2024,Sucre,2024-07-01,4,2024-07-29,10.592649,5.415817
42,2024,Sucre,2024-07-08,1,2024-07-15,6.7675247,5.1251054
42,2024,Sucre,2024-07-08,2,2024-07-22,13.436972,5.0789146
42,2024,Sucre,2024-07-08,3,2024-07-29,10.592649,4.9364147
42,2024,Sucre,2024-07-08,4,2024-08-05,10.8868885,4.9017377
42,2024,Sucre,2024-07-15,1,2024-07-22,13.436972,6.1242447
42,2024,Sucre,2024-07-15,2,2024-07-29,10.592649,5.9130726
42,2024,Sucre,2024-07-15,3,2024-08-05,10.8868885,5.7605805
42,2024,Sucre,2024-07-15,4,2024-08-12,8.140647,5.6752515
42,2024,Sucre,2024-07-22,1,2024-07-29,10.592649,6.158886
42,2024,Sucre,2024-07-22,2,2024-08-05,10.8868885,5.9948487
42,2024,Sucre,2024-07-22,3,2024-08-12,8.140647,5.8200307
42,2024,Sucre,2024-07-22,4,2024-08-19,12.161931,5.7130218
42,2024,Sucre,2024-07-29,1,2024-08-05,10.8868885,9.670385
42,2024,Sucre,2024-07-29,2,2024-08-12,8.140647,9.35326
42,2024,Sucre,2024-07-29,3,2024-08-19,12.161931,9.077245
42,2024,Sucre,2024-07-29,4,2024-08-26,13.53505,9.083428
42,2024,Sucre,2024-08-05,1,2024-08-12,8.140647,9.240725
42,2024,Sucre,2024-08-05,2,2024-08-19,12.161931,9.131499
42,2024,Sucre,2024-08-05,3,2024-08-26,13.53505,8.873339
42,2024,Sucre,2024-08-05,4,2024-09-02,11.08305,8.646829
42,2024,Sucre,2024-08-12,1,2024-08-19,12.161931,9.428647
42,2024,Sucre,2024-08-12,2,2024-08-26,13.53505,9.097713
42,2024,Sucre,2024-08-12,3,2024-09-02,11.08305,8.683934
42,2024,Sucre,2024-08-12,4,2024-09-09,15.202411,8.420703
42,2024,Sucre,2024-08-19,1,2024-08-26,13.53505,7.9037466
42,2024,Sucre,2024-08-19,2,2024-09-02,11.08305,7.500772
42,2024,Sucre,2024-08-19,3,2024-09-09,15.202411,7.1993484
42,2024,Sucre,2024-08-19,4,2024-09-16,11.867689,6.9249926
42,2024,Sucre,2024-08-26,1,2024-09-02,11.08305,9.568867
42,2024,Sucre,2024-08-26,2,2024-09-09,15.202411,9.082447
42,2024,Sucre,2024-08-26,3,2024-09-16,11.867689,8.626463
42,2024,Sucre,2024-08-26,4,2024-09-23,15.496654,8.383109
42,2024,Sucre,2024-09-02,1,2024-09-09,15.202411,11.193667
42,2024,Sucre,2024-09-02,2,2024-09-16,11.867689,10.93905
42,2024,Sucre,2024-09-02,3,2024-09-23,15.496654,10.557764
42,2024,Sucre,2024-09-02,4,2024-09-30,13.731214,10.446331
42,2024,Sucre,2024-09-09,1,2024-09-16,11.867689,10.613379
42,2024,Sucre,2024-09-09,2,2024-09-23,15.496654,10.410656
42,2024,Sucre,2024-09-09,3,2024-09-30,13.731214,10.198014
42,2024,Sucre,2024-09-09,4,2024-10-07,12.260011,10.057103
42,2024,Sucre,2024-09-16,1,2024-09-23,15.496654,12.884797
42,2024,Sucre,2024-09-16,2,2024-09-30,13.731214,12.334517
42,2024,Sucre,2024-09-16,3,2024-10-07,12.260011,11.921335
42,2024,Sucre,2024-09-16,4,2024-10-14,16.281294,11.787143
42,2024,Sucre,2024-09-23,1,2024-09-30,13.731214,11.555745
42,2024,Sucre,2024-09-23,2,2024-10-07,12.260011,11.110845
42,2024,Sucre,2024-09-23,3,2024-10-14,16.281294,10.91493
42,2024,Sucre,2024-09-23,4,2024-10-21,14.613934,10.552182
42,2024,Sucre,2024-09-30,1,2024-10-07,12.260011,13.581913
42,2024,Sucre,2024-09-30,2,2024-10-14,16.281294,13.115871
42,2024,Sucre,2024-09-30,3,2024-10-21,14.613934,12.7463665
42,2024,Sucre,2024-09-30,4,2024-10-28,13.14273,12.471221
42,2024,Sucre,2024-10-07,1,2024-10-14,16.281294,13.136011
42,2024,Sucre,2024-10-07,2,2024-10-21,14.613934,12.786238
42,2024,Sucre,2024-10-07,3,2024-10-28,13.14273,12.3602705
42,2024,Sucre,2024-10-07,4,2024-11-04,14.319693,12.120102
42,2024,Sucre,2024-10-14,1,2024-10-21,14.613934,12.528571
42,2024,Sucre,2024-10-14,2,2024-10-28,13.14273,11.752995
42,2024,Sucre,2024-10-14,3,2024-11-04,14.319693,11.503515
42,2024,Sucre,2024-10-14,4,2024-11-11,15.398572,11.352672
42,2024,Sucre,2024-10-21,1,2024-10-28,13.14273,14.846796
42,2024,Sucre,2024-10-21,2,2024-11-04,14.319693,14.091585
42,2024,Sucre,2024-10-21,3,2024-11-11,15.398572,13.51771
42,2024,Sucre,2024-10-21,4,2024-11-18,14.221613,13.238884
42,2024,Sucre,2024-10-28,1,2024-11-04,14.319693,15.03081
42,2024,Sucre,2024-10-28,2,2024-11-11,15.398572,14.471193
42,2024,Sucre,2024-10-28,3,2024-11-18,14.221613,13.928271
42,2024,Sucre,2024-10-28,4,2024-11-25,12.161931,13.704947
42,2024,Sucre,2024-11-04,1,2024-11-11,15.398572,13.685667
42,2024,Sucre,2024-11-04,2,2024-11-18,14.221613,13.053817
42,2024,Sucre,2024-11-04,3,2024-11-25,12.161931,12.5820055
42,2024,Sucre,2024-11-04,4,2024-12-02,14.613934,12.328906
42,2024,Sucre,2024-11-11,1,2024-11-18,14.221613,14.226894
42,2024,Sucre,2024-11-11,2,2024-11-25,12.161931,13.620815
42,2024,Sucre,2024-11-11,3,2024-12-02,14.613934,12.927321
42,2024,Sucre,2024-11-11,4,2024-12-09,12.260011,12.664597
42,2024,Sucre,2024-11-18,1,2024-11-25,12.161931,14.766661
42,2024,Sucre,2024-11-18,2,2024-12-02,14.613934,14.161109
42,2024,Sucre,2024-11-18,3,2024-12-09,12.260011,13.313064
42,2024,Sucre,2024-11-18,4,2024-12-16,12.65233,13.162074
42,2024,Tolima,2024-01-22,1,2024-01-29,26.585651,23.241043
42,2024,Tolima,2024-01-22,2,2024-02-05,27.454937,21.879976
42,2024,Tolima,2024-01-22,3,2024-02-12,29.265947,21.025976
42,2024,Tolima,2024-01-22,4,2024-02-19,30.859638,20.355358
42,2024,Tolima,2024-01-29,1,2024-02-05,27.454937,25.736568
42,2024,Tolima,2024-01-29,2,2024-02-12,29.265947,23.642735
42,2024,Tolima,2024-01-29,3,2024-02-19,30.859638,23.00458
42,2024,Tolima,2024-01-29,4,2024-02-26,26.80297,22.513004
42,2024,Tolima,2024-02-05,1,2024-02-12,29.265947,25.352228
42,2024,Tolima,2024-02-05,2,2024-02-19,30.859638,23.88317
42,2024,Tolima,2024-02-05,3,2024-02-26,26.80297,22.84263
42,2024,Tolima,2024-02-05,4,2024-03-04,26.078568,21.802544
42,2024,Tolima,2024-02-12,1,2024-02-19,30.859638,23.835743
42,2024,Tolima,2024-02-12,2,2024-02-26,26.80297,21.78674
42,2024,Tolima,2024-02-12,3,2024-03-04,26.078568,20.695871
42,2024,Tolima,2024-02-12,4,2024-03-11,35.93047,20.212667
42,2024,Tolima,2024-02-19,1,2024-02-26,26.80297,25.562735
42,2024,Tolima,2024-02-19,2,2024-03-04,26.078568,23.786703
42,2024,Tolima,2024-02-19,3,2024-03-11,35.93047,22.57515
42,2024,Tolima,2024-02-19,4,2024-03-18,33.68482,22.147327
42,2024,Tolima,2024-02-26,1,2024-03-04,26.078568,29.627386
42,2024,Tolima,2024-02-26,2,2024-03-11,35.93047,27.602848
42,2024,Tolima,2024-02-26,3,2024-03-18,33.68482,26.629522
42,2024,Tolima,2024-02-26,4,2024-03-25,26.87541,25.989298
42,2024,Tolima,2024-03-04,1,2024-03-11,35.93047,24.193539
42,2024,Tolima,2024-03-04,2,2024-03-18,33.68482,22.306658
42,2024,Tolima,2024-03-04,3,2024-03-25,26.87541,21.108112
42,2024,Tolima,2024-03-04,4,2024-04-01,36.944637,20.467558
42,2024,Tolima,2024-03-11,1,2024-03-18,33.68482,23.395365
42,2024,Tolima,2024-03-11,2,2024-03-25,26.87541,21.12008
42,2024,Tolima,2024-03-11,3,2024-04-01,36.944637,19.739317
42,2024,Tolima,2024-03-11,4,2024-04-08,30.13523,19.111197
42,2024,Tolima,2024-03-18,1,2024-03-25,26.87541,27.688417
42,2024,Tolima,2024-03-18,2,2024-04-01,36.944637,25.329218
42,2024,Tolima,2024-03-18,3,2024-04-08,30.13523,23.968294
42,2024,Tolima,2024-03-18,4,2024-04-15,33.105293,22.77246
42,2024,Tolima,2024-03-25,1,2024-04-01,36.944637,30.312658
42,2024,Tolima,2024-03-25,2,2024-04-08,30.13523,27.634796
42,2024,Tolima,2024-03-25,3,2024-04-15,33.105293,26.277975
42,2024,Tolima,2024-03-25,4,2024-04-22,33.467495,25.824884
42,2024,Tolima,2024-04-01,1,2024-04-08,30.13523,27.184235
42,2024,Tolima,2024-04-01,2,2024-04-15,33.105293,24.368309
42,2024,Tolima,2024-04-01,3,2024-04-22,33.467495,22.930117
42,2024,Tolima,2024-04-01,4,2024-04-29,29.555712,22.801662
42,2024,Tolima,2024-04-08,1,2024-04-15,33.105293,28.966682
42,2024,Tolima,2024-04-08,2,2024-04-22,33.467495,26.32475
42,2024,Tolima,2024-04-08,3,2024-04-29,29.555712,24.75077
42,2024,Tolima,2024-04-08,4,2024-05-06,31.07696,24.219645
42,2024,Tolima,2024-04-15,1,2024-04-22,33.467495,26.939571
42,2024,Tolima,2024-04-15,2,2024-04-29,29.555712,25.192518
42,2024,Tolima,2024-04-15,3,2024-05-06,31.07696,23.034626
42,2024,Tolima,2024-04-15,4,2024-05-13,29.410828,22.96579
42,2024,Tolima,2024-04-22,1,2024-04-29,29.555712,30.277664
42,2024,Tolima,2024-04-22,2,2024-05-06,31.07696,28.065008
42,2024,Tolima,2024-04-22,3,2024-05-13,29.410828,26.110596
42,2024,Tolima,2024-04-22,4,2024-05-20,35.206066,25.574753
42,2024,Tolima,2024-04-29,1,2024-05-06,31.07696,29.914742
42,2024,Tolima,2024-04-29,2,2024-05-13,29.410828,27.127369
42,2024,Tolima,2024-04-29,3,2024-05-20,35.206066,24.871899
42,2024,Tolima,2024-04-29,4,2024-05-27,34.554096,24.693853
42,2024,Tolima,2024-05-06,1,2024-05-13,29.410828,28.494469
42,2024,Tolima,2024-05-06,2,2024-05-20,35.206066,26.155645
42,2024,Tolima,2024-05-06,3,2024-05-27,34.554096,23.724659
42,2024,Tolima,2024-05-06,4,2024-06-03,34.9163,23.488125
42,2024,Tolima,2024-05-13,1,2024-05-20,35.206066,30.260965
42,2024,Tolima,2024-05-13,2,2024-05-27,34.554096,27.311125
42,2024,Tolima,2024-05-13,3,2024-06-03,34.9163,24.847397
42,2024,Tolima,2024-05-13,4,2024-06-10,30.28011,24.898905
42,2024,Tolima,2024-05-20,1,2024-05-27,34.554096,28.358389
42,2024,Tolima,2024-05-20,2,2024-06-03,34.9163,26.021048
42,2024,Tolima,2024-05-20,3,2024-06-10,30.28011,23.527782
42,2024,Tolima,2024-05-20,4,2024-06-17,29.700588,23.468353
42,2024,Tolima,2024-05-27,1,2024-06-03,34.9163,32.25146
42,2024,Tolima,2024-05-27,2,2024-06-10,30.28011,30.349903
42,2024,Tolima,2024-05-27,3,2024-06-17,29.700588,27.517338
42,2024,Tolima,2024-05-27,4,2024-06-24,23.97779,27.748816
42,2024,Tolima,2024-06-03,1,2024-06-10,30.28011,33.015316
42,2024,Tolima,2024-06-03,2,2024-06-17,29.700588,30.327488
42,2024,Tolima,2024-06-03,3,2024-06-24,23.97779,27.382505
42,2024,Tolima,2024-06-03,4,2024-07-01,26.87541,27.756918
42,2024,Tolima,2024-06-10,1,2024-06-17,29.700588,32.46288
42,2024,Tolima,2024-06-10,2,2024-06-24,23.97779,29.343842
42,2024,Tolima,2024-06-10,3,2024-07-01,26.87541,26.205778
42,2024,Tolima,2024-06-10,4,2024-07-08,23.90535,26.24282
42,2024,Tolima,2024-06-17,1,2024-06-24,23.97779,30.782928
42,2024,Tolima,2024-06-17,2,2024-07-01,26.87541,27.418068
42,2024,Tolima,2024-06-17,3,2024-07-08,23.90535,24.126701
42,2024,Tolima,2024-06-17,4,2024-07-15,22.166784,23.713043
42,2024,Tolima,2024-06-24,1,2024-07-01,26.87541,29.17907
42,2024,Tolima,2024-06-24,2,2024-07-08,23.90535,26.09342
42,2024,Tolima,2024-06-24,3,2024-07-15,22.166784,22.800789
42,2024,Tolima,2024-06-24,4,2024-07-22,17.892794,23.080978
42,2024,Tolima,2024-07-01,1,2024-07-08,23.90535,26.024313
42,2024,Tolima,2024-07-01,2,2024-07-15,22.166784,23.353344
42,2024,Tolima,2024-07-01,3,2024-07-22,17.892794,20.179678
42,2024,Tolima,2024-07-01,4,2024-07-29,17.31327,20.42707
42,2024,Tolima,2024-07-08,1,2024-07-15,22.166784,25.656013
42,2024,Tolima,2024-07-08,2,2024-07-22,17.892794,21.92636
42,2024,Tolima,2024-07-08,3,2024-07-29,17.31327,18.953482
42,2024,Tolima,2024-07-08,4,2024-08-05,14.34321,18.86828
42,2024,Tolima,2024-07-15,1,2024-07-22,17.892794,23.227343
42,2024,Tolima,2024-07-15,2,2024-07-29,17.31327,20.035666
42,2024,Tolima,2024-07-15,3,2024-08-05,14.34321,17.108805
42,2024,Tolima,2024-07-15,4,2024-08-12,17.24083,16.830193
42,2024,Tolima,2024-07-22,1,2024-07-29,17.31327,21.930754
42,2024,Tolima,2024-07-22,2,2024-08-05,14.34321,18.509663
42,2024,Tolima,2024-07-22,3,2024-08-12,17.24083,16.078707
42,2024,Tolima,2024-07-22,4,2024-08-19,13.836129,15.507076
42,2024,Tolima,2024-07-29,1,2024-08-05,14.34321,18.945843
42,2024,Tolima,2024-07-29,2,2024-08-12,17.24083,16.23232
42,2024,Tolima,2024-07-29,3,2024-08-19,13.836129,13.962476
42,2024,Tolima,2024-07-29,4,2024-08-26,14.34321,13.612651
42,2024,Tolima,2024-08-05,1,2024-08-12,17.24083,16.833029
42,2024,Tolima,2024-08-05,2,2024-08-19,13.836129,14.6893835
42,2024,Tolima,2024-08-05,3,2024-08-26,14.34321,12.608935
42,2024,Tolima,2024-08-05,4,2024-09-02,11.373152,12.495688
42,2024,Tolima,2024-08-12,1,2024-08-19,13.836129,14.278533
42,2024,Tolima,2024-08-12,2,2024-08-26,14.34321,12.588882
42,2024,Tolima,2024-08-12,3,2024-09-02,11.373152,10.835838
42,2024,Tolima,2024-08-12,4,2024-09-09,12.169999,10.745744
42,2024,Tolima,2024-08-19,1,2024-08-26,14.34321,12.945244
42,2024,Tolima,2024-08-19,2,2024-09-02,11.373152,12.013734
42,2024,Tolima,2024-08-19,3,2024-09-09,12.169999,9.93806
42,2024,Tolima,2024-08-19,4,2024-09-16,10.069223,10.16669
42,2024,Tolima,2024-08-26,1,2024-09-02,11.373152,12.576172
42,2024,Tolima,2024-08-26,2,2024-09-09,12.169999,11.951031
42,2024,Tolima,2024-08-26,3,2024-09-16,10.069223,10.098591
42,2024,Tolima,2024-08-26,4,2024-09-23,10.866068,10.317369
42,2024,Tolima,2024-09-02,1,2024-09-09,12.169999,11.762236
42,2024,Tolima,2024-09-02,2,2024-09-16,10.069223,10.852942
42,2024,Tolima,2024-09-02,3,2024-09-23,10.866068,9.317973
42,2024,Tolima,2024-09-02,4,2024-09-30,8.692855,9.3647995
42,2024,Tolima,2024-09-09,1,2024-09-16,10.069223,10.132503
42,2024,Tolima,2024-09-09,2,2024-09-23,10.866068,9.60441
42,2024,Tolima,2024-09-09,3,2024-09-30,8.692855,8.153802
42,2024,Tolima,2024-09-09,4,2024-10-07,7.388927,8.2217455
42,2024,Tolima,2024-09-16,1,2024-09-23,10.866068,10.253196
42,2024,Tolima,2024-09-16,2,2024-09-30,8.692855,9.569292
42,2024,Tolima,2024-09-16,3,2024-10-07,7.388927,8.456569
42,2024,Tolima,2024-09-16,4,2024-10-14,8.040891,8.535608
42,2024,Tolima,2024-09-23,1,2024-09-30,8.692855,9.082039
42,2024,Tolima,2024-09-23,2,2024-10-07,7.388927,8.73564
42,2024,Tolima,2024-09-23,3,2024-10-14,8.040891,7.662249
42,2024,Tolima,2024-09-23,4,2024-10-21,8.765295,7.932664
42,2024,Tolima,2024-09-30,1,2024-10-07,7.388927,9.08476
42,2024,Tolima,2024-09-30,2,2024-10-14,8.040891,8.986375
42,2024,Tolima,2024-09-30,3,2024-10-21,8.765295,7.9902143
42,2024,Tolima,2024-09-30,4,2024-10-28,7.4613686,8.523601
42,2024,Tolima,2024-10-07,1,2024-10-14,8.040891,7.1214013
42,2024,Tolima,2024-10-07,2,2024-10-21,8.765295,7.1668253
42,2024,Tolima,2024-10-07,3,2024-10-28,7.4613686,6.617191
42,2024,Tolima,2024-10-07,4,2024-11-04,6.30232,6.7029514
42,2024,Tolima,2024-10-14,1,2024-10-21,8.765295,5.6029363
42,2024,Tolima,2024-10-14,2,2024-10-28,7.4613686,5.3122587
42,2024,Tolima,2024-10-14,3,2024-11-04,6.30232,5.4493
42,2024,Tolima,2024-10-14,4,2024-11-11,8.040891,4.799394
42,2024,Tolima,2024-10-21,1,2024-10-28,7.4613686,5.3744736
42,2024,Tolima,2024-10-21,2,2024-11-04,6.30232,4.959753
42,2024,Tolima,2024-10-21,3,2024-11-11,8.040891,5.478948
42,2024,Tolima,2024-10-21,4,2024-11-18,6.2298794,4.5400286
42,2024,Tolima,2024-10-28,1,2024-11-04,6.30232,5.358117
42,2024,Tolima,2024-10-28,2,2024-11-11,8.040891,4.9897842
42,2024,Tolima,2024-10-28,3,2024-11-18,6.2298794,5.693953
42,2024,Tolima,2024-10-28,4,2024-11-25,6.012558,4.7877336
42,2024,Tolima,2024-11-04,1,2024-11-11,8.040891,5.2363353
42,2024,Tolima,2024-11-04,2,2024-11-18,6.2298794,5.0809474
42,2024,Tolima,2024-11-04,3,2024-11-25,6.012558,5.6892834
42,2024,Tolima,2024-11-04,4,2024-12-02,6.519642,4.9065647
42,2024,Tolima,2024-11-11,1,2024-11-18,6.2298794,5.1073647
42,2024,Tolima,2024-11-11,2,2024-11-25,6.012558,5.064452
42,2024,Tolima,2024-11-11,3,2024-12-02,6.519642,5.632053
42,2024,Tolima,2024-11-11,4,2024-12-09,7.026725,4.945379
42,2024,Tolima,2024-11-18,1,2024-11-25,6.012558,5.367677
42,2024,Tolima,2024-11-18,2,2024-12-02,6.519642,5.1375594
42,2024,Tolima,2024-11-18,3,2024-12-09,7.026725,5.6254606
42,2024,Tolima,2024-11-18,4,2024-12-16,5.5054755,4.9194875
42,2024,Valle Del Cauca,2024-01-22,1,2024-01-29,33.68537,23.463873
42,2024,Valle Del Cauca,2024-01-22,2,2024-02-05,34.1115,23.366928
42,2024,Valle Del Cauca,2024-01-22,3,2024-02-12,39.949444,21.815964
42,2024,Valle Del Cauca,2024-01-22,4,2024-02-19,38.47931,20.27306
42,2024,Valle Del Cauca,2024-01-29,1,2024-02-05,34.1115,26.804554
42,2024,Valle Del Cauca,2024-01-29,2,2024-02-12,39.949444,26.811079
42,2024,Valle Del Cauca,2024-01-29,3,2024-02-19,38.47931,25.282593
42,2024,Valle Del Cauca,2024-01-29,4,2024-02-26,39.075882,23.60946
42,2024,Valle Del Cauca,2024-02-05,1,2024-02-12,39.949444,33.589405
42,2024,Valle Del Cauca,2024-02-05,2,2024-02-19,38.47931,33.946774
42,2024,Valle Del Cauca,2024-02-05,3,2024-02-26,39.075882,32.66849
42,2024,Valle Del Cauca,2024-02-05,4,2024-03-04,39.885525,30.148832
42,2024,Valle Del Cauca,2024-02-12,1,2024-02-19,38.47931,36.45537
42,2024,Valle Del Cauca,2024-02-12,2,2024-02-26,39.075882,36.634228
42,2024,Valle Del Cauca,2024-02-12,3,2024-03-04,39.885525,35.50395
42,2024,Valle Del Cauca,2024-02-12,4,2024-03-11,44.168106,32.657715
42,2024,Valle Del Cauca,2024-02-19,1,2024-02-26,39.075882,40.571182
42,2024,Valle Del Cauca,2024-02-19,2,2024-03-04,39.885525,40.946396
42,2024,Valle Del Cauca,2024-02-19,3,2024-03-11,44.168106,40.057564
42,2024,Valle Del Cauca,2024-02-19,4,2024-03-18,44.764687,36.240543
42,2024,Valle Del Cauca,2024-02-26,1,2024-03-04,39.885525,41.62754
42,2024,Valle Del Cauca,2024-02-26,2,2024-03-11,44.168106,41.676994
42,2024,Valle Del Cauca,2024-02-26,3,2024-03-18,44.764687,41.18854
42,2024,Valle Del Cauca,2024-02-26,4,2024-03-25,35.75209,36.63537
42,2024,Valle Del Cauca,2024-03-04,1,2024-03-11,44.168106,40.20873
42,2024,Valle Del Cauca,2024-03-04,2,2024-03-18,44.764687,39.72705
42,2024,Valle Del Cauca,2024-03-04,3,2024-03-25,35.75209,39.289387
42,2024,Valle Del Cauca,2024-03-04,4,2024-04-01,46.29874,34.58511
42,2024,Valle Del Cauca,2024-03-11,1,2024-03-18,44.764687,39.24318
42,2024,Valle Del Cauca,2024-03-11,2,2024-03-25,35.75209,39.01436
42,2024,Valle Del Cauca,2024-03-11,3,2024-04-01,46.29874,37.63643
42,2024,Valle Del Cauca,2024-03-11,4,2024-04-08,41.590034,33.408024
42,2024,Valle Del Cauca,2024-03-18,1,2024-03-25,35.75209,42.536964
42,2024,Valle Del Cauca,2024-03-18,2,2024-04-01,46.29874,42.61189
42,2024,Valle Del Cauca,2024-03-18,3,2024-04-08,41.590034,41.217045
42,2024,Valle Del Cauca,2024-03-18,4,2024-04-15,48.663754,36.768257
42,2024,Valle Del Cauca,2024-03-25,1,2024-04-01,46.29874,42.456512
42,2024,Valle Del Cauca,2024-03-25,2,2024-04-08,41.590034,42.349907
42,2024,Valle Del Cauca,2024-03-25,3,2024-04-15,48.663754,40.567158
42,2024,Valle Del Cauca,2024-03-25,4,2024-04-22,43.656754,36.8128
42,2024,Valle Del Cauca,2024-04-01,1,2024-04-08,41.590034,34.699287
42,2024,Valle Del Cauca,2024-04-01,2,2024-04-15,48.663754,32.808514
42,2024,Valle Del Cauca,2024-04-01,3,2024-04-22,43.656754,30.767246
42,2024,Valle Del Cauca,2024-04-01,4,2024-04-29,38.415382,28.763922
42,2024,Valle Del Cauca,2024-04-08,1,2024-04-15,48.663754,37.31187
42,2024,Valle Del Cauca,2024-04-08,2,2024-04-22,43.656754,37.272854
42,2024,Valle Del Cauca,2024-04-08,3,2024-04-29,38.415382,34.555122
42,2024,Valle Del Cauca,2024-04-08,4,2024-05-06,41.82441,31.19452
42,2024,Valle Del Cauca,2024-04-15,1,2024-04-22,43.656754,34.924183
42,2024,Valle Del Cauca,2024-04-15,2,2024-04-29,38.415382,34.42894
42,2024,Valle Del Cauca,2024-04-15,3,2024-05-06,41.82441,31.039782
42,2024,Valle Del Cauca,2024-04-15,4,2024-05-13,35.176815,29.127329
42,2024,Valle Del Cauca,2024-04-22,1,2024-04-29,38.415382,37.15665
42,2024,Valle Del Cauca,2024-04-22,2,2024-05-06,41.82441,36.82667
42,2024,Valle Del Cauca,2024-04-22,3,2024-05-13,35.176815,33.662846
42,2024,Valle Del Cauca,2024-04-22,4,2024-05-20,37.563126,31.075537
42,2024,Valle Del Cauca,2024-04-29,1,2024-05-06,41.82441,36.529644
42,2024,Valle Del Cauca,2024-04-29,2,2024-05-13,35.176815,35.577686
42,2024,Valle Del Cauca,2024-04-29,3,2024-05-20,37.563126,31.959627
42,2024,Valle Del Cauca,2024-04-29,4,2024-05-27,40.247734,29.57699
42,2024,Valle Del Cauca,2024-05-06,1,2024-05-13,35.176815,32.802708
42,2024,Valle Del Cauca,2024-05-06,2,2024-05-20,37.563126,31.804525
42,2024,Valle Del Cauca,2024-05-06,3,2024-05-27,40.247734,27.8275
42,2024,Valle Del Cauca,2024-05-06,4,2024-06-03,33.68537,26.1224
42,2024,Valle Del Cauca,2024-05-13,1,2024-05-20,37.563126,32.327255
42,2024,Valle Del Cauca,2024-05-13,2,2024-05-27,40.247734,31.50781
42,2024,Valle Del Cauca,2024-05-13,3,2024-06-03,33.68537,27.41468
42,2024,Valle Del Cauca,2024-05-13,4,2024-06-10,36.092995,25.552427
42,2024,Valle Del Cauca,2024-05-20,1,2024-05-27,40.247734,31.824139
42,2024,Valle Del Cauca,2024-05-20,2,2024-06-03,33.68537,30.788763
42,2024,Valle Del Cauca,2024-05-20,3,2024-06-10,36.092995,26.821941
42,2024,Valle Del Cauca,2024-05-20,4,2024-06-17,37.54182,25.332657
42,2024,Valle Del Cauca,2024-05-27,1,2024-06-03,33.68537,30.3047
42,2024,Valle Del Cauca,2024-05-27,2,2024-06-10,36.092995,29.104553
42,2024,Valle Del Cauca,2024-05-27,3,2024-06-17,37.54182,24.995615
42,2024,Valle Del Cauca,2024-05-27,4,2024-06-24,33.067486,23.766129
42,2024,Valle Del Cauca,2024-06-03,1,2024-06-10,36.092995,32.5073
42,2024,Valle Del Cauca,2024-06-03,2,2024-06-17,37.54182,31.478844
42,2024,Valle Del Cauca,2024-06-03,3,2024-06-24,33.067486,27.02359
42,2024,Valle Del Cauca,2024-06-03,4,2024-07-01,25.034983,25.710846
42,2024,Valle Del Cauca,2024-06-10,1,2024-06-17,37.54182,32.098377
42,2024,Valle Del Cauca,2024-06-10,2,2024-06-24,33.067486,31.48954
42,2024,Valle Del Cauca,2024-06-10,3,2024-07-01,25.034983,26.786396
42,2024,Valle Del Cauca,2024-06-10,4,2024-07-08,29.019278,25.44488
42,2024,Valle Del Cauca,2024-06-17,1,2024-06-24,33.067486,31.709824
42,2024,Valle Del Cauca,2024-06-17,2,2024-07-01,25.034983,30.092924
42,2024,Valle Del Cauca,2024-06-17,3,2024-07-08,29.019278,25.94654
42,2024,Valle Del Cauca,2024-06-17,4,2024-07-15,25.354584,24.43505
42,2024,Valle Del Cauca,2024-06-24,1,2024-07-01,25.034983,32.744057
42,2024,Valle Del Cauca,2024-06-24,2,2024-07-08,29.019278,31.542751
42,2024,Valle Del Cauca,2024-06-24,3,2024-07-15,25.354584,26.959562
42,2024,Valle Del Cauca,2024-06-24,4,2024-07-22,29.040585,25.581913
42,2024,Valle Del Cauca,2024-07-01,1,2024-07-08,29.019278,33.55653
42,2024,Valle Del Cauca,2024-07-01,2,2024-07-15,25.354584,32.199272
42,2024,Valle Del Cauca,2024-07-01,3,2024-07-22,29.040585,27.410467
42,2024,Valle Del Cauca,2024-07-01,4,2024-07-29,25.226744,26.107996
42,2024,Valle Del Cauca,2024-07-08,1,2024-07-15,25.354584,28.892029
42,2024,Valle Del Cauca,2024-07-08,2,2024-07-22,29.040585,26.378016
42,2024,Valle Del Cauca,2024-07-08,3,2024-07-29,25.226744,22.656267
42,2024,Valle Del Cauca,2024-07-08,4,2024-08-05,20.24105,21.592432
42,2024,Valle Del Cauca,2024-07-15,1,2024-07-22,29.040585,27.53196
42,2024,Valle Del Cauca,2024-07-15,2,2024-07-29,25.226744,24.956339
42,2024,Valle Del Cauca,2024-07-15,3,2024-08-05,20.24105,20.997337
42,2024,Valle Del Cauca,2024-07-15,4,2024-08-12,16.7255,20.342293
42,2024,Valle Del Cauca,2024-07-22,1,2024-07-29,25.226744,26.804642
42,2024,Valle Del Cauca,2024-07-22,2,2024-08-05,20.24105,24.460653
42,2024,Valle Del Cauca,2024-07-22,3,2024-08-12,16.7255,20.647436
42,2024,Valle Del Cauca,2024-07-22,4,2024-08-19,12.826436,20.133963
42,2024,Valle Del Cauca,2024-07-29,1,2024-08-05,20.24105,26.687862
42,2024,Valle Del Cauca,2024-07-29,2,2024-08-12,16.7255,23.143715
42,2024,Valle Del Cauca,2024-07-29,3,2024-08-19,12.826436,19.894354
42,2024,Valle Del Cauca,2024-07-29,4,2024-08-26,13.849141,19.596672
42,2024,Valle Del Cauca,2024-08-05,1,2024-08-12,16.7255,27.15426
42,2024,Valle Del Cauca,2024-08-05,2,2024-08-19,12.826436,24.171022
42,2024,Valle Del Cauca,2024-08-05,3,2024-08-26,13.849141,20.847853
42,2024,Valle Del Cauca,2024-08-05,4,2024-09-02,11.548054,20.723148
42,2024,Valle Del Cauca,2024-08-12,1,2024-08-19,12.826436,24.28082
42,2024,Valle Del Cauca,2024-08-12,2,2024-08-26,13.849141,21.852282
42,2024,Valle Del Cauca,2024-08-12,3,2024-09-02,11.548054,19.108263
42,2024,Valle Del Cauca,2024-08-12,4,2024-09-09,11.228457,18.367647
42,2024,Valle Del Cauca,2024-08-19,1,2024-08-26,13.849141,19.602783
42,2024,Valle Del Cauca,2024-08-19,2,2024-09-02,11.548054,17.942804
42,2024,Valle Del Cauca,2024-08-19,3,2024-09-09,11.228457,15.052848
42,2024,Valle Del Cauca,2024-08-19,4,2024-09-16,10.077912,15.165805
42,2024,Valle Del Cauca,2024-08-26,1,2024-09-02,11.548054,14.750058
42,2024,Valle Del Cauca,2024-08-26,2,2024-09-09,11.228457,13.730595
42,2024,Valle Del Cauca,2024-08-26,3,2024-09-16,10.077912,11.468988
42,2024,Valle Del Cauca,2024-08-26,4,2024-09-23,7.883357,11.814351
42,2024,Valle Del Cauca,2024-09-02,1,2024-09-09,11.228457,12.605169
42,2024,Valle Del Cauca,2024-09-02,2,2024-09-16,10.077912,12.290396
42,2024,Valle Del Cauca,2024-09-02,3,2024-09-23,7.883357,10.060497
42,2024,Valle Del Cauca,2024-09-02,4,2024-09-30,8.09642,10.482798
42,2024,Valle Del Cauca,2024-09-09,1,2024-09-16,10.077912,11.471447
42,2024,Valle Del Cauca,2024-09-09,2,2024-09-23,7.883357,11.357208
42,2024,Valle Del Cauca,2024-09-09,3,2024-09-30,8.09642,9.541756
42,2024,Valle Del Cauca,2024-09-09,4,2024-10-07,7.3506985,9.797073
42,2024,Valle Del Cauca,2024-09-16,1,2024-09-23,7.883357,10.4332695
42,2024,Valle Del Cauca,2024-09-16,2,2024-09-30,8.09642,10.249504
42,2024,Valle Del Cauca,2024-09-16,3,2024-10-07,7.3506985,8.973302
42,2024,Valle Del Cauca,2024-09-16,4,2024-10-14,7.7342124,8.690845
42,2024,Valle Del Cauca,2024-09-23,1,2024-09-30,8.09642,9.21407
42,2024,Valle Del Cauca,2024-09-23,2,2024-10-07,7.3506985,9.099375
42,2024,Valle Del Cauca,2024-09-23,3,2024-10-14,7.7342124,8.052136
42,2024,Valle Del Cauca,2024-09-23,4,2024-10-21,6.5836678,7.798597
42,2024,Valle Del Cauca,2024-09-30,1,2024-10-07,7.3506985,8.421044
42,2024,Valle Del Cauca,2024-09-30,2,2024-10-14,7.7342124,8.402505
42,2024,Valle Del Cauca,2024-09-30,3,2024-10-21,6.5836678,7.6040244
42,2024,Valle Del Cauca,2024-09-30,4,2024-10-28,4.9856906,7.2769566
42,2024,Valle Del Cauca,2024-10-07,1,2024-10-14,7.7342124,6.840464
42,2024,Valle Del Cauca,2024-10-07,2,2024-10-21,6.5836678,6.6700835
42,2024,Valle Del Cauca,2024-10-07,3,2024-10-28,4.9856906,6.3042145
42,2024,Valle Del Cauca,2024-10-07,4,2024-11-04,5.0496097,5.7865453
42,2024,Valle Del Cauca,2024-10-14,1,2024-10-21,6.5836678,5.7508845
42,2024,Valle Del Cauca,2024-10-14,2,2024-10-28,4.9856906,5.247764
42,2024,Valle Del Cauca,2024-10-14,3,2024-11-04,5.0496097,5.45849
42,2024,Valle Del Cauca,2024-10-14,4,2024-11-11,5.51835,4.6079793
42,2024,Valle Del Cauca,2024-10-21,1,2024-10-28,4.9856906,5.430504
42,2024,Valle Del Cauca,2024-10-21,2,2024-11-04,5.0496097,5.0075674
42,2024,Valle Del Cauca,2024-10-21,3,2024-11-11,5.51835,5.32339
42,2024,Valle Del Cauca,2024-10-21,4,2024-11-18,4.367806,4.365996
42,2024,Valle Del Cauca,2024-10-28,1,2024-11-04,5.0496097,4.742588
42,2024,Valle Del Cauca,2024-10-28,2,2024-11-11,5.51835,4.3296566
42,2024,Valle Del Cauca,2024-10-28,3,2024-11-18,4.367806,4.6801496
42,2024,Valle Del Cauca,2024-10-28,4,2024-11-25,4.7939334,3.8276308
42,2024,Valle Del Cauca,2024-11-04,1,2024-11-11,5.51835,3.9568872
42,2024,Valle Del Cauca,2024-11-04,2,2024-11-18,4.367806,3.6888227
42,2024,Valle Del Cauca,2024-11-04,3,2024-11-25,4.7939334,3.9796758
42,2024,Valle Del Cauca,2024-11-04,4,2024-12-02,4.239968,3.2277746
42,2024,Valle Del Cauca,2024-11-11,1,2024-11-18,4.367806,3.596221
42,2024,Valle Del Cauca,2024-11-11,2,2024-11-25,4.7939334,3.2969892
42,2024,Valle Del Cauca,2024-11-11,3,2024-12-02,4.239968,3.5768147
42,2024,Valle Del Cauca,2024-11-11,4,2024-12-09,4.8578525,2.9083114
42,2024,Valle Del Cauca,2024-11-18,1,2024-11-25,4.7939334,3.6362457
42,2024,Valle Del Cauca,2024-11-18,2,2024-12-02,4.239968,3.3897986
42,2024,Valle Del Cauca,2024-11-18,3,2024-12-09,4.8578525,3.6666658
42,2024,Valle Del Cauca,2024-11-18,4,2024-12-16,4.7939334,3.0401635
42,2024,Vaupes,2024-01-22,1,2024-01-29,6.853227,13.1697035
42,2024,Vaupes,2024-01-22,2,2024-02-05,13.706452,13.320136
42,2024,Vaupes,2024-01-22,3,2024-02-12,27.412907,12.172458
42,2024,Vaupes,2024-01-22,4,2024-02-19,22.844091,11.714105
42,2024,Vaupes,2024-01-29,1,2024-02-05,13.706452,7.3053093
42,2024,Vaupes,2024-01-29,2,2024-02-12,27.412907,7.361417
42,2024,Vaupes,2024-01-29,3,2024-02-19,22.844091,6.9974217
42,2024,Vaupes,2024-01-29,4,2024-02-26,4.5688176,6.7891035
42,2024,Vaupes,2024-02-05,1,2024-02-12,27.412907,7.003073
42,2024,Vaupes,2024-02-05,2,2024-02-19,22.844091,6.9106836
42,2024,Vaupes,2024-02-05,3,2024-02-26,4.5688176,6.5816374
42,2024,Vaupes,2024-02-05,4,2024-03-04,29.697317,6.633708
42,2024,Vaupes,2024-02-12,1,2024-02-19,22.844091,8.229169
42,2024,Vaupes,2024-02-12,2,2024-02-26,4.5688176,8.111364
42,2024,Vaupes,2024-02-12,3,2024-03-04,29.697317,7.30502
42,2024,Vaupes,2024-02-12,4,2024-03-11,31.981724,7.6885715
42,2024,Vaupes,2024-02-19,1,2024-02-26,4.5688176,16.234898
42,2024,Vaupes,2024-02-19,2,2024-03-04,29.697317,16.178633
42,2024,Vaupes,2024-02-19,3,2024-03-11,31.981724,14.691524
42,2024,Vaupes,2024-02-19,4,2024-03-18,18.27527,15.9024105
42,2024,Vaupes,2024-02-26,1,2024-03-04,29.697317,17.561842
42,2024,Vaupes,2024-02-26,2,2024-03-11,31.981724,17.744513
42,2024,Vaupes,2024-02-26,3,2024-03-18,18.27527,16.764143
42,2024,Vaupes,2024-02-26,4,2024-03-25,13.706452,17.589851
42,2024,Vaupes,2024-03-04,1,2024-03-11,31.981724,7.6991134
42,2024,Vaupes,2024-03-04,2,2024-03-18,18.27527,7.587334
42,2024,Vaupes,2024-03-04,3,2024-03-25,13.706452,7.069472
42,2024,Vaupes,2024-03-04,4,2024-04-01,9.137636,6.6890965
42,2024,Vaupes,2024-03-11,1,2024-03-18,18.27527,17.157728
42,2024,Vaupes,2024-03-11,2,2024-03-25,13.706452,16.587614
42,2024,Vaupes,2024-03-11,3,2024-04-01,9.137636,15.493405
42,2024,Vaupes,2024-03-11,4,2024-04-08,4.5688176,14.174446
42,2024,Vaupes,2024-03-18,1,2024-03-25,13.706452,22.627655
42,2024,Vaupes,2024-03-18,2,2024-04-01,9.137636,22.845343
42,2024,Vaupes,2024-03-18,3,2024-04-08,4.5688176,21.822525
42,2024,Vaupes,2024-03-18,4,2024-04-15,34.266136,20.552279
42,2024,Vaupes,2024-03-25,1,2024-04-01,9.137636,17.385357
42,2024,Vaupes,2024-03-25,2,2024-04-08,4.5688176,16.764631
42,2024,Vaupes,2024-03-25,3,2024-04-15,34.266136,16.301317
42,2024,Vaupes,2024-03-25,4,2024-04-22,15.990863,15.239019
42,2024,Vaupes,2024-04-01,1,2024-04-08,4.5688176,13.677088
42,2024,Vaupes,2024-04-01,2,2024-04-15,34.266136,12.695526
42,2024,Vaupes,2024-04-01,3,2024-04-22,15.990863,11.714035
42,2024,Vaupes,2024-04-01,4,2024-04-29,9.137636,10.801979
42,2024,Vaupes,2024-04-08,1,2024-04-15,34.266136,9.545774
42,2024,Vaupes,2024-04-08,2,2024-04-22,15.990863,8.838981
42,2024,Vaupes,2024-04-08,3,2024-04-29,9.137636,8.042311
42,2024,Vaupes,2024-04-08,4,2024-05-06,25.128502,8.122448
42,2024,Vaupes,2024-04-15,1,2024-04-22,15.990863,6.048979
42,2024,Vaupes,2024-04-15,2,2024-04-29,9.137636,5.649129
42,2024,Vaupes,2024-04-15,3,2024-05-06,25.128502,5.3163013
42,2024,Vaupes,2024-04-15,4,2024-05-13,27.412907,5.4006133
42,2024,Vaupes,2024-04-22,1,2024-04-29,9.137636,16.099669
42,2024,Vaupes,2024-04-22,2,2024-05-06,25.128502,14.382325
42,2024,Vaupes,2024-04-22,3,2024-05-13,27.412907,13.900376
42,2024,Vaupes,2024-04-22,4,2024-05-20,29.697317,14.730836
42,2024,Vaupes,2024-04-29,1,2024-05-06,25.128502,11.65384
42,2024,Vaupes,2024-04-29,2,2024-05-13,27.412907,10.931486
42,2024,Vaupes,2024-04-29,3,2024-05-20,29.697317,10.564004
42,2024,Vaupes,2024-04-29,4,2024-05-27,9.137636,10.55535
42,2024,Vaupes,2024-05-06,1,2024-05-13,27.412907,7.740018
42,2024,Vaupes,2024-05-06,2,2024-05-20,29.697317,7.6612453
42,2024,Vaupes,2024-05-06,3,2024-05-27,9.137636,7.8084197
42,2024,Vaupes,2024-05-06,4,2024-06-03,9.137636,7.38325
42,2024,Vaupes,2024-05-13,1,2024-05-20,29.697317,17.096703
42,2024,Vaupes,2024-05-13,2,2024-05-27,9.137636,16.533981
42,2024,Vaupes,2024-05-13,3,2024-06-03,9.137636,14.820839
42,2024,Vaupes,2024-05-13,4,2024-06-10,4.5688176,14.837482
42,2024,Vaupes,2024-05-20,1,2024-05-27,9.137636,19.859472
42,2024,Vaupes,2024-05-20,2,2024-06-03,9.137636,19.930792
42,2024,Vaupes,2024-05-20,3,2024-06-10,4.5688176,18.888803
42,2024,Vaupes,2024-05-20,4,2024-06-17,13.706452,18.824503
42,2024,Vaupes,2024-05-27,1,2024-06-03,9.137636,24.369791
42,2024,Vaupes,2024-05-27,2,2024-06-10,4.5688176,23.38224
42,2024,Vaupes,2024-05-27,3,2024-06-17,13.706452,22.801924
42,2024,Vaupes,2024-05-27,4,2024-06-24,11.422044,22.53857
42,2024,Vaupes,2024-06-03,1,2024-06-10,4.5688176,11.253361
42,2024,Vaupes,2024-06-03,2,2024-06-17,13.706452,11.1199
42,2024,Vaupes,2024-06-03,3,2024-06-24,11.422044,10.6881695
42,2024,Vaupes,2024-06-03,4,2024-07-01,20.559679,10.095173
42,2024,Vaupes,2024-06-10,1,2024-06-17,13.706452,8.808351
42,2024,Vaupes,2024-06-10,2,2024-06-24,11.422044,7.8959723
42,2024,Vaupes,2024-06-10,3,2024-07-01,20.559679,7.121498
42,2024,Vaupes,2024-06-10,4,2024-07-08,6.853227,7.1987348
42,2024,Vaupes,2024-06-17,1,2024-06-24,11.422044,5.2116504
42,2024,Vaupes,2024-06-17,2,2024-07-01,20.559679,4.8126626
42,2024,Vaupes,2024-06-17,3,2024-07-08,6.853227,4.2799296
42,2024,Vaupes,2024-06-17,4,2024-07-15,0.0,4.453059
42,2024,Vaupes,2024-06-24,1,2024-07-01,20.559679,8.199448
42,2024,Vaupes,2024-06-24,2,2024-07-08,6.853227,7.58252
42,2024,Vaupes,2024-06-24,3,2024-07-15,0.0,7.01243
42,2024,Vaupes,2024-06-24,4,2024-07-22,0.0,7.40558
42,2024,Vaupes,2024-07-01,1,2024-07-08,6.853227,7.9317822
42,2024,Vaupes,2024-07-01,2,2024-07-15,0.0,7.2687373
42,2024,Vaupes,2024-07-01,3,2024-07-22,0.0,6.7742724
42,2024,Vaupes,2024-07-01,4,2024-07-29,2.2844088,7.1457496
42,2024,Vaupes,2024-07-08,1,2024-07-15,0.0,12.668412
42,2024,Vaupes,2024-07-08,2,2024-07-22,0.0,11.505989
42,2024,Vaupes,2024-07-08,3,2024-07-29,2.2844088,10.749438
42,2024,Vaupes,2024-07-08,4,2024-08-05,2.2844088,11.379989
42,2024,Vaupes,2024-07-15,1,2024-07-22,0.0,6.4520407
42,2024,Vaupes,2024-07-15,2,2024-07-29,2.2844088,6.0459394
42,2024,Vaupes,2024-07-15,3,2024-08-05,2.2844088,5.6777115
42,2024,Vaupes,2024-07-15,4,2024-08-12,4.5688176,5.576726
42,2024,Vaupes,2024-07-22,1,2024-07-29,2.2844088,4.0750017
42,2024,Vaupes,2024-07-22,2,2024-08-05,2.2844088,3.9351902
42,2024,Vaupes,2024-07-22,3,2024-08-12,4.5688176,3.8017902
42,2024,Vaupes,2024-07-22,4,2024-08-19,0.0,3.5673463
42,2024,Vaupes,2024-07-29,1,2024-08-05,2.2844088,4.202433
42,2024,Vaupes,2024-07-29,2,2024-08-12,4.5688176,3.805078
42,2024,Vaupes,2024-07-29,3,2024-08-19,0.0,3.7040486
42,2024,Vaupes,2024-07-29,4,2024-08-26,2.2844088,3.7213473
42,2024,Vaupes,2024-08-05,1,2024-08-12,4.5688176,2.667233
42,2024,Vaupes,2024-08-05,2,2024-08-19,0.0,2.394951
42,2024,Vaupes,2024-08-05,3,2024-08-26,2.2844088,2.382281
42,2024,Vaupes,2024-08-05,4,2024-09-02,0.0,2.440134
42,2024,Vaupes,2024-08-12,1,2024-08-19,0.0,1.6027212
42,2024,Vaupes,2024-08-12,2,2024-08-26,2.2844088,1.5065435
42,2024,Vaupes,2024-08-12,3,2024-09-02,0.0,1.5170203
42,2024,Vaupes,2024-08-12,4,2024-09-09,2.2844088,1.4125291
42,2024,Vaupes,2024-08-19,1,2024-08-26,2.2844088,1.7907945
42,2024,Vaupes,2024-08-19,2,2024-09-02,0.0,1.7771388
42,2024,Vaupes,2024-08-19,3,2024-09-09,2.2844088,1.7502815
42,2024,Vaupes,2024-08-19,4,2024-09-16,0.0,1.5793809
42,2024,Vaupes,2024-08-26,1,2024-09-02,0.0,1.393634
42,2024,Vaupes,2024-08-26,2,2024-09-09,2.2844088,1.4208959
42,2024,Vaupes,2024-08-26,3,2024-09-16,0.0,1.3875681
42,2024,Vaupes,2024-08-26,4,2024-09-23,0.0,1.2275475
42,2024,Vaupes,2024-09-02,1,2024-09-09,2.2844088,1.5324111
42,2024,Vaupes,2024-09-02,2,2024-09-16,0.0,1.4462413
42,2024,Vaupes,2024-09-02,3,2024-09-23,0.0,1.468315
42,2024,Vaupes,2024-09-02,4,2024-09-30,0.0,1.4579202
42,2024,Vaupes,2024-09-09,1,2024-09-16,0.0,1.3189265
42,2024,Vaupes,2024-09-09,2,2024-09-23,0.0,1.2700058
42,2024,Vaupes,2024-09-09,3,2024-09-30,0.0,1.2778871
42,2024,Vaupes,2024-09-09,4,2024-10-07,0.0,1.3489727
42,2024,Vaupes,2024-09-16,1,2024-09-23,0.0,1.1079153
42,2024,Vaupes,2024-09-16,2,2024-09-30,0.0,1.111163
42,2024,Vaupes,2024-09-16,3,2024-10-07,0.0,1.1147622
42,2024,Vaupes,2024-09-16,4,2024-10-14,2.2844088,1.1834166
42,2024,Vaupes,2024-09-23,1,2024-09-30,0.0,0.8740775
42,2024,Vaupes,2024-09-23,2,2024-10-07,0.0,0.97710866
42,2024,Vaupes,2024-09-23,3,2024-10-14,2.2844088,0.98320043
42,2024,Vaupes,2024-09-23,4,2024-10-21,2.2844088,0.99167675
42,2024,Vaupes,2024-09-30,1,2024-10-07,0.0,0.48517725
42,2024,Vaupes,2024-09-30,2,2024-10-14,2.2844088,0.52618515
42,2024,Vaupes,2024-09-30,3,2024-10-21,2.2844088,0.5502497
42,2024,Vaupes,2024-09-30,4,2024-10-28,4.5688176,0.5728774
42,2024,Vaupes,2024-10-07,1,2024-10-14,2.2844088,0.35158205
42,2024,Vaupes,2024-10-07,2,2024-10-21,2.2844088,0.32507336
42,2024,Vaupes,2024-10-07,3,2024-10-28,4.5688176,0.44340453
42,2024,Vaupes,2024-10-07,4,2024-11-04,0.0,0.4483193
42,2024,Vaupes,2024-10-14,1,2024-10-21,2.2844088,0.33708557
42,2024,Vaupes,2024-10-14,2,2024-10-28,4.5688176,0.31984577
42,2024,Vaupes,2024-10-14,3,2024-11-04,0.0,0.4018077
42,2024,Vaupes,2024-10-14,4,2024-11-11,6.853227,0.4581118
42,2024,Vaupes,2024-10-21,1,2024-10-28,4.5688176,0.46836278
42,2024,Vaupes,2024-10-21,2,2024-11-04,0.0,0.5015766
42,2024,Vaupes,2024-10-21,3,2024-11-11,6.853227,0.64599
42,2024,Vaupes,2024-10-21,4,2024-11-18,4.5688176,0.768549
42,2024,Vaupes,2024-10-28,1,2024-11-04,0.0,0.83917284
42,2024,Vaupes,2024-10-28,2,2024-11-11,6.853227,0.93192756
42,2024,Vaupes,2024-10-28,3,2024-11-18,4.5688176,1.0756153
42,2024,Vaupes,2024-10-28,4,2024-11-25,2.2844088,1.2541426
42,2024,Vaupes,2024-11-04,1,2024-11-11,6.853227,1.5636507
42,2024,Vaupes,2024-11-04,2,2024-11-18,4.5688176,1.7541486
42,2024,Vaupes,2024-11-04,3,2024-11-25,2.2844088,1.9180555
42,2024,Vaupes,2024-11-04,4,2024-12-02,4.5688176,2.184116
42,2024,Vaupes,2024-11-11,1,2024-11-18,4.5688176,1.3455232
42,2024,Vaupes,2024-11-11,2,2024-11-25,2.2844088,1.4575707
42,2024,Vaupes,2024-11-11,3,2024-12-02,4.5688176,1.5711932
42,2024,Vaupes,2024-11-11,4,2024-12-09,0.0,1.7894664
42,2024,Vaupes,2024-11-18,1,2024-11-25,2.2844088,1.7986633
42,2024,Vaupes,2024-11-18,2,2024-12-02,4.5688176,1.9207764
42,2024,Vaupes,2024-11-18,3,2024-12-09,0.0,2.142607
42,2024,Vaupes,2024-11-18,4,2024-12-16,2.2844088,2.4876533
42,2024,Vichada,2024-01-22,1,2024-01-29,0.0,0.6836941
42,2024,Vichada,2024-01-22,2,2024-02-05,1.3974581,0.6025063
42,2024,Vichada,2024-01-22,3,2024-02-12,0.0,0.54968727
42,2024,Vichada,2024-01-22,4,2024-02-19,1.3974581,0.58407223
42,2024,Vichada,2024-01-29,1,2024-02-05,1.3974581,0.39777377
42,2024,Vichada,2024-01-29,2,2024-02-12,0.0,0.3345222
42,2024,Vichada,2024-01-29,3,2024-02-19,1.3974581,0.30236828
42,2024,Vichada,2024-01-29,4,2024-02-26,2.096187,0.36155817
42,2024,Vichada,2024-02-05,1,2024-02-12,0.0,0.19124731
42,2024,Vichada,2024-02-05,2,2024-02-19,1.3974581,0.20586947
42,2024,Vichada,2024-02-05,3,2024-02-26,2.096187,0.17473027
42,2024,Vichada,2024-02-05,4,2024-03-04,1.3974581,0.2599599
42,2024,Vichada,2024-02-12,1,2024-02-19,1.3974581,0.36635122
42,2024,Vichada,2024-02-12,2,2024-02-26,2.096187,0.41305467
42,2024,Vichada,2024-02-12,3,2024-03-04,1.3974581,0.37039506
42,2024,Vichada,2024-02-12,4,2024-03-11,1.3974581,0.4467295
42,2024,Vichada,2024-02-19,1,2024-02-26,2.096187,0.36343065
42,2024,Vichada,2024-02-19,2,2024-03-04,1.3974581,0.40122223
42,2024,Vichada,2024-02-19,3,2024-03-11,1.3974581,0.37086114
42,2024,Vichada,2024-02-19,4,2024-03-18,0.69872904,0.46885347
42,2024,Vichada,2024-02-26,1,2024-03-04,1.3974581,0.73151064
42,2024,Vichada,2024-02-26,2,2024-03-11,1.3974581,0.7571518
42,2024,Vichada,2024-02-26,3,2024-03-18,0.69872904,0.71035075
42,2024,Vichada,2024-02-26,4,2024-03-25,2.096187,0.83995044
42,2024,Vichada,2024-03-04,1,2024-03-11,1.3974581,1.0875373
42,2024,Vichada,2024-03-04,2,2024-03-18,0.69872904,1.1562412
42,2024,Vichada,2024-03-04,3,2024-03-25,2.096187,1.1207803
42,2024,Vichada,2024-03-04,4,2024-04-01,0.0,1.2620848
42,2024,Vichada,2024-03-11,1,2024-03-18,0.69872904,0.97319126
42,2024,Vichada,2024-03-11,2,2024-03-25,2.096187,1.0754834
42,2024,Vichada,2024-03-11,3,2024-04-01,0.0,1.0942082
42,2024,Vichada,2024-03-11,4,2024-04-08,2.096187,1.2361143
42,2024,Vichada,2024-03-18,1,2024-03-25,2.096187,1.131729
42,2024,Vichada,2024-03-18,2,2024-04-01,0.0,1.2494165
42,2024,Vichada,2024-03-18,3,2024-04-08,2.096187,1.2822331
42,2024,Vichada,2024-03-18,4,2024-04-15,0.69872904,1.4599074
42,2024,Vichada,2024-03-25,1,2024-04-01,0.0,1.2782755
42,2024,Vichada,2024-03-25,2,2024-04-08,2.096187,1.5776227
42,2024,Vichada,2024-03-25,3,2024-04-15,0.69872904,1.5089663
42,2024,Vichada,2024-03-25,4,2024-04-22,2.096187,1.7437072
42,2024,Vichada,2024-04-01,1,2024-04-08,2.096187,1.8327756
42,2024,Vichada,2024-04-01,2,2024-04-15,0.69872904,2.1689646
42,2024,Vichada,2024-04-01,3,2024-04-22,2.096187,2.17717
42,2024,Vichada,2024-04-01,4,2024-04-29,0.69872904,2.4955394
42,2024,Vichada,2024-04-08,1,2024-04-15,0.69872904,1.6305243
42,2024,Vichada,2024-04-08,2,2024-04-22,2.096187,1.8571318
42,2024,Vichada,2024-04-08,3,2024-04-29,0.69872904,1.8774883
42,2024,Vichada,2024-04-08,4,2024-05-06,2.794916,2.163006
42,2024,Vichada,2024-04-15,1,2024-04-22,2.096187,1.9453815
42,2024,Vichada,2024-04-15,2,2024-04-29,0.69872904,2.163563
42,2024,Vichada,2024-04-15,3,2024-05-06,2.794916,2.2112348
42,2024,Vichada,2024-04-15,4,2024-05-13,2.096187,2.4730213
42,2024,Vichada,2024-04-22,1,2024-04-29,0.69872904,1.5569421
42,2024,Vichada,2024-04-22,2,2024-05-06,2.794916,1.667019
42,2024,Vichada,2024-04-22,3,2024-05-13,2.096187,1.7001678
42,2024,Vichada,2024-04-22,4,2024-05-20,5.589832,1.9487267
42,2024,Vichada,2024-04-29,1,2024-05-06,2.794916,1.6642754
42,2024,Vichada,2024-04-29,2,2024-05-13,2.096187,1.7865762
42,2024,Vichada,2024-04-29,3,2024-05-20,5.589832,1.8481088
42,2024,Vichada,2024-04-29,4,2024-05-27,6.2885613,2.0384037
42,2024,Vichada,2024-05-06,1,2024-05-13,2.096187,1.5028552
42,2024,Vichada,2024-05-06,2,2024-05-20,5.589832,1.6566929
42,2024,Vichada,2024-05-06,3,2024-05-27,6.2885613,1.7082437
42,2024,Vichada,2024-05-06,4,2024-06-03,2.096187,1.9158134
42,2024,Vichada,2024-05-13,1,2024-05-20,5.589832,1.9824616
42,2024,Vichada,2024-05-13,2,2024-05-27,6.2885613,2.1293151
42,2024,Vichada,2024-05-13,3,2024-06-03,2.096187,2.1769423
42,2024,Vichada,2024-05-13,4,2024-06-10,4.192374,2.4012606
42,2024,Vichada,2024-05-20,1,2024-05-27,6.2885613,1.903267
42,2024,Vichada,2024-05-20,2,2024-06-03,2.096187,2.124595
42,2024,Vichada,2024-05-20,3,2024-06-10,4.192374,2.0725412
42,2024,Vichada,2024-05-20,4,2024-06-17,9.782207,2.225032
42,2024,Vichada,2024-05-27,1,2024-06-03,2.096187,2.918488
42,2024,Vichada,2024-05-27,2,2024-06-10,4.192374,3.0966444
42,2024,Vichada,2024-05-27,3,2024-06-17,9.782207,3.0727699
42,2024,Vichada,2024-05-27,4,2024-06-24,7.6860194,3.2324195
42,2024,Vichada,2024-06-03,1,2024-06-10,4.192374,4.01576
42,2024,Vichada,2024-06-03,2,2024-06-17,9.782207,4.1669827
42,2024,Vichada,2024-06-03,3,2024-06-24,7.6860194,4.171578
42,2024,Vichada,2024-06-03,4,2024-07-01,18.166956,4.296431
42,2024,Vichada,2024-06-10,1,2024-06-17,9.782207,3.108771
42,2024,Vichada,2024-06-10,2,2024-06-24,7.6860194,3.1123912
42,2024,Vichada,2024-06-10,3,2024-07-01,18.166956,2.8933208
42,2024,Vichada,2024-06-10,4,2024-07-08,9.083476,2.944589
42,2024,Vichada,2024-06-17,1,2024-06-24,7.6860194,2.9354365
42,2024,Vichada,2024-06-17,2,2024-07-01,18.166956,2.8568656
42,2024,Vichada,2024-06-17,3,2024-07-08,9.083476,2.6471512
42,2024,Vichada,2024-06-17,4,2024-07-15,13.27585,2.724794
42,2024,Vichada,2024-06-24,1,2024-07-01,18.166956,4.4388266
42,2024,Vichada,2024-06-24,2,2024-07-08,9.083476,4.2443304
42,2024,Vichada,2024-06-24,3,2024-07-15,13.27585,4.0658584
42,2024,Vichada,2024-06-24,4,2024-07-22,16.070768,4.1781416
42,2024,Vichada,2024-07-01,1,2024-07-08,9.083476,5.410735
42,2024,Vichada,2024-07-01,2,2024-07-15,13.27585,5.19107
42,2024,Vichada,2024-07-01,3,2024-07-22,16.070768,5.0685525
42,2024,Vichada,2024-07-01,4,2024-07-29,8.384748,5.181436
42,2024,Vichada,2024-07-08,1,2024-07-15,13.27585,8.941651
42,2024,Vichada,2024-07-08,2,2024-07-22,16.070768,8.521966
42,2024,Vichada,2024-07-08,3,2024-07-29,8.384748,8.08862
42,2024,Vichada,2024-07-08,4,2024-08-05,14.673311,7.923881
42,2024,Vichada,2024-07-15,1,2024-07-22,16.070768,6.555589
42,2024,Vichada,2024-07-15,2,2024-07-29,8.384748,6.5080905
42,2024,Vichada,2024-07-15,3,2024-08-05,14.673311,6.0597396
42,2024,Vichada,2024-07-15,4,2024-08-12,13.27585,5.735972
42,2024,Vichada,2024-07-22,1,2024-07-29,8.384748,6.7177496
42,2024,Vichada,2024-07-22,2,2024-08-05,14.673311,6.342601
42,2024,Vichada,2024-07-22,3,2024-08-12,13.27585,6.038966
42,2024,Vichada,2024-07-22,4,2024-08-19,15.372039,5.5896277
42,2024,Vichada,2024-07-29,1,2024-08-05,14.673311,8.687174
42,2024,Vichada,2024-07-29,2,2024-08-12,13.27585,8.206427
42,2024,Vichada,2024-07-29,3,2024-08-19,15.372039,7.9811225
42,2024,Vichada,2024-07-29,4,2024-08-26,9.782207,7.453688
42,2024,Vichada,2024-08-05,1,2024-08-12,13.27585,6.9542313
42,2024,Vichada,2024-08-05,2,2024-08-19,15.372039,6.720733
42,2024,Vichada,2024-08-05,3,2024-08-26,9.782207,6.2945695
42,2024,Vichada,2024-08-05,4,2024-09-02,11.878394,5.7832856
42,2024,Vichada,2024-08-12,1,2024-08-19,15.372039,8.701564
42,2024,Vichada,2024-08-12,2,2024-08-26,9.782207,8.062763
42,2024,Vichada,2024-08-12,3,2024-09-02,11.878394,7.5534554
42,2024,Vichada,2024-08-12,4,2024-09-09,13.974581,7.167197
42,2024,Vichada,2024-08-19,1,2024-08-26,9.782207,9.346312
42,2024,Vichada,2024-08-19,2,2024-09-02,11.878394,8.738509
42,2024,Vichada,2024-08-19,3,2024-09-09,13.974581,8.347368
42,2024,Vichada,2024-08-19,4,2024-09-16,7.6860194,7.9011426
42,2024,Vichada,2024-08-26,1,2024-09-02,11.878394,10.2675905
42,2024,Vichada,2024-08-26,2,2024-09-09,13.974581,9.454807
42,2024,Vichada,2024-08-26,3,2024-09-16,7.6860194,8.983766
42,2024,Vichada,2024-08-26,4,2024-09-23,3.4936452,8.501886
42,2024,Vichada,2024-09-02,1,2024-09-09,13.974581,7.471718
42,2024,Vichada,2024-09-02,2,2024-09-16,7.6860194,7.132938
42,2024,Vichada,2024-09-02,3,2024-09-23,3.4936452,6.8328133
42,2024,Vichada,2024-09-02,4,2024-09-30,7.6860194,6.429054
42,2024,Vichada,2024-09-09,1,2024-09-16,7.6860194,8.879588
42,2024,Vichada,2024-09-09,2,2024-09-23,3.4936452,8.073116
42,2024,Vichada,2024-09-09,3,2024-09-30,7.6860194,7.664071
42,2024,Vichada,2024-09-09,4,2024-10-07,4.192374,7.3993697
42,2024,Vichada,2024-09-16,1,2024-09-23,3.4936452,9.901278
42,2024,Vichada,2024-09-16,2,2024-09-30,7.6860194,9.165337
42,2024,Vichada,2024-09-16,3,2024-10-07,4.192374,8.704062
42,2024,Vichada,2024-09-16,4,2024-10-14,6.2885613,8.520999
42,2024,Vichada,2024-09-23,1,2024-09-30,7.6860194,7.949705
42,2024,Vichada,2024-09-23,2,2024-10-07,4.192374,7.3013873
42,2024,Vichada,2024-09-23,3,2024-10-14,6.2885613,7.2264056
42,2024,Vichada,2024-09-23,4,2024-10-21,6.2885613,7.104886
42,2024,Vichada,2024-09-30,1,2024-10-07,4.192374,4.820316
42,2024,Vichada,2024-09-30,2,2024-10-14,6.2885613,4.383086
42,2024,Vichada,2024-09-30,3,2024-10-21,6.2885613,4.353078
42,2024,Vichada,2024-09-30,4,2024-10-28,5.589832,4.1591144
42,2024,Vichada,2024-10-07,1,2024-10-14,6.2885613,5.463107
42,2024,Vichada,2024-10-07,2,2024-10-21,6.2885613,4.8860836
42,2024,Vichada,2024-10-07,3,2024-10-28,5.589832,4.7428613
42,2024,Vichada,2024-10-07,4,2024-11-04,6.98729,4.6529884
42,2024,Vichada,2024-10-14,1,2024-10-21,6.2885613,4.266694
42,2024,Vichada,2024-10-14,2,2024-10-28,5.589832,3.834438
42,2024,Vichada,2024-10-14,3,2024-11-04,6.98729,3.9288144
42,2024,Vichada,2024-10-14,4,2024-11-11,5.589832,3.8079085
42,2024,Vichada,2024-10-21,1,2024-10-28,5.589832,4.238011
42,2024,Vichada,2024-10-21,2,2024-11-04,6.98729,3.8635345
42,2024,Vichada,2024-10-21,3,2024-11-11,5.589832,3.9637756
42,2024,Vichada,2024-10-21,4,2024-11-18,6.2885613,3.9221702
42,2024,Vichada,2024-10-28,1,2024-11-04,6.98729,4.8512263
42,2024,Vichada,2024-10-28,2,2024-11-11,5.589832,4.500882
42,2024,Vichada,2024-10-28,3,2024-11-18,6.2885613,4.5682883
42,2024,Vichada,2024-10-28,4,2024-11-25,2.096187,4.571529
42,2024,Vichada,2024-11-04,1,2024-11-11,5.589832,4.9328012
42,2024,Vichada,2024-11-04,2,2024-11-18,6.2885613,4.667082
42,2024,Vichada,2024-11-04,3,2024-11-25,2.096187,4.712072
42,2024,Vichada,2024-11-04,4,2024-12-02,7.6860194,4.6946025
42,2024,Vichada,2024-11-11,1,2024-11-18,6.2885613,5.425785
42,2024,Vichada,2024-11-11,2,2024-11-25,2.096187,5.1997614
42,2024,Vichada,2024-11-11,3,2024-12-02,7.6860194,5.160736
42,2024,Vichada,2024-11-11,4,2024-12-09,6.98729,5.33883
42,2024,Vichada,2024-11-18,1,2024-11-25,2.096187,5.4161677
42,2024,Vichada,2024-11-18,2,2024-12-02,7.6860194,5.529203
42,2024,Vichada,2024-11-18,3,2024-12-09,6.98729,5.230286
42,2024,Vichada,2024-11-18,4,2024-12-16,6.98729,5.5928903
