seed,test_year,departamento,fecha_base,horizonte,fecha_objetivo,y_true,y_pred
42,2022,Amazonas,2022-01-24,1,2022-01-31,14.634862,8.732722
42,2022,Amazonas,2022-01-24,2,2022-02-07,13.41529,8.582262
42,2022,Amazonas,2022-01-24,3,2022-02-14,9.756575,8.463667
42,2022,Amazonas,2022-01-24,4,2022-02-21,7.3174305,8.319261
42,2022,Amazonas,2022-01-31,1,2022-02-07,13.41529,8.841653
42,2022,Amazonas,2022-01-31,2,2022-02-14,9.756575,8.512436
42,2022,Amazonas,2022-01-31,3,2022-02-21,7.3174305,7.969351
42,2022,Amazonas,2022-01-31,4,2022-02-28,7.3174305,7.6602583
42,2022,Amazonas,2022-02-07,1,2022-02-14,9.756575,10.373991
42,2022,Amazonas,2022-02-07,2,2022-02-21,7.3174305,10.276828
42,2022,Amazonas,2022-02-07,3,2022-02-28,7.3174305,9.990427
42,2022,Amazonas,2022-02-07,4,2022-03-07,10.976146,9.064994
42,2022,Amazonas,2022-02-14,1,2022-02-21,7.3174305,10.11073
42,2022,Amazonas,2022-02-14,2,2022-02-28,7.3174305,10.177944
42,2022,Amazonas,2022-02-14,3,2022-03-07,10.976146,9.864768
42,2022,Amazonas,2022-02-14,4,2022-03-14,8.537002,9.031608
42,2022,Amazonas,2022-02-21,1,2022-02-28,7.3174305,9.836399
42,2022,Amazonas,2022-02-21,2,2022-03-07,10.976146,9.720508
42,2022,Amazonas,2022-02-21,3,2022-03-14,8.537002,9.642956
42,2022,Amazonas,2022-02-21,4,2022-03-21,15.854431,8.790365
42,2022,Amazonas,2022-02-28,1,2022-03-07,10.976146,8.271644
42,2022,Amazonas,2022-02-28,2,2022-03-14,8.537002,8.133121
42,2022,Amazonas,2022-02-28,3,2022-03-21,15.854431,8.213034
42,2022,Amazonas,2022-02-28,4,2022-03-28,14.634862,7.722087
42,2022,Amazonas,2022-03-07,1,2022-03-14,8.537002,7.0646634
42,2022,Amazonas,2022-03-07,2,2022-03-21,15.854431,6.677792
42,2022,Amazonas,2022-03-07,3,2022-03-28,14.634862,6.4944663
42,2022,Amazonas,2022-03-07,4,2022-04-04,8.537002,6.2313757
42,2022,Amazonas,2022-03-14,1,2022-03-21,15.854431,8.409164
42,2022,Amazonas,2022-03-14,2,2022-03-28,14.634862,8.162367
42,2022,Amazonas,2022-03-14,3,2022-04-04,8.537002,8.102673
42,2022,Amazonas,2022-03-14,4,2022-04-11,3.658715,7.344207
42,2022,Amazonas,2022-03-21,1,2022-03-28,14.634862,8.758906
42,2022,Amazonas,2022-03-21,2,2022-04-04,8.537002,8.590088
42,2022,Amazonas,2022-03-21,3,2022-04-11,3.658715,8.65131
42,2022,Amazonas,2022-03-21,4,2022-04-18,6.0978584,7.864671
42,2022,Amazonas,2022-03-28,1,2022-04-04,8.537002,12.970136
42,2022,Amazonas,2022-03-28,2,2022-04-11,3.658715,12.54538
42,2022,Amazonas,2022-03-28,3,2022-04-18,6.0978584,12.8664465
42,2022,Amazonas,2022-03-28,4,2022-04-25,13.41529,11.12678
42,2022,Amazonas,2022-04-04,1,2022-04-11,3.658715,12.533674
42,2022,Amazonas,2022-04-04,2,2022-04-18,6.0978584,11.991107
42,2022,Amazonas,2022-04-04,3,2022-04-25,13.41529,11.809214
42,2022,Amazonas,2022-04-04,4,2022-05-02,15.854431,10.600674
42,2022,Amazonas,2022-04-11,1,2022-04-18,6.0978584,9.544917
42,2022,Amazonas,2022-04-11,2,2022-04-25,13.41529,9.06754
42,2022,Amazonas,2022-04-11,3,2022-05-02,15.854431,8.986937
42,2022,Amazonas,2022-04-11,4,2022-05-09,9.756575,8.611563
42,2022,Amazonas,2022-04-18,1,2022-04-25,13.41529,7.175284
42,2022,Amazonas,2022-04-18,2,2022-05-02,15.854431,6.558126
42,2022,Amazonas,2022-04-18,3,2022-05-09,9.756575,6.73195
42,2022,Amazonas,2022-04-18,4,2022-05-16,3.658715,6.3250422
42,2022,Amazonas,2022-04-25,1,2022-05-02,15.854431,6.4000783
42,2022,Amazonas,2022-04-25,2,2022-05-09,9.756575,5.820964
42,2022,Amazonas,2022-04-25,3,2022-05-16,3.658715,5.5499864
42,2022,Amazonas,2022-04-25,4,2022-05-23,6.0978584,5.128768
42,2022,Amazonas,2022-05-02,1,2022-05-09,9.756575,10.336614
42,2022,Amazonas,2022-05-02,2,2022-05-16,3.658715,9.323937
42,2022,Amazonas,2022-05-02,3,2022-05-23,6.0978584,8.734649
42,2022,Amazonas,2022-05-02,4,2022-05-30,3.658715,7.835102
42,2022,Amazonas,2022-05-09,1,2022-05-16,3.658715,12.753988
42,2022,Amazonas,2022-05-09,2,2022-05-23,6.0978584,11.478957
42,2022,Amazonas,2022-05-09,3,2022-05-30,3.658715,10.902486
42,2022,Amazonas,2022-05-09,4,2022-06-06,6.0978584,9.861766
42,2022,Amazonas,2022-05-16,1,2022-05-23,6.0978584,10.59013
42,2022,Amazonas,2022-05-16,2,2022-05-30,3.658715,9.812225
42,2022,Amazonas,2022-05-16,3,2022-06-06,6.0978584,9.870761
42,2022,Amazonas,2022-05-16,4,2022-06-13,7.3174305,8.807352
42,2022,Amazonas,2022-05-23,1,2022-05-30,3.658715,7.634255
42,2022,Amazonas,2022-05-23,2,2022-06-06,6.0978584,6.9862657
42,2022,Amazonas,2022-05-23,3,2022-06-13,7.3174305,7.0668616
42,2022,Amazonas,2022-05-23,4,2022-06-20,4.878287,6.4840493
42,2022,Amazonas,2022-05-30,1,2022-06-06,6.0978584,5.885029
42,2022,Amazonas,2022-05-30,2,2022-06-13,7.3174305,5.3193088
42,2022,Amazonas,2022-05-30,3,2022-06-20,4.878287,5.15289
42,2022,Amazonas,2022-05-30,4,2022-06-27,2.4391434,4.4684377
42,2022,Amazonas,2022-06-06,1,2022-06-13,7.3174305,3.6931639
42,2022,Amazonas,2022-06-06,2,2022-06-20,4.878287,3.4079502
42,2022,Amazonas,2022-06-06,3,2022-06-27,2.4391434,3.1681592
42,2022,Amazonas,2022-06-06,4,2022-07-04,1.2195716,2.8797522
42,2022,Amazonas,2022-06-13,1,2022-06-20,4.878287,4.2887836
42,2022,Amazonas,2022-06-13,2,2022-06-27,2.4391434,3.967942
42,2022,Amazonas,2022-06-13,3,2022-07-04,1.2195716,3.5086086
42,2022,Amazonas,2022-06-13,4,2022-07-11,3.658715,3.1675887
42,2022,Amazonas,2022-06-20,1,2022-06-27,2.4391434,5.1495194
42,2022,Amazonas,2022-06-20,2,2022-07-04,1.2195716,4.630944
42,2022,Amazonas,2022-06-20,3,2022-07-11,3.658715,4.272327
42,2022,Amazonas,2022-06-20,4,2022-07-18,2.4391434,3.88458
42,2022,Amazonas,2022-06-27,1,2022-07-04,1.2195716,4.195467
42,2022,Amazonas,2022-06-27,2,2022-07-11,3.658715,3.8404982
42,2022,Amazonas,2022-06-27,3,2022-07-18,2.4391434,3.472086
42,2022,Amazonas,2022-06-27,4,2022-07-25,6.0978584,3.285281
42,2022,Amazonas,2022-07-04,1,2022-07-11,3.658715,3.2829149
42,2022,Amazonas,2022-07-04,2,2022-07-18,2.4391434,3.1430798
42,2022,Amazonas,2022-07-04,3,2022-07-25,6.0978584,3.0648007
42,2022,Amazonas,2022-07-04,4,2022-08-01,3.658715,2.7956305
42,2022,Amazonas,2022-07-11,1,2022-07-18,2.4391434,2.3342812
42,2022,Amazonas,2022-07-11,2,2022-07-25,6.0978584,2.2503724
42,2022,Amazonas,2022-07-11,3,2022-08-01,3.658715,2.1687486
42,2022,Amazonas,2022-07-11,4,2022-08-08,1.2195716,2.0879514
42,2022,Amazonas,2022-07-18,1,2022-07-25,6.0978584,2.7073228
42,2022,Amazonas,2022-07-18,2,2022-08-01,3.658715,2.5767965
42,2022,Amazonas,2022-07-18,3,2022-08-08,1.2195716,2.396775
42,2022,Amazonas,2022-07-18,4,2022-08-15,2.4391434,2.2903821
42,2022,Amazonas,2022-07-25,1,2022-08-01,3.658715,2.2949657
42,2022,Amazonas,2022-07-25,2,2022-08-08,1.2195716,2.1428857
42,2022,Amazonas,2022-07-25,3,2022-08-15,2.4391434,2.043858
42,2022,Amazonas,2022-07-25,4,2022-08-22,0.0,1.9481521
42,2022,Amazonas,2022-08-01,1,2022-08-08,1.2195716,2.1968434
42,2022,Amazonas,2022-08-01,2,2022-08-15,2.4391434,1.9961852
42,2022,Amazonas,2022-08-01,3,2022-08-22,0.0,1.9527022
42,2022,Amazonas,2022-08-01,4,2022-08-29,3.658715,1.8657937
42,2022,Amazonas,2022-08-08,1,2022-08-15,2.4391434,2.0282104
42,2022,Amazonas,2022-08-08,2,2022-08-22,0.0,1.8458817
42,2022,Amazonas,2022-08-08,3,2022-08-29,3.658715,1.8021204
42,2022,Amazonas,2022-08-08,4,2022-09-05,0.0,1.6679516
42,2022,Amazonas,2022-08-15,1,2022-08-22,0.0,1.2613165
42,2022,Amazonas,2022-08-15,2,2022-08-29,3.658715,1.2026358
42,2022,Amazonas,2022-08-15,3,2022-09-05,0.0,1.1012688
42,2022,Amazonas,2022-08-15,4,2022-09-12,1.2195716,1.0595648
42,2022,Amazonas,2022-08-22,1,2022-08-29,3.658715,1.2889394
42,2022,Amazonas,2022-08-22,2,2022-09-05,0.0,1.1901624
42,2022,Amazonas,2022-08-22,3,2022-09-12,1.2195716,1.0442692
42,2022,Amazonas,2022-08-22,4,2022-09-19,1.2195716,0.99671584
42,2022,Amazonas,2022-08-29,1,2022-09-05,0.0,0.9137697
42,2022,Amazonas,2022-08-29,2,2022-09-12,1.2195716,0.86175317
42,2022,Amazonas,2022-08-29,3,2022-09-19,1.2195716,0.8071892
42,2022,Amazonas,2022-08-29,4,2022-09-26,1.2195716,0.8016569
42,2022,Amazonas,2022-09-05,1,2022-09-12,1.2195716,1.3334353
42,2022,Amazonas,2022-09-05,2,2022-09-19,1.2195716,1.2817998
42,2022,Amazonas,2022-09-05,3,2022-09-26,1.2195716,1.2349972
42,2022,Amazonas,2022-09-05,4,2022-10-03,3.658715,1.2172244
42,2022,Amazonas,2022-09-12,1,2022-09-19,1.2195716,0.9995901
42,2022,Amazonas,2022-09-12,2,2022-09-26,1.2195716,0.9776852
42,2022,Amazonas,2022-09-12,3,2022-10-03,3.658715,0.96061975
42,2022,Amazonas,2022-09-12,4,2022-10-10,4.878287,0.9285798
42,2022,Amazonas,2022-09-19,1,2022-09-26,1.2195716,0.8897788
42,2022,Amazonas,2022-09-19,2,2022-10-03,3.658715,0.9117602
42,2022,Amazonas,2022-09-19,3,2022-10-10,4.878287,0.87881327
42,2022,Amazonas,2022-09-19,4,2022-10-17,1.2195716,0.8604757
42,2022,Amazonas,2022-09-26,1,2022-10-03,3.658715,0.92346066
42,2022,Amazonas,2022-09-26,2,2022-10-10,4.878287,0.9339107
42,2022,Amazonas,2022-09-26,3,2022-10-17,1.2195716,0.9255764
42,2022,Amazonas,2022-09-26,4,2022-10-24,4.878287,0.9163908
42,2022,Amazonas,2022-10-03,1,2022-10-10,4.878287,0.857357
42,2022,Amazonas,2022-10-03,2,2022-10-17,1.2195716,0.89440095
42,2022,Amazonas,2022-10-03,3,2022-10-24,4.878287,0.89724165
42,2022,Amazonas,2022-10-03,4,2022-10-31,9.756575,0.9311635
42,2022,Amazonas,2022-10-10,1,2022-10-17,1.2195716,1.4521474
42,2022,Amazonas,2022-10-10,2,2022-10-24,4.878287,1.5207937
42,2022,Amazonas,2022-10-10,3,2022-10-31,9.756575,1.5038188
42,2022,Amazonas,2022-10-10,4,2022-11-07,9.756575,1.5277659
42,2022,Amazonas,2022-10-17,1,2022-10-24,4.878287,2.3538897
42,2022,Amazonas,2022-10-17,2,2022-10-31,9.756575,2.3890214
42,2022,Amazonas,2022-10-17,3,2022-11-07,9.756575,2.4022686
42,2022,Amazonas,2022-10-17,4,2022-11-14,7.3174305,2.45048
42,2022,Amazonas,2022-10-24,1,2022-10-31,9.756575,2.057067
42,2022,Amazonas,2022-10-24,2,2022-11-07,9.756575,2.0849888
42,2022,Amazonas,2022-10-24,3,2022-11-14,7.3174305,2.106646
42,2022,Amazonas,2022-10-24,4,2022-11-21,3.658715,2.171712
42,2022,Amazonas,2022-10-31,1,2022-11-07,9.756575,2.6290083
42,2022,Amazonas,2022-10-31,2,2022-11-14,7.3174305,2.718165
42,2022,Amazonas,2022-10-31,3,2022-11-21,3.658715,2.737626
42,2022,Amazonas,2022-10-31,4,2022-11-28,2.4391434,2.85357
42,2022,Amazonas,2022-11-07,1,2022-11-14,7.3174305,5.0544124
42,2022,Amazonas,2022-11-07,2,2022-11-21,3.658715,5.149287
42,2022,Amazonas,2022-11-07,3,2022-11-28,2.4391434,5.166979
42,2022,Amazonas,2022-11-07,4,2022-12-05,9.756575,5.0869236
42,2022,Amazonas,2022-11-14,1,2022-11-21,3.658715,5.8638086
42,2022,Amazonas,2022-11-14,2,2022-11-28,2.4391434,6.0760903
42,2022,Amazonas,2022-11-14,3,2022-12-05,9.756575,6.1269503
42,2022,Amazonas,2022-11-14,4,2022-12-12,4.878287,6.3403234
42,2022,Amazonas,2022-11-21,1,2022-11-28,2.4391434,6.4734793
42,2022,Amazonas,2022-11-21,2,2022-12-05,9.756575,6.536914
42,2022,Amazonas,2022-11-21,3,2022-12-12,4.878287,6.618815
42,2022,Amazonas,2022-11-21,4,2022-12-19,14.634862,6.7737293
42,2022,Amazonas,2022-11-28,1,2022-12-05,9.756575,5.408967
42,2022,Amazonas,2022-11-28,2,2022-12-12,4.878287,5.3621893
42,2022,Amazonas,2022-11-28,3,2022-12-19,14.634862,5.4630327
42,2022,Amazonas,2022-11-28,4,2022-12-26,7.3174305,5.645704
42,2022,Antioquia,2022-01-24,1,2022-01-31,0.47216797,0.23641801
42,2022,Antioquia,2022-01-24,2,2022-02-07,0.2065735,0.25603613
42,2022,Antioquia,2022-01-24,3,2022-02-14,0.25083926,0.24107434
42,2022,Antioquia,2022-01-24,4,2022-02-21,0.41314697,0.21458714
42,2022,Antioquia,2022-01-31,1,2022-02-07,0.2065735,0.24086002
42,2022,Antioquia,2022-01-31,2,2022-02-14,0.25083926,0.2591191
42,2022,Antioquia,2022-01-31,3,2022-02-21,0.41314697,0.24901028
42,2022,Antioquia,2022-01-31,4,2022-02-28,0.354126,0.21238221
42,2022,Antioquia,2022-02-07,1,2022-02-14,0.25083926,0.27730256
42,2022,Antioquia,2022-02-07,2,2022-02-21,0.41314697,0.29777563
42,2022,Antioquia,2022-02-07,3,2022-02-28,0.354126,0.28162873
42,2022,Antioquia,2022-02-07,4,2022-03-07,0.39839175,0.24536397
42,2022,Antioquia,2022-02-14,1,2022-02-21,0.41314697,0.2788206
42,2022,Antioquia,2022-02-14,2,2022-02-28,0.354126,0.30144867
42,2022,Antioquia,2022-02-14,3,2022-03-07,0.39839175,0.30158025
42,2022,Antioquia,2022-02-14,4,2022-03-14,0.45741272,0.26184806
42,2022,Antioquia,2022-02-21,1,2022-02-28,0.354126,0.2824165
42,2022,Antioquia,2022-02-21,2,2022-03-07,0.39839175,0.3053456
42,2022,Antioquia,2022-02-21,3,2022-03-14,0.45741272,0.29943538
42,2022,Antioquia,2022-02-21,4,2022-03-21,0.354126,0.2520774
42,2022,Antioquia,2022-02-28,1,2022-03-07,0.39839175,0.26620987
42,2022,Antioquia,2022-02-28,2,2022-03-14,0.45741272,0.29141802
42,2022,Antioquia,2022-02-28,3,2022-03-21,0.354126,0.279999
42,2022,Antioquia,2022-02-28,4,2022-03-28,0.41314697,0.23600754
42,2022,Antioquia,2022-03-07,1,2022-03-14,0.45741272,0.2861143
42,2022,Antioquia,2022-03-07,2,2022-03-21,0.354126,0.30134866
42,2022,Antioquia,2022-03-07,3,2022-03-28,0.41314697,0.306666
42,2022,Antioquia,2022-03-07,4,2022-04-04,0.32461548,0.2784721
42,2022,Antioquia,2022-03-14,1,2022-03-21,0.354126,0.32691643
42,2022,Antioquia,2022-03-14,2,2022-03-28,0.41314697,0.34169185
42,2022,Antioquia,2022-03-14,3,2022-04-04,0.32461548,0.34300292
42,2022,Antioquia,2022-03-14,4,2022-04-11,0.56069946,0.2988474
42,2022,Antioquia,2022-03-21,1,2022-03-28,0.41314697,0.33146966
42,2022,Antioquia,2022-03-21,2,2022-04-04,0.32461548,0.343779
42,2022,Antioquia,2022-03-21,3,2022-04-11,0.56069946,0.33335787
42,2022,Antioquia,2022-03-21,4,2022-04-18,0.44265747,0.30145583
42,2022,Antioquia,2022-03-28,1,2022-04-04,0.32461548,0.35080317
42,2022,Antioquia,2022-03-28,2,2022-04-11,0.56069946,0.36703932
42,2022,Antioquia,2022-03-28,3,2022-04-18,0.44265747,0.36898574
42,2022,Antioquia,2022-03-28,4,2022-04-25,0.354126,0.3317969
42,2022,Antioquia,2022-04-04,1,2022-04-11,0.56069946,0.37987742
42,2022,Antioquia,2022-04-04,2,2022-04-18,0.44265747,0.39555505
42,2022,Antioquia,2022-04-04,3,2022-04-25,0.354126,0.40717697
42,2022,Antioquia,2022-04-04,4,2022-05-02,0.36888123,0.374771
42,2022,Antioquia,2022-04-11,1,2022-04-18,0.44265747,0.36276966
42,2022,Antioquia,2022-04-11,2,2022-04-25,0.354126,0.37283507
42,2022,Antioquia,2022-04-11,3,2022-05-02,0.36888123,0.376353
42,2022,Antioquia,2022-04-11,4,2022-05-09,0.7377625,0.33807015
42,2022,Antioquia,2022-04-18,1,2022-04-25,0.354126,0.38956398
42,2022,Antioquia,2022-04-18,2,2022-05-02,0.36888123,0.4097826
42,2022,Antioquia,2022-04-18,3,2022-05-09,0.7377625,0.40838054
42,2022,Antioquia,2022-04-18,4,2022-05-16,0.5754547,0.35940045
42,2022,Antioquia,2022-04-25,1,2022-05-02,0.36888123,0.41727844
42,2022,Antioquia,2022-04-25,2,2022-05-09,0.7377625,0.40507615
42,2022,Antioquia,2022-04-25,3,2022-05-16,0.5754547,0.4361422
42,2022,Antioquia,2022-04-25,4,2022-05-23,0.78202826,0.39793622
42,2022,Antioquia,2022-05-02,1,2022-05-09,0.7377625,0.43813136
42,2022,Antioquia,2022-05-02,2,2022-05-16,0.5754547,0.42675635
42,2022,Antioquia,2022-05-02,3,2022-05-23,0.78202826,0.45790884
42,2022,Antioquia,2022-05-02,4,2022-05-30,0.98860174,0.4155548
42,2022,Antioquia,2022-05-09,1,2022-05-16,0.5754547,0.442047
42,2022,Antioquia,2022-05-09,2,2022-05-23,0.78202826,0.44190148
42,2022,Antioquia,2022-05-09,3,2022-05-30,0.98860174,0.4573956
42,2022,Antioquia,2022-05-09,4,2022-06-06,1.2246858,0.4177611
42,2022,Antioquia,2022-05-16,1,2022-05-23,0.78202826,0.49182597
42,2022,Antioquia,2022-05-16,2,2022-05-30,0.98860174,0.4746899
42,2022,Antioquia,2022-05-16,3,2022-06-06,1.2246858,0.5093473
42,2022,Antioquia,2022-05-16,4,2022-06-13,0.78202826,0.4710152
42,2022,Antioquia,2022-05-23,1,2022-05-30,0.98860174,0.54732764
42,2022,Antioquia,2022-05-23,2,2022-06-06,1.2246858,0.52482504
42,2022,Antioquia,2022-05-23,3,2022-06-13,0.78202826,0.56958896
42,2022,Antioquia,2022-05-23,4,2022-06-20,0.7967835,0.5276848
42,2022,Antioquia,2022-05-30,1,2022-06-06,1.2246858,0.63303965
42,2022,Antioquia,2022-05-30,2,2022-06-13,0.78202826,0.619449
42,2022,Antioquia,2022-05-30,3,2022-06-20,0.7967835,0.65062106
42,2022,Antioquia,2022-05-30,4,2022-06-27,0.7967835,0.6097442
42,2022,Antioquia,2022-06-06,1,2022-06-13,0.78202826,0.7731427
42,2022,Antioquia,2022-06-06,2,2022-06-20,0.7967835,0.7673013
42,2022,Antioquia,2022-06-06,3,2022-06-27,0.7967835,0.8081292
42,2022,Antioquia,2022-06-06,4,2022-07-04,0.78202826,0.7505092
42,2022,Antioquia,2022-06-13,1,2022-06-20,0.7967835,0.98507035
42,2022,Antioquia,2022-06-13,2,2022-06-27,0.7967835,0.99818766
42,2022,Antioquia,2022-06-13,3,2022-07-04,0.78202826,1.0366666
42,2022,Antioquia,2022-06-13,4,2022-07-11,0.94433594,0.98252606
42,2022,Antioquia,2022-06-20,1,2022-06-27,0.7967835,0.9549796
42,2022,Antioquia,2022-06-20,2,2022-07-04,0.78202826,0.98114043
42,2022,Antioquia,2022-06-20,3,2022-07-11,0.94433594,1.011445
42,2022,Antioquia,2022-06-20,4,2022-07-18,0.6934967,0.9642382
42,2022,Antioquia,2022-06-27,1,2022-07-04,0.78202826,0.9463423
42,2022,Antioquia,2022-06-27,2,2022-07-11,0.94433594,0.971848
42,2022,Antioquia,2022-06-27,3,2022-07-18,0.6934967,0.99744374
42,2022,Antioquia,2022-06-27,4,2022-07-25,0.64923096,0.9482678
42,2022,Antioquia,2022-07-04,1,2022-07-11,0.94433594,0.96488214
42,2022,Antioquia,2022-07-04,2,2022-07-18,0.6934967,1.0006679
42,2022,Antioquia,2022-07-04,3,2022-07-25,0.64923096,1.0057067
42,2022,Antioquia,2022-07-04,4,2022-08-01,0.59021,0.9639627
42,2022,Antioquia,2022-07-11,1,2022-07-18,0.6934967,0.84133613
42,2022,Antioquia,2022-07-11,2,2022-07-25,0.64923096,0.86154425
42,2022,Antioquia,2022-07-11,3,2022-08-01,0.59021,0.87538415
42,2022,Antioquia,2022-07-11,4,2022-08-08,0.6787415,0.8246185
42,2022,Antioquia,2022-07-18,1,2022-07-25,0.64923096,0.8682229
42,2022,Antioquia,2022-07-18,2,2022-08-01,0.59021,0.87451535
42,2022,Antioquia,2022-07-18,3,2022-08-08,0.6787415,0.89274
42,2022,Antioquia,2022-07-18,4,2022-08-15,0.6344757,0.83792675
42,2022,Antioquia,2022-07-25,1,2022-08-01,0.59021,0.85784686
42,2022,Antioquia,2022-07-25,2,2022-08-08,0.6787415,0.85748756
42,2022,Antioquia,2022-07-25,3,2022-08-15,0.6344757,0.8946109
42,2022,Antioquia,2022-07-25,4,2022-08-22,0.5164338,0.83806086
42,2022,Antioquia,2022-08-01,1,2022-08-08,0.6787415,0.8088495
42,2022,Antioquia,2022-08-01,2,2022-08-15,0.6344757,0.81009185
42,2022,Antioquia,2022-08-01,3,2022-08-22,0.5164338,0.8423459
42,2022,Antioquia,2022-08-01,4,2022-08-29,0.66398627,0.7896813
42,2022,Antioquia,2022-08-08,1,2022-08-15,0.6344757,0.7176622
42,2022,Antioquia,2022-08-08,2,2022-08-22,0.5164338,0.73056
42,2022,Antioquia,2022-08-08,3,2022-08-29,0.66398627,0.7403889
42,2022,Antioquia,2022-08-08,4,2022-09-05,0.64923096,0.7063311
42,2022,Antioquia,2022-08-15,1,2022-08-22,0.5164338,0.68241316
42,2022,Antioquia,2022-08-15,2,2022-08-29,0.66398627,0.6793845
42,2022,Antioquia,2022-08-15,3,2022-09-05,0.64923096,0.6977125
42,2022,Antioquia,2022-08-15,4,2022-09-12,0.47216797,0.6589547
42,2022,Antioquia,2022-08-22,1,2022-08-29,0.66398627,0.65846825
42,2022,Antioquia,2022-08-22,2,2022-09-05,0.64923096,0.6492833
42,2022,Antioquia,2022-08-22,3,2022-09-12,0.47216797,0.66703814
42,2022,Antioquia,2022-08-22,4,2022-09-19,0.36888123,0.642098
42,2022,Antioquia,2022-08-29,1,2022-09-05,0.64923096,0.60244733
42,2022,Antioquia,2022-08-29,2,2022-09-12,0.47216797,0.584738
42,2022,Antioquia,2022-08-29,3,2022-09-19,0.36888123,0.6193527
42,2022,Antioquia,2022-08-29,4,2022-09-26,0.38363647,0.58918715
42,2022,Antioquia,2022-09-05,1,2022-09-12,0.47216797,0.59813595
42,2022,Antioquia,2022-09-05,2,2022-09-19,0.36888123,0.5892408
42,2022,Antioquia,2022-09-05,3,2022-09-26,0.38363647,0.59744537
42,2022,Antioquia,2022-09-05,4,2022-10-03,0.44265747,0.58277065
42,2022,Antioquia,2022-09-12,1,2022-09-19,0.36888123,0.59711397
42,2022,Antioquia,2022-09-12,2,2022-09-26,0.38363647,0.59787637
42,2022,Antioquia,2022-09-12,3,2022-10-03,0.44265747,0.6024536
42,2022,Antioquia,2022-09-12,4,2022-10-10,0.41314697,0.5902404
42,2022,Antioquia,2022-09-19,1,2022-09-26,0.38363647,0.5388301
42,2022,Antioquia,2022-09-19,2,2022-10-03,0.44265747,0.53035694
42,2022,Antioquia,2022-09-19,3,2022-10-10,0.41314697,0.54607636
42,2022,Antioquia,2022-09-19,4,2022-10-17,0.44265747,0.53750104
42,2022,Antioquia,2022-09-26,1,2022-10-03,0.44265747,0.47977623
42,2022,Antioquia,2022-09-26,2,2022-10-10,0.41314697,0.4732388
42,2022,Antioquia,2022-09-26,3,2022-10-17,0.44265747,0.47946382
42,2022,Antioquia,2022-09-26,4,2022-10-24,0.42790222,0.47094947
42,2022,Antioquia,2022-10-03,1,2022-10-10,0.41314697,0.44594052
42,2022,Antioquia,2022-10-03,2,2022-10-17,0.44265747,0.4437669
42,2022,Antioquia,2022-10-03,3,2022-10-24,0.42790222,0.44609404
42,2022,Antioquia,2022-10-03,4,2022-10-31,0.44265747,0.44130352
42,2022,Antioquia,2022-10-10,1,2022-10-17,0.44265747,0.4196572
42,2022,Antioquia,2022-10-10,2,2022-10-24,0.42790222,0.41795877
42,2022,Antioquia,2022-10-10,3,2022-10-31,0.44265747,0.42628732
42,2022,Antioquia,2022-10-10,4,2022-11-07,0.38363647,0.4074772
42,2022,Antioquia,2022-10-17,1,2022-10-24,0.42790222,0.3947464
42,2022,Antioquia,2022-10-17,2,2022-10-31,0.44265747,0.39510152
42,2022,Antioquia,2022-10-17,3,2022-11-07,0.38363647,0.4053931
42,2022,Antioquia,2022-10-17,4,2022-11-14,0.6049652,0.3815521
42,2022,Antioquia,2022-10-24,1,2022-10-31,0.44265747,0.37630078
42,2022,Antioquia,2022-10-24,2,2022-11-07,0.38363647,0.36664858
42,2022,Antioquia,2022-10-24,3,2022-11-14,0.6049652,0.38904536
42,2022,Antioquia,2022-10-24,4,2022-11-21,0.44265747,0.3528607
42,2022,Antioquia,2022-10-31,1,2022-11-07,0.38363647,0.34925961
42,2022,Antioquia,2022-10-31,2,2022-11-14,0.6049652,0.3401173
42,2022,Antioquia,2022-10-31,3,2022-11-21,0.44265747,0.35932603
42,2022,Antioquia,2022-10-31,4,2022-11-28,0.47216797,0.3352291
42,2022,Antioquia,2022-11-07,1,2022-11-14,0.6049652,0.34102637
42,2022,Antioquia,2022-11-07,2,2022-11-21,0.44265747,0.33827972
42,2022,Antioquia,2022-11-07,3,2022-11-28,0.47216797,0.34460497
42,2022,Antioquia,2022-11-07,4,2022-12-05,0.26559448,0.32528958
42,2022,Antioquia,2022-11-14,1,2022-11-21,0.44265747,0.3344006
42,2022,Antioquia,2022-11-14,2,2022-11-28,0.47216797,0.3261315
42,2022,Antioquia,2022-11-14,3,2022-12-05,0.26559448,0.34130308
42,2022,Antioquia,2022-11-14,4,2022-12-12,0.22132875,0.3265784
42,2022,Antioquia,2022-11-21,1,2022-11-28,0.47216797,0.3645584
42,2022,Antioquia,2022-11-21,2,2022-12-05,0.26559448,0.33329973
42,2022,Antioquia,2022-11-21,3,2022-12-12,0.22132875,0.366791
42,2022,Antioquia,2022-11-21,4,2022-12-19,0.39839175,0.34404722
42,2022,Antioquia,2022-11-28,1,2022-12-05,0.26559448,0.4098751
42,2022,Antioquia,2022-11-28,2,2022-12-12,0.22132875,0.41540304
42,2022,Antioquia,2022-11-28,3,2022-12-19,0.39839175,0.40636584
42,2022,Antioquia,2022-11-28,4,2022-12-26,0.39839175,0.41305125
42,2022,Arauca,2022-01-24,1,2022-01-31,0.7277861,0.35914356
42,2022,Arauca,2022-01-24,2,2022-02-07,0.0,0.38878134
42,2022,Arauca,2022-01-24,3,2022-02-14,0.7277861,0.38698453
42,2022,Arauca,2022-01-24,4,2022-02-21,0.0,0.41051003
42,2022,Arauca,2022-01-31,1,2022-02-07,0.0,0.5116222
42,2022,Arauca,2022-01-31,2,2022-02-14,0.7277861,0.52621263
42,2022,Arauca,2022-01-31,3,2022-02-21,0.0,0.5624055
42,2022,Arauca,2022-01-31,4,2022-02-28,0.3638931,0.53153604
42,2022,Arauca,2022-02-07,1,2022-02-14,0.7277861,0.60842085
42,2022,Arauca,2022-02-07,2,2022-02-21,0.0,0.65165216
42,2022,Arauca,2022-02-07,3,2022-02-28,0.3638931,0.6490886
42,2022,Arauca,2022-02-07,4,2022-03-07,0.7277861,0.6814098
42,2022,Arauca,2022-02-14,1,2022-02-21,0.0,0.43855193
42,2022,Arauca,2022-02-14,2,2022-02-28,0.3638931,0.4688979
42,2022,Arauca,2022-02-14,3,2022-03-07,0.7277861,0.4668279
42,2022,Arauca,2022-02-14,4,2022-03-14,1.4555722,0.5088088
42,2022,Arauca,2022-02-21,1,2022-02-28,0.3638931,0.43068993
42,2022,Arauca,2022-02-21,2,2022-03-07,0.7277861,0.45871907
42,2022,Arauca,2022-02-21,3,2022-03-14,1.4555722,0.44852263
42,2022,Arauca,2022-02-21,4,2022-03-21,0.3638931,0.48553348
42,2022,Arauca,2022-02-28,1,2022-03-07,0.7277861,0.27177748
42,2022,Arauca,2022-02-28,2,2022-03-14,1.4555722,0.29925758
42,2022,Arauca,2022-02-28,3,2022-03-21,0.3638931,0.28100902
42,2022,Arauca,2022-02-28,4,2022-03-28,1.0916792,0.3121643
42,2022,Arauca,2022-03-07,1,2022-03-14,1.4555722,0.2756721
42,2022,Arauca,2022-03-07,2,2022-03-21,0.3638931,0.28921774
42,2022,Arauca,2022-03-07,3,2022-03-28,1.0916792,0.28433156
42,2022,Arauca,2022-03-07,4,2022-04-04,1.4555722,0.29997525
42,2022,Arauca,2022-03-14,1,2022-03-21,0.3638931,0.3482578
42,2022,Arauca,2022-03-14,2,2022-03-28,1.0916792,0.37319767
42,2022,Arauca,2022-03-14,3,2022-04-04,1.4555722,0.387418
42,2022,Arauca,2022-03-14,4,2022-04-11,0.3638931,0.38576844
42,2022,Arauca,2022-03-21,1,2022-03-28,1.0916792,0.7146675
42,2022,Arauca,2022-03-21,2,2022-04-04,1.4555722,0.7484387
42,2022,Arauca,2022-03-21,3,2022-04-11,0.3638931,0.77625704
42,2022,Arauca,2022-03-21,4,2022-04-18,1.8194654,0.7231369
42,2022,Arauca,2022-03-28,1,2022-04-04,1.4555722,0.7282627
42,2022,Arauca,2022-03-28,2,2022-04-11,0.3638931,0.78737676
42,2022,Arauca,2022-03-28,3,2022-04-18,1.8194654,0.7835263
42,2022,Arauca,2022-03-28,4,2022-04-25,3.2750375,0.7949311
42,2022,Arauca,2022-04-04,1,2022-04-11,0.3638931,0.9611448
42,2022,Arauca,2022-04-04,2,2022-04-18,1.8194654,1.0395381
42,2022,Arauca,2022-04-04,3,2022-04-25,3.2750375,1.0668862
42,2022,Arauca,2022-04-04,4,2022-05-02,3.6389308,1.0594226
42,2022,Arauca,2022-04-11,1,2022-04-18,1.8194654,1.2607304
42,2022,Arauca,2022-04-11,2,2022-04-25,3.2750375,1.349342
42,2022,Arauca,2022-04-11,3,2022-05-02,3.6389308,1.4451689
42,2022,Arauca,2022-04-11,4,2022-05-09,3.2750375,1.3970729
42,2022,Arauca,2022-04-18,1,2022-04-25,3.2750375,0.89470166
42,2022,Arauca,2022-04-18,2,2022-05-02,3.6389308,0.944358
42,2022,Arauca,2022-04-18,3,2022-05-09,3.2750375,0.9929669
42,2022,Arauca,2022-04-18,4,2022-05-16,3.2750375,1.0102623
42,2022,Arauca,2022-04-25,1,2022-05-02,3.6389308,1.2829463
42,2022,Arauca,2022-04-25,2,2022-05-09,3.2750375,1.358212
42,2022,Arauca,2022-04-25,3,2022-05-16,3.2750375,1.4719818
42,2022,Arauca,2022-04-25,4,2022-05-23,8.733435,1.498831
42,2022,Arauca,2022-05-02,1,2022-05-09,3.2750375,2.6554148
42,2022,Arauca,2022-05-02,2,2022-05-16,3.2750375,2.6529343
42,2022,Arauca,2022-05-02,3,2022-05-23,8.733435,3.0194812
42,2022,Arauca,2022-05-02,4,2022-05-30,5.094503,2.9127223
42,2022,Arauca,2022-05-09,1,2022-05-16,3.2750375,4.15354
42,2022,Arauca,2022-05-09,2,2022-05-23,8.733435,4.2455864
42,2022,Arauca,2022-05-09,3,2022-05-30,5.094503,4.7643604
42,2022,Arauca,2022-05-09,4,2022-06-06,6.5500755,4.728585
42,2022,Arauca,2022-05-16,1,2022-05-23,8.733435,4.454637
42,2022,Arauca,2022-05-16,2,2022-05-30,5.094503,4.5397434
42,2022,Arauca,2022-05-16,3,2022-06-06,6.5500755,4.7829685
42,2022,Arauca,2022-05-16,4,2022-06-13,7.641755,4.8841305
42,2022,Arauca,2022-05-23,1,2022-05-30,5.094503,4.6452894
42,2022,Arauca,2022-05-23,2,2022-06-06,6.5500755,4.5958257
42,2022,Arauca,2022-05-23,3,2022-06-13,7.641755,4.7170234
42,2022,Arauca,2022-05-23,4,2022-06-20,6.1861825,4.713835
42,2022,Arauca,2022-05-30,1,2022-06-06,6.5500755,8.499415
42,2022,Arauca,2022-05-30,2,2022-06-13,7.641755,8.547469
42,2022,Arauca,2022-05-30,3,2022-06-20,6.1861825,8.754908
42,2022,Arauca,2022-05-30,4,2022-06-27,5.8222895,8.616516
42,2022,Arauca,2022-06-06,1,2022-06-13,7.641755,7.0940504
42,2022,Arauca,2022-06-06,2,2022-06-20,6.1861825,6.8666463
42,2022,Arauca,2022-06-06,3,2022-06-27,5.8222895,6.856622
42,2022,Arauca,2022-06-06,4,2022-07-04,2.9111447,6.8407707
42,2022,Arauca,2022-06-13,1,2022-06-20,6.1861825,7.458902
42,2022,Arauca,2022-06-13,2,2022-06-27,5.8222895,7.117038
42,2022,Arauca,2022-06-13,3,2022-07-04,2.9111447,7.0697412
42,2022,Arauca,2022-06-13,4,2022-07-11,6.5500755,6.945935
42,2022,Arauca,2022-06-20,1,2022-06-27,5.8222895,7.351555
42,2022,Arauca,2022-06-20,2,2022-07-04,2.9111447,6.946503
42,2022,Arauca,2022-06-20,3,2022-07-11,6.5500755,6.8525887
42,2022,Arauca,2022-06-20,4,2022-07-18,6.5500755,6.7397
42,2022,Arauca,2022-06-27,1,2022-07-04,2.9111447,6.7121673
42,2022,Arauca,2022-06-27,2,2022-07-11,6.5500755,6.1932535
42,2022,Arauca,2022-06-27,3,2022-07-18,6.5500755,5.9101
42,2022,Arauca,2022-06-27,4,2022-07-25,5.094503,5.9129844
42,2022,Arauca,2022-07-04,1,2022-07-11,6.5500755,5.5661416
42,2022,Arauca,2022-07-04,2,2022-07-18,6.5500755,4.9864407
42,2022,Arauca,2022-07-04,3,2022-07-25,5.094503,4.6193423
42,2022,Arauca,2022-07-04,4,2022-08-01,4.366717,4.449526
42,2022,Arauca,2022-07-11,1,2022-07-18,6.5500755,3.7945688
42,2022,Arauca,2022-07-11,2,2022-07-25,5.094503,3.375615
42,2022,Arauca,2022-07-11,3,2022-08-01,4.366717,3.1187963
42,2022,Arauca,2022-07-11,4,2022-08-08,5.458396,3.0220304
42,2022,Arauca,2022-07-18,1,2022-07-25,5.094503,4.4657583
42,2022,Arauca,2022-07-18,2,2022-08-01,4.366717,4.017703
42,2022,Arauca,2022-07-18,3,2022-08-08,5.458396,3.596163
42,2022,Arauca,2022-07-18,4,2022-08-15,5.458396,3.3581283
42,2022,Arauca,2022-07-25,1,2022-08-01,4.366717,4.4924846
42,2022,Arauca,2022-07-25,2,2022-08-08,5.458396,4.0679684
42,2022,Arauca,2022-07-25,3,2022-08-15,5.458396,3.5486786
42,2022,Arauca,2022-07-25,4,2022-08-22,2.1833587,3.4163525
42,2022,Arauca,2022-08-01,1,2022-08-08,5.458396,3.9385495
42,2022,Arauca,2022-08-01,2,2022-08-15,5.458396,3.584925
42,2022,Arauca,2022-08-01,3,2022-08-22,2.1833587,3.0922704
42,2022,Arauca,2022-08-01,4,2022-08-29,4.002824,2.976067
42,2022,Arauca,2022-08-08,1,2022-08-15,5.458396,3.4205873
42,2022,Arauca,2022-08-08,2,2022-08-22,2.1833587,3.0044715
42,2022,Arauca,2022-08-08,3,2022-08-29,4.002824,2.6323292
42,2022,Arauca,2022-08-08,4,2022-09-05,2.9111447,2.5442395
42,2022,Arauca,2022-08-15,1,2022-08-22,2.1833587,3.7653465
42,2022,Arauca,2022-08-15,2,2022-08-29,4.002824,3.426751
42,2022,Arauca,2022-08-15,3,2022-09-05,2.9111447,3.0117369
42,2022,Arauca,2022-08-15,4,2022-09-12,1.4555722,2.9534976
42,2022,Arauca,2022-08-22,1,2022-08-29,4.002824,4.1854444
42,2022,Arauca,2022-08-22,2,2022-09-05,2.9111447,3.8452618
42,2022,Arauca,2022-08-22,3,2022-09-12,1.4555722,3.4688606
42,2022,Arauca,2022-08-22,4,2022-09-19,3.2750375,3.351845
42,2022,Arauca,2022-08-29,1,2022-09-05,2.9111447,2.671158
42,2022,Arauca,2022-08-29,2,2022-09-12,1.4555722,2.4561327
42,2022,Arauca,2022-08-29,3,2022-09-19,3.2750375,2.2986412
42,2022,Arauca,2022-08-29,4,2022-09-26,2.9111447,2.2837777
42,2022,Arauca,2022-09-05,1,2022-09-12,1.4555722,2.8190732
42,2022,Arauca,2022-09-05,2,2022-09-19,3.2750375,2.656905
42,2022,Arauca,2022-09-05,3,2022-09-26,2.9111447,2.4952137
42,2022,Arauca,2022-09-05,4,2022-10-03,1.4555722,2.485538
42,2022,Arauca,2022-09-12,1,2022-09-19,3.2750375,2.584592
42,2022,Arauca,2022-09-12,2,2022-09-26,2.9111447,2.498244
42,2022,Arauca,2022-09-12,3,2022-10-03,1.4555722,2.3665843
42,2022,Arauca,2022-09-12,4,2022-10-10,1.4555722,2.4045951
42,2022,Arauca,2022-09-19,1,2022-09-26,2.9111447,2.09537
42,2022,Arauca,2022-09-19,2,2022-10-03,1.4555722,2.0502267
42,2022,Arauca,2022-09-19,3,2022-10-10,1.4555722,1.9863095
42,2022,Arauca,2022-09-19,4,2022-10-17,2.1833587,2.089534
42,2022,Arauca,2022-09-26,1,2022-10-03,1.4555722,2.5435262
42,2022,Arauca,2022-09-26,2,2022-10-10,1.4555722,2.5179188
42,2022,Arauca,2022-09-26,3,2022-10-17,2.1833587,2.5049195
42,2022,Arauca,2022-09-26,4,2022-10-24,1.4555722,2.5230548
42,2022,Arauca,2022-10-03,1,2022-10-10,1.4555722,2.5798738
42,2022,Arauca,2022-10-03,2,2022-10-17,2.1833587,2.5492947
42,2022,Arauca,2022-10-03,3,2022-10-24,1.4555722,2.481092
42,2022,Arauca,2022-10-03,4,2022-10-31,1.8194654,2.5823123
42,2022,Arauca,2022-10-10,1,2022-10-17,2.1833587,2.024825
42,2022,Arauca,2022-10-10,2,2022-10-24,1.4555722,2.0515382
42,2022,Arauca,2022-10-10,3,2022-10-31,1.8194654,2.0729086
42,2022,Arauca,2022-10-10,4,2022-11-07,2.5472517,2.0851943
42,2022,Arauca,2022-10-17,1,2022-10-24,1.4555722,1.8191354
42,2022,Arauca,2022-10-17,2,2022-10-31,1.8194654,1.8322911
42,2022,Arauca,2022-10-17,3,2022-11-07,2.5472517,1.89696
42,2022,Arauca,2022-10-17,4,2022-11-14,2.9111447,1.9008842
42,2022,Arauca,2022-10-24,1,2022-10-31,1.8194654,1.9350575
42,2022,Arauca,2022-10-24,2,2022-11-07,2.5472517,1.9637047
42,2022,Arauca,2022-10-24,3,2022-11-14,2.9111447,2.0049558
42,2022,Arauca,2022-10-24,4,2022-11-21,3.2750375,2.0115077
42,2022,Arauca,2022-10-31,1,2022-11-07,2.5472517,1.7207136
42,2022,Arauca,2022-10-31,2,2022-11-14,2.9111447,1.7330323
42,2022,Arauca,2022-10-31,3,2022-11-21,3.2750375,1.7444884
42,2022,Arauca,2022-10-31,4,2022-11-28,1.4555722,1.8199706
42,2022,Arauca,2022-11-07,1,2022-11-14,2.9111447,1.5668935
42,2022,Arauca,2022-11-07,2,2022-11-21,3.2750375,1.5524195
42,2022,Arauca,2022-11-07,3,2022-11-28,1.4555722,1.5643309
42,2022,Arauca,2022-11-07,4,2022-12-05,0.3638931,1.6481369
42,2022,Arauca,2022-11-14,1,2022-11-21,3.2750375,1.8334998
42,2022,Arauca,2022-11-14,2,2022-11-28,1.4555722,1.899067
42,2022,Arauca,2022-11-14,3,2022-12-05,0.3638931,1.9417928
42,2022,Arauca,2022-11-14,4,2022-12-12,1.4555722,2.0094993
42,2022,Arauca,2022-11-21,1,2022-11-28,1.4555722,2.323717
42,2022,Arauca,2022-11-21,2,2022-12-05,0.3638931,2.3826048
42,2022,Arauca,2022-11-21,3,2022-12-12,1.4555722,2.4145117
42,2022,Arauca,2022-11-21,4,2022-12-19,1.4555722,2.4753025
42,2022,Arauca,2022-11-28,1,2022-12-05,0.3638931,2.7294745
42,2022,Arauca,2022-11-28,2,2022-12-12,1.4555722,2.8084288
42,2022,Arauca,2022-11-28,3,2022-12-19,1.4555722,2.836049
42,2022,Arauca,2022-11-28,4,2022-12-26,0.3638931,2.8491185
42,2022,Atlantico,2022-01-24,1,2022-01-31,6.633,3.744435
42,2022,Atlantico,2022-01-24,2,2022-02-07,6.416706,3.0581982
42,2022,Atlantico,2022-01-24,3,2022-02-14,4.794505,2.5857384
42,2022,Atlantico,2022-01-24,4,2022-02-21,3.5688422,2.4139361
42,2022,Atlantico,2022-01-31,1,2022-02-07,6.416706,3.3246956
42,2022,Atlantico,2022-01-31,2,2022-02-14,4.794505,2.5859978
42,2022,Atlantico,2022-01-31,3,2022-02-21,3.5688422,2.1337135
42,2022,Atlantico,2022-01-31,4,2022-02-28,2.9199615,1.9851109
42,2022,Atlantico,2022-02-07,1,2022-02-14,4.794505,3.0834637
42,2022,Atlantico,2022-02-07,2,2022-02-21,3.5688422,2.3436317
42,2022,Atlantico,2022-02-07,3,2022-02-28,2.9199615,1.9453892
42,2022,Atlantico,2022-02-07,4,2022-03-07,3.2083528,1.8039242
42,2022,Atlantico,2022-02-14,1,2022-02-21,3.5688422,2.8859737
42,2022,Atlantico,2022-02-14,2,2022-02-28,2.9199615,2.2298841
42,2022,Atlantico,2022-02-14,3,2022-03-07,3.2083528,1.8574051
42,2022,Atlantico,2022-02-14,4,2022-03-14,2.2350323,1.7698195
42,2022,Atlantico,2022-02-21,1,2022-02-28,2.9199615,2.286004
42,2022,Atlantico,2022-02-21,2,2022-03-07,3.2083528,1.7843149
42,2022,Atlantico,2022-02-21,3,2022-03-14,2.2350323,1.4669832
42,2022,Atlantico,2022-02-21,4,2022-03-21,1.7663965,1.4890165
42,2022,Atlantico,2022-02-28,1,2022-03-07,3.2083528,1.7488006
42,2022,Atlantico,2022-02-28,2,2022-03-14,2.2350323,1.3420411
42,2022,Atlantico,2022-02-28,3,2022-03-21,1.7663965,1.1501845
42,2022,Atlantico,2022-02-28,4,2022-03-28,1.7303478,1.1958178
42,2022,Atlantico,2022-03-07,1,2022-03-14,2.2350323,1.5118649
42,2022,Atlantico,2022-03-07,2,2022-03-21,1.7663965,1.1701663
42,2022,Atlantico,2022-03-07,3,2022-03-28,1.7303478,1.0496681
42,2022,Atlantico,2022-03-07,4,2022-04-04,1.2256628,1.0279158
42,2022,Atlantico,2022-03-14,1,2022-03-21,1.7663965,1.455939
42,2022,Atlantico,2022-03-14,2,2022-03-28,1.7303478,1.1563336
42,2022,Atlantico,2022-03-14,3,2022-04-04,1.2256628,1.0502055
42,2022,Atlantico,2022-03-14,4,2022-04-11,1.2977607,0.9836875
42,2022,Atlantico,2022-03-21,1,2022-03-28,1.7303478,1.377816
42,2022,Atlantico,2022-03-21,2,2022-04-04,1.2256628,1.1543093
42,2022,Atlantico,2022-03-21,3,2022-04-11,1.2977607,1.0374173
42,2022,Atlantico,2022-03-21,4,2022-04-18,1.1896139,0.9431328
42,2022,Atlantico,2022-03-28,1,2022-04-04,1.2256628,1.3256178
42,2022,Atlantico,2022-03-28,2,2022-04-11,1.2977607,1.2420347
42,2022,Atlantico,2022-03-28,3,2022-04-18,1.1896139,1.1585029
42,2022,Atlantico,2022-03-28,4,2022-04-25,0.8651738,1.042256
42,2022,Atlantico,2022-04-04,1,2022-04-11,1.2977607,1.4796817
42,2022,Atlantico,2022-04-04,2,2022-04-18,1.1896139,1.4236743
42,2022,Atlantico,2022-04-04,3,2022-04-25,0.8651738,1.4128488
42,2022,Atlantico,2022-04-04,4,2022-05-02,1.0814673,1.3508564
42,2022,Atlantico,2022-04-11,1,2022-04-18,1.1896139,1.3251342
42,2022,Atlantico,2022-04-11,2,2022-04-25,0.8651738,1.3121378
42,2022,Atlantico,2022-04-11,3,2022-05-02,1.0814673,1.359234
42,2022,Atlantico,2022-04-11,4,2022-05-09,1.3338097,1.3429776
42,2022,Atlantico,2022-04-18,1,2022-04-25,0.8651738,1.2157495
42,2022,Atlantico,2022-04-18,2,2022-05-02,1.0814673,1.2086499
42,2022,Atlantico,2022-04-18,3,2022-05-09,1.3338097,1.3191202
42,2022,Atlantico,2022-04-18,4,2022-05-16,1.6222008,1.2204764
42,2022,Atlantico,2022-04-25,1,2022-05-02,1.0814673,1.150999
42,2022,Atlantico,2022-04-25,2,2022-05-09,1.3338097,1.1473004
42,2022,Atlantico,2022-04-25,3,2022-05-16,1.6222008,1.2371696
42,2022,Atlantico,2022-04-25,4,2022-05-23,1.9105921,1.1602485
42,2022,Atlantico,2022-05-02,1,2022-05-09,1.3338097,0.9914239
42,2022,Atlantico,2022-05-02,2,2022-05-16,1.6222008,0.973868
42,2022,Atlantico,2022-05-02,3,2022-05-23,1.9105921,1.0251781
42,2022,Atlantico,2022-05-02,4,2022-05-30,2.5594728,0.9860273
42,2022,Atlantico,2022-05-09,1,2022-05-16,1.6222008,0.92751646
42,2022,Atlantico,2022-05-09,2,2022-05-23,1.9105921,0.9592706
42,2022,Atlantico,2022-05-09,3,2022-05-30,2.5594728,0.9487605
42,2022,Atlantico,2022-05-09,4,2022-06-06,2.1989834,0.9240417
42,2022,Atlantico,2022-05-16,1,2022-05-23,1.9105921,0.94017655
42,2022,Atlantico,2022-05-16,2,2022-05-30,2.5594728,1.0038855
42,2022,Atlantico,2022-05-16,3,2022-06-06,2.1989834,1.0046641
42,2022,Atlantico,2022-05-16,4,2022-06-13,2.0908365,0.96974343
42,2022,Atlantico,2022-05-23,1,2022-05-30,2.5594728,1.0785779
42,2022,Atlantico,2022-05-23,2,2022-06-06,2.1989834,1.1414819
42,2022,Atlantico,2022-05-23,3,2022-06-13,2.0908365,1.1301416
42,2022,Atlantico,2022-05-23,4,2022-06-20,2.4873745,1.0684032
42,2022,Atlantico,2022-05-30,1,2022-06-06,2.1989834,1.409769
42,2022,Atlantico,2022-05-30,2,2022-06-13,2.0908365,1.4723762
42,2022,Atlantico,2022-05-30,3,2022-06-20,2.4873745,1.4570738
42,2022,Atlantico,2022-05-30,4,2022-06-27,3.0281081,1.3959705
42,2022,Atlantico,2022-06-06,1,2022-06-13,2.0908365,2.0534558
42,2022,Atlantico,2022-06-06,2,2022-06-20,2.4873745,2.1150799
42,2022,Atlantico,2022-06-06,3,2022-06-27,3.0281081,2.117435
42,2022,Atlantico,2022-06-06,4,2022-07-04,3.7130377,2.0558996
42,2022,Atlantico,2022-06-13,1,2022-06-20,2.4873745,2.5131867
42,2022,Atlantico,2022-06-13,2,2022-06-27,3.0281081,2.5760207
42,2022,Atlantico,2022-06-13,3,2022-07-04,3.7130377,2.602444
42,2022,Atlantico,2022-06-13,4,2022-07-11,4.902652,2.536052
42,2022,Atlantico,2022-06-20,1,2022-06-27,3.0281081,2.6612303
42,2022,Atlantico,2022-06-20,2,2022-07-04,3.7130377,2.7535558
42,2022,Atlantico,2022-06-20,3,2022-07-11,4.902652,2.8020923
42,2022,Atlantico,2022-06-20,4,2022-07-18,5.803875,2.682532
42,2022,Atlantico,2022-06-27,1,2022-07-04,3.7130377,3.039001
42,2022,Atlantico,2022-06-27,2,2022-07-11,4.902652,3.1032522
42,2022,Atlantico,2022-06-27,3,2022-07-18,5.803875,3.1071692
42,2022,Atlantico,2022-06-27,4,2022-07-25,7.2097826,2.952262
42,2022,Atlantico,2022-07-04,1,2022-07-11,4.902652,3.5898373
42,2022,Atlantico,2022-07-04,2,2022-07-18,5.803875,3.5234277
42,2022,Atlantico,2022-07-04,3,2022-07-25,7.2097826,3.4710991
42,2022,Atlantico,2022-07-04,4,2022-08-01,6.9934893,3.245557
42,2022,Atlantico,2022-07-11,1,2022-07-18,5.803875,4.3200006
42,2022,Atlantico,2022-07-11,2,2022-07-25,7.2097826,4.2211123
42,2022,Atlantico,2022-07-11,3,2022-08-01,6.9934893,4.2083116
42,2022,Atlantico,2022-07-11,4,2022-08-08,6.416706,3.9337065
42,2022,Atlantico,2022-07-18,1,2022-07-25,7.2097826,5.698085
42,2022,Atlantico,2022-07-18,2,2022-08-01,6.9934893,5.557384
42,2022,Atlantico,2022-07-18,3,2022-08-08,6.416706,5.5190477
42,2022,Atlantico,2022-07-18,4,2022-08-15,5.335239,5.1233463
42,2022,Atlantico,2022-07-25,1,2022-08-01,6.9934893,7.024065
42,2022,Atlantico,2022-07-25,2,2022-08-08,6.416706,6.884377
42,2022,Atlantico,2022-07-25,3,2022-08-15,5.335239,6.8044543
42,2022,Atlantico,2022-07-25,4,2022-08-22,7.1376843,6.349738
42,2022,Atlantico,2022-08-01,1,2022-08-08,6.416706,8.760175
42,2022,Atlantico,2022-08-01,2,2022-08-15,5.335239,8.585593
42,2022,Atlantico,2022-08-01,3,2022-08-22,7.1376843,8.4397955
42,2022,Atlantico,2022-08-01,4,2022-08-29,7.2097826,7.8729787
42,2022,Atlantico,2022-08-08,1,2022-08-15,5.335239,8.837362
42,2022,Atlantico,2022-08-08,2,2022-08-22,7.1376843,8.682639
42,2022,Atlantico,2022-08-08,3,2022-08-29,7.2097826,8.600282
42,2022,Atlantico,2022-08-08,4,2022-09-05,7.498174,8.133525
42,2022,Atlantico,2022-08-15,1,2022-08-22,7.1376843,8.3796625
42,2022,Atlantico,2022-08-15,2,2022-08-29,7.2097826,8.228706
42,2022,Atlantico,2022-08-15,3,2022-09-05,7.498174,8.149623
42,2022,Atlantico,2022-08-15,4,2022-09-12,6.5609016,7.848509
42,2022,Atlantico,2022-08-22,1,2022-08-29,7.2097826,7.5157
42,2022,Atlantico,2022-08-22,2,2022-09-05,7.498174,7.1482105
42,2022,Atlantico,2022-08-22,3,2022-09-12,6.5609016,7.0343466
42,2022,Atlantico,2022-08-22,4,2022-09-19,8.147054,6.6535645
42,2022,Atlantico,2022-08-29,1,2022-09-05,7.498174,8.199807
42,2022,Atlantico,2022-08-29,2,2022-09-12,6.5609016,8.052603
42,2022,Atlantico,2022-08-29,3,2022-09-19,8.147054,7.9383545
42,2022,Atlantico,2022-08-29,4,2022-09-26,7.60632,7.6070814
42,2022,Atlantico,2022-09-05,1,2022-09-12,6.5609016,8.594554
42,2022,Atlantico,2022-09-05,2,2022-09-19,8.147054,8.592262
42,2022,Atlantico,2022-09-05,3,2022-09-26,7.60632,8.365122
42,2022,Atlantico,2022-09-05,4,2022-10-03,8.723837,8.130529
42,2022,Atlantico,2022-09-12,1,2022-09-19,8.147054,8.893536
42,2022,Atlantico,2022-09-12,2,2022-09-26,7.60632,8.928818
42,2022,Atlantico,2022-09-12,3,2022-10-03,8.723837,8.656869
42,2022,Atlantico,2022-09-12,4,2022-10-10,8.687788,8.443447
42,2022,Atlantico,2022-09-19,1,2022-09-26,7.60632,8.038341
42,2022,Atlantico,2022-09-19,2,2022-10-03,8.723837,8.0435295
42,2022,Atlantico,2022-09-19,3,2022-10-10,8.687788,7.8475385
42,2022,Atlantico,2022-09-19,4,2022-10-17,11.175162,7.5988483
42,2022,Atlantico,2022-09-26,1,2022-10-03,8.723837,8.605697
42,2022,Atlantico,2022-09-26,2,2022-10-10,8.687788,8.609251
42,2022,Atlantico,2022-09-26,3,2022-10-17,11.175162,8.437799
42,2022,Atlantico,2022-09-26,4,2022-10-24,12.689217,8.072842
42,2022,Atlantico,2022-10-03,1,2022-10-10,8.687788,8.736431
42,2022,Atlantico,2022-10-03,2,2022-10-17,11.175162,8.719085
42,2022,Atlantico,2022-10-03,3,2022-10-24,12.689217,8.506206
42,2022,Atlantico,2022-10-03,4,2022-10-31,11.896141,8.120304
42,2022,Atlantico,2022-10-10,1,2022-10-17,11.175162,9.219831
42,2022,Atlantico,2022-10-10,2,2022-10-24,12.689217,9.222707
42,2022,Atlantico,2022-10-10,3,2022-10-31,11.896141,9.117547
42,2022,Atlantico,2022-10-10,4,2022-11-07,13.55439,8.740427
42,2022,Atlantico,2022-10-17,1,2022-10-24,12.689217,9.223838
42,2022,Atlantico,2022-10-17,2,2022-10-31,11.896141,9.128458
42,2022,Atlantico,2022-10-17,3,2022-11-07,13.55439,9.114151
42,2022,Atlantico,2022-10-17,4,2022-11-14,15.104492,8.587045
42,2022,Atlantico,2022-10-24,1,2022-10-31,11.896141,10.819924
42,2022,Atlantico,2022-10-24,2,2022-11-07,13.55439,10.766039
42,2022,Atlantico,2022-10-24,3,2022-11-14,15.104492,10.78522
42,2022,Atlantico,2022-10-24,4,2022-11-21,16.870892,10.185729
42,2022,Atlantico,2022-10-31,1,2022-11-07,13.55439,12.7835
42,2022,Atlantico,2022-10-31,2,2022-11-14,15.104492,12.713454
42,2022,Atlantico,2022-10-31,3,2022-11-21,16.870892,12.573353
42,2022,Atlantico,2022-10-31,4,2022-11-28,15.969669,11.47727
42,2022,Atlantico,2022-11-07,1,2022-11-14,15.104492,12.537237
42,2022,Atlantico,2022-11-07,2,2022-11-21,16.870892,12.519001
42,2022,Atlantico,2022-11-07,3,2022-11-28,15.969669,12.517347
42,2022,Atlantico,2022-11-07,4,2022-12-05,18.060503,11.636246
42,2022,Atlantico,2022-11-14,1,2022-11-21,16.870892,13.658194
42,2022,Atlantico,2022-11-14,2,2022-11-28,15.969669,13.600312
42,2022,Atlantico,2022-11-14,3,2022-12-05,18.060503,13.754785
42,2022,Atlantico,2022-11-14,4,2022-12-12,17.663967,12.722367
42,2022,Atlantico,2022-11-21,1,2022-11-28,15.969669,15.457801
42,2022,Atlantico,2022-11-21,2,2022-12-05,18.060503,15.492548
42,2022,Atlantico,2022-11-21,3,2022-12-12,17.663967,15.373022
42,2022,Atlantico,2022-11-21,4,2022-12-19,17.231377,13.994073
42,2022,Atlantico,2022-11-28,1,2022-12-05,18.060503,17.544662
42,2022,Atlantico,2022-11-28,2,2022-12-12,17.663967,17.662352
42,2022,Atlantico,2022-11-28,3,2022-12-19,17.231377,17.39574
42,2022,Atlantico,2022-11-28,4,2022-12-26,18.997774,15.743975
42,2022,Bogota d.c.,2022-01-24,1,2022-01-31,0.0,0.025461283
42,2022,Bogota d.c.,2022-01-24,2,2022-02-07,0.0,0.027953472
42,2022,Bogota d.c.,2022-01-24,3,2022-02-14,0.0,0.013270856
42,2022,Bogota d.c.,2022-01-24,4,2022-02-21,0.0,0.0040628673
42,2022,Bogota d.c.,2022-01-31,1,2022-02-07,0.0,0.012717981
42,2022,Bogota d.c.,2022-01-31,2,2022-02-14,0.0,0.023618752
42,2022,Bogota d.c.,2022-01-31,3,2022-02-21,0.0,0.01646669
42,2022,Bogota d.c.,2022-01-31,4,2022-02-28,0.0,0.0
42,2022,Bogota d.c.,2022-02-07,1,2022-02-14,0.0,0.006677427
42,2022,Bogota d.c.,2022-02-07,2,2022-02-21,0.0,0.022557404
42,2022,Bogota d.c.,2022-02-07,3,2022-02-28,0.0,0.021951769
42,2022,Bogota d.c.,2022-02-07,4,2022-03-07,0.0,0.0
42,2022,Bogota d.c.,2022-02-14,1,2022-02-21,0.0,0.0
42,2022,Bogota d.c.,2022-02-14,2,2022-02-28,0.0,0.0011716414
42,2022,Bogota d.c.,2022-02-14,3,2022-03-07,0.0,0.0053628157
42,2022,Bogota d.c.,2022-02-14,4,2022-03-14,0.0,0.0047394913
42,2022,Bogota d.c.,2022-02-21,1,2022-02-28,0.0,0.0
42,2022,Bogota d.c.,2022-02-21,2,2022-03-07,0.0,0.012530855
42,2022,Bogota d.c.,2022-02-21,3,2022-03-14,0.0,0.008342119
42,2022,Bogota d.c.,2022-02-21,4,2022-03-21,0.0,0.0
42,2022,Bogota d.c.,2022-02-28,1,2022-03-07,0.0,0.0
42,2022,Bogota d.c.,2022-02-28,2,2022-03-14,0.0,0.0021130834
42,2022,Bogota d.c.,2022-02-28,3,2022-03-21,0.0,0.0
42,2022,Bogota d.c.,2022-02-28,4,2022-03-28,0.0,0.0
42,2022,Bogota d.c.,2022-03-07,1,2022-03-14,0.0,0.0
42,2022,Bogota d.c.,2022-03-07,2,2022-03-21,0.0,0.0
42,2022,Bogota d.c.,2022-03-07,3,2022-03-28,0.0,0.0
42,2022,Bogota d.c.,2022-03-07,4,2022-04-04,0.0,0.0
42,2022,Bogota d.c.,2022-03-14,1,2022-03-21,0.0,0.0
42,2022,Bogota d.c.,2022-03-14,2,2022-03-28,0.0,0.0
42,2022,Bogota d.c.,2022-03-14,3,2022-04-04,0.0,0.0
42,2022,Bogota d.c.,2022-03-14,4,2022-04-11,0.0,0.0
42,2022,Bogota d.c.,2022-03-21,1,2022-03-28,0.0,0.0
42,2022,Bogota d.c.,2022-03-21,2,2022-04-04,0.0,0.0
42,2022,Bogota d.c.,2022-03-21,3,2022-04-11,0.0,0.0
42,2022,Bogota d.c.,2022-03-21,4,2022-04-18,0.0,0.0
42,2022,Bogota d.c.,2022-03-28,1,2022-04-04,0.0,0.0
42,2022,Bogota d.c.,2022-03-28,2,2022-04-11,0.0,0.009725799
42,2022,Bogota d.c.,2022-03-28,3,2022-04-18,0.0,0.0068408144
42,2022,Bogota d.c.,2022-03-28,4,2022-04-25,0.0,0.0
42,2022,Bogota d.c.,2022-04-04,1,2022-04-11,0.0,0.0
42,2022,Bogota d.c.,2022-04-04,2,2022-04-18,0.0,0.010945784
42,2022,Bogota d.c.,2022-04-04,3,2022-04-25,0.0,0.0018149599
42,2022,Bogota d.c.,2022-04-04,4,2022-05-02,0.0,0.0
42,2022,Bogota d.c.,2022-04-11,1,2022-04-18,0.0,0.02614904
42,2022,Bogota d.c.,2022-04-11,2,2022-04-25,0.0,0.032310024
42,2022,Bogota d.c.,2022-04-11,3,2022-05-02,0.0,0.043929677
42,2022,Bogota d.c.,2022-04-11,4,2022-05-09,0.0,0.023396438
42,2022,Bogota d.c.,2022-04-18,1,2022-04-25,0.0,0.013974984
42,2022,Bogota d.c.,2022-04-18,2,2022-05-02,0.0,0.04283881
42,2022,Bogota d.c.,2022-04-18,3,2022-05-09,0.0,0.03830498
42,2022,Bogota d.c.,2022-04-18,4,2022-05-16,0.0,0.016704554
42,2022,Bogota d.c.,2022-04-25,1,2022-05-02,0.0,0.012406981
42,2022,Bogota d.c.,2022-04-25,2,2022-05-09,0.0,0.021937357
42,2022,Bogota d.c.,2022-04-25,3,2022-05-16,0.0,0.04084141
42,2022,Bogota d.c.,2022-04-25,4,2022-05-23,0.0,0.023639945
42,2022,Bogota d.c.,2022-05-02,1,2022-05-09,0.0,0.050442223
42,2022,Bogota d.c.,2022-05-02,2,2022-05-16,0.0,0.04473691
42,2022,Bogota d.c.,2022-05-02,3,2022-05-23,0.0,0.07072029
42,2022,Bogota d.c.,2022-05-02,4,2022-05-30,0.0,0.046398744
42,2022,Bogota d.c.,2022-05-09,1,2022-05-16,0.0,0.023515256
42,2022,Bogota d.c.,2022-05-09,2,2022-05-23,0.0,0.033559248
42,2022,Bogota d.c.,2022-05-09,3,2022-05-30,0.0,0.03714446
42,2022,Bogota d.c.,2022-05-09,4,2022-06-06,0.0,0.024700707
42,2022,Bogota d.c.,2022-05-16,1,2022-05-23,0.0,0.020510025
42,2022,Bogota d.c.,2022-05-16,2,2022-05-30,0.0,0.023115207
42,2022,Bogota d.c.,2022-05-16,3,2022-06-06,0.0,0.037104055
42,2022,Bogota d.c.,2022-05-16,4,2022-06-13,0.0,0.019631026
42,2022,Bogota d.c.,2022-05-23,1,2022-05-30,0.0,0.049661454
42,2022,Bogota d.c.,2022-05-23,2,2022-06-06,0.0,0.03909087
42,2022,Bogota d.c.,2022-05-23,3,2022-06-13,0.0,0.056376737
42,2022,Bogota d.c.,2022-05-23,4,2022-06-20,0.0,0.04014534
42,2022,Bogota d.c.,2022-05-30,1,2022-06-06,0.0,0.05219384
42,2022,Bogota d.c.,2022-05-30,2,2022-06-13,0.0,0.045322884
42,2022,Bogota d.c.,2022-05-30,3,2022-06-20,0.0,0.046431404
42,2022,Bogota d.c.,2022-05-30,4,2022-06-27,0.0,0.033921495
42,2022,Bogota d.c.,2022-06-06,1,2022-06-13,0.0,0.021999504
42,2022,Bogota d.c.,2022-06-06,2,2022-06-20,0.0,0.03497076
42,2022,Bogota d.c.,2022-06-06,3,2022-06-27,0.0,0.037264813
42,2022,Bogota d.c.,2022-06-06,4,2022-07-04,0.0,0.021466028
42,2022,Bogota d.c.,2022-06-13,1,2022-06-20,0.0,0.030373165
42,2022,Bogota d.c.,2022-06-13,2,2022-06-27,0.0,0.029888816
42,2022,Bogota d.c.,2022-06-13,3,2022-07-04,0.0,0.040810604
42,2022,Bogota d.c.,2022-06-13,4,2022-07-11,0.0,0.027996393
42,2022,Bogota d.c.,2022-06-20,1,2022-06-27,0.0,0.03915693
42,2022,Bogota d.c.,2022-06-20,2,2022-07-04,0.0,0.034997728
42,2022,Bogota d.c.,2022-06-20,3,2022-07-11,0.0,0.040876023
42,2022,Bogota d.c.,2022-06-20,4,2022-07-18,0.0,0.032398533
42,2022,Bogota d.c.,2022-06-27,1,2022-07-04,0.0,0.017600484
42,2022,Bogota d.c.,2022-06-27,2,2022-07-11,0.0,0.029437814
42,2022,Bogota d.c.,2022-06-27,3,2022-07-18,0.0,0.02672343
42,2022,Bogota d.c.,2022-06-27,4,2022-07-25,0.0,0.019701254
42,2022,Bogota d.c.,2022-07-04,1,2022-07-11,0.0,0.035225548
42,2022,Bogota d.c.,2022-07-04,2,2022-07-18,0.0,0.029881407
42,2022,Bogota d.c.,2022-07-04,3,2022-07-25,0.0,0.041562844
42,2022,Bogota d.c.,2022-07-04,4,2022-08-01,0.0,0.025202714
42,2022,Bogota d.c.,2022-07-11,1,2022-07-18,0.0,0.038117386
42,2022,Bogota d.c.,2022-07-11,2,2022-07-25,0.0,0.027986333
42,2022,Bogota d.c.,2022-07-11,3,2022-08-01,0.0,0.034966864
42,2022,Bogota d.c.,2022-07-11,4,2022-08-08,0.0,0.024440285
42,2022,Bogota d.c.,2022-07-18,1,2022-07-25,0.0,0.03047291
42,2022,Bogota d.c.,2022-07-18,2,2022-08-01,0.0,0.027417673
42,2022,Bogota d.c.,2022-07-18,3,2022-08-08,0.0,0.019878902
42,2022,Bogota d.c.,2022-07-18,4,2022-08-15,0.0,0.015999971
42,2022,Bogota d.c.,2022-07-25,1,2022-08-01,0.0,0.03281073
42,2022,Bogota d.c.,2022-07-25,2,2022-08-08,0.0,0.026163554
42,2022,Bogota d.c.,2022-07-25,3,2022-08-15,0.0,0.0315162
42,2022,Bogota d.c.,2022-07-25,4,2022-08-22,0.0,0.0117545985
42,2022,Bogota d.c.,2022-08-01,1,2022-08-08,0.0,0.034632802
42,2022,Bogota d.c.,2022-08-01,2,2022-08-15,0.0,0.023909906
42,2022,Bogota d.c.,2022-08-01,3,2022-08-22,0.0,0.02599454
42,2022,Bogota d.c.,2022-08-01,4,2022-08-29,0.0,0.018609937
42,2022,Bogota d.c.,2022-08-08,1,2022-08-15,0.0,0.04975623
42,2022,Bogota d.c.,2022-08-08,2,2022-08-22,0.0,0.040579755
42,2022,Bogota d.c.,2022-08-08,3,2022-08-29,0.0,0.03995612
42,2022,Bogota d.c.,2022-08-08,4,2022-09-05,0.0,0.03145283
42,2022,Bogota d.c.,2022-08-15,1,2022-08-22,0.0,0.04061098
42,2022,Bogota d.c.,2022-08-15,2,2022-08-29,0.0,0.036979638
42,2022,Bogota d.c.,2022-08-15,3,2022-09-05,0.0,0.031244913
42,2022,Bogota d.c.,2022-08-15,4,2022-09-12,0.0,0.023711594
42,2022,Bogota d.c.,2022-08-22,1,2022-08-29,0.0,0.054705255
42,2022,Bogota d.c.,2022-08-22,2,2022-09-05,0.0,0.033403583
42,2022,Bogota d.c.,2022-08-22,3,2022-09-12,0.0,0.030055873
42,2022,Bogota d.c.,2022-08-22,4,2022-09-19,0.0,0.034349795
42,2022,Bogota d.c.,2022-08-29,1,2022-09-05,0.0,0.048149154
42,2022,Bogota d.c.,2022-08-29,2,2022-09-12,0.0,0.03003489
42,2022,Bogota d.c.,2022-08-29,3,2022-09-19,0.0,0.02894206
42,2022,Bogota d.c.,2022-08-29,4,2022-09-26,0.0,0.027588861
42,2022,Bogota d.c.,2022-09-05,1,2022-09-12,0.0,0.052957978
42,2022,Bogota d.c.,2022-09-05,2,2022-09-19,0.0,0.027166845
42,2022,Bogota d.c.,2022-09-05,3,2022-09-26,0.0,0.025318142
42,2022,Bogota d.c.,2022-09-05,4,2022-10-03,0.0,0.018344143
42,2022,Bogota d.c.,2022-09-12,1,2022-09-19,0.0,0.03389092
42,2022,Bogota d.c.,2022-09-12,2,2022-09-26,0.0,0.010947663
42,2022,Bogota d.c.,2022-09-12,3,2022-10-03,0.0,0.010261994
42,2022,Bogota d.c.,2022-09-12,4,2022-10-10,0.0,0.0037824416
42,2022,Bogota d.c.,2022-09-19,1,2022-09-26,0.0,0.02359791
42,2022,Bogota d.c.,2022-09-19,2,2022-10-03,0.0,0.013954862
42,2022,Bogota d.c.,2022-09-19,3,2022-10-10,0.0,0.006000268
42,2022,Bogota d.c.,2022-09-19,4,2022-10-17,0.0,0.0
42,2022,Bogota d.c.,2022-09-26,1,2022-10-03,0.0,0.032221742
42,2022,Bogota d.c.,2022-09-26,2,2022-10-10,0.0,0.013986668
42,2022,Bogota d.c.,2022-09-26,3,2022-10-17,0.0,0.0094236005
42,2022,Bogota d.c.,2022-09-26,4,2022-10-24,0.0,0.005479055
42,2022,Bogota d.c.,2022-10-03,1,2022-10-10,0.0,0.023620818
42,2022,Bogota d.c.,2022-10-03,2,2022-10-17,0.0,0.010909649
42,2022,Bogota d.c.,2022-10-03,3,2022-10-24,0.0,0.0038974306
42,2022,Bogota d.c.,2022-10-03,4,2022-10-31,0.0,0.0095738415
42,2022,Bogota d.c.,2022-10-10,1,2022-10-17,0.0,0.028194318
42,2022,Bogota d.c.,2022-10-10,2,2022-10-24,0.0,0.012373807
42,2022,Bogota d.c.,2022-10-10,3,2022-10-31,0.0,0.00015400977
42,2022,Bogota d.c.,2022-10-10,4,2022-11-07,0.0,0.007835529
42,2022,Bogota d.c.,2022-10-17,1,2022-10-24,0.0,0.0037341076
42,2022,Bogota d.c.,2022-10-17,2,2022-10-31,0.0,0.0
42,2022,Bogota d.c.,2022-10-17,3,2022-11-07,0.0,0.0
42,2022,Bogota d.c.,2022-10-17,4,2022-11-14,0.0,0.0
42,2022,Bogota d.c.,2022-10-24,1,2022-10-31,0.0,0.0
42,2022,Bogota d.c.,2022-10-24,2,2022-11-07,0.0,0.0
42,2022,Bogota d.c.,2022-10-24,3,2022-11-14,0.0,0.0
42,2022,Bogota d.c.,2022-10-24,4,2022-11-21,0.0,0.0
42,2022,Bogota d.c.,2022-10-31,1,2022-11-07,0.0,0.0
42,2022,Bogota d.c.,2022-10-31,2,2022-11-14,0.0,0.0
42,2022,Bogota d.c.,2022-10-31,3,2022-11-21,0.0,0.0
42,2022,Bogota d.c.,2022-10-31,4,2022-11-28,0.0,0.0
42,2022,Bogota d.c.,2022-11-07,1,2022-11-14,0.0,0.0
42,2022,Bogota d.c.,2022-11-07,2,2022-11-21,0.0,0.0
42,2022,Bogota d.c.,2022-11-07,3,2022-11-28,0.0,0.0
42,2022,Bogota d.c.,2022-11-07,4,2022-12-05,0.0,0.0
42,2022,Bogota d.c.,2022-11-14,1,2022-11-21,0.0,0.0
42,2022,Bogota d.c.,2022-11-14,2,2022-11-28,0.0,0.0
42,2022,Bogota d.c.,2022-11-14,3,2022-12-05,0.0,0.0
42,2022,Bogota d.c.,2022-11-14,4,2022-12-12,0.0,0.0
42,2022,Bogota d.c.,2022-11-21,1,2022-11-28,0.0,0.0
42,2022,Bogota d.c.,2022-11-21,2,2022-12-05,0.0,0.0
42,2022,Bogota d.c.,2022-11-21,3,2022-12-12,0.0,0.0
42,2022,Bogota d.c.,2022-11-21,4,2022-12-19,0.0,0.0
42,2022,Bogota d.c.,2022-11-28,1,2022-12-05,0.0,0.0
42,2022,Bogota d.c.,2022-11-28,2,2022-12-12,0.0,0.0
42,2022,Bogota d.c.,2022-11-28,3,2022-12-19,0.0,0.0
42,2022,Bogota d.c.,2022-11-28,4,2022-12-26,0.0,0.0
42,2022,Bolivar,2022-01-24,1,2022-01-31,2.5964856,2.6470942
42,2022,Bolivar,2022-01-24,2,2022-02-07,2.2320664,2.3507428
42,2022,Bolivar,2022-01-24,3,2022-02-14,2.0043046,2.0976987
42,2022,Bolivar,2022-01-24,4,2022-02-21,2.8242476,2.0918043
42,2022,Bolivar,2022-01-31,1,2022-02-07,2.2320664,2.59373
42,2022,Bolivar,2022-01-31,2,2022-02-14,2.0043046,2.3157845
42,2022,Bolivar,2022-01-31,3,2022-02-21,2.8242476,2.110303
42,2022,Bolivar,2022-01-31,4,2022-02-28,3.5075333,2.0499063
42,2022,Bolivar,2022-02-07,1,2022-02-14,2.0043046,2.288565
42,2022,Bolivar,2022-02-07,2,2022-02-21,2.8242476,2.0634315
42,2022,Bolivar,2022-02-07,3,2022-02-28,3.5075333,1.9608874
42,2022,Bolivar,2022-02-07,4,2022-03-07,2.3687236,1.7944335
42,2022,Bolivar,2022-02-14,1,2022-02-21,2.8242476,1.9212081
42,2022,Bolivar,2022-02-14,2,2022-02-28,3.5075333,1.7052561
42,2022,Bolivar,2022-02-14,3,2022-03-07,2.3687236,1.6013162
42,2022,Bolivar,2022-02-14,4,2022-03-14,1.3665713,1.4590287
42,2022,Bolivar,2022-02-21,1,2022-02-28,3.5075333,1.4163337
42,2022,Bolivar,2022-02-21,2,2022-03-07,2.3687236,1.2874501
42,2022,Bolivar,2022-02-21,3,2022-03-14,1.3665713,1.1937683
42,2022,Bolivar,2022-02-21,4,2022-03-21,1.5032285,1.0395349
42,2022,Bolivar,2022-02-28,1,2022-03-07,2.3687236,1.6447365
42,2022,Bolivar,2022-02-28,2,2022-03-14,1.3665713,1.5702496
42,2022,Bolivar,2022-02-28,3,2022-03-21,1.5032285,1.552834
42,2022,Bolivar,2022-02-28,4,2022-03-28,2.4142761,1.322242
42,2022,Bolivar,2022-03-07,1,2022-03-14,1.3665713,2.1839025
42,2022,Bolivar,2022-03-07,2,2022-03-21,1.5032285,2.14989
42,2022,Bolivar,2022-03-07,3,2022-03-28,2.4142761,2.170013
42,2022,Bolivar,2022-03-07,4,2022-04-04,1.8220954,1.9410813
42,2022,Bolivar,2022-03-14,1,2022-03-21,1.5032285,1.9911708
42,2022,Bolivar,2022-03-14,2,2022-03-28,2.4142761,1.9641323
42,2022,Bolivar,2022-03-14,3,2022-04-04,1.8220954,2.010649
42,2022,Bolivar,2022-03-14,4,2022-04-11,1.8220954,1.800853
42,2022,Bolivar,2022-03-21,1,2022-03-28,2.4142761,1.7334021
42,2022,Bolivar,2022-03-21,2,2022-04-04,1.8220954,1.7216728
42,2022,Bolivar,2022-03-21,3,2022-04-11,1.8220954,1.733507
42,2022,Bolivar,2022-03-21,4,2022-04-18,2.2320664,1.6322855
42,2022,Bolivar,2022-03-28,1,2022-04-04,1.8220954,1.6495596
42,2022,Bolivar,2022-03-28,2,2022-04-11,1.8220954,1.625915
42,2022,Bolivar,2022-03-28,3,2022-04-18,2.2320664,1.6909161
42,2022,Bolivar,2022-03-28,4,2022-04-25,2.5509334,1.6099892
42,2022,Bolivar,2022-04-04,1,2022-04-11,1.8220954,1.8323731
42,2022,Bolivar,2022-04-04,2,2022-04-18,2.2320664,1.8195823
42,2022,Bolivar,2022-04-04,3,2022-04-25,2.5509334,1.8782647
42,2022,Bolivar,2022-04-04,4,2022-05-02,2.4598286,1.9508028
42,2022,Bolivar,2022-04-11,1,2022-04-18,2.2320664,1.749419
42,2022,Bolivar,2022-04-11,2,2022-04-25,2.5509334,1.7602342
42,2022,Bolivar,2022-04-11,3,2022-05-02,2.4598286,1.802025
42,2022,Bolivar,2022-04-11,4,2022-05-09,3.4164283,1.9101272
42,2022,Bolivar,2022-04-18,1,2022-04-25,2.5509334,1.9269598
42,2022,Bolivar,2022-04-18,2,2022-05-02,2.4598286,1.9772451
42,2022,Bolivar,2022-04-18,3,2022-05-09,3.4164283,2.0567794
42,2022,Bolivar,2022-04-18,4,2022-05-16,4.00861,2.048774
42,2022,Bolivar,2022-04-25,1,2022-05-02,2.4598286,2.1763115
42,2022,Bolivar,2022-04-25,2,2022-05-09,3.4164283,2.1874816
42,2022,Bolivar,2022-04-25,3,2022-05-16,4.00861,2.2490678
42,2022,Bolivar,2022-04-25,4,2022-05-23,8.336084,2.2680423
42,2022,Bolivar,2022-05-02,1,2022-05-09,3.4164283,2.4209592
42,2022,Bolivar,2022-05-02,2,2022-05-16,4.00861,2.3956347
42,2022,Bolivar,2022-05-02,3,2022-05-23,8.336084,2.4785
42,2022,Bolivar,2022-05-02,4,2022-05-30,7.015067,2.4826212
42,2022,Bolivar,2022-05-09,1,2022-05-16,4.00861,2.6651692
42,2022,Bolivar,2022-05-09,2,2022-05-23,8.336084,2.6972332
42,2022,Bolivar,2022-05-09,3,2022-05-30,7.015067,2.764044
42,2022,Bolivar,2022-05-09,4,2022-06-06,5.602943,2.809104
42,2022,Bolivar,2022-05-16,1,2022-05-23,8.336084,3.0622663
42,2022,Bolivar,2022-05-16,2,2022-05-30,7.015067,3.102318
42,2022,Bolivar,2022-05-16,3,2022-06-06,5.602943,3.2156088
42,2022,Bolivar,2022-05-16,4,2022-06-13,4.7829995,3.1730175
42,2022,Bolivar,2022-05-23,1,2022-05-30,7.015067,3.7407694
42,2022,Bolivar,2022-05-23,2,2022-06-06,5.602943,3.6833766
42,2022,Bolivar,2022-05-23,3,2022-06-13,4.7829995,3.7498436
42,2022,Bolivar,2022-05-23,4,2022-06-20,3.6897428,3.5630283
42,2022,Bolivar,2022-05-30,1,2022-06-06,5.602943,6.893153
42,2022,Bolivar,2022-05-30,2,2022-06-13,4.7829995,6.9095197
42,2022,Bolivar,2022-05-30,3,2022-06-20,3.6897428,6.996564
42,2022,Bolivar,2022-05-30,4,2022-06-27,5.0107613,6.6453247
42,2022,Bolivar,2022-06-06,1,2022-06-13,4.7829995,8.466972
42,2022,Bolivar,2022-06-06,2,2022-06-20,3.6897428,8.21127
42,2022,Bolivar,2022-06-06,3,2022-06-27,5.0107613,8.255353
42,2022,Bolivar,2022-06-06,4,2022-07-04,4.8285522,7.884175
42,2022,Bolivar,2022-06-13,1,2022-06-20,3.6897428,7.433772
42,2022,Bolivar,2022-06-13,2,2022-06-27,5.0107613,7.08392
42,2022,Bolivar,2022-06-13,3,2022-07-04,4.8285522,6.9981904
42,2022,Bolivar,2022-06-13,4,2022-07-11,4.6463428,6.615631
42,2022,Bolivar,2022-06-20,1,2022-06-27,5.0107613,6.341681
42,2022,Bolivar,2022-06-20,2,2022-07-04,4.8285522,5.9287677
42,2022,Bolivar,2022-06-20,3,2022-07-11,4.6463428,5.8045535
42,2022,Bolivar,2022-06-20,4,2022-07-18,3.8719525,5.4835963
42,2022,Bolivar,2022-06-27,1,2022-07-04,4.8285522,5.193154
42,2022,Bolivar,2022-06-27,2,2022-07-11,4.6463428,4.7145896
42,2022,Bolivar,2022-06-27,3,2022-07-18,3.8719525,4.5332255
42,2022,Bolivar,2022-06-27,4,2022-07-25,5.9218097,4.1946664
42,2022,Bolivar,2022-07-04,1,2022-07-11,4.6463428,5.163283
42,2022,Bolivar,2022-07-04,2,2022-07-18,3.8719525,4.6594687
42,2022,Bolivar,2022-07-04,3,2022-07-25,5.9218097,4.385136
42,2022,Bolivar,2022-07-04,4,2022-08-01,4.555238,3.9473639
42,2022,Bolivar,2022-07-11,1,2022-07-18,3.8719525,4.932498
42,2022,Bolivar,2022-07-11,2,2022-07-25,5.9218097,4.553687
42,2022,Bolivar,2022-07-11,3,2022-08-01,4.555238,4.346802
42,2022,Bolivar,2022-07-11,4,2022-08-08,4.8285522,4.000883
42,2022,Bolivar,2022-07-18,1,2022-07-25,5.9218097,4.701948
42,2022,Bolivar,2022-07-18,2,2022-08-01,4.555238,4.382963
42,2022,Bolivar,2022-07-18,3,2022-08-08,4.8285522,4.1786175
42,2022,Bolivar,2022-07-18,4,2022-08-15,5.5118375,3.952017
42,2022,Bolivar,2022-07-25,1,2022-08-01,4.555238,4.270416
42,2022,Bolivar,2022-07-25,2,2022-08-08,4.8285522,3.9721515
42,2022,Bolivar,2022-07-25,3,2022-08-15,5.5118375,3.7892065
42,2022,Bolivar,2022-07-25,4,2022-08-22,5.9673615,3.630365
42,2022,Bolivar,2022-08-01,1,2022-08-08,4.8285522,5.2299237
42,2022,Bolivar,2022-08-01,2,2022-08-15,5.5118375,4.948486
42,2022,Bolivar,2022-08-01,3,2022-08-22,5.9673615,4.6569676
42,2022,Bolivar,2022-08-01,4,2022-08-29,4.7829995,4.4234233
42,2022,Bolivar,2022-08-08,1,2022-08-15,5.5118375,4.7727265
42,2022,Bolivar,2022-08-08,2,2022-08-22,5.9673615,4.5611196
42,2022,Bolivar,2022-08-08,3,2022-08-29,4.7829995,4.3743224
42,2022,Bolivar,2022-08-08,4,2022-09-05,5.2840757,4.281559
42,2022,Bolivar,2022-08-15,1,2022-08-22,5.9673615,4.72383
42,2022,Bolivar,2022-08-15,2,2022-08-29,4.7829995,4.476301
42,2022,Bolivar,2022-08-15,3,2022-09-05,5.2840757,4.3002486
42,2022,Bolivar,2022-08-15,4,2022-09-12,4.8285522,4.2929664
42,2022,Bolivar,2022-08-22,1,2022-08-29,4.7829995,5.0166078
42,2022,Bolivar,2022-08-22,2,2022-09-05,5.2840757,4.7101903
42,2022,Bolivar,2022-08-22,3,2022-09-12,4.8285522,4.5142713
42,2022,Bolivar,2022-08-22,4,2022-09-19,3.9630573,4.4773283
42,2022,Bolivar,2022-08-29,1,2022-09-05,5.2840757,5.2378654
42,2022,Bolivar,2022-08-29,2,2022-09-12,4.8285522,4.992176
42,2022,Bolivar,2022-08-29,3,2022-09-19,3.9630573,4.8641424
42,2022,Bolivar,2022-08-29,4,2022-09-26,4.60079,4.8457274
42,2022,Bolivar,2022-09-05,1,2022-09-12,4.8285522,5.2174306
42,2022,Bolivar,2022-09-05,2,2022-09-19,3.9630573,5.0088143
42,2022,Bolivar,2022-09-05,3,2022-09-26,4.60079,4.928348
42,2022,Bolivar,2022-09-05,4,2022-10-03,4.60079,4.9011836
42,2022,Bolivar,2022-09-12,1,2022-09-19,3.9630573,5.3884153
42,2022,Bolivar,2022-09-12,2,2022-09-26,4.60079,5.2356553
42,2022,Bolivar,2022-09-12,3,2022-10-03,4.60079,5.1587667
42,2022,Bolivar,2022-09-12,4,2022-10-10,6.5139894,5.094469
42,2022,Bolivar,2022-09-19,1,2022-09-26,4.60079,5.152147
42,2022,Bolivar,2022-09-19,2,2022-10-03,4.60079,4.985101
42,2022,Bolivar,2022-09-19,3,2022-10-10,6.5139894,4.8886003
42,2022,Bolivar,2022-09-19,4,2022-10-17,3.8719525,4.8027782
42,2022,Bolivar,2022-09-26,1,2022-10-03,4.60079,4.524954
42,2022,Bolivar,2022-09-26,2,2022-10-10,6.5139894,4.3832173
42,2022,Bolivar,2022-09-26,3,2022-10-17,3.8719525,4.3142056
42,2022,Bolivar,2022-09-26,4,2022-10-24,6.195124,4.325689
42,2022,Bolivar,2022-10-03,1,2022-10-10,6.5139894,4.610614
42,2022,Bolivar,2022-10-03,2,2022-10-17,3.8719525,4.515674
42,2022,Bolivar,2022-10-03,3,2022-10-24,6.195124,4.4494305
42,2022,Bolivar,2022-10-03,4,2022-10-31,5.3296285,4.4454627
42,2022,Bolivar,2022-10-10,1,2022-10-17,3.8719525,4.3430243
42,2022,Bolivar,2022-10-10,2,2022-10-24,6.195124,4.3568506
42,2022,Bolivar,2022-10-10,3,2022-10-31,5.3296285,4.318732
42,2022,Bolivar,2022-10-10,4,2022-11-07,4.691895,4.2421846
42,2022,Bolivar,2022-10-17,1,2022-10-24,6.195124,5.2550592
42,2022,Bolivar,2022-10-17,2,2022-10-31,5.3296285,5.2635646
42,2022,Bolivar,2022-10-17,3,2022-11-07,4.691895,5.286669
42,2022,Bolivar,2022-10-17,4,2022-11-14,4.5096855,5.1249104
42,2022,Bolivar,2022-10-24,1,2022-10-31,5.3296285,4.5690985
42,2022,Bolivar,2022-10-24,2,2022-11-07,4.691895,4.5038123
42,2022,Bolivar,2022-10-24,3,2022-11-14,4.5096855,4.5571923
42,2022,Bolivar,2022-10-24,4,2022-11-21,6.969514,4.536891
42,2022,Bolivar,2022-10-31,1,2022-11-07,4.691895,5.252338
42,2022,Bolivar,2022-10-31,2,2022-11-14,4.5096855,5.142906
42,2022,Bolivar,2022-10-31,3,2022-11-21,6.969514,5.1496463
42,2022,Bolivar,2022-10-31,4,2022-11-28,6.104019,5.135029
42,2022,Bolivar,2022-11-07,1,2022-11-14,4.5096855,5.207905
42,2022,Bolivar,2022-11-07,2,2022-11-21,6.969514,5.045532
42,2022,Bolivar,2022-11-07,3,2022-11-28,6.104019,5.072782
42,2022,Bolivar,2022-11-07,4,2022-12-05,5.6484947,4.918873
42,2022,Bolivar,2022-11-14,1,2022-11-21,6.969514,4.9846225
42,2022,Bolivar,2022-11-14,2,2022-11-28,6.104019,4.827993
42,2022,Bolivar,2022-11-14,3,2022-12-05,5.6484947,4.9018745
42,2022,Bolivar,2022-11-14,4,2022-12-12,6.6050944,4.7218847
42,2022,Bolivar,2022-11-21,1,2022-11-28,6.104019,4.789525
42,2022,Bolivar,2022-11-21,2,2022-12-05,5.6484947,4.5755453
42,2022,Bolivar,2022-11-21,3,2022-12-12,6.6050944,4.603764
42,2022,Bolivar,2022-11-21,4,2022-12-19,6.149571,4.3825607
42,2022,Bolivar,2022-11-28,1,2022-12-05,5.6484947,6.0463214
42,2022,Bolivar,2022-11-28,2,2022-12-12,6.6050944,5.934716
42,2022,Bolivar,2022-11-28,3,2022-12-19,6.149571,5.9677453
42,2022,Bolivar,2022-11-28,4,2022-12-26,5.9673615,5.747122
42,2022,Boyaca,2022-01-24,1,2022-01-31,0.23652461,0.16876005
42,2022,Boyaca,2022-01-24,2,2022-02-07,0.15768307,0.17356227
42,2022,Boyaca,2022-01-24,3,2022-02-14,0.15768307,0.19172406
42,2022,Boyaca,2022-01-24,4,2022-02-21,0.0,0.16818947
42,2022,Boyaca,2022-01-31,1,2022-02-07,0.15768307,0.16110219
42,2022,Boyaca,2022-01-31,2,2022-02-14,0.15768307,0.17276269
42,2022,Boyaca,2022-01-31,3,2022-02-21,0.0,0.1805199
42,2022,Boyaca,2022-01-31,4,2022-02-28,0.07884154,0.15446572
42,2022,Boyaca,2022-02-07,1,2022-02-14,0.15768307,0.16267408
42,2022,Boyaca,2022-02-07,2,2022-02-21,0.0,0.16120553
42,2022,Boyaca,2022-02-07,3,2022-02-28,0.07884154,0.17443053
42,2022,Boyaca,2022-02-07,4,2022-03-07,0.07884154,0.15717418
42,2022,Boyaca,2022-02-14,1,2022-02-21,0.0,0.1798379
42,2022,Boyaca,2022-02-14,2,2022-02-28,0.07884154,0.17819534
42,2022,Boyaca,2022-02-14,3,2022-03-07,0.07884154,0.20466776
42,2022,Boyaca,2022-02-14,4,2022-03-14,0.23652461,0.17377274
42,2022,Boyaca,2022-02-21,1,2022-02-28,0.07884154,0.18229218
42,2022,Boyaca,2022-02-21,2,2022-03-07,0.07884154,0.1725372
42,2022,Boyaca,2022-02-21,3,2022-03-14,0.23652461,0.22839105
42,2022,Boyaca,2022-02-21,4,2022-03-21,0.7884153,0.19148085
42,2022,Boyaca,2022-02-28,1,2022-03-07,0.07884154,0.14050324
42,2022,Boyaca,2022-02-28,2,2022-03-14,0.23652461,0.13580742
42,2022,Boyaca,2022-02-28,3,2022-03-21,0.7884153,0.16510658
42,2022,Boyaca,2022-02-28,4,2022-03-28,0.31536615,0.14217499
42,2022,Boyaca,2022-03-07,1,2022-03-14,0.23652461,0.13349563
42,2022,Boyaca,2022-03-07,2,2022-03-21,0.7884153,0.118045546
42,2022,Boyaca,2022-03-07,3,2022-03-28,0.31536615,0.17257406
42,2022,Boyaca,2022-03-07,4,2022-04-04,0.07884154,0.14660601
42,2022,Boyaca,2022-03-14,1,2022-03-21,0.7884153,0.13208948
42,2022,Boyaca,2022-03-14,2,2022-03-28,0.31536615,0.10925479
42,2022,Boyaca,2022-03-14,3,2022-04-04,0.07884154,0.16497415
42,2022,Boyaca,2022-03-14,4,2022-04-11,0.47304922,0.14117563
42,2022,Boyaca,2022-03-21,1,2022-03-28,0.31536615,0.1410924
42,2022,Boyaca,2022-03-21,2,2022-04-04,0.07884154,0.12911215
42,2022,Boyaca,2022-03-21,3,2022-04-11,0.47304922,0.1754737
42,2022,Boyaca,2022-03-21,4,2022-04-18,0.15768307,0.14169613
42,2022,Boyaca,2022-03-28,1,2022-04-04,0.07884154,0.2966711
42,2022,Boyaca,2022-03-28,2,2022-04-11,0.47304922,0.2845364
42,2022,Boyaca,2022-03-28,3,2022-04-18,0.15768307,0.32440808
42,2022,Boyaca,2022-03-28,4,2022-04-25,0.39420766,0.29139414
42,2022,Boyaca,2022-04-04,1,2022-04-11,0.47304922,0.30659118
42,2022,Boyaca,2022-04-04,2,2022-04-18,0.15768307,0.303075
42,2022,Boyaca,2022-04-04,3,2022-04-25,0.39420766,0.35133302
42,2022,Boyaca,2022-04-04,4,2022-05-02,0.39420766,0.31514674
42,2022,Boyaca,2022-04-11,1,2022-04-18,0.15768307,0.28449947
42,2022,Boyaca,2022-04-11,2,2022-04-25,0.39420766,0.27589512
42,2022,Boyaca,2022-04-11,3,2022-05-02,0.39420766,0.32096046
42,2022,Boyaca,2022-04-11,4,2022-05-09,0.7884153,0.27362654
42,2022,Boyaca,2022-04-18,1,2022-04-25,0.39420766,0.33265808
42,2022,Boyaca,2022-04-18,2,2022-05-02,0.39420766,0.31431398
42,2022,Boyaca,2022-04-18,3,2022-05-09,0.7884153,0.36108807
42,2022,Boyaca,2022-04-18,4,2022-05-16,0.55189073,0.32126
42,2022,Boyaca,2022-04-25,1,2022-05-02,0.39420766,0.2840182
42,2022,Boyaca,2022-04-25,2,2022-05-09,0.7884153,0.2685521
42,2022,Boyaca,2022-04-25,3,2022-05-16,0.55189073,0.29449102
42,2022,Boyaca,2022-04-25,4,2022-05-23,0.7095738,0.26239818
42,2022,Boyaca,2022-05-02,1,2022-05-09,0.7884153,0.28888148
42,2022,Boyaca,2022-05-02,2,2022-05-16,0.55189073,0.26120618
42,2022,Boyaca,2022-05-02,3,2022-05-23,0.7095738,0.29872912
42,2022,Boyaca,2022-05-02,4,2022-05-30,0.23652461,0.25231183
42,2022,Boyaca,2022-05-09,1,2022-05-16,0.55189073,0.26428056
42,2022,Boyaca,2022-05-09,2,2022-05-23,0.7095738,0.25359342
42,2022,Boyaca,2022-05-09,3,2022-05-30,0.23652461,0.27988917
42,2022,Boyaca,2022-05-09,4,2022-06-06,0.23652461,0.25044432
42,2022,Boyaca,2022-05-16,1,2022-05-23,0.7095738,0.38233986
42,2022,Boyaca,2022-05-16,2,2022-05-30,0.23652461,0.36097884
42,2022,Boyaca,2022-05-16,3,2022-06-06,0.23652461,0.3828483
42,2022,Boyaca,2022-05-16,4,2022-06-13,0.39420766,0.34616885
42,2022,Boyaca,2022-05-23,1,2022-05-30,0.23652461,0.4495473
42,2022,Boyaca,2022-05-23,2,2022-06-06,0.23652461,0.42231458
42,2022,Boyaca,2022-05-23,3,2022-06-13,0.39420766,0.45224372
42,2022,Boyaca,2022-05-23,4,2022-06-20,0.31536615,0.4048759
42,2022,Boyaca,2022-05-30,1,2022-06-06,0.23652461,0.44570917
42,2022,Boyaca,2022-05-30,2,2022-06-13,0.39420766,0.4404039
42,2022,Boyaca,2022-05-30,3,2022-06-20,0.31536615,0.45444915
42,2022,Boyaca,2022-05-30,4,2022-06-27,0.07884154,0.4098429
42,2022,Boyaca,2022-06-06,1,2022-06-13,0.39420766,0.47180408
42,2022,Boyaca,2022-06-06,2,2022-06-20,0.31536615,0.4407387
42,2022,Boyaca,2022-06-06,3,2022-06-27,0.07884154,0.4689689
42,2022,Boyaca,2022-06-06,4,2022-07-04,0.15768307,0.40746042
42,2022,Boyaca,2022-06-13,1,2022-06-20,0.31536615,0.4256005
42,2022,Boyaca,2022-06-13,2,2022-06-27,0.07884154,0.38895398
42,2022,Boyaca,2022-06-13,3,2022-07-04,0.15768307,0.4074509
42,2022,Boyaca,2022-06-13,4,2022-07-11,0.15768307,0.35365078
42,2022,Boyaca,2022-06-20,1,2022-06-27,0.07884154,0.35435012
42,2022,Boyaca,2022-06-20,2,2022-07-04,0.15768307,0.33544236
42,2022,Boyaca,2022-06-20,3,2022-07-11,0.15768307,0.33822775
42,2022,Boyaca,2022-06-20,4,2022-07-18,0.07884154,0.3036448
42,2022,Boyaca,2022-06-27,1,2022-07-04,0.15768307,0.32362577
42,2022,Boyaca,2022-06-27,2,2022-07-11,0.15768307,0.29598722
42,2022,Boyaca,2022-06-27,3,2022-07-18,0.07884154,0.29932174
42,2022,Boyaca,2022-06-27,4,2022-07-25,0.55189073,0.26532406
42,2022,Boyaca,2022-07-04,1,2022-07-11,0.15768307,0.2979016
42,2022,Boyaca,2022-07-04,2,2022-07-18,0.07884154,0.2796099
42,2022,Boyaca,2022-07-04,3,2022-07-25,0.55189073,0.2669908
42,2022,Boyaca,2022-07-04,4,2022-08-01,0.47304922,0.23406245
42,2022,Boyaca,2022-07-11,1,2022-07-18,0.07884154,0.21085668
42,2022,Boyaca,2022-07-11,2,2022-07-25,0.55189073,0.20107405
42,2022,Boyaca,2022-07-11,3,2022-08-01,0.47304922,0.1919078
42,2022,Boyaca,2022-07-11,4,2022-08-08,0.23652461,0.16705477
42,2022,Boyaca,2022-07-18,1,2022-07-25,0.55189073,0.19013256
42,2022,Boyaca,2022-07-18,2,2022-08-01,0.47304922,0.17592975
42,2022,Boyaca,2022-07-18,3,2022-08-08,0.23652461,0.17683728
42,2022,Boyaca,2022-07-18,4,2022-08-15,0.0,0.15346168
42,2022,Boyaca,2022-07-25,1,2022-08-01,0.47304922,0.1495954
42,2022,Boyaca,2022-07-25,2,2022-08-08,0.23652461,0.13413763
42,2022,Boyaca,2022-07-25,3,2022-08-15,0.0,0.12820362
42,2022,Boyaca,2022-07-25,4,2022-08-22,0.39420766,0.11349125
42,2022,Boyaca,2022-08-01,1,2022-08-08,0.23652461,0.19451977
42,2022,Boyaca,2022-08-01,2,2022-08-15,0.0,0.17278343
42,2022,Boyaca,2022-08-01,3,2022-08-22,0.39420766,0.1673606
42,2022,Boyaca,2022-08-01,4,2022-08-29,0.55189073,0.14281562
42,2022,Boyaca,2022-08-08,1,2022-08-15,0.0,0.24903585
42,2022,Boyaca,2022-08-08,2,2022-08-22,0.39420766,0.22908087
42,2022,Boyaca,2022-08-08,3,2022-08-29,0.55189073,0.21371621
42,2022,Boyaca,2022-08-08,4,2022-09-05,0.31536615,0.19279708
42,2022,Boyaca,2022-08-15,1,2022-08-22,0.39420766,0.25363153
42,2022,Boyaca,2022-08-15,2,2022-08-29,0.55189073,0.23807372
42,2022,Boyaca,2022-08-15,3,2022-09-05,0.31536615,0.21703753
42,2022,Boyaca,2022-08-15,4,2022-09-12,0.15768307,0.19548573
42,2022,Boyaca,2022-08-22,1,2022-08-29,0.55189073,0.2226047
42,2022,Boyaca,2022-08-22,2,2022-09-05,0.31536615,0.20899506
42,2022,Boyaca,2022-08-22,3,2022-09-12,0.15768307,0.19544902
42,2022,Boyaca,2022-08-22,4,2022-09-19,0.07884154,0.17132777
42,2022,Boyaca,2022-08-29,1,2022-09-05,0.31536615,0.21701185
42,2022,Boyaca,2022-08-29,2,2022-09-12,0.15768307,0.20371667
42,2022,Boyaca,2022-08-29,3,2022-09-19,0.07884154,0.19380642
42,2022,Boyaca,2022-08-29,4,2022-09-26,0.0,0.17892696
42,2022,Boyaca,2022-09-05,1,2022-09-12,0.15768307,0.22459747
42,2022,Boyaca,2022-09-05,2,2022-09-19,0.07884154,0.21080463
42,2022,Boyaca,2022-09-05,3,2022-09-26,0.0,0.20422897
42,2022,Boyaca,2022-09-05,4,2022-10-03,0.07884154,0.1919373
42,2022,Boyaca,2022-09-12,1,2022-09-19,0.07884154,0.2127656
42,2022,Boyaca,2022-09-12,2,2022-09-26,0.0,0.20593628
42,2022,Boyaca,2022-09-12,3,2022-10-03,0.07884154,0.1955127
42,2022,Boyaca,2022-09-12,4,2022-10-10,0.15768307,0.1876776
42,2022,Boyaca,2022-09-19,1,2022-09-26,0.0,0.21437004
42,2022,Boyaca,2022-09-19,2,2022-10-03,0.07884154,0.20766775
42,2022,Boyaca,2022-09-19,3,2022-10-10,0.15768307,0.19673693
42,2022,Boyaca,2022-09-19,4,2022-10-17,0.15768307,0.19087057
42,2022,Boyaca,2022-09-26,1,2022-10-03,0.07884154,0.20878036
42,2022,Boyaca,2022-09-26,2,2022-10-10,0.15768307,0.20142972
42,2022,Boyaca,2022-09-26,3,2022-10-17,0.15768307,0.1968862
42,2022,Boyaca,2022-09-26,4,2022-10-24,0.07884154,0.19050993
42,2022,Boyaca,2022-10-03,1,2022-10-10,0.15768307,0.16301225
42,2022,Boyaca,2022-10-03,2,2022-10-17,0.15768307,0.15845712
42,2022,Boyaca,2022-10-03,3,2022-10-24,0.07884154,0.15798414
42,2022,Boyaca,2022-10-03,4,2022-10-31,0.15768307,0.15241954
42,2022,Boyaca,2022-10-10,1,2022-10-17,0.15768307,0.14283879
42,2022,Boyaca,2022-10-10,2,2022-10-24,0.07884154,0.13662753
42,2022,Boyaca,2022-10-10,3,2022-10-31,0.15768307,0.13900532
42,2022,Boyaca,2022-10-10,4,2022-11-07,0.07884154,0.12577029
42,2022,Boyaca,2022-10-17,1,2022-10-24,0.07884154,0.1383365
42,2022,Boyaca,2022-10-17,2,2022-10-31,0.15768307,0.12990075
42,2022,Boyaca,2022-10-17,3,2022-11-07,0.07884154,0.13112445
42,2022,Boyaca,2022-10-17,4,2022-11-14,0.15768307,0.120321184
42,2022,Boyaca,2022-10-24,1,2022-10-31,0.15768307,0.15016416
42,2022,Boyaca,2022-10-24,2,2022-11-07,0.07884154,0.13933764
42,2022,Boyaca,2022-10-24,3,2022-11-14,0.15768307,0.14614268
42,2022,Boyaca,2022-10-24,4,2022-11-21,0.15768307,0.12983501
42,2022,Boyaca,2022-10-31,1,2022-11-07,0.07884154,0.15966627
42,2022,Boyaca,2022-10-31,2,2022-11-14,0.15768307,0.14201623
42,2022,Boyaca,2022-10-31,3,2022-11-21,0.15768307,0.1544084
42,2022,Boyaca,2022-10-31,4,2022-11-28,0.15768307,0.123503365
42,2022,Boyaca,2022-11-07,1,2022-11-14,0.15768307,0.1661538
42,2022,Boyaca,2022-11-07,2,2022-11-21,0.15768307,0.15865664
42,2022,Boyaca,2022-11-07,3,2022-11-28,0.15768307,0.16848773
42,2022,Boyaca,2022-11-07,4,2022-12-05,0.07884154,0.15265822
42,2022,Boyaca,2022-11-14,1,2022-11-21,0.15768307,0.15601006
42,2022,Boyaca,2022-11-14,2,2022-11-28,0.15768307,0.15090649
42,2022,Boyaca,2022-11-14,3,2022-12-05,0.07884154,0.16164933
42,2022,Boyaca,2022-11-14,4,2022-12-12,0.07884154,0.14116502
42,2022,Boyaca,2022-11-21,1,2022-11-28,0.15768307,0.19904462
42,2022,Boyaca,2022-11-21,2,2022-12-05,0.07884154,0.18045658
42,2022,Boyaca,2022-11-21,3,2022-12-12,0.07884154,0.20740941
42,2022,Boyaca,2022-11-21,4,2022-12-19,0.55189073,0.17389302
42,2022,Boyaca,2022-11-28,1,2022-12-05,0.07884154,0.20775864
42,2022,Boyaca,2022-11-28,2,2022-12-12,0.07884154,0.20825481
42,2022,Boyaca,2022-11-28,3,2022-12-19,0.55189073,0.21939085
42,2022,Boyaca,2022-11-28,4,2022-12-26,0.31536615,0.21380585
42,2022,Caldas,2022-01-24,1,2022-01-31,0.0,0.15558931
42,2022,Caldas,2022-01-24,2,2022-02-07,0.2881202,0.1509184
42,2022,Caldas,2022-01-24,3,2022-02-14,0.09604007,0.1688797
42,2022,Caldas,2022-01-24,4,2022-02-21,0.09604007,0.1692153
42,2022,Caldas,2022-01-31,1,2022-02-07,0.2881202,0.24201182
42,2022,Caldas,2022-01-31,2,2022-02-14,0.09604007,0.23501799
42,2022,Caldas,2022-01-31,3,2022-02-21,0.09604007,0.23383695
42,2022,Caldas,2022-01-31,4,2022-02-28,0.09604007,0.20310238
42,2022,Caldas,2022-02-07,1,2022-02-14,0.09604007,0.2133697
42,2022,Caldas,2022-02-07,2,2022-02-21,0.09604007,0.19868527
42,2022,Caldas,2022-02-07,3,2022-02-28,0.09604007,0.21080774
42,2022,Caldas,2022-02-07,4,2022-03-07,0.19208014,0.20018119
42,2022,Caldas,2022-02-14,1,2022-02-21,0.09604007,0.20984755
42,2022,Caldas,2022-02-14,2,2022-02-28,0.09604007,0.20247358
42,2022,Caldas,2022-02-14,3,2022-03-07,0.19208014,0.21282959
42,2022,Caldas,2022-02-14,4,2022-03-14,0.2881202,0.19101113
42,2022,Caldas,2022-02-21,1,2022-02-28,0.09604007,0.19247715
42,2022,Caldas,2022-02-21,2,2022-03-07,0.19208014,0.17108183
42,2022,Caldas,2022-02-21,3,2022-03-14,0.2881202,0.20713581
42,2022,Caldas,2022-02-21,4,2022-03-21,0.19208014,0.16266136
42,2022,Caldas,2022-02-28,1,2022-03-07,0.19208014,0.15500718
42,2022,Caldas,2022-02-28,2,2022-03-14,0.2881202,0.141723
42,2022,Caldas,2022-02-28,3,2022-03-21,0.19208014,0.16284253
42,2022,Caldas,2022-02-28,4,2022-03-28,0.0,0.14999086
42,2022,Caldas,2022-03-07,1,2022-03-14,0.2881202,0.09604151
42,2022,Caldas,2022-03-07,2,2022-03-21,0.19208014,0.07794286
42,2022,Caldas,2022-03-07,3,2022-03-28,0.0,0.11942159
42,2022,Caldas,2022-03-07,4,2022-04-04,0.2881202,0.10156096
42,2022,Caldas,2022-03-14,1,2022-03-21,0.19208014,0.10540562
42,2022,Caldas,2022-03-14,2,2022-03-28,0.0,0.075032495
42,2022,Caldas,2022-03-14,3,2022-04-04,0.2881202,0.12469901
42,2022,Caldas,2022-03-14,4,2022-04-11,0.2881202,0.1143242
42,2022,Caldas,2022-03-21,1,2022-03-28,0.0,0.11608483
42,2022,Caldas,2022-03-21,2,2022-04-04,0.2881202,0.09475447
42,2022,Caldas,2022-03-21,3,2022-04-11,0.2881202,0.14873978
42,2022,Caldas,2022-03-21,4,2022-04-18,0.2881202,0.13380075
42,2022,Caldas,2022-03-28,1,2022-04-04,0.2881202,0.1433659
42,2022,Caldas,2022-03-28,2,2022-04-11,0.2881202,0.115066655
42,2022,Caldas,2022-03-28,3,2022-04-18,0.2881202,0.1622803
42,2022,Caldas,2022-03-28,4,2022-04-25,0.67228055,0.14650624
42,2022,Caldas,2022-04-04,1,2022-04-11,0.2881202,0.14032678
42,2022,Caldas,2022-04-04,2,2022-04-18,0.2881202,0.11732939
42,2022,Caldas,2022-04-04,3,2022-04-25,0.67228055,0.1627916
42,2022,Caldas,2022-04-04,4,2022-05-02,0.67228055,0.14293718
42,2022,Caldas,2022-04-11,1,2022-04-18,0.2881202,0.1357846
42,2022,Caldas,2022-04-11,2,2022-04-25,0.67228055,0.10751141
42,2022,Caldas,2022-04-11,3,2022-05-02,0.67228055,0.15357248
42,2022,Caldas,2022-04-11,4,2022-05-09,0.5762404,0.123494424
42,2022,Caldas,2022-04-18,1,2022-04-25,0.67228055,0.20208502
42,2022,Caldas,2022-04-18,2,2022-05-02,0.67228055,0.16752864
42,2022,Caldas,2022-04-18,3,2022-05-09,0.5762404,0.22200136
42,2022,Caldas,2022-04-18,4,2022-05-16,0.2881202,0.1875848
42,2022,Caldas,2022-04-25,1,2022-05-02,0.67228055,0.2357828
42,2022,Caldas,2022-04-25,2,2022-05-09,0.5762404,0.20111443
42,2022,Caldas,2022-04-25,3,2022-05-16,0.2881202,0.25319698
42,2022,Caldas,2022-04-25,4,2022-05-23,0.3841603,0.2300411
42,2022,Caldas,2022-05-02,1,2022-05-09,0.5762404,0.33600217
42,2022,Caldas,2022-05-02,2,2022-05-16,0.2881202,0.29028815
42,2022,Caldas,2022-05-02,3,2022-05-23,0.3841603,0.34472147
42,2022,Caldas,2022-05-02,4,2022-05-30,0.3841603,0.31335643
42,2022,Caldas,2022-05-09,1,2022-05-16,0.2881202,0.4220442
42,2022,Caldas,2022-05-09,2,2022-05-23,0.3841603,0.3931398
42,2022,Caldas,2022-05-09,3,2022-05-30,0.3841603,0.44577062
42,2022,Caldas,2022-05-09,4,2022-06-06,0.2881202,0.42978978
42,2022,Caldas,2022-05-16,1,2022-05-23,0.3841603,0.45194775
42,2022,Caldas,2022-05-16,2,2022-05-30,0.3841603,0.42312714
42,2022,Caldas,2022-05-16,3,2022-06-06,0.2881202,0.46217978
42,2022,Caldas,2022-05-16,4,2022-06-13,0.2881202,0.44238043
42,2022,Caldas,2022-05-23,1,2022-05-30,0.3841603,0.4025017
42,2022,Caldas,2022-05-23,2,2022-06-06,0.2881202,0.37875852
42,2022,Caldas,2022-05-23,3,2022-06-13,0.2881202,0.40644503
42,2022,Caldas,2022-05-23,4,2022-06-20,0.5762404,0.38621512
42,2022,Caldas,2022-05-30,1,2022-06-06,0.2881202,0.31608513
42,2022,Caldas,2022-05-30,2,2022-06-13,0.2881202,0.31026456
42,2022,Caldas,2022-05-30,3,2022-06-20,0.5762404,0.3309831
42,2022,Caldas,2022-05-30,4,2022-06-27,0.67228055,0.31624436
42,2022,Caldas,2022-06-06,1,2022-06-13,0.2881202,0.31595817
42,2022,Caldas,2022-06-06,2,2022-06-20,0.5762404,0.29612178
42,2022,Caldas,2022-06-06,3,2022-06-27,0.67228055,0.31633797
42,2022,Caldas,2022-06-06,4,2022-07-04,0.19208014,0.29493573
42,2022,Caldas,2022-06-13,1,2022-06-20,0.5762404,0.3096604
42,2022,Caldas,2022-06-13,2,2022-06-27,0.67228055,0.28460154
42,2022,Caldas,2022-06-13,3,2022-07-04,0.19208014,0.30395216
42,2022,Caldas,2022-06-13,4,2022-07-11,0.3841603,0.27884892
42,2022,Caldas,2022-06-20,1,2022-06-27,0.67228055,0.2560391
42,2022,Caldas,2022-06-20,2,2022-07-04,0.19208014,0.23715495
42,2022,Caldas,2022-06-20,3,2022-07-11,0.3841603,0.25701892
42,2022,Caldas,2022-06-20,4,2022-07-18,0.67228055,0.24679704
42,2022,Caldas,2022-06-27,1,2022-07-04,0.19208014,0.28264984
42,2022,Caldas,2022-06-27,2,2022-07-11,0.3841603,0.26098803
42,2022,Caldas,2022-06-27,3,2022-07-18,0.67228055,0.2695994
42,2022,Caldas,2022-06-27,4,2022-07-25,0.2881202,0.26279575
42,2022,Caldas,2022-07-04,1,2022-07-11,0.3841603,0.3482797
42,2022,Caldas,2022-07-04,2,2022-07-18,0.67228055,0.328035
42,2022,Caldas,2022-07-04,3,2022-07-25,0.2881202,0.31521133
42,2022,Caldas,2022-07-04,4,2022-08-01,0.3841603,0.31037366
42,2022,Caldas,2022-07-11,1,2022-07-18,0.67228055,0.2869365
42,2022,Caldas,2022-07-11,2,2022-07-25,0.2881202,0.27608985
42,2022,Caldas,2022-07-11,3,2022-08-01,0.3841603,0.2710633
42,2022,Caldas,2022-07-11,4,2022-08-08,0.8643607,0.2705559
42,2022,Caldas,2022-07-18,1,2022-07-25,0.2881202,0.28755143
42,2022,Caldas,2022-07-18,2,2022-08-01,0.3841603,0.27259994
42,2022,Caldas,2022-07-18,3,2022-08-08,0.8643607,0.2701971
42,2022,Caldas,2022-07-18,4,2022-08-15,0.5762404,0.2631094
42,2022,Caldas,2022-07-25,1,2022-08-01,0.3841603,0.37292725
42,2022,Caldas,2022-07-25,2,2022-08-08,0.8643607,0.34283817
42,2022,Caldas,2022-07-25,3,2022-08-15,0.5762404,0.3455423
42,2022,Caldas,2022-07-25,4,2022-08-22,0.48020038,0.3389329
42,2022,Caldas,2022-08-01,1,2022-08-08,0.8643607,0.32271296
42,2022,Caldas,2022-08-01,2,2022-08-15,0.5762404,0.29854745
42,2022,Caldas,2022-08-01,3,2022-08-22,0.48020038,0.29614255
42,2022,Caldas,2022-08-01,4,2022-08-29,0.19208014,0.29724076
42,2022,Caldas,2022-08-08,1,2022-08-15,0.5762404,0.30557954
42,2022,Caldas,2022-08-08,2,2022-08-22,0.48020038,0.2818438
42,2022,Caldas,2022-08-08,3,2022-08-29,0.19208014,0.28011686
42,2022,Caldas,2022-08-08,4,2022-09-05,0.76832056,0.2745027
42,2022,Caldas,2022-08-15,1,2022-08-22,0.48020038,0.37686422
42,2022,Caldas,2022-08-15,2,2022-08-29,0.19208014,0.36126158
42,2022,Caldas,2022-08-15,3,2022-09-05,0.76832056,0.3553284
42,2022,Caldas,2022-08-15,4,2022-09-12,0.09604007,0.3583991
42,2022,Caldas,2022-08-22,1,2022-08-29,0.19208014,0.3842957
42,2022,Caldas,2022-08-22,2,2022-09-05,0.76832056,0.37436354
42,2022,Caldas,2022-08-22,3,2022-09-12,0.09604007,0.36506683
42,2022,Caldas,2022-08-22,4,2022-09-19,0.09604007,0.3590406
42,2022,Caldas,2022-08-29,1,2022-09-05,0.76832056,0.37928504
42,2022,Caldas,2022-08-29,2,2022-09-12,0.09604007,0.37013942
42,2022,Caldas,2022-08-29,3,2022-09-19,0.09604007,0.36947525
42,2022,Caldas,2022-08-29,4,2022-09-26,0.3841603,0.37342373
42,2022,Caldas,2022-09-05,1,2022-09-12,0.09604007,0.322406
42,2022,Caldas,2022-09-05,2,2022-09-19,0.09604007,0.32321742
42,2022,Caldas,2022-09-05,3,2022-09-26,0.3841603,0.3217716
42,2022,Caldas,2022-09-05,4,2022-10-03,0.3841603,0.33095002
42,2022,Caldas,2022-09-12,1,2022-09-19,0.09604007,0.35395938
42,2022,Caldas,2022-09-12,2,2022-09-26,0.3841603,0.34526443
42,2022,Caldas,2022-09-12,3,2022-10-03,0.3841603,0.34933254
42,2022,Caldas,2022-09-12,4,2022-10-10,0.3841603,0.3554073
42,2022,Caldas,2022-09-19,1,2022-09-26,0.3841603,0.3038195
42,2022,Caldas,2022-09-19,2,2022-10-03,0.3841603,0.2924874
42,2022,Caldas,2022-09-19,3,2022-10-10,0.3841603,0.29597422
42,2022,Caldas,2022-09-19,4,2022-10-17,0.09604007,0.29879013
42,2022,Caldas,2022-09-26,1,2022-10-03,0.3841603,0.22358677
42,2022,Caldas,2022-09-26,2,2022-10-10,0.3841603,0.21516742
42,2022,Caldas,2022-09-26,3,2022-10-17,0.09604007,0.23283735
42,2022,Caldas,2022-09-26,4,2022-10-24,0.19208014,0.23892619
42,2022,Caldas,2022-10-03,1,2022-10-10,0.3841603,0.23373105
42,2022,Caldas,2022-10-03,2,2022-10-17,0.09604007,0.22825782
42,2022,Caldas,2022-10-03,3,2022-10-24,0.19208014,0.24499354
42,2022,Caldas,2022-10-03,4,2022-10-31,0.19208014,0.24967617
42,2022,Caldas,2022-10-10,1,2022-10-17,0.09604007,0.19154765
42,2022,Caldas,2022-10-10,2,2022-10-24,0.19208014,0.18419282
42,2022,Caldas,2022-10-10,3,2022-10-31,0.19208014,0.18977962
42,2022,Caldas,2022-10-10,4,2022-11-07,0.09604007,0.19972025
42,2022,Caldas,2022-10-17,1,2022-10-24,0.19208014,0.16755426
42,2022,Caldas,2022-10-17,2,2022-10-31,0.19208014,0.16436718
42,2022,Caldas,2022-10-17,3,2022-11-07,0.09604007,0.16464923
42,2022,Caldas,2022-10-17,4,2022-11-14,0.09604007,0.17363496
42,2022,Caldas,2022-10-24,1,2022-10-31,0.19208014,0.10405151
42,2022,Caldas,2022-10-24,2,2022-11-07,0.09604007,0.10123112
42,2022,Caldas,2022-10-24,3,2022-11-14,0.09604007,0.10006162
42,2022,Caldas,2022-10-24,4,2022-11-21,0.3841603,0.111076176
42,2022,Caldas,2022-10-31,1,2022-11-07,0.09604007,0.081334546
42,2022,Caldas,2022-10-31,2,2022-11-14,0.09604007,0.08337463
42,2022,Caldas,2022-10-31,3,2022-11-21,0.3841603,0.06251797
42,2022,Caldas,2022-10-31,4,2022-11-28,0.09604007,0.064124025
42,2022,Caldas,2022-11-07,1,2022-11-14,0.09604007,0.11143471
42,2022,Caldas,2022-11-07,2,2022-11-21,0.3841603,0.10271711
42,2022,Caldas,2022-11-07,3,2022-11-28,0.09604007,0.11342777
42,2022,Caldas,2022-11-07,4,2022-12-05,0.5762404,0.12941167
42,2022,Caldas,2022-11-14,1,2022-11-21,0.3841603,0.11307336
42,2022,Caldas,2022-11-14,2,2022-11-28,0.09604007,0.11681041
42,2022,Caldas,2022-11-14,3,2022-12-05,0.5762404,0.12317196
42,2022,Caldas,2022-11-14,4,2022-12-12,0.2881202,0.1452487
42,2022,Caldas,2022-11-21,1,2022-11-28,0.09604007,0.090553
42,2022,Caldas,2022-11-21,2,2022-12-05,0.5762404,0.090309404
42,2022,Caldas,2022-11-21,3,2022-12-12,0.2881202,0.11330081
42,2022,Caldas,2022-11-21,4,2022-12-19,0.2881202,0.13646188
42,2022,Caldas,2022-11-28,1,2022-12-05,0.5762404,0.16126078
42,2022,Caldas,2022-11-28,2,2022-12-12,0.2881202,0.16131884
42,2022,Caldas,2022-11-28,3,2022-12-19,0.2881202,0.15870146
42,2022,Caldas,2022-11-28,4,2022-12-26,0.0,0.19934808
42,2022,Caqueta,2022-01-24,1,2022-01-31,1.6717457,2.2389162
42,2022,Caqueta,2022-01-24,2,2022-02-07,0.95528316,2.289826
42,2022,Caqueta,2022-01-24,3,2022-02-14,2.388208,2.3314128
42,2022,Caqueta,2022-01-24,4,2022-02-21,1.9105663,2.3528988
42,2022,Caqueta,2022-01-31,1,2022-02-07,0.95528316,1.9557115
42,2022,Caqueta,2022-01-31,2,2022-02-14,2.388208,1.9797292
42,2022,Caqueta,2022-01-31,3,2022-02-21,1.9105663,2.0412128
42,2022,Caqueta,2022-01-31,4,2022-02-28,3.1046705,2.0949783
42,2022,Caqueta,2022-02-07,1,2022-02-14,2.388208,1.7740785
42,2022,Caqueta,2022-02-07,2,2022-02-21,1.9105663,1.8385984
42,2022,Caqueta,2022-02-07,3,2022-02-28,3.1046705,1.892732
42,2022,Caqueta,2022-02-07,4,2022-03-07,4.5375953,1.9651699
42,2022,Caqueta,2022-02-14,1,2022-02-21,1.9105663,1.6248765
42,2022,Caqueta,2022-02-14,2,2022-02-28,3.1046705,1.6521766
42,2022,Caqueta,2022-02-14,3,2022-03-07,4.5375953,1.6615505
42,2022,Caqueta,2022-02-14,4,2022-03-14,5.97052,1.7450665
42,2022,Caqueta,2022-02-21,1,2022-02-28,3.1046705,1.7172343
42,2022,Caqueta,2022-02-21,2,2022-03-07,4.5375953,1.7858009
42,2022,Caqueta,2022-02-21,3,2022-03-14,5.97052,1.8041067
42,2022,Caqueta,2022-02-21,4,2022-03-21,6.4481616,1.8557085
42,2022,Caqueta,2022-02-28,1,2022-03-07,4.5375953,2.041276
42,2022,Caqueta,2022-02-28,2,2022-03-14,5.97052,2.1799366
42,2022,Caqueta,2022-02-28,3,2022-03-21,6.4481616,2.349987
42,2022,Caqueta,2022-02-28,4,2022-03-28,5.97052,2.457146
42,2022,Caqueta,2022-03-07,1,2022-03-14,5.97052,2.562635
42,2022,Caqueta,2022-03-07,2,2022-03-21,6.4481616,2.6409302
42,2022,Caqueta,2022-03-07,3,2022-03-28,5.97052,2.774739
42,2022,Caqueta,2022-03-07,4,2022-04-04,10.030473,2.8357024
42,2022,Caqueta,2022-03-14,1,2022-03-21,6.4481616,3.7113223
42,2022,Caqueta,2022-03-14,2,2022-03-28,5.97052,3.7903862
42,2022,Caqueta,2022-03-14,3,2022-04-04,10.030473,3.977283
42,2022,Caqueta,2022-03-14,4,2022-04-11,3.582312,4.034842
42,2022,Caqueta,2022-03-21,1,2022-03-28,5.97052,5.922151
42,2022,Caqueta,2022-03-21,2,2022-04-04,10.030473,6.1002374
42,2022,Caqueta,2022-03-21,3,2022-04-11,3.582312,6.55074
42,2022,Caqueta,2022-03-21,4,2022-04-18,7.1646233,6.7369947
42,2022,Caqueta,2022-03-28,1,2022-04-04,10.030473,6.931803
42,2022,Caqueta,2022-03-28,2,2022-04-11,3.582312,6.830578
42,2022,Caqueta,2022-03-28,3,2022-04-18,7.1646233,7.2337656
42,2022,Caqueta,2022-03-28,4,2022-04-25,5.254058,7.1096816
42,2022,Caqueta,2022-04-04,1,2022-04-11,3.582312,6.924273
42,2022,Caqueta,2022-04-04,2,2022-04-18,7.1646233,6.8961816
42,2022,Caqueta,2022-04-04,3,2022-04-25,5.254058,7.1999683
42,2022,Caqueta,2022-04-04,4,2022-05-02,7.881087,7.469678
42,2022,Caqueta,2022-04-11,1,2022-04-18,7.1646233,9.465962
42,2022,Caqueta,2022-04-11,2,2022-04-25,5.254058,9.488956
42,2022,Caqueta,2022-04-11,3,2022-05-02,7.881087,9.901598
42,2022,Caqueta,2022-04-11,4,2022-05-09,8.597549,9.787357
42,2022,Caqueta,2022-04-18,1,2022-04-25,5.254058,6.9403367
42,2022,Caqueta,2022-04-18,2,2022-05-02,7.881087,6.643169
42,2022,Caqueta,2022-04-18,3,2022-05-09,8.597549,6.8529797
42,2022,Caqueta,2022-04-18,4,2022-05-16,8.119908,6.6580787
42,2022,Caqueta,2022-04-25,1,2022-05-02,7.881087,7.309603
42,2022,Caqueta,2022-04-25,2,2022-05-09,8.597549,7.1312203
42,2022,Caqueta,2022-04-25,3,2022-05-16,8.119908,6.981372
42,2022,Caqueta,2022-04-25,4,2022-05-23,7.6422663,6.82472
42,2022,Caqueta,2022-05-02,1,2022-05-09,8.597549,6.4771204
42,2022,Caqueta,2022-05-02,2,2022-05-16,8.119908,6.2279577
42,2022,Caqueta,2022-05-02,3,2022-05-23,7.6422663,6.0779557
42,2022,Caqueta,2022-05-02,4,2022-05-30,9.791653,5.8327723
42,2022,Caqueta,2022-05-09,1,2022-05-16,8.119908,7.568284
42,2022,Caqueta,2022-05-09,2,2022-05-23,7.6422663,7.174438
42,2022,Caqueta,2022-05-09,3,2022-05-30,9.791653,6.919598
42,2022,Caqueta,2022-05-09,4,2022-06-06,4.7764163,6.778331
42,2022,Caqueta,2022-05-16,1,2022-05-23,7.6422663,7.025102
42,2022,Caqueta,2022-05-16,2,2022-05-30,9.791653,6.6813493
42,2022,Caqueta,2022-05-16,3,2022-06-06,4.7764163,6.158721
42,2022,Caqueta,2022-05-16,4,2022-06-13,5.4928784,6.001047
42,2022,Caqueta,2022-05-23,1,2022-05-30,9.791653,7.6577396
42,2022,Caqueta,2022-05-23,2,2022-06-06,4.7764163,7.1106153
42,2022,Caqueta,2022-05-23,3,2022-06-13,5.4928784,6.515534
42,2022,Caqueta,2022-05-23,4,2022-06-20,6.4481616,6.368647
42,2022,Caqueta,2022-05-30,1,2022-06-06,4.7764163,6.180215
42,2022,Caqueta,2022-05-30,2,2022-06-13,5.4928784,5.6767707
42,2022,Caqueta,2022-05-30,3,2022-06-20,6.4481616,5.2704153
42,2022,Caqueta,2022-05-30,4,2022-06-27,2.1493871,5.208354
42,2022,Caqueta,2022-06-06,1,2022-06-13,5.4928784,7.8349314
42,2022,Caqueta,2022-06-06,2,2022-06-20,6.4481616,7.278703
42,2022,Caqueta,2022-06-06,3,2022-06-27,2.1493871,6.690583
42,2022,Caqueta,2022-06-06,4,2022-07-04,4.2987747,6.4709706
42,2022,Caqueta,2022-06-13,1,2022-06-20,6.4481616,5.692345
42,2022,Caqueta,2022-06-13,2,2022-06-27,2.1493871,5.043627
42,2022,Caqueta,2022-06-13,3,2022-07-04,4.2987747,4.6046886
42,2022,Caqueta,2022-06-13,4,2022-07-11,5.97052,4.3577695
42,2022,Caqueta,2022-06-20,1,2022-06-27,2.1493871,4.6729326
42,2022,Caqueta,2022-06-20,2,2022-07-04,4.2987747,4.156226
42,2022,Caqueta,2022-06-20,3,2022-07-11,5.97052,3.953607
42,2022,Caqueta,2022-06-20,4,2022-07-18,7.6422663,3.6631546
42,2022,Caqueta,2022-06-27,1,2022-07-04,4.2987747,5.009456
42,2022,Caqueta,2022-06-27,2,2022-07-11,5.97052,4.4629397
42,2022,Caqueta,2022-06-27,3,2022-07-18,7.6422663,4.053993
42,2022,Caqueta,2022-06-27,4,2022-07-25,4.7764163,3.8085575
42,2022,Caqueta,2022-07-04,1,2022-07-11,5.97052,2.5857213
42,2022,Caqueta,2022-07-04,2,2022-07-18,7.6422663,2.3657706
42,2022,Caqueta,2022-07-04,3,2022-07-25,4.7764163,2.1028395
42,2022,Caqueta,2022-07-04,4,2022-08-01,2.388208,1.9530789
42,2022,Caqueta,2022-07-11,1,2022-07-18,7.6422663,2.713135
42,2022,Caqueta,2022-07-11,2,2022-07-25,4.7764163,2.502168
42,2022,Caqueta,2022-07-11,3,2022-08-01,2.388208,2.3037488
42,2022,Caqueta,2022-07-11,4,2022-08-08,2.8658495,2.2769637
42,2022,Caqueta,2022-07-18,1,2022-07-25,4.7764163,3.8084857
42,2022,Caqueta,2022-07-18,2,2022-08-01,2.388208,3.57304
42,2022,Caqueta,2022-07-18,3,2022-08-08,2.8658495,3.2533116
42,2022,Caqueta,2022-07-18,4,2022-08-15,4.5375953,3.0435407
42,2022,Caqueta,2022-07-25,1,2022-08-01,2.388208,4.8120723
42,2022,Caqueta,2022-07-25,2,2022-08-08,2.8658495,4.527504
42,2022,Caqueta,2022-07-25,3,2022-08-15,4.5375953,4.2407923
42,2022,Caqueta,2022-07-25,4,2022-08-22,3.1046705,4.238821
42,2022,Caqueta,2022-08-01,1,2022-08-08,2.8658495,4.492397
42,2022,Caqueta,2022-08-01,2,2022-08-15,4.5375953,4.181503
42,2022,Caqueta,2022-08-01,3,2022-08-22,3.1046705,4.044797
42,2022,Caqueta,2022-08-01,4,2022-08-29,1.9105663,3.926769
42,2022,Caqueta,2022-08-08,1,2022-08-15,4.5375953,3.4568632
42,2022,Caqueta,2022-08-08,2,2022-08-22,3.1046705,3.2089078
42,2022,Caqueta,2022-08-08,3,2022-08-29,1.9105663,3.1272836
42,2022,Caqueta,2022-08-08,4,2022-09-05,4.7764163,2.9861372
42,2022,Caqueta,2022-08-15,1,2022-08-22,3.1046705,2.9883435
42,2022,Caqueta,2022-08-15,2,2022-08-29,1.9105663,2.8063724
42,2022,Caqueta,2022-08-15,3,2022-09-05,4.7764163,2.7075088
42,2022,Caqueta,2022-08-15,4,2022-09-12,2.388208,2.5673926
42,2022,Caqueta,2022-08-22,1,2022-08-29,1.9105663,3.0283387
42,2022,Caqueta,2022-08-22,2,2022-09-05,4.7764163,2.8176322
42,2022,Caqueta,2022-08-22,3,2022-09-12,2.388208,2.630173
42,2022,Caqueta,2022-08-22,4,2022-09-19,2.1493871,2.51469
42,2022,Caqueta,2022-08-29,1,2022-09-05,4.7764163,2.6988194
42,2022,Caqueta,2022-08-29,2,2022-09-12,2.388208,2.5566382
42,2022,Caqueta,2022-08-29,3,2022-09-19,2.1493871,2.4997098
42,2022,Caqueta,2022-08-29,4,2022-09-26,0.71646243,2.438529
42,2022,Caqueta,2022-09-05,1,2022-09-12,2.388208,2.0957599
42,2022,Caqueta,2022-09-05,2,2022-09-19,2.1493871,2.061495
42,2022,Caqueta,2022-09-05,3,2022-09-26,0.71646243,1.9973927
42,2022,Caqueta,2022-09-05,4,2022-10-03,2.8658495,1.9571836
42,2022,Caqueta,2022-09-12,1,2022-09-19,2.1493871,2.8628044
42,2022,Caqueta,2022-09-12,2,2022-09-26,0.71646243,2.8279293
42,2022,Caqueta,2022-09-12,3,2022-10-03,2.8658495,2.7426386
42,2022,Caqueta,2022-09-12,4,2022-10-10,2.6270287,2.720483
42,2022,Caqueta,2022-09-19,1,2022-09-26,0.71646243,2.5418284
42,2022,Caqueta,2022-09-19,2,2022-10-03,2.8658495,2.5323644
42,2022,Caqueta,2022-09-19,3,2022-10-10,2.6270287,2.4387593
42,2022,Caqueta,2022-09-19,4,2022-10-17,5.254058,2.452094
42,2022,Caqueta,2022-09-26,1,2022-10-03,2.8658495,2.2391274
42,2022,Caqueta,2022-09-26,2,2022-10-10,2.6270287,2.2630687
42,2022,Caqueta,2022-09-26,3,2022-10-17,5.254058,2.2098765
42,2022,Caqueta,2022-09-26,4,2022-10-24,4.0599537,2.2365987
42,2022,Caqueta,2022-10-03,1,2022-10-10,2.6270287,1.7160952
42,2022,Caqueta,2022-10-03,2,2022-10-17,5.254058,1.7488488
42,2022,Caqueta,2022-10-03,3,2022-10-24,4.0599537,1.7104789
42,2022,Caqueta,2022-10-03,4,2022-10-31,5.254058,1.762992
42,2022,Caqueta,2022-10-10,1,2022-10-17,5.254058,1.8869559
42,2022,Caqueta,2022-10-10,2,2022-10-24,4.0599537,1.9154811
42,2022,Caqueta,2022-10-10,3,2022-10-31,5.254058,1.8704077
42,2022,Caqueta,2022-10-10,4,2022-11-07,5.254058,1.9316686
42,2022,Caqueta,2022-10-17,1,2022-10-24,4.0599537,1.9377024
42,2022,Caqueta,2022-10-17,2,2022-10-31,5.254058,1.9711982
42,2022,Caqueta,2022-10-17,3,2022-11-07,5.254058,1.9686522
42,2022,Caqueta,2022-10-17,4,2022-11-14,1.9105663,2.0035284
42,2022,Caqueta,2022-10-24,1,2022-10-31,5.254058,2.5735955
42,2022,Caqueta,2022-10-24,2,2022-11-07,5.254058,2.6209316
42,2022,Caqueta,2022-10-24,3,2022-11-14,1.9105663,2.597978
42,2022,Caqueta,2022-10-24,4,2022-11-21,5.4928784,2.6820865
42,2022,Caqueta,2022-10-31,1,2022-11-07,5.254058,3.1130552
42,2022,Caqueta,2022-10-31,2,2022-11-14,1.9105663,3.128938
42,2022,Caqueta,2022-10-31,3,2022-11-21,5.4928784,3.0673378
42,2022,Caqueta,2022-10-31,4,2022-11-28,4.7764163,3.245226
42,2022,Caqueta,2022-11-07,1,2022-11-14,1.9105663,3.5977592
42,2022,Caqueta,2022-11-07,2,2022-11-21,5.4928784,3.5991874
42,2022,Caqueta,2022-11-07,3,2022-11-28,4.7764163,3.5805435
42,2022,Caqueta,2022-11-07,4,2022-12-05,2.6270287,3.7773173
42,2022,Caqueta,2022-11-14,1,2022-11-21,5.4928784,4.471327
42,2022,Caqueta,2022-11-14,2,2022-11-28,4.7764163,4.4690647
42,2022,Caqueta,2022-11-14,3,2022-12-05,2.6270287,4.574663
42,2022,Caqueta,2022-11-14,4,2022-12-12,4.7764163,4.6368423
42,2022,Caqueta,2022-11-21,1,2022-11-28,4.7764163,3.5344448
42,2022,Caqueta,2022-11-21,2,2022-12-05,2.6270287,3.5434241
42,2022,Caqueta,2022-11-21,3,2022-12-12,4.7764163,3.6138802
42,2022,Caqueta,2022-11-21,4,2022-12-19,5.4928784,3.6263542
42,2022,Caqueta,2022-11-28,1,2022-12-05,2.6270287,4.4156547
42,2022,Caqueta,2022-11-28,2,2022-12-12,4.7764163,4.377418
42,2022,Caqueta,2022-11-28,3,2022-12-19,5.4928784,4.2972593
42,2022,Caqueta,2022-11-28,4,2022-12-26,4.2987747,4.2999983
42,2022,Casanare,2022-01-24,1,2022-01-31,8.120891,4.703928
42,2022,Casanare,2022-01-24,2,2022-02-07,12.510562,4.6006
42,2022,Casanare,2022-01-24,3,2022-02-14,9.437794,4.2824225
42,2022,Casanare,2022-01-24,4,2022-02-21,11.193661,4.3289337
42,2022,Casanare,2022-01-31,1,2022-02-07,12.510562,4.2073684
42,2022,Casanare,2022-01-31,2,2022-02-14,9.437794,4.159529
42,2022,Casanare,2022-01-31,3,2022-02-21,11.193661,3.87468
42,2022,Casanare,2022-01-31,4,2022-02-28,11.632628,3.9175563
42,2022,Casanare,2022-02-07,1,2022-02-14,9.437794,5.5814233
42,2022,Casanare,2022-02-07,2,2022-02-21,11.193661,5.6044245
42,2022,Casanare,2022-02-07,3,2022-02-28,11.632628,5.3512287
42,2022,Casanare,2022-02-07,4,2022-03-07,12.071594,5.2379026
42,2022,Casanare,2022-02-14,1,2022-02-21,11.193661,8.615191
42,2022,Casanare,2022-02-14,2,2022-02-28,11.632628,8.641639
42,2022,Casanare,2022-02-14,3,2022-03-07,12.071594,8.547449
42,2022,Casanare,2022-02-14,4,2022-03-14,10.974178,8.246846
42,2022,Casanare,2022-02-21,1,2022-02-28,11.632628,8.052709
42,2022,Casanare,2022-02-21,2,2022-03-07,12.071594,7.996748
42,2022,Casanare,2022-02-21,3,2022-03-14,10.974178,7.8955545
42,2022,Casanare,2022-02-21,4,2022-03-21,15.802817,7.6020017
42,2022,Casanare,2022-02-28,1,2022-03-07,12.071594,8.603278
42,2022,Casanare,2022-02-28,2,2022-03-14,10.974178,8.55835
42,2022,Casanare,2022-02-28,3,2022-03-21,15.802817,8.642028
42,2022,Casanare,2022-02-28,4,2022-03-28,17.997652,8.321589
42,2022,Casanare,2022-03-07,1,2022-03-14,10.974178,9.133554
42,2022,Casanare,2022-03-07,2,2022-03-21,15.802817,8.981091
42,2022,Casanare,2022-03-07,3,2022-03-28,17.997652,8.863911
42,2022,Casanare,2022-03-07,4,2022-04-04,22.387321,8.493302
42,2022,Casanare,2022-03-14,1,2022-03-21,15.802817,9.537353
42,2022,Casanare,2022-03-14,2,2022-03-28,17.997652,9.34776
42,2022,Casanare,2022-03-14,3,2022-04-04,22.387321,9.222105
42,2022,Casanare,2022-03-14,4,2022-04-11,16.241781,8.776547
42,2022,Casanare,2022-03-21,1,2022-03-28,17.997652,10.315346
42,2022,Casanare,2022-03-21,2,2022-04-04,22.387321,10.085643
42,2022,Casanare,2022-03-21,3,2022-04-11,16.241781,9.885429
42,2022,Casanare,2022-03-21,4,2022-04-18,25.460093,9.7502165
42,2022,Casanare,2022-03-28,1,2022-04-04,22.387321,11.520372
42,2022,Casanare,2022-03-28,2,2022-04-11,16.241781,11.19383
42,2022,Casanare,2022-03-28,3,2022-04-18,25.460093,10.876642
42,2022,Casanare,2022-03-28,4,2022-04-25,19.75352,10.28187
42,2022,Casanare,2022-04-04,1,2022-04-11,16.241781,13.724275
42,2022,Casanare,2022-04-04,2,2022-04-18,25.460093,13.382762
42,2022,Casanare,2022-04-04,3,2022-04-25,19.75352,13.326511
42,2022,Casanare,2022-04-04,4,2022-05-02,20.192488,12.27899
42,2022,Casanare,2022-04-11,1,2022-04-18,25.460093,17.57101
42,2022,Casanare,2022-04-11,2,2022-04-25,19.75352,17.147491
42,2022,Casanare,2022-04-11,3,2022-05-02,20.192488,17.135685
42,2022,Casanare,2022-04-11,4,2022-05-09,23.265259,15.784567
42,2022,Casanare,2022-04-18,1,2022-04-25,19.75352,14.309604
42,2022,Casanare,2022-04-18,2,2022-05-02,20.192488,13.603822
42,2022,Casanare,2022-04-18,3,2022-05-09,23.265259,13.271389
42,2022,Casanare,2022-04-18,4,2022-05-16,20.192488,11.86123
42,2022,Casanare,2022-04-25,1,2022-05-02,20.192488,20.696306
42,2022,Casanare,2022-04-25,2,2022-05-09,23.265259,20.08344
42,2022,Casanare,2022-04-25,3,2022-05-16,20.192488,19.830826
42,2022,Casanare,2022-04-25,4,2022-05-23,20.850937,17.604425
42,2022,Casanare,2022-05-02,1,2022-05-09,23.265259,17.559174
42,2022,Casanare,2022-05-02,2,2022-05-16,20.192488,16.258104
42,2022,Casanare,2022-05-02,3,2022-05-23,20.850937,15.34752
42,2022,Casanare,2022-05-02,4,2022-05-30,13.388496,13.829728
42,2022,Casanare,2022-05-09,1,2022-05-16,20.192488,19.532166
42,2022,Casanare,2022-05-09,2,2022-05-23,20.850937,18.604376
42,2022,Casanare,2022-05-09,3,2022-05-30,13.388496,17.8549
42,2022,Casanare,2022-05-09,4,2022-06-06,21.289904,16.456593
42,2022,Casanare,2022-05-16,1,2022-05-23,20.850937,21.069368
42,2022,Casanare,2022-05-16,2,2022-05-30,13.388496,19.757572
42,2022,Casanare,2022-05-16,3,2022-06-06,21.289904,18.27691
42,2022,Casanare,2022-05-16,4,2022-06-13,16.900234,16.591585
42,2022,Casanare,2022-05-23,1,2022-05-30,13.388496,20.109007
42,2022,Casanare,2022-05-23,2,2022-06-06,21.289904,18.34971
42,2022,Casanare,2022-05-23,3,2022-06-13,16.900234,16.7474
42,2022,Casanare,2022-05-23,4,2022-06-20,11.632628,15.060283
42,2022,Casanare,2022-05-30,1,2022-06-06,21.289904,18.34293
42,2022,Casanare,2022-05-30,2,2022-06-13,16.900234,16.82123
42,2022,Casanare,2022-05-30,3,2022-06-20,11.632628,15.276129
42,2022,Casanare,2022-05-30,4,2022-06-27,13.169014,13.792632
42,2022,Casanare,2022-06-06,1,2022-06-13,16.900234,12.105246
42,2022,Casanare,2022-06-06,2,2022-06-20,11.632628,10.9479885
42,2022,Casanare,2022-06-06,3,2022-06-27,13.169014,9.854225
42,2022,Casanare,2022-06-06,4,2022-07-04,9.218308,9.067442
42,2022,Casanare,2022-06-13,1,2022-06-20,11.632628,14.661902
42,2022,Casanare,2022-06-13,2,2022-06-27,13.169014,13.08949
42,2022,Casanare,2022-06-13,3,2022-07-04,9.218308,11.37578
42,2022,Casanare,2022-06-13,4,2022-07-11,9.87676,10.496329
42,2022,Casanare,2022-06-20,1,2022-06-27,13.169014,11.802564
42,2022,Casanare,2022-06-20,2,2022-07-04,9.218308,10.761877
42,2022,Casanare,2022-06-20,3,2022-07-11,9.87676,9.419449
42,2022,Casanare,2022-06-20,4,2022-07-18,5.2676053,8.549031
42,2022,Casanare,2022-06-27,1,2022-07-04,9.218308,10.435251
42,2022,Casanare,2022-06-27,2,2022-07-11,9.87676,9.578333
42,2022,Casanare,2022-06-27,3,2022-07-18,5.2676053,8.561748
42,2022,Casanare,2022-06-27,4,2022-07-25,7.242958,7.7938027
42,2022,Casanare,2022-07-04,1,2022-07-11,9.87676,10.265616
42,2022,Casanare,2022-07-04,2,2022-07-18,5.2676053,9.127683
42,2022,Casanare,2022-07-04,3,2022-07-25,7.242958,7.8865027
42,2022,Casanare,2022-07-04,4,2022-08-01,6.5845065,7.3670344
42,2022,Casanare,2022-07-11,1,2022-07-18,5.2676053,8.814688
42,2022,Casanare,2022-07-11,2,2022-07-25,7.242958,7.9654408
42,2022,Casanare,2022-07-11,3,2022-08-01,6.5845065,7.3420205
42,2022,Casanare,2022-07-11,4,2022-08-08,6.5845065,6.6291885
42,2022,Casanare,2022-07-18,1,2022-07-25,7.242958,9.890573
42,2022,Casanare,2022-07-18,2,2022-08-01,6.5845065,9.1661825
42,2022,Casanare,2022-07-18,3,2022-08-08,6.5845065,8.836478
42,2022,Casanare,2022-07-18,4,2022-08-15,4.6091547,7.796254
42,2022,Casanare,2022-07-25,1,2022-08-01,6.5845065,5.5358133
42,2022,Casanare,2022-07-25,2,2022-08-08,6.5845065,5.2399235
42,2022,Casanare,2022-07-25,3,2022-08-15,4.6091547,4.954313
42,2022,Casanare,2022-07-25,4,2022-08-22,2.1948357,4.3735986
42,2022,Casanare,2022-08-01,1,2022-08-08,6.5845065,4.8969326
42,2022,Casanare,2022-08-01,2,2022-08-15,4.6091547,4.5939765
42,2022,Casanare,2022-08-01,3,2022-08-22,2.1948357,4.1344123
42,2022,Casanare,2022-08-01,4,2022-08-29,2.853286,3.557954
42,2022,Casanare,2022-08-08,1,2022-08-15,4.6091547,4.7684994
42,2022,Casanare,2022-08-08,2,2022-08-22,2.1948357,4.4799204
42,2022,Casanare,2022-08-08,3,2022-08-29,2.853286,4.0326443
42,2022,Casanare,2022-08-08,4,2022-09-05,5.2676053,3.4583611
42,2022,Casanare,2022-08-15,1,2022-08-22,2.1948357,5.0441017
42,2022,Casanare,2022-08-15,2,2022-08-29,2.853286,4.5338783
42,2022,Casanare,2022-08-15,3,2022-09-05,5.2676053,4.177946
42,2022,Casanare,2022-08-15,4,2022-09-12,2.1948357,3.7945487
42,2022,Casanare,2022-08-22,1,2022-08-29,2.853286,4.72889
42,2022,Casanare,2022-08-22,2,2022-09-05,5.2676053,4.2597604
42,2022,Casanare,2022-08-22,3,2022-09-12,2.1948357,3.9087954
42,2022,Casanare,2022-08-22,4,2022-09-19,1.7558686,3.5555916
42,2022,Casanare,2022-08-29,1,2022-09-05,5.2676053,3.4223182
42,2022,Casanare,2022-08-29,2,2022-09-12,2.1948357,3.171417
42,2022,Casanare,2022-08-29,3,2022-09-19,1.7558686,3.0284219
42,2022,Casanare,2022-08-29,4,2022-09-26,3.2922535,2.8260689
42,2022,Casanare,2022-09-05,1,2022-09-12,2.1948357,2.704242
42,2022,Casanare,2022-09-05,2,2022-09-19,1.7558686,2.4426646
42,2022,Casanare,2022-09-05,3,2022-09-26,3.2922535,2.1713054
42,2022,Casanare,2022-09-05,4,2022-10-03,1.3169013,2.1434717
42,2022,Casanare,2022-09-12,1,2022-09-19,1.7558686,2.673113
42,2022,Casanare,2022-09-12,2,2022-09-26,3.2922535,2.4935782
42,2022,Casanare,2022-09-12,3,2022-10-03,1.3169013,2.224086
42,2022,Casanare,2022-09-12,4,2022-10-10,2.853286,2.2828882
42,2022,Casanare,2022-09-19,1,2022-09-26,3.2922535,2.0773335
42,2022,Casanare,2022-09-19,2,2022-10-03,1.3169013,1.9933038
42,2022,Casanare,2022-09-19,3,2022-10-10,2.853286,1.7669797
42,2022,Casanare,2022-09-19,4,2022-10-17,1.5363849,1.841965
42,2022,Casanare,2022-09-26,1,2022-10-03,1.3169013,1.3780807
42,2022,Casanare,2022-09-26,2,2022-10-10,2.853286,1.3631302
42,2022,Casanare,2022-09-26,3,2022-10-17,1.5363849,1.1061676
42,2022,Casanare,2022-09-26,4,2022-10-24,2.4143193,1.2069957
42,2022,Casanare,2022-10-03,1,2022-10-10,2.853286,1.4544996
42,2022,Casanare,2022-10-03,2,2022-10-17,1.5363849,1.4527899
42,2022,Casanare,2022-10-03,3,2022-10-24,2.4143193,1.1997824
42,2022,Casanare,2022-10-03,4,2022-10-31,1.0974178,1.3322191
42,2022,Casanare,2022-10-10,1,2022-10-17,1.5363849,0.99267626
42,2022,Casanare,2022-10-10,2,2022-10-24,2.4143193,1.0205914
42,2022,Casanare,2022-10-10,3,2022-10-31,1.0974178,0.8332482
42,2022,Casanare,2022-10-10,4,2022-11-07,1.0974178,0.9257836
42,2022,Casanare,2022-10-17,1,2022-10-24,2.4143193,1.1343191
42,2022,Casanare,2022-10-17,2,2022-10-31,1.0974178,1.1957102
42,2022,Casanare,2022-10-17,3,2022-11-07,1.0974178,1.0453902
42,2022,Casanare,2022-10-17,4,2022-11-14,3.0727699,1.1402284
42,2022,Casanare,2022-10-24,1,2022-10-31,1.0974178,1.0866059
42,2022,Casanare,2022-10-24,2,2022-11-07,1.0974178,1.1045399
42,2022,Casanare,2022-10-24,3,2022-11-14,3.0727699,0.95900285
42,2022,Casanare,2022-10-24,4,2022-11-21,2.4143193,1.0695949
42,2022,Casanare,2022-10-31,1,2022-11-07,1.0974178,1.0994465
42,2022,Casanare,2022-10-31,2,2022-11-14,3.0727699,1.1143082
42,2022,Casanare,2022-10-31,3,2022-11-21,2.4143193,0.9196096
42,2022,Casanare,2022-10-31,4,2022-11-28,1.7558686,1.052043
42,2022,Casanare,2022-11-07,1,2022-11-14,3.0727699,0.8496252
42,2022,Casanare,2022-11-07,2,2022-11-21,2.4143193,0.85657084
42,2022,Casanare,2022-11-07,3,2022-11-28,1.7558686,0.7053054
42,2022,Casanare,2022-11-07,4,2022-12-05,2.4143193,0.8339491
42,2022,Casanare,2022-11-14,1,2022-11-21,2.4143193,0.7612804
42,2022,Casanare,2022-11-14,2,2022-11-28,1.7558686,0.8163949
42,2022,Casanare,2022-11-14,3,2022-12-05,2.4143193,0.73809415
42,2022,Casanare,2022-11-14,4,2022-12-12,2.1948357,0.8241979
42,2022,Casanare,2022-11-21,1,2022-11-28,1.7558686,1.285296
42,2022,Casanare,2022-11-21,2,2022-12-05,2.4143193,1.3346676
42,2022,Casanare,2022-11-21,3,2022-12-12,2.1948357,1.2409834
42,2022,Casanare,2022-11-21,4,2022-12-19,0.21948355,1.3538857
42,2022,Casanare,2022-11-28,1,2022-12-05,2.4143193,1.365995
42,2022,Casanare,2022-11-28,2,2022-12-12,2.1948357,1.3930789
42,2022,Casanare,2022-11-28,3,2022-12-19,0.21948355,1.2769347
42,2022,Casanare,2022-11-28,4,2022-12-26,1.5363849,1.3683329
42,2022,Cauca,2022-01-24,1,2022-01-31,0.387132,0.5166149
42,2022,Cauca,2022-01-24,2,2022-02-07,0.7742639,0.5393655
42,2022,Cauca,2022-01-24,3,2022-02-14,0.7742639,0.51432264
42,2022,Cauca,2022-01-24,4,2022-02-21,0.32261,0.53517497
42,2022,Cauca,2022-01-31,1,2022-02-07,0.7742639,0.46809924
42,2022,Cauca,2022-01-31,2,2022-02-14,0.7742639,0.47329482
42,2022,Cauca,2022-01-31,3,2022-02-21,0.32261,0.45874444
42,2022,Cauca,2022-01-31,4,2022-02-28,0.129044,0.44847402
42,2022,Cauca,2022-02-07,1,2022-02-14,0.7742639,0.41452086
42,2022,Cauca,2022-02-07,2,2022-02-21,0.32261,0.43004918
42,2022,Cauca,2022-02-07,3,2022-02-28,0.129044,0.4082389
42,2022,Cauca,2022-02-07,4,2022-03-07,0.64522,0.39304543
42,2022,Cauca,2022-02-14,1,2022-02-21,0.32261,0.40761113
42,2022,Cauca,2022-02-14,2,2022-02-28,0.129044,0.42548567
42,2022,Cauca,2022-02-14,3,2022-03-07,0.64522,0.41649115
42,2022,Cauca,2022-02-14,4,2022-03-14,0.32261,0.3961633
42,2022,Cauca,2022-02-21,1,2022-02-28,0.129044,0.5055648
42,2022,Cauca,2022-02-21,2,2022-03-07,0.64522,0.4783191
42,2022,Cauca,2022-02-21,3,2022-03-14,0.32261,0.502902
42,2022,Cauca,2022-02-21,4,2022-03-21,0.516176,0.4571139
42,2022,Cauca,2022-02-28,1,2022-03-07,0.64522,0.41027135
42,2022,Cauca,2022-02-28,2,2022-03-14,0.32261,0.4160816
42,2022,Cauca,2022-02-28,3,2022-03-21,0.516176,0.4243438
42,2022,Cauca,2022-02-28,4,2022-03-28,0.96782994,0.40532222
42,2022,Cauca,2022-03-07,1,2022-03-14,0.32261,0.41454715
42,2022,Cauca,2022-03-07,2,2022-03-21,0.516176,0.40018272
42,2022,Cauca,2022-03-07,3,2022-03-28,0.96782994,0.42238486
42,2022,Cauca,2022-03-07,4,2022-04-04,0.64522,0.38478738
42,2022,Cauca,2022-03-14,1,2022-03-21,0.516176,0.49831852
42,2022,Cauca,2022-03-14,2,2022-03-28,0.96782994,0.469787
42,2022,Cauca,2022-03-14,3,2022-04-04,0.64522,0.5050192
42,2022,Cauca,2022-03-14,4,2022-04-11,0.32261,0.46835297
42,2022,Cauca,2022-03-21,1,2022-03-28,0.96782994,0.44601947
42,2022,Cauca,2022-03-21,2,2022-04-04,0.64522,0.42419693
42,2022,Cauca,2022-03-21,3,2022-04-11,0.32261,0.4568315
42,2022,Cauca,2022-03-21,4,2022-04-18,0.7742639,0.4373527
42,2022,Cauca,2022-03-28,1,2022-04-04,0.64522,0.46687818
42,2022,Cauca,2022-03-28,2,2022-04-11,0.32261,0.43974966
42,2022,Cauca,2022-03-28,3,2022-04-18,0.7742639,0.46534273
42,2022,Cauca,2022-03-28,4,2022-04-25,0.387132,0.45695126
42,2022,Cauca,2022-04-04,1,2022-04-11,0.32261,0.5579729
42,2022,Cauca,2022-04-04,2,2022-04-18,0.7742639,0.53096676
42,2022,Cauca,2022-04-04,3,2022-04-25,0.387132,0.5420189
42,2022,Cauca,2022-04-04,4,2022-05-02,1.1613959,0.5399971
42,2022,Cauca,2022-04-11,1,2022-04-18,0.7742639,0.5304194
42,2022,Cauca,2022-04-11,2,2022-04-25,0.387132,0.51335305
42,2022,Cauca,2022-04-11,3,2022-05-02,1.1613959,0.51838094
42,2022,Cauca,2022-04-11,4,2022-05-09,0.709742,0.51064175
42,2022,Cauca,2022-04-18,1,2022-04-25,0.387132,0.48713133
42,2022,Cauca,2022-04-18,2,2022-05-02,1.1613959,0.46952495
42,2022,Cauca,2022-04-18,3,2022-05-09,0.709742,0.47456694
42,2022,Cauca,2022-04-18,4,2022-05-16,1.548528,0.46248806
42,2022,Cauca,2022-04-25,1,2022-05-02,1.1613959,0.4825888
42,2022,Cauca,2022-04-25,2,2022-05-09,0.709742,0.45180494
42,2022,Cauca,2022-04-25,3,2022-05-16,1.548528,0.46440396
42,2022,Cauca,2022-04-25,4,2022-05-23,0.451654,0.4391604
42,2022,Cauca,2022-05-02,1,2022-05-09,0.709742,0.42761114
42,2022,Cauca,2022-05-02,2,2022-05-16,1.548528,0.4043467
42,2022,Cauca,2022-05-02,3,2022-05-23,0.451654,0.4154223
42,2022,Cauca,2022-05-02,4,2022-05-30,0.7742639,0.39203134
42,2022,Cauca,2022-05-09,1,2022-05-16,1.548528,0.48363453
42,2022,Cauca,2022-05-09,2,2022-05-23,0.451654,0.46093306
42,2022,Cauca,2022-05-09,3,2022-05-30,0.7742639,0.465446
42,2022,Cauca,2022-05-09,4,2022-06-06,0.387132,0.4555656
42,2022,Cauca,2022-05-16,1,2022-05-23,0.451654,0.5541787
42,2022,Cauca,2022-05-16,2,2022-05-30,0.7742639,0.50483197
42,2022,Cauca,2022-05-16,3,2022-06-06,0.387132,0.5184964
42,2022,Cauca,2022-05-16,4,2022-06-13,0.516176,0.47987816
42,2022,Cauca,2022-05-23,1,2022-05-30,0.7742639,0.7113347
42,2022,Cauca,2022-05-23,2,2022-06-06,0.387132,0.6601686
42,2022,Cauca,2022-05-23,3,2022-06-13,0.516176,0.6784783
42,2022,Cauca,2022-05-23,4,2022-06-20,0.709742,0.6518352
42,2022,Cauca,2022-05-30,1,2022-06-06,0.387132,0.6750657
42,2022,Cauca,2022-05-30,2,2022-06-13,0.516176,0.62990385
42,2022,Cauca,2022-05-30,3,2022-06-20,0.709742,0.630964
42,2022,Cauca,2022-05-30,4,2022-06-27,0.32261,0.6130772
42,2022,Cauca,2022-06-06,1,2022-06-13,0.516176,0.61579716
42,2022,Cauca,2022-06-06,2,2022-06-20,0.709742,0.57903785
42,2022,Cauca,2022-06-06,3,2022-06-27,0.32261,0.5832668
42,2022,Cauca,2022-06-06,4,2022-07-04,0.90330803,0.5686767
42,2022,Cauca,2022-06-13,1,2022-06-20,0.709742,0.54373795
42,2022,Cauca,2022-06-13,2,2022-06-27,0.32261,0.50262547
42,2022,Cauca,2022-06-13,3,2022-07-04,0.90330803,0.48707455
42,2022,Cauca,2022-06-13,4,2022-07-11,0.7742639,0.47304752
42,2022,Cauca,2022-06-20,1,2022-06-27,0.32261,0.43619815
42,2022,Cauca,2022-06-20,2,2022-07-04,0.90330803,0.40605077
42,2022,Cauca,2022-06-20,3,2022-07-11,0.7742639,0.3970736
42,2022,Cauca,2022-06-20,4,2022-07-18,0.516176,0.39565212
42,2022,Cauca,2022-06-27,1,2022-07-04,0.90330803,0.44991452
42,2022,Cauca,2022-06-27,2,2022-07-11,0.7742639,0.41981083
42,2022,Cauca,2022-06-27,3,2022-07-18,0.516176,0.40383354
42,2022,Cauca,2022-06-27,4,2022-07-25,0.709742,0.409309
42,2022,Cauca,2022-07-04,1,2022-07-11,0.7742639,0.42250276
42,2022,Cauca,2022-07-04,2,2022-07-18,0.516176,0.39212793
42,2022,Cauca,2022-07-04,3,2022-07-25,0.709742,0.382275
42,2022,Cauca,2022-07-04,4,2022-08-01,0.580698,0.3766202
42,2022,Cauca,2022-07-11,1,2022-07-18,0.516176,0.453336
42,2022,Cauca,2022-07-11,2,2022-07-25,0.709742,0.43139616
42,2022,Cauca,2022-07-11,3,2022-08-01,0.580698,0.4080278
42,2022,Cauca,2022-07-11,4,2022-08-08,0.64522,0.43732762
42,2022,Cauca,2022-07-18,1,2022-07-25,0.709742,0.4792458
42,2022,Cauca,2022-07-18,2,2022-08-01,0.580698,0.45239106
42,2022,Cauca,2022-07-18,3,2022-08-08,0.64522,0.42241806
42,2022,Cauca,2022-07-18,4,2022-08-15,0.193566,0.447645
42,2022,Cauca,2022-07-25,1,2022-08-01,0.580698,0.4456969
42,2022,Cauca,2022-07-25,2,2022-08-08,0.64522,0.42902994
42,2022,Cauca,2022-07-25,3,2022-08-15,0.193566,0.38365266
42,2022,Cauca,2022-07-25,4,2022-08-22,0.451654,0.4172696
42,2022,Cauca,2022-08-01,1,2022-08-08,0.64522,0.4265852
42,2022,Cauca,2022-08-01,2,2022-08-15,0.193566,0.4080753
42,2022,Cauca,2022-08-01,3,2022-08-22,0.451654,0.361701
42,2022,Cauca,2022-08-01,4,2022-08-29,0.451654,0.38477275
42,2022,Cauca,2022-08-08,1,2022-08-15,0.193566,0.41794407
42,2022,Cauca,2022-08-08,2,2022-08-22,0.451654,0.3915031
42,2022,Cauca,2022-08-08,3,2022-08-29,0.451654,0.34325004
42,2022,Cauca,2022-08-08,4,2022-09-05,0.258088,0.3555656
42,2022,Cauca,2022-08-15,1,2022-08-22,0.451654,0.40907717
42,2022,Cauca,2022-08-15,2,2022-08-29,0.451654,0.39337277
42,2022,Cauca,2022-08-15,3,2022-09-05,0.258088,0.35381028
42,2022,Cauca,2022-08-15,4,2022-09-12,0.7742639,0.37337637
42,2022,Cauca,2022-08-22,1,2022-08-29,0.451654,0.36801443
42,2022,Cauca,2022-08-22,2,2022-09-05,0.258088,0.34534594
42,2022,Cauca,2022-08-22,3,2022-09-12,0.7742639,0.3146261
42,2022,Cauca,2022-08-22,4,2022-09-19,1.032352,0.32681936
42,2022,Cauca,2022-08-29,1,2022-09-05,0.258088,0.36636835
42,2022,Cauca,2022-08-29,2,2022-09-12,0.7742639,0.34268954
42,2022,Cauca,2022-08-29,3,2022-09-19,1.032352,0.32230395
42,2022,Cauca,2022-08-29,4,2022-09-26,0.7742639,0.3397019
42,2022,Cauca,2022-09-05,1,2022-09-12,0.7742639,0.35494235
42,2022,Cauca,2022-09-05,2,2022-09-19,1.032352,0.34905726
42,2022,Cauca,2022-09-05,3,2022-09-26,0.7742639,0.3162404
42,2022,Cauca,2022-09-05,4,2022-10-03,0.580698,0.35470256
42,2022,Cauca,2022-09-12,1,2022-09-19,1.032352,0.32391307
42,2022,Cauca,2022-09-12,2,2022-09-26,0.7742639,0.3157716
42,2022,Cauca,2022-09-12,3,2022-10-03,0.580698,0.2849774
42,2022,Cauca,2022-09-12,4,2022-10-10,0.451654,0.31922194
42,2022,Cauca,2022-09-19,1,2022-09-26,0.7742639,0.41439354
42,2022,Cauca,2022-09-19,2,2022-10-03,0.580698,0.40608594
42,2022,Cauca,2022-09-19,3,2022-10-10,0.451654,0.3665927
42,2022,Cauca,2022-09-19,4,2022-10-17,0.32261,0.40226883
42,2022,Cauca,2022-09-26,1,2022-10-03,0.580698,0.51909316
42,2022,Cauca,2022-09-26,2,2022-10-10,0.451654,0.50896597
42,2022,Cauca,2022-09-26,3,2022-10-17,0.32261,0.46769363
42,2022,Cauca,2022-09-26,4,2022-10-24,1.096874,0.5053179
42,2022,Cauca,2022-10-03,1,2022-10-10,0.451654,0.57458496
42,2022,Cauca,2022-10-03,2,2022-10-17,0.32261,0.56793267
42,2022,Cauca,2022-10-03,3,2022-10-24,1.096874,0.53725123
42,2022,Cauca,2022-10-03,4,2022-10-31,1.93566,0.5687367
42,2022,Cauca,2022-10-10,1,2022-10-17,0.32261,0.5006362
42,2022,Cauca,2022-10-10,2,2022-10-24,1.096874,0.48745158
42,2022,Cauca,2022-10-10,3,2022-10-31,1.93566,0.4657733
42,2022,Cauca,2022-10-10,4,2022-11-07,0.7742639,0.48583367
42,2022,Cauca,2022-10-17,1,2022-10-24,1.096874,0.45546916
42,2022,Cauca,2022-10-17,2,2022-10-31,1.93566,0.44954383
42,2022,Cauca,2022-10-17,3,2022-11-07,0.7742639,0.43062544
42,2022,Cauca,2022-10-17,4,2022-11-14,0.7742639,0.4468432
42,2022,Cauca,2022-10-24,1,2022-10-31,1.93566,0.4035563
42,2022,Cauca,2022-10-24,2,2022-11-07,0.7742639,0.38520202
42,2022,Cauca,2022-10-24,3,2022-11-14,0.7742639,0.3660446
42,2022,Cauca,2022-10-24,4,2022-11-21,1.29044,0.3676679
42,2022,Cauca,2022-10-31,1,2022-11-07,0.7742639,0.42028636
42,2022,Cauca,2022-10-31,2,2022-11-14,0.7742639,0.386026
42,2022,Cauca,2022-10-31,3,2022-11-21,1.29044,0.3643983
42,2022,Cauca,2022-10-31,4,2022-11-28,0.32261,0.3484045
42,2022,Cauca,2022-11-07,1,2022-11-14,0.7742639,0.62304914
42,2022,Cauca,2022-11-07,2,2022-11-21,1.29044,0.5772462
42,2022,Cauca,2022-11-07,3,2022-11-28,0.32261,0.57641864
42,2022,Cauca,2022-11-07,4,2022-12-05,0.32261,0.5610006
42,2022,Cauca,2022-11-14,1,2022-11-21,1.29044,0.6953227
42,2022,Cauca,2022-11-14,2,2022-11-28,0.32261,0.6479358
42,2022,Cauca,2022-11-14,3,2022-12-05,0.32261,0.6530162
42,2022,Cauca,2022-11-14,4,2022-12-12,1.096874,0.6207646
42,2022,Cauca,2022-11-21,1,2022-11-28,0.32261,0.8139885
42,2022,Cauca,2022-11-21,2,2022-12-05,0.32261,0.74580234
42,2022,Cauca,2022-11-21,3,2022-12-12,1.096874,0.782138
42,2022,Cauca,2022-11-21,4,2022-12-19,1.29044,0.69960743
42,2022,Cauca,2022-11-28,1,2022-12-05,0.32261,0.99614054
42,2022,Cauca,2022-11-28,2,2022-12-12,1.096874,0.9458855
42,2022,Cauca,2022-11-28,3,2022-12-19,1.29044,0.99829185
42,2022,Cauca,2022-11-28,4,2022-12-26,0.709742,0.9341332
42,2022,Cesar,2022-01-24,1,2022-01-31,2.8275642,2.1652417
42,2022,Cesar,2022-01-24,2,2022-02-07,3.8425875,2.0619652
42,2022,Cesar,2022-01-24,3,2022-02-14,2.4650562,1.8992914
42,2022,Cesar,2022-01-24,4,2022-02-21,2.682561,1.8616265
42,2022,Cesar,2022-01-31,1,2022-02-07,3.8425875,2.0612833
42,2022,Cesar,2022-01-31,2,2022-02-14,2.4650562,1.932244
42,2022,Cesar,2022-01-31,3,2022-02-21,2.682561,1.808238
42,2022,Cesar,2022-01-31,4,2022-02-28,2.4650562,1.7442708
42,2022,Cesar,2022-02-07,1,2022-02-14,2.4650562,2.165118
42,2022,Cesar,2022-02-07,2,2022-02-21,2.682561,2.030235
42,2022,Cesar,2022-02-07,3,2022-02-28,2.4650562,1.9137408
42,2022,Cesar,2022-02-07,4,2022-03-07,2.247551,1.8063428
42,2022,Cesar,2022-02-14,1,2022-02-21,2.682561,2.769979
42,2022,Cesar,2022-02-14,2,2022-02-28,2.4650562,2.628176
42,2022,Cesar,2022-02-14,3,2022-03-07,2.247551,2.4886782
42,2022,Cesar,2022-02-14,4,2022-03-14,2.7550626,2.3612788
42,2022,Cesar,2022-02-21,1,2022-02-28,2.4650562,2.3244023
42,2022,Cesar,2022-02-21,2,2022-03-07,2.247551,2.1765378
42,2022,Cesar,2022-02-21,3,2022-03-14,2.7550626,2.0919116
42,2022,Cesar,2022-02-21,4,2022-03-21,3.5525806,2.0059683
42,2022,Cesar,2022-02-28,1,2022-03-07,2.247551,2.1954
42,2022,Cesar,2022-02-28,2,2022-03-14,2.7550626,2.0873826
42,2022,Cesar,2022-02-28,3,2022-03-21,3.5525806,2.0474942
42,2022,Cesar,2022-02-28,4,2022-03-28,2.247551,1.9387753
42,2022,Cesar,2022-03-07,1,2022-03-14,2.7550626,2.0958388
42,2022,Cesar,2022-03-07,2,2022-03-21,3.5525806,2.0143807
42,2022,Cesar,2022-03-07,3,2022-03-28,2.247551,1.9936564
42,2022,Cesar,2022-03-07,4,2022-04-04,2.9000661,1.8749062
42,2022,Cesar,2022-03-14,1,2022-03-21,3.5525806,1.8905624
42,2022,Cesar,2022-03-14,2,2022-03-28,2.247551,1.8407364
42,2022,Cesar,2022-03-14,3,2022-04-04,2.9000661,1.852951
42,2022,Cesar,2022-03-14,4,2022-04-11,1.8125411,1.7407949
42,2022,Cesar,2022-03-21,1,2022-03-28,2.247551,2.3100023
42,2022,Cesar,2022-03-21,2,2022-04-04,2.9000661,2.3012223
42,2022,Cesar,2022-03-21,3,2022-04-11,1.8125411,2.2637928
42,2022,Cesar,2022-03-21,4,2022-04-18,2.6100593,2.191073
42,2022,Cesar,2022-03-28,1,2022-04-04,2.9000661,3.0654855
42,2022,Cesar,2022-03-28,2,2022-04-11,1.8125411,3.067167
42,2022,Cesar,2022-03-28,3,2022-04-18,2.6100593,3.0631628
42,2022,Cesar,2022-03-28,4,2022-04-25,3.3350756,2.967151
42,2022,Cesar,2022-04-04,1,2022-04-11,1.8125411,2.793773
42,2022,Cesar,2022-04-04,2,2022-04-18,2.6100593,2.8222947
42,2022,Cesar,2022-04-04,3,2022-04-25,3.3350756,2.8958168
42,2022,Cesar,2022-04-04,4,2022-05-02,3.4075775,2.9153152
42,2022,Cesar,2022-04-11,1,2022-04-18,2.6100593,2.9418457
42,2022,Cesar,2022-04-11,2,2022-04-25,3.3350756,2.991216
42,2022,Cesar,2022-04-11,3,2022-05-02,3.4075775,3.01982
42,2022,Cesar,2022-04-11,4,2022-05-09,6.090138,3.0442772
42,2022,Cesar,2022-04-18,1,2022-04-25,3.3350756,2.6568892
42,2022,Cesar,2022-04-18,2,2022-05-02,3.4075775,2.6704042
42,2022,Cesar,2022-04-18,3,2022-05-09,6.090138,2.7332053
42,2022,Cesar,2022-04-18,4,2022-05-16,4.7126074,2.7047617
42,2022,Cesar,2022-04-25,1,2022-05-02,3.4075775,2.9797444
42,2022,Cesar,2022-04-25,2,2022-05-09,6.090138,2.994943
42,2022,Cesar,2022-04-25,3,2022-05-16,4.7126074,3.0180402
42,2022,Cesar,2022-04-25,4,2022-05-23,3.9875903,3.0246854
42,2022,Cesar,2022-05-02,1,2022-05-09,6.090138,3.4722586
42,2022,Cesar,2022-05-02,2,2022-05-16,4.7126074,3.445714
42,2022,Cesar,2022-05-02,3,2022-05-23,3.9875903,3.5208914
42,2022,Cesar,2022-05-02,4,2022-05-30,4.205096,3.5240743
42,2022,Cesar,2022-05-09,1,2022-05-16,4.7126074,4.1442356
42,2022,Cesar,2022-05-09,2,2022-05-23,3.9875903,4.2190156
42,2022,Cesar,2022-05-09,3,2022-05-30,4.205096,4.3302994
42,2022,Cesar,2022-05-09,4,2022-06-06,7.250164,4.4698186
42,2022,Cesar,2022-05-16,1,2022-05-23,3.9875903,6.3048177
42,2022,Cesar,2022-05-16,2,2022-05-30,4.205096,6.3349495
42,2022,Cesar,2022-05-16,3,2022-06-06,7.250164,6.4689474
42,2022,Cesar,2022-05-16,4,2022-06-13,5.2201185,6.345593
42,2022,Cesar,2022-05-23,1,2022-05-30,4.205096,6.7385926
42,2022,Cesar,2022-05-23,2,2022-06-06,7.250164,6.579676
42,2022,Cesar,2022-05-23,3,2022-06-13,5.2201185,6.667983
42,2022,Cesar,2022-05-23,4,2022-06-20,4.350099,6.5323744
42,2022,Cesar,2022-05-30,1,2022-06-06,7.250164,6.1751394
42,2022,Cesar,2022-05-30,2,2022-06-13,5.2201185,5.9368377
42,2022,Cesar,2022-05-30,3,2022-06-20,4.350099,5.9462466
42,2022,Cesar,2022-05-30,4,2022-06-27,5.72763,5.832291
42,2022,Cesar,2022-06-06,1,2022-06-13,5.2201185,5.616713
42,2022,Cesar,2022-06-06,2,2022-06-20,4.350099,5.2156954
42,2022,Cesar,2022-06-06,3,2022-06-27,5.72763,5.1698403
42,2022,Cesar,2022-06-06,4,2022-07-04,5.5101256,4.8894796
42,2022,Cesar,2022-06-13,1,2022-06-20,4.350099,7.0991216
42,2022,Cesar,2022-06-13,2,2022-06-27,5.72763,6.585592
42,2022,Cesar,2022-06-13,3,2022-07-04,5.5101256,6.4123383
42,2022,Cesar,2022-06-13,4,2022-07-11,7.1776624,6.099683
42,2022,Cesar,2022-06-20,1,2022-06-27,5.72763,6.144304
42,2022,Cesar,2022-06-20,2,2022-07-04,5.5101256,5.7543902
42,2022,Cesar,2022-06-20,3,2022-07-11,7.1776624,5.6049905
42,2022,Cesar,2022-06-20,4,2022-07-18,6.8151555,5.493025
42,2022,Cesar,2022-06-27,1,2022-07-04,5.5101256,5.53133
42,2022,Cesar,2022-06-27,2,2022-07-11,7.1776624,5.056638
42,2022,Cesar,2022-06-27,3,2022-07-18,6.8151555,4.85615
42,2022,Cesar,2022-06-27,4,2022-07-25,5.945135,4.688101
42,2022,Cesar,2022-07-04,1,2022-07-11,7.1776624,5.403009
42,2022,Cesar,2022-07-04,2,2022-07-18,6.8151555,4.778413
42,2022,Cesar,2022-07-04,3,2022-07-25,5.945135,4.4443526
42,2022,Cesar,2022-07-04,4,2022-08-01,4.350099,4.1315427
42,2022,Cesar,2022-07-11,1,2022-07-18,6.8151555,5.1567826
42,2022,Cesar,2022-07-11,2,2022-07-25,5.945135,4.7119837
42,2022,Cesar,2022-07-11,3,2022-08-01,4.350099,4.3880734
42,2022,Cesar,2022-07-11,4,2022-08-08,6.090138,4.1341696
42,2022,Cesar,2022-07-18,1,2022-07-25,5.945135,6.558526
42,2022,Cesar,2022-07-18,2,2022-08-01,4.350099,6.145584
42,2022,Cesar,2022-07-18,3,2022-08-08,6.090138,5.7498517
42,2022,Cesar,2022-07-18,4,2022-08-15,5.72763,5.4583936
42,2022,Cesar,2022-07-25,1,2022-08-01,4.350099,6.614335
42,2022,Cesar,2022-07-25,2,2022-08-08,6.090138,6.185768
42,2022,Cesar,2022-07-25,3,2022-08-15,5.72763,5.7874417
42,2022,Cesar,2022-07-25,4,2022-08-22,5.5101256,5.5996037
42,2022,Cesar,2022-08-01,1,2022-08-08,6.090138,6.154487
42,2022,Cesar,2022-08-01,2,2022-08-15,5.72763,5.6187525
42,2022,Cesar,2022-08-01,3,2022-08-22,5.5101256,5.188132
42,2022,Cesar,2022-08-01,4,2022-08-29,5.2201185,5.0394726
42,2022,Cesar,2022-08-08,1,2022-08-15,5.72763,4.6501517
42,2022,Cesar,2022-08-08,2,2022-08-22,5.5101256,4.219182
42,2022,Cesar,2022-08-08,3,2022-08-29,5.2201185,3.9914186
42,2022,Cesar,2022-08-08,4,2022-09-05,5.437624,3.868068
42,2022,Cesar,2022-08-15,1,2022-08-22,5.5101256,5.3234262
42,2022,Cesar,2022-08-15,2,2022-08-29,5.2201185,4.933912
42,2022,Cesar,2022-08-15,3,2022-09-05,5.437624,4.6773977
42,2022,Cesar,2022-08-15,4,2022-09-12,5.6551285,4.5223866
42,2022,Cesar,2022-08-22,1,2022-08-29,5.2201185,5.2967744
42,2022,Cesar,2022-08-22,2,2022-09-05,5.437624,4.944829
42,2022,Cesar,2022-08-22,3,2022-09-12,5.6551285,4.658891
42,2022,Cesar,2022-08-22,4,2022-09-19,4.5676036,4.562654
42,2022,Cesar,2022-08-29,1,2022-09-05,5.437624,5.12585
42,2022,Cesar,2022-08-29,2,2022-09-12,5.6551285,4.871769
42,2022,Cesar,2022-08-29,3,2022-09-19,4.5676036,4.657819
42,2022,Cesar,2022-08-29,4,2022-09-26,5.945135,4.7327127
42,2022,Cesar,2022-09-05,1,2022-09-12,5.6551285,5.191597
42,2022,Cesar,2022-09-05,2,2022-09-19,4.5676036,5.0050564
42,2022,Cesar,2022-09-05,3,2022-09-26,5.945135,4.8171616
42,2022,Cesar,2022-09-05,4,2022-10-03,4.277597,4.8533983
42,2022,Cesar,2022-09-12,1,2022-09-19,4.5676036,5.5203767
42,2022,Cesar,2022-09-12,2,2022-09-26,5.945135,5.3310595
42,2022,Cesar,2022-09-12,3,2022-10-03,4.277597,5.126384
42,2022,Cesar,2022-09-12,4,2022-10-10,4.85761,5.1061773
42,2022,Cesar,2022-09-19,1,2022-09-26,5.945135,5.5231843
42,2022,Cesar,2022-09-19,2,2022-10-03,4.277597,5.3438215
42,2022,Cesar,2022-09-19,3,2022-10-10,4.85761,5.2181673
42,2022,Cesar,2022-09-19,4,2022-10-17,5.437624,5.181066
42,2022,Cesar,2022-09-26,1,2022-10-03,4.277597,5.0709767
42,2022,Cesar,2022-09-26,2,2022-10-10,4.85761,4.9281564
42,2022,Cesar,2022-09-26,3,2022-10-17,5.437624,4.876544
42,2022,Cesar,2022-09-26,4,2022-10-24,4.350099,4.921496
42,2022,Cesar,2022-10-03,1,2022-10-10,4.85761,5.6727033
42,2022,Cesar,2022-10-03,2,2022-10-17,5.437624,5.5162525
42,2022,Cesar,2022-10-03,3,2022-10-24,4.350099,5.4359274
42,2022,Cesar,2022-10-03,4,2022-10-31,4.205096,5.4954667
42,2022,Cesar,2022-10-10,1,2022-10-17,5.437624,4.8155875
42,2022,Cesar,2022-10-10,2,2022-10-24,4.350099,4.593996
42,2022,Cesar,2022-10-10,3,2022-10-31,4.205096,4.5129347
42,2022,Cesar,2022-10-10,4,2022-11-07,4.4226003,4.6131334
42,2022,Cesar,2022-10-17,1,2022-10-24,4.350099,4.435355
42,2022,Cesar,2022-10-17,2,2022-10-31,4.205096,4.2291937
42,2022,Cesar,2022-10-17,3,2022-11-07,4.4226003,4.2147326
42,2022,Cesar,2022-10-17,4,2022-11-14,4.205096,4.278144
42,2022,Cesar,2022-10-24,1,2022-10-31,4.205096,4.6178293
42,2022,Cesar,2022-10-24,2,2022-11-07,4.4226003,4.4677052
42,2022,Cesar,2022-10-24,3,2022-11-14,4.205096,4.472807
42,2022,Cesar,2022-10-24,4,2022-11-21,4.785109,4.5239096
42,2022,Cesar,2022-10-31,1,2022-11-07,4.4226003,4.470183
42,2022,Cesar,2022-10-31,2,2022-11-14,4.205096,4.2811904
42,2022,Cesar,2022-10-31,3,2022-11-21,4.785109,4.242523
42,2022,Cesar,2022-10-31,4,2022-11-28,2.8275642,4.3048553
42,2022,Cesar,2022-11-07,1,2022-11-14,4.205096,4.345643
42,2022,Cesar,2022-11-07,2,2022-11-21,4.785109,4.177397
42,2022,Cesar,2022-11-07,3,2022-11-28,2.8275642,4.231082
42,2022,Cesar,2022-11-07,4,2022-12-05,4.277597,4.114184
42,2022,Cesar,2022-11-14,1,2022-11-21,4.785109,4.323279
42,2022,Cesar,2022-11-14,2,2022-11-28,2.8275642,4.186684
42,2022,Cesar,2022-11-14,3,2022-12-05,4.277597,4.2032714
42,2022,Cesar,2022-11-14,4,2022-12-12,3.915089,4.0457797
42,2022,Cesar,2022-11-21,1,2022-11-28,2.8275642,4.213895
42,2022,Cesar,2022-11-21,2,2022-12-05,4.277597,4.064801
42,2022,Cesar,2022-11-21,3,2022-12-12,3.915089,4.0286117
42,2022,Cesar,2022-11-21,4,2022-12-19,3.7700856,3.8355978
42,2022,Cesar,2022-11-28,1,2022-12-05,4.277597,4.748811
42,2022,Cesar,2022-11-28,2,2022-12-12,3.915089,4.6939797
42,2022,Cesar,2022-11-28,3,2022-12-19,3.7700856,4.735928
42,2022,Cesar,2022-11-28,4,2022-12-26,2.0300462,4.523715
42,2022,Choco,2022-01-24,1,2022-01-31,1.0484781,1.4647467
42,2022,Choco,2022-01-24,2,2022-02-07,0.87373185,1.5243825
42,2022,Choco,2022-01-24,3,2022-02-14,1.2232244,1.5172281
42,2022,Choco,2022-01-24,4,2022-02-21,1.9222099,1.5442338
42,2022,Choco,2022-01-31,1,2022-02-07,0.87373185,2.0928383
42,2022,Choco,2022-01-31,2,2022-02-14,1.2232244,2.127424
42,2022,Choco,2022-01-31,3,2022-02-21,1.9222099,2.0911565
42,2022,Choco,2022-01-31,4,2022-02-28,1.9222099,2.123603
42,2022,Choco,2022-02-07,1,2022-02-14,1.2232244,1.8252373
42,2022,Choco,2022-02-07,2,2022-02-21,1.9222099,1.8481492
42,2022,Choco,2022-02-07,3,2022-02-28,1.9222099,1.8384949
42,2022,Choco,2022-02-07,4,2022-03-07,1.3979708,1.8937788
42,2022,Choco,2022-02-14,1,2022-02-21,1.9222099,1.4408686
42,2022,Choco,2022-02-14,2,2022-02-28,1.9222099,1.4498944
42,2022,Choco,2022-02-14,3,2022-03-07,1.3979708,1.4422089
42,2022,Choco,2022-02-14,4,2022-03-14,0.69898546,1.512281
42,2022,Choco,2022-02-21,1,2022-02-28,1.9222099,0.8708527
42,2022,Choco,2022-02-21,2,2022-03-07,1.3979708,0.8678614
42,2022,Choco,2022-02-21,3,2022-03-14,0.69898546,0.78702426
42,2022,Choco,2022-02-21,4,2022-03-21,1.7474636,0.8630908
42,2022,Choco,2022-02-28,1,2022-03-07,1.3979708,0.96639705
42,2022,Choco,2022-02-28,2,2022-03-14,0.69898546,1.01174
42,2022,Choco,2022-02-28,3,2022-03-21,1.7474636,1.0204169
42,2022,Choco,2022-02-28,4,2022-03-28,2.096956,0.99959415
42,2022,Choco,2022-03-07,1,2022-03-14,0.69898546,1.0323218
42,2022,Choco,2022-03-07,2,2022-03-21,1.7474636,1.0538632
42,2022,Choco,2022-03-07,3,2022-03-28,2.096956,1.023946
42,2022,Choco,2022-03-07,4,2022-04-04,1.0484781,1.0333077
42,2022,Choco,2022-03-14,1,2022-03-21,1.7474636,1.0169069
42,2022,Choco,2022-03-14,2,2022-03-28,2.096956,0.9257427
42,2022,Choco,2022-03-14,3,2022-04-04,1.0484781,0.93111664
42,2022,Choco,2022-03-14,4,2022-04-11,1.7474636,0.8367348
42,2022,Choco,2022-03-21,1,2022-03-28,2.096956,1.0087408
42,2022,Choco,2022-03-21,2,2022-04-04,1.0484781,0.9880688
42,2022,Choco,2022-03-21,3,2022-04-11,1.7474636,0.9854896
42,2022,Choco,2022-03-21,4,2022-04-18,3.1454344,0.9746152
42,2022,Choco,2022-03-28,1,2022-04-04,1.0484781,1.0638171
42,2022,Choco,2022-03-28,2,2022-04-11,1.7474636,1.057489
42,2022,Choco,2022-03-28,3,2022-04-18,3.1454344,1.0526625
42,2022,Choco,2022-03-28,4,2022-04-25,0.87373185,1.0329034
42,2022,Choco,2022-04-04,1,2022-04-11,1.7474636,1.2402127
42,2022,Choco,2022-04-04,2,2022-04-18,3.1454344,1.2376347
42,2022,Choco,2022-04-04,3,2022-04-25,0.87373185,1.2619379
42,2022,Choco,2022-04-04,4,2022-05-02,2.7959416,1.2781602
42,2022,Choco,2022-04-11,1,2022-04-18,3.1454344,1.2179465
42,2022,Choco,2022-04-11,2,2022-04-25,0.87373185,1.2167026
42,2022,Choco,2022-04-11,3,2022-05-02,2.7959416,1.2687485
42,2022,Choco,2022-04-11,4,2022-05-09,2.096956,1.2848681
42,2022,Choco,2022-04-18,1,2022-04-25,0.87373185,1.2489733
42,2022,Choco,2022-04-18,2,2022-05-02,2.7959416,1.1926355
42,2022,Choco,2022-04-18,3,2022-05-09,2.096956,1.2507802
42,2022,Choco,2022-04-18,4,2022-05-16,1.5727172,1.2325464
42,2022,Choco,2022-04-25,1,2022-05-02,2.7959416,1.3663732
42,2022,Choco,2022-04-25,2,2022-05-09,2.096956,1.3063027
42,2022,Choco,2022-04-25,3,2022-05-16,1.5727172,1.316029
42,2022,Choco,2022-04-25,4,2022-05-23,2.096956,1.2900925
42,2022,Choco,2022-05-02,1,2022-05-09,2.096956,1.1242344
42,2022,Choco,2022-05-02,2,2022-05-16,1.5727172,1.0951777
42,2022,Choco,2022-05-02,3,2022-05-23,2.096956,1.112476
42,2022,Choco,2022-05-02,4,2022-05-30,3.1454344,1.0796806
42,2022,Choco,2022-05-09,1,2022-05-16,1.5727172,1.3245231
42,2022,Choco,2022-05-09,2,2022-05-23,2.096956,1.2662029
42,2022,Choco,2022-05-09,3,2022-05-30,3.1454344,1.2987764
42,2022,Choco,2022-05-09,4,2022-06-06,2.4464488,1.2350212
42,2022,Choco,2022-05-16,1,2022-05-23,2.096956,1.3278509
42,2022,Choco,2022-05-16,2,2022-05-30,3.1454344,1.2154115
42,2022,Choco,2022-05-16,3,2022-06-06,2.4464488,1.2201054
42,2022,Choco,2022-05-16,4,2022-06-13,3.320181,1.1087514
42,2022,Choco,2022-05-23,1,2022-05-30,3.1454344,1.2230573
42,2022,Choco,2022-05-23,2,2022-06-06,2.4464488,1.1471856
42,2022,Choco,2022-05-23,3,2022-06-13,3.320181,1.13215
42,2022,Choco,2022-05-23,4,2022-06-20,4.0191665,1.0984106
42,2022,Choco,2022-05-30,1,2022-06-06,2.4464488,1.279504
42,2022,Choco,2022-05-30,2,2022-06-13,3.320181,1.1965615
42,2022,Choco,2022-05-30,3,2022-06-20,4.0191665,1.1826196
42,2022,Choco,2022-05-30,4,2022-06-27,2.7959416,1.0965782
42,2022,Choco,2022-06-06,1,2022-06-13,3.320181,1.3921939
42,2022,Choco,2022-06-06,2,2022-06-20,4.0191665,1.302946
42,2022,Choco,2022-06-06,3,2022-06-27,2.7959416,1.2596567
42,2022,Choco,2022-06-06,4,2022-07-04,3.8444197,1.1750255
42,2022,Choco,2022-06-13,1,2022-06-20,4.0191665,1.4300563
42,2022,Choco,2022-06-13,2,2022-06-27,2.7959416,1.322383
42,2022,Choco,2022-06-13,3,2022-07-04,3.8444197,1.2509413
42,2022,Choco,2022-06-13,4,2022-07-11,5.9413757,1.1356361
42,2022,Choco,2022-06-20,1,2022-06-27,2.7959416,1.514038
42,2022,Choco,2022-06-20,2,2022-07-04,3.8444197,1.4146254
42,2022,Choco,2022-06-20,3,2022-07-11,5.9413757,1.33062
42,2022,Choco,2022-06-20,4,2022-07-18,4.1939125,1.2655922
42,2022,Choco,2022-06-27,1,2022-07-04,3.8444197,1.763976
42,2022,Choco,2022-06-27,2,2022-07-11,5.9413757,1.6502866
42,2022,Choco,2022-06-27,3,2022-07-18,4.1939125,1.5536597
42,2022,Choco,2022-06-27,4,2022-07-25,4.1939125,1.4787574
42,2022,Choco,2022-07-04,1,2022-07-11,5.9413757,1.8265817
42,2022,Choco,2022-07-04,2,2022-07-18,4.1939125,1.7106887
42,2022,Choco,2022-07-04,3,2022-07-25,4.1939125,1.5844991
42,2022,Choco,2022-07-04,4,2022-08-01,1.3979708,1.5062324
42,2022,Choco,2022-07-11,1,2022-07-18,4.1939125,2.0519156
42,2022,Choco,2022-07-11,2,2022-07-25,4.1939125,1.9440187
42,2022,Choco,2022-07-11,3,2022-08-01,1.3979708,1.8312689
42,2022,Choco,2022-07-11,4,2022-08-08,4.892898,1.7694949
42,2022,Choco,2022-07-18,1,2022-07-25,4.1939125,2.8094618
42,2022,Choco,2022-07-18,2,2022-08-01,1.3979708,2.716381
42,2022,Choco,2022-07-18,3,2022-08-08,4.892898,2.5248365
42,2022,Choco,2022-07-18,4,2022-08-15,1.9222099,2.4681833
42,2022,Choco,2022-07-25,1,2022-08-01,1.3979708,2.8686085
42,2022,Choco,2022-07-25,2,2022-08-08,4.892898,2.7303536
42,2022,Choco,2022-07-25,3,2022-08-15,1.9222099,2.5168383
42,2022,Choco,2022-07-25,4,2022-08-22,2.6211953,2.4970586
42,2022,Choco,2022-08-01,1,2022-08-08,4.892898,2.654801
42,2022,Choco,2022-08-01,2,2022-08-15,1.9222099,2.4988406
42,2022,Choco,2022-08-01,3,2022-08-22,2.6211953,2.3528984
42,2022,Choco,2022-08-01,4,2022-08-29,3.1454344,2.334233
42,2022,Choco,2022-08-08,1,2022-08-15,1.9222099,1.8614618
42,2022,Choco,2022-08-08,2,2022-08-22,2.6211953,1.696846
42,2022,Choco,2022-08-08,3,2022-08-29,3.1454344,1.5674152
42,2022,Choco,2022-08-08,4,2022-09-05,4.0191665,1.5667253
42,2022,Choco,2022-08-15,1,2022-08-22,2.6211953,2.1503356
42,2022,Choco,2022-08-15,2,2022-08-29,3.1454344,2.044408
42,2022,Choco,2022-08-15,3,2022-09-05,4.0191665,1.9021331
42,2022,Choco,2022-08-15,4,2022-09-12,4.0191665,1.9075227
42,2022,Choco,2022-08-22,1,2022-08-29,3.1454344,1.7364848
42,2022,Choco,2022-08-22,2,2022-09-05,4.0191665,1.5947453
42,2022,Choco,2022-08-22,3,2022-09-12,4.0191665,1.4791095
42,2022,Choco,2022-08-22,4,2022-09-19,2.4464488,1.4445878
42,2022,Choco,2022-08-29,1,2022-09-05,4.0191665,1.4413587
42,2022,Choco,2022-08-29,2,2022-09-12,4.0191665,1.3188406
42,2022,Choco,2022-08-29,3,2022-09-19,2.4464488,1.2189455
42,2022,Choco,2022-08-29,4,2022-09-26,3.8444197,1.1677506
42,2022,Choco,2022-09-05,1,2022-09-12,4.0191665,1.6395506
42,2022,Choco,2022-09-05,2,2022-09-19,2.4464488,1.5061011
42,2022,Choco,2022-09-05,3,2022-09-26,3.8444197,1.3686123
42,2022,Choco,2022-09-05,4,2022-10-03,2.4464488,1.3202223
42,2022,Choco,2022-09-12,1,2022-09-19,2.4464488,1.6858656
42,2022,Choco,2022-09-12,2,2022-09-26,3.8444197,1.5465575
42,2022,Choco,2022-09-12,3,2022-10-03,2.4464488,1.4121388
42,2022,Choco,2022-09-12,4,2022-10-10,1.7474636,1.35304
42,2022,Choco,2022-09-19,1,2022-09-26,3.8444197,1.8257502
42,2022,Choco,2022-09-19,2,2022-10-03,2.4464488,1.6977235
42,2022,Choco,2022-09-19,3,2022-10-10,1.7474636,1.5381247
42,2022,Choco,2022-09-19,4,2022-10-17,4.3686585,1.498427
42,2022,Choco,2022-09-26,1,2022-10-03,2.4464488,1.682296
42,2022,Choco,2022-09-26,2,2022-10-10,1.7474636,1.5618563
42,2022,Choco,2022-09-26,3,2022-10-17,4.3686585,1.4597858
42,2022,Choco,2022-09-26,4,2022-10-24,6.989854,1.4082519
42,2022,Choco,2022-10-03,1,2022-10-10,1.7474636,2.0257738
42,2022,Choco,2022-10-03,2,2022-10-17,4.3686585,1.8712794
42,2022,Choco,2022-10-03,3,2022-10-24,6.989854,1.7472249
42,2022,Choco,2022-10-03,4,2022-10-31,3.4949272,1.717284
42,2022,Choco,2022-10-10,1,2022-10-17,4.3686585,1.5841236
42,2022,Choco,2022-10-10,2,2022-10-24,6.989854,1.4240592
42,2022,Choco,2022-10-10,3,2022-10-31,3.4949272,1.3408042
42,2022,Choco,2022-10-10,4,2022-11-07,3.8444197,1.2792372
42,2022,Choco,2022-10-17,1,2022-10-24,6.989854,1.2687255
42,2022,Choco,2022-10-17,2,2022-10-31,3.4949272,1.1526008
42,2022,Choco,2022-10-17,3,2022-11-07,3.8444197,1.0800753
42,2022,Choco,2022-10-17,4,2022-11-14,3.320181,1.0651945
42,2022,Choco,2022-10-24,1,2022-10-31,3.4949272,1.2912484
42,2022,Choco,2022-10-24,2,2022-11-07,3.8444197,1.2038335
42,2022,Choco,2022-10-24,3,2022-11-14,3.320181,1.0764786
42,2022,Choco,2022-10-24,4,2022-11-21,2.970688,1.1196612
42,2022,Choco,2022-10-31,1,2022-11-07,3.8444197,2.0592475
42,2022,Choco,2022-10-31,2,2022-11-14,3.320181,1.8836015
42,2022,Choco,2022-10-31,3,2022-11-21,2.970688,1.7029855
42,2022,Choco,2022-10-31,4,2022-11-28,3.320181,1.6373358
42,2022,Choco,2022-11-07,1,2022-11-14,3.320181,1.9085474
42,2022,Choco,2022-11-07,2,2022-11-21,2.970688,1.698646
42,2022,Choco,2022-11-07,3,2022-11-28,3.320181,1.5746853
42,2022,Choco,2022-11-07,4,2022-12-05,2.2717025,1.4618984
42,2022,Choco,2022-11-14,1,2022-11-21,2.970688,1.8748163
42,2022,Choco,2022-11-14,2,2022-11-28,3.320181,1.6339924
42,2022,Choco,2022-11-14,3,2022-12-05,2.2717025,1.4987061
42,2022,Choco,2022-11-14,4,2022-12-12,4.1939125,1.3724265
42,2022,Choco,2022-11-21,1,2022-11-28,3.320181,1.8234195
42,2022,Choco,2022-11-21,2,2022-12-05,2.2717025,1.6046447
42,2022,Choco,2022-11-21,3,2022-12-12,4.1939125,1.4144675
42,2022,Choco,2022-11-21,4,2022-12-19,9.261558,1.387009
42,2022,Choco,2022-11-28,1,2022-12-05,2.2717025,1.821509
42,2022,Choco,2022-11-28,2,2022-12-12,4.1939125,1.7157629
42,2022,Choco,2022-11-28,3,2022-12-19,9.261558,1.562501
42,2022,Choco,2022-11-28,4,2022-12-26,3.4949272,1.5690004
42,2022,Cordoba,2022-01-24,1,2022-01-31,2.5029433,2.203469
42,2022,Cordoba,2022-01-24,2,2022-02-07,3.180824,2.0891614
42,2022,Cordoba,2022-01-24,3,2022-02-14,2.7115223,1.906526
42,2022,Cordoba,2022-01-24,4,2022-02-21,1.9814968,1.9572502
42,2022,Cordoba,2022-01-31,1,2022-02-07,3.180824,1.9701684
42,2022,Cordoba,2022-01-31,2,2022-02-14,2.7115223,1.8403223
42,2022,Cordoba,2022-01-31,3,2022-02-21,1.9814968,1.6708007
42,2022,Cordoba,2022-01-31,4,2022-02-28,1.7729183,1.6604959
42,2022,Cordoba,2022-02-07,1,2022-02-14,2.7115223,1.9121549
42,2022,Cordoba,2022-02-07,2,2022-02-21,1.9814968,1.7928293
42,2022,Cordoba,2022-02-07,3,2022-02-28,1.7729183,1.6220891
42,2022,Cordoba,2022-02-07,4,2022-03-07,1.9293522,1.5675709
42,2022,Cordoba,2022-02-14,1,2022-02-21,1.9814968,2.1898274
42,2022,Cordoba,2022-02-14,2,2022-02-28,1.7729183,2.0818534
42,2022,Cordoba,2022-02-14,3,2022-03-07,1.9293522,1.9133636
42,2022,Cordoba,2022-02-14,4,2022-03-14,2.1379309,1.7976205
42,2022,Cordoba,2022-02-21,1,2022-02-28,1.7729183,1.9974887
42,2022,Cordoba,2022-02-21,2,2022-03-07,1.9293522,1.856854
42,2022,Cordoba,2022-02-21,3,2022-03-14,2.1379309,1.6924136
42,2022,Cordoba,2022-02-21,4,2022-03-21,2.0857863,1.5670484
42,2022,Cordoba,2022-02-28,1,2022-03-07,1.9293522,1.6978382
42,2022,Cordoba,2022-02-28,2,2022-03-14,2.1379309,1.5752482
42,2022,Cordoba,2022-02-28,3,2022-03-21,2.0857863,1.5103616
42,2022,Cordoba,2022-02-28,4,2022-03-28,1.668629,1.3905586
42,2022,Cordoba,2022-03-07,1,2022-03-14,2.1379309,1.643269
42,2022,Cordoba,2022-03-07,2,2022-03-21,2.0857863,1.5254751
42,2022,Cordoba,2022-03-07,3,2022-03-28,1.668629,1.4854903
42,2022,Cordoba,2022-03-07,4,2022-04-04,1.8250631,1.3948134
42,2022,Cordoba,2022-03-14,1,2022-03-21,2.0857863,1.3651351
42,2022,Cordoba,2022-03-14,2,2022-03-28,1.668629,1.2376038
42,2022,Cordoba,2022-03-14,3,2022-04-04,1.8250631,1.2180274
42,2022,Cordoba,2022-03-14,4,2022-04-11,1.6164844,1.1753854
42,2022,Cordoba,2022-03-21,1,2022-03-28,1.668629,1.5331496
42,2022,Cordoba,2022-03-21,2,2022-04-04,1.8250631,1.4506726
42,2022,Cordoba,2022-03-21,3,2022-04-11,1.6164844,1.4309074
42,2022,Cordoba,2022-03-21,4,2022-04-18,2.4507987,1.3425645
42,2022,Cordoba,2022-03-28,1,2022-04-04,1.8250631,1.8306881
42,2022,Cordoba,2022-03-28,2,2022-04-11,1.6164844,1.7508763
42,2022,Cordoba,2022-03-28,3,2022-04-18,2.4507987,1.8149296
42,2022,Cordoba,2022-03-28,4,2022-04-25,3.02439,1.708987
42,2022,Cordoba,2022-04-04,1,2022-04-11,1.6164844,1.899778
42,2022,Cordoba,2022-04-04,2,2022-04-18,2.4507987,1.9148059
42,2022,Cordoba,2022-04-04,3,2022-04-25,3.02439,1.9991512
42,2022,Cordoba,2022-04-04,4,2022-05-02,2.294365,1.9533119
42,2022,Cordoba,2022-04-11,1,2022-04-18,2.4507987,1.9627104
42,2022,Cordoba,2022-04-11,2,2022-04-25,3.02439,2.0034926
42,2022,Cordoba,2022-04-11,3,2022-05-02,2.294365,2.1111238
42,2022,Cordoba,2022-04-11,4,2022-05-09,3.076535,2.09351
42,2022,Cordoba,2022-04-18,1,2022-04-25,3.02439,1.9400715
42,2022,Cordoba,2022-04-18,2,2022-05-02,2.294365,1.9707795
42,2022,Cordoba,2022-04-18,3,2022-05-09,3.076535,2.0867262
42,2022,Cordoba,2022-04-18,4,2022-05-16,4.58873,2.0429263
42,2022,Cordoba,2022-04-25,1,2022-05-02,2.294365,2.2784762
42,2022,Cordoba,2022-04-25,2,2022-05-09,3.076535,2.3051481
42,2022,Cordoba,2022-04-25,3,2022-05-16,4.58873,2.4262881
42,2022,Cordoba,2022-04-25,4,2022-05-23,4.2237167,2.4003112
42,2022,Cordoba,2022-05-02,1,2022-05-09,3.076535,2.7886848
42,2022,Cordoba,2022-05-02,2,2022-05-16,4.58873,2.7879105
42,2022,Cordoba,2022-05-02,3,2022-05-23,4.2237167,2.915109
42,2022,Cordoba,2022-05-02,4,2022-05-30,4.7451644,2.8442562
42,2022,Cordoba,2022-05-09,1,2022-05-16,4.58873,2.8437083
42,2022,Cordoba,2022-05-09,2,2022-05-23,4.2237167,2.8708205
42,2022,Cordoba,2022-05-09,3,2022-05-30,4.7451644,3.0174153
42,2022,Cordoba,2022-05-09,4,2022-06-06,4.432296,2.9632447
42,2022,Cordoba,2022-05-16,1,2022-05-23,4.2237167,2.9795747
42,2022,Cordoba,2022-05-16,2,2022-05-30,4.7451644,2.9844112
42,2022,Cordoba,2022-05-16,3,2022-06-06,4.432296,3.1570716
42,2022,Cordoba,2022-05-16,4,2022-06-13,3.180824,3.0506158
42,2022,Cordoba,2022-05-23,1,2022-05-30,4.7451644,3.9330914
42,2022,Cordoba,2022-05-23,2,2022-06-06,4.432296,3.8691208
42,2022,Cordoba,2022-05-23,3,2022-06-13,3.180824,3.98178
42,2022,Cordoba,2022-05-23,4,2022-06-20,2.7115223,3.738646
42,2022,Cordoba,2022-05-30,1,2022-06-06,4.432296,4.5535607
42,2022,Cordoba,2022-05-30,2,2022-06-13,3.180824,4.470476
42,2022,Cordoba,2022-05-30,3,2022-06-20,2.7115223,4.543809
42,2022,Cordoba,2022-05-30,4,2022-06-27,3.2851133,4.310517
42,2022,Cordoba,2022-06-06,1,2022-06-13,3.180824,5.265174
42,2022,Cordoba,2022-06-06,2,2022-06-20,2.7115223,5.0556245
42,2022,Cordoba,2022-06-06,3,2022-06-27,3.2851133,5.0440073
42,2022,Cordoba,2022-06-06,4,2022-07-04,5.5794783,4.835465
42,2022,Cordoba,2022-06-13,1,2022-06-20,2.7115223,5.0654917
42,2022,Cordoba,2022-06-13,2,2022-06-27,3.2851133,4.768951
42,2022,Cordoba,2022-06-13,3,2022-07-04,5.5794783,4.6491604
42,2022,Cordoba,2022-06-13,4,2022-07-11,5.475189,4.394193
42,2022,Cordoba,2022-06-20,1,2022-06-27,3.2851133,4.1208477
42,2022,Cordoba,2022-06-20,2,2022-07-04,5.5794783,3.8489316
42,2022,Cordoba,2022-06-20,3,2022-07-11,5.475189,3.748067
42,2022,Cordoba,2022-06-20,4,2022-07-18,6.0487804,3.585281
42,2022,Cordoba,2022-06-27,1,2022-07-04,5.5794783,3.4976416
42,2022,Cordoba,2022-06-27,2,2022-07-11,5.475189,3.237169
42,2022,Cordoba,2022-06-27,3,2022-07-18,6.0487804,3.1376228
42,2022,Cordoba,2022-06-27,4,2022-07-25,6.465937,2.903058
42,2022,Cordoba,2022-07-04,1,2022-07-11,5.475189,3.4714596
42,2022,Cordoba,2022-07-04,2,2022-07-18,6.0487804,3.1854975
42,2022,Cordoba,2022-07-04,3,2022-07-25,6.465937,3.0197587
42,2022,Cordoba,2022-07-04,4,2022-08-01,6.1009254,2.78083
42,2022,Cordoba,2022-07-11,1,2022-07-18,6.0487804,4.217843
42,2022,Cordoba,2022-07-11,2,2022-07-25,6.465937,3.9831948
42,2022,Cordoba,2022-07-11,3,2022-08-01,6.1009254,3.7825303
42,2022,Cordoba,2022-07-11,4,2022-08-08,5.6837673,3.5718958
42,2022,Cordoba,2022-07-18,1,2022-07-25,6.465937,4.7930956
42,2022,Cordoba,2022-07-18,2,2022-08-01,6.1009254,4.6225643
42,2022,Cordoba,2022-07-18,3,2022-08-08,5.6837673,4.4277024
42,2022,Cordoba,2022-07-18,4,2022-08-15,5.8923464,4.3500004
42,2022,Cordoba,2022-07-25,1,2022-08-01,6.1009254,5.410064
42,2022,Cordoba,2022-07-25,2,2022-08-08,5.6837673,5.1954174
42,2022,Cordoba,2022-07-25,3,2022-08-15,5.8923464,4.9829283
42,2022,Cordoba,2022-07-25,4,2022-08-22,5.735913,4.864881
42,2022,Cordoba,2022-08-01,1,2022-08-08,5.6837673,5.8998313
42,2022,Cordoba,2022-08-01,2,2022-08-15,5.8923464,5.571264
42,2022,Cordoba,2022-08-01,3,2022-08-22,5.735913,5.261537
42,2022,Cordoba,2022-08-01,4,2022-08-29,6.0487804,5.027676
42,2022,Cordoba,2022-08-08,1,2022-08-15,5.8923464,5.7930617
42,2022,Cordoba,2022-08-08,2,2022-08-22,5.735913,5.4717007
42,2022,Cordoba,2022-08-08,3,2022-08-29,6.0487804,5.2446823
42,2022,Cordoba,2022-08-08,4,2022-09-05,5.0580316,5.0612483
42,2022,Cordoba,2022-08-15,1,2022-08-22,5.735913,5.568171
42,2022,Cordoba,2022-08-15,2,2022-08-29,6.0487804,5.2644296
42,2022,Cordoba,2022-08-15,3,2022-09-05,5.0580316,5.071912
42,2022,Cordoba,2022-08-15,4,2022-09-12,4.0151386,4.936803
42,2022,Cordoba,2022-08-22,1,2022-08-29,6.0487804,5.6545925
42,2022,Cordoba,2022-08-22,2,2022-09-05,5.0580316,5.3284507
42,2022,Cordoba,2022-08-22,3,2022-09-12,4.0151386,5.1106453
42,2022,Cordoba,2022-08-22,4,2022-09-19,3.8065603,4.9436383
42,2022,Cordoba,2022-08-29,1,2022-09-05,5.0580316,5.4560785
42,2022,Cordoba,2022-08-29,2,2022-09-12,4.0151386,5.143208
42,2022,Cordoba,2022-08-29,3,2022-09-19,3.8065603,4.959461
42,2022,Cordoba,2022-08-29,4,2022-09-26,3.4415472,4.7624764
42,2022,Cordoba,2022-09-05,1,2022-09-12,4.0151386,5.681667
42,2022,Cordoba,2022-09-05,2,2022-09-19,3.8065603,5.4585395
42,2022,Cordoba,2022-09-05,3,2022-09-26,3.4415472,5.287271
42,2022,Cordoba,2022-09-05,4,2022-10-03,3.4415472,5.0472207
42,2022,Cordoba,2022-09-12,1,2022-09-19,3.8065603,5.324728
42,2022,Cordoba,2022-09-12,2,2022-09-26,3.4415472,5.140203
42,2022,Cordoba,2022-09-12,3,2022-10-03,3.4415472,4.976587
42,2022,Cordoba,2022-09-12,4,2022-10-10,3.232969,4.7759533
42,2022,Cordoba,2022-09-19,1,2022-09-26,3.4415472,4.4953346
42,2022,Cordoba,2022-09-19,2,2022-10-03,3.4415472,4.324153
42,2022,Cordoba,2022-09-19,3,2022-10-10,3.232969,4.177334
42,2022,Cordoba,2022-09-19,4,2022-10-17,3.4415472,4.050582
42,2022,Cordoba,2022-09-26,1,2022-10-03,3.4415472,4.1034727
42,2022,Cordoba,2022-09-26,2,2022-10-10,3.232969,3.9660406
42,2022,Cordoba,2022-09-26,3,2022-10-17,3.4415472,3.795384
42,2022,Cordoba,2022-09-26,4,2022-10-24,3.8065603,3.7428365
42,2022,Cordoba,2022-10-03,1,2022-10-10,3.232969,3.7458856
42,2022,Cordoba,2022-10-03,2,2022-10-17,3.4415472,3.62545
42,2022,Cordoba,2022-10-03,3,2022-10-24,3.8065603,3.4908545
42,2022,Cordoba,2022-10-03,4,2022-10-31,3.4415472,3.4295032
42,2022,Cordoba,2022-10-10,1,2022-10-17,3.4415472,3.462507
42,2022,Cordoba,2022-10-10,2,2022-10-24,3.8065603,3.3793867
42,2022,Cordoba,2022-10-10,3,2022-10-31,3.4415472,3.2768521
42,2022,Cordoba,2022-10-10,4,2022-11-07,4.0151386,3.2706575
42,2022,Cordoba,2022-10-17,1,2022-10-24,3.8065603,3.3375537
42,2022,Cordoba,2022-10-17,2,2022-10-31,3.4415472,3.259833
42,2022,Cordoba,2022-10-17,3,2022-11-07,4.0151386,3.1836405
42,2022,Cordoba,2022-10-17,4,2022-11-14,2.9201007,3.1699176
42,2022,Cordoba,2022-10-24,1,2022-10-31,3.4415472,3.3687146
42,2022,Cordoba,2022-10-24,2,2022-11-07,4.0151386,3.3091373
42,2022,Cordoba,2022-10-24,3,2022-11-14,2.9201007,3.2681587
42,2022,Cordoba,2022-10-24,4,2022-11-21,2.7115223,3.2500389
42,2022,Cordoba,2022-10-31,1,2022-11-07,4.0151386,3.6823115
42,2022,Cordoba,2022-10-31,2,2022-11-14,2.9201007,3.5948515
42,2022,Cordoba,2022-10-31,3,2022-11-21,2.7115223,3.5302095
42,2022,Cordoba,2022-10-31,4,2022-11-28,3.180824,3.5320644
42,2022,Cordoba,2022-11-07,1,2022-11-14,2.9201007,3.4787345
42,2022,Cordoba,2022-11-07,2,2022-11-21,2.7115223,3.3785045
42,2022,Cordoba,2022-11-07,3,2022-11-28,3.180824,3.353438
42,2022,Cordoba,2022-11-07,4,2022-12-05,2.398654,3.3654926
42,2022,Cordoba,2022-11-14,1,2022-11-21,2.7115223,3.6854672
42,2022,Cordoba,2022-11-14,2,2022-11-28,3.180824,3.6080668
42,2022,Cordoba,2022-11-14,3,2022-12-05,2.398654,3.608381
42,2022,Cordoba,2022-11-14,4,2022-12-12,3.650126,3.6085057
42,2022,Cordoba,2022-11-21,1,2022-11-28,3.180824,3.4501824
42,2022,Cordoba,2022-11-21,2,2022-12-05,2.398654,3.3421707
42,2022,Cordoba,2022-11-21,3,2022-12-12,3.650126,3.3511384
42,2022,Cordoba,2022-11-21,4,2022-12-19,2.0336416,3.2606893
42,2022,Cordoba,2022-11-28,1,2022-12-05,2.398654,3.2476027
42,2022,Cordoba,2022-11-28,2,2022-12-12,3.650126,3.1660464
42,2022,Cordoba,2022-11-28,3,2022-12-19,2.0336416,3.22806
42,2022,Cordoba,2022-11-28,4,2022-12-26,3.076535,3.138871
42,2022,Cundinamarca,2022-01-24,1,2022-01-31,0.09045454,0.24108273
42,2022,Cundinamarca,2022-01-24,2,2022-02-07,0.09045454,0.2319543
42,2022,Cundinamarca,2022-01-24,3,2022-02-14,0.12060606,0.21228904
42,2022,Cundinamarca,2022-01-24,4,2022-02-21,0.12060606,0.23906103
42,2022,Cundinamarca,2022-01-31,1,2022-02-07,0.09045454,0.25091022
42,2022,Cundinamarca,2022-01-31,2,2022-02-14,0.12060606,0.25154448
42,2022,Cundinamarca,2022-01-31,3,2022-02-21,0.12060606,0.22735997
42,2022,Cundinamarca,2022-01-31,4,2022-02-28,0.1809091,0.22147854
42,2022,Cundinamarca,2022-02-07,1,2022-02-14,0.12060606,0.23877776
42,2022,Cundinamarca,2022-02-07,2,2022-02-21,0.12060606,0.22968048
42,2022,Cundinamarca,2022-02-07,3,2022-02-28,0.1809091,0.21469204
42,2022,Cundinamarca,2022-02-07,4,2022-03-07,0.12060606,0.21494247
42,2022,Cundinamarca,2022-02-14,1,2022-02-21,0.12060606,0.2088782
42,2022,Cundinamarca,2022-02-14,2,2022-02-28,0.1809091,0.19990903
42,2022,Cundinamarca,2022-02-14,3,2022-03-07,0.12060606,0.1939854
42,2022,Cundinamarca,2022-02-14,4,2022-03-14,0.09045454,0.18649442
42,2022,Cundinamarca,2022-02-21,1,2022-02-28,0.1809091,0.20417848
42,2022,Cundinamarca,2022-02-21,2,2022-03-07,0.12060606,0.1919225
42,2022,Cundinamarca,2022-02-21,3,2022-03-14,0.09045454,0.19380166
42,2022,Cundinamarca,2022-02-21,4,2022-03-21,0.30151516,0.169709
42,2022,Cundinamarca,2022-02-28,1,2022-03-07,0.12060606,0.18757288
42,2022,Cundinamarca,2022-02-28,2,2022-03-14,0.09045454,0.19242272
42,2022,Cundinamarca,2022-02-28,3,2022-03-21,0.30151516,0.18735614
42,2022,Cundinamarca,2022-02-28,4,2022-03-28,0.15075757,0.18348658
42,2022,Cundinamarca,2022-03-07,1,2022-03-14,0.09045454,0.19925739
42,2022,Cundinamarca,2022-03-07,2,2022-03-21,0.30151516,0.19278495
42,2022,Cundinamarca,2022-03-07,3,2022-03-28,0.15075757,0.21956928
42,2022,Cundinamarca,2022-03-07,4,2022-04-04,0.27136362,0.2180871
42,2022,Cundinamarca,2022-03-14,1,2022-03-21,0.30151516,0.21131253
42,2022,Cundinamarca,2022-03-14,2,2022-03-28,0.15075757,0.20204957
42,2022,Cundinamarca,2022-03-14,3,2022-04-04,0.27136362,0.22189032
42,2022,Cundinamarca,2022-03-14,4,2022-04-11,0.030151516,0.21405204
42,2022,Cundinamarca,2022-03-21,1,2022-03-28,0.15075757,0.18511243
42,2022,Cundinamarca,2022-03-21,2,2022-04-04,0.27136362,0.18613654
42,2022,Cundinamarca,2022-03-21,3,2022-04-11,0.030151516,0.20210683
42,2022,Cundinamarca,2022-03-21,4,2022-04-18,0.09045454,0.19091561
42,2022,Cundinamarca,2022-03-28,1,2022-04-04,0.27136362,0.24284868
42,2022,Cundinamarca,2022-03-28,2,2022-04-11,0.030151516,0.23839244
42,2022,Cundinamarca,2022-03-28,3,2022-04-18,0.09045454,0.25998455
42,2022,Cundinamarca,2022-03-28,4,2022-04-25,0.33166665,0.24978428
42,2022,Cundinamarca,2022-04-04,1,2022-04-11,0.030151516,0.257268
42,2022,Cundinamarca,2022-04-04,2,2022-04-18,0.09045454,0.2562672
42,2022,Cundinamarca,2022-04-04,3,2022-04-25,0.33166665,0.2888378
42,2022,Cundinamarca,2022-04-04,4,2022-05-02,0.15075757,0.27459592
42,2022,Cundinamarca,2022-04-11,1,2022-04-18,0.09045454,0.28476825
42,2022,Cundinamarca,2022-04-11,2,2022-04-25,0.33166665,0.27285847
42,2022,Cundinamarca,2022-04-11,3,2022-05-02,0.15075757,0.31493655
42,2022,Cundinamarca,2022-04-11,4,2022-05-09,0.48242426,0.29656035
42,2022,Cundinamarca,2022-04-18,1,2022-04-25,0.33166665,0.27670813
42,2022,Cundinamarca,2022-04-18,2,2022-05-02,0.15075757,0.2679182
42,2022,Cundinamarca,2022-04-18,3,2022-05-09,0.48242426,0.29576755
42,2022,Cundinamarca,2022-04-18,4,2022-05-16,0.1809091,0.28716365
42,2022,Cundinamarca,2022-04-25,1,2022-05-02,0.15075757,0.23114471
42,2022,Cundinamarca,2022-04-25,2,2022-05-09,0.48242426,0.21662493
42,2022,Cundinamarca,2022-04-25,3,2022-05-16,0.1809091,0.26297858
42,2022,Cundinamarca,2022-04-25,4,2022-05-23,0.12060606,0.28252608
42,2022,Cundinamarca,2022-05-02,1,2022-05-09,0.48242426,0.2606649
42,2022,Cundinamarca,2022-05-02,2,2022-05-16,0.1809091,0.23132652
42,2022,Cundinamarca,2022-05-02,3,2022-05-23,0.12060606,0.28577787
42,2022,Cundinamarca,2022-05-02,4,2022-05-30,0.3919697,0.2723727
42,2022,Cundinamarca,2022-05-09,1,2022-05-16,0.1809091,0.22207828
42,2022,Cundinamarca,2022-05-09,2,2022-05-23,0.12060606,0.21840891
42,2022,Cundinamarca,2022-05-09,3,2022-05-30,0.3919697,0.25149244
42,2022,Cundinamarca,2022-05-09,4,2022-06-06,0.2110606,0.2642496
42,2022,Cundinamarca,2022-05-16,1,2022-05-23,0.12060606,0.28519064
42,2022,Cundinamarca,2022-05-16,2,2022-05-30,0.3919697,0.26865506
42,2022,Cundinamarca,2022-05-16,3,2022-06-06,0.2110606,0.32056096
42,2022,Cundinamarca,2022-05-16,4,2022-06-13,0.1809091,0.33405575
42,2022,Cundinamarca,2022-05-23,1,2022-05-30,0.3919697,0.3159392
42,2022,Cundinamarca,2022-05-23,2,2022-06-06,0.2110606,0.29795316
42,2022,Cundinamarca,2022-05-23,3,2022-06-13,0.1809091,0.3376849
42,2022,Cundinamarca,2022-05-23,4,2022-06-20,0.15075757,0.34631237
42,2022,Cundinamarca,2022-05-30,1,2022-06-06,0.2110606,0.25187576
42,2022,Cundinamarca,2022-05-30,2,2022-06-13,0.1809091,0.25106725
42,2022,Cundinamarca,2022-05-30,3,2022-06-20,0.15075757,0.27677745
42,2022,Cundinamarca,2022-05-30,4,2022-06-27,0.15075757,0.2924574
42,2022,Cundinamarca,2022-06-06,1,2022-06-13,0.1809091,0.30324385
42,2022,Cundinamarca,2022-06-06,2,2022-06-20,0.15075757,0.29469672
42,2022,Cundinamarca,2022-06-06,3,2022-06-27,0.15075757,0.31901884
42,2022,Cundinamarca,2022-06-06,4,2022-07-04,0.1809091,0.3321844
42,2022,Cundinamarca,2022-06-13,1,2022-06-20,0.15075757,0.33196017
42,2022,Cundinamarca,2022-06-13,2,2022-06-27,0.15075757,0.3126649
42,2022,Cundinamarca,2022-06-13,3,2022-07-04,0.1809091,0.33415937
42,2022,Cundinamarca,2022-06-13,4,2022-07-11,0.24121211,0.3515428
42,2022,Cundinamarca,2022-06-20,1,2022-06-27,0.15075757,0.25477335
42,2022,Cundinamarca,2022-06-20,2,2022-07-04,0.1809091,0.24525467
42,2022,Cundinamarca,2022-06-20,3,2022-07-11,0.24121211,0.26486486
42,2022,Cundinamarca,2022-06-20,4,2022-07-18,0.27136362,0.28640962
42,2022,Cundinamarca,2022-06-27,1,2022-07-04,0.1809091,0.24334848
42,2022,Cundinamarca,2022-06-27,2,2022-07-11,0.24121211,0.23736955
42,2022,Cundinamarca,2022-06-27,3,2022-07-18,0.27136362,0.25131762
42,2022,Cundinamarca,2022-06-27,4,2022-07-25,0.27136362,0.27895236
42,2022,Cundinamarca,2022-07-04,1,2022-07-11,0.24121211,0.26437843
42,2022,Cundinamarca,2022-07-04,2,2022-07-18,0.27136362,0.26621103
42,2022,Cundinamarca,2022-07-04,3,2022-07-25,0.27136362,0.25768563
42,2022,Cundinamarca,2022-07-04,4,2022-08-01,0.27136362,0.29138497
42,2022,Cundinamarca,2022-07-11,1,2022-07-18,0.27136362,0.19247282
42,2022,Cundinamarca,2022-07-11,2,2022-07-25,0.27136362,0.19446284
42,2022,Cundinamarca,2022-07-11,3,2022-08-01,0.27136362,0.19286728
42,2022,Cundinamarca,2022-07-11,4,2022-08-08,0.24121211,0.22487684
42,2022,Cundinamarca,2022-07-18,1,2022-07-25,0.27136362,0.16958445
42,2022,Cundinamarca,2022-07-18,2,2022-08-01,0.27136362,0.16739808
42,2022,Cundinamarca,2022-07-18,3,2022-08-08,0.24121211,0.17164943
42,2022,Cundinamarca,2022-07-18,4,2022-08-15,0.1809091,0.19173804
42,2022,Cundinamarca,2022-07-25,1,2022-08-01,0.27136362,0.17930081
42,2022,Cundinamarca,2022-07-25,2,2022-08-08,0.24121211,0.16756889
42,2022,Cundinamarca,2022-07-25,3,2022-08-15,0.1809091,0.16643058
42,2022,Cundinamarca,2022-07-25,4,2022-08-22,0.42212117,0.19117086
42,2022,Cundinamarca,2022-08-01,1,2022-08-08,0.24121211,0.19500186
42,2022,Cundinamarca,2022-08-01,2,2022-08-15,0.1809091,0.18917541
42,2022,Cundinamarca,2022-08-01,3,2022-08-22,0.42212117,0.18857165
42,2022,Cundinamarca,2022-08-01,4,2022-08-29,0.48242426,0.21599104
42,2022,Cundinamarca,2022-08-08,1,2022-08-15,0.1809091,0.2139253
42,2022,Cundinamarca,2022-08-08,2,2022-08-22,0.42212117,0.21117084
42,2022,Cundinamarca,2022-08-08,3,2022-08-29,0.48242426,0.20879689
42,2022,Cundinamarca,2022-08-08,4,2022-09-05,0.4522727,0.23066866
42,2022,Cundinamarca,2022-08-15,1,2022-08-22,0.42212117,0.2062749
42,2022,Cundinamarca,2022-08-15,2,2022-08-29,0.48242426,0.20971768
42,2022,Cundinamarca,2022-08-15,3,2022-09-05,0.4522727,0.19640686
42,2022,Cundinamarca,2022-08-15,4,2022-09-12,0.4522727,0.21595153
42,2022,Cundinamarca,2022-08-22,1,2022-08-29,0.48242426,0.2081506
42,2022,Cundinamarca,2022-08-22,2,2022-09-05,0.4522727,0.21428198
42,2022,Cundinamarca,2022-08-22,3,2022-09-12,0.4522727,0.19671969
42,2022,Cundinamarca,2022-08-22,4,2022-09-19,0.48242426,0.22248192
42,2022,Cundinamarca,2022-08-29,1,2022-09-05,0.4522727,0.22590593
42,2022,Cundinamarca,2022-08-29,2,2022-09-12,0.4522727,0.22347976
42,2022,Cundinamarca,2022-08-29,3,2022-09-19,0.48242426,0.21638355
42,2022,Cundinamarca,2022-08-29,4,2022-09-26,0.4522727,0.24408771
42,2022,Cundinamarca,2022-09-05,1,2022-09-12,0.4522727,0.25499043
42,2022,Cundinamarca,2022-09-05,2,2022-09-19,0.48242426,0.24946012
42,2022,Cundinamarca,2022-09-05,3,2022-09-26,0.4522727,0.25014368
42,2022,Cundinamarca,2022-09-05,4,2022-10-03,0.36181816,0.2827181
42,2022,Cundinamarca,2022-09-12,1,2022-09-19,0.48242426,0.29195854
42,2022,Cundinamarca,2022-09-12,2,2022-09-26,0.4522727,0.2898656
42,2022,Cundinamarca,2022-09-12,3,2022-10-03,0.36181816,0.28826153
42,2022,Cundinamarca,2022-09-12,4,2022-10-10,0.3919697,0.31785318
42,2022,Cundinamarca,2022-09-19,1,2022-09-26,0.4522727,0.3300031
42,2022,Cundinamarca,2022-09-19,2,2022-10-03,0.36181816,0.3325754
42,2022,Cundinamarca,2022-09-19,3,2022-10-10,0.3919697,0.33074528
42,2022,Cundinamarca,2022-09-19,4,2022-10-17,0.78393936,0.366249
42,2022,Cundinamarca,2022-09-26,1,2022-10-03,0.36181816,0.3630809
42,2022,Cundinamarca,2022-09-26,2,2022-10-10,0.3919697,0.37015992
42,2022,Cundinamarca,2022-09-26,3,2022-10-17,0.78393936,0.37286988
42,2022,Cundinamarca,2022-09-26,4,2022-10-24,0.36181816,0.41079196
42,2022,Cundinamarca,2022-10-03,1,2022-10-10,0.3919697,0.37991175
42,2022,Cundinamarca,2022-10-03,2,2022-10-17,0.78393936,0.3915185
42,2022,Cundinamarca,2022-10-03,3,2022-10-24,0.36181816,0.40139067
42,2022,Cundinamarca,2022-10-03,4,2022-10-31,0.7537879,0.4429224
42,2022,Cundinamarca,2022-10-10,1,2022-10-17,0.78393936,0.36353487
42,2022,Cundinamarca,2022-10-10,2,2022-10-24,0.36181816,0.37277904
42,2022,Cundinamarca,2022-10-10,3,2022-10-31,0.7537879,0.38264441
42,2022,Cundinamarca,2022-10-10,4,2022-11-07,0.3919697,0.43481836
42,2022,Cundinamarca,2022-10-17,1,2022-10-24,0.36181816,0.36048132
42,2022,Cundinamarca,2022-10-17,2,2022-10-31,0.7537879,0.37580797
42,2022,Cundinamarca,2022-10-17,3,2022-11-07,0.3919697,0.3871681
42,2022,Cundinamarca,2022-10-17,4,2022-11-14,0.51257575,0.43921423
42,2022,Cundinamarca,2022-10-24,1,2022-10-31,0.7537879,0.41911
42,2022,Cundinamarca,2022-10-24,2,2022-11-07,0.3919697,0.430119
42,2022,Cundinamarca,2022-10-24,3,2022-11-14,0.51257575,0.4684415
42,2022,Cundinamarca,2022-10-24,4,2022-11-21,0.48242426,0.5245017
42,2022,Cundinamarca,2022-10-31,1,2022-11-07,0.3919697,0.3752812
42,2022,Cundinamarca,2022-10-31,2,2022-11-14,0.51257575,0.3688862
42,2022,Cundinamarca,2022-10-31,3,2022-11-21,0.48242426,0.42149448
42,2022,Cundinamarca,2022-10-31,4,2022-11-28,0.7537879,0.4639706
42,2022,Cundinamarca,2022-11-07,1,2022-11-14,0.51257575,0.46518803
42,2022,Cundinamarca,2022-11-07,2,2022-11-21,0.48242426,0.46878344
42,2022,Cundinamarca,2022-11-07,3,2022-11-28,0.7537879,0.507022
42,2022,Cundinamarca,2022-11-07,4,2022-12-05,0.6331818,0.56345093
42,2022,Cundinamarca,2022-11-14,1,2022-11-21,0.48242426,0.491729
42,2022,Cundinamarca,2022-11-14,2,2022-11-28,0.7537879,0.4963904
42,2022,Cundinamarca,2022-11-14,3,2022-12-05,0.6331818,0.51942426
42,2022,Cundinamarca,2022-11-14,4,2022-12-12,1.0251515,0.5841192
42,2022,Cundinamarca,2022-11-21,1,2022-11-28,0.7537879,0.544034
42,2022,Cundinamarca,2022-11-21,2,2022-12-05,0.6331818,0.51799184
42,2022,Cundinamarca,2022-11-21,3,2022-12-12,1.0251515,0.5598213
42,2022,Cundinamarca,2022-11-21,4,2022-12-19,1.2362121,0.5948507
42,2022,Cundinamarca,2022-11-28,1,2022-12-05,0.6331818,0.6037239
42,2022,Cundinamarca,2022-11-28,2,2022-12-12,1.0251515,0.6139264
42,2022,Cundinamarca,2022-11-28,3,2022-12-19,1.2362121,0.61099243
42,2022,Cundinamarca,2022-11-28,4,2022-12-26,1.2663636,0.69632995
42,2022,Guainia,2022-01-24,1,2022-01-31,3.6278546,4.2762594
42,2022,Guainia,2022-01-24,2,2022-02-07,27.208914,4.4359636
42,2022,Guainia,2022-01-24,3,2022-02-14,5.4417825,4.317478
42,2022,Guainia,2022-01-24,4,2022-02-21,45.348183,4.2298164
42,2022,Guainia,2022-01-31,1,2022-02-07,27.208914,4.9236183
42,2022,Guainia,2022-01-31,2,2022-02-14,5.4417825,4.9807925
42,2022,Guainia,2022-01-31,3,2022-02-21,45.348183,4.7840524
42,2022,Guainia,2022-01-31,4,2022-02-28,3.6278546,4.6535726
42,2022,Guainia,2022-02-07,1,2022-02-14,5.4417825,4.05093
42,2022,Guainia,2022-02-07,2,2022-02-21,45.348183,4.1394787
42,2022,Guainia,2022-02-07,3,2022-02-28,3.6278546,4.087134
42,2022,Guainia,2022-02-07,4,2022-03-07,7.2557087,4.2211943
42,2022,Guainia,2022-02-14,1,2022-02-21,45.348183,9.810658
42,2022,Guainia,2022-02-14,2,2022-02-28,3.6278546,10.410828
42,2022,Guainia,2022-02-14,3,2022-03-07,7.2557087,10.589022
42,2022,Guainia,2022-02-14,4,2022-03-14,5.4417825,9.1715765
42,2022,Guainia,2022-02-21,1,2022-02-28,3.6278546,6.6678257
42,2022,Guainia,2022-02-21,2,2022-03-07,7.2557087,6.9183426
42,2022,Guainia,2022-02-21,3,2022-03-14,5.4417825,6.6341887
42,2022,Guainia,2022-02-21,4,2022-03-21,18.139273,6.5783553
42,2022,Guainia,2022-02-28,1,2022-03-07,7.2557087,15.401149
42,2022,Guainia,2022-02-28,2,2022-03-14,5.4417825,16.559643
42,2022,Guainia,2022-02-28,3,2022-03-21,18.139273,17.4556
42,2022,Guainia,2022-02-28,4,2022-03-28,1.8139275,17.057316
42,2022,Guainia,2022-03-07,1,2022-03-14,5.4417825,6.14809
42,2022,Guainia,2022-03-07,2,2022-03-21,18.139273,6.349307
42,2022,Guainia,2022-03-07,3,2022-03-28,1.8139275,6.453251
42,2022,Guainia,2022-03-07,4,2022-04-04,3.6278546,6.448007
42,2022,Guainia,2022-03-14,1,2022-03-21,18.139273,3.9129553
42,2022,Guainia,2022-03-14,2,2022-03-28,1.8139275,3.6315043
42,2022,Guainia,2022-03-14,3,2022-04-04,3.6278546,3.799137
42,2022,Guainia,2022-03-14,4,2022-04-11,1.8139275,4.253782
42,2022,Guainia,2022-03-21,1,2022-03-28,1.8139275,3.649039
42,2022,Guainia,2022-03-21,2,2022-04-04,3.6278546,3.5300863
42,2022,Guainia,2022-03-21,3,2022-04-11,1.8139275,3.5879354
42,2022,Guainia,2022-03-21,4,2022-04-18,5.4417825,3.7040384
42,2022,Guainia,2022-03-28,1,2022-04-04,3.6278546,9.690097
42,2022,Guainia,2022-03-28,2,2022-04-11,1.8139275,9.677661
42,2022,Guainia,2022-03-28,3,2022-04-18,5.4417825,9.01486
42,2022,Guainia,2022-03-28,4,2022-04-25,5.4417825,9.174958
42,2022,Guainia,2022-04-04,1,2022-04-11,1.8139275,3.8261778
42,2022,Guainia,2022-04-04,2,2022-04-18,5.4417825,3.73681
42,2022,Guainia,2022-04-04,3,2022-04-25,5.4417825,3.5833375
42,2022,Guainia,2022-04-04,4,2022-05-02,0.0,3.6938593
42,2022,Guainia,2022-04-11,1,2022-04-18,5.4417825,3.2328792
42,2022,Guainia,2022-04-11,2,2022-04-25,5.4417825,3.058132
42,2022,Guainia,2022-04-11,3,2022-05-02,0.0,2.9332097
42,2022,Guainia,2022-04-11,4,2022-05-09,3.6278546,3.2031667
42,2022,Guainia,2022-04-18,1,2022-04-25,5.4417825,1.5830672
42,2022,Guainia,2022-04-18,2,2022-05-02,0.0,1.3849708
42,2022,Guainia,2022-04-18,3,2022-05-09,3.6278546,1.7258426
42,2022,Guainia,2022-04-18,4,2022-05-16,1.8139275,1.4079527
42,2022,Guainia,2022-04-25,1,2022-05-02,0.0,2.6448703
42,2022,Guainia,2022-04-25,2,2022-05-09,3.6278546,2.6150587
42,2022,Guainia,2022-04-25,3,2022-05-16,1.8139275,2.6561286
42,2022,Guainia,2022-04-25,4,2022-05-23,0.0,2.4113758
42,2022,Guainia,2022-05-02,1,2022-05-09,3.6278546,3.4425445
42,2022,Guainia,2022-05-02,2,2022-05-16,1.8139275,3.2302222
42,2022,Guainia,2022-05-02,3,2022-05-23,0.0,3.0893524
42,2022,Guainia,2022-05-02,4,2022-05-30,0.0,3.0751822
42,2022,Guainia,2022-05-09,1,2022-05-16,1.8139275,1.7599131
42,2022,Guainia,2022-05-09,2,2022-05-23,0.0,1.6368325
42,2022,Guainia,2022-05-09,3,2022-05-30,0.0,1.5442373
42,2022,Guainia,2022-05-09,4,2022-06-06,7.2557087,1.6382011
42,2022,Guainia,2022-05-16,1,2022-05-23,0.0,1.736342
42,2022,Guainia,2022-05-16,2,2022-05-30,0.0,1.651227
42,2022,Guainia,2022-05-16,3,2022-06-06,7.2557087,1.7704518
42,2022,Guainia,2022-05-16,4,2022-06-13,7.2557087,1.6572666
42,2022,Guainia,2022-05-23,1,2022-05-30,0.0,0.98992145
42,2022,Guainia,2022-05-23,2,2022-06-06,7.2557087,0.91301984
42,2022,Guainia,2022-05-23,3,2022-06-13,7.2557087,0.93970585
42,2022,Guainia,2022-05-23,4,2022-06-20,9.069635,0.83504456
42,2022,Guainia,2022-05-30,1,2022-06-06,7.2557087,0.83172965
42,2022,Guainia,2022-05-30,2,2022-06-13,7.2557087,0.77978987
42,2022,Guainia,2022-05-30,3,2022-06-20,9.069635,0.7714586
42,2022,Guainia,2022-05-30,4,2022-06-27,1.8139275,0.71998626
42,2022,Guainia,2022-06-06,1,2022-06-13,7.2557087,0.4875738
42,2022,Guainia,2022-06-06,2,2022-06-20,9.069635,0.48697972
42,2022,Guainia,2022-06-06,3,2022-06-27,1.8139275,0.4577274
42,2022,Guainia,2022-06-06,4,2022-07-04,1.8139275,0.42186442
42,2022,Guainia,2022-06-13,1,2022-06-20,9.069635,2.000687
42,2022,Guainia,2022-06-13,2,2022-06-27,1.8139275,1.8670242
42,2022,Guainia,2022-06-13,3,2022-07-04,1.8139275,1.6738659
42,2022,Guainia,2022-06-13,4,2022-07-11,1.8139275,1.469199
42,2022,Guainia,2022-06-20,1,2022-06-27,1.8139275,2.5131397
42,2022,Guainia,2022-06-20,2,2022-07-04,1.8139275,2.314315
42,2022,Guainia,2022-06-20,3,2022-07-11,1.8139275,2.1425335
42,2022,Guainia,2022-06-20,4,2022-07-18,5.4417825,2.0541813
42,2022,Guainia,2022-06-27,1,2022-07-04,1.8139275,2.2309835
42,2022,Guainia,2022-06-27,2,2022-07-11,1.8139275,2.0531654
42,2022,Guainia,2022-06-27,3,2022-07-18,5.4417825,1.7541864
42,2022,Guainia,2022-06-27,4,2022-07-25,1.8139275,1.7343698
42,2022,Guainia,2022-07-04,1,2022-07-11,1.8139275,2.1292338
42,2022,Guainia,2022-07-04,2,2022-07-18,5.4417825,1.9154613
42,2022,Guainia,2022-07-04,3,2022-07-25,1.8139275,1.6872982
42,2022,Guainia,2022-07-04,4,2022-08-01,1.8139275,1.6387188
42,2022,Guainia,2022-07-11,1,2022-07-18,5.4417825,1.2032927
42,2022,Guainia,2022-07-11,2,2022-07-25,1.8139275,1.1758889
42,2022,Guainia,2022-07-11,3,2022-08-01,1.8139275,0.88539284
42,2022,Guainia,2022-07-11,4,2022-08-08,1.8139275,1.0018532
42,2022,Guainia,2022-07-18,1,2022-07-25,1.8139275,0.82865554
42,2022,Guainia,2022-07-18,2,2022-08-01,1.8139275,0.6746691
42,2022,Guainia,2022-07-18,3,2022-08-08,1.8139275,0.5325444
42,2022,Guainia,2022-07-18,4,2022-08-15,0.0,0.51864713
42,2022,Guainia,2022-07-25,1,2022-08-01,1.8139275,1.3010199
42,2022,Guainia,2022-07-25,2,2022-08-08,1.8139275,1.189051
42,2022,Guainia,2022-07-25,3,2022-08-15,0.0,1.0650288
42,2022,Guainia,2022-07-25,4,2022-08-22,1.8139275,0.9964401
42,2022,Guainia,2022-08-01,1,2022-08-08,1.8139275,1.0312415
42,2022,Guainia,2022-08-01,2,2022-08-15,0.0,0.91758287
42,2022,Guainia,2022-08-01,3,2022-08-22,1.8139275,0.78868186
42,2022,Guainia,2022-08-01,4,2022-08-29,1.8139275,0.7867078
42,2022,Guainia,2022-08-08,1,2022-08-15,0.0,1.0075393
42,2022,Guainia,2022-08-08,2,2022-08-22,1.8139275,1.0061212
42,2022,Guainia,2022-08-08,3,2022-08-29,1.8139275,0.8663928
42,2022,Guainia,2022-08-08,4,2022-09-05,0.0,0.815685
42,2022,Guainia,2022-08-15,1,2022-08-22,1.8139275,1.0965914
42,2022,Guainia,2022-08-15,2,2022-08-29,1.8139275,1.0783551
42,2022,Guainia,2022-08-15,3,2022-09-05,0.0,0.93983924
42,2022,Guainia,2022-08-15,4,2022-09-12,3.6278546,0.9835929
42,2022,Guainia,2022-08-22,1,2022-08-29,1.8139275,0.7400655
42,2022,Guainia,2022-08-22,2,2022-09-05,0.0,0.70989764
42,2022,Guainia,2022-08-22,3,2022-09-12,3.6278546,0.6105038
42,2022,Guainia,2022-08-22,4,2022-09-19,3.6278546,0.58233804
42,2022,Guainia,2022-08-29,1,2022-09-05,0.0,0.8296001
42,2022,Guainia,2022-08-29,2,2022-09-12,3.6278546,0.7943582
42,2022,Guainia,2022-08-29,3,2022-09-19,3.6278546,0.7157324
42,2022,Guainia,2022-08-29,4,2022-09-26,1.8139275,0.71082973
42,2022,Guainia,2022-09-05,1,2022-09-12,3.6278546,0.9785753
42,2022,Guainia,2022-09-05,2,2022-09-19,3.6278546,0.9262068
42,2022,Guainia,2022-09-05,3,2022-09-26,1.8139275,0.87789565
42,2022,Guainia,2022-09-05,4,2022-10-03,1.8139275,0.8574385
42,2022,Guainia,2022-09-12,1,2022-09-19,3.6278546,0.69527245
42,2022,Guainia,2022-09-12,2,2022-09-26,1.8139275,0.66584575
42,2022,Guainia,2022-09-12,3,2022-10-03,1.8139275,0.642524
42,2022,Guainia,2022-09-12,4,2022-10-10,3.6278546,0.6232964
42,2022,Guainia,2022-09-19,1,2022-09-26,1.8139275,1.0642145
42,2022,Guainia,2022-09-19,2,2022-10-03,1.8139275,0.99695915
42,2022,Guainia,2022-09-19,3,2022-10-10,3.6278546,0.99253255
42,2022,Guainia,2022-09-19,4,2022-10-17,0.0,1.0009892
42,2022,Guainia,2022-09-26,1,2022-10-03,1.8139275,1.5347368
42,2022,Guainia,2022-09-26,2,2022-10-10,3.6278546,1.4905246
42,2022,Guainia,2022-09-26,3,2022-10-17,0.0,1.4201107
42,2022,Guainia,2022-09-26,4,2022-10-24,0.0,1.4005046
42,2022,Guainia,2022-10-03,1,2022-10-10,3.6278546,1.504649
42,2022,Guainia,2022-10-03,2,2022-10-17,0.0,1.5144836
42,2022,Guainia,2022-10-03,3,2022-10-24,0.0,1.4998556
42,2022,Guainia,2022-10-03,4,2022-10-31,0.0,1.549492
42,2022,Guainia,2022-10-10,1,2022-10-17,0.0,1.5658563
42,2022,Guainia,2022-10-10,2,2022-10-24,0.0,1.5661174
42,2022,Guainia,2022-10-10,3,2022-10-31,0.0,1.5474998
42,2022,Guainia,2022-10-10,4,2022-11-07,3.6278546,1.6438679
42,2022,Guainia,2022-10-17,1,2022-10-24,0.0,2.1305525
42,2022,Guainia,2022-10-17,2,2022-10-31,0.0,2.1433787
42,2022,Guainia,2022-10-17,3,2022-11-07,3.6278546,2.144608
42,2022,Guainia,2022-10-17,4,2022-11-14,0.0,2.184195
42,2022,Guainia,2022-10-24,1,2022-10-31,0.0,1.4744791
42,2022,Guainia,2022-10-24,2,2022-11-07,3.6278546,1.4887118
42,2022,Guainia,2022-10-24,3,2022-11-14,0.0,1.474912
42,2022,Guainia,2022-10-24,4,2022-11-21,0.0,1.5307966
42,2022,Guainia,2022-10-31,1,2022-11-07,3.6278546,1.0118922
42,2022,Guainia,2022-10-31,2,2022-11-14,0.0,1.049442
42,2022,Guainia,2022-10-31,3,2022-11-21,0.0,1.0764841
42,2022,Guainia,2022-10-31,4,2022-11-28,0.0,1.111862
42,2022,Guainia,2022-11-07,1,2022-11-14,0.0,0.8438851
42,2022,Guainia,2022-11-07,2,2022-11-21,0.0,0.896501
42,2022,Guainia,2022-11-07,3,2022-11-28,0.0,0.90045315
42,2022,Guainia,2022-11-07,4,2022-12-05,0.0,0.9426344
42,2022,Guainia,2022-11-14,1,2022-11-21,0.0,1.1325252
42,2022,Guainia,2022-11-14,2,2022-11-28,0.0,1.2020973
42,2022,Guainia,2022-11-14,3,2022-12-05,0.0,1.2033005
42,2022,Guainia,2022-11-14,4,2022-12-12,0.0,1.2204784
42,2022,Guainia,2022-11-21,1,2022-11-28,0.0,0.9718201
42,2022,Guainia,2022-11-21,2,2022-12-05,0.0,1.007379
42,2022,Guainia,2022-11-21,3,2022-12-12,0.0,0.99833524
42,2022,Guainia,2022-11-21,4,2022-12-19,0.0,1.0276933
42,2022,Guainia,2022-11-28,1,2022-12-05,0.0,0.6966259
42,2022,Guainia,2022-11-28,2,2022-12-12,0.0,0.7605238
42,2022,Guainia,2022-11-28,3,2022-12-19,0.0,0.759663
42,2022,Guainia,2022-11-28,4,2022-12-26,0.0,0.8169714
42,2022,Guajira,2022-01-24,1,2022-01-31,6.4511013,6.1634445
42,2022,Guajira,2022-01-24,2,2022-02-07,4.1684036,5.842271
42,2022,Guajira,2022-01-24,3,2022-02-14,3.9699078,5.37763
42,2022,Guajira,2022-01-24,4,2022-02-21,4.366899,5.173403
42,2022,Guajira,2022-01-31,1,2022-02-07,4.1684036,4.511827
42,2022,Guajira,2022-01-31,2,2022-02-14,3.9699078,4.269555
42,2022,Guajira,2022-01-31,3,2022-02-21,4.366899,3.8580008
42,2022,Guajira,2022-01-31,4,2022-02-28,4.76389,3.7858417
42,2022,Guajira,2022-02-07,1,2022-02-14,3.9699078,4.6779733
42,2022,Guajira,2022-02-07,2,2022-02-21,4.366899,4.435137
42,2022,Guajira,2022-02-07,3,2022-02-28,4.76389,3.9752138
42,2022,Guajira,2022-02-07,4,2022-03-07,4.1684036,3.856098
42,2022,Guajira,2022-02-14,1,2022-02-21,4.366899,3.826984
42,2022,Guajira,2022-02-14,2,2022-02-28,4.76389,3.5951123
42,2022,Guajira,2022-02-14,3,2022-03-07,4.1684036,3.1583643
42,2022,Guajira,2022-02-14,4,2022-03-14,3.7714128,3.0670638
42,2022,Guajira,2022-02-21,1,2022-02-28,4.76389,3.2889438
42,2022,Guajira,2022-02-21,2,2022-03-07,4.1684036,3.1136892
42,2022,Guajira,2022-02-21,3,2022-03-14,3.7714128,2.7309794
42,2022,Guajira,2022-02-21,4,2022-03-21,3.374422,2.7497046
42,2022,Guajira,2022-02-28,1,2022-03-07,4.1684036,3.1817143
42,2022,Guajira,2022-02-28,2,2022-03-14,3.7714128,3.0549123
42,2022,Guajira,2022-02-28,3,2022-03-21,3.374422,2.7243316
42,2022,Guajira,2022-02-28,4,2022-03-28,2.8781834,2.7414386
42,2022,Guajira,2022-03-07,1,2022-03-14,3.7714128,3.7240024
42,2022,Guajira,2022-03-07,2,2022-03-21,3.374422,3.671224
42,2022,Guajira,2022-03-07,3,2022-03-28,2.8781834,3.381654
42,2022,Guajira,2022-03-07,4,2022-04-04,2.9774308,3.2723558
42,2022,Guajira,2022-03-14,1,2022-03-21,3.374422,3.6318688
42,2022,Guajira,2022-03-14,2,2022-03-28,2.8781834,3.5947583
42,2022,Guajira,2022-03-14,3,2022-04-04,2.9774308,3.3800185
42,2022,Guajira,2022-03-14,4,2022-04-11,3.0766788,3.2726612
42,2022,Guajira,2022-03-21,1,2022-03-28,2.8781834,3.632775
42,2022,Guajira,2022-03-21,2,2022-04-04,2.9774308,3.5761456
42,2022,Guajira,2022-03-21,3,2022-04-11,3.0766788,3.3386688
42,2022,Guajira,2022-03-21,4,2022-04-18,3.0766788,3.3443303
42,2022,Guajira,2022-03-28,1,2022-04-04,2.9774308,3.0691137
42,2022,Guajira,2022-03-28,2,2022-04-11,3.0766788,2.9943192
42,2022,Guajira,2022-03-28,3,2022-04-18,3.0766788,2.7839844
42,2022,Guajira,2022-03-28,4,2022-04-25,2.0842016,2.7865741
42,2022,Guajira,2022-04-04,1,2022-04-11,3.0766788,2.7210214
42,2022,Guajira,2022-04-04,2,2022-04-18,3.0766788,2.6530812
42,2022,Guajira,2022-04-04,3,2022-04-25,2.0842016,2.5138001
42,2022,Guajira,2022-04-04,4,2022-05-02,2.3819447,2.571744
42,2022,Guajira,2022-04-11,1,2022-04-18,3.0766788,2.6456923
42,2022,Guajira,2022-04-11,2,2022-04-25,2.0842016,2.6146898
42,2022,Guajira,2022-04-11,3,2022-05-02,2.3819447,2.4719691
42,2022,Guajira,2022-04-11,4,2022-05-09,2.9774308,2.48694
42,2022,Guajira,2022-04-18,1,2022-04-25,2.0842016,2.9320176
42,2022,Guajira,2022-04-18,2,2022-05-02,2.3819447,2.9647124
42,2022,Guajira,2022-04-18,3,2022-05-09,2.9774308,2.9548287
42,2022,Guajira,2022-04-18,4,2022-05-16,4.6646423,2.7921727
42,2022,Guajira,2022-04-25,1,2022-05-02,2.3819447,3.1607845
42,2022,Guajira,2022-04-25,2,2022-05-09,2.9774308,3.240685
42,2022,Guajira,2022-04-25,3,2022-05-16,4.6646423,3.2995968
42,2022,Guajira,2022-04-25,4,2022-05-23,2.7789357,3.0806808
42,2022,Guajira,2022-05-02,1,2022-05-09,2.9774308,2.7515397
42,2022,Guajira,2022-05-02,2,2022-05-16,4.6646423,2.8013232
42,2022,Guajira,2022-05-02,3,2022-05-23,2.7789357,2.8940468
42,2022,Guajira,2022-05-02,4,2022-05-30,3.2751741,2.7590334
42,2022,Guajira,2022-05-09,1,2022-05-16,4.6646423,2.7435527
42,2022,Guajira,2022-05-09,2,2022-05-23,2.7789357,2.8655279
42,2022,Guajira,2022-05-09,3,2022-05-30,3.2751741,2.9920857
42,2022,Guajira,2022-05-09,4,2022-06-06,5.6571193,2.848191
42,2022,Guajira,2022-05-16,1,2022-05-23,2.7789357,3.1914504
42,2022,Guajira,2022-05-16,2,2022-05-30,3.2751741,3.289697
42,2022,Guajira,2022-05-16,3,2022-06-06,5.6571193,3.3628716
42,2022,Guajira,2022-05-16,4,2022-06-13,4.6646423,3.2020705
42,2022,Guajira,2022-05-23,1,2022-05-30,3.2751741,4.16721
42,2022,Guajira,2022-05-23,2,2022-06-06,5.6571193,4.2663217
42,2022,Guajira,2022-05-23,3,2022-06-13,4.6646423,4.362263
42,2022,Guajira,2022-05-23,4,2022-06-20,3.8706605,4.116412
42,2022,Guajira,2022-05-30,1,2022-06-06,5.6571193,3.936165
42,2022,Guajira,2022-05-30,2,2022-06-13,4.6646423,4.028487
42,2022,Guajira,2022-05-30,3,2022-06-20,3.8706605,4.1023893
42,2022,Guajira,2022-05-30,4,2022-06-27,4.6646423,4.0054173
42,2022,Guajira,2022-06-06,1,2022-06-13,4.6646423,3.8284073
42,2022,Guajira,2022-06-06,2,2022-06-20,3.8706605,3.8601625
42,2022,Guajira,2022-06-06,3,2022-06-27,4.6646423,3.983411
42,2022,Guajira,2022-06-06,4,2022-07-04,5.7563667,3.7892997
42,2022,Guajira,2022-06-13,1,2022-06-20,3.8706605,5.125174
42,2022,Guajira,2022-06-13,2,2022-06-27,4.6646423,5.108386
42,2022,Guajira,2022-06-13,3,2022-07-04,5.7563667,5.1713166
42,2022,Guajira,2022-06-13,4,2022-07-11,5.855614,4.9798145
42,2022,Guajira,2022-06-20,1,2022-06-27,4.6646423,5.180382
42,2022,Guajira,2022-06-20,2,2022-07-04,5.7563667,5.120029
42,2022,Guajira,2022-06-20,3,2022-07-11,5.855614,5.061795
42,2022,Guajira,2022-06-20,4,2022-07-18,5.557871,4.9578514
42,2022,Guajira,2022-06-27,1,2022-07-04,5.7563667,4.910757
42,2022,Guajira,2022-06-27,2,2022-07-11,5.855614,4.760101
42,2022,Guajira,2022-06-27,3,2022-07-18,5.557871,4.746122
42,2022,Guajira,2022-06-27,4,2022-07-25,6.4511013,4.65054
42,2022,Guajira,2022-07-04,1,2022-07-11,5.855614,5.0804763
42,2022,Guajira,2022-07-04,2,2022-07-18,5.557871,4.922762
42,2022,Guajira,2022-07-04,3,2022-07-25,6.4511013,4.8181467
42,2022,Guajira,2022-07-04,4,2022-08-01,6.550349,4.728936
42,2022,Guajira,2022-07-11,1,2022-07-18,5.557871,5.6679616
42,2022,Guajira,2022-07-11,2,2022-07-25,6.4511013,5.5856776
42,2022,Guajira,2022-07-11,3,2022-08-01,6.550349,5.3932867
42,2022,Guajira,2022-07-11,4,2022-08-08,4.962385,5.311622
42,2022,Guajira,2022-07-18,1,2022-07-25,6.4511013,6.3845134
42,2022,Guajira,2022-07-18,2,2022-08-01,6.550349,6.3605103
42,2022,Guajira,2022-07-18,3,2022-08-08,4.962385,6.206071
42,2022,Guajira,2022-07-18,4,2022-08-15,5.458624,6.126286
42,2022,Guajira,2022-07-25,1,2022-08-01,6.550349,6.266142
42,2022,Guajira,2022-07-25,2,2022-08-08,4.962385,6.1782956
42,2022,Guajira,2022-07-25,3,2022-08-15,5.458624,5.9540443
42,2022,Guajira,2022-07-25,4,2022-08-22,3.8706605,5.8542175
42,2022,Guajira,2022-08-01,1,2022-08-08,4.962385,6.4665656
42,2022,Guajira,2022-08-01,2,2022-08-15,5.458624,6.322575
42,2022,Guajira,2022-08-01,3,2022-08-22,3.8706605,6.0339084
42,2022,Guajira,2022-08-01,4,2022-08-29,7.4435782,5.948253
42,2022,Guajira,2022-08-08,1,2022-08-15,5.458624,6.556454
42,2022,Guajira,2022-08-08,2,2022-08-22,3.8706605,6.4182305
42,2022,Guajira,2022-08-08,3,2022-08-29,7.4435782,6.141719
42,2022,Guajira,2022-08-08,4,2022-09-05,4.6646423,6.065377
42,2022,Guajira,2022-08-15,1,2022-08-22,3.8706605,5.7364874
42,2022,Guajira,2022-08-15,2,2022-08-29,7.4435782,5.572866
42,2022,Guajira,2022-08-15,3,2022-09-05,4.6646423,5.3499413
42,2022,Guajira,2022-08-15,4,2022-09-12,3.7714128,5.316903
42,2022,Guajira,2022-08-22,1,2022-08-29,7.4435782,5.5770993
42,2022,Guajira,2022-08-22,2,2022-09-05,4.6646423,5.4425373
42,2022,Guajira,2022-08-22,3,2022-09-12,3.7714128,5.2591786
42,2022,Guajira,2022-08-22,4,2022-09-19,4.962385,5.2428756
42,2022,Guajira,2022-08-29,1,2022-09-05,4.6646423,4.63306
42,2022,Guajira,2022-08-29,2,2022-09-12,3.7714128,4.5852222
42,2022,Guajira,2022-08-29,3,2022-09-19,4.962385,4.446952
42,2022,Guajira,2022-08-29,4,2022-09-26,6.3518534,4.4819393
42,2022,Guajira,2022-09-05,1,2022-09-12,3.7714128,6.362556
42,2022,Guajira,2022-09-05,2,2022-09-19,4.962385,6.3808985
42,2022,Guajira,2022-09-05,3,2022-09-26,6.3518534,6.301082
42,2022,Guajira,2022-09-05,4,2022-10-03,6.7488427,6.1481776
42,2022,Guajira,2022-09-12,1,2022-09-19,4.962385,5.9205885
42,2022,Guajira,2022-09-12,2,2022-09-26,6.3518534,5.9231153
42,2022,Guajira,2022-09-12,3,2022-10-03,6.7488427,5.759942
42,2022,Guajira,2022-09-12,4,2022-10-10,5.557871,5.7422533
42,2022,Guajira,2022-09-19,1,2022-09-26,6.3518534,4.751391
42,2022,Guajira,2022-09-19,2,2022-10-03,6.7488427,4.7272177
42,2022,Guajira,2022-09-19,3,2022-10-10,5.557871,4.6892357
42,2022,Guajira,2022-09-19,4,2022-10-17,6.05411,4.7147555
42,2022,Guajira,2022-09-26,1,2022-10-03,6.7488427,5.3396196
42,2022,Guajira,2022-09-26,2,2022-10-10,5.557871,5.3522296
42,2022,Guajira,2022-09-26,3,2022-10-17,6.05411,5.316615
42,2022,Guajira,2022-09-26,4,2022-10-24,8.336808,5.2517767
42,2022,Guajira,2022-10-03,1,2022-10-10,5.557871,6.258842
42,2022,Guajira,2022-10-03,2,2022-10-17,6.05411,6.2741528
42,2022,Guajira,2022-10-03,3,2022-10-24,8.336808,6.230338
42,2022,Guajira,2022-10-03,4,2022-10-31,9.428533,6.0887275
42,2022,Guajira,2022-10-10,1,2022-10-17,6.05411,7.096745
42,2022,Guajira,2022-10-10,2,2022-10-24,8.336808,6.928228
42,2022,Guajira,2022-10-10,3,2022-10-31,9.428533,6.963421
42,2022,Guajira,2022-10-10,4,2022-11-07,8.733799,6.8108373
42,2022,Guajira,2022-10-17,1,2022-10-24,8.336808,6.1954
42,2022,Guajira,2022-10-17,2,2022-10-31,9.428533,5.9774647
42,2022,Guajira,2022-10-17,3,2022-11-07,8.733799,6.007919
42,2022,Guajira,2022-10-17,4,2022-11-14,7.0465865,5.914817
42,2022,Guajira,2022-10-24,1,2022-10-31,9.428533,6.198293
42,2022,Guajira,2022-10-24,2,2022-11-07,8.733799,5.9659457
42,2022,Guajira,2022-10-24,3,2022-11-14,7.0465865,5.945425
42,2022,Guajira,2022-10-24,4,2022-11-21,10.024018,5.706279
42,2022,Guajira,2022-10-31,1,2022-11-07,8.733799,7.566066
42,2022,Guajira,2022-10-31,2,2022-11-14,7.0465865,7.279169
42,2022,Guajira,2022-10-31,3,2022-11-21,10.024018,7.2273154
42,2022,Guajira,2022-10-31,4,2022-11-28,8.932293,6.9416356
42,2022,Guajira,2022-11-07,1,2022-11-14,7.0465865,8.199018
42,2022,Guajira,2022-11-07,2,2022-11-21,10.024018,7.892096
42,2022,Guajira,2022-11-07,3,2022-11-28,8.932293,7.9030123
42,2022,Guajira,2022-11-07,4,2022-12-05,10.32176,7.3658757
42,2022,Guajira,2022-11-14,1,2022-11-21,10.024018,8.687682
42,2022,Guajira,2022-11-14,2,2022-11-28,8.932293,8.346833
42,2022,Guajira,2022-11-14,3,2022-12-05,10.32176,8.406848
42,2022,Guajira,2022-11-14,4,2022-12-12,14.589414,7.8829613
42,2022,Guajira,2022-11-21,1,2022-11-28,8.932293,7.9631386
42,2022,Guajira,2022-11-21,2,2022-12-05,10.32176,7.5984955
42,2022,Guajira,2022-11-21,3,2022-12-12,14.589414,7.4587383
42,2022,Guajira,2022-11-21,4,2022-12-19,13.795429,6.9681177
42,2022,Guajira,2022-11-28,1,2022-12-05,10.32176,9.013002
42,2022,Guajira,2022-11-28,2,2022-12-12,14.589414,8.641855
42,2022,Guajira,2022-11-28,3,2022-12-19,13.795429,8.510846
42,2022,Guajira,2022-11-28,4,2022-12-26,10.520255,7.85835
42,2022,Guaviare,2022-01-24,1,2022-01-31,0.0,0.73742974
42,2022,Guaviare,2022-01-24,2,2022-02-07,9.511693,0.77147603
42,2022,Guaviare,2022-01-24,3,2022-02-14,3.566885,0.80665916
42,2022,Guaviare,2022-01-24,4,2022-02-21,1.1889616,0.8343351
42,2022,Guaviare,2022-01-31,1,2022-02-07,9.511693,0.438522
42,2022,Guaviare,2022-01-31,2,2022-02-14,3.566885,0.45158726
42,2022,Guaviare,2022-01-31,3,2022-02-21,1.1889616,0.47645208
42,2022,Guaviare,2022-01-31,4,2022-02-28,0.0,0.520756
42,2022,Guaviare,2022-02-07,1,2022-02-14,3.566885,0.34500998
42,2022,Guaviare,2022-02-07,2,2022-02-21,1.1889616,0.39371303
42,2022,Guaviare,2022-02-07,3,2022-02-28,0.0,0.37943247
42,2022,Guaviare,2022-02-07,4,2022-03-07,3.566885,0.4223195
42,2022,Guaviare,2022-02-14,1,2022-02-21,1.1889616,2.9888296
42,2022,Guaviare,2022-02-14,2,2022-02-28,0.0,3.0614552
42,2022,Guaviare,2022-02-14,3,2022-03-07,3.566885,3.223067
42,2022,Guaviare,2022-02-14,4,2022-03-14,0.0,3.067363
42,2022,Guaviare,2022-02-21,1,2022-02-28,0.0,3.8465378
42,2022,Guaviare,2022-02-21,2,2022-03-07,3.566885,3.9735475
42,2022,Guaviare,2022-02-21,3,2022-03-14,0.0,4.0957437
42,2022,Guaviare,2022-02-21,4,2022-03-21,5.944808,4.2242227
42,2022,Guaviare,2022-02-28,1,2022-03-07,3.566885,2.888757
42,2022,Guaviare,2022-02-28,2,2022-03-14,0.0,3.0452638
42,2022,Guaviare,2022-02-28,3,2022-03-21,5.944808,3.3049302
42,2022,Guaviare,2022-02-28,4,2022-03-28,3.566885,3.6030867
42,2022,Guaviare,2022-03-07,1,2022-03-14,0.0,1.8436577
42,2022,Guaviare,2022-03-07,2,2022-03-21,5.944808,1.9055674
42,2022,Guaviare,2022-03-07,3,2022-03-28,3.566885,2.0216799
42,2022,Guaviare,2022-03-07,4,2022-04-04,5.944808,2.1698644
42,2022,Guaviare,2022-03-14,1,2022-03-21,5.944808,2.4997027
42,2022,Guaviare,2022-03-14,2,2022-03-28,3.566885,2.5903819
42,2022,Guaviare,2022-03-14,3,2022-04-04,5.944808,2.7566078
42,2022,Guaviare,2022-03-14,4,2022-04-11,3.566885,2.7667086
42,2022,Guaviare,2022-03-21,1,2022-03-28,3.566885,1.9197655
42,2022,Guaviare,2022-03-21,2,2022-04-04,5.944808,2.0178032
42,2022,Guaviare,2022-03-21,3,2022-04-11,3.566885,2.1752267
42,2022,Guaviare,2022-03-21,4,2022-04-18,1.1889616,2.2813795
42,2022,Guaviare,2022-03-28,1,2022-04-04,5.944808,3.8891752
42,2022,Guaviare,2022-03-28,2,2022-04-11,3.566885,3.9668891
42,2022,Guaviare,2022-03-28,3,2022-04-18,1.1889616,4.237216
42,2022,Guaviare,2022-03-28,4,2022-04-25,0.0,4.239577
42,2022,Guaviare,2022-04-04,1,2022-04-11,3.566885,3.777356
42,2022,Guaviare,2022-04-04,2,2022-04-18,1.1889616,3.954643
42,2022,Guaviare,2022-04-04,3,2022-04-25,0.0,4.1818624
42,2022,Guaviare,2022-04-04,4,2022-05-02,8.322732,4.3236046
42,2022,Guaviare,2022-04-11,1,2022-04-18,1.1889616,4.8479657
42,2022,Guaviare,2022-04-11,2,2022-04-25,0.0,5.0091558
42,2022,Guaviare,2022-04-11,3,2022-05-02,8.322732,5.417627
42,2022,Guaviare,2022-04-11,4,2022-05-09,4.7558465,5.688457
42,2022,Guaviare,2022-04-18,1,2022-04-25,0.0,5.0694823
42,2022,Guaviare,2022-04-18,2,2022-05-02,8.322732,5.043147
42,2022,Guaviare,2022-04-18,3,2022-05-09,4.7558465,5.3492727
42,2022,Guaviare,2022-04-18,4,2022-05-16,8.322732,5.1479545
42,2022,Guaviare,2022-04-25,1,2022-05-02,8.322732,3.257023
42,2022,Guaviare,2022-04-25,2,2022-05-09,4.7558465,3.2318928
42,2022,Guaviare,2022-04-25,3,2022-05-16,8.322732,3.2897491
42,2022,Guaviare,2022-04-25,4,2022-05-23,10.700655,3.3731635
42,2022,Guaviare,2022-05-02,1,2022-05-09,4.7558465,1.8110733
42,2022,Guaviare,2022-05-02,2,2022-05-16,8.322732,1.6430703
42,2022,Guaviare,2022-05-02,3,2022-05-23,10.700655,1.6385542
42,2022,Guaviare,2022-05-02,4,2022-05-30,9.511693,1.7250813
42,2022,Guaviare,2022-05-09,1,2022-05-16,8.322732,4.145198
42,2022,Guaviare,2022-05-09,2,2022-05-23,10.700655,3.9584234
42,2022,Guaviare,2022-05-09,3,2022-05-30,9.511693,3.8825755
42,2022,Guaviare,2022-05-09,4,2022-06-06,15.456503,3.7189808
42,2022,Guaviare,2022-05-16,1,2022-05-23,10.700655,3.8305697
42,2022,Guaviare,2022-05-16,2,2022-05-30,9.511693,3.6580615
42,2022,Guaviare,2022-05-16,3,2022-06-06,15.456503,3.3713267
42,2022,Guaviare,2022-05-16,4,2022-06-13,4.7558465,3.336798
42,2022,Guaviare,2022-05-23,1,2022-05-30,9.511693,5.218796
42,2022,Guaviare,2022-05-23,2,2022-06-06,15.456503,4.9417653
42,2022,Guaviare,2022-05-23,3,2022-06-13,4.7558465,4.5101514
42,2022,Guaviare,2022-05-23,4,2022-06-20,3.566885,4.496104
42,2022,Guaviare,2022-05-30,1,2022-06-06,15.456503,6.1454625
42,2022,Guaviare,2022-05-30,2,2022-06-13,4.7558465,5.9657927
42,2022,Guaviare,2022-05-30,3,2022-06-20,3.566885,5.435121
42,2022,Guaviare,2022-05-30,4,2022-06-27,11.889616,5.5930614
42,2022,Guaviare,2022-06-06,1,2022-06-13,4.7558465,6.6672955
42,2022,Guaviare,2022-06-06,2,2022-06-20,3.566885,6.6076264
42,2022,Guaviare,2022-06-06,3,2022-06-27,11.889616,5.899421
42,2022,Guaviare,2022-06-06,4,2022-07-04,8.322732,6.2254853
42,2022,Guaviare,2022-06-13,1,2022-06-20,3.566885,11.463683
42,2022,Guaviare,2022-06-13,2,2022-06-27,11.889616,10.784532
42,2022,Guaviare,2022-06-13,3,2022-07-04,8.322732,9.495483
42,2022,Guaviare,2022-06-13,4,2022-07-11,9.511693,8.951924
42,2022,Guaviare,2022-06-20,1,2022-06-27,11.889616,6.2404685
42,2022,Guaviare,2022-06-20,2,2022-07-04,8.322732,5.7529283
42,2022,Guaviare,2022-06-20,3,2022-07-11,9.511693,5.490702
42,2022,Guaviare,2022-06-20,4,2022-07-18,20.212349,5.268275
42,2022,Guaviare,2022-06-27,1,2022-07-04,8.322732,5.1762056
42,2022,Guaviare,2022-06-27,2,2022-07-11,9.511693,4.6646323
42,2022,Guaviare,2022-06-27,3,2022-07-18,20.212349,4.2824707
42,2022,Guaviare,2022-06-27,4,2022-07-25,10.700655,4.1029444
42,2022,Guaviare,2022-07-04,1,2022-07-11,9.511693,7.180199
42,2022,Guaviare,2022-07-04,2,2022-07-18,20.212349,6.2213316
42,2022,Guaviare,2022-07-04,3,2022-07-25,10.700655,5.533518
42,2022,Guaviare,2022-07-04,4,2022-08-01,15.456503,4.687385
42,2022,Guaviare,2022-07-11,1,2022-07-18,20.212349,5.2158303
42,2022,Guaviare,2022-07-11,2,2022-07-25,10.700655,4.9550657
42,2022,Guaviare,2022-07-11,3,2022-08-01,15.456503,4.4649305
42,2022,Guaviare,2022-07-11,4,2022-08-08,29.724043,4.5783873
42,2022,Guaviare,2022-07-18,1,2022-07-25,10.700655,5.643976
42,2022,Guaviare,2022-07-18,2,2022-08-01,15.456503,5.3436623
42,2022,Guaviare,2022-07-18,3,2022-08-08,29.724043,4.7519526
42,2022,Guaviare,2022-07-18,4,2022-08-15,22.59027,4.922273
42,2022,Guaviare,2022-07-25,1,2022-08-01,15.456503,11.473627
42,2022,Guaviare,2022-07-25,2,2022-08-08,29.724043,11.017514
42,2022,Guaviare,2022-07-25,3,2022-08-15,22.59027,10.033274
42,2022,Guaviare,2022-07-25,4,2022-08-22,15.456503,9.713476
42,2022,Guaviare,2022-08-01,1,2022-08-08,29.724043,8.034557
42,2022,Guaviare,2022-08-01,2,2022-08-15,22.59027,7.2635465
42,2022,Guaviare,2022-08-01,3,2022-08-22,15.456503,6.6104417
42,2022,Guaviare,2022-08-01,4,2022-08-29,21.40131,7.114722
42,2022,Guaviare,2022-08-08,1,2022-08-15,22.59027,11.791345
42,2022,Guaviare,2022-08-08,2,2022-08-22,15.456503,11.034706
42,2022,Guaviare,2022-08-08,3,2022-08-29,21.40131,10.317032
42,2022,Guaviare,2022-08-08,4,2022-09-05,21.40131,10.172383
42,2022,Guaviare,2022-08-15,1,2022-08-22,15.456503,21.507427
42,2022,Guaviare,2022-08-15,2,2022-08-29,21.40131,19.812067
42,2022,Guaviare,2022-08-15,3,2022-09-05,21.40131,17.963984
42,2022,Guaviare,2022-08-15,4,2022-09-12,10.700655,15.88491
42,2022,Guaviare,2022-08-22,1,2022-08-29,21.40131,22.723232
42,2022,Guaviare,2022-08-22,2,2022-09-05,21.40131,20.95102
42,2022,Guaviare,2022-08-22,3,2022-09-12,10.700655,18.403458
42,2022,Guaviare,2022-08-22,4,2022-09-19,22.59027,16.80768
42,2022,Guaviare,2022-08-29,1,2022-09-05,21.40131,17.4278
42,2022,Guaviare,2022-08-29,2,2022-09-12,10.700655,16.000547
42,2022,Guaviare,2022-08-29,3,2022-09-19,22.59027,15.064797
42,2022,Guaviare,2022-08-29,4,2022-09-26,23.779234,14.472872
42,2022,Guaviare,2022-09-05,1,2022-09-12,10.700655,19.594444
42,2022,Guaviare,2022-09-05,2,2022-09-19,22.59027,17.287476
42,2022,Guaviare,2022-09-05,3,2022-09-26,23.779234,16.062056
42,2022,Guaviare,2022-09-05,4,2022-10-03,20.212349,14.592651
42,2022,Guaviare,2022-09-12,1,2022-09-19,22.59027,19.12326
42,2022,Guaviare,2022-09-12,2,2022-09-26,23.779234,17.69241
42,2022,Guaviare,2022-09-12,3,2022-10-03,20.212349,15.6805725
42,2022,Guaviare,2022-09-12,4,2022-10-10,19.02339,15.184157
42,2022,Guaviare,2022-09-19,1,2022-09-26,23.779234,11.003122
42,2022,Guaviare,2022-09-19,2,2022-10-03,20.212349,10.2587185
42,2022,Guaviare,2022-09-19,3,2022-10-10,19.02339,9.712876
42,2022,Guaviare,2022-09-19,4,2022-10-17,23.779234,9.49133
42,2022,Guaviare,2022-09-26,1,2022-10-03,20.212349,16.84569
42,2022,Guaviare,2022-09-26,2,2022-10-10,19.02339,15.526446
42,2022,Guaviare,2022-09-26,3,2022-10-17,23.779234,14.513234
42,2022,Guaviare,2022-09-26,4,2022-10-24,26.157154,13.593334
42,2022,Guaviare,2022-10-03,1,2022-10-10,19.02339,18.638012
42,2022,Guaviare,2022-10-03,2,2022-10-17,23.779234,17.792353
42,2022,Guaviare,2022-10-03,3,2022-10-24,26.157154,16.067162
42,2022,Guaviare,2022-10-03,4,2022-10-31,42.80262,14.673894
42,2022,Guaviare,2022-10-10,1,2022-10-17,23.779234,20.409534
42,2022,Guaviare,2022-10-10,2,2022-10-24,26.157154,20.103386
42,2022,Guaviare,2022-10-10,3,2022-10-31,42.80262,18.518915
42,2022,Guaviare,2022-10-10,4,2022-11-07,28.535078,16.837498
42,2022,Guaviare,2022-10-17,1,2022-10-24,26.157154,17.166203
42,2022,Guaviare,2022-10-17,2,2022-10-31,42.80262,16.30324
42,2022,Guaviare,2022-10-17,3,2022-11-07,28.535078,15.544009
42,2022,Guaviare,2022-10-17,4,2022-11-14,27.346117,14.402421
42,2022,Guaviare,2022-10-24,1,2022-10-31,42.80262,22.688229
42,2022,Guaviare,2022-10-24,2,2022-11-07,28.535078,21.567965
42,2022,Guaviare,2022-10-24,3,2022-11-14,27.346117,20.62346
42,2022,Guaviare,2022-10-24,4,2022-11-21,42.80262,18.516953
42,2022,Guaviare,2022-10-31,1,2022-11-07,28.535078,24.958134
42,2022,Guaviare,2022-10-31,2,2022-11-14,27.346117,23.842903
42,2022,Guaviare,2022-10-31,3,2022-11-21,42.80262,21.985445
42,2022,Guaviare,2022-10-31,4,2022-11-28,43.99158,20.089296
42,2022,Guaviare,2022-11-07,1,2022-11-14,27.346117,33.99936
42,2022,Guaviare,2022-11-07,2,2022-11-21,42.80262,32.072594
42,2022,Guaviare,2022-11-07,3,2022-11-28,43.99158,28.97082
42,2022,Guaviare,2022-11-07,4,2022-12-05,33.290928,27.135023
42,2022,Guaviare,2022-11-14,1,2022-11-21,42.80262,30.807528
42,2022,Guaviare,2022-11-14,2,2022-11-28,43.99158,30.631464
42,2022,Guaviare,2022-11-14,3,2022-12-05,33.290928,27.955242
42,2022,Guaviare,2022-11-14,4,2022-12-12,35.668846,25.375553
42,2022,Guaviare,2022-11-21,1,2022-11-28,43.99158,31.415956
42,2022,Guaviare,2022-11-21,2,2022-12-05,33.290928,29.720907
42,2022,Guaviare,2022-11-21,3,2022-12-12,35.668846,27.800741
42,2022,Guaviare,2022-11-21,4,2022-12-19,28.535078,26.856476
42,2022,Guaviare,2022-11-28,1,2022-12-05,33.290928,41.19559
42,2022,Guaviare,2022-11-28,2,2022-12-12,35.668846,37.67461
42,2022,Guaviare,2022-11-28,3,2022-12-19,28.535078,34.05274
42,2022,Guaviare,2022-11-28,4,2022-12-26,33.290928,33.205544
42,2022,Huila,2022-01-24,1,2022-01-31,2.658336,2.0169957
42,2022,Huila,2022-01-24,2,2022-02-07,2.2295723,2.0527604
42,2022,Huila,2022-01-24,3,2022-02-14,1.3720443,2.1075766
42,2022,Huila,2022-01-24,4,2022-02-21,1.2862916,2.1157644
42,2022,Huila,2022-01-31,1,2022-02-07,2.2295723,2.015415
42,2022,Huila,2022-01-31,2,2022-02-14,1.3720443,2.0170975
42,2022,Huila,2022-01-31,3,2022-02-21,1.2862916,2.0394309
42,2022,Huila,2022-01-31,4,2022-02-28,3.2586052,2.0652978
42,2022,Huila,2022-02-07,1,2022-02-14,1.3720443,2.3494203
42,2022,Huila,2022-02-07,2,2022-02-21,1.2862916,2.3594027
42,2022,Huila,2022-02-07,3,2022-02-28,3.2586052,2.4366841
42,2022,Huila,2022-02-07,4,2022-03-07,2.4868305,2.4389017
42,2022,Huila,2022-02-14,1,2022-02-21,1.2862916,2.6450167
42,2022,Huila,2022-02-14,2,2022-02-28,3.2586052,2.6427588
42,2022,Huila,2022-02-14,3,2022-03-07,2.4868305,2.6770153
42,2022,Huila,2022-02-14,4,2022-03-14,1.6293027,2.703197
42,2022,Huila,2022-02-21,1,2022-02-28,3.2586052,2.1552756
42,2022,Huila,2022-02-21,2,2022-03-07,2.4868305,2.138592
42,2022,Huila,2022-02-21,3,2022-03-14,1.6293027,2.2372096
42,2022,Huila,2022-02-21,4,2022-03-21,1.9723138,2.2502687
42,2022,Huila,2022-02-28,1,2022-03-07,2.4868305,1.8185326
42,2022,Huila,2022-02-28,2,2022-03-14,1.6293027,1.8184801
42,2022,Huila,2022-02-28,3,2022-03-21,1.9723138,1.8617398
42,2022,Huila,2022-02-28,4,2022-03-28,3.0870998,1.9191599
42,2022,Huila,2022-03-07,1,2022-03-14,1.6293027,2.5610173
42,2022,Huila,2022-03-07,2,2022-03-21,1.9723138,2.5520341
42,2022,Huila,2022-03-07,3,2022-03-28,3.0870998,2.6653724
42,2022,Huila,2022-03-07,4,2022-04-04,1.9723138,2.6587944
42,2022,Huila,2022-03-14,1,2022-03-21,1.9723138,2.8590837
42,2022,Huila,2022-03-14,2,2022-03-28,3.0870998,2.828069
42,2022,Huila,2022-03-14,3,2022-04-04,1.9723138,2.9259353
42,2022,Huila,2022-03-14,4,2022-04-11,2.4868305,3.0450742
42,2022,Huila,2022-03-21,1,2022-03-28,3.0870998,2.622473
42,2022,Huila,2022-03-21,2,2022-04-04,1.9723138,2.5894318
42,2022,Huila,2022-03-21,3,2022-04-11,2.4868305,2.6837046
42,2022,Huila,2022-03-21,4,2022-04-18,2.658336,2.7644844
42,2022,Huila,2022-03-28,1,2022-04-04,1.9723138,2.529235
42,2022,Huila,2022-03-28,2,2022-04-11,2.4868305,2.477581
42,2022,Huila,2022-03-28,3,2022-04-18,2.658336,2.4993966
42,2022,Huila,2022-03-28,4,2022-04-25,2.1438193,2.5499625
42,2022,Huila,2022-04-04,1,2022-04-11,2.4868305,2.9818144
42,2022,Huila,2022-04-04,2,2022-04-18,2.658336,2.9376402
42,2022,Huila,2022-04-04,3,2022-04-25,2.1438193,2.9898276
42,2022,Huila,2022-04-04,4,2022-05-02,1.6293027,3.0070052
42,2022,Huila,2022-04-11,1,2022-04-18,2.658336,2.745071
42,2022,Huila,2022-04-11,2,2022-04-25,2.1438193,2.7048073
42,2022,Huila,2022-04-11,3,2022-05-02,1.6293027,2.6970556
42,2022,Huila,2022-04-11,4,2022-05-09,2.0580668,2.7514107
42,2022,Huila,2022-04-18,1,2022-04-25,2.1438193,2.8692377
42,2022,Huila,2022-04-18,2,2022-05-02,1.6293027,2.7946844
42,2022,Huila,2022-04-18,3,2022-05-09,2.0580668,2.8306427
42,2022,Huila,2022-04-18,4,2022-05-16,1.8865612,2.82151
42,2022,Huila,2022-04-25,1,2022-05-02,1.6293027,2.79425
42,2022,Huila,2022-04-25,2,2022-05-09,2.0580668,2.7117586
42,2022,Huila,2022-04-25,3,2022-05-16,1.8865612,2.6945577
42,2022,Huila,2022-04-25,4,2022-05-23,1.3720443,2.7227025
42,2022,Huila,2022-05-02,1,2022-05-09,2.0580668,2.5766568
42,2022,Huila,2022-05-02,2,2022-05-16,1.8865612,2.4974856
42,2022,Huila,2022-05-02,3,2022-05-23,1.3720443,2.4646559
42,2022,Huila,2022-05-02,4,2022-05-30,3.0013473,2.5110233
42,2022,Huila,2022-05-09,1,2022-05-16,1.8865612,2.203236
42,2022,Huila,2022-05-09,2,2022-05-23,1.3720443,2.144746
42,2022,Huila,2022-05-09,3,2022-05-30,3.0013473,2.1433053
42,2022,Huila,2022-05-09,4,2022-06-06,1.9723138,2.1535237
42,2022,Huila,2022-05-16,1,2022-05-23,1.3720443,2.0876007
42,2022,Huila,2022-05-16,2,2022-05-30,3.0013473,2.041231
42,2022,Huila,2022-05-16,3,2022-06-06,1.9723138,2.0218177
42,2022,Huila,2022-05-16,4,2022-06-13,2.5725834,1.9674019
42,2022,Huila,2022-05-23,1,2022-05-30,3.0013473,1.9145485
42,2022,Huila,2022-05-23,2,2022-06-06,1.9723138,1.861602
42,2022,Huila,2022-05-23,3,2022-06-13,2.5725834,1.820709
42,2022,Huila,2022-05-23,4,2022-06-20,1.3720443,1.7971283
42,2022,Huila,2022-05-30,1,2022-06-06,1.9723138,1.6479881
42,2022,Huila,2022-05-30,2,2022-06-13,2.5725834,1.6062584
42,2022,Huila,2022-05-30,3,2022-06-20,1.3720443,1.5777336
42,2022,Huila,2022-05-30,4,2022-06-27,0.77177495,1.5854287
42,2022,Huila,2022-06-06,1,2022-06-13,2.5725834,2.2321982
42,2022,Huila,2022-06-06,2,2022-06-20,1.3720443,2.1819088
42,2022,Huila,2022-06-06,3,2022-06-27,0.77177495,2.1721902
42,2022,Huila,2022-06-06,4,2022-07-04,0.9432806,2.1182442
42,2022,Huila,2022-06-13,1,2022-06-20,1.3720443,2.156798
42,2022,Huila,2022-06-13,2,2022-06-27,0.77177495,2.087797
42,2022,Huila,2022-06-13,3,2022-07-04,0.9432806,2.0396345
42,2022,Huila,2022-06-13,4,2022-07-11,1.2862916,1.9933805
42,2022,Huila,2022-06-20,1,2022-06-27,0.77177495,2.123233
42,2022,Huila,2022-06-20,2,2022-07-04,0.9432806,2.0602484
42,2022,Huila,2022-06-20,3,2022-07-11,1.2862916,2.066258
42,2022,Huila,2022-06-20,4,2022-07-18,1.4577973,2.065554
42,2022,Huila,2022-06-27,1,2022-07-04,0.9432806,1.8636297
42,2022,Huila,2022-06-27,2,2022-07-11,1.2862916,1.7911893
42,2022,Huila,2022-06-27,3,2022-07-18,1.4577973,1.8003974
42,2022,Huila,2022-06-27,4,2022-07-25,1.0290333,1.7824793
42,2022,Huila,2022-07-04,1,2022-07-11,1.2862916,1.3517518
42,2022,Huila,2022-07-04,2,2022-07-18,1.4577973,1.3171402
42,2022,Huila,2022-07-04,3,2022-07-25,1.0290333,1.2940972
42,2022,Huila,2022-07-04,4,2022-08-01,0.9432806,1.2909752
42,2022,Huila,2022-07-11,1,2022-07-18,1.4577973,1.1249378
42,2022,Huila,2022-07-11,2,2022-07-25,1.0290333,1.1096771
42,2022,Huila,2022-07-11,3,2022-08-01,0.9432806,1.0631877
42,2022,Huila,2022-07-11,4,2022-08-08,2.4868305,1.1094722
42,2022,Huila,2022-07-18,1,2022-07-25,1.0290333,1.130646
42,2022,Huila,2022-07-18,2,2022-08-01,0.9432806,1.0951319
42,2022,Huila,2022-07-18,3,2022-08-08,2.4868305,1.0941595
42,2022,Huila,2022-07-18,4,2022-08-15,1.3720443,1.0982277
42,2022,Huila,2022-07-25,1,2022-08-01,0.9432806,1.1746901
42,2022,Huila,2022-07-25,2,2022-08-08,2.4868305,1.1472543
42,2022,Huila,2022-07-25,3,2022-08-15,1.3720443,1.1313033
42,2022,Huila,2022-07-25,4,2022-08-22,1.2005389,1.1493648
42,2022,Huila,2022-08-01,1,2022-08-08,2.4868305,1.0488768
42,2022,Huila,2022-08-01,2,2022-08-15,1.3720443,1.0339215
42,2022,Huila,2022-08-01,3,2022-08-22,1.2005389,1.0225337
42,2022,Huila,2022-08-01,4,2022-08-29,1.2862916,1.0530317
42,2022,Huila,2022-08-08,1,2022-08-15,1.3720443,0.9965491
42,2022,Huila,2022-08-08,2,2022-08-22,1.2005389,0.97383493
42,2022,Huila,2022-08-08,3,2022-08-29,1.2862916,0.9715582
42,2022,Huila,2022-08-08,4,2022-09-05,1.4577973,0.9928531
42,2022,Huila,2022-08-15,1,2022-08-22,1.2005389,1.5286651
42,2022,Huila,2022-08-15,2,2022-08-29,1.2862916,1.4990788
42,2022,Huila,2022-08-15,3,2022-09-05,1.4577973,1.5353442
42,2022,Huila,2022-08-15,4,2022-09-12,1.2005389,1.49275
42,2022,Huila,2022-08-22,1,2022-08-29,1.2862916,1.4872314
42,2022,Huila,2022-08-22,2,2022-09-05,1.4577973,1.4584231
42,2022,Huila,2022-08-22,3,2022-09-12,1.2005389,1.4694268
42,2022,Huila,2022-08-22,4,2022-09-19,1.0290333,1.4717612
42,2022,Huila,2022-08-29,1,2022-09-05,1.4577973,1.3307952
42,2022,Huila,2022-08-29,2,2022-09-12,1.2005389,1.3055277
42,2022,Huila,2022-08-29,3,2022-09-19,1.0290333,1.3417524
42,2022,Huila,2022-08-29,4,2022-09-26,1.3720443,1.3838601
42,2022,Huila,2022-09-05,1,2022-09-12,1.2005389,1.3160456
42,2022,Huila,2022-09-05,2,2022-09-19,1.0290333,1.3116572
42,2022,Huila,2022-09-05,3,2022-09-26,1.3720443,1.3482882
42,2022,Huila,2022-09-05,4,2022-10-03,0.68602216,1.3893911
42,2022,Huila,2022-09-12,1,2022-09-19,1.0290333,1.3677408
42,2022,Huila,2022-09-12,2,2022-09-26,1.3720443,1.3635473
42,2022,Huila,2022-09-12,3,2022-10-03,0.68602216,1.4335126
42,2022,Huila,2022-09-12,4,2022-10-10,0.85752773,1.4501629
42,2022,Huila,2022-09-19,1,2022-09-26,1.3720443,1.3469318
42,2022,Huila,2022-09-19,2,2022-10-03,0.68602216,1.3310895
42,2022,Huila,2022-09-19,3,2022-10-10,0.85752773,1.4097651
42,2022,Huila,2022-09-19,4,2022-10-17,0.9432806,1.432223
42,2022,Huila,2022-09-26,1,2022-10-03,0.68602216,1.2686071
42,2022,Huila,2022-09-26,2,2022-10-10,0.85752773,1.2641982
42,2022,Huila,2022-09-26,3,2022-10-17,0.9432806,1.3484166
42,2022,Huila,2022-09-26,4,2022-10-24,0.85752773,1.3878272
42,2022,Huila,2022-10-03,1,2022-10-10,0.85752773,1.3261199
42,2022,Huila,2022-10-03,2,2022-10-17,0.9432806,1.3400999
42,2022,Huila,2022-10-03,3,2022-10-24,0.85752773,1.427349
42,2022,Huila,2022-10-03,4,2022-10-31,0.51451665,1.4595978
42,2022,Huila,2022-10-10,1,2022-10-17,0.9432806,1.0980369
42,2022,Huila,2022-10-10,2,2022-10-24,0.85752773,1.1256871
42,2022,Huila,2022-10-10,3,2022-10-31,0.51451665,1.1811359
42,2022,Huila,2022-10-10,4,2022-11-07,2.2295723,1.2093425
42,2022,Huila,2022-10-17,1,2022-10-24,0.85752773,1.0189536
42,2022,Huila,2022-10-17,2,2022-10-31,0.51451665,1.0456198
42,2022,Huila,2022-10-17,3,2022-11-07,2.2295723,1.1212596
42,2022,Huila,2022-10-17,4,2022-11-14,1.6293027,1.140753
42,2022,Huila,2022-10-24,1,2022-10-31,0.51451665,0.9358813
42,2022,Huila,2022-10-24,2,2022-11-07,2.2295723,0.9569182
42,2022,Huila,2022-10-24,3,2022-11-14,1.6293027,1.0225061
42,2022,Huila,2022-10-24,4,2022-11-21,1.4577973,1.0203202
42,2022,Huila,2022-10-31,1,2022-11-07,2.2295723,0.8262193
42,2022,Huila,2022-10-31,2,2022-11-14,1.6293027,0.81327116
42,2022,Huila,2022-10-31,3,2022-11-21,1.4577973,0.86671287
42,2022,Huila,2022-10-31,4,2022-11-28,1.114786,0.861405
42,2022,Huila,2022-11-07,1,2022-11-14,1.6293027,0.7542069
42,2022,Huila,2022-11-07,2,2022-11-21,1.4577973,0.7539224
42,2022,Huila,2022-11-07,3,2022-11-28,1.114786,0.80225503
42,2022,Huila,2022-11-07,4,2022-12-05,1.2862916,0.80156475
42,2022,Huila,2022-11-14,1,2022-11-21,1.4577973,1.1684754
42,2022,Huila,2022-11-14,2,2022-11-28,1.114786,1.1502203
42,2022,Huila,2022-11-14,3,2022-12-05,1.2862916,1.261309
42,2022,Huila,2022-11-14,4,2022-12-12,0.9432806,1.2491623
42,2022,Huila,2022-11-21,1,2022-11-28,1.114786,1.4667786
42,2022,Huila,2022-11-21,2,2022-12-05,1.2862916,1.4192382
42,2022,Huila,2022-11-21,3,2022-12-12,0.9432806,1.5693437
42,2022,Huila,2022-11-21,4,2022-12-19,1.7150555,1.5143813
42,2022,Huila,2022-11-28,1,2022-12-05,1.2862916,1.6518748
42,2022,Huila,2022-11-28,2,2022-12-12,0.9432806,1.642071
42,2022,Huila,2022-11-28,3,2022-12-19,1.7150555,1.7949082
42,2022,Huila,2022-11-28,4,2022-12-26,1.8008083,1.7931179
42,2022,Magdalena,2022-01-24,1,2022-01-31,1.7503772,0.85662603
42,2022,Magdalena,2022-01-24,2,2022-02-07,0.74054426,0.77582484
42,2022,Magdalena,2022-01-24,3,2022-02-14,0.67322206,0.70769185
42,2022,Magdalena,2022-01-24,4,2022-02-21,1.0771552,0.7135681
42,2022,Magdalena,2022-01-31,1,2022-02-07,0.74054426,0.8969402
42,2022,Magdalena,2022-01-31,2,2022-02-14,0.67322206,0.81966275
42,2022,Magdalena,2022-01-31,3,2022-02-21,1.0771552,0.7639542
42,2022,Magdalena,2022-01-31,4,2022-02-28,0.74054426,0.7702032
42,2022,Magdalena,2022-02-07,1,2022-02-14,0.67322206,1.086439
42,2022,Magdalena,2022-02-07,2,2022-02-21,1.0771552,1.0205293
42,2022,Magdalena,2022-02-07,3,2022-02-28,0.74054426,0.9624795
42,2022,Magdalena,2022-02-07,4,2022-03-07,0.67322206,0.9704097
42,2022,Magdalena,2022-02-14,1,2022-02-21,1.0771552,0.8513878
42,2022,Magdalena,2022-02-14,2,2022-02-28,0.74054426,0.7777953
42,2022,Magdalena,2022-02-14,3,2022-03-07,0.67322206,0.72823954
42,2022,Magdalena,2022-02-14,4,2022-03-14,0.6058999,0.731849
42,2022,Magdalena,2022-02-21,1,2022-02-28,0.74054426,0.5448468
42,2022,Magdalena,2022-02-21,2,2022-03-07,0.67322206,0.49441695
42,2022,Magdalena,2022-02-21,3,2022-03-14,0.6058999,0.454621
42,2022,Magdalena,2022-02-21,4,2022-03-21,0.80786645,0.4397974
42,2022,Magdalena,2022-02-28,1,2022-03-07,0.67322206,0.6084404
42,2022,Magdalena,2022-02-28,2,2022-03-14,0.6058999,0.60962963
42,2022,Magdalena,2022-02-28,3,2022-03-21,0.80786645,0.5656536
42,2022,Magdalena,2022-02-28,4,2022-03-28,0.5385776,0.5559179
42,2022,Magdalena,2022-03-07,1,2022-03-14,0.6058999,0.5863789
42,2022,Magdalena,2022-03-07,2,2022-03-21,0.80786645,0.6017159
42,2022,Magdalena,2022-03-07,3,2022-03-28,0.5385776,0.58719504
42,2022,Magdalena,2022-03-07,4,2022-04-04,1.0098331,0.5916366
42,2022,Magdalena,2022-03-14,1,2022-03-21,0.80786645,0.4922687
42,2022,Magdalena,2022-03-14,2,2022-03-28,0.5385776,0.50176775
42,2022,Magdalena,2022-03-14,3,2022-04-04,1.0098331,0.49684474
42,2022,Magdalena,2022-03-14,4,2022-04-11,0.87518865,0.5052239
42,2022,Magdalena,2022-03-21,1,2022-03-28,0.5385776,0.49620682
42,2022,Magdalena,2022-03-21,2,2022-04-04,1.0098331,0.5076033
42,2022,Magdalena,2022-03-21,3,2022-04-11,0.87518865,0.48178282
42,2022,Magdalena,2022-03-21,4,2022-04-18,1.0771552,0.46155638
42,2022,Magdalena,2022-03-28,1,2022-04-04,1.0098331,0.58135724
42,2022,Magdalena,2022-03-28,2,2022-04-11,0.87518865,0.6122261
42,2022,Magdalena,2022-03-28,3,2022-04-18,1.0771552,0.585677
42,2022,Magdalena,2022-03-28,4,2022-04-25,0.6058999,0.5573695
42,2022,Magdalena,2022-04-04,1,2022-04-11,0.87518865,0.67966205
42,2022,Magdalena,2022-04-04,2,2022-04-18,1.0771552,0.72167784
42,2022,Magdalena,2022-04-04,3,2022-04-25,0.6058999,0.7305222
42,2022,Magdalena,2022-04-04,4,2022-05-02,1.1444775,0.702832
42,2022,Magdalena,2022-04-11,1,2022-04-18,1.0771552,0.7289593
42,2022,Magdalena,2022-04-11,2,2022-04-25,0.6058999,0.78181356
42,2022,Magdalena,2022-04-11,3,2022-05-02,1.1444775,0.80845356
42,2022,Magdalena,2022-04-11,4,2022-05-09,1.2117997,0.78865075
42,2022,Magdalena,2022-04-18,1,2022-04-25,0.6058999,0.77917075
42,2022,Magdalena,2022-04-18,2,2022-05-02,1.1444775,0.84419674
42,2022,Magdalena,2022-04-18,3,2022-05-09,1.2117997,0.8657587
42,2022,Magdalena,2022-04-18,4,2022-05-16,1.952344,0.84770006
42,2022,Magdalena,2022-04-25,1,2022-05-02,1.1444775,0.98600787
42,2022,Magdalena,2022-04-25,2,2022-05-09,1.2117997,1.0429499
42,2022,Magdalena,2022-04-25,3,2022-05-16,1.952344,1.0945942
42,2022,Magdalena,2022-04-25,4,2022-05-23,1.4137664,1.0884203
42,2022,Magdalena,2022-05-02,1,2022-05-09,1.2117997,1.0033511
42,2022,Magdalena,2022-05-02,2,2022-05-16,1.952344,1.0306898
42,2022,Magdalena,2022-05-02,3,2022-05-23,1.4137664,1.0767912
42,2022,Magdalena,2022-05-02,4,2022-05-30,1.6157329,1.0973113
42,2022,Magdalena,2022-05-09,1,2022-05-16,1.952344,1.0891016
42,2022,Magdalena,2022-05-09,2,2022-05-23,1.4137664,1.1362797
42,2022,Magdalena,2022-05-09,3,2022-05-30,1.6157329,1.1563596
42,2022,Magdalena,2022-05-09,4,2022-06-06,1.6157329,1.2188421
42,2022,Magdalena,2022-05-16,1,2022-05-23,1.4137664,1.2605126
42,2022,Magdalena,2022-05-16,2,2022-05-30,1.6157329,1.3147645
42,2022,Magdalena,2022-05-16,3,2022-06-06,1.6157329,1.3767878
42,2022,Magdalena,2022-05-16,4,2022-06-13,1.2791219,1.4251603
42,2022,Magdalena,2022-05-23,1,2022-05-30,1.6157329,1.8848528
42,2022,Magdalena,2022-05-23,2,2022-06-06,1.6157329,1.8896188
42,2022,Magdalena,2022-05-23,3,2022-06-13,1.2791219,1.9781034
42,2022,Magdalena,2022-05-23,4,2022-06-20,1.5484108,1.990678
42,2022,Magdalena,2022-05-30,1,2022-06-06,1.6157329,2.070863
42,2022,Magdalena,2022-05-30,2,2022-06-13,1.2791219,2.0802515
42,2022,Magdalena,2022-05-30,3,2022-06-20,1.5484108,2.172937
42,2022,Magdalena,2022-05-30,4,2022-06-27,1.1444775,2.1752167
42,2022,Magdalena,2022-06-06,1,2022-06-13,1.2791219,2.3628457
42,2022,Magdalena,2022-06-06,2,2022-06-20,1.5484108,2.302667
42,2022,Magdalena,2022-06-06,3,2022-06-27,1.1444775,2.4201424
42,2022,Magdalena,2022-06-06,4,2022-07-04,1.8850217,2.3559783
42,2022,Magdalena,2022-06-13,1,2022-06-20,1.5484108,2.2582655
42,2022,Magdalena,2022-06-13,2,2022-06-27,1.1444775,2.166117
42,2022,Magdalena,2022-06-13,3,2022-07-04,1.8850217,2.2463622
42,2022,Magdalena,2022-06-13,4,2022-07-11,2.8275328,2.2033465
42,2022,Magdalena,2022-06-20,1,2022-06-27,1.1444775,1.9188063
42,2022,Magdalena,2022-06-20,2,2022-07-04,1.8850217,1.8674833
42,2022,Magdalena,2022-06-20,3,2022-07-11,2.8275328,1.9527903
42,2022,Magdalena,2022-06-20,4,2022-07-18,2.6255658,1.9620928
42,2022,Magdalena,2022-06-27,1,2022-07-04,1.8850217,1.8767866
42,2022,Magdalena,2022-06-27,2,2022-07-11,2.8275328,1.8033146
42,2022,Magdalena,2022-06-27,3,2022-07-18,2.6255658,1.8556452
42,2022,Magdalena,2022-06-27,4,2022-07-25,2.4909217,1.8467242
42,2022,Magdalena,2022-07-04,1,2022-07-11,2.8275328,1.6847856
42,2022,Magdalena,2022-07-04,2,2022-07-18,2.6255658,1.570198
42,2022,Magdalena,2022-07-04,3,2022-07-25,2.4909217,1.5431502
42,2022,Magdalena,2022-07-04,4,2022-08-01,2.288955,1.5216235
42,2022,Magdalena,2022-07-11,1,2022-07-18,2.6255658,1.7654127
42,2022,Magdalena,2022-07-11,2,2022-07-25,2.4909217,1.6932025
42,2022,Magdalena,2022-07-11,3,2022-08-01,2.288955,1.6906233
42,2022,Magdalena,2022-07-11,4,2022-08-08,2.3562772,1.6656852
42,2022,Magdalena,2022-07-18,1,2022-07-25,2.4909217,2.4782166
42,2022,Magdalena,2022-07-18,2,2022-08-01,2.288955,2.4197853
42,2022,Magdalena,2022-07-18,3,2022-08-08,2.3562772,2.403342
42,2022,Magdalena,2022-07-18,4,2022-08-15,2.6255658,2.3010476
42,2022,Magdalena,2022-07-25,1,2022-08-01,2.288955,2.718153
42,2022,Magdalena,2022-07-25,2,2022-08-08,2.3562772,2.6283045
42,2022,Magdalena,2022-07-25,3,2022-08-15,2.6255658,2.5490723
42,2022,Magdalena,2022-07-25,4,2022-08-22,2.1543107,2.4462776
42,2022,Magdalena,2022-08-01,1,2022-08-08,2.3562772,2.7439334
42,2022,Magdalena,2022-08-01,2,2022-08-15,2.6255658,2.6073391
42,2022,Magdalena,2022-08-01,3,2022-08-22,2.1543107,2.5103683
42,2022,Magdalena,2022-08-01,4,2022-08-29,2.7602105,2.4034355
42,2022,Magdalena,2022-08-08,1,2022-08-15,2.6255658,2.4687757
42,2022,Magdalena,2022-08-08,2,2022-08-22,2.1543107,2.3438802
42,2022,Magdalena,2022-08-08,3,2022-08-29,2.7602105,2.3111098
42,2022,Magdalena,2022-08-08,4,2022-09-05,1.952344,2.2576776
42,2022,Magdalena,2022-08-15,1,2022-08-22,2.1543107,2.458227
42,2022,Magdalena,2022-08-15,2,2022-08-29,2.7602105,2.378636
42,2022,Magdalena,2022-08-15,3,2022-09-05,1.952344,2.3657274
42,2022,Magdalena,2022-08-15,4,2022-09-12,1.6830552,2.3707554
42,2022,Magdalena,2022-08-22,1,2022-08-29,2.7602105,2.6082664
42,2022,Magdalena,2022-08-22,2,2022-09-05,1.952344,2.5394032
42,2022,Magdalena,2022-08-22,3,2022-09-12,1.6830552,2.5104198
42,2022,Magdalena,2022-08-22,4,2022-09-19,1.8850217,2.4825153
42,2022,Magdalena,2022-08-29,1,2022-09-05,1.952344,2.391834
42,2022,Magdalena,2022-08-29,2,2022-09-12,1.6830552,2.3692822
42,2022,Magdalena,2022-08-29,3,2022-09-19,1.8850217,2.3778572
42,2022,Magdalena,2022-08-29,4,2022-09-26,1.5484108,2.4158838
42,2022,Magdalena,2022-09-05,1,2022-09-12,1.6830552,2.6313386
42,2022,Magdalena,2022-09-05,2,2022-09-19,1.8850217,2.6594303
42,2022,Magdalena,2022-09-05,3,2022-09-26,1.5484108,2.679244
42,2022,Magdalena,2022-09-05,4,2022-10-03,1.7503772,2.7393963
42,2022,Magdalena,2022-09-12,1,2022-09-19,1.8850217,2.491934
42,2022,Magdalena,2022-09-12,2,2022-09-26,1.5484108,2.518907
42,2022,Magdalena,2022-09-12,3,2022-10-03,1.7503772,2.5260074
42,2022,Magdalena,2022-09-12,4,2022-10-10,2.2216327,2.5993748
42,2022,Magdalena,2022-09-19,1,2022-09-26,1.5484108,2.1994412
42,2022,Magdalena,2022-09-19,2,2022-10-03,1.7503772,2.2316065
42,2022,Magdalena,2022-09-19,3,2022-10-10,2.2216327,2.2725182
42,2022,Magdalena,2022-09-19,4,2022-10-17,1.2117997,2.3519812
42,2022,Magdalena,2022-09-26,1,2022-10-03,1.7503772,2.1452787
42,2022,Magdalena,2022-09-26,2,2022-10-10,2.2216327,2.1657999
42,2022,Magdalena,2022-09-26,3,2022-10-17,1.2117997,2.1978786
42,2022,Magdalena,2022-09-26,4,2022-10-24,1.8850217,2.2898412
42,2022,Magdalena,2022-10-03,1,2022-10-10,2.2216327,1.9970914
42,2022,Magdalena,2022-10-03,2,2022-10-17,1.2117997,2.021735
42,2022,Magdalena,2022-10-03,3,2022-10-24,1.8850217,2.052614
42,2022,Magdalena,2022-10-03,4,2022-10-31,2.0869882,2.1577363
42,2022,Magdalena,2022-10-10,1,2022-10-17,1.2117997,1.8873874
42,2022,Magdalena,2022-10-10,2,2022-10-24,1.8850217,1.9020276
42,2022,Magdalena,2022-10-10,3,2022-10-31,2.0869882,1.9244496
42,2022,Magdalena,2022-10-10,4,2022-11-07,1.5484108,2.0416205
42,2022,Magdalena,2022-10-17,1,2022-10-24,1.8850217,1.9371974
42,2022,Magdalena,2022-10-17,2,2022-10-31,2.0869882,1.9296235
42,2022,Magdalena,2022-10-17,3,2022-11-07,1.5484108,1.9544983
42,2022,Magdalena,2022-10-17,4,2022-11-14,1.952344,2.0395887
42,2022,Magdalena,2022-10-24,1,2022-10-31,2.0869882,1.6438378
42,2022,Magdalena,2022-10-24,2,2022-11-07,1.5484108,1.6363881
42,2022,Magdalena,2022-10-24,3,2022-11-14,1.952344,1.6558847
42,2022,Magdalena,2022-10-24,4,2022-11-21,1.8176994,1.7779117
42,2022,Magdalena,2022-10-31,1,2022-11-07,1.5484108,1.6834103
42,2022,Magdalena,2022-10-31,2,2022-11-14,1.952344,1.6730881
42,2022,Magdalena,2022-10-31,3,2022-11-21,1.8176994,1.6925471
42,2022,Magdalena,2022-10-31,4,2022-11-28,3.029499,1.7836673
42,2022,Magdalena,2022-11-07,1,2022-11-14,1.952344,1.8508762
42,2022,Magdalena,2022-11-07,2,2022-11-21,1.8176994,1.8457707
42,2022,Magdalena,2022-11-07,3,2022-11-28,3.029499,1.8775297
42,2022,Magdalena,2022-11-07,4,2022-12-05,2.4909217,1.9282094
42,2022,Magdalena,2022-11-14,1,2022-11-21,1.8176994,1.7089533
42,2022,Magdalena,2022-11-14,2,2022-11-28,3.029499,1.6673464
42,2022,Magdalena,2022-11-14,3,2022-12-05,2.4909217,1.6979183
42,2022,Magdalena,2022-11-14,4,2022-12-12,2.6928883,1.7118965
42,2022,Magdalena,2022-11-21,1,2022-11-28,3.029499,1.7919271
42,2022,Magdalena,2022-11-21,2,2022-12-05,2.4909217,1.7692271
42,2022,Magdalena,2022-11-21,3,2022-12-12,2.6928883,1.7871739
42,2022,Magdalena,2022-11-21,4,2022-12-19,2.4235995,1.8164481
42,2022,Magdalena,2022-11-28,1,2022-12-05,2.4909217,2.0399928
42,2022,Magdalena,2022-11-28,2,2022-12-12,2.6928883,2.055099
42,2022,Magdalena,2022-11-28,3,2022-12-19,2.4235995,2.0937912
42,2022,Magdalena,2022-11-28,4,2022-12-26,1.6830552,2.136597
42,2022,Meta,2022-01-24,1,2022-01-31,1.5200979,1.0627621
42,2022,Meta,2022-01-24,2,2022-02-07,1.698933,1.0701845
42,2022,Meta,2022-01-24,3,2022-02-14,2.4142733,1.0598543
42,2022,Meta,2022-01-24,4,2022-02-21,2.8613605,1.0956767
42,2022,Meta,2022-01-31,1,2022-02-07,1.698933,1.1499316
42,2022,Meta,2022-01-31,2,2022-02-14,2.4142733,1.1454842
42,2022,Meta,2022-01-31,3,2022-02-21,2.8613605,1.1317557
42,2022,Meta,2022-01-31,4,2022-02-28,2.9507782,1.16016
42,2022,Meta,2022-02-07,1,2022-02-14,2.4142733,1.1759237
42,2022,Meta,2022-02-07,2,2022-02-21,2.8613605,1.2171291
42,2022,Meta,2022-02-07,3,2022-02-28,2.9507782,1.175865
42,2022,Meta,2022-02-07,4,2022-03-07,2.3248556,1.2148356
42,2022,Meta,2022-02-14,1,2022-02-21,2.8613605,1.5344162
42,2022,Meta,2022-02-14,2,2022-02-28,2.9507782,1.5360758
42,2022,Meta,2022-02-14,3,2022-03-07,2.3248556,1.538169
42,2022,Meta,2022-02-14,4,2022-03-14,3.4872835,1.5600423
42,2022,Meta,2022-02-21,1,2022-02-28,2.9507782,1.6837971
42,2022,Meta,2022-02-21,2,2022-03-07,2.3248556,1.7183402
42,2022,Meta,2022-02-21,3,2022-03-14,3.4872835,1.734097
42,2022,Meta,2022-02-21,4,2022-03-21,2.7719433,1.7558062
42,2022,Meta,2022-02-28,1,2022-03-07,2.3248556,2.4632688
42,2022,Meta,2022-02-28,2,2022-03-14,3.4872835,2.5756068
42,2022,Meta,2022-02-28,3,2022-03-21,2.7719433,2.7034962
42,2022,Meta,2022-02-28,4,2022-03-28,4.023789,2.7532904
42,2022,Meta,2022-03-07,1,2022-03-14,3.4872835,3.0195
42,2022,Meta,2022-03-07,2,2022-03-21,2.7719433,3.052558
42,2022,Meta,2022-03-07,3,2022-03-28,4.023789,3.2735221
42,2022,Meta,2022-03-07,4,2022-04-04,4.3814588,3.337513
42,2022,Meta,2022-03-14,1,2022-03-21,2.7719433,2.7982955
42,2022,Meta,2022-03-14,2,2022-03-28,4.023789,2.8200822
42,2022,Meta,2022-03-14,3,2022-04-04,4.3814588,3.042918
42,2022,Meta,2022-03-14,4,2022-04-11,2.7719433,3.090381
42,2022,Meta,2022-03-21,1,2022-03-28,4.023789,3.992792
42,2022,Meta,2022-03-21,2,2022-04-04,4.3814588,4.1367135
42,2022,Meta,2022-03-21,3,2022-04-11,2.7719433,4.4016833
42,2022,Meta,2022-03-21,4,2022-04-18,3.8449538,4.5253577
42,2022,Meta,2022-03-28,1,2022-04-04,4.3814588,3.868895
42,2022,Meta,2022-03-28,2,2022-04-11,2.7719433,3.865912
42,2022,Meta,2022-03-28,3,2022-04-18,3.8449538,3.9974556
42,2022,Meta,2022-03-28,4,2022-04-25,4.2026234,4.046196
42,2022,Meta,2022-04-04,1,2022-04-11,2.7719433,4.5401864
42,2022,Meta,2022-04-04,2,2022-04-18,3.8449538,4.620631
42,2022,Meta,2022-04-04,3,2022-04-25,4.2026234,4.902881
42,2022,Meta,2022-04-04,4,2022-05-02,3.8449538,5.102296
42,2022,Meta,2022-04-11,1,2022-04-18,3.8449538,5.2318687
42,2022,Meta,2022-04-11,2,2022-04-25,4.2026234,5.3326974
42,2022,Meta,2022-04-11,3,2022-05-02,3.8449538,5.585878
42,2022,Meta,2022-04-11,4,2022-05-09,5.0967984,5.8182893
42,2022,Meta,2022-04-18,1,2022-04-25,4.2026234,4.7951427
42,2022,Meta,2022-04-18,2,2022-05-02,3.8449538,4.7143154
42,2022,Meta,2022-04-18,3,2022-05-09,5.0967984,4.914195
42,2022,Meta,2022-04-18,4,2022-05-16,5.2756343,4.9981766
42,2022,Meta,2022-04-25,1,2022-05-02,3.8449538,4.8885393
42,2022,Meta,2022-04-25,2,2022-05-09,5.0967984,4.7331367
42,2022,Meta,2022-04-25,3,2022-05-16,5.2756343,4.829227
42,2022,Meta,2022-04-25,4,2022-05-23,3.9343712,4.807321
42,2022,Meta,2022-05-02,1,2022-05-09,5.0967984,5.2050405
42,2022,Meta,2022-05-02,2,2022-05-16,5.2756343,4.9297423
42,2022,Meta,2022-05-02,3,2022-05-23,3.9343712,4.951915
42,2022,Meta,2022-05-02,4,2022-05-30,5.6333046,4.815548
42,2022,Meta,2022-05-09,1,2022-05-16,5.2756343,5.1564054
42,2022,Meta,2022-05-09,2,2022-05-23,3.9343712,4.884877
42,2022,Meta,2022-05-09,3,2022-05-30,5.6333046,4.890357
42,2022,Meta,2022-05-09,4,2022-06-06,5.6333046,4.826944
42,2022,Meta,2022-05-16,1,2022-05-23,3.9343712,5.100866
42,2022,Meta,2022-05-16,2,2022-05-30,5.6333046,4.6265845
42,2022,Meta,2022-05-16,3,2022-06-06,5.6333046,4.457932
42,2022,Meta,2022-05-16,4,2022-06-13,6.259227,4.210609
42,2022,Meta,2022-05-23,1,2022-05-30,5.6333046,5.255887
42,2022,Meta,2022-05-23,2,2022-06-06,5.6333046,4.6940265
42,2022,Meta,2022-05-23,3,2022-06-13,6.259227,4.4199023
42,2022,Meta,2022-05-23,4,2022-06-20,4.292041,4.1814423
42,2022,Meta,2022-05-30,1,2022-06-06,5.6333046,4.39419
42,2022,Meta,2022-05-30,2,2022-06-13,6.259227,3.9363976
42,2022,Meta,2022-05-30,3,2022-06-20,4.292041,3.7350552
42,2022,Meta,2022-05-30,4,2022-06-27,4.3814588,3.553682
42,2022,Meta,2022-06-06,1,2022-06-13,6.259227,4.9819136
42,2022,Meta,2022-06-06,2,2022-06-20,4.292041,4.429337
42,2022,Meta,2022-06-06,3,2022-06-27,4.3814588,4.033675
42,2022,Meta,2022-06-06,4,2022-07-04,3.8449538,3.7013555
42,2022,Meta,2022-06-13,1,2022-06-20,4.292041,4.8279524
42,2022,Meta,2022-06-13,2,2022-06-27,4.3814588,4.2280836
42,2022,Meta,2022-06-13,3,2022-07-04,3.8449538,3.7259433
42,2022,Meta,2022-06-13,4,2022-07-11,4.5602937,3.4148602
42,2022,Meta,2022-06-20,1,2022-06-27,4.3814588,4.9049883
42,2022,Meta,2022-06-20,2,2022-07-04,3.8449538,4.4742537
42,2022,Meta,2022-06-20,3,2022-07-11,4.5602937,4.1631393
42,2022,Meta,2022-06-20,4,2022-07-18,3.5767012,3.9724543
42,2022,Meta,2022-06-27,1,2022-07-04,3.8449538,4.404762
42,2022,Meta,2022-06-27,2,2022-07-11,4.5602937,3.8543103
42,2022,Meta,2022-06-27,3,2022-07-18,3.5767012,3.4455202
42,2022,Meta,2022-06-27,4,2022-07-25,6.3486447,3.302142
42,2022,Meta,2022-07-04,1,2022-07-11,4.5602937,3.6235332
42,2022,Meta,2022-07-04,2,2022-07-18,3.5767012,3.1680102
42,2022,Meta,2022-07-04,3,2022-07-25,6.3486447,2.7586648
42,2022,Meta,2022-07-04,4,2022-08-01,4.649711,2.493839
42,2022,Meta,2022-07-11,1,2022-07-18,3.5767012,3.151
42,2022,Meta,2022-07-11,2,2022-07-25,6.3486447,2.7825003
42,2022,Meta,2022-07-11,3,2022-08-01,4.649711,2.54327
42,2022,Meta,2022-07-11,4,2022-08-08,3.7555363,2.381197
42,2022,Meta,2022-07-18,1,2022-07-25,6.3486447,3.450333
42,2022,Meta,2022-07-18,2,2022-08-01,4.649711,3.1433296
42,2022,Meta,2022-07-18,3,2022-08-08,3.7555363,2.7655387
42,2022,Meta,2022-07-18,4,2022-08-15,3.4872835,2.5282273
42,2022,Meta,2022-07-25,1,2022-08-01,4.649711,3.0211246
42,2022,Meta,2022-07-25,2,2022-08-08,3.7555363,2.8036199
42,2022,Meta,2022-07-25,3,2022-08-15,3.4872835,2.5802097
42,2022,Meta,2022-07-25,4,2022-08-22,3.1296134,2.5199413
42,2022,Meta,2022-08-01,1,2022-08-08,3.7555363,4.215479
42,2022,Meta,2022-08-01,2,2022-08-15,3.4872835,3.9537182
42,2022,Meta,2022-08-01,3,2022-08-22,3.1296134,3.6317341
42,2022,Meta,2022-08-01,4,2022-08-29,3.7555363,3.5078418
42,2022,Meta,2022-08-08,1,2022-08-15,3.4872835,4.045772
42,2022,Meta,2022-08-08,2,2022-08-22,3.1296134,3.7703357
42,2022,Meta,2022-08-08,3,2022-08-29,3.7555363,3.4735522
42,2022,Meta,2022-08-08,4,2022-09-05,3.3084483,3.4778035
42,2022,Meta,2022-08-15,1,2022-08-22,3.1296134,3.87224
42,2022,Meta,2022-08-15,2,2022-08-29,3.7555363,3.6505163
42,2022,Meta,2022-08-15,3,2022-09-05,3.3084483,3.4787912
42,2022,Meta,2022-08-15,4,2022-09-12,2.7719433,3.4614937
42,2022,Meta,2022-08-22,1,2022-08-29,3.7555363,3.4657922
42,2022,Meta,2022-08-22,2,2022-09-05,3.3084483,3.2501645
42,2022,Meta,2022-08-22,3,2022-09-12,2.7719433,3.0423994
42,2022,Meta,2022-08-22,4,2022-09-19,2.3248556,2.9078317
42,2022,Meta,2022-08-29,1,2022-09-05,3.3084483,2.8647947
42,2022,Meta,2022-08-29,2,2022-09-12,2.7719433,2.6902387
42,2022,Meta,2022-08-29,3,2022-09-19,2.3248556,2.591951
42,2022,Meta,2022-08-29,4,2022-09-26,4.292041,2.4749537
42,2022,Meta,2022-09-05,1,2022-09-12,2.7719433,2.9795973
42,2022,Meta,2022-09-05,2,2022-09-19,2.3248556,2.8690803
42,2022,Meta,2022-09-05,3,2022-09-26,4.292041,2.773254
42,2022,Meta,2022-09-05,4,2022-10-03,3.6661184,2.7235365
42,2022,Meta,2022-09-12,1,2022-09-19,2.3248556,2.9014342
42,2022,Meta,2022-09-12,2,2022-09-26,4.292041,2.8155284
42,2022,Meta,2022-09-12,3,2022-10-03,3.6661184,2.7503595
42,2022,Meta,2022-09-12,4,2022-10-10,2.9507782,2.7296298
42,2022,Meta,2022-09-19,1,2022-09-26,4.292041,2.7213013
42,2022,Meta,2022-09-19,2,2022-10-03,3.6661184,2.6389332
42,2022,Meta,2022-09-19,3,2022-10-10,2.9507782,2.5665915
42,2022,Meta,2022-09-19,4,2022-10-17,3.3978658,2.6434402
42,2022,Meta,2022-09-26,1,2022-10-03,3.6661184,2.528608
42,2022,Meta,2022-09-26,2,2022-10-10,2.9507782,2.501667
42,2022,Meta,2022-09-26,3,2022-10-17,3.3978658,2.471417
42,2022,Meta,2022-09-26,4,2022-10-24,3.9343712,2.5169113
42,2022,Meta,2022-10-03,1,2022-10-10,2.9507782,3.197459
42,2022,Meta,2022-10-03,2,2022-10-17,3.3978658,3.202049
42,2022,Meta,2022-10-03,3,2022-10-24,3.9343712,3.157145
42,2022,Meta,2022-10-03,4,2022-10-31,3.1296134,3.2102633
42,2022,Meta,2022-10-10,1,2022-10-17,3.3978658,3.36274
42,2022,Meta,2022-10-10,2,2022-10-24,3.9343712,3.3863912
42,2022,Meta,2022-10-10,3,2022-10-31,3.1296134,3.3537607
42,2022,Meta,2022-10-10,4,2022-11-07,2.5931084,3.4174392
42,2022,Meta,2022-10-17,1,2022-10-24,3.9343712,3.1419952
42,2022,Meta,2022-10-17,2,2022-10-31,3.1296134,3.1574538
42,2022,Meta,2022-10-17,3,2022-11-07,2.5931084,3.2141044
42,2022,Meta,2022-10-17,4,2022-11-14,5.007381,3.2922578
42,2022,Meta,2022-10-24,1,2022-10-31,3.1296134,3.1822054
42,2022,Meta,2022-10-24,2,2022-11-07,2.5931084,3.1695397
42,2022,Meta,2022-10-24,3,2022-11-14,5.007381,3.2210674
42,2022,Meta,2022-10-24,4,2022-11-21,3.8449538,3.2854455
42,2022,Meta,2022-10-31,1,2022-11-07,2.5931084,3.3587596
42,2022,Meta,2022-10-31,2,2022-11-14,5.007381,3.3163533
42,2022,Meta,2022-10-31,3,2022-11-21,3.8449538,3.3475003
42,2022,Meta,2022-10-31,4,2022-11-28,3.1296134,3.4923759
42,2022,Meta,2022-11-07,1,2022-11-14,5.007381,3.0072205
42,2022,Meta,2022-11-07,2,2022-11-21,3.8449538,2.9396489
42,2022,Meta,2022-11-07,3,2022-11-28,3.1296134,2.960153
42,2022,Meta,2022-11-07,4,2022-12-05,3.4872835,3.1187634
42,2022,Meta,2022-11-14,1,2022-11-21,3.8449538,3.0009103
42,2022,Meta,2022-11-14,2,2022-11-28,3.1296134,3.0159166
42,2022,Meta,2022-11-14,3,2022-12-05,3.4872835,3.111661
42,2022,Meta,2022-11-14,4,2022-12-12,2.9507782,3.1924312
42,2022,Meta,2022-11-21,1,2022-11-28,3.1296134,4.008396
42,2022,Meta,2022-11-21,2,2022-12-05,3.4872835,4.001029
42,2022,Meta,2022-11-21,3,2022-12-12,2.9507782,4.0253735
42,2022,Meta,2022-11-21,4,2022-12-19,3.2190309,4.055172
42,2022,Meta,2022-11-28,1,2022-12-05,3.4872835,3.9074438
42,2022,Meta,2022-11-28,2,2022-12-12,2.9507782,3.914405
42,2022,Meta,2022-11-28,3,2022-12-19,3.2190309,3.8928082
42,2022,Meta,2022-11-28,4,2022-12-26,3.040196,3.791278
42,2022,Narino,2022-01-24,1,2022-01-31,0.53435236,0.5292708
42,2022,Narino,2022-01-24,2,2022-02-07,0.41560736,0.5530403
42,2022,Narino,2022-01-24,3,2022-02-14,0.41560736,0.53628075
42,2022,Narino,2022-01-24,4,2022-02-21,0.59372485,0.5684017
42,2022,Narino,2022-01-31,1,2022-02-07,0.41560736,0.51668817
42,2022,Narino,2022-01-31,2,2022-02-14,0.41560736,0.52539754
42,2022,Narino,2022-01-31,3,2022-02-21,0.59372485,0.5179463
42,2022,Narino,2022-01-31,4,2022-02-28,1.8405468,0.5246905
42,2022,Narino,2022-02-07,1,2022-02-14,0.41560736,0.47036457
42,2022,Narino,2022-02-07,2,2022-02-21,0.59372485,0.4880457
42,2022,Narino,2022-02-07,3,2022-02-28,1.8405468,0.485214
42,2022,Narino,2022-02-07,4,2022-03-07,0.59372485,0.4839139
42,2022,Narino,2022-02-14,1,2022-02-21,0.59372485,0.40770492
42,2022,Narino,2022-02-14,2,2022-02-28,1.8405468,0.43041542
42,2022,Narino,2022-02-14,3,2022-03-07,0.59372485,0.43086034
42,2022,Narino,2022-02-14,4,2022-03-14,0.83121467,0.41974175
42,2022,Narino,2022-02-21,1,2022-02-28,1.8405468,0.38111055
42,2022,Narino,2022-02-21,2,2022-03-07,0.59372485,0.37791362
42,2022,Narino,2022-02-21,3,2022-03-14,0.83121467,0.3869557
42,2022,Narino,2022-02-21,4,2022-03-21,1.1874496,0.37212563
42,2022,Narino,2022-02-28,1,2022-03-07,0.59372485,0.39690003
42,2022,Narino,2022-02-28,2,2022-03-14,0.83121467,0.40057045
42,2022,Narino,2022-02-28,3,2022-03-21,1.1874496,0.42091697
42,2022,Narino,2022-02-28,4,2022-03-28,0.83121467,0.39661992
42,2022,Narino,2022-03-07,1,2022-03-14,0.83121467,0.6491305
42,2022,Narino,2022-03-07,2,2022-03-21,1.1874496,0.64013076
42,2022,Narino,2022-03-07,3,2022-03-28,0.83121467,0.6805573
42,2022,Narino,2022-03-07,4,2022-04-04,0.6530973,0.6521315
42,2022,Narino,2022-03-14,1,2022-03-21,1.1874496,0.79496527
42,2022,Narino,2022-03-14,2,2022-03-28,0.83121467,0.7433074
42,2022,Narino,2022-03-14,3,2022-04-04,0.6530973,0.811567
42,2022,Narino,2022-03-14,4,2022-04-11,0.53435236,0.7425251
42,2022,Narino,2022-03-21,1,2022-03-28,0.83121467,0.83023274
42,2022,Narino,2022-03-21,2,2022-04-04,0.6530973,0.79570943
42,2022,Narino,2022-03-21,3,2022-04-11,0.53435236,0.855775
42,2022,Narino,2022-03-21,4,2022-04-18,0.83121467,0.83566463
42,2022,Narino,2022-03-28,1,2022-04-04,0.6530973,0.9503202
42,2022,Narino,2022-03-28,2,2022-04-11,0.53435236,0.91596866
42,2022,Narino,2022-03-28,3,2022-04-18,0.83121467,0.94077605
42,2022,Narino,2022-03-28,4,2022-04-25,1.0687046,0.9439575
42,2022,Narino,2022-04-04,1,2022-04-11,0.53435236,0.86835897
42,2022,Narino,2022-04-04,2,2022-04-18,0.83121467,0.8297639
42,2022,Narino,2022-04-04,3,2022-04-25,1.0687046,0.8533482
42,2022,Narino,2022-04-04,4,2022-05-02,1.246822,0.85964406
42,2022,Narino,2022-04-11,1,2022-04-18,0.83121467,0.7040958
42,2022,Narino,2022-04-11,2,2022-04-25,1.0687046,0.6829737
42,2022,Narino,2022-04-11,3,2022-05-02,1.246822,0.6962439
42,2022,Narino,2022-04-11,4,2022-05-09,0.17811745,0.6968587
42,2022,Narino,2022-04-18,1,2022-04-25,1.0687046,0.59681416
42,2022,Narino,2022-04-18,2,2022-05-02,1.246822,0.579155
42,2022,Narino,2022-04-18,3,2022-05-09,0.17811745,0.5909716
42,2022,Narino,2022-04-18,4,2022-05-16,0.83121467,0.5708593
42,2022,Narino,2022-04-25,1,2022-05-02,1.246822,0.5869811
42,2022,Narino,2022-04-25,2,2022-05-09,0.17811745,0.5621268
42,2022,Narino,2022-04-25,3,2022-05-16,0.83121467,0.5743971
42,2022,Narino,2022-04-25,4,2022-05-23,0.83121467,0.5534118
42,2022,Narino,2022-05-02,1,2022-05-09,0.17811745,0.66300404
42,2022,Narino,2022-05-02,2,2022-05-16,0.83121467,0.62533945
42,2022,Narino,2022-05-02,3,2022-05-23,0.83121467,0.6573574
42,2022,Narino,2022-05-02,4,2022-05-30,1.246822,0.61152184
42,2022,Narino,2022-05-09,1,2022-05-16,0.83121467,0.778921
42,2022,Narino,2022-05-09,2,2022-05-23,0.83121467,0.7344705
42,2022,Narino,2022-05-09,3,2022-05-30,1.246822,0.780049
42,2022,Narino,2022-05-09,4,2022-06-06,0.6530973,0.7291285
42,2022,Narino,2022-05-16,1,2022-05-23,0.83121467,0.69817245
42,2022,Narino,2022-05-16,2,2022-05-30,1.246822,0.6514843
42,2022,Narino,2022-05-16,3,2022-06-06,0.6530973,0.6648071
42,2022,Narino,2022-05-16,4,2022-06-13,0.9499597,0.62531257
42,2022,Narino,2022-05-23,1,2022-05-30,1.246822,0.6399588
42,2022,Narino,2022-05-23,2,2022-06-06,0.6530973,0.5927732
42,2022,Narino,2022-05-23,3,2022-06-13,0.9499597,0.59020126
42,2022,Narino,2022-05-23,4,2022-06-20,0.83121467,0.57470876
42,2022,Narino,2022-05-30,1,2022-06-06,0.6530973,0.6070397
42,2022,Narino,2022-05-30,2,2022-06-13,0.9499597,0.56701726
42,2022,Narino,2022-05-30,3,2022-06-20,0.83121467,0.5650102
42,2022,Narino,2022-05-30,4,2022-06-27,0.59372485,0.5543393
42,2022,Narino,2022-06-06,1,2022-06-13,0.9499597,0.6358408
42,2022,Narino,2022-06-06,2,2022-06-20,0.83121467,0.5883341
42,2022,Narino,2022-06-06,3,2022-06-27,0.59372485,0.5837247
42,2022,Narino,2022-06-06,4,2022-07-04,0.6530973,0.5686545
42,2022,Narino,2022-06-13,1,2022-06-20,0.83121467,0.6579507
42,2022,Narino,2022-06-13,2,2022-06-27,0.59372485,0.5930456
42,2022,Narino,2022-06-13,3,2022-07-04,0.6530973,0.5902118
42,2022,Narino,2022-06-13,4,2022-07-11,0.23748992,0.55501294
42,2022,Narino,2022-06-20,1,2022-06-27,0.59372485,0.6467058
42,2022,Narino,2022-06-20,2,2022-07-04,0.6530973,0.59318596
42,2022,Narino,2022-06-20,3,2022-07-11,0.23748992,0.59222025
42,2022,Narino,2022-06-20,4,2022-07-18,0.35623488,0.577031
42,2022,Narino,2022-06-27,1,2022-07-04,0.6530973,0.660308
42,2022,Narino,2022-06-27,2,2022-07-11,0.23748992,0.6042067
42,2022,Narino,2022-06-27,3,2022-07-18,0.35623488,0.5901938
42,2022,Narino,2022-06-27,4,2022-07-25,0.6530973,0.57420015
42,2022,Narino,2022-07-04,1,2022-07-11,0.23748992,0.5995626
42,2022,Narino,2022-07-04,2,2022-07-18,0.35623488,0.55349994
42,2022,Narino,2022-07-04,3,2022-07-25,0.6530973,0.55122
42,2022,Narino,2022-07-04,4,2022-08-01,0.71246976,0.5400478
42,2022,Narino,2022-07-11,1,2022-07-18,0.35623488,0.57177883
42,2022,Narino,2022-07-11,2,2022-07-25,0.6530973,0.53546953
42,2022,Narino,2022-07-11,3,2022-08-01,0.71246976,0.53169584
42,2022,Narino,2022-07-11,4,2022-08-08,0.83121467,0.54058754
42,2022,Narino,2022-07-18,1,2022-07-25,0.6530973,0.50791895
42,2022,Narino,2022-07-18,2,2022-08-01,0.71246976,0.47868332
42,2022,Narino,2022-07-18,3,2022-08-08,0.83121467,0.46586797
42,2022,Narino,2022-07-18,4,2022-08-15,0.77184224,0.47490984
42,2022,Narino,2022-07-25,1,2022-08-01,0.71246976,0.41784057
42,2022,Narino,2022-07-25,2,2022-08-08,0.83121467,0.40134656
42,2022,Narino,2022-07-25,3,2022-08-15,0.77184224,0.37101448
42,2022,Narino,2022-07-25,4,2022-08-22,0.59372485,0.41132656
42,2022,Narino,2022-08-01,1,2022-08-08,0.83121467,0.37003285
42,2022,Narino,2022-08-01,2,2022-08-15,0.77184224,0.35439116
42,2022,Narino,2022-08-01,3,2022-08-22,0.59372485,0.30971858
42,2022,Narino,2022-08-01,4,2022-08-29,0.53435236,0.33835995
42,2022,Narino,2022-08-08,1,2022-08-15,0.77184224,0.36508867
42,2022,Narino,2022-08-08,2,2022-08-22,0.59372485,0.34957287
42,2022,Narino,2022-08-08,3,2022-08-29,0.53435236,0.3146093
42,2022,Narino,2022-08-08,4,2022-09-05,0.77184224,0.33174893
42,2022,Narino,2022-08-15,1,2022-08-22,0.59372485,0.40438142
42,2022,Narino,2022-08-15,2,2022-08-29,0.53435236,0.39114302
42,2022,Narino,2022-08-15,3,2022-09-05,0.77184224,0.360422
42,2022,Narino,2022-08-15,4,2022-09-12,0.8905873,0.38380775
42,2022,Narino,2022-08-22,1,2022-08-29,0.53435236,0.4850623
42,2022,Narino,2022-08-22,2,2022-09-05,0.77184224,0.4417403
42,2022,Narino,2022-08-22,3,2022-09-12,0.8905873,0.4213668
42,2022,Narino,2022-08-22,4,2022-09-19,0.53435236,0.42609242
42,2022,Narino,2022-08-29,1,2022-09-05,0.77184224,0.48643088
42,2022,Narino,2022-08-29,2,2022-09-12,0.8905873,0.45693424
42,2022,Narino,2022-08-29,3,2022-09-19,0.53435236,0.44045302
42,2022,Narino,2022-08-29,4,2022-09-26,0.83121467,0.4715122
42,2022,Narino,2022-09-05,1,2022-09-12,0.8905873,0.4684206
42,2022,Narino,2022-09-05,2,2022-09-19,0.53435236,0.4498857
42,2022,Narino,2022-09-05,3,2022-09-26,0.83121467,0.42149767
42,2022,Narino,2022-09-05,4,2022-10-03,1.3061945,0.47112983
42,2022,Narino,2022-09-12,1,2022-09-19,0.53435236,0.5015843
42,2022,Narino,2022-09-12,2,2022-09-26,0.83121467,0.48159447
42,2022,Narino,2022-09-12,3,2022-10-03,1.3061945,0.45226645
42,2022,Narino,2022-09-12,4,2022-10-10,1.3655671,0.500968
42,2022,Narino,2022-09-19,1,2022-09-26,0.83121467,0.5877791
42,2022,Narino,2022-09-19,2,2022-10-03,1.3061945,0.57343197
42,2022,Narino,2022-09-19,3,2022-10-10,1.3655671,0.5393951
42,2022,Narino,2022-09-19,4,2022-10-17,0.6530973,0.585983
42,2022,Narino,2022-09-26,1,2022-10-03,1.3061945,0.5524927
42,2022,Narino,2022-09-26,2,2022-10-10,1.3655671,0.5365855
42,2022,Narino,2022-09-26,3,2022-10-17,0.6530973,0.5070824
42,2022,Narino,2022-09-26,4,2022-10-24,0.47497988,0.5512034
42,2022,Narino,2022-10-03,1,2022-10-10,1.3655671,0.5686967
42,2022,Narino,2022-10-03,2,2022-10-17,0.6530973,0.56478214
42,2022,Narino,2022-10-03,3,2022-10-24,0.47497988,0.54441535
42,2022,Narino,2022-10-03,4,2022-10-31,1.0093322,0.5836149
42,2022,Narino,2022-10-10,1,2022-10-17,0.6530973,0.65322304
42,2022,Narino,2022-10-10,2,2022-10-24,0.47497988,0.64100105
42,2022,Narino,2022-10-10,3,2022-10-31,1.0093322,0.6279421
42,2022,Narino,2022-10-10,4,2022-11-07,0.83121467,0.6583606
42,2022,Narino,2022-10-17,1,2022-10-24,0.47497988,0.7812821
42,2022,Narino,2022-10-17,2,2022-10-31,1.0093322,0.77046496
42,2022,Narino,2022-10-17,3,2022-11-07,0.83121467,0.76892275
42,2022,Narino,2022-10-17,4,2022-11-14,0.83121467,0.79860944
42,2022,Narino,2022-10-24,1,2022-10-31,1.0093322,0.74341077
42,2022,Narino,2022-10-24,2,2022-11-07,0.83121467,0.7125802
42,2022,Narino,2022-10-24,3,2022-11-14,0.83121467,0.71572524
42,2022,Narino,2022-10-24,4,2022-11-21,0.71246976,0.7412072
42,2022,Narino,2022-10-31,1,2022-11-07,0.83121467,0.6946867
42,2022,Narino,2022-10-31,2,2022-11-14,0.83121467,0.66122323
42,2022,Narino,2022-10-31,3,2022-11-21,0.71246976,0.6614821
42,2022,Narino,2022-10-31,4,2022-11-28,0.6530973,0.6761886
42,2022,Narino,2022-11-07,1,2022-11-14,0.83121467,0.7474808
42,2022,Narino,2022-11-07,2,2022-11-21,0.71246976,0.73192775
42,2022,Narino,2022-11-07,3,2022-11-28,0.6530973,0.7300186
42,2022,Narino,2022-11-07,4,2022-12-05,0.53435236,0.7679284
42,2022,Narino,2022-11-14,1,2022-11-21,0.71246976,0.770527
42,2022,Narino,2022-11-14,2,2022-11-28,0.6530973,0.7415275
42,2022,Narino,2022-11-14,3,2022-12-05,0.53435236,0.75235
42,2022,Narino,2022-11-14,4,2022-12-12,0.47497988,0.76256156
42,2022,Narino,2022-11-21,1,2022-11-28,0.6530973,0.8516917
42,2022,Narino,2022-11-21,2,2022-12-05,0.53435236,0.8147386
42,2022,Narino,2022-11-21,3,2022-12-12,0.47497988,0.84740317
42,2022,Narino,2022-11-21,4,2022-12-19,0.17811745,0.8516722
42,2022,Narino,2022-11-28,1,2022-12-05,0.53435236,0.88935757
42,2022,Narino,2022-11-28,2,2022-12-12,0.47497988,0.8615488
42,2022,Narino,2022-11-28,3,2022-12-19,0.17811745,0.8910746
42,2022,Narino,2022-11-28,4,2022-12-26,0.35623488,0.9117309
42,2022,Norte De Santander,2022-01-24,1,2022-01-31,2.7111473,2.595575
42,2022,Norte De Santander,2022-01-24,2,2022-02-07,3.6148632,2.4684734
42,2022,Norte De Santander,2022-01-24,3,2022-02-14,2.590652,2.323411
42,2022,Norte De Santander,2022-01-24,4,2022-02-21,1.686936,2.3512452
42,2022,Norte De Santander,2022-01-31,1,2022-02-07,3.6148632,2.360373
42,2022,Norte De Santander,2022-01-31,2,2022-02-14,2.590652,2.2268746
42,2022,Norte De Santander,2022-01-31,3,2022-02-21,1.686936,2.0643263
42,2022,Norte De Santander,2022-01-31,4,2022-02-28,2.10867,2.1487646
42,2022,Norte De Santander,2022-02-07,1,2022-02-14,2.590652,2.3119516
42,2022,Norte De Santander,2022-02-07,2,2022-02-21,1.686936,2.1936886
42,2022,Norte De Santander,2022-02-07,3,2022-02-28,2.10867,2.0815196
42,2022,Norte De Santander,2022-02-07,4,2022-03-07,1.9279267,2.1066768
42,2022,Norte De Santander,2022-02-14,1,2022-02-21,1.686936,3.1048436
42,2022,Norte De Santander,2022-02-14,2,2022-02-28,2.10867,3.0220878
42,2022,Norte De Santander,2022-02-14,3,2022-03-07,1.9279267,2.8671825
42,2022,Norte De Santander,2022-02-14,4,2022-03-14,2.048422,2.9454904
42,2022,Norte De Santander,2022-02-21,1,2022-02-28,2.10867,2.7818594
42,2022,Norte De Santander,2022-02-21,2,2022-03-07,1.9279267,2.7409112
42,2022,Norte De Santander,2022-02-21,3,2022-03-14,2.048422,2.649566
42,2022,Norte De Santander,2022-02-21,4,2022-03-21,1.8676791,2.6944268
42,2022,Norte De Santander,2022-02-28,1,2022-03-07,1.9279267,2.3315
42,2022,Norte De Santander,2022-02-28,2,2022-03-14,2.048422,2.2517653
42,2022,Norte De Santander,2022-02-28,3,2022-03-21,1.8676791,2.1966832
42,2022,Norte De Santander,2022-02-28,4,2022-03-28,1.8074313,2.2186713
42,2022,Norte De Santander,2022-03-07,1,2022-03-14,2.048422,2.1374648
42,2022,Norte De Santander,2022-03-07,2,2022-03-21,1.8676791,2.0915916
42,2022,Norte De Santander,2022-03-07,3,2022-03-28,1.8074313,2.0406406
42,2022,Norte De Santander,2022-03-07,4,2022-04-04,2.10867,2.0324917
42,2022,Norte De Santander,2022-03-14,1,2022-03-21,1.8676791,2.1079419
42,2022,Norte De Santander,2022-03-14,2,2022-03-28,1.8074313,2.1125512
42,2022,Norte De Santander,2022-03-14,3,2022-04-04,2.10867,2.107298
42,2022,Norte De Santander,2022-03-14,4,2022-04-11,1.9279267,2.1148667
42,2022,Norte De Santander,2022-03-21,1,2022-03-28,1.8074313,2.212573
42,2022,Norte De Santander,2022-03-21,2,2022-04-04,2.10867,2.2401278
42,2022,Norte De Santander,2022-03-21,3,2022-04-11,1.9279267,2.157605
42,2022,Norte De Santander,2022-03-21,4,2022-04-18,2.2894135,2.1844103
42,2022,Norte De Santander,2022-03-28,1,2022-04-04,2.10867,2.2550888
42,2022,Norte De Santander,2022-03-28,2,2022-04-11,1.9279267,2.2608588
42,2022,Norte De Santander,2022-03-28,3,2022-04-18,2.2894135,2.2377923
42,2022,Norte De Santander,2022-03-28,4,2022-04-25,2.2894135,2.1436055
42,2022,Norte De Santander,2022-04-04,1,2022-04-11,1.9279267,2.0097265
42,2022,Norte De Santander,2022-04-04,2,2022-04-18,2.2894135,2.0275548
42,2022,Norte De Santander,2022-04-04,3,2022-04-25,2.2894135,2.0184221
42,2022,Norte De Santander,2022-04-04,4,2022-05-02,2.3496609,1.9672431
42,2022,Norte De Santander,2022-04-11,1,2022-04-18,2.2894135,2.0818374
42,2022,Norte De Santander,2022-04-11,2,2022-04-25,2.2894135,2.0871925
42,2022,Norte De Santander,2022-04-11,3,2022-05-02,2.3496609,2.0701535
42,2022,Norte De Santander,2022-04-11,4,2022-05-09,2.168918,2.0075548
42,2022,Norte De Santander,2022-04-18,1,2022-04-25,2.2894135,2.1130607
42,2022,Norte De Santander,2022-04-18,2,2022-05-02,2.3496609,2.1045485
42,2022,Norte De Santander,2022-04-18,3,2022-05-09,2.168918,2.1855927
42,2022,Norte De Santander,2022-04-18,4,2022-05-16,2.048422,2.0679028
42,2022,Norte De Santander,2022-04-25,1,2022-05-02,2.3496609,2.1461139
42,2022,Norte De Santander,2022-04-25,2,2022-05-09,2.168918,2.1173484
42,2022,Norte De Santander,2022-04-25,3,2022-05-16,2.048422,2.2083483
42,2022,Norte De Santander,2022-04-25,4,2022-05-23,1.8676791,2.1457427
42,2022,Norte De Santander,2022-05-02,1,2022-05-09,2.168918,2.2362118
42,2022,Norte De Santander,2022-05-02,2,2022-05-16,2.048422,2.143479
42,2022,Norte De Santander,2022-05-02,3,2022-05-23,1.8676791,2.2122421
42,2022,Norte De Santander,2022-05-02,4,2022-05-30,1.9279267,2.101071
42,2022,Norte De Santander,2022-05-09,1,2022-05-16,2.048422,2.3315334
42,2022,Norte De Santander,2022-05-09,2,2022-05-23,1.8676791,2.3139486
42,2022,Norte De Santander,2022-05-09,3,2022-05-30,1.9279267,2.374665
42,2022,Norte De Santander,2022-05-09,4,2022-06-06,2.4701562,2.3197494
42,2022,Norte De Santander,2022-05-16,1,2022-05-23,1.8676791,2.3017015
42,2022,Norte De Santander,2022-05-16,2,2022-05-30,1.9279267,2.2381258
42,2022,Norte De Santander,2022-05-16,3,2022-06-06,2.4701562,2.1966128
42,2022,Norte De Santander,2022-05-16,4,2022-06-13,2.3496609,2.1089923
42,2022,Norte De Santander,2022-05-23,1,2022-05-30,1.9279267,2.1246505
42,2022,Norte De Santander,2022-05-23,2,2022-06-06,2.4701562,2.0833867
42,2022,Norte De Santander,2022-05-23,3,2022-06-13,2.3496609,2.052307
42,2022,Norte De Santander,2022-05-23,4,2022-06-20,3.2533765,1.9567374
42,2022,Norte De Santander,2022-05-30,1,2022-06-06,2.4701562,2.190789
42,2022,Norte De Santander,2022-05-30,2,2022-06-13,2.3496609,2.1680589
42,2022,Norte De Santander,2022-05-30,3,2022-06-20,3.2533765,2.1064231
42,2022,Norte De Santander,2022-05-30,4,2022-06-27,1.686936,2.068324
42,2022,Norte De Santander,2022-06-06,1,2022-06-13,2.3496609,2.0744827
42,2022,Norte De Santander,2022-06-06,2,2022-06-20,3.2533765,1.9947917
42,2022,Norte De Santander,2022-06-06,3,2022-06-27,1.686936,1.9614992
42,2022,Norte De Santander,2022-06-06,4,2022-07-04,1.265202,1.8433214
42,2022,Norte De Santander,2022-06-13,1,2022-06-20,3.2533765,2.2606568
42,2022,Norte De Santander,2022-06-13,2,2022-06-27,1.686936,2.149503
42,2022,Norte De Santander,2022-06-13,3,2022-07-04,1.265202,2.1209764
42,2022,Norte De Santander,2022-06-13,4,2022-07-11,3.193129,2.0240545
42,2022,Norte De Santander,2022-06-20,1,2022-06-27,1.686936,2.2625673
42,2022,Norte De Santander,2022-06-20,2,2022-07-04,1.265202,2.1811652
42,2022,Norte De Santander,2022-06-20,3,2022-07-11,3.193129,2.216584
42,2022,Norte De Santander,2022-06-20,4,2022-07-18,3.193129,2.1680408
42,2022,Norte De Santander,2022-06-27,1,2022-07-04,1.265202,2.9304674
42,2022,Norte De Santander,2022-06-27,2,2022-07-11,3.193129,2.7964816
42,2022,Norte De Santander,2022-06-27,3,2022-07-18,3.193129,2.8392317
42,2022,Norte De Santander,2022-06-27,4,2022-07-25,4.2775874,2.7425451
42,2022,Norte De Santander,2022-07-04,1,2022-07-11,3.193129,2.4389713
42,2022,Norte De Santander,2022-07-04,2,2022-07-18,3.193129,2.3549259
42,2022,Norte De Santander,2022-07-04,3,2022-07-25,4.2775874,2.337693
42,2022,Norte De Santander,2022-07-04,4,2022-08-01,2.10867,2.2756553
42,2022,Norte De Santander,2022-07-11,1,2022-07-18,3.193129,1.7920123
42,2022,Norte De Santander,2022-07-11,2,2022-07-25,4.2775874,1.7529788
42,2022,Norte De Santander,2022-07-11,3,2022-08-01,2.10867,1.7102876
42,2022,Norte De Santander,2022-07-11,4,2022-08-08,2.5304039,1.7190107
42,2022,Norte De Santander,2022-07-18,1,2022-07-25,4.2775874,2.369101
42,2022,Norte De Santander,2022-07-18,2,2022-08-01,2.10867,2.353156
42,2022,Norte De Santander,2022-07-18,3,2022-08-08,2.5304039,2.314873
42,2022,Norte De Santander,2022-07-18,4,2022-08-15,1.6266884,2.2866926
42,2022,Norte De Santander,2022-07-25,1,2022-08-01,2.10867,2.8208032
42,2022,Norte De Santander,2022-07-25,2,2022-08-08,2.5304039,2.8028047
42,2022,Norte De Santander,2022-07-25,3,2022-08-15,1.6266884,2.7469554
42,2022,Norte De Santander,2022-07-25,4,2022-08-22,2.2894135,2.753635
42,2022,Norte De Santander,2022-08-01,1,2022-08-08,2.5304039,3.8012068
42,2022,Norte De Santander,2022-08-01,2,2022-08-15,1.6266884,3.7122777
42,2022,Norte De Santander,2022-08-01,3,2022-08-22,2.2894135,3.6783528
42,2022,Norte De Santander,2022-08-01,4,2022-08-29,2.5304039,3.6672916
42,2022,Norte De Santander,2022-08-08,1,2022-08-15,1.6266884,3.065554
42,2022,Norte De Santander,2022-08-08,2,2022-08-22,2.2894135,2.9576428
42,2022,Norte De Santander,2022-08-08,3,2022-08-29,2.5304039,2.9644825
42,2022,Norte De Santander,2022-08-08,4,2022-09-05,1.9279267,2.9812434
42,2022,Norte De Santander,2022-08-15,1,2022-08-22,2.2894135,2.91617
42,2022,Norte De Santander,2022-08-15,2,2022-08-29,2.5304039,2.795106
42,2022,Norte De Santander,2022-08-15,3,2022-09-05,1.9279267,2.8066614
42,2022,Norte De Santander,2022-08-15,4,2022-09-12,2.4099088,2.8029742
42,2022,Norte De Santander,2022-08-22,1,2022-08-29,2.5304039,2.2455008
42,2022,Norte De Santander,2022-08-22,2,2022-09-05,1.9279267,2.1596625
42,2022,Norte De Santander,2022-08-22,3,2022-09-12,2.4099088,2.1486483
42,2022,Norte De Santander,2022-08-22,4,2022-09-19,1.7471836,2.1074398
42,2022,Norte De Santander,2022-08-29,1,2022-09-05,1.9279267,2.0853512
42,2022,Norte De Santander,2022-08-29,2,2022-09-12,2.4099088,2.03507
42,2022,Norte De Santander,2022-08-29,3,2022-09-19,1.7471836,2.0536797
42,2022,Norte De Santander,2022-08-29,4,2022-09-26,1.686936,2.0726562
42,2022,Norte De Santander,2022-09-05,1,2022-09-12,2.4099088,2.322947
42,2022,Norte De Santander,2022-09-05,2,2022-09-19,1.7471836,2.303417
42,2022,Norte De Santander,2022-09-05,3,2022-09-26,1.686936,2.342133
42,2022,Norte De Santander,2022-09-05,4,2022-10-03,2.048422,2.3965888
42,2022,Norte De Santander,2022-09-12,1,2022-09-19,1.7471836,2.292219
42,2022,Norte De Santander,2022-09-12,2,2022-09-26,1.686936,2.282651
42,2022,Norte De Santander,2022-09-12,3,2022-10-03,2.048422,2.2854161
42,2022,Norte De Santander,2022-09-12,4,2022-10-10,1.6266884,2.3563516
42,2022,Norte De Santander,2022-09-19,1,2022-09-26,1.686936,2.2708094
42,2022,Norte De Santander,2022-09-19,2,2022-10-03,2.048422,2.2375774
42,2022,Norte De Santander,2022-09-19,3,2022-10-10,1.6266884,2.2983193
42,2022,Norte De Santander,2022-09-19,4,2022-10-17,1.2049543,2.3400545
42,2022,Norte De Santander,2022-09-26,1,2022-10-03,2.048422,2.1766407
42,2022,Norte De Santander,2022-09-26,2,2022-10-10,1.6266884,2.162967
42,2022,Norte De Santander,2022-09-26,3,2022-10-17,1.2049543,2.239919
42,2022,Norte De Santander,2022-09-26,4,2022-10-24,2.048422,2.276738
42,2022,Norte De Santander,2022-10-03,1,2022-10-10,1.6266884,1.9353353
42,2022,Norte De Santander,2022-10-03,2,2022-10-17,1.2049543,1.9191233
42,2022,Norte De Santander,2022-10-03,3,2022-10-24,2.048422,1.9712449
42,2022,Norte De Santander,2022-10-03,4,2022-10-31,1.6266884,2.0319164
42,2022,Norte De Santander,2022-10-10,1,2022-10-17,1.2049543,1.9527146
42,2022,Norte De Santander,2022-10-10,2,2022-10-24,2.048422,1.9024237
42,2022,Norte De Santander,2022-10-10,3,2022-10-31,1.6266884,1.9481384
42,2022,Norte De Santander,2022-10-10,4,2022-11-07,1.6266884,1.972717
42,2022,Norte De Santander,2022-10-17,1,2022-10-24,2.048422,1.625257
42,2022,Norte De Santander,2022-10-17,2,2022-10-31,1.6266884,1.5473111
42,2022,Norte De Santander,2022-10-17,3,2022-11-07,1.6266884,1.5733413
42,2022,Norte De Santander,2022-10-17,4,2022-11-14,1.3856975,1.6378803
42,2022,Norte De Santander,2022-10-24,1,2022-10-31,1.6266884,1.409629
42,2022,Norte De Santander,2022-10-24,2,2022-11-07,1.6266884,1.3600723
42,2022,Norte De Santander,2022-10-24,3,2022-11-14,1.3856975,1.4151632
42,2022,Norte De Santander,2022-10-24,4,2022-11-21,2.7111473,1.4432013
42,2022,Norte De Santander,2022-10-31,1,2022-11-07,1.6266884,1.4001015
42,2022,Norte De Santander,2022-10-31,2,2022-11-14,1.3856975,1.335947
42,2022,Norte De Santander,2022-10-31,3,2022-11-21,2.7111473,1.3673149
42,2022,Norte De Santander,2022-10-31,4,2022-11-28,1.5061929,1.4038268
42,2022,Norte De Santander,2022-11-07,1,2022-11-14,1.3856975,1.451552
42,2022,Norte De Santander,2022-11-07,2,2022-11-21,2.7111473,1.4204468
42,2022,Norte De Santander,2022-11-07,3,2022-11-28,1.5061929,1.4706923
42,2022,Norte De Santander,2022-11-07,4,2022-12-05,1.8074313,1.4456763
42,2022,Norte De Santander,2022-11-14,1,2022-11-21,2.7111473,1.4476942
42,2022,Norte De Santander,2022-11-14,2,2022-11-28,1.5061929,1.412921
42,2022,Norte De Santander,2022-11-14,3,2022-12-05,1.8074313,1.4473122
42,2022,Norte De Santander,2022-11-14,4,2022-12-12,1.7471836,1.4604467
42,2022,Norte De Santander,2022-11-21,1,2022-11-28,1.5061929,1.3297275
42,2022,Norte De Santander,2022-11-21,2,2022-12-05,1.8074313,1.2700886
42,2022,Norte De Santander,2022-11-21,3,2022-12-12,1.7471836,1.286808
42,2022,Norte De Santander,2022-11-21,4,2022-12-19,1.3856975,1.270654
42,2022,Norte De Santander,2022-11-28,1,2022-12-05,1.8074313,1.9978275
42,2022,Norte De Santander,2022-11-28,2,2022-12-12,1.7471836,2.008435
42,2022,Norte De Santander,2022-11-28,3,2022-12-19,1.3856975,2.0758138
42,2022,Norte De Santander,2022-11-28,4,2022-12-26,1.5061929,2.101202
42,2022,Putumayo,2022-01-24,1,2022-01-31,3.2054708,2.2129116
42,2022,Putumayo,2022-01-24,2,2022-02-07,5.609574,2.280899
42,2022,Putumayo,2022-01-24,3,2022-02-14,5.0753284,2.3023388
42,2022,Putumayo,2022-01-24,4,2022-02-21,4.5410833,2.3417985
42,2022,Putumayo,2022-01-31,1,2022-02-07,5.609574,3.086782
42,2022,Putumayo,2022-01-31,2,2022-02-14,5.0753284,3.1443753
42,2022,Putumayo,2022-01-31,3,2022-02-21,4.5410833,3.1696103
42,2022,Putumayo,2022-01-31,4,2022-02-28,4.5410833,3.1913168
42,2022,Putumayo,2022-02-07,1,2022-02-14,5.0753284,3.2479024
42,2022,Putumayo,2022-02-07,2,2022-02-21,4.5410833,3.3321438
42,2022,Putumayo,2022-02-07,3,2022-02-28,4.5410833,3.332427
42,2022,Putumayo,2022-02-07,4,2022-03-07,6.1438184,3.3877456
42,2022,Putumayo,2022-02-14,1,2022-02-21,4.5410833,4.419457
42,2022,Putumayo,2022-02-14,2,2022-02-28,4.5410833,4.4695263
42,2022,Putumayo,2022-02-14,3,2022-03-07,6.1438184,4.481279
42,2022,Putumayo,2022-02-14,4,2022-03-14,4.5410833,4.539093
42,2022,Putumayo,2022-02-21,1,2022-02-28,4.5410833,5.040945
42,2022,Putumayo,2022-02-21,2,2022-03-07,6.1438184,5.1183453
42,2022,Putumayo,2022-02-21,3,2022-03-14,4.5410833,5.0395226
42,2022,Putumayo,2022-02-21,4,2022-03-21,3.739716,5.082955
42,2022,Putumayo,2022-02-28,1,2022-03-07,6.1438184,5.0374594
42,2022,Putumayo,2022-02-28,2,2022-03-14,4.5410833,5.142776
42,2022,Putumayo,2022-02-28,3,2022-03-21,3.739716,5.2870564
42,2022,Putumayo,2022-02-28,4,2022-03-28,6.1438184,5.5012116
42,2022,Putumayo,2022-03-07,1,2022-03-14,4.5410833,4.9126
42,2022,Putumayo,2022-03-07,2,2022-03-21,3.739716,4.9128814
42,2022,Putumayo,2022-03-07,3,2022-03-28,6.1438184,4.9476924
42,2022,Putumayo,2022-03-07,4,2022-04-04,6.9451866,4.99277
42,2022,Putumayo,2022-03-14,1,2022-03-21,3.739716,5.586151
42,2022,Putumayo,2022-03-14,2,2022-03-28,6.1438184,5.5751753
42,2022,Putumayo,2022-03-14,3,2022-04-04,6.9451866,5.559807
42,2022,Putumayo,2022-03-14,4,2022-04-11,3.739716,5.5028143
42,2022,Putumayo,2022-03-21,1,2022-03-28,6.1438184,5.79998
42,2022,Putumayo,2022-03-21,2,2022-04-04,6.9451866,5.728418
42,2022,Putumayo,2022-03-21,3,2022-04-11,3.739716,5.8653626
42,2022,Putumayo,2022-03-21,4,2022-04-18,3.739716,5.8632827
42,2022,Putumayo,2022-03-28,1,2022-04-04,6.9451866,4.933283
42,2022,Putumayo,2022-03-28,2,2022-04-11,3.739716,4.7411823
42,2022,Putumayo,2022-03-28,3,2022-04-18,3.739716,4.7954936
42,2022,Putumayo,2022-03-28,4,2022-04-25,3.2054708,4.7159657
42,2022,Putumayo,2022-04-04,1,2022-04-11,3.739716,5.593485
42,2022,Putumayo,2022-04-04,2,2022-04-18,3.739716,5.4675827
42,2022,Putumayo,2022-04-04,3,2022-04-25,3.2054708,5.4129725
42,2022,Putumayo,2022-04-04,4,2022-05-02,3.739716,5.34978
42,2022,Putumayo,2022-04-11,1,2022-04-18,3.739716,6.110093
42,2022,Putumayo,2022-04-11,2,2022-04-25,3.2054708,5.990819
42,2022,Putumayo,2022-04-11,3,2022-05-02,3.739716,5.8376484
42,2022,Putumayo,2022-04-11,4,2022-05-09,2.6712255,5.700148
42,2022,Putumayo,2022-04-18,1,2022-04-25,3.2054708,5.0997634
42,2022,Putumayo,2022-04-18,2,2022-05-02,3.739716,4.7993135
42,2022,Putumayo,2022-04-18,3,2022-05-09,2.6712255,4.794025
42,2022,Putumayo,2022-04-18,4,2022-05-16,0.8013677,4.7317367
42,2022,Putumayo,2022-04-25,1,2022-05-02,3.739716,4.3272047
42,2022,Putumayo,2022-04-25,2,2022-05-09,2.6712255,4.088914
42,2022,Putumayo,2022-04-25,3,2022-05-16,0.8013677,3.945908
42,2022,Putumayo,2022-04-25,4,2022-05-23,3.739716,3.898931
42,2022,Putumayo,2022-05-02,1,2022-05-09,2.6712255,3.5781302
42,2022,Putumayo,2022-05-02,2,2022-05-16,0.8013677,3.3066413
42,2022,Putumayo,2022-05-02,3,2022-05-23,3.739716,3.1649516
42,2022,Putumayo,2022-05-02,4,2022-05-30,2.9383483,3.1399024
42,2022,Putumayo,2022-05-09,1,2022-05-16,0.8013677,3.3594108
42,2022,Putumayo,2022-05-09,2,2022-05-23,3.739716,3.1163194
42,2022,Putumayo,2022-05-09,3,2022-05-30,2.9383483,2.9951797
42,2022,Putumayo,2022-05-09,4,2022-06-06,3.4725935,2.8401103
42,2022,Putumayo,2022-05-16,1,2022-05-23,3.739716,2.558124
42,2022,Putumayo,2022-05-16,2,2022-05-30,2.9383483,2.3852196
42,2022,Putumayo,2022-05-16,3,2022-06-06,3.4725935,2.1828988
42,2022,Putumayo,2022-05-16,4,2022-06-13,0.26712254,2.0295603
42,2022,Putumayo,2022-05-23,1,2022-05-30,2.9383483,1.6545889
42,2022,Putumayo,2022-05-23,2,2022-06-06,3.4725935,1.5169802
42,2022,Putumayo,2022-05-23,3,2022-06-13,0.26712254,1.410659
42,2022,Putumayo,2022-05-23,4,2022-06-20,2.6712255,1.2831368
42,2022,Putumayo,2022-05-30,1,2022-06-06,3.4725935,1.877252
42,2022,Putumayo,2022-05-30,2,2022-06-13,0.26712254,1.7570002
42,2022,Putumayo,2022-05-30,3,2022-06-20,2.6712255,1.6303895
42,2022,Putumayo,2022-05-30,4,2022-06-27,2.4041028,1.5511867
42,2022,Putumayo,2022-06-06,1,2022-06-13,0.26712254,2.176124
42,2022,Putumayo,2022-06-06,2,2022-06-20,2.6712255,2.0858018
42,2022,Putumayo,2022-06-06,3,2022-06-27,2.4041028,1.9932853
42,2022,Putumayo,2022-06-06,4,2022-07-04,1.6027353,1.8553762
42,2022,Putumayo,2022-06-13,1,2022-06-20,2.6712255,2.2478025
42,2022,Putumayo,2022-06-13,2,2022-06-27,2.4041028,2.1245713
42,2022,Putumayo,2022-06-13,3,2022-07-04,1.6027353,1.927658
42,2022,Putumayo,2022-06-13,4,2022-07-11,2.1369805,1.8165401
42,2022,Putumayo,2022-06-20,1,2022-06-27,2.4041028,1.3845406
42,2022,Putumayo,2022-06-20,2,2022-07-04,1.6027353,1.2958189
42,2022,Putumayo,2022-06-20,3,2022-07-11,2.1369805,1.2573552
42,2022,Putumayo,2022-06-20,4,2022-07-18,1.3356128,1.1638637
42,2022,Putumayo,2022-06-27,1,2022-07-04,1.6027353,1.3959832
42,2022,Putumayo,2022-06-27,2,2022-07-11,2.1369805,1.3355464
42,2022,Putumayo,2022-06-27,3,2022-07-18,1.3356128,1.2677629
42,2022,Putumayo,2022-06-27,4,2022-07-25,0.53424513,1.2102208
42,2022,Putumayo,2022-07-04,1,2022-07-11,2.1369805,1.3934876
42,2022,Putumayo,2022-07-04,2,2022-07-18,1.3356128,1.3069409
42,2022,Putumayo,2022-07-04,3,2022-07-25,0.53424513,1.2488512
42,2022,Putumayo,2022-07-04,4,2022-08-01,2.9383483,1.0913833
42,2022,Putumayo,2022-07-11,1,2022-07-18,1.3356128,1.1055007
42,2022,Putumayo,2022-07-11,2,2022-07-25,0.53424513,1.0186512
42,2022,Putumayo,2022-07-11,3,2022-08-01,2.9383483,0.97564864
42,2022,Putumayo,2022-07-11,4,2022-08-08,0.8013677,0.94026095
42,2022,Putumayo,2022-07-18,1,2022-07-25,0.53424513,1.1023827
42,2022,Putumayo,2022-07-18,2,2022-08-01,2.9383483,1.0077636
42,2022,Putumayo,2022-07-18,3,2022-08-08,0.8013677,0.93221915
42,2022,Putumayo,2022-07-18,4,2022-08-15,0.26712254,0.8640633
42,2022,Putumayo,2022-07-25,1,2022-08-01,2.9383483,0.9323786
42,2022,Putumayo,2022-07-25,2,2022-08-08,0.8013677,0.8806387
42,2022,Putumayo,2022-07-25,3,2022-08-15,0.26712254,0.79964954
42,2022,Putumayo,2022-07-25,4,2022-08-22,0.53424513,0.79598826
42,2022,Putumayo,2022-08-01,1,2022-08-08,0.8013677,0.7229184
42,2022,Putumayo,2022-08-01,2,2022-08-15,0.26712254,0.6904933
42,2022,Putumayo,2022-08-01,3,2022-08-22,0.53424513,0.6104074
42,2022,Putumayo,2022-08-01,4,2022-08-29,1.0684903,0.61064976
42,2022,Putumayo,2022-08-08,1,2022-08-15,0.26712254,0.8700983
42,2022,Putumayo,2022-08-08,2,2022-08-22,0.53424513,0.82662636
42,2022,Putumayo,2022-08-08,3,2022-08-29,1.0684903,0.7413713
42,2022,Putumayo,2022-08-08,4,2022-09-05,0.8013677,0.7402251
42,2022,Putumayo,2022-08-15,1,2022-08-22,0.53424513,0.7822908
42,2022,Putumayo,2022-08-15,2,2022-08-29,1.0684903,0.7654097
42,2022,Putumayo,2022-08-15,3,2022-09-05,0.8013677,0.6794611
42,2022,Putumayo,2022-08-15,4,2022-09-12,0.53424513,0.70122814
42,2022,Putumayo,2022-08-22,1,2022-08-29,1.0684903,0.6139381
42,2022,Putumayo,2022-08-22,2,2022-09-05,0.8013677,0.6177552
42,2022,Putumayo,2022-08-22,3,2022-09-12,0.53424513,0.54835266
42,2022,Putumayo,2022-08-22,4,2022-09-19,1.3356128,0.5747099
42,2022,Putumayo,2022-08-29,1,2022-09-05,0.8013677,0.58157915
42,2022,Putumayo,2022-08-29,2,2022-09-12,0.53424513,0.55997807
42,2022,Putumayo,2022-08-29,3,2022-09-19,1.3356128,0.5091487
42,2022,Putumayo,2022-08-29,4,2022-09-26,1.6027353,0.5284768
42,2022,Putumayo,2022-09-05,1,2022-09-12,0.53424513,0.60761434
42,2022,Putumayo,2022-09-05,2,2022-09-19,1.3356128,0.59444976
42,2022,Putumayo,2022-09-05,3,2022-09-26,1.6027353,0.53712237
42,2022,Putumayo,2022-09-05,4,2022-10-03,1.0684903,0.5712823
42,2022,Putumayo,2022-09-12,1,2022-09-19,1.3356128,0.61794364
42,2022,Putumayo,2022-09-12,2,2022-09-26,1.6027353,0.6079139
42,2022,Putumayo,2022-09-12,3,2022-10-03,1.0684903,0.57915103
42,2022,Putumayo,2022-09-12,4,2022-10-10,1.8698579,0.6229428
42,2022,Putumayo,2022-09-19,1,2022-09-26,1.6027353,0.64129645
42,2022,Putumayo,2022-09-19,2,2022-10-03,1.0684903,0.6152644
42,2022,Putumayo,2022-09-19,3,2022-10-10,1.8698579,0.5849028
42,2022,Putumayo,2022-09-19,4,2022-10-17,0.8013677,0.6279084
42,2022,Putumayo,2022-09-26,1,2022-10-03,1.0684903,0.8236529
42,2022,Putumayo,2022-09-26,2,2022-10-10,1.8698579,0.80283445
42,2022,Putumayo,2022-09-26,3,2022-10-17,0.8013677,0.7827435
42,2022,Putumayo,2022-09-26,4,2022-10-24,1.8698579,0.8311575
42,2022,Putumayo,2022-10-03,1,2022-10-10,1.8698579,0.8683942
42,2022,Putumayo,2022-10-03,2,2022-10-17,0.8013677,0.85050076
42,2022,Putumayo,2022-10-03,3,2022-10-24,1.8698579,0.8269748
42,2022,Putumayo,2022-10-03,4,2022-10-31,1.3356128,0.8793951
42,2022,Putumayo,2022-10-10,1,2022-10-17,0.8013677,0.8362053
42,2022,Putumayo,2022-10-10,2,2022-10-24,1.8698579,0.8342874
42,2022,Putumayo,2022-10-10,3,2022-10-31,1.3356128,0.8445466
42,2022,Putumayo,2022-10-10,4,2022-11-07,1.6027353,0.8778952
42,2022,Putumayo,2022-10-17,1,2022-10-24,1.8698579,1.0634806
42,2022,Putumayo,2022-10-17,2,2022-10-31,1.3356128,1.0990852
42,2022,Putumayo,2022-10-17,3,2022-11-07,1.6027353,1.1338677
42,2022,Putumayo,2022-10-17,4,2022-11-14,2.9383483,1.1714977
42,2022,Putumayo,2022-10-24,1,2022-10-31,1.3356128,0.88945645
42,2022,Putumayo,2022-10-24,2,2022-11-07,1.6027353,0.8942702
42,2022,Putumayo,2022-10-24,3,2022-11-14,2.9383483,0.87029725
42,2022,Putumayo,2022-10-24,4,2022-11-21,1.8698579,0.90161115
42,2022,Putumayo,2022-10-31,1,2022-11-07,1.6027353,0.9631405
42,2022,Putumayo,2022-10-31,2,2022-11-14,2.9383483,0.9592661
42,2022,Putumayo,2022-10-31,3,2022-11-21,1.8698579,0.9518633
42,2022,Putumayo,2022-10-31,4,2022-11-28,3.4725935,1.0041927
42,2022,Putumayo,2022-11-07,1,2022-11-14,2.9383483,0.975787
42,2022,Putumayo,2022-11-07,2,2022-11-21,1.8698579,0.99352837
42,2022,Putumayo,2022-11-07,3,2022-11-28,3.4725935,0.9985507
42,2022,Putumayo,2022-11-07,4,2022-12-05,4.0068383,1.0386652
42,2022,Putumayo,2022-11-14,1,2022-11-21,1.8698579,1.0398977
42,2022,Putumayo,2022-11-14,2,2022-11-28,3.4725935,1.0814842
42,2022,Putumayo,2022-11-14,3,2022-12-05,4.0068383,1.0920817
42,2022,Putumayo,2022-11-14,4,2022-12-12,3.2054708,1.112133
42,2022,Putumayo,2022-11-21,1,2022-11-28,3.4725935,1.5451459
42,2022,Putumayo,2022-11-21,2,2022-12-05,4.0068383,1.5641387
42,2022,Putumayo,2022-11-21,3,2022-12-12,3.2054708,1.5746088
42,2022,Putumayo,2022-11-21,4,2022-12-19,2.6712255,1.5568783
42,2022,Putumayo,2022-11-28,1,2022-12-05,4.0068383,1.5444336
42,2022,Putumayo,2022-11-28,2,2022-12-12,3.2054708,1.5644009
42,2022,Putumayo,2022-11-28,3,2022-12-19,2.6712255,1.5599021
42,2022,Putumayo,2022-11-28,4,2022-12-26,2.9383483,1.5722244
42,2022,Quindio,2022-01-24,1,2022-01-31,0.0,0.11197376
42,2022,Quindio,2022-01-24,2,2022-02-07,0.0,0.11795459
42,2022,Quindio,2022-01-24,3,2022-02-14,0.0,0.13404977
42,2022,Quindio,2022-01-24,4,2022-02-21,0.36063263,0.1417949
42,2022,Quindio,2022-01-31,1,2022-02-07,0.0,0.116428375
42,2022,Quindio,2022-01-31,2,2022-02-14,0.0,0.11776949
42,2022,Quindio,2022-01-31,3,2022-02-21,0.36063263,0.13970965
42,2022,Quindio,2022-01-31,4,2022-02-28,0.0,0.1302364
42,2022,Quindio,2022-02-07,1,2022-02-14,0.0,0.082217745
42,2022,Quindio,2022-02-07,2,2022-02-21,0.36063263,0.06950339
42,2022,Quindio,2022-02-07,3,2022-02-28,0.0,0.08395246
42,2022,Quindio,2022-02-07,4,2022-03-07,0.0,0.086789116
42,2022,Quindio,2022-02-14,1,2022-02-21,0.36063263,0.0430395
42,2022,Quindio,2022-02-14,2,2022-02-28,0.0,0.038374983
42,2022,Quindio,2022-02-14,3,2022-03-07,0.0,0.05243223
42,2022,Quindio,2022-02-14,4,2022-03-14,0.0,0.044022776
42,2022,Quindio,2022-02-21,1,2022-02-28,0.0,0.016877597
42,2022,Quindio,2022-02-21,2,2022-03-07,0.0,0.005023947
42,2022,Quindio,2022-02-21,3,2022-03-14,0.0,0.025137445
42,2022,Quindio,2022-02-21,4,2022-03-21,0.36063263,0.014411604
42,2022,Quindio,2022-02-28,1,2022-03-07,0.0,0.033821996
42,2022,Quindio,2022-02-28,2,2022-03-14,0.0,0.024853198
42,2022,Quindio,2022-02-28,3,2022-03-21,0.36063263,0.050501097
42,2022,Quindio,2022-02-28,4,2022-03-28,0.0,0.04748322
42,2022,Quindio,2022-03-07,1,2022-03-14,0.0,0.04780454
42,2022,Quindio,2022-03-07,2,2022-03-21,0.36063263,0.029513258
42,2022,Quindio,2022-03-07,3,2022-03-28,0.0,0.07555769
42,2022,Quindio,2022-03-07,4,2022-04-04,0.18031631,0.06862102
42,2022,Quindio,2022-03-14,1,2022-03-21,0.36063263,0.074833706
42,2022,Quindio,2022-03-14,2,2022-03-28,0.0,0.06126112
42,2022,Quindio,2022-03-14,3,2022-04-04,0.18031631,0.1048487
42,2022,Quindio,2022-03-14,4,2022-04-11,0.0,0.100222476
42,2022,Quindio,2022-03-21,1,2022-03-28,0.0,0.065356545
42,2022,Quindio,2022-03-21,2,2022-04-04,0.18031631,0.053008284
42,2022,Quindio,2022-03-21,3,2022-04-11,0.0,0.09278703
42,2022,Quindio,2022-03-21,4,2022-04-18,0.18031631,0.10017646
42,2022,Quindio,2022-03-28,1,2022-04-04,0.18031631,0.0757006
42,2022,Quindio,2022-03-28,2,2022-04-11,0.0,0.059062757
42,2022,Quindio,2022-03-28,3,2022-04-18,0.18031631,0.09586915
42,2022,Quindio,2022-03-28,4,2022-04-25,0.0,0.10130553
42,2022,Quindio,2022-04-04,1,2022-04-11,0.0,0.07813892
42,2022,Quindio,2022-04-04,2,2022-04-18,0.18031631,0.06123651
42,2022,Quindio,2022-04-04,3,2022-04-25,0.0,0.10865411
42,2022,Quindio,2022-04-04,4,2022-05-02,0.18031631,0.11049325
42,2022,Quindio,2022-04-11,1,2022-04-18,0.18031631,0.0822042
42,2022,Quindio,2022-04-11,2,2022-04-25,0.0,0.06689511
42,2022,Quindio,2022-04-11,3,2022-05-02,0.18031631,0.102054834
42,2022,Quindio,2022-04-11,4,2022-05-09,0.0,0.10448315
42,2022,Quindio,2022-04-18,1,2022-04-25,0.0,0.10140945
42,2022,Quindio,2022-04-18,2,2022-05-02,0.18031631,0.08734849
42,2022,Quindio,2022-04-18,3,2022-05-09,0.0,0.116706595
42,2022,Quindio,2022-04-18,4,2022-05-16,0.18031631,0.11327385
42,2022,Quindio,2022-04-25,1,2022-05-02,0.18031631,0.074993566
42,2022,Quindio,2022-04-25,2,2022-05-09,0.0,0.05612966
42,2022,Quindio,2022-04-25,3,2022-05-16,0.18031631,0.09600213
42,2022,Quindio,2022-04-25,4,2022-05-23,0.0,0.092223674
42,2022,Quindio,2022-05-02,1,2022-05-09,0.0,0.05747754
42,2022,Quindio,2022-05-02,2,2022-05-16,0.18031631,0.029900808
42,2022,Quindio,2022-05-02,3,2022-05-23,0.0,0.06880765
42,2022,Quindio,2022-05-02,4,2022-05-30,0.0,0.067999616
42,2022,Quindio,2022-05-09,1,2022-05-16,0.18031631,0.06407087
42,2022,Quindio,2022-05-09,2,2022-05-23,0.0,0.040173076
42,2022,Quindio,2022-05-09,3,2022-05-30,0.0,0.07101854
42,2022,Quindio,2022-05-09,4,2022-06-06,0.0,0.0767353
42,2022,Quindio,2022-05-16,1,2022-05-23,0.0,0.101839796
42,2022,Quindio,2022-05-16,2,2022-05-30,0.0,0.07770439
42,2022,Quindio,2022-05-16,3,2022-06-06,0.0,0.10430119
42,2022,Quindio,2022-05-16,4,2022-06-13,0.0,0.09972847
42,2022,Quindio,2022-05-23,1,2022-05-30,0.0,0.11048997
42,2022,Quindio,2022-05-23,2,2022-06-06,0.0,0.08398087
42,2022,Quindio,2022-05-23,3,2022-06-13,0.0,0.11090698
42,2022,Quindio,2022-05-23,4,2022-06-20,0.0,0.11172907
42,2022,Quindio,2022-05-30,1,2022-06-06,0.0,0.09526686
42,2022,Quindio,2022-05-30,2,2022-06-13,0.0,0.070795864
42,2022,Quindio,2022-05-30,3,2022-06-20,0.0,0.10504771
42,2022,Quindio,2022-05-30,4,2022-06-27,0.0,0.10851583
42,2022,Quindio,2022-06-06,1,2022-06-13,0.0,0.07992991
42,2022,Quindio,2022-06-06,2,2022-06-20,0.0,0.05935326
42,2022,Quindio,2022-06-06,3,2022-06-27,0.0,0.090542294
42,2022,Quindio,2022-06-06,4,2022-07-04,0.36063263,0.091830745
42,2022,Quindio,2022-06-13,1,2022-06-20,0.0,0.07833731
42,2022,Quindio,2022-06-13,2,2022-06-27,0.0,0.052706473
42,2022,Quindio,2022-06-13,3,2022-07-04,0.36063263,0.077775516
42,2022,Quindio,2022-06-13,4,2022-07-11,0.0,0.07825279
42,2022,Quindio,2022-06-20,1,2022-06-27,0.0,0.034550216
42,2022,Quindio,2022-06-20,2,2022-07-04,0.36063263,0.010038649
42,2022,Quindio,2022-06-20,3,2022-07-11,0.0,0.03601643
42,2022,Quindio,2022-06-20,4,2022-07-18,0.18031631,0.045105204
42,2022,Quindio,2022-06-27,1,2022-07-04,0.36063263,0.016479297
42,2022,Quindio,2022-06-27,2,2022-07-11,0.0,0.0
42,2022,Quindio,2022-06-27,3,2022-07-18,0.18031631,0.006005983
42,2022,Quindio,2022-06-27,4,2022-07-25,0.0,0.015672827
42,2022,Quindio,2022-07-04,1,2022-07-11,0.0,0.024506647
42,2022,Quindio,2022-07-04,2,2022-07-18,0.18031631,0.0
42,2022,Quindio,2022-07-04,3,2022-07-25,0.0,0.012782256
42,2022,Quindio,2022-07-04,4,2022-08-01,0.0,0.021814186
42,2022,Quindio,2022-07-11,1,2022-07-18,0.18031631,0.056247603
42,2022,Quindio,2022-07-11,2,2022-07-25,0.0,0.034956273
42,2022,Quindio,2022-07-11,3,2022-08-01,0.0,0.044371936
42,2022,Quindio,2022-07-11,4,2022-08-08,0.18031631,0.05892289
42,2022,Quindio,2022-07-18,1,2022-07-25,0.0,0.07491197
42,2022,Quindio,2022-07-18,2,2022-08-01,0.0,0.052080035
42,2022,Quindio,2022-07-18,3,2022-08-08,0.18031631,0.064817585
42,2022,Quindio,2022-07-18,4,2022-08-15,0.0,0.06919365
42,2022,Quindio,2022-07-25,1,2022-08-01,0.0,0.09278737
42,2022,Quindio,2022-07-25,2,2022-08-08,0.18031631,0.067776494
42,2022,Quindio,2022-07-25,3,2022-08-15,0.0,0.07167465
42,2022,Quindio,2022-07-25,4,2022-08-22,0.18031631,0.08502595
42,2022,Quindio,2022-08-01,1,2022-08-08,0.18031631,0.08292592
42,2022,Quindio,2022-08-01,2,2022-08-15,0.0,0.05840869
42,2022,Quindio,2022-08-01,3,2022-08-22,0.18031631,0.061589286
42,2022,Quindio,2022-08-01,4,2022-08-29,0.0,0.07208138
42,2022,Quindio,2022-08-08,1,2022-08-15,0.0,0.0667242
42,2022,Quindio,2022-08-08,2,2022-08-22,0.18031631,0.040879726
42,2022,Quindio,2022-08-08,3,2022-08-29,0.0,0.0432963
42,2022,Quindio,2022-08-08,4,2022-09-05,0.0,0.055054348
42,2022,Quindio,2022-08-15,1,2022-08-22,0.18031631,0.054720514
42,2022,Quindio,2022-08-15,2,2022-08-29,0.0,0.035046387
42,2022,Quindio,2022-08-15,3,2022-09-05,0.0,0.03605084
42,2022,Quindio,2022-08-15,4,2022-09-12,0.18031631,0.0502155
42,2022,Quindio,2022-08-22,1,2022-08-29,0.0,0.03599386
42,2022,Quindio,2022-08-22,2,2022-09-05,0.0,0.01956516
42,2022,Quindio,2022-08-22,3,2022-09-12,0.18031631,0.02033129
42,2022,Quindio,2022-08-22,4,2022-09-19,0.18031631,0.029182946
42,2022,Quindio,2022-08-29,1,2022-09-05,0.0,0.042248346
42,2022,Quindio,2022-08-29,2,2022-09-12,0.18031631,0.026517518
42,2022,Quindio,2022-08-29,3,2022-09-19,0.18031631,0.027719503
42,2022,Quindio,2022-08-29,4,2022-09-26,0.0,0.045116924
42,2022,Quindio,2022-09-05,1,2022-09-12,0.18031631,0.038058512
42,2022,Quindio,2022-09-05,2,2022-09-19,0.18031631,0.026192171
42,2022,Quindio,2022-09-05,3,2022-09-26,0.0,0.025879236
42,2022,Quindio,2022-09-05,4,2022-10-03,0.0,0.044679362
42,2022,Quindio,2022-09-12,1,2022-09-19,0.18031631,0.03082551
42,2022,Quindio,2022-09-12,2,2022-09-26,0.0,0.012701265
42,2022,Quindio,2022-09-12,3,2022-10-03,0.0,0.014506141
42,2022,Quindio,2022-09-12,4,2022-10-10,0.5409489,0.038570933
42,2022,Quindio,2022-09-19,1,2022-09-26,0.0,0.04670795
42,2022,Quindio,2022-09-19,2,2022-10-03,0.0,0.026531462
42,2022,Quindio,2022-09-19,3,2022-10-10,0.5409489,0.03201331
42,2022,Quindio,2022-09-19,4,2022-10-17,0.36063263,0.051096443
42,2022,Quindio,2022-09-26,1,2022-10-03,0.0,0.054940633
42,2022,Quindio,2022-09-26,2,2022-10-10,0.5409489,0.033172064
42,2022,Quindio,2022-09-26,3,2022-10-17,0.36063263,0.041530505
42,2022,Quindio,2022-09-26,4,2022-10-24,0.0,0.06359683
42,2022,Quindio,2022-10-03,1,2022-10-10,0.5409489,0.055910125
42,2022,Quindio,2022-10-03,2,2022-10-17,0.36063263,0.043898534
42,2022,Quindio,2022-10-03,3,2022-10-24,0.0,0.051348664
42,2022,Quindio,2022-10-03,4,2022-10-31,0.0,0.07259831
42,2022,Quindio,2022-10-10,1,2022-10-17,0.36063263,0.039432563
42,2022,Quindio,2022-10-10,2,2022-10-24,0.0,0.032253765
42,2022,Quindio,2022-10-10,3,2022-10-31,0.0,0.030187704
42,2022,Quindio,2022-10-10,4,2022-11-07,0.0,0.04302834
42,2022,Quindio,2022-10-17,1,2022-10-24,0.0,0.040873807
42,2022,Quindio,2022-10-17,2,2022-10-31,0.0,0.031610575
42,2022,Quindio,2022-10-17,3,2022-11-07,0.0,0.035686027
42,2022,Quindio,2022-10-17,4,2022-11-14,0.36063263,0.054210275
42,2022,Quindio,2022-10-24,1,2022-10-31,0.0,0.030206876
42,2022,Quindio,2022-10-24,2,2022-11-07,0.0,0.021584291
42,2022,Quindio,2022-10-24,3,2022-11-14,0.36063263,0.024992138
42,2022,Quindio,2022-10-24,4,2022-11-21,0.18031631,0.043699224
42,2022,Quindio,2022-10-31,1,2022-11-07,0.0,0.037340675
42,2022,Quindio,2022-10-31,2,2022-11-14,0.36063263,0.034589224
42,2022,Quindio,2022-10-31,3,2022-11-21,0.18031631,0.032946177
42,2022,Quindio,2022-10-31,4,2022-11-28,0.18031631,0.045067385
42,2022,Quindio,2022-11-07,1,2022-11-14,0.36063263,0.07046892
42,2022,Quindio,2022-11-07,2,2022-11-21,0.18031631,0.06937788
42,2022,Quindio,2022-11-07,3,2022-11-28,0.18031631,0.075805046
42,2022,Quindio,2022-11-07,4,2022-12-05,0.0,0.090421066
42,2022,Quindio,2022-11-14,1,2022-11-21,0.18031631,0.08489999
42,2022,Quindio,2022-11-14,2,2022-11-28,0.18031631,0.08198269
42,2022,Quindio,2022-11-14,3,2022-12-05,0.0,0.07970681
42,2022,Quindio,2022-11-14,4,2022-12-12,0.0,0.087453514
42,2022,Quindio,2022-11-21,1,2022-11-28,0.18031631,0.083921894
42,2022,Quindio,2022-11-21,2,2022-12-05,0.0,0.07513611
42,2022,Quindio,2022-11-21,3,2022-12-12,0.0,0.08532751
42,2022,Quindio,2022-11-21,4,2022-12-19,0.0,0.10757392
42,2022,Quindio,2022-11-28,1,2022-12-05,0.0,0.10029275
42,2022,Quindio,2022-11-28,2,2022-12-12,0.0,0.09877329
42,2022,Quindio,2022-11-28,3,2022-12-19,0.0,0.10898794
42,2022,Quindio,2022-11-28,4,2022-12-26,0.0,0.13581994
42,2022,Risaralda,2022-01-24,1,2022-01-31,0.0,0.15997443
42,2022,Risaralda,2022-01-24,2,2022-02-07,0.20263508,0.17950001
42,2022,Risaralda,2022-01-24,3,2022-02-14,0.20263508,0.17706895
42,2022,Risaralda,2022-01-24,4,2022-02-21,0.10131753,0.17735142
42,2022,Risaralda,2022-01-31,1,2022-02-07,0.20263508,0.14418556
42,2022,Risaralda,2022-01-31,2,2022-02-14,0.20263508,0.153886
42,2022,Risaralda,2022-01-31,3,2022-02-21,0.10131753,0.17622258
42,2022,Risaralda,2022-01-31,4,2022-02-28,0.0,0.16688175
42,2022,Risaralda,2022-02-07,1,2022-02-14,0.20263508,0.13108885
42,2022,Risaralda,2022-02-07,2,2022-02-21,0.10131753,0.13259967
42,2022,Risaralda,2022-02-07,3,2022-02-28,0.0,0.1346766
42,2022,Risaralda,2022-02-07,4,2022-03-07,0.0,0.13864928
42,2022,Risaralda,2022-02-14,1,2022-02-21,0.10131753,0.1100096
42,2022,Risaralda,2022-02-14,2,2022-02-28,0.0,0.11491127
42,2022,Risaralda,2022-02-14,3,2022-03-07,0.0,0.12783776
42,2022,Risaralda,2022-02-14,4,2022-03-14,0.3039526,0.12683457
42,2022,Risaralda,2022-02-21,1,2022-02-28,0.0,0.09262878
42,2022,Risaralda,2022-02-21,2,2022-03-07,0.0,0.093844675
42,2022,Risaralda,2022-02-21,3,2022-03-14,0.3039526,0.110775106
42,2022,Risaralda,2022-02-21,4,2022-03-21,0.3039526,0.10360642
42,2022,Risaralda,2022-02-28,1,2022-03-07,0.0,0.051491156
42,2022,Risaralda,2022-02-28,2,2022-03-14,0.3039526,0.050871126
42,2022,Risaralda,2022-02-28,3,2022-03-21,0.3039526,0.07113815
42,2022,Risaralda,2022-02-28,4,2022-03-28,0.10131753,0.056620933
42,2022,Risaralda,2022-03-07,1,2022-03-14,0.3039526,0.056913413
42,2022,Risaralda,2022-03-07,2,2022-03-21,0.3039526,0.046326634
42,2022,Risaralda,2022-03-07,3,2022-03-28,0.10131753,0.07899719
42,2022,Risaralda,2022-03-07,4,2022-04-04,0.0,0.06887758
42,2022,Risaralda,2022-03-14,1,2022-03-21,0.3039526,0.0960332
42,2022,Risaralda,2022-03-14,2,2022-03-28,0.10131753,0.082415834
42,2022,Risaralda,2022-03-14,3,2022-04-04,0.0,0.13020359
42,2022,Risaralda,2022-03-14,4,2022-04-11,0.10131753,0.113147646
42,2022,Risaralda,2022-03-21,1,2022-03-28,0.10131753,0.12225723
42,2022,Risaralda,2022-03-21,2,2022-04-04,0.0,0.11974199
42,2022,Risaralda,2022-03-21,3,2022-04-11,0.10131753,0.16127415
42,2022,Risaralda,2022-03-21,4,2022-04-18,0.0,0.1564197
42,2022,Risaralda,2022-03-28,1,2022-04-04,0.0,0.15742989
42,2022,Risaralda,2022-03-28,2,2022-04-11,0.10131753,0.1491804
42,2022,Risaralda,2022-03-28,3,2022-04-18,0.0,0.19570415
42,2022,Risaralda,2022-03-28,4,2022-04-25,0.20263508,0.18340404
42,2022,Risaralda,2022-04-04,1,2022-04-11,0.10131753,0.15143546
42,2022,Risaralda,2022-04-04,2,2022-04-18,0.0,0.14542678
42,2022,Risaralda,2022-04-04,3,2022-04-25,0.20263508,0.18676686
42,2022,Risaralda,2022-04-04,4,2022-05-02,0.20263508,0.1823221
42,2022,Risaralda,2022-04-11,1,2022-04-18,0.0,0.10974677
42,2022,Risaralda,2022-04-11,2,2022-04-25,0.20263508,0.10270206
42,2022,Risaralda,2022-04-11,3,2022-05-02,0.20263508,0.13430081
42,2022,Risaralda,2022-04-11,4,2022-05-09,0.10131753,0.13336039
42,2022,Risaralda,2022-04-18,1,2022-04-25,0.20263508,0.124405555
42,2022,Risaralda,2022-04-18,2,2022-05-02,0.20263508,0.11949262
42,2022,Risaralda,2022-04-18,3,2022-05-09,0.10131753,0.15498291
42,2022,Risaralda,2022-04-18,4,2022-05-16,0.0,0.1436021
42,2022,Risaralda,2022-04-25,1,2022-05-02,0.20263508,0.101478845
42,2022,Risaralda,2022-04-25,2,2022-05-09,0.10131753,0.08905596
42,2022,Risaralda,2022-04-25,3,2022-05-16,0.0,0.12997253
42,2022,Risaralda,2022-04-25,4,2022-05-23,0.0,0.11738724
42,2022,Risaralda,2022-05-02,1,2022-05-09,0.10131753,0.09295358
42,2022,Risaralda,2022-05-02,2,2022-05-16,0.0,0.07746358
42,2022,Risaralda,2022-05-02,3,2022-05-23,0.0,0.109507516
42,2022,Risaralda,2022-05-02,4,2022-05-30,0.10131753,0.10687702
42,2022,Risaralda,2022-05-09,1,2022-05-16,0.0,0.109528646
42,2022,Risaralda,2022-05-09,2,2022-05-23,0.0,0.09838861
42,2022,Risaralda,2022-05-09,3,2022-05-30,0.10131753,0.1266577
42,2022,Risaralda,2022-05-09,4,2022-06-06,0.3039526,0.12725313
42,2022,Risaralda,2022-05-16,1,2022-05-23,0.0,0.13138175
42,2022,Risaralda,2022-05-16,2,2022-05-30,0.10131753,0.122264765
42,2022,Risaralda,2022-05-16,3,2022-06-06,0.3039526,0.14366148
42,2022,Risaralda,2022-05-16,4,2022-06-13,0.10131753,0.13533412
42,2022,Risaralda,2022-05-23,1,2022-05-30,0.10131753,0.13252692
42,2022,Risaralda,2022-05-23,2,2022-06-06,0.3039526,0.11896427
42,2022,Risaralda,2022-05-23,3,2022-06-13,0.10131753,0.14180616
42,2022,Risaralda,2022-05-23,4,2022-06-20,0.20263508,0.13440372
42,2022,Risaralda,2022-05-30,1,2022-06-06,0.3039526,0.10376132
42,2022,Risaralda,2022-05-30,2,2022-06-13,0.10131753,0.09102091
42,2022,Risaralda,2022-05-30,3,2022-06-20,0.20263508,0.11323765
42,2022,Risaralda,2022-05-30,4,2022-06-27,0.20263508,0.11227272
42,2022,Risaralda,2022-06-06,1,2022-06-13,0.10131753,0.11619654
42,2022,Risaralda,2022-06-06,2,2022-06-20,0.20263508,0.10552858
42,2022,Risaralda,2022-06-06,3,2022-06-27,0.20263508,0.12520495
42,2022,Risaralda,2022-06-06,4,2022-07-04,0.10131753,0.11912571
42,2022,Risaralda,2022-06-13,1,2022-06-20,0.20263508,0.124755494
42,2022,Risaralda,2022-06-13,2,2022-06-27,0.20263508,0.11255697
42,2022,Risaralda,2022-06-13,3,2022-07-04,0.10131753,0.12404366
42,2022,Risaralda,2022-06-13,4,2022-07-11,0.0,0.1179545
42,2022,Risaralda,2022-06-20,1,2022-06-27,0.20263508,0.11104278
42,2022,Risaralda,2022-06-20,2,2022-07-04,0.10131753,0.10321967
42,2022,Risaralda,2022-06-20,3,2022-07-11,0.0,0.1122878
42,2022,Risaralda,2022-06-20,4,2022-07-18,0.20263508,0.109541886
42,2022,Risaralda,2022-06-27,1,2022-07-04,0.10131753,0.100117065
42,2022,Risaralda,2022-06-27,2,2022-07-11,0.0,0.09123101
42,2022,Risaralda,2022-06-27,3,2022-07-18,0.20263508,0.09519925
42,2022,Risaralda,2022-06-27,4,2022-07-25,0.20263508,0.0979415
42,2022,Risaralda,2022-07-04,1,2022-07-11,0.0,0.12506238
42,2022,Risaralda,2022-07-04,2,2022-07-18,0.20263508,0.11681013
42,2022,Risaralda,2022-07-04,3,2022-07-25,0.20263508,0.11482061
42,2022,Risaralda,2022-07-04,4,2022-08-01,0.0,0.11159442
42,2022,Risaralda,2022-07-11,1,2022-07-18,0.20263508,0.11214575
42,2022,Risaralda,2022-07-11,2,2022-07-25,0.20263508,0.10825368
42,2022,Risaralda,2022-07-11,3,2022-08-01,0.0,0.10328253
42,2022,Risaralda,2022-07-11,4,2022-08-08,0.20263508,0.108534016
42,2022,Risaralda,2022-07-18,1,2022-07-25,0.20263508,0.123107366
42,2022,Risaralda,2022-07-18,2,2022-08-01,0.0,0.11430616
42,2022,Risaralda,2022-07-18,3,2022-08-08,0.20263508,0.10839722
42,2022,Risaralda,2022-07-18,4,2022-08-15,0.10131753,0.11071756
42,2022,Risaralda,2022-07-25,1,2022-08-01,0.0,0.13214009
42,2022,Risaralda,2022-07-25,2,2022-08-08,0.20263508,0.122100726
42,2022,Risaralda,2022-07-25,3,2022-08-15,0.10131753,0.11306144
42,2022,Risaralda,2022-07-25,4,2022-08-22,0.10131753,0.11880571
42,2022,Risaralda,2022-08-01,1,2022-08-08,0.20263508,0.12597826
42,2022,Risaralda,2022-08-01,2,2022-08-15,0.10131753,0.120554805
42,2022,Risaralda,2022-08-01,3,2022-08-22,0.10131753,0.09816286
42,2022,Risaralda,2022-08-01,4,2022-08-29,0.10131753,0.10607708
42,2022,Risaralda,2022-08-08,1,2022-08-15,0.10131753,0.09709967
42,2022,Risaralda,2022-08-08,2,2022-08-22,0.10131753,0.09048562
42,2022,Risaralda,2022-08-08,3,2022-08-29,0.10131753,0.07120337
42,2022,Risaralda,2022-08-08,4,2022-09-05,0.0,0.0809974
42,2022,Risaralda,2022-08-15,1,2022-08-22,0.10131753,0.09348982
42,2022,Risaralda,2022-08-15,2,2022-08-29,0.10131753,0.086908884
42,2022,Risaralda,2022-08-15,3,2022-09-05,0.0,0.07389814
42,2022,Risaralda,2022-08-15,4,2022-09-12,0.3039526,0.082986146
42,2022,Risaralda,2022-08-22,1,2022-08-29,0.10131753,0.09970068
42,2022,Risaralda,2022-08-22,2,2022-09-05,0.0,0.09526655
42,2022,Risaralda,2022-08-22,3,2022-09-12,0.3039526,0.078166276
42,2022,Risaralda,2022-08-22,4,2022-09-19,0.10131753,0.08194987
42,2022,Risaralda,2022-08-29,1,2022-09-05,0.0,0.10544922
42,2022,Risaralda,2022-08-29,2,2022-09-12,0.3039526,0.102201305
42,2022,Risaralda,2022-08-29,3,2022-09-19,0.10131753,0.08024125
42,2022,Risaralda,2022-08-29,4,2022-09-26,0.10131753,0.088838
42,2022,Risaralda,2022-09-05,1,2022-09-12,0.3039526,0.09469021
42,2022,Risaralda,2022-09-05,2,2022-09-19,0.10131753,0.09026697
42,2022,Risaralda,2022-09-05,3,2022-09-26,0.10131753,0.07226472
42,2022,Risaralda,2022-09-05,4,2022-10-03,0.5065876,0.086616725
42,2022,Risaralda,2022-09-12,1,2022-09-19,0.10131753,0.09443376
42,2022,Risaralda,2022-09-12,2,2022-09-26,0.10131753,0.09184995
42,2022,Risaralda,2022-09-12,3,2022-10-03,0.5065876,0.07321778
42,2022,Risaralda,2022-09-12,4,2022-10-10,0.5065876,0.08513136
42,2022,Risaralda,2022-09-19,1,2022-09-26,0.10131753,0.108442545
42,2022,Risaralda,2022-09-19,2,2022-10-03,0.5065876,0.11004859
42,2022,Risaralda,2022-09-19,3,2022-10-10,0.5065876,0.08509931
42,2022,Risaralda,2022-09-19,4,2022-10-17,0.20263508,0.09694099
42,2022,Risaralda,2022-09-26,1,2022-10-03,0.5065876,0.10606264
42,2022,Risaralda,2022-09-26,2,2022-10-10,0.5065876,0.106993265
42,2022,Risaralda,2022-09-26,3,2022-10-17,0.20263508,0.08311516
42,2022,Risaralda,2022-09-26,4,2022-10-24,0.3039526,0.094238065
42,2022,Risaralda,2022-10-03,1,2022-10-10,0.5065876,0.09294954
42,2022,Risaralda,2022-10-03,2,2022-10-17,0.20263508,0.09600554
42,2022,Risaralda,2022-10-03,3,2022-10-24,0.3039526,0.07757805
42,2022,Risaralda,2022-10-03,4,2022-10-31,0.10131753,0.089744106
42,2022,Risaralda,2022-10-10,1,2022-10-17,0.20263508,0.1066443
42,2022,Risaralda,2022-10-10,2,2022-10-24,0.3039526,0.11460739
42,2022,Risaralda,2022-10-10,3,2022-10-31,0.10131753,0.08972537
42,2022,Risaralda,2022-10-10,4,2022-11-07,0.10131753,0.10186065
42,2022,Risaralda,2022-10-17,1,2022-10-24,0.3039526,0.11634257
42,2022,Risaralda,2022-10-17,2,2022-10-31,0.10131753,0.12391022
42,2022,Risaralda,2022-10-17,3,2022-11-07,0.10131753,0.09280734
42,2022,Risaralda,2022-10-17,4,2022-11-14,0.10131753,0.096704
42,2022,Risaralda,2022-10-24,1,2022-10-31,0.10131753,0.102015115
42,2022,Risaralda,2022-10-24,2,2022-11-07,0.10131753,0.114116386
42,2022,Risaralda,2022-10-24,3,2022-11-14,0.10131753,0.0845311
42,2022,Risaralda,2022-10-24,4,2022-11-21,0.0,0.088361435
42,2022,Risaralda,2022-10-31,1,2022-11-07,0.10131753,0.13007662
42,2022,Risaralda,2022-10-31,2,2022-11-14,0.10131753,0.13992839
42,2022,Risaralda,2022-10-31,3,2022-11-21,0.0,0.11367919
42,2022,Risaralda,2022-10-31,4,2022-11-28,0.0,0.11682175
42,2022,Risaralda,2022-11-07,1,2022-11-14,0.10131753,0.16426878
42,2022,Risaralda,2022-11-07,2,2022-11-21,0.0,0.16671708
42,2022,Risaralda,2022-11-07,3,2022-11-28,0.0,0.15512124
42,2022,Risaralda,2022-11-07,4,2022-12-05,0.0,0.15257856
42,2022,Risaralda,2022-11-14,1,2022-11-21,0.0,0.17268251
42,2022,Risaralda,2022-11-14,2,2022-11-28,0.0,0.1723593
42,2022,Risaralda,2022-11-14,3,2022-12-05,0.0,0.16173017
42,2022,Risaralda,2022-11-14,4,2022-12-12,0.10131753,0.16102506
42,2022,Risaralda,2022-11-21,1,2022-11-28,0.0,0.16345088
42,2022,Risaralda,2022-11-21,2,2022-12-05,0.0,0.15948774
42,2022,Risaralda,2022-11-21,3,2022-12-12,0.10131753,0.15029174
42,2022,Risaralda,2022-11-21,4,2022-12-19,0.10131753,0.15716097
42,2022,Risaralda,2022-11-28,1,2022-12-05,0.0,0.14172158
42,2022,Risaralda,2022-11-28,2,2022-12-12,0.10131753,0.15385826
42,2022,Risaralda,2022-11-28,3,2022-12-19,0.10131753,0.14502476
42,2022,Risaralda,2022-11-28,4,2022-12-26,0.0,0.16705878
42,2022,Santander,2022-01-24,1,2022-01-31,0.2990101,0.54610175
42,2022,Santander,2022-01-24,2,2022-02-07,0.55530447,0.5645035
42,2022,Santander,2022-01-24,3,2022-02-14,0.7261674,0.53213185
42,2022,Santander,2022-01-24,4,2022-02-21,0.6407359,0.58375794
42,2022,Santander,2022-01-31,1,2022-02-07,0.55530447,0.63072383
42,2022,Santander,2022-01-31,2,2022-02-14,0.7261674,0.6452587
42,2022,Santander,2022-01-31,3,2022-02-21,0.6407359,0.61202
42,2022,Santander,2022-01-31,4,2022-02-28,0.46987304,0.646888
42,2022,Santander,2022-02-07,1,2022-02-14,0.7261674,0.55940884
42,2022,Santander,2022-02-07,2,2022-02-21,0.6407359,0.56856626
42,2022,Santander,2022-02-07,3,2022-02-28,0.46987304,0.54015833
42,2022,Santander,2022-02-07,4,2022-03-07,0.6407359,0.57745725
42,2022,Santander,2022-02-14,1,2022-02-21,0.6407359,0.5828556
42,2022,Santander,2022-02-14,2,2022-02-28,0.46987304,0.5918997
42,2022,Santander,2022-02-14,3,2022-03-07,0.6407359,0.5707432
42,2022,Santander,2022-02-14,4,2022-03-14,0.68345165,0.5966685
42,2022,Santander,2022-02-21,1,2022-02-28,0.46987304,0.6021763
42,2022,Santander,2022-02-21,2,2022-03-07,0.6407359,0.6004796
42,2022,Santander,2022-02-21,3,2022-03-14,0.68345165,0.6010268
42,2022,Santander,2022-02-21,4,2022-03-21,0.8970303,0.60907686
42,2022,Santander,2022-02-28,1,2022-03-07,0.6407359,0.62427443
42,2022,Santander,2022-02-28,2,2022-03-14,0.68345165,0.6378742
42,2022,Santander,2022-02-28,3,2022-03-21,0.8970303,0.6389783
42,2022,Santander,2022-02-28,4,2022-03-28,0.34172586,0.6724223
42,2022,Santander,2022-03-07,1,2022-03-14,0.68345165,0.6192406
42,2022,Santander,2022-03-07,2,2022-03-21,0.8970303,0.6257022
42,2022,Santander,2022-03-07,3,2022-03-28,0.34172586,0.66467816
42,2022,Santander,2022-03-07,4,2022-04-04,0.9397461,0.7000885
42,2022,Santander,2022-03-14,1,2022-03-21,0.8970303,0.59737825
42,2022,Santander,2022-03-14,2,2022-03-28,0.34172586,0.5997334
42,2022,Santander,2022-03-14,3,2022-04-04,0.9397461,0.6329817
42,2022,Santander,2022-03-14,4,2022-04-11,0.51258874,0.6559136
42,2022,Santander,2022-03-21,1,2022-03-28,0.34172586,0.65692824
42,2022,Santander,2022-03-21,2,2022-04-04,0.9397461,0.6677212
42,2022,Santander,2022-03-21,3,2022-04-11,0.51258874,0.69468874
42,2022,Santander,2022-03-21,4,2022-04-18,1.1533247,0.72710556
42,2022,Santander,2022-03-28,1,2022-04-04,0.9397461,0.859066
42,2022,Santander,2022-03-28,2,2022-04-11,0.51258874,0.84419835
42,2022,Santander,2022-03-28,3,2022-04-18,1.1533247,0.8855623
42,2022,Santander,2022-03-28,4,2022-04-25,1.0251775,0.91592455
42,2022,Santander,2022-04-04,1,2022-04-11,0.51258874,0.788378
42,2022,Santander,2022-04-04,2,2022-04-18,1.1533247,0.7824577
42,2022,Santander,2022-04-04,3,2022-04-25,1.0251775,0.84444034
42,2022,Santander,2022-04-04,4,2022-05-02,0.68345165,0.8900825
42,2022,Santander,2022-04-11,1,2022-04-18,1.1533247,0.8257337
42,2022,Santander,2022-04-11,2,2022-04-25,1.0251775,0.8191543
42,2022,Santander,2022-04-11,3,2022-05-02,0.68345165,0.894012
42,2022,Santander,2022-04-11,4,2022-05-09,1.4523348,0.9234958
42,2022,Santander,2022-04-18,1,2022-04-25,1.0251775,0.8655156
42,2022,Santander,2022-04-18,2,2022-05-02,0.68345165,0.8477643
42,2022,Santander,2022-04-18,3,2022-05-09,1.4523348,0.89955086
42,2022,Santander,2022-04-18,4,2022-05-16,0.9824618,0.92919225
42,2022,Santander,2022-04-25,1,2022-05-02,0.68345165,0.9777561
42,2022,Santander,2022-04-25,2,2022-05-09,1.4523348,0.9597158
42,2022,Santander,2022-04-25,3,2022-05-16,0.9824618,1.0388814
42,2022,Santander,2022-04-25,4,2022-05-23,1.6659135,1.0777631
42,2022,Santander,2022-05-02,1,2022-05-09,1.4523348,1.1132871
42,2022,Santander,2022-05-02,2,2022-05-16,0.9824618,1.0604087
42,2022,Santander,2022-05-02,3,2022-05-23,1.6659135,1.146635
42,2022,Santander,2022-05-02,4,2022-05-30,1.1533247,1.1481973
42,2022,Santander,2022-05-09,1,2022-05-16,0.9824618,1.0626769
42,2022,Santander,2022-05-09,2,2022-05-23,1.6659135,1.0358114
42,2022,Santander,2022-05-09,3,2022-05-30,1.1533247,1.1007361
42,2022,Santander,2022-05-09,4,2022-06-06,1.8794923,1.1457691
42,2022,Santander,2022-05-16,1,2022-05-23,1.6659135,1.2485073
42,2022,Santander,2022-05-16,2,2022-05-30,1.1533247,1.2184759
42,2022,Santander,2022-05-16,3,2022-06-06,1.8794923,1.2816712
42,2022,Santander,2022-05-16,4,2022-06-13,1.1960404,1.3002018
42,2022,Santander,2022-05-23,1,2022-05-30,1.1533247,1.3001224
42,2022,Santander,2022-05-23,2,2022-06-06,1.8794923,1.2593074
42,2022,Santander,2022-05-23,3,2022-06-13,1.1960404,1.3074256
42,2022,Santander,2022-05-23,4,2022-06-20,0.9397461,1.3047905
42,2022,Santander,2022-05-30,1,2022-06-06,1.8794923,1.5417997
42,2022,Santander,2022-05-30,2,2022-06-13,1.1960404,1.5231934
42,2022,Santander,2022-05-30,3,2022-06-20,0.9397461,1.5785356
42,2022,Santander,2022-05-30,4,2022-06-27,1.7940607,1.5839312
42,2022,Santander,2022-06-06,1,2022-06-13,1.1960404,1.5504591
42,2022,Santander,2022-06-06,2,2022-06-20,0.9397461,1.4910437
42,2022,Santander,2022-06-06,3,2022-06-27,1.7940607,1.5373548
42,2022,Santander,2022-06-06,4,2022-07-04,1.0251775,1.4944994
42,2022,Santander,2022-06-13,1,2022-06-20,0.9397461,1.7446082
42,2022,Santander,2022-06-13,2,2022-06-27,1.7940607,1.6859932
42,2022,Santander,2022-06-13,3,2022-07-04,1.0251775,1.7123885
42,2022,Santander,2022-06-13,4,2022-07-11,1.8794923,1.6857404
42,2022,Santander,2022-06-20,1,2022-06-27,1.7940607,1.614351
42,2022,Santander,2022-06-20,2,2022-07-04,1.0251775,1.5750182
42,2022,Santander,2022-06-20,3,2022-07-11,1.8794923,1.6261888
42,2022,Santander,2022-06-20,4,2022-07-18,0.7688831,1.6135466
42,2022,Santander,2022-06-27,1,2022-07-04,1.0251775,1.4148399
42,2022,Santander,2022-06-27,2,2022-07-11,1.8794923,1.3635645
42,2022,Santander,2022-06-27,3,2022-07-18,0.7688831,1.384419
42,2022,Santander,2022-06-27,4,2022-07-25,1.3241876,1.3843861
42,2022,Santander,2022-07-04,1,2022-07-11,1.8794923,1.6304898
42,2022,Santander,2022-07-04,2,2022-07-18,0.7688831,1.5947391
42,2022,Santander,2022-07-04,3,2022-07-25,1.3241876,1.5861267
42,2022,Santander,2022-07-04,4,2022-08-01,1.5804819,1.5558985
42,2022,Santander,2022-07-11,1,2022-07-18,0.7688831,1.395906
42,2022,Santander,2022-07-11,2,2022-07-25,1.3241876,1.363625
42,2022,Santander,2022-07-11,3,2022-08-01,1.5804819,1.3682244
42,2022,Santander,2022-07-11,4,2022-08-08,1.281472,1.3714265
42,2022,Santander,2022-07-18,1,2022-07-25,1.3241876,1.6356391
42,2022,Santander,2022-07-18,2,2022-08-01,1.5804819,1.6006899
42,2022,Santander,2022-07-18,3,2022-08-08,1.281472,1.6079481
42,2022,Santander,2022-07-18,4,2022-08-15,2.0076394,1.6132232
42,2022,Santander,2022-07-25,1,2022-08-01,1.5804819,1.4020596
42,2022,Santander,2022-07-25,2,2022-08-08,1.281472,1.363446
42,2022,Santander,2022-07-25,3,2022-08-15,2.0076394,1.3664303
42,2022,Santander,2022-07-25,4,2022-08-22,1.4950504,1.3703098
42,2022,Santander,2022-08-01,1,2022-08-08,1.281472,1.3365862
42,2022,Santander,2022-08-01,2,2022-08-15,2.0076394,1.3062344
42,2022,Santander,2022-08-01,3,2022-08-22,1.4950504,1.2975225
42,2022,Santander,2022-08-01,4,2022-08-29,1.5804819,1.3303522
42,2022,Santander,2022-08-08,1,2022-08-15,2.0076394,1.4041092
42,2022,Santander,2022-08-08,2,2022-08-22,1.4950504,1.3677117
42,2022,Santander,2022-08-08,3,2022-08-29,1.5804819,1.357213
42,2022,Santander,2022-08-08,4,2022-09-05,1.5377662,1.3822336
42,2022,Santander,2022-08-15,1,2022-08-22,1.4950504,1.4058896
42,2022,Santander,2022-08-15,2,2022-08-29,1.5804819,1.3676449
42,2022,Santander,2022-08-15,3,2022-09-05,1.5377662,1.3420637
42,2022,Santander,2022-08-15,4,2022-09-12,1.0251775,1.3964721
42,2022,Santander,2022-08-22,1,2022-08-29,1.5804819,1.665338
42,2022,Santander,2022-08-22,2,2022-09-05,1.5377662,1.6264389
42,2022,Santander,2022-08-22,3,2022-09-12,1.0251775,1.6197351
42,2022,Santander,2022-08-22,4,2022-09-19,1.6231978,1.6382854
42,2022,Santander,2022-08-29,1,2022-09-05,1.5377662,1.5708491
42,2022,Santander,2022-08-29,2,2022-09-12,1.0251775,1.5232134
42,2022,Santander,2022-08-29,3,2022-09-19,1.6231978,1.5223297
42,2022,Santander,2022-08-29,4,2022-09-26,1.3669034,1.5648617
42,2022,Santander,2022-09-05,1,2022-09-12,1.0251775,1.6147069
42,2022,Santander,2022-09-05,2,2022-09-19,1.6231978,1.595535
42,2022,Santander,2022-09-05,3,2022-09-26,1.3669034,1.5983583
42,2022,Santander,2022-09-05,4,2022-10-03,1.4523348,1.6525301
42,2022,Santander,2022-09-12,1,2022-09-19,1.6231978,1.6499935
42,2022,Santander,2022-09-12,2,2022-09-26,1.3669034,1.6252813
42,2022,Santander,2022-09-12,3,2022-10-03,1.4523348,1.6210989
42,2022,Santander,2022-09-12,4,2022-10-10,1.3669034,1.6450961
42,2022,Santander,2022-09-19,1,2022-09-26,1.3669034,1.4205306
42,2022,Santander,2022-09-19,2,2022-10-03,1.4523348,1.3761723
42,2022,Santander,2022-09-19,3,2022-10-10,1.3669034,1.3802038
42,2022,Santander,2022-09-19,4,2022-10-17,1.5804819,1.4267185
42,2022,Santander,2022-09-26,1,2022-10-03,1.4523348,1.520978
42,2022,Santander,2022-09-26,2,2022-10-10,1.3669034,1.4930925
42,2022,Santander,2022-09-26,3,2022-10-17,1.5804819,1.5122997
42,2022,Santander,2022-09-26,4,2022-10-24,1.4096191,1.5503982
42,2022,Santander,2022-10-03,1,2022-10-10,1.3669034,1.5194424
42,2022,Santander,2022-10-03,2,2022-10-17,1.5804819,1.492732
42,2022,Santander,2022-10-03,3,2022-10-24,1.4096191,1.5137638
42,2022,Santander,2022-10-03,4,2022-10-31,2.3066492,1.5751317
42,2022,Santander,2022-10-10,1,2022-10-17,1.5804819,1.464545
42,2022,Santander,2022-10-10,2,2022-10-24,1.4096191,1.4532199
42,2022,Santander,2022-10-10,3,2022-10-31,2.3066492,1.4758989
42,2022,Santander,2022-10-10,4,2022-11-07,1.7086293,1.5297219
42,2022,Santander,2022-10-17,1,2022-10-24,1.4096191,1.3969765
42,2022,Santander,2022-10-17,2,2022-10-31,2.3066492,1.3824276
42,2022,Santander,2022-10-17,3,2022-11-07,1.7086293,1.4133872
42,2022,Santander,2022-10-17,4,2022-11-14,2.3066492,1.468094
42,2022,Santander,2022-10-24,1,2022-10-31,2.3066492,1.4226424
42,2022,Santander,2022-10-24,2,2022-11-07,1.7086293,1.4070069
42,2022,Santander,2022-10-24,3,2022-11-14,2.3066492,1.4662939
42,2022,Santander,2022-10-24,4,2022-11-21,2.0930707,1.5125679
42,2022,Santander,2022-10-31,1,2022-11-07,1.7086293,1.2785505
42,2022,Santander,2022-10-31,2,2022-11-14,2.3066492,1.2352661
42,2022,Santander,2022-10-31,3,2022-11-21,2.0930707,1.2702324
42,2022,Santander,2022-10-31,4,2022-11-28,1.5804819,1.3207595
42,2022,Santander,2022-11-07,1,2022-11-14,2.3066492,1.6896166
42,2022,Santander,2022-11-07,2,2022-11-21,2.0930707,1.6525611
42,2022,Santander,2022-11-07,3,2022-11-28,1.5804819,1.7068118
42,2022,Santander,2022-11-07,4,2022-12-05,1.4096191,1.7344545
42,2022,Santander,2022-11-14,1,2022-11-21,2.0930707,1.8097378
42,2022,Santander,2022-11-14,2,2022-11-28,1.5804819,1.770215
42,2022,Santander,2022-11-14,3,2022-12-05,1.4096191,1.8298619
42,2022,Santander,2022-11-14,4,2022-12-12,1.3241876,1.8523338
42,2022,Santander,2022-11-21,1,2022-11-28,1.5804819,1.9422894
42,2022,Santander,2022-11-21,2,2022-12-05,1.4096191,1.878988
42,2022,Santander,2022-11-21,3,2022-12-12,1.3241876,1.9513737
42,2022,Santander,2022-11-21,4,2022-12-19,1.5804819,1.9179404
42,2022,Santander,2022-11-28,1,2022-12-05,1.4096191,2.366185
42,2022,Santander,2022-11-28,2,2022-12-12,1.3241876,2.3372574
42,2022,Santander,2022-11-28,3,2022-12-19,1.5804819,2.4110487
42,2022,Santander,2022-11-28,4,2022-12-26,2.050355,2.4676871
42,2022,Sucre,2022-01-24,1,2022-01-31,2.9329011,2.293835
42,2022,Sucre,2022-01-24,2,2022-02-07,2.8317666,2.3039167
42,2022,Sucre,2022-01-24,3,2022-02-14,2.5283632,2.148314
42,2022,Sucre,2022-01-24,4,2022-02-21,2.8317666,2.2758589
42,2022,Sucre,2022-01-31,1,2022-02-07,2.8317666,1.9851557
42,2022,Sucre,2022-01-31,2,2022-02-14,2.5283632,1.9487407
42,2022,Sucre,2022-01-31,3,2022-02-21,2.8317666,1.7962662
42,2022,Sucre,2022-01-31,4,2022-02-28,3.4385736,1.8968298
42,2022,Sucre,2022-02-07,1,2022-02-14,2.5283632,2.1435072
42,2022,Sucre,2022-02-07,2,2022-02-21,2.8317666,2.0975401
42,2022,Sucre,2022-02-07,3,2022-02-28,3.4385736,1.943836
42,2022,Sucre,2022-02-07,4,2022-03-07,2.9329011,1.9555688
42,2022,Sucre,2022-02-14,1,2022-02-21,2.8317666,2.3917716
42,2022,Sucre,2022-02-14,2,2022-02-28,3.4385736,2.34271
42,2022,Sucre,2022-02-14,3,2022-03-07,2.9329011,2.1612284
42,2022,Sucre,2022-02-14,4,2022-03-14,3.0340357,2.141217
42,2022,Sucre,2022-02-21,1,2022-02-28,3.4385736,2.1206937
42,2022,Sucre,2022-02-21,2,2022-03-07,2.9329011,2.03333
42,2022,Sucre,2022-02-21,3,2022-03-14,3.0340357,1.8946897
42,2022,Sucre,2022-02-21,4,2022-03-21,3.2363048,1.8661377
42,2022,Sucre,2022-02-28,1,2022-03-07,2.9329011,2.222545
42,2022,Sucre,2022-02-28,2,2022-03-14,3.0340357,2.173387
42,2022,Sucre,2022-02-28,3,2022-03-21,3.2363048,2.0934222
42,2022,Sucre,2022-02-28,4,2022-03-28,4.955592,1.997344
42,2022,Sucre,2022-03-07,1,2022-03-14,3.0340357,2.5629742
42,2022,Sucre,2022-03-07,2,2022-03-21,3.2363048,2.5719666
42,2022,Sucre,2022-03-07,3,2022-03-28,4.955592,2.533098
42,2022,Sucre,2022-03-07,4,2022-04-04,4.045381,2.4108796
42,2022,Sucre,2022-03-14,1,2022-03-21,3.2363048,2.4646537
42,2022,Sucre,2022-03-14,2,2022-03-28,4.955592,2.4355347
42,2022,Sucre,2022-03-14,3,2022-04-04,4.045381,2.4358275
42,2022,Sucre,2022-03-14,4,2022-04-11,3.640843,2.3347025
42,2022,Sucre,2022-03-21,1,2022-03-28,4.955592,2.8408766
42,2022,Sucre,2022-03-21,2,2022-04-04,4.045381,2.8383925
42,2022,Sucre,2022-03-21,3,2022-04-11,3.640843,2.8322139
42,2022,Sucre,2022-03-21,4,2022-04-18,3.1351702,2.765241
42,2022,Sucre,2022-03-28,1,2022-04-04,4.045381,3.0951955
42,2022,Sucre,2022-03-28,2,2022-04-11,3.640843,3.148442
42,2022,Sucre,2022-03-28,3,2022-04-18,3.1351702,3.2187965
42,2022,Sucre,2022-03-28,4,2022-04-25,4.955592,3.130413
42,2022,Sucre,2022-04-04,1,2022-04-11,3.640843,4.3745756
42,2022,Sucre,2022-04-04,2,2022-04-18,3.1351702,4.5605645
42,2022,Sucre,2022-04-04,3,2022-04-25,4.955592,4.739698
42,2022,Sucre,2022-04-04,4,2022-05-02,7.4839544,4.7171526
42,2022,Sucre,2022-04-11,1,2022-04-18,3.1351702,4.900921
42,2022,Sucre,2022-04-11,2,2022-04-25,4.955592,5.1237364
42,2022,Sucre,2022-04-11,3,2022-05-02,7.4839544,5.327299
42,2022,Sucre,2022-04-11,4,2022-05-09,5.8658023,5.367882
42,2022,Sucre,2022-04-18,1,2022-04-25,4.955592,4.6268983
42,2022,Sucre,2022-04-18,2,2022-05-02,7.4839544,4.80299
42,2022,Sucre,2022-04-18,3,2022-05-09,5.8658023,5.0298867
42,2022,Sucre,2022-04-18,4,2022-05-16,9.911184,5.016571
42,2022,Sucre,2022-04-25,1,2022-05-02,7.4839544,4.2210307
42,2022,Sucre,2022-04-25,2,2022-05-09,5.8658023,4.328736
42,2022,Sucre,2022-04-25,3,2022-05-16,9.911184,4.4621987
42,2022,Sucre,2022-04-25,4,2022-05-23,11.832741,4.4791837
42,2022,Sucre,2022-05-02,1,2022-05-09,5.8658023,5.032224
42,2022,Sucre,2022-05-02,2,2022-05-16,9.911184,5.111729
42,2022,Sucre,2022-05-02,3,2022-05-23,11.832741,5.235161
42,2022,Sucre,2022-05-02,4,2022-05-30,12.237277,5.2104177
42,2022,Sucre,2022-05-09,1,2022-05-16,9.911184,7.191642
42,2022,Sucre,2022-05-09,2,2022-05-23,11.832741,7.4186645
42,2022,Sucre,2022-05-09,3,2022-05-30,12.237277,7.703256
42,2022,Sucre,2022-05-09,4,2022-06-06,10.72026,7.57612
42,2022,Sucre,2022-05-16,1,2022-05-23,11.832741,6.9496565
42,2022,Sucre,2022-05-16,2,2022-05-30,12.237277,7.044494
42,2022,Sucre,2022-05-16,3,2022-06-06,10.72026,7.3070397
42,2022,Sucre,2022-05-16,4,2022-06-13,11.023664,7.1704826
42,2022,Sucre,2022-05-23,1,2022-05-30,12.237277,9.011919
42,2022,Sucre,2022-05-23,2,2022-06-06,10.72026,8.982784
42,2022,Sucre,2022-05-23,3,2022-06-13,11.023664,9.212838
42,2022,Sucre,2022-05-23,4,2022-06-20,5.966937,8.705805
42,2022,Sucre,2022-05-30,1,2022-06-06,10.72026,11.656592
42,2022,Sucre,2022-05-30,2,2022-06-13,11.023664,11.475789
42,2022,Sucre,2022-05-30,3,2022-06-20,5.966937,11.519176
42,2022,Sucre,2022-05-30,4,2022-06-27,11.023664,10.56731
42,2022,Sucre,2022-06-06,1,2022-06-13,11.023664,13.286494
42,2022,Sucre,2022-06-06,2,2022-06-20,5.966937,12.799852
42,2022,Sucre,2022-06-06,3,2022-06-27,11.023664,12.465127
42,2022,Sucre,2022-06-06,4,2022-07-04,11.124799,11.595222
42,2022,Sucre,2022-06-13,1,2022-06-20,5.966937,11.783774
42,2022,Sucre,2022-06-13,2,2022-06-27,11.023664,11.108982
42,2022,Sucre,2022-06-13,3,2022-07-04,11.124799,10.54632
42,2022,Sucre,2022-06-13,4,2022-07-11,11.428203,9.834002
42,2022,Sucre,2022-06-20,1,2022-06-27,11.023664,11.421552
42,2022,Sucre,2022-06-20,2,2022-07-04,11.124799,10.735248
42,2022,Sucre,2022-06-20,3,2022-07-11,11.428203,10.112126
42,2022,Sucre,2022-06-20,4,2022-07-18,11.124799,9.484851
42,2022,Sucre,2022-06-27,1,2022-07-04,11.124799,7.81715
42,2022,Sucre,2022-06-27,2,2022-07-11,11.428203,7.1856756
42,2022,Sucre,2022-06-27,3,2022-07-18,11.124799,6.6978955
42,2022,Sucre,2022-06-27,4,2022-07-25,11.529337,6.4153237
42,2022,Sucre,2022-07-04,1,2022-07-11,11.428203,9.000029
42,2022,Sucre,2022-07-04,2,2022-07-18,11.124799,8.192521
42,2022,Sucre,2022-07-04,3,2022-07-25,11.529337,7.425596
42,2022,Sucre,2022-07-04,4,2022-08-01,10.113454,6.8564143
42,2022,Sucre,2022-07-11,1,2022-07-18,11.124799,9.096936
42,2022,Sucre,2022-07-11,2,2022-07-25,11.529337,8.455559
42,2022,Sucre,2022-07-11,3,2022-08-01,10.113454,7.6726165
42,2022,Sucre,2022-07-11,4,2022-08-08,10.821393,7.065575
42,2022,Sucre,2022-07-18,1,2022-07-25,11.529337,9.557745
42,2022,Sucre,2022-07-18,2,2022-08-01,10.113454,8.949116
42,2022,Sucre,2022-07-18,3,2022-08-08,10.821393,8.309596
42,2022,Sucre,2022-07-18,4,2022-08-15,10.315721,7.800953
42,2022,Sucre,2022-07-25,1,2022-08-01,10.113454,9.822022
42,2022,Sucre,2022-07-25,2,2022-08-08,10.821393,9.088469
42,2022,Sucre,2022-07-25,3,2022-08-15,10.315721,8.361019
42,2022,Sucre,2022-07-25,4,2022-08-22,9.60778,7.812335
42,2022,Sucre,2022-08-01,1,2022-08-08,10.821393,9.817338
42,2022,Sucre,2022-08-01,2,2022-08-15,10.315721,9.069703
42,2022,Sucre,2022-08-01,3,2022-08-22,9.60778,8.226212
42,2022,Sucre,2022-08-01,4,2022-08-29,8.697571,7.6963243
42,2022,Sucre,2022-08-08,1,2022-08-15,10.315721,8.808921
42,2022,Sucre,2022-08-08,2,2022-08-22,9.60778,8.069529
42,2022,Sucre,2022-08-08,3,2022-08-29,8.697571,7.4226174
42,2022,Sucre,2022-08-08,4,2022-09-05,12.641817,6.9359574
42,2022,Sucre,2022-08-15,1,2022-08-22,9.60778,9.11412
42,2022,Sucre,2022-08-15,2,2022-08-29,8.697571,8.371709
42,2022,Sucre,2022-08-15,3,2022-09-05,12.641817,7.775006
42,2022,Sucre,2022-08-15,4,2022-09-12,7.787358,7.215447
42,2022,Sucre,2022-08-22,1,2022-08-29,8.697571,9.016312
42,2022,Sucre,2022-08-22,2,2022-09-05,12.641817,8.249218
42,2022,Sucre,2022-08-22,3,2022-09-12,7.787358,7.6381855
42,2022,Sucre,2022-08-22,4,2022-09-19,7.8884926,7.149349
42,2022,Sucre,2022-08-29,1,2022-09-05,12.641817,8.456147
42,2022,Sucre,2022-08-29,2,2022-09-12,7.787358,7.7710004
42,2022,Sucre,2022-08-29,3,2022-09-19,7.8884926,7.320917
42,2022,Sucre,2022-08-29,4,2022-09-26,8.293031,6.8766985
42,2022,Sucre,2022-09-05,1,2022-09-12,7.787358,8.024483
42,2022,Sucre,2022-09-05,2,2022-09-19,7.8884926,7.437895
42,2022,Sucre,2022-09-05,3,2022-09-26,8.293031,7.042808
42,2022,Sucre,2022-09-05,4,2022-10-03,7.0794168,6.597275
42,2022,Sucre,2022-09-12,1,2022-09-19,7.8884926,9.86933
42,2022,Sucre,2022-09-12,2,2022-09-26,8.293031,9.309338
42,2022,Sucre,2022-09-12,3,2022-10-03,7.0794168,8.93767
42,2022,Sucre,2022-09-12,4,2022-10-10,8.8998375,8.161786
42,2022,Sucre,2022-09-19,1,2022-09-26,8.293031,8.131139
42,2022,Sucre,2022-09-19,2,2022-10-03,7.0794168,7.743359
42,2022,Sucre,2022-09-19,3,2022-10-10,8.8998375,7.4093666
42,2022,Sucre,2022-09-19,4,2022-10-17,6.674878,6.676375
42,2022,Sucre,2022-09-26,1,2022-10-03,7.0794168,7.590289
42,2022,Sucre,2022-09-26,2,2022-10-10,8.8998375,7.2140546
42,2022,Sucre,2022-09-26,3,2022-10-17,6.674878,6.9931803
42,2022,Sucre,2022-09-26,4,2022-10-24,8.8998375,6.5388227
42,2022,Sucre,2022-10-03,1,2022-10-10,8.8998375,7.768347
42,2022,Sucre,2022-10-03,2,2022-10-17,6.674878,7.488284
42,2022,Sucre,2022-10-03,3,2022-10-24,8.8998375,7.290046
42,2022,Sucre,2022-10-03,4,2022-10-31,8.596435,6.660924
42,2022,Sucre,2022-10-10,1,2022-10-17,6.674878,7.3119097
42,2022,Sucre,2022-10-10,2,2022-10-24,8.8998375,7.119864
42,2022,Sucre,2022-10-10,3,2022-10-31,8.596435,7.1684103
42,2022,Sucre,2022-10-10,4,2022-11-07,9.102108,6.538537
42,2022,Sucre,2022-10-17,1,2022-10-24,8.8998375,8.444205
42,2022,Sucre,2022-10-17,2,2022-10-31,8.596435,8.1503105
42,2022,Sucre,2022-10-17,3,2022-11-07,9.102108,8.23786
42,2022,Sucre,2022-10-17,4,2022-11-14,6.1692066,7.556774
42,2022,Sucre,2022-10-24,1,2022-10-31,8.596435,7.6137652
42,2022,Sucre,2022-10-24,2,2022-11-07,9.102108,7.295561
42,2022,Sucre,2022-10-24,3,2022-11-14,6.1692066,7.456494
42,2022,Sucre,2022-10-24,4,2022-11-21,6.068072,6.9080753
42,2022,Sucre,2022-10-31,1,2022-11-07,9.102108,9.029019
42,2022,Sucre,2022-10-31,2,2022-11-14,6.1692066,8.538716
42,2022,Sucre,2022-10-31,3,2022-11-21,6.068072,8.619577
42,2022,Sucre,2022-10-31,4,2022-11-28,5.6635337,8.028823
42,2022,Sucre,2022-11-07,1,2022-11-14,6.1692066,8.93392
42,2022,Sucre,2022-11-07,2,2022-11-21,6.068072,8.495704
42,2022,Sucre,2022-11-07,3,2022-11-28,5.6635337,8.696461
42,2022,Sucre,2022-11-07,4,2022-12-05,8.090762,7.797422
42,2022,Sucre,2022-11-14,1,2022-11-21,6.068072,9.462464
42,2022,Sucre,2022-11-14,2,2022-11-28,5.6635337,9.076324
42,2022,Sucre,2022-11-14,3,2022-12-05,8.090762,9.358964
42,2022,Sucre,2022-11-14,4,2022-12-12,7.9896274,8.378692
42,2022,Sucre,2022-11-21,1,2022-11-28,5.6635337,8.05229
42,2022,Sucre,2022-11-21,2,2022-12-05,8.090762,7.6993084
42,2022,Sucre,2022-11-21,3,2022-12-12,7.9896274,7.945042
42,2022,Sucre,2022-11-21,4,2022-12-19,8.495301,7.1895914
42,2022,Sucre,2022-11-28,1,2022-12-05,8.090762,7.158953
42,2022,Sucre,2022-11-28,2,2022-12-12,7.9896274,6.8869905
42,2022,Sucre,2022-11-28,3,2022-12-19,8.495301,7.0634313
42,2022,Sucre,2022-11-28,4,2022-12-26,8.697571,6.540212
42,2022,Tolima,2022-01-24,1,2022-01-31,0.3654049,0.8832639
42,2022,Tolima,2022-01-24,2,2022-02-07,0.5846479,0.9003554
42,2022,Tolima,2022-01-24,3,2022-02-14,0.14616196,0.89161205
42,2022,Tolima,2022-01-24,4,2022-02-21,0.8769719,0.9254968
42,2022,Tolima,2022-01-31,1,2022-02-07,0.5846479,0.8822198
42,2022,Tolima,2022-01-31,2,2022-02-14,0.14616196,0.867699
42,2022,Tolima,2022-01-31,3,2022-02-21,0.8769719,0.8571688
42,2022,Tolima,2022-01-31,4,2022-02-28,0.65772885,0.8723678
42,2022,Tolima,2022-02-07,1,2022-02-14,0.14616196,0.6748886
42,2022,Tolima,2022-02-07,2,2022-02-21,0.8769719,0.6488095
42,2022,Tolima,2022-02-07,3,2022-02-28,0.65772885,0.6779379
42,2022,Tolima,2022-02-07,4,2022-03-07,0.7308098,0.68112063
42,2022,Tolima,2022-02-14,1,2022-02-21,0.8769719,0.67576045
42,2022,Tolima,2022-02-14,2,2022-02-28,0.65772885,0.65750617
42,2022,Tolima,2022-02-14,3,2022-03-07,0.7308098,0.6752788
42,2022,Tolima,2022-02-14,4,2022-03-14,0.5115669,0.6585826
42,2022,Tolima,2022-02-21,1,2022-02-28,0.65772885,0.5283636
42,2022,Tolima,2022-02-21,2,2022-03-07,0.7308098,0.52053237
42,2022,Tolima,2022-02-21,3,2022-03-14,0.5115669,0.55350614
42,2022,Tolima,2022-02-21,4,2022-03-21,0.8038908,0.49439713
42,2022,Tolima,2022-02-28,1,2022-03-07,0.7308098,0.6042421
42,2022,Tolima,2022-02-28,2,2022-03-14,0.5115669,0.6152361
42,2022,Tolima,2022-02-28,3,2022-03-21,0.8038908,0.626741
42,2022,Tolima,2022-02-28,4,2022-03-28,0.8038908,0.6013416
42,2022,Tolima,2022-03-07,1,2022-03-14,0.5115669,0.63512725
42,2022,Tolima,2022-03-07,2,2022-03-21,0.8038908,0.6444441
42,2022,Tolima,2022-03-07,3,2022-03-28,0.8038908,0.71007264
42,2022,Tolima,2022-03-07,4,2022-04-04,0.7308098,0.6758018
42,2022,Tolima,2022-03-14,1,2022-03-21,0.8038908,0.7068034
42,2022,Tolima,2022-03-14,2,2022-03-28,0.8038908,0.70863914
42,2022,Tolima,2022-03-14,3,2022-04-04,0.7308098,0.7798046
42,2022,Tolima,2022-03-14,4,2022-04-11,0.9500528,0.74603504
42,2022,Tolima,2022-03-21,1,2022-03-28,0.8038908,0.6900017
42,2022,Tolima,2022-03-21,2,2022-04-04,0.7308098,0.70021963
42,2022,Tolima,2022-03-21,3,2022-04-11,0.9500528,0.7490996
42,2022,Tolima,2022-03-21,4,2022-04-18,1.4616197,0.70919377
42,2022,Tolima,2022-03-28,1,2022-04-04,0.7308098,0.80298465
42,2022,Tolima,2022-03-28,2,2022-04-11,0.9500528,0.7913824
42,2022,Tolima,2022-03-28,3,2022-04-18,1.4616197,0.8338992
42,2022,Tolima,2022-03-28,4,2022-04-25,1.2423768,0.79604167
42,2022,Tolima,2022-04-04,1,2022-04-11,0.9500528,0.79961735
42,2022,Tolima,2022-04-04,2,2022-04-18,1.4616197,0.78572214
42,2022,Tolima,2022-04-04,3,2022-04-25,1.2423768,0.8662732
42,2022,Tolima,2022-04-04,4,2022-05-02,1.8270245,0.78091896
42,2022,Tolima,2022-04-11,1,2022-04-18,1.4616197,0.8127834
42,2022,Tolima,2022-04-11,2,2022-04-25,1.2423768,0.79595196
42,2022,Tolima,2022-04-11,3,2022-05-02,1.8270245,0.85757047
42,2022,Tolima,2022-04-11,4,2022-05-09,1.5347006,0.77923024
42,2022,Tolima,2022-04-18,1,2022-04-25,1.2423768,0.9966948
42,2022,Tolima,2022-04-18,2,2022-05-02,1.8270245,0.956278
42,2022,Tolima,2022-04-18,3,2022-05-09,1.5347006,1.026675
42,2022,Tolima,2022-04-18,4,2022-05-16,1.1692957,0.9444764
42,2022,Tolima,2022-04-25,1,2022-05-02,1.8270245,1.1743313
42,2022,Tolima,2022-04-25,2,2022-05-09,1.5347006,1.120526
42,2022,Tolima,2022-04-25,3,2022-05-16,1.1692957,1.2220047
42,2022,Tolima,2022-04-25,4,2022-05-23,1.4616197,1.1671268
42,2022,Tolima,2022-05-02,1,2022-05-09,1.5347006,1.2826355
42,2022,Tolima,2022-05-02,2,2022-05-16,1.1692957,1.2176265
42,2022,Tolima,2022-05-02,3,2022-05-23,1.4616197,1.3467789
42,2022,Tolima,2022-05-02,4,2022-05-30,1.5347006,1.248504
42,2022,Tolima,2022-05-09,1,2022-05-16,1.1692957,1.6077728
42,2022,Tolima,2022-05-09,2,2022-05-23,1.4616197,1.5713488
42,2022,Tolima,2022-05-09,3,2022-05-30,1.5347006,1.6842575
42,2022,Tolima,2022-05-09,4,2022-06-06,1.1692957,1.6018147
42,2022,Tolima,2022-05-16,1,2022-05-23,1.4616197,1.7069672
42,2022,Tolima,2022-05-16,2,2022-05-30,1.5347006,1.6491494
42,2022,Tolima,2022-05-16,3,2022-06-06,1.1692957,1.7197855
42,2022,Tolima,2022-05-16,4,2022-06-13,1.3885387,1.6329135
42,2022,Tolima,2022-05-23,1,2022-05-30,1.5347006,1.4721382
42,2022,Tolima,2022-05-23,2,2022-06-06,1.1692957,1.424986
42,2022,Tolima,2022-05-23,3,2022-06-13,1.3885387,1.4786867
42,2022,Tolima,2022-05-23,4,2022-06-20,1.1692957,1.4294063
42,2022,Tolima,2022-05-30,1,2022-06-06,1.1692957,1.4590813
42,2022,Tolima,2022-05-30,2,2022-06-13,1.3885387,1.4259115
42,2022,Tolima,2022-05-30,3,2022-06-20,1.1692957,1.4645071
42,2022,Tolima,2022-05-30,4,2022-06-27,1.3885387,1.410249
42,2022,Tolima,2022-06-06,1,2022-06-13,1.3885387,1.5355527
42,2022,Tolima,2022-06-06,2,2022-06-20,1.1692957,1.4770553
42,2022,Tolima,2022-06-06,3,2022-06-27,1.3885387,1.5432147
42,2022,Tolima,2022-06-06,4,2022-07-04,2.4116726,1.4330288
42,2022,Tolima,2022-06-13,1,2022-06-20,1.1692957,1.4677858
42,2022,Tolima,2022-06-13,2,2022-06-27,1.3885387,1.3961861
42,2022,Tolima,2022-06-13,3,2022-07-04,2.4116726,1.4354734
42,2022,Tolima,2022-06-13,4,2022-07-11,2.1924295,1.3657763
42,2022,Tolima,2022-06-20,1,2022-06-27,1.3885387,1.3325715
42,2022,Tolima,2022-06-20,2,2022-07-04,2.4116726,1.2915982
42,2022,Tolima,2022-06-20,3,2022-07-11,2.1924295,1.3590592
42,2022,Tolima,2022-06-20,4,2022-07-18,2.0462677,1.3150125
42,2022,Tolima,2022-06-27,1,2022-07-04,2.4116726,1.3419232
42,2022,Tolima,2022-06-27,2,2022-07-11,2.1924295,1.2804133
42,2022,Tolima,2022-06-27,3,2022-07-18,2.0462677,1.343901
42,2022,Tolima,2022-06-27,4,2022-07-25,1.6077816,1.2864927
42,2022,Tolima,2022-07-04,1,2022-07-11,2.1924295,1.390865
42,2022,Tolima,2022-07-04,2,2022-07-18,2.0462677,1.3467727
42,2022,Tolima,2022-07-04,3,2022-07-25,1.6077816,1.3793136
42,2022,Tolima,2022-07-04,4,2022-08-01,1.4616197,1.346967
42,2022,Tolima,2022-07-11,1,2022-07-18,2.0462677,1.7631837
42,2022,Tolima,2022-07-11,2,2022-07-25,1.6077816,1.7458949
42,2022,Tolima,2022-07-11,3,2022-08-01,1.4616197,1.7529075
42,2022,Tolima,2022-07-11,4,2022-08-08,1.4616197,1.7420632
42,2022,Tolima,2022-07-18,1,2022-07-25,1.6077816,2.0865982
42,2022,Tolima,2022-07-18,2,2022-08-01,1.4616197,2.051382
42,2022,Tolima,2022-07-18,3,2022-08-08,1.4616197,2.06277
42,2022,Tolima,2022-07-18,4,2022-08-15,1.4616197,2.0415545
42,2022,Tolima,2022-07-25,1,2022-08-01,1.4616197,2.01984
42,2022,Tolima,2022-07-25,2,2022-08-08,1.4616197,1.9829537
42,2022,Tolima,2022-07-25,3,2022-08-15,1.4616197,2.004737
42,2022,Tolima,2022-07-25,4,2022-08-22,1.3885387,2.0057266
42,2022,Tolima,2022-08-01,1,2022-08-08,1.4616197,1.8828183
42,2022,Tolima,2022-08-01,2,2022-08-15,1.4616197,1.8529578
42,2022,Tolima,2022-08-01,3,2022-08-22,1.3885387,1.8985553
42,2022,Tolima,2022-08-01,4,2022-08-29,1.6077816,1.9201658
42,2022,Tolima,2022-08-08,1,2022-08-15,1.4616197,1.662484
42,2022,Tolima,2022-08-08,2,2022-08-22,1.3885387,1.6219124
42,2022,Tolima,2022-08-08,3,2022-08-29,1.6077816,1.6818746
42,2022,Tolima,2022-08-08,4,2022-09-05,1.6077816,1.6877934
42,2022,Tolima,2022-08-15,1,2022-08-22,1.3885387,1.61416
42,2022,Tolima,2022-08-15,2,2022-08-29,1.6077816,1.5906497
42,2022,Tolima,2022-08-15,3,2022-09-05,1.6077816,1.6349596
42,2022,Tolima,2022-08-15,4,2022-09-12,1.4616197,1.64935
42,2022,Tolima,2022-08-22,1,2022-08-29,1.6077816,1.6012132
42,2022,Tolima,2022-08-22,2,2022-09-05,1.6077816,1.6015756
42,2022,Tolima,2022-08-22,3,2022-09-12,1.4616197,1.6034602
42,2022,Tolima,2022-08-22,4,2022-09-19,2.1193485,1.6194773
42,2022,Tolima,2022-08-29,1,2022-09-05,1.6077816,1.4760534
42,2022,Tolima,2022-08-29,2,2022-09-12,1.4616197,1.4599885
42,2022,Tolima,2022-08-29,3,2022-09-19,2.1193485,1.5206478
42,2022,Tolima,2022-08-29,4,2022-09-26,1.8270245,1.5349635
42,2022,Tolima,2022-09-05,1,2022-09-12,1.4616197,1.5592641
42,2022,Tolima,2022-09-05,2,2022-09-19,2.1193485,1.5893729
42,2022,Tolima,2022-09-05,3,2022-09-26,1.8270245,1.6359453
42,2022,Tolima,2022-09-05,4,2022-10-03,2.1924295,1.6693676
42,2022,Tolima,2022-09-12,1,2022-09-19,2.1193485,1.6438986
42,2022,Tolima,2022-09-12,2,2022-09-26,1.8270245,1.6559682
42,2022,Tolima,2022-09-12,3,2022-10-03,2.1924295,1.753717
42,2022,Tolima,2022-09-12,4,2022-10-10,2.7770774,1.7597084
42,2022,Tolima,2022-09-19,1,2022-09-26,1.8270245,1.6626165
42,2022,Tolima,2022-09-19,2,2022-10-03,2.1924295,1.6502471
42,2022,Tolima,2022-09-19,3,2022-10-10,2.7770774,1.8119518
42,2022,Tolima,2022-09-19,4,2022-10-17,2.5578344,1.8073456
42,2022,Tolima,2022-09-26,1,2022-10-03,2.1924295,1.8683643
42,2022,Tolima,2022-09-26,2,2022-10-10,2.7770774,1.876073
42,2022,Tolima,2022-09-26,3,2022-10-17,2.5578344,2.0302415
42,2022,Tolima,2022-09-26,4,2022-10-24,3.4348063,2.039886
42,2022,Tolima,2022-10-03,1,2022-10-10,2.7770774,1.9890313
42,2022,Tolima,2022-10-03,2,2022-10-17,2.5578344,1.998991
42,2022,Tolima,2022-10-03,3,2022-10-24,3.4348063,2.1539185
42,2022,Tolima,2022-10-03,4,2022-10-31,2.9232395,2.186331
42,2022,Tolima,2022-10-10,1,2022-10-17,2.5578344,2.0609283
42,2022,Tolima,2022-10-10,2,2022-10-24,3.4348063,2.1094515
42,2022,Tolima,2022-10-10,3,2022-10-31,2.9232395,2.2099373
42,2022,Tolima,2022-10-10,4,2022-11-07,2.9232395,2.2710602
42,2022,Tolima,2022-10-17,1,2022-10-24,3.4348063,2.4163735
42,2022,Tolima,2022-10-17,2,2022-10-31,2.9232395,2.4537463
42,2022,Tolima,2022-10-17,3,2022-11-07,2.9232395,2.6188397
42,2022,Tolima,2022-10-17,4,2022-11-14,2.2655106,2.684847
42,2022,Tolima,2022-10-24,1,2022-10-31,2.9232395,2.4794333
42,2022,Tolima,2022-10-24,2,2022-11-07,2.9232395,2.4964564
42,2022,Tolima,2022-10-24,3,2022-11-14,2.2655106,2.728438
42,2022,Tolima,2022-10-24,4,2022-11-21,2.8501582,2.7827194
42,2022,Tolima,2022-10-31,1,2022-11-07,2.9232395,2.8385687
42,2022,Tolima,2022-10-31,2,2022-11-14,2.2655106,2.8197508
42,2022,Tolima,2022-10-31,3,2022-11-21,2.8501582,3.0738819
42,2022,Tolima,2022-10-31,4,2022-11-28,2.5578344,3.13732
42,2022,Tolima,2022-11-07,1,2022-11-14,2.2655106,3.2592251
42,2022,Tolima,2022-11-07,2,2022-11-21,2.8501582,3.2116451
42,2022,Tolima,2022-11-07,3,2022-11-28,2.5578344,3.564655
42,2022,Tolima,2022-11-07,4,2022-12-05,3.2155635,3.631908
42,2022,Tolima,2022-11-14,1,2022-11-21,2.8501582,3.3226495
42,2022,Tolima,2022-11-14,2,2022-11-28,2.5578344,3.2830997
42,2022,Tolima,2022-11-14,3,2022-12-05,3.2155635,3.6040046
42,2022,Tolima,2022-11-14,4,2022-12-12,2.1193485,3.666103
42,2022,Tolima,2022-11-21,1,2022-11-28,2.5578344,2.9002855
42,2022,Tolima,2022-11-21,2,2022-12-05,3.2155635,2.85089
42,2022,Tolima,2022-11-21,3,2022-12-12,2.1193485,3.1445038
42,2022,Tolima,2022-11-21,4,2022-12-19,2.9963205,3.1028478
42,2022,Tolima,2022-11-28,1,2022-12-05,3.2155635,3.0838025
42,2022,Tolima,2022-11-28,2,2022-12-12,2.1193485,3.0637338
42,2022,Tolima,2022-11-28,3,2022-12-19,2.9963205,3.2981553
42,2022,Tolima,2022-11-28,4,2022-12-26,2.4116726,3.3187215
42,2022,Valle Del Cauca,2022-01-24,1,2022-01-31,1.5025294,1.4165908
42,2022,Valle Del Cauca,2022-01-24,2,2022-02-07,1.5025294,1.5030379
42,2022,Valle Del Cauca,2022-01-24,3,2022-02-14,0.944447,1.4303529
42,2022,Valle Del Cauca,2022-01-24,4,2022-02-21,1.373741,1.447475
42,2022,Valle Del Cauca,2022-01-31,1,2022-02-07,1.5025294,1.4738219
42,2022,Valle Del Cauca,2022-01-31,2,2022-02-14,0.944447,1.542253
42,2022,Valle Del Cauca,2022-01-31,3,2022-02-21,1.373741,1.5105394
42,2022,Valle Del Cauca,2022-01-31,4,2022-02-28,1.1805587,1.5180877
42,2022,Valle Del Cauca,2022-02-07,1,2022-02-14,0.944447,1.5045615
42,2022,Valle Del Cauca,2022-02-07,2,2022-02-21,1.373741,1.56833
42,2022,Valle Del Cauca,2022-02-07,3,2022-02-28,1.1805587,1.5253358
42,2022,Valle Del Cauca,2022-02-07,4,2022-03-07,1.3093469,1.5229284
42,2022,Valle Del Cauca,2022-02-14,1,2022-02-21,1.373741,1.5530409
42,2022,Valle Del Cauca,2022-02-14,2,2022-02-28,1.1805587,1.6338598
42,2022,Valle Del Cauca,2022-02-14,3,2022-03-07,1.3093469,1.5899429
42,2022,Valle Del Cauca,2022-02-14,4,2022-03-14,1.008841,1.6139946
42,2022,Valle Del Cauca,2022-02-21,1,2022-02-28,1.1805587,1.4516982
42,2022,Valle Del Cauca,2022-02-21,2,2022-03-07,1.3093469,1.4959706
42,2022,Valle Del Cauca,2022-02-21,3,2022-03-14,1.008841,1.4726267
42,2022,Valle Del Cauca,2022-02-21,4,2022-03-21,1.4381353,1.4982885
42,2022,Valle Del Cauca,2022-02-28,1,2022-03-07,1.3093469,1.3576465
42,2022,Valle Del Cauca,2022-02-28,2,2022-03-14,1.008841,1.435603
42,2022,Valle Del Cauca,2022-02-28,3,2022-03-21,1.4381353,1.3856966
42,2022,Valle Del Cauca,2022-02-28,4,2022-03-28,1.3308116,1.4154524
42,2022,Valle Del Cauca,2022-03-07,1,2022-03-14,1.008841,1.387469
42,2022,Valle Del Cauca,2022-03-07,2,2022-03-21,1.4381353,1.4457585
42,2022,Valle Del Cauca,2022-03-07,3,2022-03-28,1.3308116,1.4141718
42,2022,Valle Del Cauca,2022-03-07,4,2022-04-04,1.2449529,1.4142267
42,2022,Valle Del Cauca,2022-03-14,1,2022-03-21,1.4381353,1.487906
42,2022,Valle Del Cauca,2022-03-14,2,2022-03-28,1.3308116,1.5067774
42,2022,Valle Del Cauca,2022-03-14,3,2022-04-04,1.2449529,1.5025083
42,2022,Valle Del Cauca,2022-03-14,4,2022-04-11,1.0517706,1.4909034
42,2022,Valle Del Cauca,2022-03-21,1,2022-03-28,1.3308116,1.4522462
42,2022,Valle Del Cauca,2022-03-21,2,2022-04-04,1.2449529,1.4838551
42,2022,Valle Del Cauca,2022-03-21,3,2022-04-11,1.0517706,1.4932567
42,2022,Valle Del Cauca,2022-03-21,4,2022-04-18,1.0946999,1.5132755
42,2022,Valle Del Cauca,2022-03-28,1,2022-04-04,1.2449529,1.506298
42,2022,Valle Del Cauca,2022-03-28,2,2022-04-11,1.0517706,1.5371025
42,2022,Valle Del Cauca,2022-03-28,3,2022-04-18,1.0946999,1.560978
42,2022,Valle Del Cauca,2022-03-28,4,2022-04-25,1.1161646,1.571325
42,2022,Valle Del Cauca,2022-04-04,1,2022-04-11,1.0517706,1.4377319
42,2022,Valle Del Cauca,2022-04-04,2,2022-04-18,1.0946999,1.4835353
42,2022,Valle Del Cauca,2022-04-04,3,2022-04-25,1.1161646,1.4947828
42,2022,Valle Del Cauca,2022-04-04,4,2022-05-02,1.0732353,1.5349271
42,2022,Valle Del Cauca,2022-04-11,1,2022-04-18,1.0946999,1.3739122
42,2022,Valle Del Cauca,2022-04-11,2,2022-04-25,1.1161646,1.4174019
42,2022,Valle Del Cauca,2022-04-11,3,2022-05-02,1.0732353,1.417914
42,2022,Valle Del Cauca,2022-04-11,4,2022-05-09,1.1805587,1.4409842
42,2022,Valle Del Cauca,2022-04-18,1,2022-04-25,1.1161646,1.3507044
42,2022,Valle Del Cauca,2022-04-18,2,2022-05-02,1.0732353,1.3887769
42,2022,Valle Del Cauca,2022-04-18,3,2022-05-09,1.1805587,1.3885853
42,2022,Valle Del Cauca,2022-04-18,4,2022-05-16,1.2878822,1.3744678
42,2022,Valle Del Cauca,2022-04-25,1,2022-05-02,1.0732353,1.340391
42,2022,Valle Del Cauca,2022-04-25,2,2022-05-09,1.1805587,1.3594397
42,2022,Valle Del Cauca,2022-04-25,3,2022-05-16,1.2878822,1.3881912
42,2022,Valle Del Cauca,2022-04-25,4,2022-05-23,1.2020234,1.3860145
42,2022,Valle Del Cauca,2022-05-02,1,2022-05-09,1.1805587,1.3001665
42,2022,Valle Del Cauca,2022-05-02,2,2022-05-16,1.2878822,1.3249338
42,2022,Valle Del Cauca,2022-05-02,3,2022-05-23,1.2020234,1.3339244
42,2022,Valle Del Cauca,2022-05-02,4,2022-05-30,0.944447,1.3512893
42,2022,Valle Del Cauca,2022-05-09,1,2022-05-16,1.2878822,1.2613242
42,2022,Valle Del Cauca,2022-05-09,2,2022-05-23,1.2020234,1.2932005
42,2022,Valle Del Cauca,2022-05-09,3,2022-05-30,0.944447,1.2973073
42,2022,Valle Del Cauca,2022-05-09,4,2022-06-06,1.2664175,1.3112323
42,2022,Valle Del Cauca,2022-05-16,1,2022-05-23,1.2020234,1.3079996
42,2022,Valle Del Cauca,2022-05-16,2,2022-05-30,0.944447,1.3253981
42,2022,Valle Del Cauca,2022-05-16,3,2022-06-06,1.2664175,1.3602419
42,2022,Valle Del Cauca,2022-05-16,4,2022-06-13,0.9873764,1.3631238
42,2022,Valle Del Cauca,2022-05-23,1,2022-05-30,0.944447,1.3888011
42,2022,Valle Del Cauca,2022-05-23,2,2022-06-06,1.2664175,1.4102511
42,2022,Valle Del Cauca,2022-05-23,3,2022-06-13,0.9873764,1.4292661
42,2022,Valle Del Cauca,2022-05-23,4,2022-06-20,1.2234882,1.4533329
42,2022,Valle Del Cauca,2022-05-30,1,2022-06-06,1.2664175,1.4067447
42,2022,Valle Del Cauca,2022-05-30,2,2022-06-13,0.9873764,1.4273617
42,2022,Valle Del Cauca,2022-05-30,3,2022-06-20,1.2234882,1.4342322
42,2022,Valle Del Cauca,2022-05-30,4,2022-06-27,0.8800529,1.4622868
42,2022,Valle Del Cauca,2022-06-06,1,2022-06-13,0.9873764,1.291777
42,2022,Valle Del Cauca,2022-06-06,2,2022-06-20,1.2234882,1.3203146
42,2022,Valle Del Cauca,2022-06-06,3,2022-06-27,0.8800529,1.3333346
42,2022,Valle Del Cauca,2022-06-06,4,2022-07-04,0.9873764,1.3472683
42,2022,Valle Del Cauca,2022-06-13,1,2022-06-20,1.2234882,1.2853836
42,2022,Valle Del Cauca,2022-06-13,2,2022-06-27,0.8800529,1.3171036
42,2022,Valle Del Cauca,2022-06-13,3,2022-07-04,0.9873764,1.3269885
42,2022,Valle Del Cauca,2022-06-13,4,2022-07-11,1.2449529,1.3378583
42,2022,Valle Del Cauca,2022-06-20,1,2022-06-27,0.8800529,1.192737
42,2022,Valle Del Cauca,2022-06-20,2,2022-07-04,0.9873764,1.2266647
42,2022,Valle Del Cauca,2022-06-20,3,2022-07-11,1.2449529,1.2313682
42,2022,Valle Del Cauca,2022-06-20,4,2022-07-18,1.0946999,1.2428604
42,2022,Valle Del Cauca,2022-06-27,1,2022-07-04,0.9873764,1.180246
42,2022,Valle Del Cauca,2022-06-27,2,2022-07-11,1.2449529,1.2077965
42,2022,Valle Del Cauca,2022-06-27,3,2022-07-18,1.0946999,1.222933
42,2022,Valle Del Cauca,2022-06-27,4,2022-07-25,1.1161646,1.2245902
42,2022,Valle Del Cauca,2022-07-04,1,2022-07-11,1.2449529,1.2014762
42,2022,Valle Del Cauca,2022-07-04,2,2022-07-18,1.0946999,1.2217202
42,2022,Valle Del Cauca,2022-07-04,3,2022-07-25,1.1161646,1.2301491
42,2022,Valle Del Cauca,2022-07-04,4,2022-08-01,0.8371235,1.2178514
42,2022,Valle Del Cauca,2022-07-11,1,2022-07-18,1.0946999,1.1570132
42,2022,Valle Del Cauca,2022-07-11,2,2022-07-25,1.1161646,1.1795803
42,2022,Valle Del Cauca,2022-07-11,3,2022-08-01,0.8371235,1.1820328
42,2022,Valle Del Cauca,2022-07-11,4,2022-08-08,1.0517706,1.1823792
42,2022,Valle Del Cauca,2022-07-18,1,2022-07-25,1.1161646,1.272255
42,2022,Valle Del Cauca,2022-07-18,2,2022-08-01,0.8371235,1.2946346
42,2022,Valle Del Cauca,2022-07-18,3,2022-08-08,1.0517706,1.2814682
42,2022,Valle Del Cauca,2022-07-18,4,2022-08-15,1.008841,1.2836694
42,2022,Valle Del Cauca,2022-07-25,1,2022-08-01,0.8371235,1.2258317
42,2022,Valle Del Cauca,2022-07-25,2,2022-08-08,1.0517706,1.2623533
42,2022,Valle Del Cauca,2022-07-25,3,2022-08-15,1.008841,1.2198807
42,2022,Valle Del Cauca,2022-07-25,4,2022-08-22,1.008841,1.2481031
42,2022,Valle Del Cauca,2022-08-01,1,2022-08-08,1.0517706,1.1661925
42,2022,Valle Del Cauca,2022-08-01,2,2022-08-15,1.008841,1.2210813
42,2022,Valle Del Cauca,2022-08-01,3,2022-08-22,1.008841,1.1818615
42,2022,Valle Del Cauca,2022-08-01,4,2022-08-29,1.1590941,1.2180424
42,2022,Valle Del Cauca,2022-08-08,1,2022-08-15,1.008841,1.0643592
42,2022,Valle Del Cauca,2022-08-08,2,2022-08-22,1.008841,1.1206782
42,2022,Valle Del Cauca,2022-08-08,3,2022-08-29,1.1590941,1.0851321
42,2022,Valle Del Cauca,2022-08-08,4,2022-09-05,1.3093469,1.11005
42,2022,Valle Del Cauca,2022-08-15,1,2022-08-22,1.008841,1.0509655
42,2022,Valle Del Cauca,2022-08-15,2,2022-08-29,1.1590941,1.1104383
42,2022,Valle Del Cauca,2022-08-15,3,2022-09-05,1.3093469,1.0624937
42,2022,Valle Del Cauca,2022-08-15,4,2022-09-12,1.4810646,1.071554
42,2022,Valle Del Cauca,2022-08-22,1,2022-08-29,1.1590941,1.074153
42,2022,Valle Del Cauca,2022-08-22,2,2022-09-05,1.3093469,1.1304531
42,2022,Valle Del Cauca,2022-08-22,3,2022-09-12,1.4810646,1.0913583
42,2022,Valle Del Cauca,2022-08-22,4,2022-09-19,0.944447,1.1084505
42,2022,Valle Del Cauca,2022-08-29,1,2022-09-05,1.3093469,1.1007494
42,2022,Valle Del Cauca,2022-08-29,2,2022-09-12,1.4810646,1.1394588
42,2022,Valle Del Cauca,2022-08-29,3,2022-09-19,0.944447,1.1183223
42,2022,Valle Del Cauca,2022-08-29,4,2022-09-26,0.944447,1.1382574
42,2022,Valle Del Cauca,2022-09-05,1,2022-09-12,1.4810646,1.1623209
42,2022,Valle Del Cauca,2022-09-05,2,2022-09-19,0.944447,1.2105616
42,2022,Valle Del Cauca,2022-09-05,3,2022-09-26,0.944447,1.1700253
42,2022,Valle Del Cauca,2022-09-05,4,2022-10-03,1.0303059,1.2101016
42,2022,Valle Del Cauca,2022-09-12,1,2022-09-19,0.944447,1.2331734
42,2022,Valle Del Cauca,2022-09-12,2,2022-09-26,0.944447,1.2857686
42,2022,Valle Del Cauca,2022-09-12,3,2022-10-03,1.0303059,1.2390532
42,2022,Valle Del Cauca,2022-09-12,4,2022-10-10,0.944447,1.2722529
42,2022,Valle Del Cauca,2022-09-19,1,2022-09-26,0.944447,1.3236359
42,2022,Valle Del Cauca,2022-09-19,2,2022-10-03,1.0303059,1.3850635
42,2022,Valle Del Cauca,2022-09-19,3,2022-10-10,0.944447,1.3454337
42,2022,Valle Del Cauca,2022-09-19,4,2022-10-17,1.0946999,1.3854434
42,2022,Valle Del Cauca,2022-09-26,1,2022-10-03,1.0303059,1.2452122
42,2022,Valle Del Cauca,2022-09-26,2,2022-10-10,0.944447,1.2984409
42,2022,Valle Del Cauca,2022-09-26,3,2022-10-17,1.0946999,1.2638302
42,2022,Valle Del Cauca,2022-09-26,4,2022-10-24,0.944447,1.3008108
42,2022,Valle Del Cauca,2022-10-03,1,2022-10-10,0.944447,1.1907749
42,2022,Valle Del Cauca,2022-10-03,2,2022-10-17,1.0946999,1.2536497
42,2022,Valle Del Cauca,2022-10-03,3,2022-10-24,0.944447,1.2169685
42,2022,Valle Del Cauca,2022-10-03,4,2022-10-31,1.1805587,1.2665563
42,2022,Valle Del Cauca,2022-10-10,1,2022-10-17,1.0946999,1.1529468
42,2022,Valle Del Cauca,2022-10-10,2,2022-10-24,0.944447,1.2158092
42,2022,Valle Del Cauca,2022-10-10,3,2022-10-31,1.1805587,1.1918397
42,2022,Valle Del Cauca,2022-10-10,4,2022-11-07,1.1590941,1.2337204
42,2022,Valle Del Cauca,2022-10-17,1,2022-10-24,0.944447,1.0617994
42,2022,Valle Del Cauca,2022-10-17,2,2022-10-31,1.1805587,1.1288772
42,2022,Valle Del Cauca,2022-10-17,3,2022-11-07,1.1590941,1.1088066
42,2022,Valle Del Cauca,2022-10-17,4,2022-11-14,0.81565875,1.1584316
42,2022,Valle Del Cauca,2022-10-24,1,2022-10-31,1.1805587,1.030076
42,2022,Valle Del Cauca,2022-10-24,2,2022-11-07,1.1590941,1.0866735
42,2022,Valle Del Cauca,2022-10-24,3,2022-11-14,0.81565875,1.09685
42,2022,Valle Del Cauca,2022-10-24,4,2022-11-21,1.3308116,1.1268271
42,2022,Valle Del Cauca,2022-10-31,1,2022-11-07,1.1590941,0.85023385
42,2022,Valle Del Cauca,2022-10-31,2,2022-11-14,0.81565875,0.89039695
42,2022,Valle Del Cauca,2022-10-31,3,2022-11-21,1.3308116,0.90024686
42,2022,Valle Del Cauca,2022-10-31,4,2022-11-28,0.85858816,0.94330144
42,2022,Valle Del Cauca,2022-11-07,1,2022-11-14,0.81565875,0.9712925
42,2022,Valle Del Cauca,2022-11-07,2,2022-11-21,1.3308116,0.9993366
42,2022,Valle Del Cauca,2022-11-07,3,2022-11-28,0.85858816,1.025491
42,2022,Valle Del Cauca,2022-11-07,4,2022-12-05,0.944447,1.020018
42,2022,Valle Del Cauca,2022-11-14,1,2022-11-21,1.3308116,1.1256213
42,2022,Valle Del Cauca,2022-11-14,2,2022-11-28,0.85858816,1.1381148
42,2022,Valle Del Cauca,2022-11-14,3,2022-12-05,0.944447,1.1806376
42,2022,Valle Del Cauca,2022-11-14,4,2022-12-12,1.0517706,1.1805942
42,2022,Valle Del Cauca,2022-11-21,1,2022-11-28,0.85858816,1.0835966
42,2022,Valle Del Cauca,2022-11-21,2,2022-12-05,0.944447,1.0252029
42,2022,Valle Del Cauca,2022-11-21,3,2022-12-12,1.0517706,1.1360663
42,2022,Valle Del Cauca,2022-11-21,4,2022-12-19,0.81565875,1.0806211
42,2022,Valle Del Cauca,2022-11-28,1,2022-12-05,0.944447,1.2773031
42,2022,Valle Del Cauca,2022-11-28,2,2022-12-12,1.0517706,1.2695509
42,2022,Valle Del Cauca,2022-11-28,3,2022-12-19,0.81565875,1.3009152
42,2022,Valle Del Cauca,2022-11-28,4,2022-12-26,0.96591175,1.3526182
42,2022,Vaupes,2022-01-24,1,2022-01-31,0.0,0.08700456
42,2022,Vaupes,2022-01-24,2,2022-02-07,0.0,0.096408255
42,2022,Vaupes,2022-01-24,3,2022-02-14,0.0,0.114409566
42,2022,Vaupes,2022-01-24,4,2022-02-21,0.0,0.106090665
42,2022,Vaupes,2022-01-31,1,2022-02-07,0.0,0.094483145
42,2022,Vaupes,2022-01-31,2,2022-02-14,0.0,0.100898005
42,2022,Vaupes,2022-01-31,3,2022-02-21,0.0,0.104228295
42,2022,Vaupes,2022-01-31,4,2022-02-28,0.0,0.10708351
42,2022,Vaupes,2022-02-07,1,2022-02-14,0.0,0.06231666
42,2022,Vaupes,2022-02-07,2,2022-02-21,0.0,0.070442654
42,2022,Vaupes,2022-02-07,3,2022-02-28,0.0,0.09257642
42,2022,Vaupes,2022-02-07,4,2022-03-07,0.0,0.0888148
42,2022,Vaupes,2022-02-14,1,2022-02-21,0.0,0.122832835
42,2022,Vaupes,2022-02-14,2,2022-02-28,0.0,0.13799804
42,2022,Vaupes,2022-02-14,3,2022-03-07,0.0,0.16832139
42,2022,Vaupes,2022-02-14,4,2022-03-14,0.0,0.14996722
42,2022,Vaupes,2022-02-21,1,2022-02-28,0.0,0.077329434
42,2022,Vaupes,2022-02-21,2,2022-03-07,0.0,0.08425625
42,2022,Vaupes,2022-02-21,3,2022-03-14,0.0,0.1074653
42,2022,Vaupes,2022-02-21,4,2022-03-21,0.0,0.10870013
42,2022,Vaupes,2022-02-28,1,2022-03-07,0.0,0.06380649
42,2022,Vaupes,2022-02-28,2,2022-03-14,0.0,0.08805299
42,2022,Vaupes,2022-02-28,3,2022-03-21,0.0,0.14463258
42,2022,Vaupes,2022-02-28,4,2022-03-28,0.0,0.15429904
42,2022,Vaupes,2022-03-07,1,2022-03-14,0.0,0.041866466
42,2022,Vaupes,2022-03-07,2,2022-03-21,0.0,0.043071162
42,2022,Vaupes,2022-03-07,3,2022-03-28,0.0,0.08539493
42,2022,Vaupes,2022-03-07,4,2022-04-04,0.0,0.08599007
42,2022,Vaupes,2022-03-14,1,2022-03-21,0.0,0.03422864
42,2022,Vaupes,2022-03-14,2,2022-03-28,0.0,0.023195779
42,2022,Vaupes,2022-03-14,3,2022-04-04,0.0,0.07313358
42,2022,Vaupes,2022-03-14,4,2022-04-11,0.0,0.06744551
42,2022,Vaupes,2022-03-21,1,2022-03-28,0.0,0.06599307
42,2022,Vaupes,2022-03-21,2,2022-04-04,0.0,0.06769225
42,2022,Vaupes,2022-03-21,3,2022-04-11,0.0,0.1381485
42,2022,Vaupes,2022-03-21,4,2022-04-18,0.0,0.11267344
42,2022,Vaupes,2022-03-28,1,2022-04-04,0.0,0.15566938
42,2022,Vaupes,2022-03-28,2,2022-04-11,0.0,0.14058615
42,2022,Vaupes,2022-03-28,3,2022-04-18,0.0,0.20980746
42,2022,Vaupes,2022-03-28,4,2022-04-25,0.0,0.16462803
42,2022,Vaupes,2022-04-04,1,2022-04-11,0.0,0.095678255
42,2022,Vaupes,2022-04-04,2,2022-04-18,0.0,0.095321074
42,2022,Vaupes,2022-04-04,3,2022-04-25,0.0,0.13354655
42,2022,Vaupes,2022-04-04,4,2022-05-02,0.0,0.11454526
42,2022,Vaupes,2022-04-11,1,2022-04-18,0.0,0.0540185
42,2022,Vaupes,2022-04-11,2,2022-04-25,0.0,0.047973618
42,2022,Vaupes,2022-04-11,3,2022-05-02,0.0,0.082483515
42,2022,Vaupes,2022-04-11,4,2022-05-09,0.0,0.071859926
42,2022,Vaupes,2022-04-18,1,2022-04-25,0.0,0.08864704
42,2022,Vaupes,2022-04-18,2,2022-05-02,0.0,0.066802435
42,2022,Vaupes,2022-04-18,3,2022-05-09,0.0,0.11669546
42,2022,Vaupes,2022-04-18,4,2022-05-16,0.0,0.084976204
42,2022,Vaupes,2022-04-25,1,2022-05-02,0.0,0.03558764
42,2022,Vaupes,2022-04-25,2,2022-05-09,0.0,0.02742225
42,2022,Vaupes,2022-04-25,3,2022-05-16,0.0,0.045867007
42,2022,Vaupes,2022-04-25,4,2022-05-23,0.0,0.041244823
42,2022,Vaupes,2022-05-02,1,2022-05-09,0.0,0.03584189
42,2022,Vaupes,2022-05-02,2,2022-05-16,0.0,0.026354045
42,2022,Vaupes,2022-05-02,3,2022-05-23,0.0,0.03861647
42,2022,Vaupes,2022-05-02,4,2022-05-30,0.0,0.0409804
42,2022,Vaupes,2022-05-09,1,2022-05-16,0.0,0.04333788
42,2022,Vaupes,2022-05-09,2,2022-05-23,0.0,0.03599911
42,2022,Vaupes,2022-05-09,3,2022-05-30,0.0,0.043840278
42,2022,Vaupes,2022-05-09,4,2022-06-06,0.0,0.043340974
42,2022,Vaupes,2022-05-16,1,2022-05-23,0.0,0.035796564
42,2022,Vaupes,2022-05-16,2,2022-05-30,0.0,0.039716933
42,2022,Vaupes,2022-05-16,3,2022-06-06,0.0,0.036640212
42,2022,Vaupes,2022-05-16,4,2022-06-13,0.0,0.031117078
42,2022,Vaupes,2022-05-23,1,2022-05-30,0.0,0.08157694
42,2022,Vaupes,2022-05-23,2,2022-06-06,0.0,0.10065354
42,2022,Vaupes,2022-05-23,3,2022-06-13,0.0,0.085829616
42,2022,Vaupes,2022-05-23,4,2022-06-20,0.0,0.059883837
42,2022,Vaupes,2022-05-30,1,2022-06-06,0.0,0.062697165
42,2022,Vaupes,2022-05-30,2,2022-06-13,0.0,0.06809424
42,2022,Vaupes,2022-05-30,3,2022-06-20,0.0,0.048352443
42,2022,Vaupes,2022-05-30,4,2022-06-27,0.0,0.038156886
42,2022,Vaupes,2022-06-06,1,2022-06-13,0.0,0.062969565
42,2022,Vaupes,2022-06-06,2,2022-06-20,0.0,0.061609287
42,2022,Vaupes,2022-06-06,3,2022-06-27,0.0,0.04178692
42,2022,Vaupes,2022-06-06,4,2022-07-04,0.0,0.034532774
42,2022,Vaupes,2022-06-13,1,2022-06-20,0.0,0.08883135
42,2022,Vaupes,2022-06-13,2,2022-06-27,0.0,0.10390981
42,2022,Vaupes,2022-06-13,3,2022-07-04,0.0,0.076385476
42,2022,Vaupes,2022-06-13,4,2022-07-11,0.0,0.057101153
42,2022,Vaupes,2022-06-20,1,2022-06-27,0.0,0.056700915
42,2022,Vaupes,2022-06-20,2,2022-07-04,0.0,0.05708386
42,2022,Vaupes,2022-06-20,3,2022-07-11,0.0,0.0309782
42,2022,Vaupes,2022-06-20,4,2022-07-18,0.0,0.025537819
42,2022,Vaupes,2022-06-27,1,2022-07-04,0.0,0.08761949
42,2022,Vaupes,2022-06-27,2,2022-07-11,0.0,0.076017104
42,2022,Vaupes,2022-06-27,3,2022-07-18,0.0,0.048152246
42,2022,Vaupes,2022-06-27,4,2022-07-25,0.0,0.04320472
42,2022,Vaupes,2022-07-04,1,2022-07-11,0.0,0.056201376
42,2022,Vaupes,2022-07-04,2,2022-07-18,0.0,0.050233472
42,2022,Vaupes,2022-07-04,3,2022-07-25,0.0,0.023059597
42,2022,Vaupes,2022-07-04,4,2022-08-01,0.0,0.020272758
42,2022,Vaupes,2022-07-11,1,2022-07-18,0.0,0.025527664
42,2022,Vaupes,2022-07-11,2,2022-07-25,0.0,0.016539315
42,2022,Vaupes,2022-07-11,3,2022-08-01,0.0,0.0
42,2022,Vaupes,2022-07-11,4,2022-08-08,0.0,0.0
42,2022,Vaupes,2022-07-18,1,2022-07-25,0.0,0.049052097
42,2022,Vaupes,2022-07-18,2,2022-08-01,0.0,0.047567405
42,2022,Vaupes,2022-07-18,3,2022-08-08,0.0,0.007300205
42,2022,Vaupes,2022-07-18,4,2022-08-15,0.0,0.00025446224
42,2022,Vaupes,2022-07-25,1,2022-08-01,0.0,0.051100835
42,2022,Vaupes,2022-07-25,2,2022-08-08,0.0,0.039584685
42,2022,Vaupes,2022-07-25,3,2022-08-15,0.0,0.00925466
42,2022,Vaupes,2022-07-25,4,2022-08-22,0.0,0.008853454
42,2022,Vaupes,2022-08-01,1,2022-08-08,0.0,0.058491576
42,2022,Vaupes,2022-08-01,2,2022-08-15,0.0,0.043536607
42,2022,Vaupes,2022-08-01,3,2022-08-22,0.0,0.009012214
42,2022,Vaupes,2022-08-01,4,2022-08-29,0.0,0.008206826
42,2022,Vaupes,2022-08-08,1,2022-08-15,0.0,0.030145518
42,2022,Vaupes,2022-08-08,2,2022-08-22,0.0,0.019953178
42,2022,Vaupes,2022-08-08,3,2022-08-29,0.0,0.0
42,2022,Vaupes,2022-08-08,4,2022-09-05,0.0,0.0
42,2022,Vaupes,2022-08-15,1,2022-08-22,0.0,0.020495852
42,2022,Vaupes,2022-08-15,2,2022-08-29,0.0,0.01786313
42,2022,Vaupes,2022-08-15,3,2022-09-05,0.0,0.0
42,2022,Vaupes,2022-08-15,4,2022-09-12,0.0,0.0
42,2022,Vaupes,2022-08-22,1,2022-08-29,0.0,0.04240826
42,2022,Vaupes,2022-08-22,2,2022-09-05,0.0,0.049344264
42,2022,Vaupes,2022-08-22,3,2022-09-12,0.0,0.0
42,2022,Vaupes,2022-08-22,4,2022-09-19,0.0,0.0
42,2022,Vaupes,2022-08-29,1,2022-09-05,0.0,0.027428348
42,2022,Vaupes,2022-08-29,2,2022-09-12,0.0,0.028281841
42,2022,Vaupes,2022-08-29,3,2022-09-19,0.0,0.0
42,2022,Vaupes,2022-08-29,4,2022-09-26,0.0,0.0
42,2022,Vaupes,2022-09-05,1,2022-09-12,0.0,0.042575736
42,2022,Vaupes,2022-09-05,2,2022-09-19,0.0,0.040850095
42,2022,Vaupes,2022-09-05,3,2022-09-26,0.0,0.0030665232
42,2022,Vaupes,2022-09-05,4,2022-10-03,0.0,0.003997404
42,2022,Vaupes,2022-09-12,1,2022-09-19,0.0,0.03190981
42,2022,Vaupes,2022-09-12,2,2022-09-26,0.0,0.03197875
42,2022,Vaupes,2022-09-12,3,2022-10-03,0.0,0.0
42,2022,Vaupes,2022-09-12,4,2022-10-10,0.0,0.0025054782
42,2022,Vaupes,2022-09-19,1,2022-09-26,0.0,0.033072695
42,2022,Vaupes,2022-09-19,2,2022-10-03,0.0,0.028033208
42,2022,Vaupes,2022-09-19,3,2022-10-10,0.0,0.0070923087
42,2022,Vaupes,2022-09-19,4,2022-10-17,0.0,0.012602318
42,2022,Vaupes,2022-09-26,1,2022-10-03,0.0,0.017779231
42,2022,Vaupes,2022-09-26,2,2022-10-10,0.0,0.019307086
42,2022,Vaupes,2022-09-26,3,2022-10-17,0.0,0.0
42,2022,Vaupes,2022-09-26,4,2022-10-24,0.0,0.0
42,2022,Vaupes,2022-10-03,1,2022-10-10,0.0,0.007511547
42,2022,Vaupes,2022-10-03,2,2022-10-17,0.0,0.010732719
42,2022,Vaupes,2022-10-03,3,2022-10-24,0.0,0.0
42,2022,Vaupes,2022-10-03,4,2022-10-31,0.0,0.009621351
42,2022,Vaupes,2022-10-10,1,2022-10-17,0.0,0.0043137986
42,2022,Vaupes,2022-10-10,2,2022-10-24,0.0,0.008624053
42,2022,Vaupes,2022-10-10,3,2022-10-31,0.0,0.003611172
42,2022,Vaupes,2022-10-10,4,2022-11-07,0.0,0.016359046
42,2022,Vaupes,2022-10-17,1,2022-10-24,0.0,0.023912897
42,2022,Vaupes,2022-10-17,2,2022-10-31,0.0,0.020094322
42,2022,Vaupes,2022-10-17,3,2022-11-07,0.0,0.031547394
42,2022,Vaupes,2022-10-17,4,2022-11-14,2.3250947,0.040888958
42,2022,Vaupes,2022-10-24,1,2022-10-31,0.0,0.044289764
42,2022,Vaupes,2022-10-24,2,2022-11-07,0.0,0.044936106
42,2022,Vaupes,2022-10-24,3,2022-11-14,2.3250947,0.065075405
42,2022,Vaupes,2022-10-24,4,2022-11-21,2.3250947,0.061967324
42,2022,Vaupes,2022-10-31,1,2022-11-07,0.0,0.07304044
42,2022,Vaupes,2022-10-31,2,2022-11-14,2.3250947,0.07930805
42,2022,Vaupes,2022-10-31,3,2022-11-21,2.3250947,0.08668976
42,2022,Vaupes,2022-10-31,4,2022-11-28,4.6501894,0.07386614
42,2022,Vaupes,2022-11-07,1,2022-11-14,2.3250947,0.046685863
42,2022,Vaupes,2022-11-07,2,2022-11-21,2.3250947,0.051408153
42,2022,Vaupes,2022-11-07,3,2022-11-28,4.6501894,0.067197755
42,2022,Vaupes,2022-11-07,4,2022-12-05,4.6501894,0.05935109
42,2022,Vaupes,2022-11-14,1,2022-11-21,2.3250947,0.026679782
42,2022,Vaupes,2022-11-14,2,2022-11-28,4.6501894,0.029171718
42,2022,Vaupes,2022-11-14,3,2022-12-05,4.6501894,0.0493897
42,2022,Vaupes,2022-11-14,4,2022-12-12,0.0,0.045302343
42,2022,Vaupes,2022-11-21,1,2022-11-28,4.6501894,0.18209216
42,2022,Vaupes,2022-11-21,2,2022-12-05,4.6501894,0.19004788
42,2022,Vaupes,2022-11-21,3,2022-12-12,0.0,0.17512622
42,2022,Vaupes,2022-11-21,4,2022-12-19,0.0,0.18415028
42,2022,Vaupes,2022-11-28,1,2022-12-05,4.6501894,0.51856834
42,2022,Vaupes,2022-11-28,2,2022-12-12,0.0,0.53773624
42,2022,Vaupes,2022-11-28,3,2022-12-19,0.0,0.5550845
42,2022,Vaupes,2022-11-28,4,2022-12-26,6.9752846,0.5631416
42,2022,Vichada,2022-01-24,1,2022-01-31,0.0,0.47303212
42,2022,Vichada,2022-01-24,2,2022-02-07,0.0,0.5028785
42,2022,Vichada,2022-01-24,3,2022-02-14,0.0,0.50806767
42,2022,Vichada,2022-01-24,4,2022-02-21,0.7585872,0.5456649
42,2022,Vichada,2022-01-31,1,2022-02-07,0.0,0.30610088
42,2022,Vichada,2022-01-31,2,2022-02-14,0.0,0.32267016
42,2022,Vichada,2022-01-31,3,2022-02-21,0.7585872,0.31477243
42,2022,Vichada,2022-01-31,4,2022-02-28,0.0,0.36090502
42,2022,Vichada,2022-02-07,1,2022-02-14,0.0,0.12227834
42,2022,Vichada,2022-02-07,2,2022-02-21,0.7585872,0.14241314
42,2022,Vichada,2022-02-07,3,2022-02-28,0.0,0.112283394
42,2022,Vichada,2022-02-07,4,2022-03-07,1.5171744,0.16755337
42,2022,Vichada,2022-02-14,1,2022-02-21,0.7585872,0.12750547
42,2022,Vichada,2022-02-14,2,2022-02-28,0.0,0.14253119
42,2022,Vichada,2022-02-14,3,2022-03-07,1.5171744,0.119704224
42,2022,Vichada,2022-02-14,4,2022-03-14,0.0,0.16217484
42,2022,Vichada,2022-02-21,1,2022-02-28,0.0,0.115915716
42,2022,Vichada,2022-02-21,2,2022-03-07,1.5171744,0.14451219
42,2022,Vichada,2022-02-21,3,2022-03-14,0.0,0.12273752
42,2022,Vichada,2022-02-21,4,2022-03-21,0.0,0.16806173
42,2022,Vichada,2022-02-28,1,2022-03-07,1.5171744,0.29577443
42,2022,Vichada,2022-02-28,2,2022-03-14,0.0,0.3556285
42,2022,Vichada,2022-02-28,3,2022-03-21,0.0,0.362427
42,2022,Vichada,2022-02-28,4,2022-03-28,0.0,0.3812183
42,2022,Vichada,2022-03-07,1,2022-03-14,0.0,0.3794567
42,2022,Vichada,2022-03-07,2,2022-03-21,0.0,0.4343948
42,2022,Vichada,2022-03-07,3,2022-03-28,0.0,0.46184176
42,2022,Vichada,2022-03-07,4,2022-04-04,1.5171744,0.4960229
42,2022,Vichada,2022-03-14,1,2022-03-21,0.0,0.62943393
42,2022,Vichada,2022-03-14,2,2022-03-28,0.0,0.7221124
42,2022,Vichada,2022-03-14,3,2022-04-04,1.5171744,0.8072663
42,2022,Vichada,2022-03-14,4,2022-04-11,0.0,0.8420435
42,2022,Vichada,2022-03-21,1,2022-03-28,0.0,0.740171
42,2022,Vichada,2022-03-21,2,2022-04-04,1.5171744,0.84747916
42,2022,Vichada,2022-03-21,3,2022-04-11,0.0,0.9586875
42,2022,Vichada,2022-03-21,4,2022-04-18,0.7585872,0.99172425
42,2022,Vichada,2022-03-28,1,2022-04-04,1.5171744,0.57276845
42,2022,Vichada,2022-03-28,2,2022-04-11,0.0,0.6427638
42,2022,Vichada,2022-03-28,3,2022-04-18,0.7585872,0.7071587
42,2022,Vichada,2022-03-28,4,2022-04-25,2.2757616,0.75277805
42,2022,Vichada,2022-04-04,1,2022-04-11,0.0,0.51182467
42,2022,Vichada,2022-04-04,2,2022-04-18,0.7585872,0.5976162
42,2022,Vichada,2022-04-04,3,2022-04-25,2.2757616,0.6645236
42,2022,Vichada,2022-04-04,4,2022-05-02,1.5171744,0.7472141
42,2022,Vichada,2022-04-11,1,2022-04-18,0.7585872,0.76157373
42,2022,Vichada,2022-04-11,2,2022-04-25,2.2757616,0.84773344
42,2022,Vichada,2022-04-11,3,2022-05-02,1.5171744,0.98153406
42,2022,Vichada,2022-04-11,4,2022-05-09,2.2757616,1.0211323
42,2022,Vichada,2022-04-18,1,2022-04-25,2.2757616,0.81643856
42,2022,Vichada,2022-04-18,2,2022-05-02,1.5171744,0.8957094
42,2022,Vichada,2022-04-18,3,2022-05-09,2.2757616,1.0088029
42,2022,Vichada,2022-04-18,4,2022-05-16,0.0,1.0199176
42,2022,Vichada,2022-04-25,1,2022-05-02,1.5171744,0.66098136
42,2022,Vichada,2022-04-25,2,2022-05-09,2.2757616,0.75112325
42,2022,Vichada,2022-04-25,3,2022-05-16,0.0,0.8628
42,2022,Vichada,2022-04-25,4,2022-05-23,1.5171744,0.91256744
42,2022,Vichada,2022-05-02,1,2022-05-09,2.2757616,1.3331082
42,2022,Vichada,2022-05-02,2,2022-05-16,0.0,1.4081328
42,2022,Vichada,2022-05-02,3,2022-05-23,1.5171744,1.6393495
42,2022,Vichada,2022-05-02,4,2022-05-30,0.7585872,1.580415
42,2022,Vichada,2022-05-09,1,2022-05-16,0.0,1.6243789
42,2022,Vichada,2022-05-09,2,2022-05-23,1.5171744,1.6809641
42,2022,Vichada,2022-05-09,3,2022-05-30,0.7585872,1.9147531
42,2022,Vichada,2022-05-09,4,2022-06-06,1.5171744,1.8223639
42,2022,Vichada,2022-05-16,1,2022-05-23,1.5171744,1.7281585
42,2022,Vichada,2022-05-16,2,2022-05-30,0.7585872,1.7813057
42,2022,Vichada,2022-05-16,3,2022-06-06,1.5171744,1.9702927
42,2022,Vichada,2022-05-16,4,2022-06-13,0.7585872,1.9937239
42,2022,Vichada,2022-05-23,1,2022-05-30,0.7585872,1.1903323
42,2022,Vichada,2022-05-23,2,2022-06-06,1.5171744,1.1932331
42,2022,Vichada,2022-05-23,3,2022-06-13,0.7585872,1.2706211
42,2022,Vichada,2022-05-23,4,2022-06-20,1.5171744,1.2899988
42,2022,Vichada,2022-05-30,1,2022-06-06,1.5171744,1.1442811
42,2022,Vichada,2022-05-30,2,2022-06-13,0.7585872,1.1630898
42,2022,Vichada,2022-05-30,3,2022-06-20,1.5171744,1.2075102
42,2022,Vichada,2022-05-30,4,2022-06-27,1.5171744,1.2576499
42,2022,Vichada,2022-06-06,1,2022-06-13,0.7585872,0.8817819
42,2022,Vichada,2022-06-06,2,2022-06-20,1.5171744,0.8753385
42,2022,Vichada,2022-06-06,3,2022-06-27,1.5171744,0.91145915
42,2022,Vichada,2022-06-06,4,2022-07-04,0.0,0.8996255
42,2022,Vichada,2022-06-13,1,2022-06-20,1.5171744,0.87573594
42,2022,Vichada,2022-06-13,2,2022-06-27,1.5171744,0.8514109
42,2022,Vichada,2022-06-13,3,2022-07-04,0.0,0.8457451
42,2022,Vichada,2022-06-13,4,2022-07-11,3.0343487,0.8510776
42,2022,Vichada,2022-06-20,1,2022-06-27,1.5171744,0.74441385
42,2022,Vichada,2022-06-20,2,2022-07-04,0.0,0.7422723
42,2022,Vichada,2022-06-20,3,2022-07-11,3.0343487,0.7150116
42,2022,Vichada,2022-06-20,4,2022-07-18,1.5171744,0.7348473
42,2022,Vichada,2022-06-27,1,2022-07-04,0.0,0.8040558
42,2022,Vichada,2022-06-27,2,2022-07-11,3.0343487,0.7549042
42,2022,Vichada,2022-06-27,3,2022-07-18,1.5171744,0.72560316
42,2022,Vichada,2022-06-27,4,2022-07-25,0.0,0.7219336
42,2022,Vichada,2022-07-04,1,2022-07-11,3.0343487,0.8128753
42,2022,Vichada,2022-07-04,2,2022-07-18,1.5171744,0.7764615
42,2022,Vichada,2022-07-04,3,2022-07-25,0.0,0.7494941
42,2022,Vichada,2022-07-04,4,2022-08-01,3.792936,0.7181448
42,2022,Vichada,2022-07-11,1,2022-07-18,1.5171744,0.5674721
42,2022,Vichada,2022-07-11,2,2022-07-25,0.0,0.5420201
42,2022,Vichada,2022-07-11,3,2022-08-01,3.792936,0.492225
42,2022,Vichada,2022-07-11,4,2022-08-08,0.7585872,0.48543873
42,2022,Vichada,2022-07-18,1,2022-07-25,0.0,0.90091616
42,2022,Vichada,2022-07-18,2,2022-08-01,3.792936,0.8246818
42,2022,Vichada,2022-07-18,3,2022-08-08,0.7585872,0.77723885
42,2022,Vichada,2022-07-18,4,2022-08-15,0.7585872,0.7404014
42,2022,Vichada,2022-07-25,1,2022-08-01,3.792936,0.8540604
42,2022,Vichada,2022-07-25,2,2022-08-08,0.7585872,0.7961542
42,2022,Vichada,2022-07-25,3,2022-08-15,0.7585872,0.74871725
42,2022,Vichada,2022-07-25,4,2022-08-22,0.7585872,0.7381234
42,2022,Vichada,2022-08-01,1,2022-08-08,0.7585872,0.5225727
42,2022,Vichada,2022-08-01,2,2022-08-15,0.7585872,0.47387758
42,2022,Vichada,2022-08-01,3,2022-08-22,0.7585872,0.4328707
42,2022,Vichada,2022-08-01,4,2022-08-29,1.5171744,0.42166516
42,2022,Vichada,2022-08-08,1,2022-08-15,0.7585872,0.88255936
42,2022,Vichada,2022-08-08,2,2022-08-22,0.7585872,0.81223494
42,2022,Vichada,2022-08-08,3,2022-08-29,1.5171744,0.73723483
42,2022,Vichada,2022-08-08,4,2022-09-05,0.0,0.7277493
42,2022,Vichada,2022-08-15,1,2022-08-22,0.7585872,0.73734707
42,2022,Vichada,2022-08-15,2,2022-08-29,1.5171744,0.6898148
42,2022,Vichada,2022-08-15,3,2022-09-05,0.0,0.6087544
42,2022,Vichada,2022-08-15,4,2022-09-12,1.5171744,0.62150025
42,2022,Vichada,2022-08-22,1,2022-08-29,1.5171744,0.5994437
42,2022,Vichada,2022-08-22,2,2022-09-05,0.0,0.5691956
42,2022,Vichada,2022-08-22,3,2022-09-12,1.5171744,0.5160065
42,2022,Vichada,2022-08-22,4,2022-09-19,2.2757616,0.5181777
42,2022,Vichada,2022-08-29,1,2022-09-05,0.0,0.56775326
42,2022,Vichada,2022-08-29,2,2022-09-12,1.5171744,0.51610184
42,2022,Vichada,2022-08-29,3,2022-09-19,2.2757616,0.45753983
42,2022,Vichada,2022-08-29,4,2022-09-26,1.5171744,0.44489905
42,2022,Vichada,2022-09-05,1,2022-09-12,1.5171744,0.6334541
42,2022,Vichada,2022-09-05,2,2022-09-19,2.2757616,0.61447203
42,2022,Vichada,2022-09-05,3,2022-09-26,1.5171744,0.5548549
42,2022,Vichada,2022-09-05,4,2022-10-03,0.0,0.57631516
42,2022,Vichada,2022-09-12,1,2022-09-19,2.2757616,0.51288646
42,2022,Vichada,2022-09-12,2,2022-09-26,1.5171744,0.50937814
42,2022,Vichada,2022-09-12,3,2022-10-03,0.0,0.46029195
42,2022,Vichada,2022-09-12,4,2022-10-10,0.0,0.4759985
42,2022,Vichada,2022-09-19,1,2022-09-26,1.5171744,0.5737766
42,2022,Vichada,2022-09-19,2,2022-10-03,0.0,0.5630307
42,2022,Vichada,2022-09-19,3,2022-10-10,0.0,0.53920954
42,2022,Vichada,2022-09-19,4,2022-10-17,0.0,0.568479
42,2022,Vichada,2022-09-26,1,2022-10-03,0.0,0.86413866
42,2022,Vichada,2022-09-26,2,2022-10-10,0.0,0.8561322
42,2022,Vichada,2022-09-26,3,2022-10-17,0.0,0.8371667
42,2022,Vichada,2022-09-26,4,2022-10-24,0.0,0.85531944
42,2022,Vichada,2022-10-03,1,2022-10-10,0.0,0.8801206
42,2022,Vichada,2022-10-03,2,2022-10-17,0.0,0.8708642
42,2022,Vichada,2022-10-03,3,2022-10-24,0.0,0.8669131
42,2022,Vichada,2022-10-03,4,2022-10-31,0.7585872,0.902489
42,2022,Vichada,2022-10-10,1,2022-10-17,0.0,0.66585964
42,2022,Vichada,2022-10-10,2,2022-10-24,0.0,0.6715153
42,2022,Vichada,2022-10-10,3,2022-10-31,0.7585872,0.68092805
42,2022,Vichada,2022-10-10,4,2022-11-07,1.5171744,0.72489965
42,2022,Vichada,2022-10-17,1,2022-10-24,0.0,0.5068652
42,2022,Vichada,2022-10-17,2,2022-10-31,0.7585872,0.53172624
42,2022,Vichada,2022-10-17,3,2022-11-07,1.5171744,0.53071666
42,2022,Vichada,2022-10-17,4,2022-11-14,0.0,0.56478333
42,2022,Vichada,2022-10-24,1,2022-10-31,0.7585872,0.48047143
42,2022,Vichada,2022-10-24,2,2022-11-07,1.5171744,0.4836076
42,2022,Vichada,2022-10-24,3,2022-11-14,0.0,0.46539217
42,2022,Vichada,2022-10-24,4,2022-11-21,1.5171744,0.49894956
42,2022,Vichada,2022-10-31,1,2022-11-07,1.5171744,0.36171383
42,2022,Vichada,2022-10-31,2,2022-11-14,0.0,0.36491287
42,2022,Vichada,2022-10-31,3,2022-11-21,1.5171744,0.36007687
42,2022,Vichada,2022-10-31,4,2022-11-28,0.0,0.3795825
42,2022,Vichada,2022-11-07,1,2022-11-14,0.0,0.40482527
42,2022,Vichada,2022-11-07,2,2022-11-21,1.5171744,0.41389087
42,2022,Vichada,2022-11-07,3,2022-11-28,0.0,0.4109615
42,2022,Vichada,2022-11-07,4,2022-12-05,0.0,0.43480533
42,2022,Vichada,2022-11-14,1,2022-11-21,1.5171744,0.5145074
42,2022,Vichada,2022-11-14,2,2022-11-28,0.0,0.52625793
42,2022,Vichada,2022-11-14,3,2022-12-05,0.0,0.5490582
42,2022,Vichada,2022-11-14,4,2022-12-12,0.7585872,0.567708
42,2022,Vichada,2022-11-21,1,2022-11-28,0.0,0.48197833
42,2022,Vichada,2022-11-21,2,2022-12-05,0.0,0.4962688
42,2022,Vichada,2022-11-21,3,2022-12-12,0.7585872,0.52295023
42,2022,Vichada,2022-11-21,4,2022-12-19,4.551523,0.5461064
42,2022,Vichada,2022-11-28,1,2022-12-05,0.0,0.6274391
42,2022,Vichada,2022-11-28,2,2022-12-12,0.7585872,0.64800656
42,2022,Vichada,2022-11-28,3,2022-12-19,4.551523,0.6741127
42,2022,Vichada,2022-11-28,4,2022-12-26,1.5171744,0.69095767
