seed,test_year,departamento,fecha_base,horizonte,fecha_objetivo,y_true,y_pred
2024,2023,Amazonas,2023-04-17,1,2023-04-24,30.088943,36.02995
2024,2023,Amazonas,2023-04-17,2,2023-05-01,22.8676,32.34095
2024,2023,Amazonas,2023-04-17,3,2023-05-08,10.832021,28.528002
2024,2023,Amazonas,2023-04-17,4,2023-05-15,16.84981,28.207037
2024,2023,Amazonas,2023-04-24,1,2023-05-01,22.8676,24.197983
2024,2023,Amazonas,2023-04-24,2,2023-05-08,10.832021,20.949966
2024,2023,Amazonas,2023-04-24,3,2023-05-15,16.84981,19.141691
2024,2023,Amazonas,2023-04-24,4,2023-05-22,10.832021,18.353758
2024,2023,Amazonas,2023-05-01,1,2023-05-08,10.832021,27.425943
2024,2023,Amazonas,2023-05-01,2,2023-05-15,16.84981,23.037464
2024,2023,Amazonas,2023-05-01,3,2023-05-22,10.832021,21.053604
2024,2023,Amazonas,2023-05-01,4,2023-05-29,12.035577,20.691599
2024,2023,Amazonas,2023-05-08,1,2023-05-15,16.84981,24.275318
2024,2023,Amazonas,2023-05-08,2,2023-05-22,10.832021,20.989105
2024,2023,Amazonas,2023-05-08,3,2023-05-29,12.035577,19.448145
2024,2023,Amazonas,2023-05-08,4,2023-06-05,7.221347,19.060465
2024,2023,Amazonas,2023-05-15,1,2023-05-22,10.832021,15.447292
2024,2023,Amazonas,2023-05-15,2,2023-05-29,12.035577,13.829552
2024,2023,Amazonas,2023-05-15,3,2023-06-05,7.221347,11.789631
2024,2023,Amazonas,2023-05-15,4,2023-06-12,2.4071152,12.186956
2024,2023,Amazonas,2023-05-22,1,2023-05-29,12.035577,14.9388
2024,2023,Amazonas,2023-05-22,2,2023-06-05,7.221347,13.355167
2024,2023,Amazonas,2023-05-22,3,2023-06-12,2.4071152,12.026138
2024,2023,Amazonas,2023-05-22,4,2023-06-19,6.017789,11.814507
2024,2023,Amazonas,2023-05-29,1,2023-06-05,7.221347,10.684288
2024,2023,Amazonas,2023-05-29,2,2023-06-12,2.4071152,9.407448
2024,2023,Amazonas,2023-05-29,3,2023-06-19,6.017789,8.884013
2024,2023,Amazonas,2023-05-29,4,2023-06-26,1.2035577,8.551806
2024,2023,Amazonas,2023-06-05,1,2023-06-12,2.4071152,10.979233
2024,2023,Amazonas,2023-06-05,2,2023-06-19,6.017789,9.871259
2024,2023,Amazonas,2023-06-05,3,2023-06-26,1.2035577,9.079448
2024,2023,Amazonas,2023-06-05,4,2023-07-03,4.814231,8.785416
2024,2023,Amazonas,2023-06-12,1,2023-06-19,6.017789,7.2246895
2024,2023,Amazonas,2023-06-12,2,2023-06-26,1.2035577,6.7102494
2024,2023,Amazonas,2023-06-12,3,2023-07-03,4.814231,6.3014536
2024,2023,Amazonas,2023-06-12,4,2023-07-10,3.610673,5.812342
2024,2023,Amazonas,2023-06-19,1,2023-06-26,1.2035577,4.8202953
2024,2023,Amazonas,2023-06-19,2,2023-07-03,4.814231,4.7020183
2024,2023,Amazonas,2023-06-19,3,2023-07-10,3.610673,4.377605
2024,2023,Amazonas,2023-06-19,4,2023-07-17,3.610673,4.545837
2024,2023,Amazonas,2023-06-26,1,2023-07-03,4.814231,5.327127
2024,2023,Amazonas,2023-06-26,2,2023-07-10,3.610673,5.2490215
2024,2023,Amazonas,2023-06-26,3,2023-07-17,3.610673,5.0088744
2024,2023,Amazonas,2023-06-26,4,2023-07-24,2.4071152,5.245465
2024,2023,Amazonas,2023-07-03,1,2023-07-10,3.610673,4.595169
2024,2023,Amazonas,2023-07-03,2,2023-07-17,3.610673,4.456479
2024,2023,Amazonas,2023-07-03,3,2023-07-24,2.4071152,4.3776608
2024,2023,Amazonas,2023-07-03,4,2023-07-31,0.0,4.326318
2024,2023,Amazonas,2023-07-10,1,2023-07-17,3.610673,5.4256907
2024,2023,Amazonas,2023-07-10,2,2023-07-24,2.4071152,5.318506
2024,2023,Amazonas,2023-07-10,3,2023-07-31,0.0,5.4122477
2024,2023,Amazonas,2023-07-10,4,2023-08-07,0.0,5.0019717
2024,2023,Amazonas,2023-07-17,1,2023-07-24,2.4071152,4.3938103
2024,2023,Amazonas,2023-07-17,2,2023-07-31,0.0,4.161696
2024,2023,Amazonas,2023-07-17,3,2023-08-07,0.0,4.1569304
2024,2023,Amazonas,2023-07-17,4,2023-08-14,3.610673,3.9105618
2024,2023,Amazonas,2023-07-24,1,2023-07-31,0.0,3.671468
2024,2023,Amazonas,2023-07-24,2,2023-08-07,0.0,3.3833938
2024,2023,Amazonas,2023-07-24,3,2023-08-14,3.610673,3.2420385
2024,2023,Amazonas,2023-07-24,4,2023-08-21,4.814231,2.9130828
2024,2023,Amazonas,2023-07-31,1,2023-08-07,0.0,2.9475157
2024,2023,Amazonas,2023-07-31,2,2023-08-14,3.610673,2.570764
2024,2023,Amazonas,2023-07-31,3,2023-08-21,4.814231,2.3842847
2024,2023,Amazonas,2023-07-31,4,2023-08-28,3.610673,2.059595
2024,2023,Amazonas,2023-08-07,1,2023-08-14,3.610673,2.1053042
2024,2023,Amazonas,2023-08-07,2,2023-08-21,4.814231,1.8165616
2024,2023,Amazonas,2023-08-07,3,2023-08-28,3.610673,1.6242741
2024,2023,Amazonas,2023-08-07,4,2023-09-04,2.4071152,1.4060888
2024,2023,Amazonas,2023-08-14,1,2023-08-21,4.814231,1.4850988
2024,2023,Amazonas,2023-08-14,2,2023-08-28,3.610673,1.3358309
2024,2023,Amazonas,2023-08-14,3,2023-09-04,2.4071152,1.1725141
2024,2023,Amazonas,2023-08-14,4,2023-09-11,1.2035577,1.0112438
2024,2023,Amazonas,2023-08-21,1,2023-08-28,3.610673,1.2829553
2024,2023,Amazonas,2023-08-21,2,2023-09-04,2.4071152,1.1849743
2024,2023,Amazonas,2023-08-21,3,2023-09-11,1.2035577,1.0352705
2024,2023,Amazonas,2023-08-21,4,2023-09-18,0.0,0.9336395
2024,2023,Amazonas,2023-08-28,1,2023-09-04,2.4071152,1.1579891
2024,2023,Amazonas,2023-08-28,2,2023-09-11,1.2035577,1.0880274
2024,2023,Amazonas,2023-08-28,3,2023-09-18,0.0,0.96466714
2024,2023,Amazonas,2023-08-28,4,2023-09-25,4.814231,0.84136873
2024,2023,Amazonas,2023-09-04,1,2023-09-11,1.2035577,1.1603249
2024,2023,Amazonas,2023-09-04,2,2023-09-18,0.0,1.1021657
2024,2023,Amazonas,2023-09-04,3,2023-09-25,4.814231,0.9952148
2024,2023,Amazonas,2023-09-04,4,2023-10-02,2.4071152,0.8555162
2024,2023,Amazonas,2023-09-11,1,2023-09-18,0.0,1.1405631
2024,2023,Amazonas,2023-09-11,2,2023-09-25,4.814231,1.085077
2024,2023,Amazonas,2023-09-11,3,2023-10-02,2.4071152,1.0357585
2024,2023,Amazonas,2023-09-11,4,2023-10-09,3.610673,0.8382515
2024,2023,Amazonas,2023-09-18,1,2023-09-25,4.814231,0.9940604
2024,2023,Amazonas,2023-09-18,2,2023-10-02,2.4071152,0.9375387
2024,2023,Amazonas,2023-09-18,3,2023-10-09,3.610673,0.94486135
2024,2023,Amazonas,2023-09-18,4,2023-10-16,1.2035577,0.77846587
2024,2023,Amazonas,2023-09-25,1,2023-10-02,2.4071152,0.83454806
2024,2023,Amazonas,2023-09-25,2,2023-10-09,3.610673,0.7948066
2024,2023,Amazonas,2023-09-25,3,2023-10-16,1.2035577,0.7931223
2024,2023,Amazonas,2023-09-25,4,2023-10-23,3.610673,0.76655525
2024,2023,Amazonas,2023-10-02,1,2023-10-09,3.610673,1.171923
2024,2023,Amazonas,2023-10-02,2,2023-10-16,1.2035577,1.1520289
2024,2023,Amazonas,2023-10-02,3,2023-10-23,3.610673,1.1346859
2024,2023,Amazonas,2023-10-02,4,2023-10-30,3.610673,1.0069363
2024,2023,Amazonas,2023-10-09,1,2023-10-16,1.2035577,1.2205426
2024,2023,Amazonas,2023-10-09,2,2023-10-23,3.610673,1.2140371
2024,2023,Amazonas,2023-10-09,3,2023-10-30,3.610673,1.1864226
2024,2023,Amazonas,2023-10-09,4,2023-11-06,0.0,1.0936682
2024,2023,Amazonas,2023-10-16,1,2023-10-23,3.610673,1.4758136
2024,2023,Amazonas,2023-10-16,2,2023-10-30,3.610673,1.5167524
2024,2023,Amazonas,2023-10-16,3,2023-11-06,0.0,1.4884835
2024,2023,Amazonas,2023-10-16,4,2023-11-13,3.610673,1.3383715
2024,2023,Amazonas,2023-10-23,1,2023-10-30,3.610673,1.4351689
2024,2023,Amazonas,2023-10-23,2,2023-11-06,0.0,1.5132674
2024,2023,Amazonas,2023-10-23,3,2023-11-13,3.610673,1.5461456
2024,2023,Amazonas,2023-10-23,4,2023-11-20,2.4071152,1.406752
2024,2023,Amazonas,2023-10-30,1,2023-11-06,0.0,1.839235
2024,2023,Amazonas,2023-10-30,2,2023-11-13,3.610673,1.9680355
2024,2023,Amazonas,2023-10-30,3,2023-11-20,2.4071152,1.9671068
2024,2023,Amazonas,2023-10-30,4,2023-11-27,2.4071152,1.8600929
2024,2023,Amazonas,2023-11-06,1,2023-11-13,3.610673,1.9878411
2024,2023,Amazonas,2023-11-06,2,2023-11-20,2.4071152,2.1201384
2024,2023,Amazonas,2023-11-06,3,2023-11-27,2.4071152,2.129463
2024,2023,Amazonas,2023-11-06,4,2023-12-04,1.2035577,2.0734303
2024,2023,Amazonas,2023-11-13,1,2023-11-20,2.4071152,1.5793308
2024,2023,Amazonas,2023-11-13,2,2023-11-27,2.4071152,1.691315
2024,2023,Amazonas,2023-11-13,3,2023-12-04,1.2035577,1.6730906
2024,2023,Amazonas,2023-11-13,4,2023-12-11,3.610673,1.7290796
2024,2023,Amazonas,2023-11-20,1,2023-11-27,2.4071152,2.3178546
2024,2023,Amazonas,2023-11-20,2,2023-12-04,1.2035577,2.4485662
2024,2023,Amazonas,2023-11-20,3,2023-12-11,3.610673,2.4800203
2024,2023,Amazonas,2023-11-20,4,2023-12-18,1.2035577,2.5828462
2024,2023,Amazonas,2023-11-27,1,2023-12-04,1.2035577,2.3301108
2024,2023,Amazonas,2023-11-27,2,2023-12-11,3.610673,2.4421139
2024,2023,Amazonas,2023-11-27,3,2023-12-18,1.2035577,2.5181696
2024,2023,Amazonas,2023-11-27,4,2023-12-25,1.2035577,2.6415095
2024,2023,Antioquia,2023-04-17,1,2023-04-24,0.6738816,0.49416134
2024,2023,Antioquia,2023-04-17,2,2023-05-01,0.6006336,0.4726323
2024,2023,Antioquia,2023-04-17,3,2023-05-08,0.8936256,0.503058
2024,2023,Antioquia,2023-04-17,4,2023-05-15,1.0254719,0.5354531
2024,2023,Antioquia,2023-04-24,1,2023-05-01,0.6006336,0.51220304
2024,2023,Antioquia,2023-04-24,2,2023-05-08,0.8936256,0.5098626
2024,2023,Antioquia,2023-04-24,3,2023-05-15,1.0254719,0.5449118
2024,2023,Antioquia,2023-04-24,4,2023-05-22,0.9375743,0.56788117
2024,2023,Antioquia,2023-05-01,1,2023-05-08,0.8936256,0.56112826
2024,2023,Antioquia,2023-05-01,2,2023-05-15,1.0254719,0.5483432
2024,2023,Antioquia,2023-05-01,3,2023-05-22,0.9375743,0.5739888
2024,2023,Antioquia,2023-05-01,4,2023-05-29,1.1866175,0.5854449
2024,2023,Antioquia,2023-05-08,1,2023-05-15,1.0254719,0.58794177
2024,2023,Antioquia,2023-05-08,2,2023-05-22,0.9375743,0.5767197
2024,2023,Antioquia,2023-05-08,3,2023-05-29,1.1866175,0.5972915
2024,2023,Antioquia,2023-05-08,4,2023-06-05,1.1719681,0.6226323
2024,2023,Antioquia,2023-05-15,1,2023-05-22,0.9375743,0.6987987
2024,2023,Antioquia,2023-05-15,2,2023-05-29,1.1866175,0.6980513
2024,2023,Antioquia,2023-05-15,3,2023-06-05,1.1719681,0.7145885
2024,2023,Antioquia,2023-05-15,4,2023-06-12,1.0840704,0.75866234
2024,2023,Antioquia,2023-05-22,1,2023-05-29,1.1866175,0.8064421
2024,2023,Antioquia,2023-05-22,2,2023-06-05,1.1719681,0.80993026
2024,2023,Antioquia,2023-05-22,3,2023-06-12,1.0840704,0.7890191
2024,2023,Antioquia,2023-05-22,4,2023-06-19,1.2305664,0.8330182
2024,2023,Antioquia,2023-05-29,1,2023-06-05,1.1719681,0.8229544
2024,2023,Antioquia,2023-05-29,2,2023-06-12,1.0840704,0.8230822
2024,2023,Antioquia,2023-05-29,3,2023-06-19,1.2305664,0.7896284
2024,2023,Antioquia,2023-05-29,4,2023-06-26,1.1133696,0.8382573
2024,2023,Antioquia,2023-06-05,1,2023-06-12,1.0840704,0.9650111
2024,2023,Antioquia,2023-06-05,2,2023-06-19,1.2305664,0.97352445
2024,2023,Antioquia,2023-06-05,3,2023-06-26,1.1133696,0.9369179
2024,2023,Antioquia,2023-06-05,4,2023-07-03,1.6993536,0.9850462
2024,2023,Antioquia,2023-06-12,1,2023-06-19,1.2305664,1.1170355
2024,2023,Antioquia,2023-06-12,2,2023-06-26,1.1133696,1.1251322
2024,2023,Antioquia,2023-06-12,3,2023-07-03,1.6993536,1.1028728
2024,2023,Antioquia,2023-06-12,4,2023-07-10,1.5821568,1.1599342
2024,2023,Antioquia,2023-06-19,1,2023-06-26,1.1133696,1.2324154
2024,2023,Antioquia,2023-06-19,2,2023-07-03,1.6993536,1.2049874
2024,2023,Antioquia,2023-06-19,3,2023-07-10,1.5821568,1.2022266
2024,2023,Antioquia,2023-06-19,4,2023-07-17,1.6407552,1.2376875
2024,2023,Antioquia,2023-06-26,1,2023-07-03,1.6993536,1.2630666
2024,2023,Antioquia,2023-06-26,2,2023-07-10,1.5821568,1.2336378
2024,2023,Antioquia,2023-06-26,3,2023-07-17,1.6407552,1.2224395
2024,2023,Antioquia,2023-06-26,4,2023-07-24,1.6261055,1.2817516
2024,2023,Antioquia,2023-07-03,1,2023-07-10,1.5821568,1.2276627
2024,2023,Antioquia,2023-07-03,2,2023-07-17,1.6407552,1.195887
2024,2023,Antioquia,2023-07-03,3,2023-07-24,1.6261055,1.1666178
2024,2023,Antioquia,2023-07-03,4,2023-07-31,1.4356607,1.2332965
2024,2023,Antioquia,2023-07-10,1,2023-07-17,1.6407552,1.318387
2024,2023,Antioquia,2023-07-10,2,2023-07-24,1.6261055,1.3129089
2024,2023,Antioquia,2023-07-10,3,2023-07-31,1.4356607,1.2462337
2024,2023,Antioquia,2023-07-10,4,2023-08-07,2.1095424,1.3440646
2024,2023,Antioquia,2023-07-17,1,2023-07-24,1.6261055,1.4594859
2024,2023,Antioquia,2023-07-17,2,2023-07-31,1.4356607,1.4271013
2024,2023,Antioquia,2023-07-17,3,2023-08-07,2.1095424,1.354076
2024,2023,Antioquia,2023-07-17,4,2023-08-14,1.5675071,1.4498652
2024,2023,Antioquia,2023-07-24,1,2023-07-31,1.4356607,1.539009
2024,2023,Antioquia,2023-07-24,2,2023-08-07,2.1095424,1.5135367
2024,2023,Antioquia,2023-07-24,3,2023-08-14,1.5675071,1.4227557
2024,2023,Antioquia,2023-07-24,4,2023-08-21,1.391712,1.5177482
2024,2023,Antioquia,2023-07-31,1,2023-08-07,2.1095424,1.62241
2024,2023,Antioquia,2023-07-31,2,2023-08-14,1.5675071,1.5677077
2024,2023,Antioquia,2023-07-31,3,2023-08-21,1.391712,1.4899714
2024,2023,Antioquia,2023-07-31,4,2023-08-28,1.6554048,1.5355896
2024,2023,Antioquia,2023-08-07,1,2023-08-14,1.5675071,1.5480362
2024,2023,Antioquia,2023-08-07,2,2023-08-21,1.391712,1.452577
2024,2023,Antioquia,2023-08-07,3,2023-08-28,1.6554048,1.3395241
2024,2023,Antioquia,2023-08-07,4,2023-09-04,1.977696,1.3808488
2024,2023,Antioquia,2023-08-14,1,2023-08-21,1.391712,1.6493629
2024,2023,Antioquia,2023-08-14,2,2023-08-28,1.6554048,1.5963424
2024,2023,Antioquia,2023-08-14,3,2023-09-04,1.977696,1.4604938
2024,2023,Antioquia,2023-08-14,4,2023-09-11,1.7579519,1.5613396
2024,2023,Antioquia,2023-08-21,1,2023-08-28,1.6554048,1.4980639
2024,2023,Antioquia,2023-08-21,2,2023-09-04,1.977696,1.49
2024,2023,Antioquia,2023-08-21,3,2023-09-11,1.7579519,1.363546
2024,2023,Antioquia,2023-08-21,4,2023-09-18,1.3477632,1.4759606
2024,2023,Antioquia,2023-08-28,1,2023-09-04,1.977696,1.4461964
2024,2023,Antioquia,2023-08-28,2,2023-09-11,1.7579519,1.3868406
2024,2023,Antioquia,2023-08-28,3,2023-09-18,1.3477632,1.2863092
2024,2023,Antioquia,2023-08-28,4,2023-09-25,1.4649599,1.3493788
2024,2023,Antioquia,2023-09-04,1,2023-09-11,1.7579519,1.5477564
2024,2023,Antioquia,2023-09-04,2,2023-09-18,1.3477632,1.5173099
2024,2023,Antioquia,2023-09-04,3,2023-09-25,1.4649599,1.4295685
2024,2023,Antioquia,2023-09-04,4,2023-10-02,2.2560384,1.5097542
2024,2023,Antioquia,2023-09-11,1,2023-09-18,1.3477632,1.8083314
2024,2023,Antioquia,2023-09-11,2,2023-09-25,1.4649599,1.808751
2024,2023,Antioquia,2023-09-11,3,2023-10-02,2.2560384,1.7443657
2024,2023,Antioquia,2023-09-11,4,2023-10-09,1.7726017,1.7891873
2024,2023,Antioquia,2023-09-18,1,2023-09-25,1.4649599,1.8017731
2024,2023,Antioquia,2023-09-18,2,2023-10-02,2.2560384,1.7840029
2024,2023,Antioquia,2023-09-18,3,2023-10-09,1.7726017,1.7323993
2024,2023,Antioquia,2023-09-18,4,2023-10-16,1.7140031,1.7608947
2024,2023,Antioquia,2023-09-25,1,2023-10-02,2.2560384,1.6138033
2024,2023,Antioquia,2023-09-25,2,2023-10-09,1.7726017,1.6033602
2024,2023,Antioquia,2023-09-25,3,2023-10-16,1.7140031,1.5543392
2024,2023,Antioquia,2023-09-25,4,2023-10-23,1.5968064,1.642539
2024,2023,Antioquia,2023-10-02,1,2023-10-09,1.7726017,1.4679397
2024,2023,Antioquia,2023-10-02,2,2023-10-16,1.7140031,1.4864092
2024,2023,Antioquia,2023-10-02,3,2023-10-23,1.5968064,1.4325725
2024,2023,Antioquia,2023-10-02,4,2023-10-30,1.391712,1.5529749
2024,2023,Antioquia,2023-10-09,1,2023-10-16,1.7140031,1.6627845
2024,2023,Antioquia,2023-10-09,2,2023-10-23,1.5968064,1.7178298
2024,2023,Antioquia,2023-10-09,3,2023-10-30,1.391712,1.676883
2024,2023,Antioquia,2023-10-09,4,2023-11-06,1.245216,1.770501
2024,2023,Antioquia,2023-10-16,1,2023-10-23,1.5968064,1.7128682
2024,2023,Antioquia,2023-10-16,2,2023-10-30,1.391712,1.813247
2024,2023,Antioquia,2023-10-16,3,2023-11-06,1.245216,1.7688812
2024,2023,Antioquia,2023-10-16,4,2023-11-13,1.933747,1.8749137
2024,2023,Antioquia,2023-10-23,1,2023-10-30,1.391712,1.7476594
2024,2023,Antioquia,2023-10-23,2,2023-11-06,1.245216,1.8697604
2024,2023,Antioquia,2023-10-23,3,2023-11-13,1.933747,1.8631201
2024,2023,Antioquia,2023-10-23,4,2023-11-20,1.5968064,1.9714196
2024,2023,Antioquia,2023-10-30,1,2023-11-06,1.245216,1.6712569
2024,2023,Antioquia,2023-10-30,2,2023-11-13,1.933747,1.7680027
2024,2023,Antioquia,2023-10-30,3,2023-11-20,1.5968064,1.7743402
2024,2023,Antioquia,2023-10-30,4,2023-11-27,1.9044478,1.8165364
2024,2023,Antioquia,2023-11-06,1,2023-11-13,1.933747,1.4981128
2024,2023,Antioquia,2023-11-06,2,2023-11-20,1.5968064,1.52403
2024,2023,Antioquia,2023-11-06,3,2023-11-27,1.9044478,1.5088216
2024,2023,Antioquia,2023-11-06,4,2023-12-04,1.6700543,1.525757
2024,2023,Antioquia,2023-11-13,1,2023-11-20,1.5968064,1.2287762
2024,2023,Antioquia,2023-11-13,2,2023-11-27,1.9044478,1.26736
2024,2023,Antioquia,2023-11-13,3,2023-12-04,1.6700543,1.2726684
2024,2023,Antioquia,2023-11-13,4,2023-12-11,1.7872512,1.3291247
2024,2023,Antioquia,2023-11-20,1,2023-11-27,1.9044478,1.4100623
2024,2023,Antioquia,2023-11-20,2,2023-12-04,1.6700543,1.477914
2024,2023,Antioquia,2023-11-20,3,2023-12-11,1.7872512,1.4971169
2024,2023,Antioquia,2023-11-20,4,2023-12-18,1.7579519,1.5133202
2024,2023,Antioquia,2023-11-27,1,2023-12-04,1.6700543,1.5422759
2024,2023,Antioquia,2023-11-27,2,2023-12-11,1.7872512,1.565658
2024,2023,Antioquia,2023-11-27,3,2023-12-18,1.7579519,1.6053994
2024,2023,Antioquia,2023-11-27,4,2023-12-25,1.3770623,1.5624251
2024,2023,Arauca,2023-04-17,1,2023-04-24,3.6200407,1.4731506
2024,2023,Arauca,2023-04-17,2,2023-05-01,1.8100202,1.6929274
2024,2023,Arauca,2023-04-17,3,2023-05-08,4.3440485,1.7623415
2024,2023,Arauca,2023-04-17,4,2023-05-15,3.6200407,1.7712922
2024,2023,Arauca,2023-04-24,1,2023-05-01,1.8100202,1.6124324
2024,2023,Arauca,2023-04-24,2,2023-05-08,4.3440485,1.7928193
2024,2023,Arauca,2023-04-24,3,2023-05-15,3.6200407,1.9312916
2024,2023,Arauca,2023-04-24,4,2023-05-22,4.3440485,1.9888136
2024,2023,Arauca,2023-05-01,1,2023-05-08,4.3440485,3.0776916
2024,2023,Arauca,2023-05-01,2,2023-05-15,3.6200407,3.2866488
2024,2023,Arauca,2023-05-01,3,2023-05-22,4.3440485,3.4415207
2024,2023,Arauca,2023-05-01,4,2023-05-29,0.7240081,3.5200286
2024,2023,Arauca,2023-05-08,1,2023-05-15,3.6200407,3.2371426
2024,2023,Arauca,2023-05-08,2,2023-05-22,4.3440485,3.4965909
2024,2023,Arauca,2023-05-08,3,2023-05-29,0.7240081,3.7347188
2024,2023,Arauca,2023-05-08,4,2023-06-05,4.3440485,3.7188141
2024,2023,Arauca,2023-05-15,1,2023-05-22,4.3440485,4.8450794
2024,2023,Arauca,2023-05-15,2,2023-05-29,0.7240081,5.050082
2024,2023,Arauca,2023-05-15,3,2023-06-05,4.3440485,5.2600756
2024,2023,Arauca,2023-05-15,4,2023-06-12,3.2580369,5.247154
2024,2023,Arauca,2023-05-22,1,2023-05-29,0.7240081,4.947793
2024,2023,Arauca,2023-05-22,2,2023-06-05,4.3440485,5.1644464
2024,2023,Arauca,2023-05-22,3,2023-06-12,3.2580369,5.320936
2024,2023,Arauca,2023-05-22,4,2023-06-19,1.4480162,5.313485
2024,2023,Arauca,2023-05-29,1,2023-06-05,4.3440485,5.346317
2024,2023,Arauca,2023-05-29,2,2023-06-12,3.2580369,5.4948125
2024,2023,Arauca,2023-05-29,3,2023-06-19,1.4480162,5.5613713
2024,2023,Arauca,2023-05-29,4,2023-06-26,3.2580369,5.589642
2024,2023,Arauca,2023-06-05,1,2023-06-12,3.2580369,3.4057884
2024,2023,Arauca,2023-06-05,2,2023-06-19,1.4480162,3.4508052
2024,2023,Arauca,2023-06-05,3,2023-06-26,3.2580369,3.6984375
2024,2023,Arauca,2023-06-05,4,2023-07-03,2.5340285,3.594732
2024,2023,Arauca,2023-06-12,1,2023-06-19,1.4480162,4.0179667
2024,2023,Arauca,2023-06-12,2,2023-06-26,3.2580369,3.9887607
2024,2023,Arauca,2023-06-12,3,2023-07-03,2.5340285,4.0374284
2024,2023,Arauca,2023-06-12,4,2023-07-10,4.3440485,3.8886967
2024,2023,Arauca,2023-06-19,1,2023-06-26,3.2580369,3.6297898
2024,2023,Arauca,2023-06-19,2,2023-07-03,2.5340285,3.555787
2024,2023,Arauca,2023-06-19,3,2023-07-10,4.3440485,3.6345289
2024,2023,Arauca,2023-06-19,4,2023-07-17,2.5340285,3.3492389
2024,2023,Arauca,2023-06-26,1,2023-07-03,2.5340285,2.7385352
2024,2023,Arauca,2023-06-26,2,2023-07-10,4.3440485,2.6775794
2024,2023,Arauca,2023-06-26,3,2023-07-17,2.5340285,2.7338123
2024,2023,Arauca,2023-06-26,4,2023-07-24,0.7240081,2.5616896
2024,2023,Arauca,2023-07-03,1,2023-07-10,4.3440485,2.915709
2024,2023,Arauca,2023-07-03,2,2023-07-17,2.5340285,2.7620049
2024,2023,Arauca,2023-07-03,3,2023-07-24,0.7240081,2.7597668
2024,2023,Arauca,2023-07-03,4,2023-07-31,0.7240081,2.614771
2024,2023,Arauca,2023-07-10,1,2023-07-17,2.5340285,2.3878284
2024,2023,Arauca,2023-07-10,2,2023-07-24,0.7240081,2.240555
2024,2023,Arauca,2023-07-10,3,2023-07-31,0.7240081,2.1380808
2024,2023,Arauca,2023-07-10,4,2023-08-07,1.8100202,1.9585214
2024,2023,Arauca,2023-07-17,1,2023-07-24,0.7240081,2.8097267
2024,2023,Arauca,2023-07-17,2,2023-07-31,0.7240081,2.6166875
2024,2023,Arauca,2023-07-17,3,2023-08-07,1.8100202,2.4875638
2024,2023,Arauca,2023-07-17,4,2023-08-14,1.4480162,2.362325
2024,2023,Arauca,2023-07-24,1,2023-07-31,0.7240081,2.570943
2024,2023,Arauca,2023-07-24,2,2023-08-07,1.8100202,2.4132447
2024,2023,Arauca,2023-07-24,3,2023-08-14,1.4480162,2.3305376
2024,2023,Arauca,2023-07-24,4,2023-08-21,1.4480162,2.1339881
2024,2023,Arauca,2023-07-31,1,2023-08-07,1.8100202,1.528726
2024,2023,Arauca,2023-07-31,2,2023-08-14,1.4480162,1.4285631
2024,2023,Arauca,2023-07-31,3,2023-08-21,1.4480162,1.4488178
2024,2023,Arauca,2023-07-31,4,2023-08-28,1.0860121,1.2984519
2024,2023,Arauca,2023-08-07,1,2023-08-14,1.4480162,1.0779707
2024,2023,Arauca,2023-08-07,2,2023-08-21,1.4480162,1.0312133
2024,2023,Arauca,2023-08-07,3,2023-08-28,1.0860121,1.0370382
2024,2023,Arauca,2023-08-07,4,2023-09-04,1.8100202,0.9288041
2024,2023,Arauca,2023-08-14,1,2023-08-21,1.4480162,1.1223276
2024,2023,Arauca,2023-08-14,2,2023-08-28,1.0860121,1.0416267
2024,2023,Arauca,2023-08-14,3,2023-09-04,1.8100202,1.0148568
2024,2023,Arauca,2023-08-14,4,2023-09-11,1.4480162,0.9326784
2024,2023,Arauca,2023-08-21,1,2023-08-28,1.0860121,1.11741
2024,2023,Arauca,2023-08-21,2,2023-09-04,1.8100202,1.0411906
2024,2023,Arauca,2023-08-21,3,2023-09-11,1.4480162,1.0311141
2024,2023,Arauca,2023-08-21,4,2023-09-18,2.1720243,0.9118787
2024,2023,Arauca,2023-08-28,1,2023-09-04,1.8100202,1.1789787
2024,2023,Arauca,2023-08-28,2,2023-09-11,1.4480162,1.0613009
2024,2023,Arauca,2023-08-28,3,2023-09-18,2.1720243,1.0348651
2024,2023,Arauca,2023-08-28,4,2023-09-25,0.7240081,0.94042057
2024,2023,Arauca,2023-09-04,1,2023-09-11,1.4480162,1.2411823
2024,2023,Arauca,2023-09-04,2,2023-09-18,2.1720243,1.0948981
2024,2023,Arauca,2023-09-04,3,2023-09-25,0.7240081,1.091911
2024,2023,Arauca,2023-09-04,4,2023-10-02,2.8960326,0.9639152
2024,2023,Arauca,2023-09-11,1,2023-09-18,2.1720243,1.2912544
2024,2023,Arauca,2023-09-11,2,2023-09-25,0.7240081,1.177197
2024,2023,Arauca,2023-09-11,3,2023-10-02,2.8960326,1.1675236
2024,2023,Arauca,2023-09-11,4,2023-10-09,1.4480162,1.0804278
2024,2023,Arauca,2023-09-18,1,2023-09-25,0.7240081,1.3210245
2024,2023,Arauca,2023-09-18,2,2023-10-02,2.8960326,1.1897359
2024,2023,Arauca,2023-09-18,3,2023-10-09,1.4480162,1.2044642
2024,2023,Arauca,2023-09-18,4,2023-10-16,1.8100202,1.1292663
2024,2023,Arauca,2023-09-25,1,2023-10-02,2.8960326,1.5541365
2024,2023,Arauca,2023-09-25,2,2023-10-09,1.4480162,1.4014939
2024,2023,Arauca,2023-09-25,3,2023-10-16,1.8100202,1.4281598
2024,2023,Arauca,2023-09-25,4,2023-10-23,2.1720243,1.3855824
2024,2023,Arauca,2023-10-02,1,2023-10-09,1.4480162,1.3938608
2024,2023,Arauca,2023-10-02,2,2023-10-16,1.8100202,1.2392882
2024,2023,Arauca,2023-10-02,3,2023-10-23,2.1720243,1.2773536
2024,2023,Arauca,2023-10-02,4,2023-10-30,1.0860121,1.2571524
2024,2023,Arauca,2023-10-09,1,2023-10-16,1.8100202,1.7046163
2024,2023,Arauca,2023-10-09,2,2023-10-23,2.1720243,1.6000357
2024,2023,Arauca,2023-10-09,3,2023-10-30,1.0860121,1.6812686
2024,2023,Arauca,2023-10-09,4,2023-11-06,1.4480162,1.6876525
2024,2023,Arauca,2023-10-16,1,2023-10-23,2.1720243,1.5790484
2024,2023,Arauca,2023-10-16,2,2023-10-30,1.0860121,1.5035461
2024,2023,Arauca,2023-10-16,3,2023-11-06,1.4480162,1.6364454
2024,2023,Arauca,2023-10-16,4,2023-11-13,1.8100202,1.6647897
2024,2023,Arauca,2023-10-23,1,2023-10-30,1.0860121,1.5559397
2024,2023,Arauca,2023-10-23,2,2023-11-06,1.4480162,1.5683013
2024,2023,Arauca,2023-10-23,3,2023-11-13,1.8100202,1.7357378
2024,2023,Arauca,2023-10-23,4,2023-11-20,1.4480162,1.820054
2024,2023,Arauca,2023-10-30,1,2023-11-06,1.4480162,1.8304135
2024,2023,Arauca,2023-10-30,2,2023-11-13,1.8100202,1.8727968
2024,2023,Arauca,2023-10-30,3,2023-11-20,1.4480162,2.1234732
2024,2023,Arauca,2023-10-30,4,2023-11-27,2.8960326,2.2188964
2024,2023,Arauca,2023-11-06,1,2023-11-13,1.8100202,1.6186852
2024,2023,Arauca,2023-11-06,2,2023-11-20,1.4480162,1.680093
2024,2023,Arauca,2023-11-06,3,2023-11-27,2.8960326,1.9135362
2024,2023,Arauca,2023-11-06,4,2023-12-04,1.4480162,2.0274715
2024,2023,Arauca,2023-11-13,1,2023-11-20,1.4480162,1.7455634
2024,2023,Arauca,2023-11-13,2,2023-11-27,2.8960326,1.8135571
2024,2023,Arauca,2023-11-13,3,2023-12-04,1.4480162,2.0522487
2024,2023,Arauca,2023-11-13,4,2023-12-11,3.2580369,2.1341147
2024,2023,Arauca,2023-11-20,1,2023-11-27,2.8960326,1.8689873
2024,2023,Arauca,2023-11-20,2,2023-12-04,1.4480162,1.9388624
2024,2023,Arauca,2023-11-20,3,2023-12-11,3.2580369,2.1731603
2024,2023,Arauca,2023-11-20,4,2023-12-18,3.6200407,2.2759275
2024,2023,Arauca,2023-11-27,1,2023-12-04,1.4480162,1.9639729
2024,2023,Arauca,2023-11-27,2,2023-12-11,3.2580369,2.0480206
2024,2023,Arauca,2023-11-27,3,2023-12-18,3.6200407,2.2655833
2024,2023,Arauca,2023-11-27,4,2023-12-25,2.1720243,2.3767507
2024,2023,Atlantico,2023-04-17,1,2023-04-24,1.3545301,1.4629114
2024,2023,Atlantico,2023-04-17,2,2023-05-01,1.1763024,1.5752198
2024,2023,Atlantico,2023-04-17,3,2023-05-08,1.2119479,1.5466721
2024,2023,Atlantico,2023-04-17,4,2023-05-15,1.1050113,1.8059046
2024,2023,Atlantico,2023-04-24,1,2023-05-01,1.1763024,1.4047881
2024,2023,Atlantico,2023-04-24,2,2023-05-08,1.2119479,1.5939273
2024,2023,Atlantico,2023-04-24,3,2023-05-15,1.1050113,1.5866896
2024,2023,Atlantico,2023-04-24,4,2023-05-22,1.4614667,1.8924475
2024,2023,Atlantico,2023-05-01,1,2023-05-08,1.2119479,1.6464909
2024,2023,Atlantico,2023-05-01,2,2023-05-15,1.1050113,1.9038004
2024,2023,Atlantico,2023-05-01,3,2023-05-22,1.4614667,1.9143529
2024,2023,Atlantico,2023-05-01,4,2023-05-29,0.99807477,2.2195034
2024,2023,Atlantico,2023-05-08,1,2023-05-15,1.1050113,1.8026767
2024,2023,Atlantico,2023-05-08,2,2023-05-22,1.4614667,2.0407841
2024,2023,Atlantico,2023-05-08,3,2023-05-29,0.99807477,2.0975912
2024,2023,Atlantico,2023-05-08,4,2023-06-05,0.7842016,2.319411
2024,2023,Atlantico,2023-05-15,1,2023-05-22,1.4614667,1.7473972
2024,2023,Atlantico,2023-05-15,2,2023-05-29,0.99807477,1.9114408
2024,2023,Atlantico,2023-05-15,3,2023-06-05,0.7842016,2.0224388
2024,2023,Atlantico,2023-05-15,4,2023-06-12,0.71291053,2.1615043
2024,2023,Atlantico,2023-05-22,1,2023-05-29,0.99807477,1.8117703
2024,2023,Atlantico,2023-05-22,2,2023-06-05,0.7842016,1.9780207
2024,2023,Atlantico,2023-05-22,3,2023-06-12,0.71291053,2.146579
2024,2023,Atlantico,2023-05-22,4,2023-06-19,1.1763024,2.2516677
2024,2023,Atlantico,2023-05-29,1,2023-06-05,0.7842016,2.0731056
2024,2023,Atlantico,2023-05-29,2,2023-06-12,0.71291053,2.2618597
2024,2023,Atlantico,2023-05-29,3,2023-06-19,1.1763024,2.4331703
2024,2023,Atlantico,2023-05-29,4,2023-06-26,1.3188845,2.5226803
2024,2023,Atlantico,2023-06-05,1,2023-06-12,0.71291053,2.3165817
2024,2023,Atlantico,2023-06-05,2,2023-06-19,1.1763024,2.5269141
2024,2023,Atlantico,2023-06-05,3,2023-06-26,1.3188845,2.7126942
2024,2023,Atlantico,2023-06-05,4,2023-07-03,1.5327578,2.7604825
2024,2023,Atlantico,2023-06-12,1,2023-06-19,1.1763024,2.4185135
2024,2023,Atlantico,2023-06-12,2,2023-06-26,1.3188845,2.586673
2024,2023,Atlantico,2023-06-12,3,2023-07-03,1.5327578,2.8564725
2024,2023,Atlantico,2023-06-12,4,2023-07-10,2.815997,2.825016
2024,2023,Atlantico,2023-06-19,1,2023-06-26,1.3188845,2.3606417
2024,2023,Atlantico,2023-06-19,2,2023-07-03,1.5327578,2.5278244
2024,2023,Atlantico,2023-06-19,3,2023-07-10,2.815997,2.8110807
2024,2023,Atlantico,2023-06-19,4,2023-07-17,3.457616,2.759492
2024,2023,Atlantico,2023-06-26,1,2023-07-03,1.5327578,2.551925
2024,2023,Atlantico,2023-06-26,2,2023-07-10,2.815997,2.7192533
2024,2023,Atlantico,2023-06-26,3,2023-07-17,3.457616,2.9887872
2024,2023,Atlantico,2023-06-26,4,2023-07-24,3.4219708,3.0117962
2024,2023,Atlantico,2023-07-03,1,2023-07-10,2.815997,2.7440143
2024,2023,Atlantico,2023-07-03,2,2023-07-17,3.457616,2.91567
2024,2023,Atlantico,2023-07-03,3,2023-07-24,3.4219708,3.2502513
2024,2023,Atlantico,2023-07-03,4,2023-07-31,3.1011612,3.349396
2024,2023,Atlantico,2023-07-10,1,2023-07-17,3.457616,3.0635033
2024,2023,Atlantico,2023-07-10,2,2023-07-24,3.4219708,3.2456224
2024,2023,Atlantico,2023-07-10,3,2023-07-31,3.1011612,3.587731
2024,2023,Atlantico,2023-07-10,4,2023-08-07,3.6714892,3.794302
2024,2023,Atlantico,2023-07-17,1,2023-07-24,3.4219708,4.2198763
2024,2023,Atlantico,2023-07-17,2,2023-07-31,3.1011612,4.4163117
2024,2023,Atlantico,2023-07-17,3,2023-08-07,3.6714892,4.7999163
2024,2023,Atlantico,2023-07-17,4,2023-08-14,2.352605,5.104976
2024,2023,Atlantico,2023-07-24,1,2023-07-31,3.1011612,5.4671926
2024,2023,Atlantico,2023-07-24,2,2023-08-07,3.6714892,5.7161193
2024,2023,Atlantico,2023-07-24,3,2023-08-14,2.352605,6.154297
2024,2023,Atlantico,2023-07-24,4,2023-08-21,1.7466309,6.501758
2024,2023,Atlantico,2023-07-31,1,2023-08-07,3.6714892,6.0721827
2024,2023,Atlantico,2023-07-31,2,2023-08-14,2.352605,6.311709
2024,2023,Atlantico,2023-07-31,3,2023-08-21,1.7466309,6.687197
2024,2023,Atlantico,2023-07-31,4,2023-08-28,2.7803514,6.995456
2024,2023,Atlantico,2023-08-07,1,2023-08-14,2.352605,6.055619
2024,2023,Atlantico,2023-08-07,2,2023-08-21,1.7466309,6.1893163
2024,2023,Atlantico,2023-08-07,3,2023-08-28,2.7803514,6.4896293
2024,2023,Atlantico,2023-08-07,4,2023-09-04,2.6377692,6.791524
2024,2023,Atlantico,2023-08-14,1,2023-08-21,1.7466309,6.1762743
2024,2023,Atlantico,2023-08-14,2,2023-08-28,2.7803514,6.2045684
2024,2023,Atlantico,2023-08-14,3,2023-09-04,2.6377692,6.504937
2024,2023,Atlantico,2023-08-14,4,2023-09-11,1.9961494,6.84069
2024,2023,Atlantico,2023-08-21,1,2023-08-28,2.7803514,5.1818633
2024,2023,Atlantico,2023-08-21,2,2023-09-04,2.6377692,5.135686
2024,2023,Atlantico,2023-08-21,3,2023-09-11,1.9961494,5.371581
2024,2023,Atlantico,2023-08-21,4,2023-09-18,2.7447057,5.698265
2024,2023,Atlantico,2023-08-28,1,2023-09-04,2.6377692,4.1173596
2024,2023,Atlantico,2023-08-28,2,2023-09-11,1.9961494,4.068286
2024,2023,Atlantico,2023-08-28,3,2023-09-18,2.7447057,4.2454243
2024,2023,Atlantico,2023-08-28,4,2023-09-25,2.6734145,4.4703493
2024,2023,Atlantico,2023-09-04,1,2023-09-11,1.9961494,4.457191
2024,2023,Atlantico,2023-09-04,2,2023-09-18,2.7447057,4.4918113
2024,2023,Atlantico,2023-09-04,3,2023-09-25,2.6734145,4.7728586
2024,2023,Atlantico,2023-09-04,4,2023-10-02,2.4595416,5.093337
2024,2023,Atlantico,2023-09-11,1,2023-09-18,2.7447057,4.578511
2024,2023,Atlantico,2023-09-11,2,2023-09-25,2.6734145,4.6132627
2024,2023,Atlantico,2023-09-11,3,2023-10-02,2.4595416,4.9183564
2024,2023,Atlantico,2023-09-11,4,2023-10-09,2.0317953,5.2892394
2024,2023,Atlantico,2023-09-18,1,2023-09-25,2.6734145,4.1332726
2024,2023,Atlantico,2023-09-18,2,2023-10-02,2.4595416,4.144948
2024,2023,Atlantico,2023-09-18,3,2023-10-09,2.0317953,4.438185
2024,2023,Atlantico,2023-09-18,4,2023-10-16,2.2456684,4.736269
2024,2023,Atlantico,2023-09-25,1,2023-10-02,2.4595416,4.5642886
2024,2023,Atlantico,2023-09-25,2,2023-10-09,2.0317953,4.6379604
2024,2023,Atlantico,2023-09-25,3,2023-10-16,2.2456684,4.996871
2024,2023,Atlantico,2023-09-25,4,2023-10-23,2.495187,5.370384
2024,2023,Atlantico,2023-10-02,1,2023-10-09,2.0317953,4.763492
2024,2023,Atlantico,2023-10-02,2,2023-10-16,2.2456684,4.853587
2024,2023,Atlantico,2023-10-02,3,2023-10-23,2.495187,5.218948
2024,2023,Atlantico,2023-10-02,4,2023-10-30,1.889213,5.6316004
2024,2023,Atlantico,2023-10-09,1,2023-10-16,2.2456684,4.722544
2024,2023,Atlantico,2023-10-09,2,2023-10-23,2.495187,4.816576
2024,2023,Atlantico,2023-10-09,3,2023-10-30,1.889213,5.107669
2024,2023,Atlantico,2023-10-09,4,2023-11-06,3.2793884,5.4830427
2024,2023,Atlantico,2023-10-16,1,2023-10-23,2.495187,4.305574
2024,2023,Atlantico,2023-10-16,2,2023-10-30,1.889213,4.416158
2024,2023,Atlantico,2023-10-16,3,2023-11-06,3.2793884,4.6442547
2024,2023,Atlantico,2023-10-16,4,2023-11-13,3.707135,4.96631
2024,2023,Atlantico,2023-10-23,1,2023-10-30,1.889213,4.1693935
2024,2023,Atlantico,2023-10-23,2,2023-11-06,3.2793884,4.246305
2024,2023,Atlantico,2023-10-23,3,2023-11-13,3.707135,4.4618244
2024,2023,Atlantico,2023-10-23,4,2023-11-20,3.4932616,4.7837586
2024,2023,Atlantico,2023-10-30,1,2023-11-06,3.2793884,4.1903195
2024,2023,Atlantico,2023-10-30,2,2023-11-13,3.707135,4.28326
2024,2023,Atlantico,2023-10-30,3,2023-11-20,3.4932616,4.4921474
2024,2023,Atlantico,2023-10-30,4,2023-11-27,5.132956,4.746345
2024,2023,Atlantico,2023-11-06,1,2023-11-13,3.707135,3.8033416
2024,2023,Atlantico,2023-11-06,2,2023-11-20,3.4932616,3.7843273
2024,2023,Atlantico,2023-11-06,3,2023-11-27,5.132956,3.9262822
2024,2023,Atlantico,2023-11-06,4,2023-12-04,5.845866,4.115617
2024,2023,Atlantico,2023-11-13,1,2023-11-20,3.4932616,4.4628396
2024,2023,Atlantico,2023-11-13,2,2023-11-27,5.132956,4.429022
2024,2023,Atlantico,2023-11-13,3,2023-12-04,5.845866,4.541529
2024,2023,Atlantico,2023-11-13,4,2023-12-11,6.630069,4.842307
2024,2023,Atlantico,2023-11-20,1,2023-11-27,5.132956,5.2500553
2024,2023,Atlantico,2023-11-20,2,2023-12-04,5.845866,5.1623983
2024,2023,Atlantico,2023-11-20,3,2023-12-11,6.630069,5.2918286
2024,2023,Atlantico,2023-11-20,4,2023-12-18,7.6994348,5.43899
2024,2023,Atlantico,2023-11-27,1,2023-12-04,5.845866,5.2716503
2024,2023,Atlantico,2023-11-27,2,2023-12-11,6.630069,5.023633
2024,2023,Atlantico,2023-11-27,3,2023-12-18,7.6994348,5.0379725
2024,2023,Atlantico,2023-11-27,4,2023-12-25,7.41427,5.1770473
2024,2023,Bogota d.c.,2023-04-17,1,2023-04-24,0.0,0.0
2024,2023,Bogota d.c.,2023-04-17,2,2023-05-01,0.0,0.0015928454
2024,2023,Bogota d.c.,2023-04-17,3,2023-05-08,0.0,0.0
2024,2023,Bogota d.c.,2023-04-17,4,2023-05-15,0.0,0.0003441121
2024,2023,Bogota d.c.,2023-04-24,1,2023-05-01,0.0,0.010346524
2024,2023,Bogota d.c.,2023-04-24,2,2023-05-08,0.0,0.017021157
2024,2023,Bogota d.c.,2023-04-24,3,2023-05-15,0.0,0.0011415809
2024,2023,Bogota d.c.,2023-04-24,4,2023-05-22,0.0,0.014768432
2024,2023,Bogota d.c.,2023-05-01,1,2023-05-08,0.0,0.00070329144
2024,2023,Bogota d.c.,2023-05-01,2,2023-05-15,0.0,0.01970193
2024,2023,Bogota d.c.,2023-05-01,3,2023-05-22,0.0,0.00776557
2024,2023,Bogota d.c.,2023-05-01,4,2023-05-29,0.0,0.011928188
2024,2023,Bogota d.c.,2023-05-08,1,2023-05-15,0.0,0.0
2024,2023,Bogota d.c.,2023-05-08,2,2023-05-22,0.0,0.016891485
2024,2023,Bogota d.c.,2023-05-08,3,2023-05-29,0.0,0.003498491
2024,2023,Bogota d.c.,2023-05-08,4,2023-06-05,0.0,0.004798983
2024,2023,Bogota d.c.,2023-05-15,1,2023-05-22,0.0,0.0
2024,2023,Bogota d.c.,2023-05-15,2,2023-05-29,0.0,0.0021186233
2024,2023,Bogota d.c.,2023-05-15,3,2023-06-05,0.0,0.0042388844
2024,2023,Bogota d.c.,2023-05-15,4,2023-06-12,0.0,0.0
2024,2023,Bogota d.c.,2023-05-22,1,2023-05-29,0.0,0.004689614
2024,2023,Bogota d.c.,2023-05-22,2,2023-06-05,0.0,0.026252532
2024,2023,Bogota d.c.,2023-05-22,3,2023-06-12,0.0,0.016574766
2024,2023,Bogota d.c.,2023-05-22,4,2023-06-19,0.0,0.017935386
2024,2023,Bogota d.c.,2023-05-29,1,2023-06-05,0.0,0.0146357445
2024,2023,Bogota d.c.,2023-05-29,2,2023-06-12,0.0,0.04225467
2024,2023,Bogota d.c.,2023-05-29,3,2023-06-19,0.0,0.022670874
2024,2023,Bogota d.c.,2023-05-29,4,2023-06-26,0.0,0.027560044
2024,2023,Bogota d.c.,2023-06-05,1,2023-06-12,0.0,0.0064320536
2024,2023,Bogota d.c.,2023-06-05,2,2023-06-19,0.0,0.0344044
2024,2023,Bogota d.c.,2023-06-05,3,2023-06-26,0.0,0.015599222
2024,2023,Bogota d.c.,2023-06-05,4,2023-07-03,0.0,0.017583888
2024,2023,Bogota d.c.,2023-06-12,1,2023-06-19,0.0,0.0069818813
2024,2023,Bogota d.c.,2023-06-12,2,2023-06-26,0.0,0.031711522
2024,2023,Bogota d.c.,2023-06-12,3,2023-07-03,0.0,0.018235685
2024,2023,Bogota d.c.,2023-06-12,4,2023-07-10,0.0,0.014635987
2024,2023,Bogota d.c.,2023-06-19,1,2023-06-26,0.0,0.02643638
2024,2023,Bogota d.c.,2023-06-19,2,2023-07-03,0.0,0.028837638
2024,2023,Bogota d.c.,2023-06-19,3,2023-07-10,0.0,0.029540611
2024,2023,Bogota d.c.,2023-06-19,4,2023-07-17,0.0,0.018080149
2024,2023,Bogota d.c.,2023-06-26,1,2023-07-03,0.0,0.02547538
2024,2023,Bogota d.c.,2023-06-26,2,2023-07-10,0.0,0.032143354
2024,2023,Bogota d.c.,2023-06-26,3,2023-07-17,0.0,0.028426718
2024,2023,Bogota d.c.,2023-06-26,4,2023-07-24,0.0,0.02598281
2024,2023,Bogota d.c.,2023-07-03,1,2023-07-10,0.0,0.028106645
2024,2023,Bogota d.c.,2023-07-03,2,2023-07-17,0.0,0.04200166
2024,2023,Bogota d.c.,2023-07-03,3,2023-07-24,0.0,0.03367314
2024,2023,Bogota d.c.,2023-07-03,4,2023-07-31,0.0,0.033615157
2024,2023,Bogota d.c.,2023-07-10,1,2023-07-17,0.0,0.03820374
2024,2023,Bogota d.c.,2023-07-10,2,2023-07-24,0.0,0.049222764
2024,2023,Bogota d.c.,2023-07-10,3,2023-07-31,0.0,0.04345944
2024,2023,Bogota d.c.,2023-07-10,4,2023-08-07,0.0,0.040230695
2024,2023,Bogota d.c.,2023-07-17,1,2023-07-24,0.0,0.024856145
2024,2023,Bogota d.c.,2023-07-17,2,2023-07-31,0.0,0.044825997
2024,2023,Bogota d.c.,2023-07-17,3,2023-08-07,0.0,0.021065725
2024,2023,Bogota d.c.,2023-07-17,4,2023-08-14,0.0,0.035764806
2024,2023,Bogota d.c.,2023-07-24,1,2023-07-31,0.0,0.02188075
2024,2023,Bogota d.c.,2023-07-24,2,2023-08-07,0.0,0.033207085
2024,2023,Bogota d.c.,2023-07-24,3,2023-08-14,0.0,0.0127549395
2024,2023,Bogota d.c.,2023-07-24,4,2023-08-21,0.0,0.030388534
2024,2023,Bogota d.c.,2023-07-31,1,2023-08-07,0.0,0.01503308
2024,2023,Bogota d.c.,2023-07-31,2,2023-08-14,0.0,0.010883495
2024,2023,Bogota d.c.,2023-07-31,3,2023-08-21,0.0,0.007487406
2024,2023,Bogota d.c.,2023-07-31,4,2023-08-28,0.0,0.016360523
2024,2023,Bogota d.c.,2023-08-07,1,2023-08-14,0.0,0.007567014
2024,2023,Bogota d.c.,2023-08-07,2,2023-08-21,0.0,0.0051715877
2024,2023,Bogota d.c.,2023-08-07,3,2023-08-28,0.0,0.007704874
2024,2023,Bogota d.c.,2023-08-07,4,2023-09-04,0.0,0.013879761
2024,2023,Bogota d.c.,2023-08-14,1,2023-08-21,0.0,0.0008510096
2024,2023,Bogota d.c.,2023-08-14,2,2023-08-28,0.0,0.0046186536
2024,2023,Bogota d.c.,2023-08-14,3,2023-09-04,0.0,0.0
2024,2023,Bogota d.c.,2023-08-14,4,2023-09-11,0.0,0.010723784
2024,2023,Bogota d.c.,2023-08-21,1,2023-08-28,0.0,0.0
2024,2023,Bogota d.c.,2023-08-21,2,2023-09-04,0.0,0.0058447695
2024,2023,Bogota d.c.,2023-08-21,3,2023-09-11,0.0,0.0
2024,2023,Bogota d.c.,2023-08-21,4,2023-09-18,0.0,0.005835522
2024,2023,Bogota d.c.,2023-08-28,1,2023-09-04,0.0,0.01644028
2024,2023,Bogota d.c.,2023-08-28,2,2023-09-11,0.0,0.005790978
2024,2023,Bogota d.c.,2023-08-28,3,2023-09-18,0.0,0.002796313
2024,2023,Bogota d.c.,2023-08-28,4,2023-09-25,0.0,0.019455697
2024,2023,Bogota d.c.,2023-09-04,1,2023-09-11,0.0,0.0
2024,2023,Bogota d.c.,2023-09-04,2,2023-09-18,0.0,0.0
2024,2023,Bogota d.c.,2023-09-04,3,2023-09-25,0.0,0.0
2024,2023,Bogota d.c.,2023-09-04,4,2023-10-02,0.0,0.004779998
2024,2023,Bogota d.c.,2023-09-11,1,2023-09-18,0.0,0.0
2024,2023,Bogota d.c.,2023-09-11,2,2023-09-25,0.0,0.0
2024,2023,Bogota d.c.,2023-09-11,3,2023-10-02,0.0,0.0
2024,2023,Bogota d.c.,2023-09-11,4,2023-10-09,0.0,0.0
2024,2023,Bogota d.c.,2023-09-18,1,2023-09-25,0.0,0.0077151526
2024,2023,Bogota d.c.,2023-09-18,2,2023-10-02,0.0,0.0
2024,2023,Bogota d.c.,2023-09-18,3,2023-10-09,0.0,0.0031881607
2024,2023,Bogota d.c.,2023-09-18,4,2023-10-16,0.0,0.0034064276
2024,2023,Bogota d.c.,2023-09-25,1,2023-10-02,0.0,0.012874053
2024,2023,Bogota d.c.,2023-09-25,2,2023-10-09,0.0,0.0026602903
2024,2023,Bogota d.c.,2023-09-25,3,2023-10-16,0.0,0.0
2024,2023,Bogota d.c.,2023-09-25,4,2023-10-23,0.0,0.007633468
2024,2023,Bogota d.c.,2023-10-02,1,2023-10-09,0.0,0.018511638
2024,2023,Bogota d.c.,2023-10-02,2,2023-10-16,0.0,0.0064729284
2024,2023,Bogota d.c.,2023-10-02,3,2023-10-23,0.0,0.0
2024,2023,Bogota d.c.,2023-10-02,4,2023-10-30,0.0,0.020922614
2024,2023,Bogota d.c.,2023-10-09,1,2023-10-16,0.0,0.020739209
2024,2023,Bogota d.c.,2023-10-09,2,2023-10-23,0.0,0.0125037385
2024,2023,Bogota d.c.,2023-10-09,3,2023-10-30,0.0,0.0
2024,2023,Bogota d.c.,2023-10-09,4,2023-11-06,0.0,0.018748175
2024,2023,Bogota d.c.,2023-10-16,1,2023-10-23,0.0,0.04509928
2024,2023,Bogota d.c.,2023-10-16,2,2023-10-30,0.0,0.012779168
2024,2023,Bogota d.c.,2023-10-16,3,2023-11-06,0.0,0.0
2024,2023,Bogota d.c.,2023-10-16,4,2023-11-13,0.0,0.012965528
2024,2023,Bogota d.c.,2023-10-23,1,2023-10-30,0.0,0.057886768
2024,2023,Bogota d.c.,2023-10-23,2,2023-11-06,0.0,0.02560671
2024,2023,Bogota d.c.,2023-10-23,3,2023-11-13,0.0,0.00043568562
2024,2023,Bogota d.c.,2023-10-23,4,2023-11-20,0.0,0.0179781
2024,2023,Bogota d.c.,2023-10-30,1,2023-11-06,0.0,0.06519813
2024,2023,Bogota d.c.,2023-10-30,2,2023-11-13,0.0,0.02561941
2024,2023,Bogota d.c.,2023-10-30,3,2023-11-20,0.0,0.00041368962
2024,2023,Bogota d.c.,2023-10-30,4,2023-11-27,0.0,0.0105765965
2024,2023,Bogota d.c.,2023-11-06,1,2023-11-13,0.0,0.08085742
2024,2023,Bogota d.c.,2023-11-06,2,2023-11-20,0.0,0.029856296
2024,2023,Bogota d.c.,2023-11-06,3,2023-11-27,0.0,0.0111928005
2024,2023,Bogota d.c.,2023-11-06,4,2023-12-04,0.0,0.017315824
2024,2023,Bogota d.c.,2023-11-13,1,2023-11-20,0.0,0.041415405
2024,2023,Bogota d.c.,2023-11-13,2,2023-11-27,0.0,0.0012593444
2024,2023,Bogota d.c.,2023-11-13,3,2023-12-04,0.0,0.0
2024,2023,Bogota d.c.,2023-11-13,4,2023-12-11,0.0,0.0
2024,2023,Bogota d.c.,2023-11-20,1,2023-11-27,0.0,0.04548154
2024,2023,Bogota d.c.,2023-11-20,2,2023-12-04,0.0,0.0
2024,2023,Bogota d.c.,2023-11-20,3,2023-12-11,0.0,0.0
2024,2023,Bogota d.c.,2023-11-20,4,2023-12-18,0.0,0.0
2024,2023,Bogota d.c.,2023-11-27,1,2023-12-04,0.0,0.023010243
2024,2023,Bogota d.c.,2023-11-27,2,2023-12-11,0.0,0.0
2024,2023,Bogota d.c.,2023-11-27,3,2023-12-18,0.0,0.0052224547
2024,2023,Bogota d.c.,2023-11-27,4,2023-12-25,0.0,0.0
2024,2023,Bolivar,2023-04-17,1,2023-04-24,2.8494167,3.3682902
2024,2023,Bolivar,2023-04-17,2,2023-05-01,2.8041878,3.566681
2024,2023,Bolivar,2023-04-17,3,2023-05-08,3.6635354,3.503293
2024,2023,Bolivar,2023-04-17,4,2023-05-15,4.341968,3.9440205
2024,2023,Bolivar,2023-04-24,1,2023-05-01,2.8041878,3.673245
2024,2023,Bolivar,2023-04-24,2,2023-05-08,3.6635354,3.943355
2024,2023,Bolivar,2023-04-24,3,2023-05-15,4.341968,3.9675806
2024,2023,Bolivar,2023-04-24,4,2023-05-22,3.708764,4.309144
2024,2023,Bolivar,2023-05-01,1,2023-05-08,3.6635354,4.0628505
2024,2023,Bolivar,2023-05-01,2,2023-05-15,4.341968,4.2911596
2024,2023,Bolivar,2023-05-01,3,2023-05-22,3.708764,4.391829
2024,2023,Bolivar,2023-05-01,4,2023-05-29,4.2062817,4.5426965
2024,2023,Bolivar,2023-05-08,1,2023-05-15,4.341968,4.3572273
2024,2023,Bolivar,2023-05-08,2,2023-05-22,3.708764,4.580417
2024,2023,Bolivar,2023-05-08,3,2023-05-29,4.2062817,4.7823315
2024,2023,Bolivar,2023-05-08,4,2023-06-05,4.1610527,4.9404573
2024,2023,Bolivar,2023-05-15,1,2023-05-22,3.708764,4.768504
2024,2023,Bolivar,2023-05-15,2,2023-05-29,4.2062817,5.036613
2024,2023,Bolivar,2023-05-15,3,2023-06-05,4.1610527,5.3070226
2024,2023,Bolivar,2023-05-15,4,2023-06-12,3.4826205,5.4985514
2024,2023,Bolivar,2023-05-22,1,2023-05-29,4.2062817,5.2600145
2024,2023,Bolivar,2023-05-22,2,2023-06-05,4.1610527,5.566635
2024,2023,Bolivar,2023-05-22,3,2023-06-12,3.4826205,5.8245053
2024,2023,Bolivar,2023-05-22,4,2023-06-19,4.703799,5.996882
2024,2023,Bolivar,2023-05-29,1,2023-06-05,4.1610527,5.3508124
2024,2023,Bolivar,2023-05-29,2,2023-06-12,3.4826205,5.616624
2024,2023,Bolivar,2023-05-29,3,2023-06-19,4.703799,5.8322625
2024,2023,Bolivar,2023-05-29,4,2023-06-26,4.7490277,5.9469385
2024,2023,Bolivar,2023-06-05,1,2023-06-12,3.4826205,6.286499
2024,2023,Bolivar,2023-06-05,2,2023-06-19,4.703799,6.3998594
2024,2023,Bolivar,2023-06-05,3,2023-06-26,4.7490277,6.723725
2024,2023,Bolivar,2023-06-05,4,2023-07-03,4.9751716,6.6569157
2024,2023,Bolivar,2023-06-12,1,2023-06-19,4.703799,6.729297
2024,2023,Bolivar,2023-06-12,2,2023-06-26,4.7490277,6.59959
2024,2023,Bolivar,2023-06-12,3,2023-07-03,4.9751716,6.9343925
2024,2023,Bolivar,2023-06-12,4,2023-07-10,7.1461554,6.8575983
2024,2023,Bolivar,2023-06-19,1,2023-06-26,4.7490277,6.133701
2024,2023,Bolivar,2023-06-19,2,2023-07-03,4.9751716,5.9871173
2024,2023,Bolivar,2023-06-19,3,2023-07-10,7.1461554,6.0946655
2024,2023,Bolivar,2023-06-19,4,2023-07-17,6.829553,6.1119585
2024,2023,Bolivar,2023-06-26,1,2023-07-03,4.9751716,6.5274878
2024,2023,Bolivar,2023-06-26,2,2023-07-10,7.1461554,6.3906736
2024,2023,Bolivar,2023-06-26,3,2023-07-17,6.829553,6.398602
2024,2023,Bolivar,2023-06-26,4,2023-07-24,7.553215,6.374285
2024,2023,Bolivar,2023-07-03,1,2023-07-10,7.1461554,6.5611234
2024,2023,Bolivar,2023-07-03,2,2023-07-17,6.829553,6.372294
2024,2023,Bolivar,2023-07-03,3,2023-07-24,7.553215,6.210137
2024,2023,Bolivar,2023-07-03,4,2023-07-31,6.6034102,6.136062
2024,2023,Bolivar,2023-07-10,1,2023-07-17,6.829553,6.3230777
2024,2023,Bolivar,2023-07-10,2,2023-07-24,7.553215,6.1148376
2024,2023,Bolivar,2023-07-10,3,2023-07-31,6.6034102,5.819738
2024,2023,Bolivar,2023-07-10,4,2023-08-07,6.2415795,5.743404
2024,2023,Bolivar,2023-07-17,1,2023-07-24,7.553215,8.081351
2024,2023,Bolivar,2023-07-17,2,2023-07-31,6.6034102,7.7630095
2024,2023,Bolivar,2023-07-17,3,2023-08-07,6.2415795,7.423509
2024,2023,Bolivar,2023-07-17,4,2023-08-14,6.1058927,7.2067666
2024,2023,Bolivar,2023-07-24,1,2023-07-31,6.6034102,8.767543
2024,2023,Bolivar,2023-07-24,2,2023-08-07,6.2415795,8.514504
2024,2023,Bolivar,2023-07-24,3,2023-08-14,6.1058927,8.297283
2024,2023,Bolivar,2023-07-24,4,2023-08-21,5.9249773,8.04155
2024,2023,Bolivar,2023-07-31,1,2023-08-07,6.2415795,9.238596
2024,2023,Bolivar,2023-07-31,2,2023-08-14,6.1058927,8.951443
2024,2023,Bolivar,2023-07-31,3,2023-08-21,5.9249773,8.664269
2024,2023,Bolivar,2023-07-31,4,2023-08-28,6.3320365,8.304251
2024,2023,Bolivar,2023-08-07,1,2023-08-14,6.1058927,8.530281
2024,2023,Bolivar,2023-08-07,2,2023-08-21,5.9249773,8.1317005
2024,2023,Bolivar,2023-08-07,3,2023-08-28,6.3320365,7.811659
2024,2023,Bolivar,2023-08-07,4,2023-09-04,5.9702063,7.456633
2024,2023,Bolivar,2023-08-14,1,2023-08-21,5.9249773,7.750616
2024,2023,Bolivar,2023-08-14,2,2023-08-28,6.3320365,7.277679
2024,2023,Bolivar,2023-08-14,3,2023-09-04,5.9702063,7.006266
2024,2023,Bolivar,2023-08-14,4,2023-09-11,6.1511216,6.7634926
2024,2023,Bolivar,2023-08-21,1,2023-08-28,6.3320365,7.179464
2024,2023,Bolivar,2023-08-21,2,2023-09-04,5.9702063,6.761599
2024,2023,Bolivar,2023-08-21,3,2023-09-11,6.1511216,6.5944476
2024,2023,Bolivar,2023-08-21,4,2023-09-18,6.4224944,6.3555894
2024,2023,Bolivar,2023-08-28,1,2023-09-04,5.9702063,7.0826154
2024,2023,Bolivar,2023-08-28,2,2023-09-11,6.1511216,6.643406
2024,2023,Bolivar,2023-08-28,3,2023-09-18,6.4224944,6.5024414
2024,2023,Bolivar,2023-08-28,4,2023-09-25,6.5581803,6.2706137
2024,2023,Bolivar,2023-09-04,1,2023-09-11,6.1511216,7.543043
2024,2023,Bolivar,2023-09-04,2,2023-09-18,6.4224944,7.14426
2024,2023,Bolivar,2023-09-04,3,2023-09-25,6.5581803,7.1220555
2024,2023,Bolivar,2023-09-04,4,2023-10-02,6.6034102,6.9658494
2024,2023,Bolivar,2023-09-11,1,2023-09-18,6.4224944,7.2245893
2024,2023,Bolivar,2023-09-11,2,2023-09-25,6.5581803,6.771176
2024,2023,Bolivar,2023-09-11,3,2023-10-02,6.6034102,6.7165537
2024,2023,Bolivar,2023-09-11,4,2023-10-09,6.9200115,6.61097
2024,2023,Bolivar,2023-09-18,1,2023-09-25,6.5581803,6.8434596
2024,2023,Bolivar,2023-09-18,2,2023-10-02,6.6034102,6.3723946
2024,2023,Bolivar,2023-09-18,3,2023-10-09,6.9200115,6.291139
2024,2023,Bolivar,2023-09-18,4,2023-10-16,7.8245883,6.2232394
2024,2023,Bolivar,2023-09-25,1,2023-10-02,6.6034102,7.3384194
2024,2023,Bolivar,2023-09-25,2,2023-10-09,6.9200115,6.9721212
2024,2023,Bolivar,2023-09-25,3,2023-10-16,7.8245883,6.9641232
2024,2023,Bolivar,2023-09-25,4,2023-10-23,8.683936,6.930364
2024,2023,Bolivar,2023-10-02,1,2023-10-09,6.9200115,7.453186
2024,2023,Bolivar,2023-10-02,2,2023-10-16,7.8245883,7.2481246
2024,2023,Bolivar,2023-10-02,3,2023-10-23,8.683936,7.238653
2024,2023,Bolivar,2023-10-02,4,2023-10-30,7.5984445,7.206342
2024,2023,Bolivar,2023-10-09,1,2023-10-16,7.8245883,7.4442263
2024,2023,Bolivar,2023-10-09,2,2023-10-23,8.683936,7.294115
2024,2023,Bolivar,2023-10-09,3,2023-10-30,7.5984445,7.248431
2024,2023,Bolivar,2023-10-09,4,2023-11-06,8.050732,7.1316624
2024,2023,Bolivar,2023-10-16,1,2023-10-23,8.683936,7.8933554
2024,2023,Bolivar,2023-10-16,2,2023-10-30,7.5984445,7.73651
2024,2023,Bolivar,2023-10-16,3,2023-11-06,8.050732,7.7066455
2024,2023,Bolivar,2023-10-16,4,2023-11-13,9.905115,7.5804987
2024,2023,Bolivar,2023-10-23,1,2023-10-30,7.5984445,8.807027
2024,2023,Bolivar,2023-10-23,2,2023-11-06,8.050732,8.720598
2024,2023,Bolivar,2023-10-23,3,2023-11-13,9.905115,8.647006
2024,2023,Bolivar,2023-10-23,4,2023-11-20,11.081065,8.447793
2024,2023,Bolivar,2023-10-30,1,2023-11-06,8.050732,9.5392475
2024,2023,Bolivar,2023-10-30,2,2023-11-13,9.905115,9.491818
2024,2023,Bolivar,2023-10-30,3,2023-11-20,11.081065,9.3358555
2024,2023,Bolivar,2023-10-30,4,2023-11-27,12.890218,9.072404
2024,2023,Bolivar,2023-11-06,1,2023-11-13,9.905115,9.444896
2024,2023,Bolivar,2023-11-06,2,2023-11-20,11.081065,9.329404
2024,2023,Bolivar,2023-11-06,3,2023-11-27,12.890218,9.086078
2024,2023,Bolivar,2023-11-06,4,2023-12-04,10.0408,8.877588
2024,2023,Bolivar,2023-11-13,1,2023-11-20,11.081065,9.981807
2024,2023,Bolivar,2023-11-13,2,2023-11-27,12.890218,9.914073
2024,2023,Bolivar,2023-11-13,3,2023-12-04,10.0408,9.711642
2024,2023,Bolivar,2023-11-13,4,2023-12-11,10.538318,9.512069
2024,2023,Bolivar,2023-11-20,1,2023-11-27,12.890218,11.216903
2024,2023,Bolivar,2023-11-20,2,2023-12-04,10.0408,11.089724
2024,2023,Bolivar,2023-11-20,3,2023-12-11,10.538318,10.801867
2024,2023,Bolivar,2023-11-20,4,2023-12-18,10.764462,10.345588
2024,2023,Bolivar,2023-11-27,1,2023-12-04,10.0408,12.4503
2024,2023,Bolivar,2023-11-27,2,2023-12-11,10.538318,12.182134
2024,2023,Bolivar,2023-11-27,3,2023-12-18,10.764462,11.824141
2024,2023,Bolivar,2023-11-27,4,2023-12-25,8.412561,11.217174
2024,2023,Boyaca,2023-04-17,1,2023-04-24,0.5488965,0.49142507
2024,2023,Boyaca,2023-04-17,2,2023-05-01,0.31365514,0.53353345
2024,2023,Boyaca,2023-04-17,3,2023-05-08,1.1762068,0.5224855
2024,2023,Boyaca,2023-04-17,4,2023-05-15,0.9409654,0.56314886
2024,2023,Boyaca,2023-04-24,1,2023-05-01,0.31365514,0.4732312
2024,2023,Boyaca,2023-04-24,2,2023-05-08,1.1762068,0.5098221
2024,2023,Boyaca,2023-04-24,3,2023-05-15,0.9409654,0.47295946
2024,2023,Boyaca,2023-04-24,4,2023-05-22,0.7841378,0.50701994
2024,2023,Boyaca,2023-05-01,1,2023-05-08,1.1762068,0.5380779
2024,2023,Boyaca,2023-05-01,2,2023-05-15,0.9409654,0.5700483
2024,2023,Boyaca,2023-05-01,3,2023-05-22,0.7841378,0.5295137
2024,2023,Boyaca,2023-05-01,4,2023-05-29,0.15682755,0.5659558
2024,2023,Boyaca,2023-05-08,1,2023-05-15,0.9409654,0.49927995
2024,2023,Boyaca,2023-05-08,2,2023-05-22,0.7841378,0.53675956
2024,2023,Boyaca,2023-05-08,3,2023-05-29,0.15682755,0.5192199
2024,2023,Boyaca,2023-05-08,4,2023-06-05,0.705724,0.54115444
2024,2023,Boyaca,2023-05-15,1,2023-05-22,0.7841378,0.6132086
2024,2023,Boyaca,2023-05-15,2,2023-05-29,0.15682755,0.634162
2024,2023,Boyaca,2023-05-15,3,2023-06-05,0.705724,0.6196906
2024,2023,Boyaca,2023-05-15,4,2023-06-12,0.5488965,0.643015
2024,2023,Boyaca,2023-05-22,1,2023-05-29,0.15682755,0.68459576
2024,2023,Boyaca,2023-05-22,2,2023-06-05,0.705724,0.6971645
2024,2023,Boyaca,2023-05-22,3,2023-06-12,0.5488965,0.6762644
2024,2023,Boyaca,2023-05-22,4,2023-06-19,0.23524134,0.708982
2024,2023,Boyaca,2023-05-29,1,2023-06-05,0.705724,0.7185967
2024,2023,Boyaca,2023-05-29,2,2023-06-12,0.5488965,0.71542346
2024,2023,Boyaca,2023-05-29,3,2023-06-19,0.23524134,0.6807391
2024,2023,Boyaca,2023-05-29,4,2023-06-26,0.47048268,0.7098722
2024,2023,Boyaca,2023-06-05,1,2023-06-12,0.5488965,0.5977663
2024,2023,Boyaca,2023-06-05,2,2023-06-19,0.23524134,0.5922039
2024,2023,Boyaca,2023-06-05,3,2023-06-26,0.47048268,0.5686524
2024,2023,Boyaca,2023-06-05,4,2023-07-03,0.6273103,0.5882714
2024,2023,Boyaca,2023-06-12,1,2023-06-19,0.23524134,0.5775155
2024,2023,Boyaca,2023-06-12,2,2023-06-26,0.47048268,0.5551664
2024,2023,Boyaca,2023-06-12,3,2023-07-03,0.6273103,0.5259046
2024,2023,Boyaca,2023-06-12,4,2023-07-10,0.5488965,0.5522303
2024,2023,Boyaca,2023-06-19,1,2023-06-26,0.47048268,0.5578415
2024,2023,Boyaca,2023-06-19,2,2023-07-03,0.6273103,0.5305884
2024,2023,Boyaca,2023-06-19,3,2023-07-10,0.5488965,0.53398657
2024,2023,Boyaca,2023-06-19,4,2023-07-17,0.7841378,0.53700244
2024,2023,Boyaca,2023-06-26,1,2023-07-03,0.6273103,0.4416273
2024,2023,Boyaca,2023-06-26,2,2023-07-10,0.5488965,0.42122644
2024,2023,Boyaca,2023-06-26,3,2023-07-17,0.7841378,0.43357602
2024,2023,Boyaca,2023-06-26,4,2023-07-24,0.078413785,0.42686337
2024,2023,Boyaca,2023-07-03,1,2023-07-10,0.5488965,0.45336056
2024,2023,Boyaca,2023-07-03,2,2023-07-17,0.7841378,0.43136722
2024,2023,Boyaca,2023-07-03,3,2023-07-24,0.078413785,0.44006237
2024,2023,Boyaca,2023-07-03,4,2023-07-31,0.23524134,0.42945653
2024,2023,Boyaca,2023-07-10,1,2023-07-17,0.7841378,0.4880378
2024,2023,Boyaca,2023-07-10,2,2023-07-24,0.078413785,0.46411774
2024,2023,Boyaca,2023-07-10,3,2023-07-31,0.23524134,0.45287758
2024,2023,Boyaca,2023-07-10,4,2023-08-07,0.705724,0.44253352
2024,2023,Boyaca,2023-07-17,1,2023-07-24,0.078413785,0.48628142
2024,2023,Boyaca,2023-07-17,2,2023-07-31,0.23524134,0.47366795
2024,2023,Boyaca,2023-07-17,3,2023-08-07,0.705724,0.4646833
2024,2023,Boyaca,2023-07-17,4,2023-08-14,0.705724,0.45901778
2024,2023,Boyaca,2023-07-24,1,2023-07-31,0.23524134,0.51145023
2024,2023,Boyaca,2023-07-24,2,2023-08-07,0.705724,0.50468665
2024,2023,Boyaca,2023-07-24,3,2023-08-14,0.705724,0.48970228
2024,2023,Boyaca,2023-07-24,4,2023-08-21,0.5488965,0.49164817
2024,2023,Boyaca,2023-07-31,1,2023-08-07,0.705724,0.43169254
2024,2023,Boyaca,2023-07-31,2,2023-08-14,0.705724,0.4211099
2024,2023,Boyaca,2023-07-31,3,2023-08-21,0.5488965,0.41757324
2024,2023,Boyaca,2023-07-31,4,2023-08-28,0.6273103,0.40045515
2024,2023,Boyaca,2023-08-07,1,2023-08-14,0.705724,0.3618247
2024,2023,Boyaca,2023-08-07,2,2023-08-21,0.5488965,0.3424877
2024,2023,Boyaca,2023-08-07,3,2023-08-28,0.6273103,0.35013002
2024,2023,Boyaca,2023-08-07,4,2023-09-04,0.15682755,0.3214899
2024,2023,Boyaca,2023-08-14,1,2023-08-21,0.5488965,0.385991
2024,2023,Boyaca,2023-08-14,2,2023-08-28,0.6273103,0.36703673
2024,2023,Boyaca,2023-08-14,3,2023-09-04,0.15682755,0.36346444
2024,2023,Boyaca,2023-08-14,4,2023-09-11,0.31365514,0.34588757
2024,2023,Boyaca,2023-08-21,1,2023-08-28,0.6273103,0.42704135
2024,2023,Boyaca,2023-08-21,2,2023-09-04,0.15682755,0.40419692
2024,2023,Boyaca,2023-08-21,3,2023-09-11,0.31365514,0.39742184
2024,2023,Boyaca,2023-08-21,4,2023-09-18,0.3920689,0.39829135
2024,2023,Boyaca,2023-08-28,1,2023-09-04,0.15682755,0.5190312
2024,2023,Boyaca,2023-08-28,2,2023-09-11,0.31365514,0.5063746
2024,2023,Boyaca,2023-08-28,3,2023-09-18,0.3920689,0.49234897
2024,2023,Boyaca,2023-08-28,4,2023-09-25,0.15682755,0.49408975
2024,2023,Boyaca,2023-09-04,1,2023-09-11,0.31365514,0.53067595
2024,2023,Boyaca,2023-09-04,2,2023-09-18,0.3920689,0.5228912
2024,2023,Boyaca,2023-09-04,3,2023-09-25,0.15682755,0.50091416
2024,2023,Boyaca,2023-09-04,4,2023-10-02,0.15682755,0.51597524
2024,2023,Boyaca,2023-09-11,1,2023-09-18,0.3920689,0.4370227
2024,2023,Boyaca,2023-09-11,2,2023-09-25,0.15682755,0.4281835
2024,2023,Boyaca,2023-09-11,3,2023-10-02,0.15682755,0.4100294
2024,2023,Boyaca,2023-09-11,4,2023-10-09,0.15682755,0.42467028
2024,2023,Boyaca,2023-09-18,1,2023-09-25,0.15682755,0.4025954
2024,2023,Boyaca,2023-09-18,2,2023-10-02,0.15682755,0.38857022
2024,2023,Boyaca,2023-09-18,3,2023-10-09,0.15682755,0.38006514
2024,2023,Boyaca,2023-09-18,4,2023-10-16,0.078413785,0.38937554
2024,2023,Boyaca,2023-09-25,1,2023-10-02,0.15682755,0.368812
2024,2023,Boyaca,2023-09-25,2,2023-10-09,0.15682755,0.3667028
2024,2023,Boyaca,2023-09-25,3,2023-10-16,0.078413785,0.3497531
2024,2023,Boyaca,2023-09-25,4,2023-10-23,0.15682755,0.36210167
2024,2023,Boyaca,2023-10-02,1,2023-10-09,0.15682755,0.3220107
2024,2023,Boyaca,2023-10-02,2,2023-10-16,0.078413785,0.33015344
2024,2023,Boyaca,2023-10-02,3,2023-10-23,0.15682755,0.30958676
2024,2023,Boyaca,2023-10-02,4,2023-10-30,0.078413785,0.33020434
2024,2023,Boyaca,2023-10-09,1,2023-10-16,0.078413785,0.2978367
2024,2023,Boyaca,2023-10-09,2,2023-10-23,0.15682755,0.30186018
2024,2023,Boyaca,2023-10-09,3,2023-10-30,0.078413785,0.27977228
2024,2023,Boyaca,2023-10-09,4,2023-11-06,0.23524134,0.3002128
2024,2023,Boyaca,2023-10-16,1,2023-10-23,0.15682755,0.24158171
2024,2023,Boyaca,2023-10-16,2,2023-10-30,0.078413785,0.23486973
2024,2023,Boyaca,2023-10-16,3,2023-11-06,0.23524134,0.21691804
2024,2023,Boyaca,2023-10-16,4,2023-11-13,0.5488965,0.23870872
2024,2023,Boyaca,2023-10-23,1,2023-10-30,0.078413785,0.1993194
2024,2023,Boyaca,2023-10-23,2,2023-11-06,0.23524134,0.19685386
2024,2023,Boyaca,2023-10-23,3,2023-11-13,0.5488965,0.19113316
2024,2023,Boyaca,2023-10-23,4,2023-11-20,0.31365514,0.21109137
2024,2023,Boyaca,2023-10-30,1,2023-11-06,0.23524134,0.17934325
2024,2023,Boyaca,2023-10-30,2,2023-11-13,0.5488965,0.17425513
2024,2023,Boyaca,2023-10-30,3,2023-11-20,0.31365514,0.17601322
2024,2023,Boyaca,2023-10-30,4,2023-11-27,0.23524134,0.19037436
2024,2023,Boyaca,2023-11-06,1,2023-11-13,0.5488965,0.1785501
2024,2023,Boyaca,2023-11-06,2,2023-11-20,0.31365514,0.17319693
2024,2023,Boyaca,2023-11-06,3,2023-11-27,0.23524134,0.17751077
2024,2023,Boyaca,2023-11-06,4,2023-12-04,0.31365514,0.19277266
2024,2023,Boyaca,2023-11-13,1,2023-11-20,0.31365514,0.17811501
2024,2023,Boyaca,2023-11-13,2,2023-11-27,0.23524134,0.19201806
2024,2023,Boyaca,2023-11-13,3,2023-12-04,0.31365514,0.20204912
2024,2023,Boyaca,2023-11-13,4,2023-12-11,0.31365514,0.22149819
2024,2023,Boyaca,2023-11-20,1,2023-11-27,0.23524134,0.22913842
2024,2023,Boyaca,2023-11-20,2,2023-12-04,0.31365514,0.24942611
2024,2023,Boyaca,2023-11-20,3,2023-12-11,0.31365514,0.25947624
2024,2023,Boyaca,2023-11-20,4,2023-12-18,0.3920689,0.28868964
2024,2023,Boyaca,2023-11-27,1,2023-12-04,0.31365514,0.2558861
2024,2023,Boyaca,2023-11-27,2,2023-12-11,0.31365514,0.2744358
2024,2023,Boyaca,2023-11-27,3,2023-12-18,0.3920689,0.29123184
2024,2023,Boyaca,2023-11-27,4,2023-12-25,0.3920689,0.32613286
2024,2023,Caldas,2023-04-17,1,2023-04-24,0.19146635,0.1259424
2024,2023,Caldas,2023-04-17,2,2023-05-01,0.09573317,0.14633438
2024,2023,Caldas,2023-04-17,3,2023-05-08,0.09573317,0.18950011
2024,2023,Caldas,2023-04-17,4,2023-05-15,0.19146635,0.18969783
2024,2023,Caldas,2023-04-24,1,2023-05-01,0.09573317,0.17139748
2024,2023,Caldas,2023-04-24,2,2023-05-08,0.09573317,0.19293517
2024,2023,Caldas,2023-04-24,3,2023-05-15,0.19146635,0.22611909
2024,2023,Caldas,2023-04-24,4,2023-05-22,0.3829327,0.22870545
2024,2023,Caldas,2023-05-01,1,2023-05-08,0.09573317,0.20469421
2024,2023,Caldas,2023-05-01,2,2023-05-15,0.19146635,0.24086048
2024,2023,Caldas,2023-05-01,3,2023-05-22,0.3829327,0.24875383
2024,2023,Caldas,2023-05-01,4,2023-05-29,0.28719953,0.26255107
2024,2023,Caldas,2023-05-08,1,2023-05-15,0.19146635,0.19036563
2024,2023,Caldas,2023-05-08,2,2023-05-22,0.3829327,0.22387072
2024,2023,Caldas,2023-05-08,3,2023-05-29,0.28719953,0.23293535
2024,2023,Caldas,2023-05-08,4,2023-06-05,0.28719953,0.24755737
2024,2023,Caldas,2023-05-15,1,2023-05-22,0.3829327,0.17908686
2024,2023,Caldas,2023-05-15,2,2023-05-29,0.28719953,0.2046239
2024,2023,Caldas,2023-05-15,3,2023-06-05,0.28719953,0.2199376
2024,2023,Caldas,2023-05-15,4,2023-06-12,0.0,0.23454742
2024,2023,Caldas,2023-05-22,1,2023-05-29,0.28719953,0.17155607
2024,2023,Caldas,2023-05-22,2,2023-06-05,0.28719953,0.19672593
2024,2023,Caldas,2023-05-22,3,2023-06-12,0.0,0.20534718
2024,2023,Caldas,2023-05-22,4,2023-06-19,0.28719953,0.21120498
2024,2023,Caldas,2023-05-29,1,2023-06-05,0.28719953,0.19267914
2024,2023,Caldas,2023-05-29,2,2023-06-12,0.0,0.21451017
2024,2023,Caldas,2023-05-29,3,2023-06-19,0.28719953,0.21376894
2024,2023,Caldas,2023-05-29,4,2023-06-26,0.19146635,0.2207811
2024,2023,Caldas,2023-06-05,1,2023-06-12,0.0,0.223112
2024,2023,Caldas,2023-06-05,2,2023-06-19,0.28719953,0.23678786
2024,2023,Caldas,2023-06-05,3,2023-06-26,0.19146635,0.2431933
2024,2023,Caldas,2023-06-05,4,2023-07-03,0.47866583,0.24002904
2024,2023,Caldas,2023-06-12,1,2023-06-19,0.28719953,0.25350893
2024,2023,Caldas,2023-06-12,2,2023-06-26,0.19146635,0.25184783
2024,2023,Caldas,2023-06-12,3,2023-07-03,0.47866583,0.2744328
2024,2023,Caldas,2023-06-12,4,2023-07-10,0.19146635,0.26691157
2024,2023,Caldas,2023-06-19,1,2023-06-26,0.19146635,0.22620106
2024,2023,Caldas,2023-06-19,2,2023-07-03,0.47866583,0.22290885
2024,2023,Caldas,2023-06-19,3,2023-07-10,0.19146635,0.26768926
2024,2023,Caldas,2023-06-19,4,2023-07-17,0.19146635,0.2430094
2024,2023,Caldas,2023-06-26,1,2023-07-03,0.47866583,0.22442856
2024,2023,Caldas,2023-06-26,2,2023-07-10,0.19146635,0.21900697
2024,2023,Caldas,2023-06-26,3,2023-07-17,0.19146635,0.2561049
2024,2023,Caldas,2023-06-26,4,2023-07-24,0.3829327,0.2399862
2024,2023,Caldas,2023-07-03,1,2023-07-10,0.19146635,0.19914427
2024,2023,Caldas,2023-07-03,2,2023-07-17,0.19146635,0.19542767
2024,2023,Caldas,2023-07-03,3,2023-07-24,0.3829327,0.21678604
2024,2023,Caldas,2023-07-03,4,2023-07-31,0.3829327,0.20857358
2024,2023,Caldas,2023-07-10,1,2023-07-17,0.19146635,0.29799885
2024,2023,Caldas,2023-07-10,2,2023-07-24,0.3829327,0.3012218
2024,2023,Caldas,2023-07-10,3,2023-07-31,0.3829327,0.2945177
2024,2023,Caldas,2023-07-10,4,2023-08-07,0.47866583,0.2871846
2024,2023,Caldas,2023-07-17,1,2023-07-24,0.3829327,0.27301145
2024,2023,Caldas,2023-07-17,2,2023-07-31,0.3829327,0.28493404
2024,2023,Caldas,2023-07-17,3,2023-08-07,0.47866583,0.2778465
2024,2023,Caldas,2023-07-17,4,2023-08-14,0.0,0.28259826
2024,2023,Caldas,2023-07-24,1,2023-07-31,0.3829327,0.2521858
2024,2023,Caldas,2023-07-24,2,2023-08-07,0.47866583,0.2681218
2024,2023,Caldas,2023-07-24,3,2023-08-14,0.0,0.24985461
2024,2023,Caldas,2023-07-24,4,2023-08-21,0.09573317,0.27360532
2024,2023,Caldas,2023-07-31,1,2023-08-07,0.47866583,0.2956241
2024,2023,Caldas,2023-07-31,2,2023-08-14,0.0,0.30843237
2024,2023,Caldas,2023-07-31,3,2023-08-21,0.09573317,0.29605862
2024,2023,Caldas,2023-07-31,4,2023-08-28,0.09573317,0.31889004
2024,2023,Caldas,2023-08-07,1,2023-08-14,0.0,0.29522088
2024,2023,Caldas,2023-08-07,2,2023-08-21,0.09573317,0.30018142
2024,2023,Caldas,2023-08-07,3,2023-08-28,0.09573317,0.2853525
2024,2023,Caldas,2023-08-07,4,2023-09-04,0.19146635,0.3062783
2024,2023,Caldas,2023-08-14,1,2023-08-21,0.09573317,0.31680664
2024,2023,Caldas,2023-08-14,2,2023-08-28,0.09573317,0.31881684
2024,2023,Caldas,2023-08-14,3,2023-09-04,0.19146635,0.30252618
2024,2023,Caldas,2023-08-14,4,2023-09-11,0.19146635,0.32379398
2024,2023,Caldas,2023-08-21,1,2023-08-28,0.09573317,0.25226384
2024,2023,Caldas,2023-08-21,2,2023-09-04,0.19146635,0.2545733
2024,2023,Caldas,2023-08-21,3,2023-09-11,0.19146635,0.24697106
2024,2023,Caldas,2023-08-21,4,2023-09-18,0.0,0.25407213
2024,2023,Caldas,2023-08-28,1,2023-09-04,0.19146635,0.30350095
2024,2023,Caldas,2023-08-28,2,2023-09-11,0.19146635,0.3156268
2024,2023,Caldas,2023-08-28,3,2023-09-18,0.0,0.30377594
2024,2023,Caldas,2023-08-28,4,2023-09-25,0.47866583,0.3217554
2024,2023,Caldas,2023-09-04,1,2023-09-11,0.19146635,0.24622928
2024,2023,Caldas,2023-09-04,2,2023-09-18,0.0,0.26242223
2024,2023,Caldas,2023-09-04,3,2023-09-25,0.47866583,0.26726544
2024,2023,Caldas,2023-09-04,4,2023-10-02,0.9573317,0.29553482
2024,2023,Caldas,2023-09-11,1,2023-09-18,0.0,0.19032432
2024,2023,Caldas,2023-09-11,2,2023-09-25,0.47866583,0.1923401
2024,2023,Caldas,2023-09-11,3,2023-10-02,0.9573317,0.21450102
2024,2023,Caldas,2023-09-11,4,2023-10-09,0.19146635,0.2290856
2024,2023,Caldas,2023-09-18,1,2023-09-25,0.47866583,0.25500754
2024,2023,Caldas,2023-09-18,2,2023-10-02,0.9573317,0.25458878
2024,2023,Caldas,2023-09-18,3,2023-10-09,0.19146635,0.2610378
2024,2023,Caldas,2023-09-18,4,2023-10-16,0.47866583,0.27945882
2024,2023,Caldas,2023-09-25,1,2023-10-02,0.9573317,0.21057925
2024,2023,Caldas,2023-09-25,2,2023-10-09,0.19146635,0.21867608
2024,2023,Caldas,2023-09-25,3,2023-10-16,0.47866583,0.232596
2024,2023,Caldas,2023-09-25,4,2023-10-23,0.47866583,0.25285393
2024,2023,Caldas,2023-10-02,1,2023-10-09,0.19146635,0.25880793
2024,2023,Caldas,2023-10-02,2,2023-10-16,0.47866583,0.28872645
2024,2023,Caldas,2023-10-02,3,2023-10-23,0.47866583,0.3043546
2024,2023,Caldas,2023-10-02,4,2023-10-30,0.9573317,0.35139507
2024,2023,Caldas,2023-10-09,1,2023-10-16,0.47866583,0.4563736
2024,2023,Caldas,2023-10-09,2,2023-10-23,0.47866583,0.48785383
2024,2023,Caldas,2023-10-09,3,2023-10-30,0.9573317,0.49975672
2024,2023,Caldas,2023-10-09,4,2023-11-06,0.7658654,0.57116765
2024,2023,Caldas,2023-10-16,1,2023-10-23,0.47866583,0.45805356
2024,2023,Caldas,2023-10-16,2,2023-10-30,0.9573317,0.49217322
2024,2023,Caldas,2023-10-16,3,2023-11-06,0.7658654,0.518307
2024,2023,Caldas,2023-10-16,4,2023-11-13,1.2445313,0.5814845
2024,2023,Caldas,2023-10-23,1,2023-10-30,0.9573317,0.48203343
2024,2023,Caldas,2023-10-23,2,2023-11-06,0.7658654,0.51567745
2024,2023,Caldas,2023-10-23,3,2023-11-13,1.2445313,0.56747246
2024,2023,Caldas,2023-10-23,4,2023-11-20,0.3829327,0.6289731
2024,2023,Caldas,2023-10-30,1,2023-11-06,0.7658654,0.54106283
2024,2023,Caldas,2023-10-30,2,2023-11-13,1.2445313,0.5550281
2024,2023,Caldas,2023-10-30,3,2023-11-20,0.3829327,0.5852651
2024,2023,Caldas,2023-10-30,4,2023-11-27,0.57439905,0.64820266
2024,2023,Caldas,2023-11-06,1,2023-11-13,1.2445313,0.72166204
2024,2023,Caldas,2023-11-06,2,2023-11-20,0.3829327,0.70265335
2024,2023,Caldas,2023-11-06,3,2023-11-27,0.57439905,0.69488573
2024,2023,Caldas,2023-11-06,4,2023-12-04,0.47866583,0.7742207
2024,2023,Caldas,2023-11-13,1,2023-11-20,0.3829327,0.76734865
2024,2023,Caldas,2023-11-13,2,2023-11-27,0.57439905,0.77969605
2024,2023,Caldas,2023-11-13,3,2023-12-04,0.47866583,0.8203787
2024,2023,Caldas,2023-11-13,4,2023-12-11,0.6701322,0.8939127
2024,2023,Caldas,2023-11-20,1,2023-11-27,0.57439905,0.95495677
2024,2023,Caldas,2023-11-20,2,2023-12-04,0.47866583,0.96951336
2024,2023,Caldas,2023-11-20,3,2023-12-11,0.6701322,0.9966285
2024,2023,Caldas,2023-11-20,4,2023-12-18,0.28719953,1.0682607
2024,2023,Caldas,2023-11-27,1,2023-12-04,0.47866583,0.9460684
2024,2023,Caldas,2023-11-27,2,2023-12-11,0.6701322,0.98599
2024,2023,Caldas,2023-11-27,3,2023-12-18,0.28719953,1.0236577
2024,2023,Caldas,2023-11-27,4,2023-12-25,0.9573317,1.0718329
2024,2023,Caqueta,2023-04-17,1,2023-04-24,9.4725895,13.782225
2024,2023,Caqueta,2023-04-17,2,2023-05-01,10.183033,13.332647
2024,2023,Caqueta,2023-04-17,3,2023-05-08,12.787996,12.837002
2024,2023,Caqueta,2023-04-17,4,2023-05-15,13.02481,12.185412
2024,2023,Caqueta,2023-04-24,1,2023-05-01,10.183033,12.480085
2024,2023,Caqueta,2023-04-24,2,2023-05-08,12.787996,11.717355
2024,2023,Caqueta,2023-04-24,3,2023-05-15,13.02481,10.756704
2024,2023,Caqueta,2023-04-24,4,2023-05-22,12.314365,9.981691
2024,2023,Caqueta,2023-05-01,1,2023-05-08,12.787996,9.283818
2024,2023,Caqueta,2023-05-01,2,2023-05-15,13.02481,8.622512
2024,2023,Caqueta,2023-05-01,3,2023-05-22,12.314365,7.547947
2024,2023,Caqueta,2023-05-01,4,2023-05-29,12.077551,6.9181333
2024,2023,Caqueta,2023-05-08,1,2023-05-15,13.02481,8.646645
2024,2023,Caqueta,2023-05-08,2,2023-05-22,12.314365,8.292319
2024,2023,Caqueta,2023-05-08,3,2023-05-29,12.077551,7.688932
2024,2023,Caqueta,2023-05-08,4,2023-06-05,8.9989605,7.0953436
2024,2023,Caqueta,2023-05-15,1,2023-05-22,12.314365,9.496474
2024,2023,Caqueta,2023-05-15,2,2023-05-29,12.077551,9.094957
2024,2023,Caqueta,2023-05-15,3,2023-06-05,8.9989605,8.362213
2024,2023,Caqueta,2023-05-15,4,2023-06-12,12.077551,7.7167273
2024,2023,Caqueta,2023-05-22,1,2023-05-29,12.077551,9.190617
2024,2023,Caqueta,2023-05-22,2,2023-06-05,8.9989605,9.013172
2024,2023,Caqueta,2023-05-22,3,2023-06-12,12.077551,8.357076
2024,2023,Caqueta,2023-05-22,4,2023-06-19,10.656664,7.7702684
2024,2023,Caqueta,2023-05-29,1,2023-06-05,8.9989605,10.3968525
2024,2023,Caqueta,2023-05-29,2,2023-06-12,12.077551,10.386532
2024,2023,Caqueta,2023-05-29,3,2023-06-19,10.656664,9.748689
2024,2023,Caqueta,2023-05-29,4,2023-06-26,4.9731097,9.006156
2024,2023,Caqueta,2023-06-05,1,2023-06-12,12.077551,10.90136
2024,2023,Caqueta,2023-06-05,2,2023-06-19,10.656664,10.89932
2024,2023,Caqueta,2023-06-05,3,2023-06-26,4.9731097,10.124996
2024,2023,Caqueta,2023-06-05,4,2023-07-03,7.814886,9.478744
2024,2023,Caqueta,2023-06-12,1,2023-06-19,10.656664,9.35851
2024,2023,Caqueta,2023-06-12,2,2023-06-26,4.9731097,8.926415
2024,2023,Caqueta,2023-06-12,3,2023-07-03,7.814886,7.937913
2024,2023,Caqueta,2023-06-12,4,2023-07-10,7.1044436,7.2933064
2024,2023,Caqueta,2023-06-19,1,2023-06-26,4.9731097,10.234192
2024,2023,Caqueta,2023-06-19,2,2023-07-03,7.814886,9.8299675
2024,2023,Caqueta,2023-06-19,3,2023-07-10,7.1044436,8.938201
2024,2023,Caqueta,2023-06-19,4,2023-07-17,5.920369,8.202266
2024,2023,Caqueta,2023-06-26,1,2023-07-03,7.814886,10.31761
2024,2023,Caqueta,2023-06-26,2,2023-07-10,7.1044436,10.103098
2024,2023,Caqueta,2023-06-26,3,2023-07-17,5.920369,9.432268
2024,2023,Caqueta,2023-06-26,4,2023-07-24,4.736295,8.625384
2024,2023,Caqueta,2023-07-03,1,2023-07-10,7.1044436,6.9252305
2024,2023,Caqueta,2023-07-03,2,2023-07-17,5.920369,6.4812803
2024,2023,Caqueta,2023-07-03,3,2023-07-24,4.736295,5.8183956
2024,2023,Caqueta,2023-07-03,4,2023-07-31,6.3939977,5.4750366
2024,2023,Caqueta,2023-07-10,1,2023-07-17,5.920369,6.6407475
2024,2023,Caqueta,2023-07-10,2,2023-07-24,4.736295,6.2138414
2024,2023,Caqueta,2023-07-10,3,2023-07-31,6.3939977,5.6096563
2024,2023,Caqueta,2023-07-10,4,2023-08-07,6.867627,5.168273
2024,2023,Caqueta,2023-07-17,1,2023-07-24,4.736295,6.6866384
2024,2023,Caqueta,2023-07-17,2,2023-07-31,6.3939977,6.313189
2024,2023,Caqueta,2023-07-17,3,2023-08-07,6.867627,5.850897
2024,2023,Caqueta,2023-07-17,4,2023-08-14,6.867627,5.390801
2024,2023,Caqueta,2023-07-24,1,2023-07-31,6.3939977,5.6559086
2024,2023,Caqueta,2023-07-24,2,2023-08-07,6.867627,5.3995643
2024,2023,Caqueta,2023-07-24,3,2023-08-14,6.867627,4.9868526
2024,2023,Caqueta,2023-07-24,4,2023-08-21,4.9731097,4.7399
2024,2023,Caqueta,2023-07-31,1,2023-08-07,6.867627,4.99893
2024,2023,Caqueta,2023-07-31,2,2023-08-14,6.867627,4.8391814
2024,2023,Caqueta,2023-07-31,3,2023-08-21,4.9731097,4.4389763
2024,2023,Caqueta,2023-07-31,4,2023-08-28,3.5522215,4.1493363
2024,2023,Caqueta,2023-08-07,1,2023-08-14,6.867627,5.090315
2024,2023,Caqueta,2023-08-07,2,2023-08-21,4.9731097,4.878959
2024,2023,Caqueta,2023-08-07,3,2023-08-28,3.5522215,4.593034
2024,2023,Caqueta,2023-08-07,4,2023-09-04,4.736295,4.3209844
2024,2023,Caqueta,2023-08-14,1,2023-08-21,4.9731097,5.2062316
2024,2023,Caqueta,2023-08-14,2,2023-08-28,3.5522215,5.1402793
2024,2023,Caqueta,2023-08-14,3,2023-09-04,4.736295,4.898923
2024,2023,Caqueta,2023-08-14,4,2023-09-11,4.9731097,4.58718
2024,2023,Caqueta,2023-08-21,1,2023-08-28,3.5522215,5.541041
2024,2023,Caqueta,2023-08-21,2,2023-09-04,4.736295,5.448894
2024,2023,Caqueta,2023-08-21,3,2023-09-11,4.9731097,5.161329
2024,2023,Caqueta,2023-08-21,4,2023-09-18,2.6049623,4.942674
2024,2023,Caqueta,2023-08-28,1,2023-09-04,4.736295,4.994308
2024,2023,Caqueta,2023-08-28,2,2023-09-11,4.9731097,4.8677473
2024,2023,Caqueta,2023-08-28,3,2023-09-18,2.6049623,4.617856
2024,2023,Caqueta,2023-08-28,4,2023-09-25,2.3681474,4.394041
2024,2023,Caqueta,2023-09-04,1,2023-09-11,4.9731097,4.0688763
2024,2023,Caqueta,2023-09-04,2,2023-09-18,2.6049623,3.9414952
2024,2023,Caqueta,2023-09-04,3,2023-09-25,2.3681474,3.737788
2024,2023,Caqueta,2023-09-04,4,2023-10-02,3.0785916,3.6819553
2024,2023,Caqueta,2023-09-11,1,2023-09-18,2.6049623,4.050742
2024,2023,Caqueta,2023-09-11,2,2023-09-25,2.3681474,3.9550228
2024,2023,Caqueta,2023-09-11,3,2023-10-02,3.0785916,3.8335125
2024,2023,Caqueta,2023-09-11,4,2023-10-09,2.6049623,3.7293665
2024,2023,Caqueta,2023-09-18,1,2023-09-25,2.3681474,4.145402
2024,2023,Caqueta,2023-09-18,2,2023-10-02,3.0785916,4.0092263
2024,2023,Caqueta,2023-09-18,3,2023-10-09,2.6049623,3.965257
2024,2023,Caqueta,2023-09-18,4,2023-10-16,2.3681474,3.8831763
2024,2023,Caqueta,2023-09-25,1,2023-10-02,3.0785916,3.2567663
2024,2023,Caqueta,2023-09-25,2,2023-10-09,2.6049623,3.2195194
2024,2023,Caqueta,2023-09-25,3,2023-10-16,2.3681474,3.1765332
2024,2023,Caqueta,2023-09-25,4,2023-10-23,5.6835537,3.220038
2024,2023,Caqueta,2023-10-02,1,2023-10-09,2.6049623,2.8345225
2024,2023,Caqueta,2023-10-02,2,2023-10-16,2.3681474,2.8734448
2024,2023,Caqueta,2023-10-02,3,2023-10-23,5.6835537,2.8411386
2024,2023,Caqueta,2023-10-02,4,2023-10-30,4.0258503,2.8805997
2024,2023,Caqueta,2023-10-09,1,2023-10-16,2.3681474,2.78484
2024,2023,Caqueta,2023-10-09,2,2023-10-23,5.6835537,2.8560658
2024,2023,Caqueta,2023-10-09,3,2023-10-30,4.0258503,2.8715982
2024,2023,Caqueta,2023-10-09,4,2023-11-06,1.4208884,2.9379022
2024,2023,Caqueta,2023-10-16,1,2023-10-23,5.6835537,2.5788665
2024,2023,Caqueta,2023-10-16,2,2023-10-30,4.0258503,2.6875877
2024,2023,Caqueta,2023-10-16,3,2023-11-06,1.4208884,2.6994553
2024,2023,Caqueta,2023-10-16,4,2023-11-13,3.0785916,2.796784
2024,2023,Caqueta,2023-10-23,1,2023-10-30,4.0258503,2.5194159
2024,2023,Caqueta,2023-10-23,2,2023-11-06,1.4208884,2.7008107
2024,2023,Caqueta,2023-10-23,3,2023-11-13,3.0785916,2.7181895
2024,2023,Caqueta,2023-10-23,4,2023-11-20,4.9731097,2.9234383
2024,2023,Caqueta,2023-10-30,1,2023-11-06,1.4208884,3.5185251
2024,2023,Caqueta,2023-10-30,2,2023-11-13,3.0785916,3.7855968
2024,2023,Caqueta,2023-10-30,3,2023-11-20,4.9731097,3.8838027
2024,2023,Caqueta,2023-10-30,4,2023-11-27,4.4994802,4.096323
2024,2023,Caqueta,2023-11-06,1,2023-11-13,3.0785916,3.322555
2024,2023,Caqueta,2023-11-06,2,2023-11-20,4.9731097,3.5894578
2024,2023,Caqueta,2023-11-06,3,2023-11-27,4.4994802,3.6990244
2024,2023,Caqueta,2023-11-06,4,2023-12-04,4.736295,3.9250832
2024,2023,Caqueta,2023-11-13,1,2023-11-20,4.9731097,2.8600118
2024,2023,Caqueta,2023-11-13,2,2023-11-27,4.4994802,3.1752293
2024,2023,Caqueta,2023-11-13,3,2023-12-04,4.736295,3.3700836
2024,2023,Caqueta,2023-11-13,4,2023-12-11,7.1044436,3.6209593
2024,2023,Caqueta,2023-11-20,1,2023-11-27,4.4994802,3.399568
2024,2023,Caqueta,2023-11-20,2,2023-12-04,4.736295,3.7244108
2024,2023,Caqueta,2023-11-20,3,2023-12-11,7.1044436,4.0287633
2024,2023,Caqueta,2023-11-20,4,2023-12-18,4.9731097,4.2505074
2024,2023,Caqueta,2023-11-27,1,2023-12-04,4.736295,3.9819489
2024,2023,Caqueta,2023-11-27,2,2023-12-11,7.1044436,4.359117
2024,2023,Caqueta,2023-11-27,3,2023-12-18,4.9731097,4.723794
2024,2023,Caqueta,2023-11-27,4,2023-12-25,3.0785916,5.04192
2024,2023,Casanare,2023-04-17,1,2023-04-24,6.9344816,5.785078
2024,2023,Casanare,2023-04-17,2,2023-05-01,4.334051,6.4260364
2024,2023,Casanare,2023-04-17,3,2023-05-08,5.417564,6.711746
2024,2023,Casanare,2023-04-17,4,2023-05-15,6.067672,7.0905027
2024,2023,Casanare,2023-04-24,1,2023-05-01,4.334051,4.3986254
2024,2023,Casanare,2023-04-24,2,2023-05-08,5.417564,4.9136167
2024,2023,Casanare,2023-04-24,3,2023-05-15,6.067672,5.3877487
2024,2023,Casanare,2023-04-24,4,2023-05-22,6.2843747,5.650856
2024,2023,Casanare,2023-05-01,1,2023-05-08,5.417564,6.9949126
2024,2023,Casanare,2023-05-01,2,2023-05-15,6.067672,7.560451
2024,2023,Casanare,2023-05-01,3,2023-05-22,6.2843747,7.934892
2024,2023,Casanare,2023-05-01,4,2023-05-29,7.1511855,8.064969
2024,2023,Casanare,2023-05-08,1,2023-05-15,6.067672,6.5075665
2024,2023,Casanare,2023-05-08,2,2023-05-22,6.2843747,6.805889
2024,2023,Casanare,2023-05-08,3,2023-05-29,7.1511855,7.4013724
2024,2023,Casanare,2023-05-08,4,2023-06-05,8.234697,7.590672
2024,2023,Casanare,2023-05-15,1,2023-05-22,6.2843747,7.429225
2024,2023,Casanare,2023-05-15,2,2023-05-29,7.1511855,7.7068176
2024,2023,Casanare,2023-05-15,3,2023-06-05,8.234697,8.247327
2024,2023,Casanare,2023-05-15,4,2023-06-12,7.3678865,8.5117235
2024,2023,Casanare,2023-05-22,1,2023-05-29,7.1511855,7.844742
2024,2023,Casanare,2023-05-22,2,2023-06-05,8.234697,7.947911
2024,2023,Casanare,2023-05-22,3,2023-06-12,7.3678865,8.391981
2024,2023,Casanare,2023-05-22,4,2023-06-19,7.1511855,8.649338
2024,2023,Casanare,2023-05-29,1,2023-06-05,8.234697,8.069191
2024,2023,Casanare,2023-05-29,2,2023-06-12,7.3678865,8.112603
2024,2023,Casanare,2023-05-29,3,2023-06-19,7.1511855,8.3900175
2024,2023,Casanare,2023-05-29,4,2023-06-26,5.85097,8.624792
2024,2023,Casanare,2023-06-05,1,2023-06-12,7.3678865,8.847726
2024,2023,Casanare,2023-06-05,2,2023-06-19,7.1511855,8.719731
2024,2023,Casanare,2023-06-05,3,2023-06-26,5.85097,9.041698
2024,2023,Casanare,2023-06-05,4,2023-07-03,4.334051,9.256735
2024,2023,Casanare,2023-06-12,1,2023-06-19,7.1511855,9.4063835
2024,2023,Casanare,2023-06-12,2,2023-06-26,5.85097,9.14825
2024,2023,Casanare,2023-06-12,3,2023-07-03,4.334051,8.956847
2024,2023,Casanare,2023-06-12,4,2023-07-10,5.85097,9.103437
2024,2023,Casanare,2023-06-19,1,2023-06-26,5.85097,8.780856
2024,2023,Casanare,2023-06-19,2,2023-07-03,4.334051,8.538442
2024,2023,Casanare,2023-06-19,3,2023-07-10,5.85097,8.31801
2024,2023,Casanare,2023-06-19,4,2023-07-17,6.717779,8.351164
2024,2023,Casanare,2023-06-26,1,2023-07-03,4.334051,8.359484
2024,2023,Casanare,2023-06-26,2,2023-07-10,5.85097,8.079611
2024,2023,Casanare,2023-06-26,3,2023-07-17,6.717779,7.7749996
2024,2023,Casanare,2023-06-26,4,2023-07-24,4.767456,7.8060637
2024,2023,Casanare,2023-07-03,1,2023-07-10,5.85097,7.1417537
2024,2023,Casanare,2023-07-03,2,2023-07-17,6.717779,6.719248
2024,2023,Casanare,2023-07-03,3,2023-07-24,4.767456,6.1769433
2024,2023,Casanare,2023-07-03,4,2023-07-31,5.634267,6.1118875
2024,2023,Casanare,2023-07-10,1,2023-07-17,6.717779,5.023389
2024,2023,Casanare,2023-07-10,2,2023-07-24,4.767456,4.7742414
2024,2023,Casanare,2023-07-10,3,2023-07-31,5.634267,4.2596636
2024,2023,Casanare,2023-07-10,4,2023-08-07,3.2505386,4.052456
2024,2023,Casanare,2023-07-17,1,2023-07-24,4.767456,5.378191
2024,2023,Casanare,2023-07-17,2,2023-07-31,5.634267,5.05108
2024,2023,Casanare,2023-07-17,3,2023-08-07,3.2505386,4.604221
2024,2023,Casanare,2023-07-17,4,2023-08-14,4.767456,4.5076494
2024,2023,Casanare,2023-07-24,1,2023-07-31,5.634267,6.2182693
2024,2023,Casanare,2023-07-24,2,2023-08-07,3.2505386,5.900988
2024,2023,Casanare,2023-07-24,3,2023-08-14,4.767456,5.4460526
2024,2023,Casanare,2023-07-24,4,2023-08-21,3.0338361,5.348289
2024,2023,Casanare,2023-07-31,1,2023-08-07,3.2505386,5.1673937
2024,2023,Casanare,2023-07-31,2,2023-08-14,4.767456,4.870276
2024,2023,Casanare,2023-07-31,3,2023-08-21,3.0338361,4.4083705
2024,2023,Casanare,2023-07-31,4,2023-08-28,3.467241,4.2839417
2024,2023,Casanare,2023-08-07,1,2023-08-14,4.767456,4.922358
2024,2023,Casanare,2023-08-07,2,2023-08-21,3.0338361,4.6090965
2024,2023,Casanare,2023-08-07,3,2023-08-28,3.467241,4.1741495
2024,2023,Casanare,2023-08-07,4,2023-09-04,2.3837283,4.1272297
2024,2023,Casanare,2023-08-14,1,2023-08-21,3.0338361,3.5446558
2024,2023,Casanare,2023-08-14,2,2023-08-28,3.467241,3.385775
2024,2023,Casanare,2023-08-14,3,2023-09-04,2.3837283,3.1012902
2024,2023,Casanare,2023-08-14,4,2023-09-11,1.950323,3.1056175
2024,2023,Casanare,2023-08-21,1,2023-08-28,3.467241,3.76836
2024,2023,Casanare,2023-08-21,2,2023-09-04,2.3837283,3.5486574
2024,2023,Casanare,2023-08-21,3,2023-09-11,1.950323,3.300847
2024,2023,Casanare,2023-08-21,4,2023-09-18,1.5169181,3.313045
2024,2023,Casanare,2023-08-28,1,2023-09-04,2.3837283,3.567007
2024,2023,Casanare,2023-08-28,2,2023-09-11,1.950323,3.277582
2024,2023,Casanare,2023-08-28,3,2023-09-18,1.5169181,3.0852764
2024,2023,Casanare,2023-08-28,4,2023-09-25,1.5169181,3.0977316
2024,2023,Casanare,2023-09-04,1,2023-09-11,1.950323,3.3120797
2024,2023,Casanare,2023-09-04,2,2023-09-18,1.5169181,3.08721
2024,2023,Casanare,2023-09-04,3,2023-09-25,1.5169181,2.9236956
2024,2023,Casanare,2023-09-04,4,2023-10-02,2.3837283,2.9571588
2024,2023,Casanare,2023-09-11,1,2023-09-18,1.5169181,2.9779994
2024,2023,Casanare,2023-09-11,2,2023-09-25,1.5169181,2.7352757
2024,2023,Casanare,2023-09-11,3,2023-10-02,2.3837283,2.6660204
2024,2023,Casanare,2023-09-11,4,2023-10-09,1.950323,2.6807036
2024,2023,Casanare,2023-09-18,1,2023-09-25,1.5169181,2.4595613
2024,2023,Casanare,2023-09-18,2,2023-10-02,2.3837283,2.29985
2024,2023,Casanare,2023-09-18,3,2023-10-09,1.950323,2.228686
2024,2023,Casanare,2023-09-18,4,2023-10-16,1.7336205,2.230835
2024,2023,Casanare,2023-09-25,1,2023-10-02,2.3837283,2.1188698
2024,2023,Casanare,2023-09-25,2,2023-10-09,1.950323,2.0048823
2024,2023,Casanare,2023-09-25,3,2023-10-16,1.7336205,1.9973408
2024,2023,Casanare,2023-09-25,4,2023-10-23,2.1670258,1.9709467
2024,2023,Casanare,2023-10-02,1,2023-10-09,1.950323,1.9773133
2024,2023,Casanare,2023-10-02,2,2023-10-16,1.7336205,1.9041885
2024,2023,Casanare,2023-10-02,3,2023-10-23,2.1670258,1.8768164
2024,2023,Casanare,2023-10-02,4,2023-10-30,1.7336205,1.8990461
2024,2023,Casanare,2023-10-09,1,2023-10-16,1.7336205,2.0494869
2024,2023,Casanare,2023-10-09,2,2023-10-23,2.1670258,1.9931222
2024,2023,Casanare,2023-10-09,3,2023-10-30,1.7336205,1.9771521
2024,2023,Casanare,2023-10-09,4,2023-11-06,2.8171334,2.09671
2024,2023,Casanare,2023-10-16,1,2023-10-23,2.1670258,2.0677035
2024,2023,Casanare,2023-10-16,2,2023-10-30,1.7336205,2.0240953
2024,2023,Casanare,2023-10-16,3,2023-11-06,2.8171334,2.031595
2024,2023,Casanare,2023-10-16,4,2023-11-13,0.86681026,2.2026522
2024,2023,Casanare,2023-10-23,1,2023-10-30,1.7336205,1.955089
2024,2023,Casanare,2023-10-23,2,2023-11-06,2.8171334,1.9709201
2024,2023,Casanare,2023-10-23,3,2023-11-13,0.86681026,2.0022326
2024,2023,Casanare,2023-10-23,4,2023-11-20,3.0338361,2.189281
2024,2023,Casanare,2023-10-30,1,2023-11-06,2.8171334,2.165131
2024,2023,Casanare,2023-10-30,2,2023-11-13,0.86681026,2.1827333
2024,2023,Casanare,2023-10-30,3,2023-11-20,3.0338361,2.3132408
2024,2023,Casanare,2023-10-30,4,2023-11-27,2.3837283,2.4583173
2024,2023,Casanare,2023-11-06,1,2023-11-13,0.86681026,2.0747952
2024,2023,Casanare,2023-11-06,2,2023-11-20,3.0338361,2.1057892
2024,2023,Casanare,2023-11-06,3,2023-11-27,2.3837283,2.2641854
2024,2023,Casanare,2023-11-06,4,2023-12-04,2.1670258,2.3855655
2024,2023,Casanare,2023-11-13,1,2023-11-20,3.0338361,2.3982055
2024,2023,Casanare,2023-11-13,2,2023-11-27,2.3837283,2.4167757
2024,2023,Casanare,2023-11-13,3,2023-12-04,2.1670258,2.6388075
2024,2023,Casanare,2023-11-13,4,2023-12-11,1.950323,2.709041
2024,2023,Casanare,2023-11-20,1,2023-11-27,2.3837283,1.9195545
2024,2023,Casanare,2023-11-20,2,2023-12-04,2.1670258,1.9360219
2024,2023,Casanare,2023-11-20,3,2023-12-11,1.950323,2.092644
2024,2023,Casanare,2023-11-20,4,2023-12-18,3.467241,2.1229794
2024,2023,Casanare,2023-11-27,1,2023-12-04,2.1670258,2.447941
2024,2023,Casanare,2023-11-27,2,2023-12-11,1.950323,2.4459538
2024,2023,Casanare,2023-11-27,3,2023-12-18,3.467241,2.6234522
2024,2023,Casanare,2023-11-27,4,2023-12-25,2.8171334,2.6557434
2024,2023,Cauca,2023-04-17,1,2023-04-24,1.6605514,1.4725269
2024,2023,Cauca,2023-04-17,2,2023-05-01,2.2353578,1.4696265
2024,2023,Cauca,2023-04-17,3,2023-05-08,1.9798883,1.476808
2024,2023,Cauca,2023-04-17,4,2023-05-15,1.7244186,1.4894716
2024,2023,Cauca,2023-04-24,1,2023-05-01,2.2353578,1.3907533
2024,2023,Cauca,2023-04-24,2,2023-05-08,1.9798883,1.383055
2024,2023,Cauca,2023-04-24,3,2023-05-15,1.7244186,1.3756142
2024,2023,Cauca,2023-04-24,4,2023-05-22,1.7882861,1.3911432
2024,2023,Cauca,2023-05-01,1,2023-05-08,1.9798883,1.5202432
2024,2023,Cauca,2023-05-01,2,2023-05-15,1.7244186,1.5080953
2024,2023,Cauca,2023-05-01,3,2023-05-22,1.7882861,1.5062561
2024,2023,Cauca,2023-05-01,4,2023-05-29,1.4689493,1.4786122
2024,2023,Cauca,2023-05-08,1,2023-05-15,1.7244186,1.8019772
2024,2023,Cauca,2023-05-08,2,2023-05-22,1.7882861,1.7773739
2024,2023,Cauca,2023-05-08,3,2023-05-29,1.4689493,1.7786382
2024,2023,Cauca,2023-05-08,4,2023-06-05,1.5328165,1.7424058
2024,2023,Cauca,2023-05-15,1,2023-05-22,1.7882861,1.8019551
2024,2023,Cauca,2023-05-15,2,2023-05-29,1.4689493,1.779393
2024,2023,Cauca,2023-05-15,3,2023-06-05,1.5328165,1.7854277
2024,2023,Cauca,2023-05-15,4,2023-06-12,1.596684,1.7748231
2024,2023,Cauca,2023-05-22,1,2023-05-29,1.4689493,1.6506367
2024,2023,Cauca,2023-05-22,2,2023-06-05,1.5328165,1.6156286
2024,2023,Cauca,2023-05-22,3,2023-06-12,1.596684,1.5918353
2024,2023,Cauca,2023-05-22,4,2023-06-19,1.405082,1.596567
2024,2023,Cauca,2023-05-29,1,2023-06-05,1.5328165,1.606906
2024,2023,Cauca,2023-05-29,2,2023-06-12,1.596684,1.5463732
2024,2023,Cauca,2023-05-29,3,2023-06-19,1.405082,1.5025308
2024,2023,Cauca,2023-05-29,4,2023-06-26,1.0857451,1.5341785
2024,2023,Cauca,2023-06-05,1,2023-06-12,1.596684,1.5874699
2024,2023,Cauca,2023-06-05,2,2023-06-19,1.405082,1.544115
2024,2023,Cauca,2023-06-05,3,2023-06-26,1.0857451,1.5376142
2024,2023,Cauca,2023-06-05,4,2023-07-03,1.2134799,1.522226
2024,2023,Cauca,2023-06-12,1,2023-06-19,1.405082,1.5881565
2024,2023,Cauca,2023-06-12,2,2023-06-26,1.0857451,1.5463477
2024,2023,Cauca,2023-06-12,3,2023-07-03,1.2134799,1.5681642
2024,2023,Cauca,2023-06-12,4,2023-07-10,1.4689493,1.5321165
2024,2023,Cauca,2023-06-19,1,2023-06-26,1.0857451,1.614229
2024,2023,Cauca,2023-06-19,2,2023-07-03,1.2134799,1.5646106
2024,2023,Cauca,2023-06-19,3,2023-07-10,1.4689493,1.614835
2024,2023,Cauca,2023-06-19,4,2023-07-17,1.5328165,1.5547819
2024,2023,Cauca,2023-06-26,1,2023-07-03,1.2134799,1.5360972
2024,2023,Cauca,2023-06-26,2,2023-07-10,1.4689493,1.4914297
2024,2023,Cauca,2023-06-26,3,2023-07-17,1.5328165,1.5002373
2024,2023,Cauca,2023-06-26,4,2023-07-24,1.2134799,1.4745893
2024,2023,Cauca,2023-07-03,1,2023-07-10,1.4689493,1.2858566
2024,2023,Cauca,2023-07-03,2,2023-07-17,1.5328165,1.255341
2024,2023,Cauca,2023-07-03,3,2023-07-24,1.2134799,1.2342935
2024,2023,Cauca,2023-07-03,4,2023-07-31,0.95801044,1.2347187
2024,2023,Cauca,2023-07-10,1,2023-07-17,1.5328165,1.2014093
2024,2023,Cauca,2023-07-10,2,2023-07-24,1.2134799,1.1777709
2024,2023,Cauca,2023-07-10,3,2023-07-31,0.95801044,1.1492859
2024,2023,Cauca,2023-07-10,4,2023-08-07,1.3412147,1.1509858
2024,2023,Cauca,2023-07-17,1,2023-07-24,1.2134799,1.2731621
2024,2023,Cauca,2023-07-17,2,2023-07-31,0.95801044,1.254303
2024,2023,Cauca,2023-07-17,3,2023-08-07,1.3412147,1.2176727
2024,2023,Cauca,2023-07-17,4,2023-08-14,1.4689493,1.2115172
2024,2023,Cauca,2023-07-24,1,2023-07-31,0.95801044,1.3739733
2024,2023,Cauca,2023-07-24,2,2023-08-07,1.3412147,1.3639383
2024,2023,Cauca,2023-07-24,3,2023-08-14,1.4689493,1.3414526
2024,2023,Cauca,2023-07-24,4,2023-08-21,1.0857451,1.3242842
2024,2023,Cauca,2023-07-31,1,2023-08-07,1.3412147,1.3071043
2024,2023,Cauca,2023-07-31,2,2023-08-14,1.4689493,1.300397
2024,2023,Cauca,2023-07-31,3,2023-08-21,1.0857451,1.2869514
2024,2023,Cauca,2023-07-31,4,2023-08-28,1.2773472,1.2659107
2024,2023,Cauca,2023-08-07,1,2023-08-14,1.4689493,1.177029
2024,2023,Cauca,2023-08-07,2,2023-08-21,1.0857451,1.1558002
2024,2023,Cauca,2023-08-07,3,2023-08-28,1.2773472,1.1394566
2024,2023,Cauca,2023-08-07,4,2023-09-04,2.3630924,1.1186464
2024,2023,Cauca,2023-08-14,1,2023-08-21,1.0857451,1.1695857
2024,2023,Cauca,2023-08-14,2,2023-08-28,1.2773472,1.1615837
2024,2023,Cauca,2023-08-14,3,2023-09-04,2.3630924,1.1325222
2024,2023,Cauca,2023-08-14,4,2023-09-11,1.7244186,1.139488
2024,2023,Cauca,2023-08-21,1,2023-08-28,1.2773472,1.2129284
2024,2023,Cauca,2023-08-21,2,2023-09-04,2.3630924,1.2093567
2024,2023,Cauca,2023-08-21,3,2023-09-11,1.7244186,1.2063706
2024,2023,Cauca,2023-08-21,4,2023-09-18,2.2353578,1.2013109
2024,2023,Cauca,2023-08-28,1,2023-09-04,2.3630924,1.2236392
2024,2023,Cauca,2023-08-28,2,2023-09-11,1.7244186,1.2237028
2024,2023,Cauca,2023-08-28,3,2023-09-18,2.2353578,1.1983919
2024,2023,Cauca,2023-08-28,4,2023-09-25,1.7882861,1.1979017
2024,2023,Cauca,2023-09-04,1,2023-09-11,1.7244186,1.3158973
2024,2023,Cauca,2023-09-04,2,2023-09-18,2.2353578,1.321018
2024,2023,Cauca,2023-09-04,3,2023-09-25,1.7882861,1.3213254
2024,2023,Cauca,2023-09-04,4,2023-10-02,2.3630924,1.3202605
2024,2023,Cauca,2023-09-11,1,2023-09-18,2.2353578,1.7005396
2024,2023,Cauca,2023-09-11,2,2023-09-25,1.7882861,1.6886903
2024,2023,Cauca,2023-09-11,3,2023-10-02,2.3630924,1.7109545
2024,2023,Cauca,2023-09-11,4,2023-10-09,2.2992249,1.7050786
2024,2023,Cauca,2023-09-18,1,2023-09-25,1.7882861,1.7938238
2024,2023,Cauca,2023-09-18,2,2023-10-02,2.3630924,1.7844739
2024,2023,Cauca,2023-09-18,3,2023-10-09,2.2992249,1.8236241
2024,2023,Cauca,2023-09-18,4,2023-10-16,3.3211029,1.7987376
2024,2023,Cauca,2023-09-25,1,2023-10-02,2.3630924,2.0124962
2024,2023,Cauca,2023-09-25,2,2023-10-09,2.2992249,2.0105953
2024,2023,Cauca,2023-09-25,3,2023-10-16,3.3211029,2.050686
2024,2023,Cauca,2023-09-25,4,2023-10-23,3.3211029,2.051979
2024,2023,Cauca,2023-10-02,1,2023-10-09,2.2992249,1.9828705
2024,2023,Cauca,2023-10-02,2,2023-10-16,3.3211029,2.0063329
2024,2023,Cauca,2023-10-02,3,2023-10-23,3.3211029,2.0214577
2024,2023,Cauca,2023-10-02,4,2023-10-30,3.38497,2.0539334
2024,2023,Cauca,2023-10-09,1,2023-10-16,3.3211029,2.1113286
2024,2023,Cauca,2023-10-09,2,2023-10-23,3.3211029,2.146615
2024,2023,Cauca,2023-10-09,3,2023-10-30,3.38497,2.189614
2024,2023,Cauca,2023-10-09,4,2023-11-06,2.4908268,2.2255147
2024,2023,Cauca,2023-10-16,1,2023-10-23,3.3211029,2.2686176
2024,2023,Cauca,2023-10-16,2,2023-10-30,3.38497,2.2892737
2024,2023,Cauca,2023-10-16,3,2023-11-06,2.4908268,2.3451447
2024,2023,Cauca,2023-10-16,4,2023-11-13,3.38497,2.399199
2024,2023,Cauca,2023-10-23,1,2023-10-30,3.38497,2.7791033
2024,2023,Cauca,2023-10-23,2,2023-11-06,2.4908268,2.8121417
2024,2023,Cauca,2023-10-23,3,2023-11-13,3.38497,2.9242942
2024,2023,Cauca,2023-10-23,4,2023-11-20,4.406848,2.9665484
2024,2023,Cauca,2023-10-30,1,2023-11-06,2.4908268,3.0706387
2024,2023,Cauca,2023-10-30,2,2023-11-13,3.38497,3.0882487
2024,2023,Cauca,2023-10-30,3,2023-11-20,4.406848,3.1889033
2024,2023,Cauca,2023-10-30,4,2023-11-27,4.917787,3.2427545
2024,2023,Cauca,2023-11-06,1,2023-11-13,3.38497,3.1505191
2024,2023,Cauca,2023-11-06,2,2023-11-20,4.406848,3.1463861
2024,2023,Cauca,2023-11-06,3,2023-11-27,4.917787,3.2564776
2024,2023,Cauca,2023-11-06,4,2023-12-04,3.4488373,3.316519
2024,2023,Cauca,2023-11-13,1,2023-11-20,4.406848,3.0009158
2024,2023,Cauca,2023-11-13,2,2023-11-27,4.917787,3.019511
2024,2023,Cauca,2023-11-13,3,2023-12-04,3.4488373,3.1698809
2024,2023,Cauca,2023-11-13,4,2023-12-11,5.109389,3.260794
2024,2023,Cauca,2023-11-20,1,2023-11-27,4.917787,3.2313056
2024,2023,Cauca,2023-11-20,2,2023-12-04,3.4488373,3.2574475
2024,2023,Cauca,2023-11-20,3,2023-12-11,5.109389,3.4180808
2024,2023,Cauca,2023-11-20,4,2023-12-18,5.492593,3.4500391
2024,2023,Cauca,2023-11-27,1,2023-12-04,3.4488373,3.8714275
2024,2023,Cauca,2023-11-27,2,2023-12-11,5.109389,3.8907847
2024,2023,Cauca,2023-11-27,3,2023-12-18,5.492593,4.0959234
2024,2023,Cauca,2023-11-27,4,2023-12-25,4.726185,4.05841
2024,2023,Cesar,2023-04-17,1,2023-04-24,4.183961,3.7539573
2024,2023,Cesar,2023-04-17,2,2023-05-01,5.034936,3.94989
2024,2023,Cesar,2023-04-17,3,2023-05-08,5.6022525,4.128825
2024,2023,Cesar,2023-04-17,4,2023-05-15,5.8149967,4.568286
2024,2023,Cesar,2023-04-24,1,2023-05-01,5.034936,4.6422424
2024,2023,Cesar,2023-04-24,2,2023-05-08,5.6022525,4.853131
2024,2023,Cesar,2023-04-24,3,2023-05-15,5.8149967,5.200549
2024,2023,Cesar,2023-04-24,4,2023-05-22,6.453228,5.4508953
2024,2023,Cesar,2023-05-01,1,2023-05-08,5.6022525,5.5186043
2024,2023,Cesar,2023-05-01,2,2023-05-15,5.8149967,5.6312532
2024,2023,Cesar,2023-05-01,3,2023-05-22,6.453228,5.973529
2024,2023,Cesar,2023-05-01,4,2023-05-29,8.155179,6.0086527
2024,2023,Cesar,2023-05-08,1,2023-05-15,5.8149967,6.438949
2024,2023,Cesar,2023-05-08,2,2023-05-22,6.453228,6.626211
2024,2023,Cesar,2023-05-08,3,2023-05-29,8.155179,7.0860324
2024,2023,Cesar,2023-05-08,4,2023-06-05,7.800605,7.087122
2024,2023,Cesar,2023-05-15,1,2023-05-22,6.453228,6.953512
2024,2023,Cesar,2023-05-15,2,2023-05-29,8.155179,7.105632
2024,2023,Cesar,2023-05-15,3,2023-06-05,7.800605,7.6442447
2024,2023,Cesar,2023-05-15,4,2023-06-12,8.793409,7.7230515
2024,2023,Cesar,2023-05-22,1,2023-05-29,8.155179,6.9773993
2024,2023,Cesar,2023-05-22,2,2023-06-05,7.800605,7.2484665
2024,2023,Cesar,2023-05-22,3,2023-06-12,8.793409,7.7190967
2024,2023,Cesar,2023-05-22,4,2023-06-19,9.928042,7.7934694
2024,2023,Cesar,2023-05-29,1,2023-06-05,7.800605,7.6313815
2024,2023,Cesar,2023-05-29,2,2023-06-12,8.793409,7.8050833
2024,2023,Cesar,2023-05-29,3,2023-06-19,9.928042,8.208657
2024,2023,Cesar,2023-05-29,4,2023-06-26,8.438837,8.19572
2024,2023,Cesar,2023-06-05,1,2023-06-12,8.793409,9.661668
2024,2023,Cesar,2023-06-05,2,2023-06-19,9.928042,9.601415
2024,2023,Cesar,2023-06-05,3,2023-06-26,8.438837,9.993989
2024,2023,Cesar,2023-06-05,4,2023-07-03,11.55908,10.000929
2024,2023,Cesar,2023-06-12,1,2023-06-19,9.928042,10.320151
2024,2023,Cesar,2023-06-12,2,2023-06-26,8.438837,10.025853
2024,2023,Cesar,2023-06-12,3,2023-07-03,11.55908,10.290129
2024,2023,Cesar,2023-06-12,4,2023-07-10,8.013349,10.2818165
2024,2023,Cesar,2023-06-19,1,2023-06-26,8.438837,11.259597
2024,2023,Cesar,2023-06-19,2,2023-07-03,11.55908,10.839826
2024,2023,Cesar,2023-06-19,3,2023-07-10,8.013349,10.896043
2024,2023,Cesar,2023-06-19,4,2023-07-17,9.431642,10.754442
2024,2023,Cesar,2023-06-26,1,2023-07-03,11.55908,11.472684
2024,2023,Cesar,2023-06-26,2,2023-07-10,8.013349,11.123807
2024,2023,Cesar,2023-06-26,3,2023-07-17,9.431642,11.106688
2024,2023,Cesar,2023-06-26,4,2023-07-24,10.35353,10.857269
2024,2023,Cesar,2023-07-03,1,2023-07-10,8.013349,9.981862
2024,2023,Cesar,2023-07-03,2,2023-07-17,9.431642,9.542074
2024,2023,Cesar,2023-07-03,3,2023-07-24,10.35353,9.180536
2024,2023,Cesar,2023-07-03,4,2023-07-31,10.495359,9.004109
2024,2023,Cesar,2023-07-10,1,2023-07-17,9.431642,10.882296
2024,2023,Cesar,2023-07-10,2,2023-07-24,10.35353,10.190461
2024,2023,Cesar,2023-07-10,3,2023-07-31,10.495359,9.506394
2024,2023,Cesar,2023-07-10,4,2023-08-07,7.5878625,9.326459
2024,2023,Cesar,2023-07-17,1,2023-07-24,10.35353,9.798641
2024,2023,Cesar,2023-07-17,2,2023-07-31,10.495359,9.147655
2024,2023,Cesar,2023-07-17,3,2023-08-07,7.5878625,8.514649
2024,2023,Cesar,2023-07-17,4,2023-08-14,9.644384,8.136171
2024,2023,Cesar,2023-07-24,1,2023-07-31,10.495359,10.3010645
2024,2023,Cesar,2023-07-24,2,2023-08-07,7.5878625,9.775505
2024,2023,Cesar,2023-07-24,3,2023-08-14,9.644384,9.362706
2024,2023,Cesar,2023-07-24,4,2023-08-21,9.360725,8.978259
2024,2023,Cesar,2023-07-31,1,2023-08-07,7.5878625,10.897359
2024,2023,Cesar,2023-07-31,2,2023-08-14,9.644384,10.178512
2024,2023,Cesar,2023-07-31,3,2023-08-21,9.360725,9.708254
2024,2023,Cesar,2023-07-31,4,2023-08-28,9.7153,9.057962
2024,2023,Cesar,2023-08-07,1,2023-08-14,9.644384,10.194715
2024,2023,Cesar,2023-08-07,2,2023-08-21,9.360725,9.572309
2024,2023,Cesar,2023-08-07,3,2023-08-28,9.7153,9.012799
2024,2023,Cesar,2023-08-07,4,2023-09-04,9.644384,8.549516
2024,2023,Cesar,2023-08-14,1,2023-08-21,9.360725,8.481325
2024,2023,Cesar,2023-08-14,2,2023-08-28,9.7153,7.8418136
2024,2023,Cesar,2023-08-14,3,2023-09-04,9.644384,7.234677
2024,2023,Cesar,2023-08-14,4,2023-09-11,8.155179,6.8227425
2024,2023,Cesar,2023-08-21,1,2023-08-28,9.7153,8.635967
2024,2023,Cesar,2023-08-21,2,2023-09-04,9.644384,8.095612
2024,2023,Cesar,2023-08-21,3,2023-09-11,8.155179,7.574969
2024,2023,Cesar,2023-08-21,4,2023-09-18,6.453228,7.213549
2024,2023,Cesar,2023-08-28,1,2023-09-04,9.644384,8.963313
2024,2023,Cesar,2023-08-28,2,2023-09-11,8.155179,8.472477
2024,2023,Cesar,2023-08-28,3,2023-09-18,6.453228,7.999496
2024,2023,Cesar,2023-08-28,4,2023-09-25,8.084264,7.5485077
2024,2023,Cesar,2023-09-04,1,2023-09-11,8.155179,9.844408
2024,2023,Cesar,2023-09-04,2,2023-09-18,6.453228,9.511879
2024,2023,Cesar,2023-09-04,3,2023-09-25,8.084264,9.208641
2024,2023,Cesar,2023-09-04,4,2023-10-02,8.367923,8.88645
2024,2023,Cesar,2023-09-11,1,2023-09-18,6.453228,10.490951
2024,2023,Cesar,2023-09-11,2,2023-09-25,8.084264,10.067366
2024,2023,Cesar,2023-09-11,3,2023-10-02,8.367923,9.642912
2024,2023,Cesar,2023-09-11,4,2023-10-09,7.0914593,9.256998
2024,2023,Cesar,2023-09-18,1,2023-09-25,8.084264,9.012694
2024,2023,Cesar,2023-09-18,2,2023-10-02,8.367923,8.618431
2024,2023,Cesar,2023-09-18,3,2023-10-09,7.0914593,8.137121
2024,2023,Cesar,2023-09-18,4,2023-10-16,8.084264,7.72343
2024,2023,Cesar,2023-09-25,1,2023-10-02,8.367923,7.7361536
2024,2023,Cesar,2023-09-25,2,2023-10-09,7.0914593,7.378253
2024,2023,Cesar,2023-09-25,3,2023-10-16,8.084264,6.9676256
2024,2023,Cesar,2023-09-25,4,2023-10-23,7.1623735,6.68616
2024,2023,Cesar,2023-10-02,1,2023-10-09,7.0914593,8.4838915
2024,2023,Cesar,2023-10-02,2,2023-10-16,8.084264,8.263192
2024,2023,Cesar,2023-10-02,3,2023-10-23,7.1623735,8.112429
2024,2023,Cesar,2023-10-02,4,2023-10-30,7.5878625,7.886539
2024,2023,Cesar,2023-10-09,1,2023-10-16,8.084264,8.830472
2024,2023,Cesar,2023-10-09,2,2023-10-23,7.1623735,8.761518
2024,2023,Cesar,2023-10-09,3,2023-10-30,7.5878625,8.519667
2024,2023,Cesar,2023-10-09,4,2023-11-06,8.580666,8.190882
2024,2023,Cesar,2023-10-16,1,2023-10-23,7.1623735,8.036072
2024,2023,Cesar,2023-10-16,2,2023-10-30,7.5878625,8.059648
2024,2023,Cesar,2023-10-16,3,2023-11-06,8.580666,7.796258
2024,2023,Cesar,2023-10-16,4,2023-11-13,6.665972,7.594966
2024,2023,Cesar,2023-10-23,1,2023-10-30,7.5878625,8.613369
2024,2023,Cesar,2023-10-23,2,2023-11-06,8.580666,8.785796
2024,2023,Cesar,2023-10-23,3,2023-11-13,6.665972,8.480371
2024,2023,Cesar,2023-10-23,4,2023-11-20,8.864325,8.205317
2024,2023,Cesar,2023-10-30,1,2023-11-06,8.580666,8.372211
2024,2023,Cesar,2023-10-30,2,2023-11-13,6.665972,8.425373
2024,2023,Cesar,2023-10-30,3,2023-11-20,8.864325,8.204934
2024,2023,Cesar,2023-10-30,4,2023-11-27,7.1623735,7.849579
2024,2023,Cesar,2023-11-06,1,2023-11-13,6.665972,8.323221
2024,2023,Cesar,2023-11-06,2,2023-11-20,8.864325,8.364399
2024,2023,Cesar,2023-11-06,3,2023-11-27,7.1623735,8.030625
2024,2023,Cesar,2023-11-06,4,2023-12-04,6.524143,7.721134
2024,2023,Cesar,2023-11-13,1,2023-11-20,8.864325,9.293699
2024,2023,Cesar,2023-11-13,2,2023-11-27,7.1623735,9.326124
2024,2023,Cesar,2023-11-13,3,2023-12-04,6.524143,9.07759
2024,2023,Cesar,2023-11-13,4,2023-12-11,6.94963,8.801887
2024,2023,Cesar,2023-11-20,1,2023-11-27,7.1623735,8.740848
2024,2023,Cesar,2023-11-20,2,2023-12-04,6.524143,8.567458
2024,2023,Cesar,2023-11-20,3,2023-12-11,6.94963,8.220116
2024,2023,Cesar,2023-11-20,4,2023-12-18,7.871519,7.856544
2024,2023,Cesar,2023-11-27,1,2023-12-04,6.524143,9.77886
2024,2023,Cesar,2023-11-27,2,2023-12-11,6.94963,9.395158
2024,2023,Cesar,2023-11-27,3,2023-12-18,7.871519,9.070421
2024,2023,Cesar,2023-11-27,4,2023-12-25,7.800605,8.566398
2024,2023,Choco,2023-04-17,1,2023-04-24,5.8677144,2.7972329
2024,2023,Choco,2023-04-17,2,2023-05-01,3.796756,2.793745
2024,2023,Choco,2023-04-17,3,2023-05-08,6.5580344,3.1941628
2024,2023,Choco,2023-04-17,4,2023-05-15,6.2128744,3.2755604
2024,2023,Choco,2023-04-24,1,2023-05-01,3.796756,3.5153751
2024,2023,Choco,2023-04-24,2,2023-05-08,6.5580344,3.4931014
2024,2023,Choco,2023-04-24,3,2023-05-15,6.2128744,3.897179
2024,2023,Choco,2023-04-24,4,2023-05-22,9.14673,3.905532
2024,2023,Choco,2023-05-01,1,2023-05-08,6.5580344,4.4140396
2024,2023,Choco,2023-05-01,2,2023-05-15,6.2128744,4.3946567
2024,2023,Choco,2023-05-01,3,2023-05-22,9.14673,4.718235
2024,2023,Choco,2023-05-01,4,2023-05-29,7.9386716,4.7621193
2024,2023,Choco,2023-05-08,1,2023-05-15,6.2128744,4.2301
2024,2023,Choco,2023-05-08,2,2023-05-22,9.14673,4.2490163
2024,2023,Choco,2023-05-08,3,2023-05-29,7.9386716,4.5345974
2024,2023,Choco,2023-05-08,4,2023-06-05,5.5225544,4.6019726
2024,2023,Choco,2023-05-15,1,2023-05-22,9.14673,4.91555
2024,2023,Choco,2023-05-15,2,2023-05-29,7.9386716,5.051847
2024,2023,Choco,2023-05-15,3,2023-06-05,5.5225544,5.3539762
2024,2023,Choco,2023-05-15,4,2023-06-12,3.2790165,5.4224305
2024,2023,Choco,2023-05-22,1,2023-05-29,7.9386716,5.017797
2024,2023,Choco,2023-05-22,2,2023-06-05,5.5225544,5.1323047
2024,2023,Choco,2023-05-22,3,2023-06-12,3.2790165,5.3080797
2024,2023,Choco,2023-05-22,4,2023-06-19,4.8322353,5.387478
2024,2023,Choco,2023-05-29,1,2023-06-05,5.5225544,6.401312
2024,2023,Choco,2023-05-29,2,2023-06-12,3.2790165,6.5758877
2024,2023,Choco,2023-05-29,3,2023-06-19,4.8322353,6.6139283
2024,2023,Choco,2023-05-29,4,2023-06-26,7.420933,6.7509236
2024,2023,Choco,2023-06-05,1,2023-06-12,3.2790165,6.859397
2024,2023,Choco,2023-06-05,2,2023-06-19,4.8322353,6.986022
2024,2023,Choco,2023-06-05,3,2023-06-26,7.420933,6.970403
2024,2023,Choco,2023-06-05,4,2023-07-03,7.5935135,6.999317
2024,2023,Choco,2023-06-12,1,2023-06-19,4.8322353,6.4343534
2024,2023,Choco,2023-06-12,2,2023-06-26,7.420933,6.374175
2024,2023,Choco,2023-06-12,3,2023-07-03,7.5935135,6.379858
2024,2023,Choco,2023-06-12,4,2023-07-10,6.9031935,6.3069134
2024,2023,Choco,2023-06-19,1,2023-06-26,7.420933,5.1309266
2024,2023,Choco,2023-06-19,2,2023-07-03,7.5935135,4.910145
2024,2023,Choco,2023-06-19,3,2023-07-10,6.9031935,4.8745027
2024,2023,Choco,2023-06-19,4,2023-07-17,8.974151,4.7905927
2024,2023,Choco,2023-06-26,1,2023-07-03,7.5935135,5.1218314
2024,2023,Choco,2023-06-26,2,2023-07-10,6.9031935,4.880949
2024,2023,Choco,2023-06-26,3,2023-07-17,8.974151,4.8992248
2024,2023,Choco,2023-06-26,4,2023-07-24,5.8677144,4.7346706
2024,2023,Choco,2023-07-03,1,2023-07-10,6.9031935,5.787267
2024,2023,Choco,2023-07-03,2,2023-07-17,8.974151,5.5898404
2024,2023,Choco,2023-07-03,3,2023-07-24,5.8677144,5.564916
2024,2023,Choco,2023-07-03,4,2023-07-31,4.6596556,5.40315
2024,2023,Choco,2023-07-10,1,2023-07-17,8.974151,6.1177483
2024,2023,Choco,2023-07-10,2,2023-07-24,5.8677144,6.0005302
2024,2023,Choco,2023-07-10,3,2023-07-31,4.6596556,5.803639
2024,2023,Choco,2023-07-10,4,2023-08-07,8.283832,5.7875147
2024,2023,Choco,2023-07-17,1,2023-07-24,5.8677144,6.0923624
2024,2023,Choco,2023-07-17,2,2023-07-31,4.6596556,6.0136514
2024,2023,Choco,2023-07-17,3,2023-08-07,8.283832,5.729329
2024,2023,Choco,2023-07-17,4,2023-08-14,4.8322353,5.793052
2024,2023,Choco,2023-07-24,1,2023-07-31,4.6596556,7.1277566
2024,2023,Choco,2023-07-24,2,2023-08-07,8.283832,7.040118
2024,2023,Choco,2023-07-24,3,2023-08-14,4.8322353,6.8069053
2024,2023,Choco,2023-07-24,4,2023-08-21,5.5225544,6.650266
2024,2023,Choco,2023-07-31,1,2023-08-07,8.283832,6.1580706
2024,2023,Choco,2023-07-31,2,2023-08-14,4.8322353,5.9584503
2024,2023,Choco,2023-07-31,3,2023-08-21,5.5225544,5.757324
2024,2023,Choco,2023-07-31,4,2023-08-28,8.974151,5.6915283
2024,2023,Choco,2023-08-07,1,2023-08-14,4.8322353,5.363864
2024,2023,Choco,2023-08-07,2,2023-08-21,5.5225544,5.130812
2024,2023,Choco,2023-08-07,3,2023-08-28,8.974151,4.930514
2024,2023,Choco,2023-08-07,4,2023-09-04,7.5935135,4.9119987
2024,2023,Choco,2023-08-14,1,2023-08-21,5.5225544,6.213919
2024,2023,Choco,2023-08-14,2,2023-08-28,8.974151,5.932352
2024,2023,Choco,2023-08-14,3,2023-09-04,7.5935135,5.7136064
2024,2023,Choco,2023-08-14,4,2023-09-11,9.14673,5.730177
2024,2023,Choco,2023-08-21,1,2023-08-28,8.974151,5.2870617
2024,2023,Choco,2023-08-21,2,2023-09-04,7.5935135,5.0327578
2024,2023,Choco,2023-08-21,3,2023-09-11,9.14673,4.773675
2024,2023,Choco,2023-08-21,4,2023-09-18,5.8677144,4.849824
2024,2023,Choco,2023-08-28,1,2023-09-04,7.5935135,5.189864
2024,2023,Choco,2023-08-28,2,2023-09-11,9.14673,4.9668365
2024,2023,Choco,2023-08-28,3,2023-09-18,5.8677144,4.6941414
2024,2023,Choco,2023-08-28,4,2023-09-25,6.9031935,4.7603993
2024,2023,Choco,2023-09-04,1,2023-09-11,9.14673,6.5541935
2024,2023,Choco,2023-09-04,2,2023-09-18,5.8677144,6.3113832
2024,2023,Choco,2023-09-04,3,2023-09-25,6.9031935,6.135463
2024,2023,Choco,2023-09-04,4,2023-10-02,6.0402937,6.0014825
2024,2023,Choco,2023-09-11,1,2023-09-18,5.8677144,6.539552
2024,2023,Choco,2023-09-11,2,2023-09-25,6.9031935,6.2996106
2024,2023,Choco,2023-09-11,3,2023-10-02,6.0402937,6.1128354
2024,2023,Choco,2023-09-11,4,2023-10-09,5.3499746,6.1315584
2024,2023,Choco,2023-09-18,1,2023-09-25,6.9031935,7.0104227
2024,2023,Choco,2023-09-18,2,2023-10-02,6.0402937,6.9255614
2024,2023,Choco,2023-09-18,3,2023-10-09,5.3499746,6.636493
2024,2023,Choco,2023-09-18,4,2023-10-16,6.2128744,6.730814
2024,2023,Choco,2023-09-25,1,2023-10-02,6.0402937,6.5576305
2024,2023,Choco,2023-09-25,2,2023-10-09,5.3499746,6.32302
2024,2023,Choco,2023-09-25,3,2023-10-16,6.2128744,6.1265936
2024,2023,Choco,2023-09-25,4,2023-10-23,5.004815,6.2104816
2024,2023,Choco,2023-10-02,1,2023-10-09,5.3499746,6.439868
2024,2023,Choco,2023-10-02,2,2023-10-16,6.2128744,6.23692
2024,2023,Choco,2023-10-02,3,2023-10-23,5.004815,6.054143
2024,2023,Choco,2023-10-02,4,2023-10-30,7.0757732,6.1413627
2024,2023,Choco,2023-10-09,1,2023-10-16,6.2128744,5.8813157
2024,2023,Choco,2023-10-09,2,2023-10-23,5.004815,5.5271893
2024,2023,Choco,2023-10-09,3,2023-10-30,7.0757732,5.4338317
2024,2023,Choco,2023-10-09,4,2023-11-06,5.695134,5.5048285
2024,2023,Choco,2023-10-16,1,2023-10-23,5.004815,5.3223424
2024,2023,Choco,2023-10-16,2,2023-10-30,7.0757732,5.0297117
2024,2023,Choco,2023-10-16,3,2023-11-06,5.695134,5.0138035
2024,2023,Choco,2023-10-16,4,2023-11-13,9.14673,5.0921607
2024,2023,Choco,2023-10-23,1,2023-10-30,7.0757732,5.408141
2024,2023,Choco,2023-10-23,2,2023-11-06,5.695134,5.198484
2024,2023,Choco,2023-10-23,3,2023-11-13,9.14673,5.1954174
2024,2023,Choco,2023-10-23,4,2023-11-20,7.9386716,5.2444253
2024,2023,Choco,2023-10-30,1,2023-11-06,5.695134,4.701102
2024,2023,Choco,2023-10-30,2,2023-11-13,9.14673,4.56388
2024,2023,Choco,2023-10-30,3,2023-11-20,7.9386716,4.5136766
2024,2023,Choco,2023-10-30,4,2023-11-27,4.6596556,4.7613873
2024,2023,Choco,2023-11-06,1,2023-11-13,9.14673,5.2992997
2024,2023,Choco,2023-11-06,2,2023-11-20,7.9386716,5.1297903
2024,2023,Choco,2023-11-06,3,2023-11-27,4.6596556,5.112245
2024,2023,Choco,2023-11-06,4,2023-12-04,6.385453,5.269276
2024,2023,Choco,2023-11-13,1,2023-11-20,7.9386716,5.0076528
2024,2023,Choco,2023-11-13,2,2023-11-27,4.6596556,4.773532
2024,2023,Choco,2023-11-13,3,2023-12-04,6.385453,4.7841187
2024,2023,Choco,2023-11-13,4,2023-12-11,6.0402937,5.011071
2024,2023,Choco,2023-11-20,1,2023-11-27,4.6596556,5.854964
2024,2023,Choco,2023-11-20,2,2023-12-04,6.385453,5.6221704
2024,2023,Choco,2023-11-20,3,2023-12-11,6.0402937,5.5580773
2024,2023,Choco,2023-11-20,4,2023-12-18,3.9693363,5.8041353
2024,2023,Choco,2023-11-27,1,2023-12-04,6.385453,6.3112717
2024,2023,Choco,2023-11-27,2,2023-12-11,6.0402937,5.9472823
2024,2023,Choco,2023-11-27,3,2023-12-18,3.9693363,5.886397
2024,2023,Choco,2023-11-27,4,2023-12-25,6.2128744,6.0124702
2024,2023,Cordoba,2023-04-17,1,2023-04-24,1.9549829,2.2335932
2024,2023,Cordoba,2023-04-17,2,2023-05-01,1.4405137,2.391533
2024,2023,Cordoba,2023-04-17,3,2023-05-08,2.9324746,2.3839962
2024,2023,Cordoba,2023-04-17,4,2023-05-15,1.903536,2.4901042
2024,2023,Cordoba,2023-04-24,1,2023-05-01,1.4405137,2.5313733
2024,2023,Cordoba,2023-04-24,2,2023-05-08,2.9324746,2.7261772
2024,2023,Cordoba,2023-04-24,3,2023-05-15,1.903536,2.7625802
2024,2023,Cordoba,2023-04-24,4,2023-05-22,2.1093237,2.898476
2024,2023,Cordoba,2023-05-01,1,2023-05-08,2.9324746,2.4282942
2024,2023,Cordoba,2023-05-01,2,2023-05-15,1.903536,2.5820262
2024,2023,Cordoba,2023-05-01,3,2023-05-22,2.1093237,2.6209762
2024,2023,Cordoba,2023-05-01,4,2023-05-29,1.5434076,2.7423654
2024,2023,Cordoba,2023-05-08,1,2023-05-15,1.903536,2.2226985
2024,2023,Cordoba,2023-05-08,2,2023-05-22,2.1093237,2.3928273
2024,2023,Cordoba,2023-05-08,3,2023-05-29,1.5434076,2.466167
2024,2023,Cordoba,2023-05-08,4,2023-06-05,3.086815,2.5719187
2024,2023,Cordoba,2023-05-15,1,2023-05-22,2.1093237,2.9004478
2024,2023,Cordoba,2023-05-15,2,2023-05-29,1.5434076,3.1511228
2024,2023,Cordoba,2023-05-15,3,2023-06-05,3.086815,3.2841005
2024,2023,Cordoba,2023-05-15,4,2023-06-12,2.520899,3.4782135
2024,2023,Cordoba,2023-05-22,1,2023-05-29,1.5434076,2.7261226
2024,2023,Cordoba,2023-05-22,2,2023-06-05,3.086815,2.9407833
2024,2023,Cordoba,2023-05-22,3,2023-06-12,2.520899,3.0356743
2024,2023,Cordoba,2023-05-22,4,2023-06-19,2.1607707,3.2792797
2024,2023,Cordoba,2023-05-29,1,2023-06-05,3.086815,2.7926774
2024,2023,Cordoba,2023-05-29,2,2023-06-12,2.520899,2.97899
2024,2023,Cordoba,2023-05-29,3,2023-06-19,2.1607707,3.0850725
2024,2023,Cordoba,2023-05-29,4,2023-06-26,3.652731,3.3192565
2024,2023,Cordoba,2023-06-05,1,2023-06-12,2.520899,2.757292
2024,2023,Cordoba,2023-06-05,2,2023-06-19,2.1607707,2.9449158
2024,2023,Cordoba,2023-06-05,3,2023-06-26,3.652731,3.0891895
2024,2023,Cordoba,2023-06-05,4,2023-07-03,2.8295808,3.2832227
2024,2023,Cordoba,2023-06-12,1,2023-06-19,2.1607707,3.5808396
2024,2023,Cordoba,2023-06-12,2,2023-06-26,3.652731,3.7024927
2024,2023,Cordoba,2023-06-12,3,2023-07-03,2.8295808,3.8777282
2024,2023,Cordoba,2023-06-12,4,2023-07-10,4.2186475,4.1559763
2024,2023,Cordoba,2023-06-19,1,2023-06-26,3.652731,3.7461576
2024,2023,Cordoba,2023-06-19,2,2023-07-03,2.8295808,3.8396673
2024,2023,Cordoba,2023-06-19,3,2023-07-10,4.2186475,3.9791107
2024,2023,Cordoba,2023-06-19,4,2023-07-17,3.9614127,4.2118616
2024,2023,Cordoba,2023-06-26,1,2023-07-03,2.8295808,3.535518
2024,2023,Cordoba,2023-06-26,2,2023-07-10,4.2186475,3.6566935
2024,2023,Cordoba,2023-06-26,3,2023-07-17,3.9614127,3.7499375
2024,2023,Cordoba,2023-06-26,4,2023-07-24,4.475882,3.9530656
2024,2023,Cordoba,2023-07-03,1,2023-07-10,4.2186475,4.2398853
2024,2023,Cordoba,2023-07-03,2,2023-07-17,3.9614127,4.30124
2024,2023,Cordoba,2023-07-03,3,2023-07-24,4.475882,4.3550887
2024,2023,Cordoba,2023-07-03,4,2023-07-31,4.630223,4.4986806
2024,2023,Cordoba,2023-07-10,1,2023-07-17,3.9614127,4.0213447
2024,2023,Cordoba,2023-07-10,2,2023-07-24,4.475882,4.0271225
2024,2023,Cordoba,2023-07-10,3,2023-07-31,4.630223,4.021242
2024,2023,Cordoba,2023-07-10,4,2023-08-07,3.858519,4.1130567
2024,2023,Cordoba,2023-07-17,1,2023-07-24,4.475882,4.767085
2024,2023,Cordoba,2023-07-17,2,2023-07-31,4.630223,4.716355
2024,2023,Cordoba,2023-07-17,3,2023-08-07,3.858519,4.667785
2024,2023,Cordoba,2023-07-17,4,2023-08-14,4.7845635,4.6772766
2024,2023,Cordoba,2023-07-24,1,2023-07-31,4.630223,5.0119677
2024,2023,Cordoba,2023-07-24,2,2023-08-07,3.858519,4.9748297
2024,2023,Cordoba,2023-07-24,3,2023-08-14,4.7845635,4.969848
2024,2023,Cordoba,2023-07-24,4,2023-08-21,5.093245,4.915676
2024,2023,Cordoba,2023-07-31,1,2023-08-07,3.858519,5.0782876
2024,2023,Cordoba,2023-07-31,2,2023-08-14,4.7845635,4.970324
2024,2023,Cordoba,2023-07-31,3,2023-08-21,5.093245,4.8967476
2024,2023,Cordoba,2023-07-31,4,2023-08-28,5.2475863,4.7662544
2024,2023,Cordoba,2023-08-07,1,2023-08-14,4.7845635,5.0889935
2024,2023,Cordoba,2023-08-07,2,2023-08-21,5.093245,4.9459224
2024,2023,Cordoba,2023-08-07,3,2023-08-28,5.2475863,4.85132
2024,2023,Cordoba,2023-08-07,4,2023-09-04,4.270094,4.6416783
2024,2023,Cordoba,2023-08-14,1,2023-08-21,5.093245,4.5097966
2024,2023,Cordoba,2023-08-14,2,2023-08-28,5.2475863,4.333895
2024,2023,Cordoba,2023-08-14,3,2023-09-04,4.270094,4.2650547
2024,2023,Cordoba,2023-08-14,4,2023-09-11,4.270094,4.122059
2024,2023,Cordoba,2023-08-21,1,2023-08-28,5.2475863,4.644622
2024,2023,Cordoba,2023-08-21,2,2023-09-04,4.270094,4.428605
2024,2023,Cordoba,2023-08-21,3,2023-09-11,4.270094,4.39906
2024,2023,Cordoba,2023-08-21,4,2023-09-18,4.9389043,4.237417
2024,2023,Cordoba,2023-08-28,1,2023-09-04,4.270094,5.1645346
2024,2023,Cordoba,2023-08-28,2,2023-09-11,4.270094,4.881715
2024,2023,Cordoba,2023-08-28,3,2023-09-18,4.9389043,4.8707833
2024,2023,Cordoba,2023-08-28,4,2023-09-25,3.4983907,4.677149
2024,2023,Cordoba,2023-09-04,1,2023-09-11,4.270094,5.4492264
2024,2023,Cordoba,2023-09-04,2,2023-09-18,4.9389043,5.194941
2024,2023,Cordoba,2023-09-04,3,2023-09-25,3.4983907,5.212774
2024,2023,Cordoba,2023-09-04,4,2023-10-02,4.2186475,5.055968
2024,2023,Cordoba,2023-09-11,1,2023-09-18,4.9389043,4.8685365
2024,2023,Cordoba,2023-09-11,2,2023-09-25,3.4983907,4.5984297
2024,2023,Cordoba,2023-09-11,3,2023-10-02,4.2186475,4.610721
2024,2023,Cordoba,2023-09-11,4,2023-10-09,5.144692,4.4849358
2024,2023,Cordoba,2023-09-18,1,2023-09-25,3.4983907,4.4133806
2024,2023,Cordoba,2023-09-18,2,2023-10-02,4.2186475,4.101552
2024,2023,Cordoba,2023-09-18,3,2023-10-09,5.144692,4.137661
2024,2023,Cordoba,2023-09-18,4,2023-10-16,3.3440495,4.0096636
2024,2023,Cordoba,2023-09-25,1,2023-10-02,4.2186475,4.8553357
2024,2023,Cordoba,2023-09-25,2,2023-10-09,5.144692,4.511864
2024,2023,Cordoba,2023-09-25,3,2023-10-16,3.3440495,4.5613217
2024,2023,Cordoba,2023-09-25,4,2023-10-23,4.7331166,4.428048
2024,2023,Cordoba,2023-10-02,1,2023-10-09,5.144692,4.223239
2024,2023,Cordoba,2023-10-02,2,2023-10-16,3.3440495,3.942318
2024,2023,Cordoba,2023-10-02,3,2023-10-23,4.7331166,3.956147
2024,2023,Cordoba,2023-10-02,4,2023-10-30,4.8360105,3.9309585
2024,2023,Cordoba,2023-10-09,1,2023-10-16,3.3440495,4.205649
2024,2023,Cordoba,2023-10-09,2,2023-10-23,4.7331166,3.9188948
2024,2023,Cordoba,2023-10-09,3,2023-10-30,4.8360105,3.9434865
2024,2023,Cordoba,2023-10-09,4,2023-11-06,3.807072,3.899073
2024,2023,Cordoba,2023-10-16,1,2023-10-23,4.7331166,4.6143394
2024,2023,Cordoba,2023-10-16,2,2023-10-30,4.8360105,4.388493
2024,2023,Cordoba,2023-10-16,3,2023-11-06,3.807072,4.425773
2024,2023,Cordoba,2023-10-16,4,2023-11-13,4.630223,4.3875055
2024,2023,Cordoba,2023-10-23,1,2023-10-30,4.8360105,4.1392903
2024,2023,Cordoba,2023-10-23,2,2023-11-06,3.807072,3.8533878
2024,2023,Cordoba,2023-10-23,3,2023-11-13,4.630223,3.8387046
2024,2023,Cordoba,2023-10-23,4,2023-11-20,5.350479,3.8611531
2024,2023,Cordoba,2023-10-30,1,2023-11-06,3.807072,4.3388495
2024,2023,Cordoba,2023-10-30,2,2023-11-13,4.630223,4.0853834
2024,2023,Cordoba,2023-10-30,3,2023-11-20,5.350479,4.1146855
2024,2023,Cordoba,2023-10-30,4,2023-11-27,5.041798,4.070248
2024,2023,Cordoba,2023-11-06,1,2023-11-13,4.630223,4.5265784
2024,2023,Cordoba,2023-11-06,2,2023-11-20,5.350479,4.2978916
2024,2023,Cordoba,2023-11-06,3,2023-11-27,5.041798,4.310868
2024,2023,Cordoba,2023-11-06,4,2023-12-04,4.475882,4.275694
2024,2023,Cordoba,2023-11-13,1,2023-11-20,5.350479,4.290598
2024,2023,Cordoba,2023-11-13,2,2023-11-27,5.041798,4.0552216
2024,2023,Cordoba,2023-11-13,3,2023-12-04,4.475882,4.0419703
2024,2023,Cordoba,2023-11-13,4,2023-12-11,5.8649487,4.098897
2024,2023,Cordoba,2023-11-20,1,2023-11-27,5.041798,4.4454083
2024,2023,Cordoba,2023-11-20,2,2023-12-04,4.475882,4.2195983
2024,2023,Cordoba,2023-11-20,3,2023-12-11,5.8649487,4.2248354
2024,2023,Cordoba,2023-11-20,4,2023-12-18,5.5562673,4.1765575
2024,2023,Cordoba,2023-11-27,1,2023-12-04,4.475882,4.978038
2024,2023,Cordoba,2023-11-27,2,2023-12-11,5.8649487,4.645667
2024,2023,Cordoba,2023-11-27,3,2023-12-18,5.5562673,4.6537614
2024,2023,Cordoba,2023-11-27,4,2023-12-25,4.3215413,4.5210595
2024,2023,Cundinamarca,2023-04-17,1,2023-04-24,1.8297273,3.0102189
2024,2023,Cundinamarca,2023-04-17,2,2023-05-01,1.6526569,3.0437913
2024,2023,Cundinamarca,2023-04-17,3,2023-05-08,2.21338,3.0464513
2024,2023,Cundinamarca,2023-04-17,4,2023-05-15,2.21338,3.0874314
2024,2023,Cundinamarca,2023-04-24,1,2023-05-01,1.6526569,3.2843769
2024,2023,Cundinamarca,2023-04-24,2,2023-05-08,2.21338,3.316216
2024,2023,Cundinamarca,2023-04-24,3,2023-05-15,2.21338,3.3626335
2024,2023,Cundinamarca,2023-04-24,4,2023-05-22,1.8002157,3.3720245
2024,2023,Cundinamarca,2023-05-01,1,2023-05-08,2.21338,2.8686967
2024,2023,Cundinamarca,2023-05-01,2,2023-05-15,2.21338,2.9337556
2024,2023,Cundinamarca,2023-05-01,3,2023-05-22,1.8002157,2.9669635
2024,2023,Cundinamarca,2023-05-01,4,2023-05-29,1.8592392,2.8459454
2024,2023,Cundinamarca,2023-05-08,1,2023-05-15,2.21338,2.5032866
2024,2023,Cundinamarca,2023-05-08,2,2023-05-22,1.8002157,2.5288541
2024,2023,Cundinamarca,2023-05-08,3,2023-05-29,1.8592392,2.534301
2024,2023,Cundinamarca,2023-05-08,4,2023-06-05,1.4460748,2.448213
2024,2023,Cundinamarca,2023-05-15,1,2023-05-22,1.8002157,2.3539948
2024,2023,Cundinamarca,2023-05-15,2,2023-05-29,1.8592392,2.3871317
2024,2023,Cundinamarca,2023-05-15,3,2023-06-05,1.4460748,2.4350502
2024,2023,Cundinamarca,2023-05-15,4,2023-06-12,1.4460748,2.3489537
2024,2023,Cundinamarca,2023-05-22,1,2023-05-29,1.8592392,2.1528993
2024,2023,Cundinamarca,2023-05-22,2,2023-06-05,1.4460748,2.1683574
2024,2023,Cundinamarca,2023-05-22,3,2023-06-12,1.4460748,2.1814375
2024,2023,Cundinamarca,2023-05-22,4,2023-06-19,1.0033989,2.115469
2024,2023,Cundinamarca,2023-05-29,1,2023-06-05,1.4460748,1.9280126
2024,2023,Cundinamarca,2023-05-29,2,2023-06-12,1.4460748,1.927984
2024,2023,Cundinamarca,2023-05-29,3,2023-06-19,1.0033989,1.8887442
2024,2023,Cundinamarca,2023-05-29,4,2023-06-26,1.6821687,1.851647
2024,2023,Cundinamarca,2023-06-05,1,2023-06-12,1.4460748,1.9968928
2024,2023,Cundinamarca,2023-06-05,2,2023-06-19,1.0033989,1.9854058
2024,2023,Cundinamarca,2023-06-05,3,2023-06-26,1.6821687,1.9652823
2024,2023,Cundinamarca,2023-06-05,4,2023-07-03,1.5050983,1.920658
2024,2023,Cundinamarca,2023-06-12,1,2023-06-19,1.0033989,1.8516369
2024,2023,Cundinamarca,2023-06-12,2,2023-06-26,1.6821687,1.8327574
2024,2023,Cundinamarca,2023-06-12,3,2023-07-03,1.5050983,1.8391947
2024,2023,Cundinamarca,2023-06-12,4,2023-07-10,2.0658212,1.8102852
2024,2023,Cundinamarca,2023-06-19,1,2023-06-26,1.6821687,1.687909
2024,2023,Cundinamarca,2023-06-19,2,2023-07-03,1.5050983,1.6889423
2024,2023,Cundinamarca,2023-06-19,3,2023-07-10,2.0658212,1.7050228
2024,2023,Cundinamarca,2023-06-19,4,2023-07-17,1.5050983,1.6465307
2024,2023,Cundinamarca,2023-06-26,1,2023-07-03,1.5050983,1.4017065
2024,2023,Cundinamarca,2023-06-26,2,2023-07-10,2.0658212,1.4002904
2024,2023,Cundinamarca,2023-06-26,3,2023-07-17,1.5050983,1.398273
2024,2023,Cundinamarca,2023-06-26,4,2023-07-24,1.7411922,1.3527596
2024,2023,Cundinamarca,2023-07-03,1,2023-07-10,2.0658212,1.4785887
2024,2023,Cundinamarca,2023-07-03,2,2023-07-17,1.5050983,1.4747111
2024,2023,Cundinamarca,2023-07-03,3,2023-07-24,1.7411922,1.4452704
2024,2023,Cundinamarca,2023-07-03,4,2023-07-31,1.7707038,1.4194885
2024,2023,Cundinamarca,2023-07-10,1,2023-07-17,1.5050983,1.4933597
2024,2023,Cundinamarca,2023-07-10,2,2023-07-24,1.7411922,1.4841081
2024,2023,Cundinamarca,2023-07-10,3,2023-07-31,1.7707038,1.4355408
2024,2023,Cundinamarca,2023-07-10,4,2023-08-07,1.6231452,1.4163129
2024,2023,Cundinamarca,2023-07-17,1,2023-07-24,1.7411922,1.7115862
2024,2023,Cundinamarca,2023-07-17,2,2023-07-31,1.7707038,1.7289017
2024,2023,Cundinamarca,2023-07-17,3,2023-08-07,1.6231452,1.678336
2024,2023,Cundinamarca,2023-07-17,4,2023-08-14,1.7116805,1.642107
2024,2023,Cundinamarca,2023-07-24,1,2023-07-31,1.7707038,1.6866289
2024,2023,Cundinamarca,2023-07-24,2,2023-08-07,1.6231452,1.7169944
2024,2023,Cundinamarca,2023-07-24,3,2023-08-14,1.7116805,1.6755619
2024,2023,Cundinamarca,2023-07-24,4,2023-08-21,1.3575397,1.6298561
2024,2023,Cundinamarca,2023-07-31,1,2023-08-07,1.6231452,1.7521443
2024,2023,Cundinamarca,2023-07-31,2,2023-08-14,1.7116805,1.7739347
2024,2023,Cundinamarca,2023-07-31,3,2023-08-21,1.3575397,1.7510344
2024,2023,Cundinamarca,2023-07-31,4,2023-08-28,1.6231452,1.6892412
2024,2023,Cundinamarca,2023-08-07,1,2023-08-14,1.7116805,1.8151995
2024,2023,Cundinamarca,2023-08-07,2,2023-08-21,1.3575397,1.8100002
2024,2023,Cundinamarca,2023-08-07,3,2023-08-28,1.6231452,1.7610266
2024,2023,Cundinamarca,2023-08-07,4,2023-09-04,1.9182625,1.6950715
2024,2023,Cundinamarca,2023-08-14,1,2023-08-21,1.3575397,1.7306801
2024,2023,Cundinamarca,2023-08-14,2,2023-08-28,1.6231452,1.7377701
2024,2023,Cundinamarca,2023-08-14,3,2023-09-04,1.9182625,1.6775016
2024,2023,Cundinamarca,2023-08-14,4,2023-09-11,1.6821687,1.6399807
2024,2023,Cundinamarca,2023-08-21,1,2023-08-28,1.6231452,1.7620271
2024,2023,Cundinamarca,2023-08-21,2,2023-09-04,1.9182625,1.7874552
2024,2023,Cundinamarca,2023-08-21,3,2023-09-11,1.6821687,1.742001
2024,2023,Cundinamarca,2023-08-21,4,2023-09-18,1.8002157,1.711781
2024,2023,Cundinamarca,2023-08-28,1,2023-09-04,1.9182625,1.6872977
2024,2023,Cundinamarca,2023-08-28,2,2023-09-11,1.6821687,1.7330111
2024,2023,Cundinamarca,2023-08-28,3,2023-09-18,1.8002157,1.665245
2024,2023,Cundinamarca,2023-08-28,4,2023-09-25,1.9477743,1.6151116
2024,2023,Cundinamarca,2023-09-04,1,2023-09-11,1.6821687,1.728323
2024,2023,Cundinamarca,2023-09-04,2,2023-09-18,1.8002157,1.7861288
2024,2023,Cundinamarca,2023-09-04,3,2023-09-25,1.9477743,1.7240387
2024,2023,Cundinamarca,2023-09-04,4,2023-10-02,2.1543565,1.6945636
2024,2023,Cundinamarca,2023-09-11,1,2023-09-18,1.8002157,1.9608757
2024,2023,Cundinamarca,2023-09-11,2,2023-09-25,1.9477743,2.0129495
2024,2023,Cundinamarca,2023-09-11,3,2023-10-02,2.1543565,1.973042
2024,2023,Cundinamarca,2023-09-11,4,2023-10-09,1.9477743,1.9242077
2024,2023,Cundinamarca,2023-09-18,1,2023-09-25,1.9477743,2.0335045
2024,2023,Cundinamarca,2023-09-18,2,2023-10-02,2.1543565,2.0814445
2024,2023,Cundinamarca,2023-09-18,3,2023-10-09,1.9477743,2.027815
2024,2023,Cundinamarca,2023-09-18,4,2023-10-16,2.508497,1.9721986
2024,2023,Cundinamarca,2023-09-25,1,2023-10-02,2.1543565,1.9863611
2024,2023,Cundinamarca,2023-09-25,2,2023-10-09,1.9477743,2.0502682
2024,2023,Cundinamarca,2023-09-25,3,2023-10-16,2.508497,1.988167
2024,2023,Cundinamarca,2023-09-25,4,2023-10-23,2.8921494,1.972335
2024,2023,Cundinamarca,2023-10-02,1,2023-10-09,1.9477743,2.0961235
2024,2023,Cundinamarca,2023-10-02,2,2023-10-16,2.508497,2.1633127
2024,2023,Cundinamarca,2023-10-02,3,2023-10-23,2.8921494,2.0952182
2024,2023,Cundinamarca,2023-10-02,4,2023-10-30,2.3609388,2.0875852
2024,2023,Cundinamarca,2023-10-09,1,2023-10-16,2.508497,2.2282012
2024,2023,Cundinamarca,2023-10-09,2,2023-10-23,2.8921494,2.3090665
2024,2023,Cundinamarca,2023-10-09,3,2023-10-30,2.3609388,2.257972
2024,2023,Cundinamarca,2023-10-09,4,2023-11-06,2.4494736,2.2635765
2024,2023,Cundinamarca,2023-10-16,1,2023-10-23,2.8921494,2.3236954
2024,2023,Cundinamarca,2023-10-16,2,2023-10-30,2.3609388,2.3891463
2024,2023,Cundinamarca,2023-10-16,3,2023-11-06,2.4494736,2.3566844
2024,2023,Cundinamarca,2023-10-16,4,2023-11-13,2.419962,2.363234
2024,2023,Cundinamarca,2023-10-23,1,2023-10-30,2.3609388,2.6250844
2024,2023,Cundinamarca,2023-10-23,2,2023-11-06,2.4494736,2.6900706
2024,2023,Cundinamarca,2023-10-23,3,2023-11-13,2.419962,2.708957
2024,2023,Cundinamarca,2023-10-23,4,2023-11-20,2.626544,2.7620513
2024,2023,Cundinamarca,2023-10-30,1,2023-11-06,2.4494736,3.0138469
2024,2023,Cundinamarca,2023-10-30,2,2023-11-13,2.419962,3.0937479
2024,2023,Cundinamarca,2023-10-30,3,2023-11-20,2.626544,3.1717284
2024,2023,Cundinamarca,2023-10-30,4,2023-11-27,2.9511733,3.1984293
2024,2023,Cundinamarca,2023-11-06,1,2023-11-13,2.419962,2.8725772
2024,2023,Cundinamarca,2023-11-06,2,2023-11-20,2.626544,2.941734
2024,2023,Cundinamarca,2023-11-06,3,2023-11-27,2.9511733,2.9920437
2024,2023,Cundinamarca,2023-11-06,4,2023-12-04,2.538009,3.0282154
2024,2023,Cundinamarca,2023-11-13,1,2023-11-20,2.626544,3.1212168
2024,2023,Cundinamarca,2023-11-13,2,2023-11-27,2.9511733,3.191264
2024,2023,Cundinamarca,2023-11-13,3,2023-12-04,2.538009,3.2760262
2024,2023,Cundinamarca,2023-11-13,4,2023-12-11,2.3904505,3.3380346
2024,2023,Cundinamarca,2023-11-20,1,2023-11-27,2.9511733,3.1095994
2024,2023,Cundinamarca,2023-11-20,2,2023-12-04,2.538009,3.221075
2024,2023,Cundinamarca,2023-11-20,3,2023-12-11,2.3904505,3.3443847
2024,2023,Cundinamarca,2023-11-20,4,2023-12-18,2.5675206,3.3555892
2024,2023,Cundinamarca,2023-11-27,1,2023-12-04,2.538009,3.258255
2024,2023,Cundinamarca,2023-11-27,2,2023-12-11,2.3904505,3.4051273
2024,2023,Cundinamarca,2023-11-27,3,2023-12-18,2.5675206,3.5455396
2024,2023,Cundinamarca,2023-11-27,4,2023-12-25,3.2167788,3.4819882
2024,2023,Guainia,2023-04-17,1,2023-04-24,15.873855,3.8235223
2024,2023,Guainia,2023-04-17,2,2023-05-01,3.5275235,3.8233402
2024,2023,Guainia,2023-04-17,3,2023-05-08,1.7637619,3.9410734
2024,2023,Guainia,2023-04-17,4,2023-05-15,8.8188095,3.9958813
2024,2023,Guainia,2023-04-24,1,2023-05-01,3.5275235,6.622703
2024,2023,Guainia,2023-04-24,2,2023-05-08,1.7637619,6.6835494
2024,2023,Guainia,2023-04-24,3,2023-05-15,8.8188095,6.487735
2024,2023,Guainia,2023-04-24,4,2023-05-22,1.7637619,6.294719
2024,2023,Guainia,2023-05-01,1,2023-05-08,1.7637619,9.294931
2024,2023,Guainia,2023-05-01,2,2023-05-15,8.8188095,9.604635
2024,2023,Guainia,2023-05-01,3,2023-05-22,1.7637619,9.0995865
2024,2023,Guainia,2023-05-01,4,2023-05-29,1.7637619,8.88152
2024,2023,Guainia,2023-05-08,1,2023-05-15,8.8188095,6.54265
2024,2023,Guainia,2023-05-08,2,2023-05-22,1.7637619,6.5002527
2024,2023,Guainia,2023-05-08,3,2023-05-29,1.7637619,6.210986
2024,2023,Guainia,2023-05-08,4,2023-06-05,0.0,6.325615
2024,2023,Guainia,2023-05-15,1,2023-05-22,1.7637619,4.0213428
2024,2023,Guainia,2023-05-15,2,2023-05-29,1.7637619,3.8600771
2024,2023,Guainia,2023-05-15,3,2023-06-05,0.0,3.6672366
2024,2023,Guainia,2023-05-15,4,2023-06-12,0.0,3.825307
2024,2023,Guainia,2023-05-22,1,2023-05-29,1.7637619,5.6659007
2024,2023,Guainia,2023-05-22,2,2023-06-05,0.0,5.4557967
2024,2023,Guainia,2023-05-22,3,2023-06-12,0.0,5.2237277
2024,2023,Guainia,2023-05-22,4,2023-06-19,3.5275235,4.95063
2024,2023,Guainia,2023-05-29,1,2023-06-05,0.0,3.9521174
2024,2023,Guainia,2023-05-29,2,2023-06-12,0.0,3.8176713
2024,2023,Guainia,2023-05-29,3,2023-06-19,3.5275235,3.5573912
2024,2023,Guainia,2023-05-29,4,2023-06-26,1.7637619,3.662252
2024,2023,Guainia,2023-06-05,1,2023-06-12,0.0,3.2309163
2024,2023,Guainia,2023-06-05,2,2023-06-19,3.5275235,3.1234226
2024,2023,Guainia,2023-06-05,3,2023-06-26,1.7637619,2.9410741
2024,2023,Guainia,2023-06-05,4,2023-07-03,1.7637619,3.0191123
2024,2023,Guainia,2023-06-12,1,2023-06-19,3.5275235,1.7205031
2024,2023,Guainia,2023-06-12,2,2023-06-26,1.7637619,1.7173607
2024,2023,Guainia,2023-06-12,3,2023-07-03,1.7637619,1.5698036
2024,2023,Guainia,2023-06-12,4,2023-07-10,5.291285,1.5382261
2024,2023,Guainia,2023-06-19,1,2023-06-26,1.7637619,1.2175221
2024,2023,Guainia,2023-06-19,2,2023-07-03,1.7637619,1.1219057
2024,2023,Guainia,2023-06-19,3,2023-07-10,5.291285,1.0843378
2024,2023,Guainia,2023-06-19,4,2023-07-17,1.7637619,1.0607334
2024,2023,Guainia,2023-06-26,1,2023-07-03,1.7637619,1.9434096
2024,2023,Guainia,2023-06-26,2,2023-07-10,5.291285,1.8424844
2024,2023,Guainia,2023-06-26,3,2023-07-17,1.7637619,1.6857023
2024,2023,Guainia,2023-06-26,4,2023-07-24,0.0,1.6649516
2024,2023,Guainia,2023-07-03,1,2023-07-10,5.291285,1.7022072
2024,2023,Guainia,2023-07-03,2,2023-07-17,1.7637619,1.5292037
2024,2023,Guainia,2023-07-03,3,2023-07-24,0.0,1.4549313
2024,2023,Guainia,2023-07-03,4,2023-07-31,0.0,1.3621957
2024,2023,Guainia,2023-07-10,1,2023-07-17,1.7637619,1.6081058
2024,2023,Guainia,2023-07-10,2,2023-07-24,0.0,1.4352207
2024,2023,Guainia,2023-07-10,3,2023-07-31,0.0,1.344261
2024,2023,Guainia,2023-07-10,4,2023-08-07,5.291285,1.2848771
2024,2023,Guainia,2023-07-17,1,2023-07-24,0.0,1.8896042
2024,2023,Guainia,2023-07-17,2,2023-07-31,0.0,1.6761662
2024,2023,Guainia,2023-07-17,3,2023-08-07,5.291285,1.466185
2024,2023,Guainia,2023-07-17,4,2023-08-14,1.7637619,1.4585934
2024,2023,Guainia,2023-07-24,1,2023-07-31,0.0,1.6825602
2024,2023,Guainia,2023-07-24,2,2023-08-07,5.291285,1.421935
2024,2023,Guainia,2023-07-24,3,2023-08-14,1.7637619,1.3463261
2024,2023,Guainia,2023-07-24,4,2023-08-21,3.5275235,1.1394236
2024,2023,Guainia,2023-07-31,1,2023-08-07,5.291285,1.0358754
2024,2023,Guainia,2023-07-31,2,2023-08-14,1.7637619,0.87997544
2024,2023,Guainia,2023-07-31,3,2023-08-21,3.5275235,0.88758034
2024,2023,Guainia,2023-07-31,4,2023-08-28,3.5275235,0.7101217
2024,2023,Guainia,2023-08-07,1,2023-08-14,1.7637619,0.81890315
2024,2023,Guainia,2023-08-07,2,2023-08-21,3.5275235,0.6656993
2024,2023,Guainia,2023-08-07,3,2023-08-28,3.5275235,0.6616087
2024,2023,Guainia,2023-08-07,4,2023-09-04,3.5275235,0.5439013
2024,2023,Guainia,2023-08-14,1,2023-08-21,3.5275235,1.1238039
2024,2023,Guainia,2023-08-14,2,2023-08-28,3.5275235,0.9567222
2024,2023,Guainia,2023-08-14,3,2023-09-04,3.5275235,0.904146
2024,2023,Guainia,2023-08-14,4,2023-09-11,3.5275235,0.7457749
2024,2023,Guainia,2023-08-21,1,2023-08-28,3.5275235,0.94859916
2024,2023,Guainia,2023-08-21,2,2023-09-04,3.5275235,0.7721329
2024,2023,Guainia,2023-08-21,3,2023-09-11,3.5275235,0.77323025
2024,2023,Guainia,2023-08-21,4,2023-09-18,3.5275235,0.6924989
2024,2023,Guainia,2023-08-28,1,2023-09-04,3.5275235,0.941797
2024,2023,Guainia,2023-08-28,2,2023-09-11,3.5275235,0.8129999
2024,2023,Guainia,2023-08-28,3,2023-09-18,3.5275235,0.8199349
2024,2023,Guainia,2023-08-28,4,2023-09-25,3.5275235,0.73523796
2024,2023,Guainia,2023-09-04,1,2023-09-11,3.5275235,1.1160568
2024,2023,Guainia,2023-09-04,2,2023-09-18,3.5275235,1.0024499
2024,2023,Guainia,2023-09-04,3,2023-09-25,3.5275235,1.0166188
2024,2023,Guainia,2023-09-04,4,2023-10-02,0.0,0.89947534
2024,2023,Guainia,2023-09-11,1,2023-09-18,3.5275235,1.1803609
2024,2023,Guainia,2023-09-11,2,2023-09-25,3.5275235,1.1072547
2024,2023,Guainia,2023-09-11,3,2023-10-02,0.0,1.1531763
2024,2023,Guainia,2023-09-11,4,2023-10-09,1.7637619,0.9982047
2024,2023,Guainia,2023-09-18,1,2023-09-25,3.5275235,1.1106937
2024,2023,Guainia,2023-09-18,2,2023-10-02,0.0,1.0727218
2024,2023,Guainia,2023-09-18,3,2023-10-09,1.7637619,1.1407562
2024,2023,Guainia,2023-09-18,4,2023-10-16,1.7637619,1.0660646
2024,2023,Guainia,2023-09-25,1,2023-10-02,0.0,1.1642113
2024,2023,Guainia,2023-09-25,2,2023-10-09,1.7637619,1.1086179
2024,2023,Guainia,2023-09-25,3,2023-10-16,1.7637619,1.1837902
2024,2023,Guainia,2023-09-25,4,2023-10-23,0.0,1.1329848
2024,2023,Guainia,2023-10-02,1,2023-10-09,1.7637619,1.4529413
2024,2023,Guainia,2023-10-02,2,2023-10-16,1.7637619,1.3711045
2024,2023,Guainia,2023-10-02,3,2023-10-23,0.0,1.4408168
2024,2023,Guainia,2023-10-02,4,2023-10-30,3.5275235,1.3473257
2024,2023,Guainia,2023-10-09,1,2023-10-16,1.7637619,1.0973777
2024,2023,Guainia,2023-10-09,2,2023-10-23,0.0,1.030119
2024,2023,Guainia,2023-10-09,3,2023-10-30,3.5275235,1.0959253
2024,2023,Guainia,2023-10-09,4,2023-11-06,5.291285,1.1099552
2024,2023,Guainia,2023-10-16,1,2023-10-23,0.0,1.0959568
2024,2023,Guainia,2023-10-16,2,2023-10-30,3.5275235,1.0515459
2024,2023,Guainia,2023-10-16,3,2023-11-06,5.291285,1.115907
2024,2023,Guainia,2023-10-16,4,2023-11-13,0.0,1.1483614
2024,2023,Guainia,2023-10-23,1,2023-10-30,3.5275235,1.1360247
2024,2023,Guainia,2023-10-23,2,2023-11-06,5.291285,1.0896207
2024,2023,Guainia,2023-10-23,3,2023-11-13,0.0,1.1560019
2024,2023,Guainia,2023-10-23,4,2023-11-20,0.0,1.2345164
2024,2023,Guainia,2023-10-30,1,2023-11-06,5.291285,1.0454867
2024,2023,Guainia,2023-10-30,2,2023-11-13,0.0,0.97849804
2024,2023,Guainia,2023-10-30,3,2023-11-20,0.0,0.9807893
2024,2023,Guainia,2023-10-30,4,2023-11-27,3.5275235,1.1326995
2024,2023,Guainia,2023-11-06,1,2023-11-13,0.0,1.4719015
2024,2023,Guainia,2023-11-06,2,2023-11-20,0.0,1.432543
2024,2023,Guainia,2023-11-06,3,2023-11-27,3.5275235,1.504368
2024,2023,Guainia,2023-11-06,4,2023-12-04,1.7637619,1.5584426
2024,2023,Guainia,2023-11-13,1,2023-11-20,0.0,2.025964
2024,2023,Guainia,2023-11-13,2,2023-11-27,3.5275235,2.0286648
2024,2023,Guainia,2023-11-13,3,2023-12-04,1.7637619,2.1384392
2024,2023,Guainia,2023-11-13,4,2023-12-11,0.0,2.2298093
2024,2023,Guainia,2023-11-20,1,2023-11-27,3.5275235,1.7069061
2024,2023,Guainia,2023-11-20,2,2023-12-04,1.7637619,1.7249488
2024,2023,Guainia,2023-11-20,3,2023-12-11,0.0,1.810164
2024,2023,Guainia,2023-11-20,4,2023-12-18,0.0,1.9716913
2024,2023,Guainia,2023-11-27,1,2023-12-04,1.7637619,1.5263636
2024,2023,Guainia,2023-11-27,2,2023-12-11,0.0,1.5956876
2024,2023,Guainia,2023-11-27,3,2023-12-18,0.0,1.7182609
2024,2023,Guainia,2023-11-27,4,2023-12-25,3.5275235,1.8024598
2024,2023,Guajira,2023-04-17,1,2023-04-24,3.5022388,2.902563
2024,2023,Guajira,2023-04-17,2,2023-05-01,4.0859447,2.9230044
2024,2023,Guajira,2023-04-17,3,2023-05-08,3.5995228,2.992892
2024,2023,Guajira,2023-04-17,4,2023-05-15,3.1131008,3.087473
2024,2023,Guajira,2023-04-24,1,2023-05-01,4.0859447,3.508972
2024,2023,Guajira,2023-04-24,2,2023-05-08,3.5995228,3.492063
2024,2023,Guajira,2023-04-24,3,2023-05-15,3.1131008,3.5725951
2024,2023,Guajira,2023-04-24,4,2023-05-22,3.5995228,3.735648
2024,2023,Guajira,2023-05-01,1,2023-05-08,3.5995228,3.7860482
2024,2023,Guajira,2023-05-01,2,2023-05-15,3.1131008,3.7132883
2024,2023,Guajira,2023-05-01,3,2023-05-22,3.5995228,3.686174
2024,2023,Guajira,2023-05-01,4,2023-05-29,4.1832294,3.9102988
2024,2023,Guajira,2023-05-08,1,2023-05-15,3.1131008,4.118845
2024,2023,Guajira,2023-05-08,2,2023-05-22,3.5995228,4.07343
2024,2023,Guajira,2023-05-08,3,2023-05-29,4.1832294,4.107761
2024,2023,Guajira,2023-05-08,4,2023-06-05,4.280514,4.310764
2024,2023,Guajira,2023-05-15,1,2023-05-22,3.5995228,4.133968
2024,2023,Guajira,2023-05-15,2,2023-05-29,4.1832294,4.090327
2024,2023,Guajira,2023-05-15,3,2023-06-05,4.280514,4.211357
2024,2023,Guajira,2023-05-15,4,2023-06-12,3.8913758,4.357882
2024,2023,Guajira,2023-05-22,1,2023-05-29,4.1832294,3.6618428
2024,2023,Guajira,2023-05-22,2,2023-06-05,4.280514,3.6812074
2024,2023,Guajira,2023-05-22,3,2023-06-12,3.8913758,3.816547
2024,2023,Guajira,2023-05-22,4,2023-06-19,5.253358,3.9439673
2024,2023,Guajira,2023-05-29,1,2023-06-05,4.280514,3.9337008
2024,2023,Guajira,2023-05-29,2,2023-06-12,3.8913758,3.9794753
2024,2023,Guajira,2023-05-29,3,2023-06-19,5.253358,4.1906705
2024,2023,Guajira,2023-05-29,4,2023-06-26,4.280514,4.2794538
2024,2023,Guajira,2023-06-05,1,2023-06-12,3.8913758,4.618718
2024,2023,Guajira,2023-06-05,2,2023-06-19,5.253358,4.690886
2024,2023,Guajira,2023-06-05,3,2023-06-26,4.280514,4.968624
2024,2023,Guajira,2023-06-05,4,2023-07-03,3.7940917,5.0737276
2024,2023,Guajira,2023-06-12,1,2023-06-19,5.253358,5.3507714
2024,2023,Guajira,2023-06-12,2,2023-06-26,4.280514,5.3678207
2024,2023,Guajira,2023-06-12,3,2023-07-03,3.7940917,5.6682057
2024,2023,Guajira,2023-06-12,4,2023-07-10,6.128917,5.7139673
2024,2023,Guajira,2023-06-19,1,2023-06-26,4.280514,5.415861
2024,2023,Guajira,2023-06-19,2,2023-07-03,3.7940917,5.289038
2024,2023,Guajira,2023-06-19,3,2023-07-10,6.128917,5.5527754
2024,2023,Guajira,2023-06-19,4,2023-07-17,4.280514,5.5776315
2024,2023,Guajira,2023-06-26,1,2023-07-03,3.7940917,5.875396
2024,2023,Guajira,2023-06-26,2,2023-07-10,6.128917,5.8604207
2024,2023,Guajira,2023-06-26,3,2023-07-17,4.280514,6.1433773
2024,2023,Guajira,2023-06-26,4,2023-07-24,5.253358,6.145804
2024,2023,Guajira,2023-07-03,1,2023-07-10,6.128917,5.750142
2024,2023,Guajira,2023-07-03,2,2023-07-17,4.280514,5.771766
2024,2023,Guajira,2023-07-03,3,2023-07-24,5.253358,6.102908
2024,2023,Guajira,2023-07-03,4,2023-07-31,4.4750824,6.047112
2024,2023,Guajira,2023-07-10,1,2023-07-17,4.280514,5.096059
2024,2023,Guajira,2023-07-10,2,2023-07-24,5.253358,5.1879673
2024,2023,Guajira,2023-07-10,3,2023-07-31,4.4750824,5.3261
2024,2023,Guajira,2023-07-10,4,2023-08-07,5.837064,5.2065725
2024,2023,Guajira,2023-07-17,1,2023-07-24,5.253358,6.252954
2024,2023,Guajira,2023-07-17,2,2023-07-31,4.4750824,6.4272423
2024,2023,Guajira,2023-07-17,3,2023-08-07,5.837064,6.6360455
2024,2023,Guajira,2023-07-17,4,2023-08-14,5.253358,6.4731636
2024,2023,Guajira,2023-07-24,1,2023-07-31,4.4750824,5.6431756
2024,2023,Guajira,2023-07-24,2,2023-08-07,5.837064,5.829586
2024,2023,Guajira,2023-07-24,3,2023-08-14,5.253358,6.0106444
2024,2023,Guajira,2023-07-24,4,2023-08-21,4.280514,5.874006
2024,2023,Guajira,2023-07-31,1,2023-08-07,5.837064,5.7789826
2024,2023,Guajira,2023-07-31,2,2023-08-14,5.253358,6.0448937
2024,2023,Guajira,2023-07-31,3,2023-08-21,4.280514,6.192074
2024,2023,Guajira,2023-07-31,4,2023-08-28,3.210385,5.986843
2024,2023,Guajira,2023-08-07,1,2023-08-14,5.253358,5.4007354
2024,2023,Guajira,2023-08-07,2,2023-08-21,4.280514,5.6289015
2024,2023,Guajira,2023-08-07,3,2023-08-28,3.210385,5.7655854
2024,2023,Guajira,2023-08-07,4,2023-09-04,4.86422,5.528644
2024,2023,Guajira,2023-08-14,1,2023-08-21,4.280514,5.9608603
2024,2023,Guajira,2023-08-14,2,2023-08-28,3.210385,6.257681
2024,2023,Guajira,2023-08-14,3,2023-09-04,4.86422,6.3660493
2024,2023,Guajira,2023-08-14,4,2023-09-11,3.3076699,6.1622334
2024,2023,Guajira,2023-08-21,1,2023-08-28,3.210385,5.7392616
2024,2023,Guajira,2023-08-21,2,2023-09-04,4.86422,6.0488467
2024,2023,Guajira,2023-08-21,3,2023-09-11,3.3076699,6.305844
2024,2023,Guajira,2023-08-21,4,2023-09-18,3.0158165,6.24083
2024,2023,Guajira,2023-08-28,1,2023-09-04,4.86422,5.3301325
2024,2023,Guajira,2023-08-28,2,2023-09-11,3.3076699,5.673339
2024,2023,Guajira,2023-08-28,3,2023-09-18,3.0158165,5.9216843
2024,2023,Guajira,2023-08-28,4,2023-09-25,4.0859447,5.8741927
2024,2023,Guajira,2023-09-04,1,2023-09-11,3.3076699,4.7513895
2024,2023,Guajira,2023-09-04,2,2023-09-18,3.0158165,5.008133
2024,2023,Guajira,2023-09-04,3,2023-09-25,4.0859447,5.259034
2024,2023,Guajira,2023-09-04,4,2023-10-02,3.0158165,5.2284694
2024,2023,Guajira,2023-09-11,1,2023-09-18,3.0158165,5.479419
2024,2023,Guajira,2023-09-11,2,2023-09-25,4.0859447,5.7996454
2024,2023,Guajira,2023-09-11,3,2023-10-02,3.0158165,6.129733
2024,2023,Guajira,2023-09-11,4,2023-10-09,3.8913758,6.098069
2024,2023,Guajira,2023-09-18,1,2023-09-25,4.0859447,4.837222
2024,2023,Guajira,2023-09-18,2,2023-10-02,3.0158165,5.064528
2024,2023,Guajira,2023-09-18,3,2023-10-09,3.8913758,5.343994
2024,2023,Guajira,2023-09-18,4,2023-10-16,5.0587893,5.3305516
2024,2023,Guajira,2023-09-25,1,2023-10-02,3.0158165,4.4040933
2024,2023,Guajira,2023-09-25,2,2023-10-09,3.8913758,4.6338487
2024,2023,Guajira,2023-09-25,3,2023-10-16,5.0587893,4.8360167
2024,2023,Guajira,2023-09-25,4,2023-10-23,3.8913758,4.903592
2024,2023,Guajira,2023-10-02,1,2023-10-09,3.8913758,4.8122683
2024,2023,Guajira,2023-10-02,2,2023-10-16,5.0587893,5.074791
2024,2023,Guajira,2023-10-02,3,2023-10-23,3.8913758,5.324218
2024,2023,Guajira,2023-10-02,4,2023-10-30,4.86422,5.455248
2024,2023,Guajira,2023-10-09,1,2023-10-16,5.0587893,4.374522
2024,2023,Guajira,2023-10-09,2,2023-10-23,3.8913758,4.649536
2024,2023,Guajira,2023-10-09,3,2023-10-30,4.86422,4.87806
2024,2023,Guajira,2023-10-09,4,2023-11-06,5.0587893,4.9678626
2024,2023,Guajira,2023-10-16,1,2023-10-23,3.8913758,4.5572686
2024,2023,Guajira,2023-10-16,2,2023-10-30,4.86422,4.829946
2024,2023,Guajira,2023-10-16,3,2023-11-06,5.0587893,5.1263356
2024,2023,Guajira,2023-10-16,4,2023-11-13,5.350642,5.2621646
2024,2023,Guajira,2023-10-23,1,2023-10-30,4.86422,5.7835236
2024,2023,Guajira,2023-10-23,2,2023-11-06,5.0587893,6.1613865
2024,2023,Guajira,2023-10-23,3,2023-11-13,5.350642,6.674366
2024,2023,Guajira,2023-10-23,4,2023-11-20,6.128917,6.810031
2024,2023,Guajira,2023-10-30,1,2023-11-06,5.0587893,5.757817
2024,2023,Guajira,2023-10-30,2,2023-11-13,5.350642,6.007324
2024,2023,Guajira,2023-10-30,3,2023-11-20,6.128917,6.476821
2024,2023,Guajira,2023-10-30,4,2023-11-27,6.226202,6.6318626
2024,2023,Guajira,2023-11-06,1,2023-11-13,5.350642,6.2284904
2024,2023,Guajira,2023-11-06,2,2023-11-20,6.128917,6.4127007
2024,2023,Guajira,2023-11-06,3,2023-11-27,6.226202,6.764416
2024,2023,Guajira,2023-11-06,4,2023-12-04,6.8099084,6.800929
2024,2023,Guajira,2023-11-13,1,2023-11-20,6.128917,7.036546
2024,2023,Guajira,2023-11-13,2,2023-11-27,6.226202,7.0569663
2024,2023,Guajira,2023-11-13,3,2023-12-04,6.8099084,7.4390235
2024,2023,Guajira,2023-11-13,4,2023-12-11,7.101762,7.5374703
2024,2023,Guajira,2023-11-20,1,2023-11-27,6.226202,7.4155216
2024,2023,Guajira,2023-11-20,2,2023-12-04,6.8099084,7.406227
2024,2023,Guajira,2023-11-20,3,2023-12-11,7.101762,7.7143917
2024,2023,Guajira,2023-11-20,4,2023-12-18,6.615339,7.8167634
2024,2023,Guajira,2023-11-27,1,2023-12-04,6.8099084,8.084693
2024,2023,Guajira,2023-11-27,2,2023-12-11,7.101762,7.835294
2024,2023,Guajira,2023-11-27,3,2023-12-18,6.615339,7.8718705
2024,2023,Guajira,2023-11-27,4,2023-12-25,6.128917,7.710212
2024,2023,Guaviare,2023-04-17,1,2023-04-24,15.417823,23.603495
2024,2023,Guaviare,2023-04-17,2,2023-05-01,30.835644,22.701511
2024,2023,Guaviare,2023-04-17,3,2023-05-08,21.347757,21.501616
2024,2023,Guaviare,2023-04-17,4,2023-05-15,21.347757,18.334806
2024,2023,Guaviare,2023-04-24,1,2023-05-01,30.835644,18.364294
2024,2023,Guaviare,2023-04-24,2,2023-05-08,21.347757,17.76415
2024,2023,Guaviare,2023-04-24,3,2023-05-15,21.347757,17.009888
2024,2023,Guaviare,2023-04-24,4,2023-05-22,27.277685,14.627955
2024,2023,Guaviare,2023-05-01,1,2023-05-08,21.347757,14.287704
2024,2023,Guaviare,2023-05-01,2,2023-05-15,21.347757,14.012551
2024,2023,Guaviare,2023-05-01,3,2023-05-22,27.277685,12.789712
2024,2023,Guaviare,2023-05-01,4,2023-05-29,22.53374,11.7474985
2024,2023,Guaviare,2023-05-08,1,2023-05-15,21.347757,24.489885
2024,2023,Guaviare,2023-05-08,2,2023-05-22,27.277685,24.743382
2024,2023,Guaviare,2023-05-08,3,2023-05-29,22.53374,24.144608
2024,2023,Guaviare,2023-05-08,4,2023-06-05,24.905716,20.449907
2024,2023,Guaviare,2023-05-15,1,2023-05-22,27.277685,19.60602
2024,2023,Guaviare,2023-05-15,2,2023-05-29,22.53374,20.531061
2024,2023,Guaviare,2023-05-15,3,2023-06-05,24.905716,19.035595
2024,2023,Guaviare,2023-05-15,4,2023-06-12,22.53374,16.773676
2024,2023,Guaviare,2023-05-22,1,2023-05-29,22.53374,18.029766
2024,2023,Guaviare,2023-05-22,2,2023-06-05,24.905716,19.313826
2024,2023,Guaviare,2023-05-22,3,2023-06-12,22.53374,17.793652
2024,2023,Guaviare,2023-05-22,4,2023-06-19,15.417823,16.498646
2024,2023,Guaviare,2023-05-29,1,2023-06-05,24.905716,22.063166
2024,2023,Guaviare,2023-05-29,2,2023-06-12,22.53374,22.394615
2024,2023,Guaviare,2023-05-29,3,2023-06-19,15.417823,21.209898
2024,2023,Guaviare,2023-05-29,4,2023-06-26,14.231836,19.281597
2024,2023,Guaviare,2023-06-05,1,2023-06-12,22.53374,23.754711
2024,2023,Guaviare,2023-06-05,2,2023-06-19,15.417823,24.555494
2024,2023,Guaviare,2023-06-05,3,2023-06-26,14.231836,23.180279
2024,2023,Guaviare,2023-06-05,4,2023-07-03,14.231836,21.154705
2024,2023,Guaviare,2023-06-12,1,2023-06-19,15.417823,26.442968
2024,2023,Guaviare,2023-06-12,2,2023-06-26,14.231836,27.0026
2024,2023,Guaviare,2023-06-12,3,2023-07-03,14.231836,25.294552
2024,2023,Guaviare,2023-06-12,4,2023-07-10,10.673877,22.200102
2024,2023,Guaviare,2023-06-19,1,2023-06-26,14.231836,25.778788
2024,2023,Guaviare,2023-06-19,2,2023-07-03,14.231836,25.066366
2024,2023,Guaviare,2023-06-19,3,2023-07-10,10.673877,23.852844
2024,2023,Guaviare,2023-06-19,4,2023-07-17,13.045852,20.311941
2024,2023,Guaviare,2023-06-26,1,2023-07-03,14.231836,21.297632
2024,2023,Guaviare,2023-06-26,2,2023-07-10,10.673877,20.542564
2024,2023,Guaviare,2023-06-26,3,2023-07-17,13.045852,19.05878
2024,2023,Guaviare,2023-06-26,4,2023-07-24,15.417823,15.9921665
2024,2023,Guaviare,2023-07-03,1,2023-07-10,10.673877,14.5355015
2024,2023,Guaviare,2023-07-03,2,2023-07-17,13.045852,13.978687
2024,2023,Guaviare,2023-07-03,3,2023-07-24,15.417823,12.287959
2024,2023,Guaviare,2023-07-03,4,2023-07-31,8.301904,10.446681
2024,2023,Guaviare,2023-07-10,1,2023-07-17,13.045852,13.146284
2024,2023,Guaviare,2023-07-10,2,2023-07-24,15.417823,12.414861
2024,2023,Guaviare,2023-07-10,3,2023-07-31,8.301904,10.8973675
2024,2023,Guaviare,2023-07-10,4,2023-08-07,9.487891,8.940751
2024,2023,Guaviare,2023-07-17,1,2023-07-24,15.417823,9.786877
2024,2023,Guaviare,2023-07-17,2,2023-07-31,8.301904,8.944646
2024,2023,Guaviare,2023-07-17,3,2023-08-07,9.487891,7.599502
2024,2023,Guaviare,2023-07-17,4,2023-08-14,5.929932,6.427159
2024,2023,Guaviare,2023-07-24,1,2023-07-31,8.301904,7.495755
2024,2023,Guaviare,2023-07-24,2,2023-08-07,9.487891,7.139945
2024,2023,Guaviare,2023-07-24,3,2023-08-14,5.929932,5.8167377
2024,2023,Guaviare,2023-07-24,4,2023-08-21,9.487891,4.914931
2024,2023,Guaviare,2023-07-31,1,2023-08-07,9.487891,10.019115
2024,2023,Guaviare,2023-07-31,2,2023-08-14,5.929932,9.313047
2024,2023,Guaviare,2023-07-31,3,2023-08-21,9.487891,7.752417
2024,2023,Guaviare,2023-07-31,4,2023-08-28,9.487891,6.3390656
2024,2023,Guaviare,2023-08-07,1,2023-08-14,5.929932,8.061341
2024,2023,Guaviare,2023-08-07,2,2023-08-21,9.487891,7.731437
2024,2023,Guaviare,2023-08-07,3,2023-08-28,9.487891,6.7036805
2024,2023,Guaviare,2023-08-07,4,2023-09-04,5.929932,5.7974987
2024,2023,Guaviare,2023-08-14,1,2023-08-21,9.487891,7.5017715
2024,2023,Guaviare,2023-08-14,2,2023-08-28,9.487891,7.4915047
2024,2023,Guaviare,2023-08-14,3,2023-09-04,5.929932,6.4681215
2024,2023,Guaviare,2023-08-14,4,2023-09-11,8.301904,5.809856
2024,2023,Guaviare,2023-08-21,1,2023-08-28,9.487891,6.237299
2024,2023,Guaviare,2023-08-21,2,2023-09-04,5.929932,6.1074414
2024,2023,Guaviare,2023-08-21,3,2023-09-11,8.301904,5.6336594
2024,2023,Guaviare,2023-08-21,4,2023-09-18,8.301904,4.968232
2024,2023,Guaviare,2023-08-28,1,2023-09-04,5.929932,5.966768
2024,2023,Guaviare,2023-08-28,2,2023-09-11,8.301904,5.969784
2024,2023,Guaviare,2023-08-28,3,2023-09-18,8.301904,5.287987
2024,2023,Guaviare,2023-08-28,4,2023-09-25,4.743945,4.802208
2024,2023,Guaviare,2023-09-04,1,2023-09-11,8.301904,6.4320016
2024,2023,Guaviare,2023-09-04,2,2023-09-18,8.301904,6.511745
2024,2023,Guaviare,2023-09-04,3,2023-09-25,4.743945,6.022333
2024,2023,Guaviare,2023-09-04,4,2023-10-02,9.487891,5.5133996
2024,2023,Guaviare,2023-09-11,1,2023-09-18,8.301904,5.3651705
2024,2023,Guaviare,2023-09-11,2,2023-09-25,4.743945,5.5729804
2024,2023,Guaviare,2023-09-11,3,2023-10-02,9.487891,5.1393375
2024,2023,Guaviare,2023-09-11,4,2023-10-09,9.487891,4.734226
2024,2023,Guaviare,2023-09-18,1,2023-09-25,4.743945,5.043865
2024,2023,Guaviare,2023-09-18,2,2023-10-02,9.487891,5.1481767
2024,2023,Guaviare,2023-09-18,3,2023-10-09,9.487891,4.7118635
2024,2023,Guaviare,2023-09-18,4,2023-10-16,5.929932,4.310878
2024,2023,Guaviare,2023-09-25,1,2023-10-02,9.487891,4.6663337
2024,2023,Guaviare,2023-09-25,2,2023-10-09,9.487891,4.695255
2024,2023,Guaviare,2023-09-25,3,2023-10-16,5.929932,4.391417
2024,2023,Guaviare,2023-09-25,4,2023-10-23,3.5579593,4.2574034
2024,2023,Guaviare,2023-10-02,1,2023-10-09,9.487891,3.5032287
2024,2023,Guaviare,2023-10-02,2,2023-10-16,5.929932,3.8099213
2024,2023,Guaviare,2023-10-02,3,2023-10-23,3.5579593,3.566393
2024,2023,Guaviare,2023-10-02,4,2023-10-30,9.487891,3.7705307
2024,2023,Guaviare,2023-10-09,1,2023-10-16,5.929932,3.640203
2024,2023,Guaviare,2023-10-09,2,2023-10-23,3.5579593,3.8102505
2024,2023,Guaviare,2023-10-09,3,2023-10-30,9.487891,3.40678
2024,2023,Guaviare,2023-10-09,4,2023-11-06,4.743945,3.6570804
2024,2023,Guaviare,2023-10-16,1,2023-10-23,3.5579593,3.6687207
2024,2023,Guaviare,2023-10-16,2,2023-10-30,9.487891,3.7764122
2024,2023,Guaviare,2023-10-16,3,2023-11-06,4.743945,3.4324803
2024,2023,Guaviare,2023-10-16,4,2023-11-13,3.5579593,3.6789541
2024,2023,Guaviare,2023-10-23,1,2023-10-30,9.487891,3.093642
2024,2023,Guaviare,2023-10-23,2,2023-11-06,4.743945,3.2073903
2024,2023,Guaviare,2023-10-23,3,2023-11-13,3.5579593,2.866397
2024,2023,Guaviare,2023-10-23,4,2023-11-20,5.929932,3.1359265
2024,2023,Guaviare,2023-10-30,1,2023-11-06,4.743945,2.5999627
2024,2023,Guaviare,2023-10-30,2,2023-11-13,3.5579593,2.7149587
2024,2023,Guaviare,2023-10-30,3,2023-11-20,5.929932,2.5312283
2024,2023,Guaviare,2023-10-30,4,2023-11-27,21.347757,2.7979581
2024,2023,Guaviare,2023-11-06,1,2023-11-13,3.5579593,3.0694203
2024,2023,Guaviare,2023-11-06,2,2023-11-20,5.929932,3.1539938
2024,2023,Guaviare,2023-11-06,3,2023-11-27,21.347757,2.981044
2024,2023,Guaviare,2023-11-06,4,2023-12-04,14.231836,3.2758765
2024,2023,Guaviare,2023-11-13,1,2023-11-20,5.929932,2.8160286
2024,2023,Guaviare,2023-11-13,2,2023-11-27,21.347757,2.9737086
2024,2023,Guaviare,2023-11-13,3,2023-12-04,14.231836,2.8642216
2024,2023,Guaviare,2023-11-13,4,2023-12-11,7.115917,3.183678
2024,2023,Guaviare,2023-11-20,1,2023-11-27,21.347757,2.7210977
2024,2023,Guaviare,2023-11-20,2,2023-12-04,14.231836,2.9583771
2024,2023,Guaviare,2023-11-20,3,2023-12-11,7.115917,2.8480043
2024,2023,Guaviare,2023-11-20,4,2023-12-18,4.743945,3.2393506
2024,2023,Guaviare,2023-11-27,1,2023-12-04,14.231836,3.1405597
2024,2023,Guaviare,2023-11-27,2,2023-12-11,7.115917,3.5078418
2024,2023,Guaviare,2023-11-27,3,2023-12-18,4.743945,3.550285
2024,2023,Guaviare,2023-11-27,4,2023-12-25,8.301904,3.9022253
2024,2023,Huila,2023-04-17,1,2023-04-24,4.661483,3.9964466
2024,2023,Huila,2023-04-17,2,2023-05-01,4.322466,4.0296464
2024,2023,Huila,2023-04-17,3,2023-05-08,5.509026,4.0910797
2024,2023,Huila,2023-04-17,4,2023-05-15,3.3901696,4.206301
2024,2023,Huila,2023-04-24,1,2023-05-01,4.322466,4.1068
2024,2023,Huila,2023-04-24,2,2023-05-08,5.509026,4.1051965
2024,2023,Huila,2023-04-24,3,2023-05-15,3.3901696,4.171742
2024,2023,Huila,2023-04-24,4,2023-05-22,3.7291863,4.2175164
2024,2023,Huila,2023-05-01,1,2023-05-08,5.509026,4.637652
2024,2023,Huila,2023-05-01,2,2023-05-15,3.3901696,4.612114
2024,2023,Huila,2023-05-01,3,2023-05-22,3.7291863,4.61486
2024,2023,Huila,2023-05-01,4,2023-05-29,7.2888646,4.496208
2024,2023,Huila,2023-05-08,1,2023-05-15,3.3901696,4.7555904
2024,2023,Huila,2023-05-08,2,2023-05-22,3.7291863,4.725237
2024,2023,Huila,2023-05-08,3,2023-05-29,7.2888646,4.7264986
2024,2023,Huila,2023-05-08,4,2023-06-05,4.1529574,4.578284
2024,2023,Huila,2023-05-15,1,2023-05-22,3.7291863,5.272627
2024,2023,Huila,2023-05-15,2,2023-05-29,7.2888646,5.2452
2024,2023,Huila,2023-05-15,3,2023-06-05,4.1529574,5.2550697
2024,2023,Huila,2023-05-15,4,2023-06-12,4.322466,5.10403
2024,2023,Huila,2023-05-22,1,2023-05-29,7.2888646,4.0029907
2024,2023,Huila,2023-05-22,2,2023-06-05,4.1529574,3.9886773
2024,2023,Huila,2023-05-22,3,2023-06-12,4.322466,3.8951302
2024,2023,Huila,2023-05-22,4,2023-06-19,5.254763,3.8178744
2024,2023,Huila,2023-05-29,1,2023-06-05,4.1529574,3.664386
2024,2023,Huila,2023-05-29,2,2023-06-12,4.322466,3.5750282
2024,2023,Huila,2023-05-29,3,2023-06-19,5.254763,3.4870532
2024,2023,Huila,2023-05-29,4,2023-06-26,6.1023054,3.4269989
2024,2023,Huila,2023-06-05,1,2023-06-12,4.322466,5.4102163
2024,2023,Huila,2023-06-05,2,2023-06-19,5.254763,5.2516336
2024,2023,Huila,2023-06-05,3,2023-06-26,6.1023054,5.2327256
2024,2023,Huila,2023-06-05,4,2023-07-03,5.0005,5.050313
2024,2023,Huila,2023-06-12,1,2023-06-19,5.254763,4.7583137
2024,2023,Huila,2023-06-12,2,2023-06-26,6.1023054,4.635466
2024,2023,Huila,2023-06-12,3,2023-07-03,5.0005,4.5224714
2024,2023,Huila,2023-06-12,4,2023-07-10,7.9668984,4.3964486
2024,2023,Huila,2023-06-19,1,2023-06-26,6.1023054,4.314579
2024,2023,Huila,2023-06-19,2,2023-07-03,5.0005,4.1576834
2024,2023,Huila,2023-06-19,3,2023-07-10,7.9668984,4.0529065
2024,2023,Huila,2023-06-19,4,2023-07-17,5.254763,3.9130304
2024,2023,Huila,2023-06-26,1,2023-07-03,5.0005,4.515674
2024,2023,Huila,2023-06-26,2,2023-07-10,7.9668984,4.3738136
2024,2023,Huila,2023-06-26,3,2023-07-17,5.254763,4.298473
2024,2023,Huila,2023-06-26,4,2023-07-24,6.6108303,4.1393127
2024,2023,Huila,2023-07-03,1,2023-07-10,7.9668984,4.850768
2024,2023,Huila,2023-07-03,2,2023-07-17,5.254763,4.756798
2024,2023,Huila,2023-07-03,3,2023-07-24,6.6108303,4.622656
2024,2023,Huila,2023-07-03,4,2023-07-31,8.051653,4.4935565
2024,2023,Huila,2023-07-10,1,2023-07-17,5.254763,4.532998
2024,2023,Huila,2023-07-10,2,2023-07-24,6.6108303,4.395179
2024,2023,Huila,2023-07-10,3,2023-07-31,8.051653,4.1964355
2024,2023,Huila,2023-07-10,4,2023-08-07,7.7126365,4.048657
2024,2023,Huila,2023-07-17,1,2023-07-24,6.6108303,5.7598653
2024,2023,Huila,2023-07-17,2,2023-07-31,8.051653,5.6431336
2024,2023,Huila,2023-07-17,3,2023-08-07,7.7126365,5.55416
2024,2023,Huila,2023-07-17,4,2023-08-14,7.2888646,5.405535
2024,2023,Huila,2023-07-24,1,2023-07-31,8.051653,5.2616744
2024,2023,Huila,2023-07-24,2,2023-08-07,7.7126365,5.1615667
2024,2023,Huila,2023-07-24,3,2023-08-14,7.2888646,5.057655
2024,2023,Huila,2023-07-24,4,2023-08-21,7.797391,4.9121976
2024,2023,Huila,2023-07-31,1,2023-08-07,7.7126365,5.567728
2024,2023,Huila,2023-07-31,2,2023-08-14,7.2888646,5.5617957
2024,2023,Huila,2023-07-31,3,2023-08-21,7.797391,5.4533505
2024,2023,Huila,2023-07-31,4,2023-08-28,6.0175514,5.2972026
2024,2023,Huila,2023-08-07,1,2023-08-14,7.2888646,6.4649973
2024,2023,Huila,2023-08-07,2,2023-08-21,7.797391,6.4315677
2024,2023,Huila,2023-08-07,3,2023-08-28,6.0175514,6.342739
2024,2023,Huila,2023-08-07,4,2023-09-04,6.187059,6.034237
2024,2023,Huila,2023-08-14,1,2023-08-21,7.797391,6.5776525
2024,2023,Huila,2023-08-14,2,2023-08-28,6.0175514,6.6312585
2024,2023,Huila,2023-08-14,3,2023-09-04,6.187059,6.470089
2024,2023,Huila,2023-08-14,4,2023-09-11,6.1023054,6.2941685
2024,2023,Huila,2023-08-21,1,2023-08-28,6.0175514,6.6458426
2024,2023,Huila,2023-08-21,2,2023-09-04,6.187059,6.6928663
2024,2023,Huila,2023-08-21,3,2023-09-11,6.1023054,6.483241
2024,2023,Huila,2023-08-21,4,2023-09-18,5.8480425,6.3371897
2024,2023,Huila,2023-08-28,1,2023-09-04,6.187059,6.901801
2024,2023,Huila,2023-08-28,2,2023-09-11,6.1023054,6.9157095
2024,2023,Huila,2023-08-28,3,2023-09-18,5.8480425,6.7099867
2024,2023,Huila,2023-08-28,4,2023-09-25,7.20411,6.4669356
2024,2023,Huila,2023-09-04,1,2023-09-11,6.1023054,6.108514
2024,2023,Huila,2023-09-04,2,2023-09-18,5.8480425,6.146028
2024,2023,Huila,2023-09-04,3,2023-09-25,7.20411,5.9374514
2024,2023,Huila,2023-09-04,4,2023-10-02,7.6278815,5.781335
2024,2023,Huila,2023-09-11,1,2023-09-18,5.8480425,6.0587792
2024,2023,Huila,2023-09-11,2,2023-09-25,7.20411,6.130119
2024,2023,Huila,2023-09-11,3,2023-10-02,7.6278815,5.996617
2024,2023,Huila,2023-09-11,4,2023-10-09,7.0346017,5.799473
2024,2023,Huila,2023-09-18,1,2023-09-25,7.20411,5.971357
2024,2023,Huila,2023-09-18,2,2023-10-02,7.6278815,6.0508857
2024,2023,Huila,2023-09-18,3,2023-10-09,7.0346017,5.8965316
2024,2023,Huila,2023-09-18,4,2023-10-16,7.5431266,5.641284
2024,2023,Huila,2023-09-25,1,2023-10-02,7.6278815,5.698447
2024,2023,Huila,2023-09-25,2,2023-10-09,7.0346017,5.80399
2024,2023,Huila,2023-09-25,3,2023-10-16,7.5431266,5.6656256
2024,2023,Huila,2023-09-25,4,2023-10-23,7.20411,5.5162063
2024,2023,Huila,2023-10-02,1,2023-10-09,7.0346017,6.474853
2024,2023,Huila,2023-10-02,2,2023-10-16,7.5431266,6.6556816
2024,2023,Huila,2023-10-02,3,2023-10-23,7.20411,6.4210715
2024,2023,Huila,2023-10-02,4,2023-10-30,7.7126365,6.306454
2024,2023,Huila,2023-10-09,1,2023-10-16,7.5431266,6.887901
2024,2023,Huila,2023-10-09,2,2023-10-23,7.20411,7.1581674
2024,2023,Huila,2023-10-09,3,2023-10-30,7.7126365,6.9965734
2024,2023,Huila,2023-10-09,4,2023-11-06,9.238213,6.951383
2024,2023,Huila,2023-10-16,1,2023-10-23,7.20411,7.1169815
2024,2023,Huila,2023-10-16,2,2023-10-30,7.7126365,7.3854313
2024,2023,Huila,2023-10-16,3,2023-11-06,9.238213,7.1921225
2024,2023,Huila,2023-10-16,4,2023-11-13,10.170508,7.150177
2024,2023,Huila,2023-10-23,1,2023-10-30,7.7126365,7.3120165
2024,2023,Huila,2023-10-23,2,2023-11-06,9.238213,7.635527
2024,2023,Huila,2023-10-23,3,2023-11-13,10.170508,7.4708495
2024,2023,Huila,2023-10-23,4,2023-11-20,10.679035,7.5319414
2024,2023,Huila,2023-10-30,1,2023-11-06,9.238213,7.386419
2024,2023,Huila,2023-10-30,2,2023-11-13,10.170508,7.6672134
2024,2023,Huila,2023-10-30,3,2023-11-20,10.679035,7.559343
2024,2023,Huila,2023-10-30,4,2023-11-27,11.696084,7.6438446
2024,2023,Huila,2023-11-06,1,2023-11-13,10.170508,7.4502683
2024,2023,Huila,2023-11-06,2,2023-11-20,10.679035,7.727189
2024,2023,Huila,2023-11-06,3,2023-11-27,11.696084,7.6077423
2024,2023,Huila,2023-11-06,4,2023-12-04,17.459372,7.6710224
2024,2023,Huila,2023-11-13,1,2023-11-20,10.679035,8.770631
2024,2023,Huila,2023-11-13,2,2023-11-27,11.696084,9.13847
2024,2023,Huila,2023-11-13,3,2023-12-04,17.459372,8.936706
2024,2023,Huila,2023-11-13,4,2023-12-11,21.697084,9.045721
2024,2023,Huila,2023-11-20,1,2023-11-27,11.696084,9.894665
2024,2023,Huila,2023-11-20,2,2023-12-04,17.459372,10.344455
2024,2023,Huila,2023-11-20,3,2023-12-11,21.697084,10.093163
2024,2023,Huila,2023-11-20,4,2023-12-18,19.493475,10.111816
2024,2023,Huila,2023-11-27,1,2023-12-04,17.459372,10.262651
2024,2023,Huila,2023-11-27,2,2023-12-11,21.697084,10.645441
2024,2023,Huila,2023-11-27,3,2023-12-18,19.493475,10.304067
2024,2023,Huila,2023-11-27,4,2023-12-25,17.20511,10.29314
2024,2023,Magdalena,2023-04-17,1,2023-04-24,0.73039854,1.2321249
2024,2023,Magdalena,2023-04-17,2,2023-05-01,0.86319834,1.3246057
2024,2023,Magdalena,2023-04-17,3,2023-05-08,0.4647991,1.3508075
2024,2023,Magdalena,2023-04-17,4,2023-05-15,0.9295982,1.5279727
2024,2023,Magdalena,2023-04-24,1,2023-05-01,0.86319834,1.2700032
2024,2023,Magdalena,2023-04-24,2,2023-05-08,0.4647991,1.4001968
2024,2023,Magdalena,2023-04-24,3,2023-05-15,0.9295982,1.4751968
2024,2023,Magdalena,2023-04-24,4,2023-05-22,0.9295982,1.6037239
2024,2023,Magdalena,2023-05-01,1,2023-05-08,0.4647991,1.3169907
2024,2023,Magdalena,2023-05-01,2,2023-05-15,0.9295982,1.4654839
2024,2023,Magdalena,2023-05-01,3,2023-05-22,0.9295982,1.5681894
2024,2023,Magdalena,2023-05-01,4,2023-05-29,1.9919963,1.6583279
2024,2023,Magdalena,2023-05-08,1,2023-05-15,0.9295982,1.4311683
2024,2023,Magdalena,2023-05-08,2,2023-05-22,0.9295982,1.635814
2024,2023,Magdalena,2023-05-08,3,2023-05-29,1.9919963,1.7371337
2024,2023,Magdalena,2023-05-08,4,2023-06-05,1.9255965,1.8422387
2024,2023,Magdalena,2023-05-15,1,2023-05-22,0.9295982,1.1981062
2024,2023,Magdalena,2023-05-15,2,2023-05-29,1.9919963,1.3654937
2024,2023,Magdalena,2023-05-15,3,2023-06-05,1.9255965,1.4404883
2024,2023,Magdalena,2023-05-15,4,2023-06-12,2.2575955,1.5280957
2024,2023,Magdalena,2023-05-22,1,2023-05-29,1.9919963,1.2792627
2024,2023,Magdalena,2023-05-22,2,2023-06-05,1.9255965,1.4023205
2024,2023,Magdalena,2023-05-22,3,2023-06-12,2.2575955,1.453364
2024,2023,Magdalena,2023-05-22,4,2023-06-19,2.2575955,1.5818614
2024,2023,Magdalena,2023-05-29,1,2023-06-05,1.9255965,1.2991059
2024,2023,Magdalena,2023-05-29,2,2023-06-12,2.2575955,1.4143872
2024,2023,Magdalena,2023-05-29,3,2023-06-19,2.2575955,1.4822412
2024,2023,Magdalena,2023-05-29,4,2023-06-26,2.7887948,1.6071013
2024,2023,Magdalena,2023-06-05,1,2023-06-12,2.2575955,1.9945191
2024,2023,Magdalena,2023-06-05,2,2023-06-19,2.2575955,2.1373494
2024,2023,Magdalena,2023-06-05,3,2023-06-26,2.7887948,2.2314014
2024,2023,Magdalena,2023-06-05,4,2023-07-03,3.1871939,2.449381
2024,2023,Magdalena,2023-06-12,1,2023-06-19,2.2575955,2.5042188
2024,2023,Magdalena,2023-06-12,2,2023-06-26,2.7887948,2.6529393
2024,2023,Magdalena,2023-06-12,3,2023-07-03,3.1871939,2.7998376
2024,2023,Magdalena,2023-06-12,4,2023-07-10,3.8511927,3.0224264
2024,2023,Magdalena,2023-06-19,1,2023-06-26,2.7887948,3.1045887
2024,2023,Magdalena,2023-06-19,2,2023-07-03,3.1871939,3.2642405
2024,2023,Magdalena,2023-06-19,3,2023-07-10,3.8511927,3.450981
2024,2023,Magdalena,2023-06-19,4,2023-07-17,4.8471904,3.6514444
2024,2023,Magdalena,2023-06-26,1,2023-07-03,3.1871939,3.4002457
2024,2023,Magdalena,2023-06-26,2,2023-07-10,3.8511927,3.5718594
2024,2023,Magdalena,2023-06-26,3,2023-07-17,4.8471904,3.8015487
2024,2023,Magdalena,2023-06-26,4,2023-07-24,5.31199,4.0361047
2024,2023,Magdalena,2023-07-03,1,2023-07-10,3.8511927,3.461389
2024,2023,Magdalena,2023-07-03,2,2023-07-17,4.8471904,3.6327622
2024,2023,Magdalena,2023-07-03,3,2023-07-24,5.31199,3.8331306
2024,2023,Magdalena,2023-07-03,4,2023-07-31,7.038386,4.1281595
2024,2023,Magdalena,2023-07-10,1,2023-07-17,4.8471904,3.829395
2024,2023,Magdalena,2023-07-10,2,2023-07-24,5.31199,3.9896588
2024,2023,Magdalena,2023-07-10,3,2023-07-31,7.038386,4.208912
2024,2023,Magdalena,2023-07-10,4,2023-08-07,4.8471904,4.4801946
2024,2023,Magdalena,2023-07-17,1,2023-07-24,5.31199,4.7256184
2024,2023,Magdalena,2023-07-17,2,2023-07-31,7.038386,4.8862586
2024,2023,Magdalena,2023-07-17,3,2023-08-07,4.8471904,5.120103
2024,2023,Magdalena,2023-07-17,4,2023-08-14,7.3703866,5.2641964
2024,2023,Magdalena,2023-07-24,1,2023-07-31,7.038386,5.855391
2024,2023,Magdalena,2023-07-24,2,2023-08-07,4.8471904,6.029954
2024,2023,Magdalena,2023-07-24,3,2023-08-14,7.3703866,6.3920674
2024,2023,Magdalena,2023-07-24,4,2023-08-21,6.241588,6.451995
2024,2023,Magdalena,2023-07-31,1,2023-08-07,4.8471904,6.6117573
2024,2023,Magdalena,2023-07-31,2,2023-08-14,7.3703866,6.7365336
2024,2023,Magdalena,2023-07-31,3,2023-08-21,6.241588,7.0590434
2024,2023,Magdalena,2023-07-31,4,2023-08-28,5.4447894,6.998686
2024,2023,Magdalena,2023-08-07,1,2023-08-14,7.3703866,7.411251
2024,2023,Magdalena,2023-08-07,2,2023-08-21,6.241588,7.4707646
2024,2023,Magdalena,2023-08-07,3,2023-08-28,5.4447894,7.7594624
2024,2023,Magdalena,2023-08-07,4,2023-09-04,6.042388,7.748643
2024,2023,Magdalena,2023-08-14,1,2023-08-21,6.241588,6.173777
2024,2023,Magdalena,2023-08-14,2,2023-08-28,5.4447894,6.1064863
2024,2023,Magdalena,2023-08-14,3,2023-09-04,6.042388,6.3338075
2024,2023,Magdalena,2023-08-14,4,2023-09-11,5.710389,6.409541
2024,2023,Magdalena,2023-08-21,1,2023-08-28,5.4447894,7.209929
2024,2023,Magdalena,2023-08-21,2,2023-09-04,6.042388,7.049275
2024,2023,Magdalena,2023-08-21,3,2023-09-11,5.710389,7.3243003
2024,2023,Magdalena,2023-08-21,4,2023-09-18,8.698384,7.38132
2024,2023,Magdalena,2023-08-28,1,2023-09-04,6.042388,7.3577876
2024,2023,Magdalena,2023-08-28,2,2023-09-11,5.710389,7.2247443
2024,2023,Magdalena,2023-08-28,3,2023-09-18,8.698384,7.47746
2024,2023,Magdalena,2023-08-28,4,2023-09-25,6.241588,7.373065
2024,2023,Magdalena,2023-09-04,1,2023-09-11,5.710389,6.924696
2024,2023,Magdalena,2023-09-04,2,2023-09-18,8.698384,6.816685
2024,2023,Magdalena,2023-09-04,3,2023-09-25,6.241588,7.159455
2024,2023,Magdalena,2023-09-04,4,2023-10-02,5.3783894,7.184409
2024,2023,Magdalena,2023-09-11,1,2023-09-18,8.698384,7.0484056
2024,2023,Magdalena,2023-09-11,2,2023-09-25,6.241588,6.860066
2024,2023,Magdalena,2023-09-11,3,2023-10-02,5.3783894,7.2048903
2024,2023,Magdalena,2023-09-11,4,2023-10-09,4.9135904,7.186837
2024,2023,Magdalena,2023-09-18,1,2023-09-25,6.241588,6.5036616
2024,2023,Magdalena,2023-09-18,2,2023-10-02,5.3783894,6.2515216
2024,2023,Magdalena,2023-09-18,3,2023-10-09,4.9135904,6.4651966
2024,2023,Magdalena,2023-09-18,4,2023-10-16,5.0463905,6.492953
2024,2023,Magdalena,2023-09-25,1,2023-10-02,5.3783894,8.304976
2024,2023,Magdalena,2023-09-25,2,2023-10-09,4.9135904,8.143753
2024,2023,Magdalena,2023-09-25,3,2023-10-16,5.0463905,8.495641
2024,2023,Magdalena,2023-09-25,4,2023-10-23,6.1087885,8.477306
2024,2023,Magdalena,2023-10-02,1,2023-10-09,4.9135904,7.892467
2024,2023,Magdalena,2023-10-02,2,2023-10-16,5.0463905,7.8848825
2024,2023,Magdalena,2023-10-02,3,2023-10-23,6.1087885,8.179074
2024,2023,Magdalena,2023-10-02,4,2023-10-30,4.515191,8.186049
2024,2023,Magdalena,2023-10-09,1,2023-10-16,5.0463905,6.973697
2024,2023,Magdalena,2023-10-09,2,2023-10-23,6.1087885,6.8628793
2024,2023,Magdalena,2023-10-09,3,2023-10-30,4.515191,7.0125585
2024,2023,Magdalena,2023-10-09,4,2023-11-06,7.3703866,7.0571146
2024,2023,Magdalena,2023-10-16,1,2023-10-23,6.1087885,6.2200937
2024,2023,Magdalena,2023-10-16,2,2023-10-30,4.515191,5.964945
2024,2023,Magdalena,2023-10-16,3,2023-11-06,7.3703866,6.12097
2024,2023,Magdalena,2023-10-16,4,2023-11-13,6.9719863,6.101242
2024,2023,Magdalena,2023-10-23,1,2023-10-30,4.515191,5.878129
2024,2023,Magdalena,2023-10-23,2,2023-11-06,7.3703866,5.6253433
2024,2023,Magdalena,2023-10-23,3,2023-11-13,6.9719863,5.726666
2024,2023,Magdalena,2023-10-23,4,2023-11-20,7.503186,5.7565703
2024,2023,Magdalena,2023-10-30,1,2023-11-06,7.3703866,6.42202
2024,2023,Magdalena,2023-10-30,2,2023-11-13,6.9719863,6.1729484
2024,2023,Magdalena,2023-10-30,3,2023-11-20,7.503186,6.2703605
2024,2023,Magdalena,2023-10-30,4,2023-11-27,7.3039865,6.204227
2024,2023,Magdalena,2023-11-06,1,2023-11-13,6.9719863,5.609511
2024,2023,Magdalena,2023-11-06,2,2023-11-20,7.503186,5.314228
2024,2023,Magdalena,2023-11-06,3,2023-11-27,7.3039865,5.27071
2024,2023,Magdalena,2023-11-06,4,2023-12-04,8.565583,5.3356347
2024,2023,Magdalena,2023-11-13,1,2023-11-20,7.503186,6.8258057
2024,2023,Magdalena,2023-11-13,2,2023-11-27,7.3039865,6.567549
2024,2023,Magdalena,2023-11-13,3,2023-12-04,8.565583,6.58608
2024,2023,Magdalena,2023-11-13,4,2023-12-11,9.561582,6.622883
2024,2023,Magdalena,2023-11-20,1,2023-11-27,7.3039865,7.497702
2024,2023,Magdalena,2023-11-20,2,2023-12-04,8.565583,7.1495066
2024,2023,Magdalena,2023-11-20,3,2023-12-11,9.561582,7.1130695
2024,2023,Magdalena,2023-11-20,4,2023-12-18,8.167185,6.9818187
2024,2023,Magdalena,2023-11-27,1,2023-12-04,8.565583,8.062019
2024,2023,Magdalena,2023-11-27,2,2023-12-11,9.561582,7.570762
2024,2023,Magdalena,2023-11-27,3,2023-12-18,8.167185,7.4159613
2024,2023,Magdalena,2023-11-27,4,2023-12-25,7.503186,7.295618
2024,2023,Meta,2023-04-17,1,2023-04-24,34.565,25.938929
2024,2023,Meta,2023-04-17,2,2023-05-01,37.39385,25.059345
2024,2023,Meta,2023-04-17,3,2023-05-08,42.521137,24.42684
2024,2023,Meta,2023-04-17,4,2023-05-15,52.333717,23.386137
2024,2023,Meta,2023-04-24,1,2023-05-01,37.39385,27.446112
2024,2023,Meta,2023-04-24,2,2023-05-08,42.521137,26.581766
2024,2023,Meta,2023-04-24,3,2023-05-15,52.333717,25.354685
2024,2023,Meta,2023-04-24,4,2023-05-22,42.60954,23.658537
2024,2023,Meta,2023-05-01,1,2023-05-08,42.521137,31.2408
2024,2023,Meta,2023-05-01,2,2023-05-15,52.333717,30.424383
2024,2023,Meta,2023-05-01,3,2023-05-22,42.60954,28.386324
2024,2023,Meta,2023-05-01,4,2023-05-29,45.968796,26.556664
2024,2023,Meta,2023-05-08,1,2023-05-15,52.333717,32.05215
2024,2023,Meta,2023-05-08,2,2023-05-22,42.60954,30.588274
2024,2023,Meta,2023-05-08,3,2023-05-29,45.968796,29.322052
2024,2023,Meta,2023-05-08,4,2023-06-05,42.60954,27.213608
2024,2023,Meta,2023-05-15,1,2023-05-22,42.60954,36.706547
2024,2023,Meta,2023-05-15,2,2023-05-29,45.968796,35.410812
2024,2023,Meta,2023-05-15,3,2023-06-05,42.60954,33.199112
2024,2023,Meta,2023-05-15,4,2023-06-12,37.924263,29.992298
2024,2023,Meta,2023-05-22,1,2023-05-29,45.968796,44.638477
2024,2023,Meta,2023-05-22,2,2023-06-05,42.60954,42.71642
2024,2023,Meta,2023-05-22,3,2023-06-12,37.924263,40.322914
2024,2023,Meta,2023-05-22,4,2023-06-19,30.76374,35.654266
2024,2023,Meta,2023-05-29,1,2023-06-05,42.60954,44.360706
2024,2023,Meta,2023-05-29,2,2023-06-12,37.924263,41.603176
2024,2023,Meta,2023-05-29,3,2023-06-19,30.76374,40.50099
2024,2023,Meta,2023-05-29,4,2023-06-26,23.072803,35.555588
2024,2023,Meta,2023-06-05,1,2023-06-12,37.924263,49.413525
2024,2023,Meta,2023-06-05,2,2023-06-19,30.76374,44.866787
2024,2023,Meta,2023-06-05,3,2023-06-26,23.072803,41.488766
2024,2023,Meta,2023-06-05,4,2023-07-03,17.061497,38.72764
2024,2023,Meta,2023-06-12,1,2023-06-19,30.76374,44.022785
2024,2023,Meta,2023-06-12,2,2023-06-26,23.072803,38.278534
2024,2023,Meta,2023-06-12,3,2023-07-03,17.061497,35.31853
2024,2023,Meta,2023-06-12,4,2023-07-10,24.22202,32.2882
2024,2023,Meta,2023-06-19,1,2023-06-26,23.072803,38.315636
2024,2023,Meta,2023-06-19,2,2023-07-03,17.061497,34.353294
2024,2023,Meta,2023-06-19,3,2023-07-10,24.22202,30.79977
2024,2023,Meta,2023-06-19,4,2023-07-17,20.597559,29.22557
2024,2023,Meta,2023-06-26,1,2023-07-03,17.061497,29.833866
2024,2023,Meta,2023-06-26,2,2023-07-10,24.22202,25.079048
2024,2023,Meta,2023-06-26,3,2023-07-17,20.597559,22.03738
2024,2023,Meta,2023-06-26,4,2023-07-24,19.006329,21.15103
2024,2023,Meta,2023-07-03,1,2023-07-10,24.22202,21.247383
2024,2023,Meta,2023-07-03,2,2023-07-17,20.597559,18.237284
2024,2023,Meta,2023-07-03,3,2023-07-24,19.006329,14.8953705
2024,2023,Meta,2023-07-03,4,2023-07-31,18.299118,14.116922
2024,2023,Meta,2023-07-10,1,2023-07-17,20.597559,15.34155
2024,2023,Meta,2023-07-10,2,2023-07-24,19.006329,13.632239
2024,2023,Meta,2023-07-10,3,2023-07-31,18.299118,11.22574
2024,2023,Meta,2023-07-10,4,2023-08-07,12.287813,10.106352
2024,2023,Meta,2023-07-17,1,2023-07-24,19.006329,17.410452
2024,2023,Meta,2023-07-17,2,2023-07-31,18.299118,15.90563
2024,2023,Meta,2023-07-17,3,2023-08-07,12.287813,13.589456
2024,2023,Meta,2023-07-17,4,2023-08-14,14.055844,12.121309
2024,2023,Meta,2023-07-24,1,2023-07-31,18.299118,15.969608
2024,2023,Meta,2023-07-24,2,2023-08-07,12.287813,14.869708
2024,2023,Meta,2023-07-24,3,2023-08-14,14.055844,13.052641
2024,2023,Meta,2023-07-24,4,2023-08-21,13.26023,11.506392
2024,2023,Meta,2023-07-31,1,2023-08-07,12.287813,14.095357
2024,2023,Meta,2023-07-31,2,2023-08-14,14.055844,13.311944
2024,2023,Meta,2023-07-31,3,2023-08-21,13.26023,11.356884
2024,2023,Meta,2023-07-31,4,2023-08-28,10.519783,10.284046
2024,2023,Meta,2023-08-07,1,2023-08-14,14.055844,12.649492
2024,2023,Meta,2023-08-07,2,2023-08-21,13.26023,12.0506525
2024,2023,Meta,2023-08-07,3,2023-08-28,10.519783,10.781576
2024,2023,Meta,2023-08-07,4,2023-09-04,12.1110115,9.450292
2024,2023,Meta,2023-08-14,1,2023-08-21,13.26023,11.106168
2024,2023,Meta,2023-08-14,2,2023-08-28,10.519783,10.303218
2024,2023,Meta,2023-08-14,3,2023-09-04,12.1110115,9.223507
2024,2023,Meta,2023-08-14,4,2023-09-11,10.608185,8.09261
2024,2023,Meta,2023-08-21,1,2023-08-28,10.519783,10.442369
2024,2023,Meta,2023-08-21,2,2023-09-04,12.1110115,10.087845
2024,2023,Meta,2023-08-21,3,2023-09-11,10.608185,9.178712
2024,2023,Meta,2023-08-21,4,2023-09-18,10.077775,8.052853
2024,2023,Meta,2023-08-28,1,2023-09-04,12.1110115,12.364839
2024,2023,Meta,2023-08-28,2,2023-09-11,10.608185,12.000281
2024,2023,Meta,2023-08-28,3,2023-09-18,10.077775,11.265055
2024,2023,Meta,2023-08-28,4,2023-09-25,9.635769,9.53679
2024,2023,Meta,2023-09-04,1,2023-09-11,10.608185,11.653213
2024,2023,Meta,2023-09-04,2,2023-09-18,10.077775,11.1298065
2024,2023,Meta,2023-09-04,3,2023-09-25,9.635769,10.644453
2024,2023,Meta,2023-09-04,4,2023-10-02,8.486548,9.543429
2024,2023,Meta,2023-09-11,1,2023-09-18,10.077775,14.050005
2024,2023,Meta,2023-09-11,2,2023-09-25,9.635769,13.665366
2024,2023,Meta,2023-09-11,3,2023-10-02,8.486548,13.089289
2024,2023,Meta,2023-09-11,4,2023-10-09,10.34298,11.556766
2024,2023,Meta,2023-09-18,1,2023-09-25,9.635769,14.065101
2024,2023,Meta,2023-09-18,2,2023-10-02,8.486548,13.221168
2024,2023,Meta,2023-09-18,3,2023-10-09,10.34298,12.932891
2024,2023,Meta,2023-09-18,4,2023-10-16,6.541713,11.504222
2024,2023,Meta,2023-09-25,1,2023-10-02,8.486548,13.089951
2024,2023,Meta,2023-09-25,2,2023-10-09,10.34298,12.100909
2024,2023,Meta,2023-09-25,3,2023-10-16,6.541713,11.963604
2024,2023,Meta,2023-09-25,4,2023-10-23,3.536062,11.02183
2024,2023,Meta,2023-10-02,1,2023-10-09,10.34298,11.462978
2024,2023,Meta,2023-10-02,2,2023-10-16,6.541713,10.71493
2024,2023,Meta,2023-10-02,3,2023-10-23,3.536062,10.19389
2024,2023,Meta,2023-10-02,4,2023-10-30,6.011305,9.6856575
2024,2023,Meta,2023-10-09,1,2023-10-16,6.541713,10.19321
2024,2023,Meta,2023-10-09,2,2023-10-23,3.536062,9.475296
2024,2023,Meta,2023-10-09,3,2023-10-30,6.011305,8.826437
2024,2023,Meta,2023-10-09,4,2023-11-06,3.1824555,8.538667
2024,2023,Meta,2023-10-16,1,2023-10-23,3.536062,9.779482
2024,2023,Meta,2023-10-16,2,2023-10-30,6.011305,8.990087
2024,2023,Meta,2023-10-16,3,2023-11-06,3.1824555,7.864857
2024,2023,Meta,2023-10-16,4,2023-11-13,3.7128646,7.622346
2024,2023,Meta,2023-10-23,1,2023-10-30,6.011305,7.351336
2024,2023,Meta,2023-10-23,2,2023-11-06,3.1824555,6.8010354
2024,2023,Meta,2023-10-23,3,2023-11-13,3.7128646,5.7184463
2024,2023,Meta,2023-10-23,4,2023-11-20,3.978069,5.7515407
2024,2023,Meta,2023-10-30,1,2023-11-06,3.1824555,5.081139
2024,2023,Meta,2023-10-30,2,2023-11-13,3.7128646,4.868462
2024,2023,Meta,2023-10-30,3,2023-11-20,3.978069,3.9965978
2024,2023,Meta,2023-10-30,4,2023-11-27,3.624463,4.1248527
2024,2023,Meta,2023-11-06,1,2023-11-13,3.7128646,4.253728
2024,2023,Meta,2023-11-06,2,2023-11-20,3.978069,4.1710134
2024,2023,Meta,2023-11-06,3,2023-11-27,3.624463,3.4452593
2024,2023,Meta,2023-11-06,4,2023-12-04,3.8896677,3.5989811
2024,2023,Meta,2023-11-13,1,2023-11-20,3.978069,2.9595904
2024,2023,Meta,2023-11-13,2,2023-11-27,3.624463,3.0439239
2024,2023,Meta,2023-11-13,3,2023-12-04,3.8896677,2.641831
2024,2023,Meta,2023-11-13,4,2023-12-11,3.0056527,2.6989024
2024,2023,Meta,2023-11-20,1,2023-11-27,3.624463,2.5679612
2024,2023,Meta,2023-11-20,2,2023-12-04,3.8896677,2.779908
2024,2023,Meta,2023-11-20,3,2023-12-11,3.0056527,2.4931443
2024,2023,Meta,2023-11-20,4,2023-12-18,2.8288493,2.577747
2024,2023,Meta,2023-11-27,1,2023-12-04,3.8896677,2.214567
2024,2023,Meta,2023-11-27,2,2023-12-11,3.0056527,2.4071667
2024,2023,Meta,2023-11-27,3,2023-12-18,2.8288493,2.1418123
2024,2023,Meta,2023-11-27,4,2023-12-25,2.7404475,2.141318
2024,2023,Narino,2023-04-17,1,2023-04-24,1.5346856,1.4544612
2024,2023,Narino,2023-04-17,2,2023-05-01,2.1839757,1.432144
2024,2023,Narino,2023-04-17,3,2023-05-08,2.1839757,1.4508022
2024,2023,Narino,2023-04-17,4,2023-05-15,1.7117648,1.4530348
2024,2023,Narino,2023-04-24,1,2023-05-01,2.1839757,1.5154423
2024,2023,Narino,2023-04-24,2,2023-05-08,2.1839757,1.4762609
2024,2023,Narino,2023-04-24,3,2023-05-15,1.7117648,1.491709
2024,2023,Narino,2023-04-24,4,2023-05-22,1.8298177,1.4960319
2024,2023,Narino,2023-05-01,1,2023-05-08,2.1839757,1.538935
2024,2023,Narino,2023-05-01,2,2023-05-15,1.7117648,1.4963472
2024,2023,Narino,2023-05-01,3,2023-05-22,1.8298177,1.5197933
2024,2023,Narino,2023-05-01,4,2023-05-29,2.361055,1.5037746
2024,2023,Narino,2023-05-08,1,2023-05-15,1.7117648,1.8426613
2024,2023,Narino,2023-05-08,2,2023-05-22,1.8298177,1.8058511
2024,2023,Narino,2023-05-08,3,2023-05-29,2.361055,1.8418955
2024,2023,Narino,2023-05-08,4,2023-06-05,2.538134,1.8013673
2024,2023,Narino,2023-05-15,1,2023-05-22,1.8298177,2.002367
2024,2023,Narino,2023-05-15,2,2023-05-29,2.361055,1.9597882
2024,2023,Narino,2023-05-15,3,2023-06-05,2.538134,2.0083323
2024,2023,Narino,2023-05-15,4,2023-06-12,2.7742395,1.989801
2024,2023,Narino,2023-05-22,1,2023-05-29,2.361055,1.8937498
2024,2023,Narino,2023-05-22,2,2023-06-05,2.538134,1.8477123
2024,2023,Narino,2023-05-22,3,2023-06-12,2.7742395,1.8737428
2024,2023,Narino,2023-05-22,4,2023-06-19,2.8332658,1.8705405
2024,2023,Narino,2023-05-29,1,2023-06-05,2.538134,1.8490691
2024,2023,Narino,2023-05-29,2,2023-06-12,2.7742395,1.7768829
2024,2023,Narino,2023-05-29,3,2023-06-19,2.8332658,1.7813948
2024,2023,Narino,2023-05-29,4,2023-06-26,2.1249495,1.8037122
2024,2023,Narino,2023-06-05,1,2023-06-12,2.7742395,2.0428658
2024,2023,Narino,2023-06-05,2,2023-06-19,2.8332658,1.9581052
2024,2023,Narino,2023-06-05,3,2023-06-26,2.1249495,1.9848963
2024,2023,Narino,2023-06-05,4,2023-07-03,2.065923,1.9843725
2024,2023,Narino,2023-06-12,1,2023-06-19,2.8332658,2.3104439
2024,2023,Narino,2023-06-12,2,2023-06-26,2.1249495,2.2274082
2024,2023,Narino,2023-06-12,3,2023-07-03,2.065923,2.2905076
2024,2023,Narino,2023-06-12,4,2023-07-10,1.770791,2.256237
2024,2023,Narino,2023-06-19,1,2023-06-26,2.1249495,2.6167722
2024,2023,Narino,2023-06-19,2,2023-07-03,2.065923,2.5419178
2024,2023,Narino,2023-06-19,3,2023-07-10,1.770791,2.6305473
2024,2023,Narino,2023-06-19,4,2023-07-17,2.361055,2.5650294
2024,2023,Narino,2023-06-26,1,2023-07-03,2.065923,2.762431
2024,2023,Narino,2023-06-26,2,2023-07-10,1.770791,2.7026734
2024,2023,Narino,2023-06-26,3,2023-07-17,2.361055,2.784067
2024,2023,Narino,2023-06-26,4,2023-07-24,2.9513185,2.7320209
2024,2023,Narino,2023-07-03,1,2023-07-10,1.770791,2.4784327
2024,2023,Narino,2023-07-03,2,2023-07-17,2.361055,2.4098501
2024,2023,Narino,2023-07-03,3,2023-07-24,2.9513185,2.4475572
2024,2023,Narino,2023-07-03,4,2023-07-31,1.5937121,2.4404414
2024,2023,Narino,2023-07-10,1,2023-07-17,2.361055,2.2314026
2024,2023,Narino,2023-07-10,2,2023-07-24,2.9513185,2.155235
2024,2023,Narino,2023-07-10,3,2023-07-31,1.5937121,2.169694
2024,2023,Narino,2023-07-10,4,2023-08-07,1.5346856,2.1794994
2024,2023,Narino,2023-07-17,1,2023-07-24,2.9513185,2.0016456
2024,2023,Narino,2023-07-17,2,2023-07-31,1.5937121,1.9386485
2024,2023,Narino,2023-07-17,3,2023-08-07,1.5346856,1.9295536
2024,2023,Narino,2023-07-17,4,2023-08-14,1.8888438,1.9410003
2024,2023,Narino,2023-07-24,1,2023-07-31,1.5937121,2.1442006
2024,2023,Narino,2023-07-24,2,2023-08-07,1.5346856,2.0965095
2024,2023,Narino,2023-07-24,3,2023-08-14,1.8888438,2.1102443
2024,2023,Narino,2023-07-24,4,2023-08-21,2.59716,2.0989795
2024,2023,Narino,2023-07-31,1,2023-08-07,1.5346856,2.4010165
2024,2023,Narino,2023-07-31,2,2023-08-14,1.8888438,2.3501651
2024,2023,Narino,2023-07-31,3,2023-08-21,2.59716,2.379162
2024,2023,Narino,2023-07-31,4,2023-08-28,2.1839757,2.3697474
2024,2023,Narino,2023-08-07,1,2023-08-14,1.8888438,2.170066
2024,2023,Narino,2023-08-07,2,2023-08-21,2.59716,2.1169736
2024,2023,Narino,2023-08-07,3,2023-08-28,2.1839757,2.149337
2024,2023,Narino,2023-08-07,4,2023-09-04,3.187424,2.1430871
2024,2023,Narino,2023-08-14,1,2023-08-21,2.59716,1.9116377
2024,2023,Narino,2023-08-14,2,2023-08-28,2.1839757,1.8612424
2024,2023,Narino,2023-08-14,3,2023-09-04,3.187424,1.8691806
2024,2023,Narino,2023-08-14,4,2023-09-11,3.4235294,1.8997256
2024,2023,Narino,2023-08-21,1,2023-08-28,2.1839757,1.8863529
2024,2023,Narino,2023-08-21,2,2023-09-04,3.187424,1.8655775
2024,2023,Narino,2023-08-21,3,2023-09-11,3.4235294,1.9082624
2024,2023,Narino,2023-08-21,4,2023-09-18,3.010345,1.9079629
2024,2023,Narino,2023-08-28,1,2023-09-04,3.187424,2.19467
2024,2023,Narino,2023-08-28,2,2023-09-11,3.4235294,2.171684
2024,2023,Narino,2023-08-28,3,2023-09-18,3.010345,2.1664603
2024,2023,Narino,2023-08-28,4,2023-09-25,4.6040573,2.191166
2024,2023,Narino,2023-09-04,1,2023-09-11,3.4235294,2.344995
2024,2023,Narino,2023-09-04,2,2023-09-18,3.010345,2.3554406
2024,2023,Narino,2023-09-04,3,2023-09-25,4.6040573,2.3805215
2024,2023,Narino,2023-09-04,4,2023-10-02,2.8332658,2.4150095
2024,2023,Narino,2023-09-11,1,2023-09-18,3.010345,2.762372
2024,2023,Narino,2023-09-11,2,2023-09-25,4.6040573,2.7757015
2024,2023,Narino,2023-09-11,3,2023-10-02,2.8332658,2.8262992
2024,2023,Narino,2023-09-11,4,2023-10-09,2.538134,2.855405
2024,2023,Narino,2023-09-18,1,2023-09-25,4.6040573,3.1363332
2024,2023,Narino,2023-09-18,2,2023-10-02,2.8332658,3.135106
2024,2023,Narino,2023-09-18,3,2023-10-09,2.538134,3.1967971
2024,2023,Narino,2023-09-18,4,2023-10-16,3.5415823,3.2030625
2024,2023,Narino,2023-09-25,1,2023-10-02,2.8332658,3.1760168
2024,2023,Narino,2023-09-25,2,2023-10-09,2.538134,3.193502
2024,2023,Narino,2023-09-25,3,2023-10-16,3.5415823,3.2429898
2024,2023,Narino,2023-09-25,4,2023-10-23,3.4825556,3.3117142
2024,2023,Narino,2023-10-02,1,2023-10-09,2.538134,3.7569265
2024,2023,Narino,2023-10-02,2,2023-10-16,3.5415823,3.7696402
2024,2023,Narino,2023-10-02,3,2023-10-23,3.4825556,3.8546424
2024,2023,Narino,2023-10-02,4,2023-10-30,3.954767,3.9092057
2024,2023,Narino,2023-10-09,1,2023-10-16,3.5415823,3.4260354
2024,2023,Narino,2023-10-09,2,2023-10-23,3.4825556,3.4798875
2024,2023,Narino,2023-10-09,3,2023-10-30,3.954767,3.5635638
2024,2023,Narino,2023-10-09,4,2023-11-06,4.4860044,3.6467347
2024,2023,Narino,2023-10-16,1,2023-10-23,3.4825556,3.1568234
2024,2023,Narino,2023-10-16,2,2023-10-30,3.954767,3.2100167
2024,2023,Narino,2023-10-16,3,2023-11-06,4.4860044,3.3495028
2024,2023,Narino,2023-10-16,4,2023-11-13,3.777688,3.4343352
2024,2023,Narino,2023-10-23,1,2023-10-30,3.954767,3.4460967
2024,2023,Narino,2023-10-23,2,2023-11-06,4.4860044,3.491504
2024,2023,Narino,2023-10-23,3,2023-11-13,3.777688,3.6697376
2024,2023,Narino,2023-10-23,4,2023-11-20,5.3713994,3.6986816
2024,2023,Narino,2023-10-30,1,2023-11-06,4.4860044,3.604704
2024,2023,Narino,2023-10-30,2,2023-11-13,3.777688,3.6207116
2024,2023,Narino,2023-10-30,3,2023-11-20,5.3713994,3.7718775
2024,2023,Narino,2023-10-30,4,2023-11-27,4.899189,3.831191
2024,2023,Narino,2023-11-06,1,2023-11-13,3.777688,3.7583241
2024,2023,Narino,2023-11-06,2,2023-11-20,5.3713994,3.7686527
2024,2023,Narino,2023-11-06,3,2023-11-27,4.899189,3.9037275
2024,2023,Narino,2023-11-06,4,2023-12-04,5.3713994,3.992513
2024,2023,Narino,2023-11-13,1,2023-11-20,5.3713994,4.2152076
2024,2023,Narino,2023-11-13,2,2023-11-27,4.899189,4.244172
2024,2023,Narino,2023-11-13,3,2023-12-04,5.3713994,4.4300284
2024,2023,Narino,2023-11-13,4,2023-12-11,5.0762677,4.526751
2024,2023,Narino,2023-11-20,1,2023-11-27,4.899189,4.159882
2024,2023,Narino,2023-11-20,2,2023-12-04,5.3713994,4.2242794
2024,2023,Narino,2023-11-20,3,2023-12-11,5.0762677,4.4123664
2024,2023,Narino,2023-11-20,4,2023-12-18,4.7811356,4.4810414
2024,2023,Narino,2023-11-27,1,2023-12-04,5.3713994,4.7936306
2024,2023,Narino,2023-11-27,2,2023-12-11,5.0762677,4.8277044
2024,2023,Narino,2023-11-27,3,2023-12-18,4.7811356,5.079834
2024,2023,Narino,2023-11-27,4,2023-12-25,2.8332658,5.068836
2024,2023,Norte De Santander,2023-04-17,1,2023-04-24,1.5494101,1.3726727
2024,2023,Norte De Santander,2023-04-17,2,2023-05-01,1.4302248,1.4709169
2024,2023,Norte De Santander,2023-04-17,3,2023-05-08,1.5494101,1.4782207
2024,2023,Norte De Santander,2023-04-17,4,2023-05-15,1.8473735,1.5067405
2024,2023,Norte De Santander,2023-04-24,1,2023-05-01,1.4302248,1.5918386
2024,2023,Norte De Santander,2023-04-24,2,2023-05-08,1.5494101,1.6635575
2024,2023,Norte De Santander,2023-04-24,3,2023-05-15,1.8473735,1.6814748
2024,2023,Norte De Santander,2023-04-24,4,2023-05-22,1.2514466,1.7094302
2024,2023,Norte De Santander,2023-05-01,1,2023-05-08,1.5494101,1.8945198
2024,2023,Norte De Santander,2023-05-01,2,2023-05-15,1.8473735,1.9509052
2024,2023,Norte De Santander,2023-05-01,3,2023-05-22,1.2514466,1.9829768
2024,2023,Norte De Santander,2023-05-01,4,2023-05-29,1.8473735,1.9433709
2024,2023,Norte De Santander,2023-05-08,1,2023-05-15,1.8473735,2.0213103
2024,2023,Norte De Santander,2023-05-08,2,2023-05-22,1.2514466,2.0913572
2024,2023,Norte De Santander,2023-05-08,3,2023-05-29,1.8473735,2.1327589
2024,2023,Norte De Santander,2023-05-08,4,2023-06-05,1.966559,2.0899863
2024,2023,Norte De Santander,2023-05-15,1,2023-05-22,1.2514466,2.029599
2024,2023,Norte De Santander,2023-05-15,2,2023-05-29,1.8473735,2.0849485
2024,2023,Norte De Santander,2023-05-15,3,2023-06-05,1.966559,2.1319318
2024,2023,Norte De Santander,2023-05-15,4,2023-06-12,1.370632,2.1100125
2024,2023,Norte De Santander,2023-05-22,1,2023-05-29,1.8473735,2.0397954
2024,2023,Norte De Santander,2023-05-22,2,2023-06-05,1.966559,2.115333
2024,2023,Norte De Santander,2023-05-22,3,2023-06-12,1.370632,2.1319802
2024,2023,Norte De Santander,2023-05-22,4,2023-06-19,2.5028932,2.130988
2024,2023,Norte De Santander,2023-05-29,1,2023-06-05,1.966559,1.8002899
2024,2023,Norte De Santander,2023-05-29,2,2023-06-12,1.370632,1.8553878
2024,2023,Norte De Santander,2023-05-29,3,2023-06-19,2.5028932,1.8555669
2024,2023,Norte De Santander,2023-05-29,4,2023-06-26,2.6220787,1.8499206
2024,2023,Norte De Santander,2023-06-05,1,2023-06-12,1.370632,2.093074
2024,2023,Norte De Santander,2023-06-05,2,2023-06-19,2.5028932,2.1009789
2024,2023,Norte De Santander,2023-06-05,3,2023-06-26,2.6220787,2.114134
2024,2023,Norte De Santander,2023-06-05,4,2023-07-03,2.3837078,2.1188445
2024,2023,Norte De Santander,2023-06-12,1,2023-06-19,2.5028932,2.4219854
2024,2023,Norte De Santander,2023-06-12,2,2023-06-26,2.6220787,2.3984563
2024,2023,Norte De Santander,2023-06-12,3,2023-07-03,2.3837078,2.432231
2024,2023,Norte De Santander,2023-06-12,4,2023-07-10,3.5159688,2.4304552
2024,2023,Norte De Santander,2023-06-19,1,2023-06-26,2.6220787,2.169933
2024,2023,Norte De Santander,2023-06-19,2,2023-07-03,2.3837078,2.1826706
2024,2023,Norte De Santander,2023-06-19,3,2023-07-10,3.5159688,2.2437627
2024,2023,Norte De Santander,2023-06-19,4,2023-07-17,2.2645223,2.1839788
2024,2023,Norte De Santander,2023-06-26,1,2023-07-03,2.3837078,2.5657103
2024,2023,Norte De Santander,2023-06-26,2,2023-07-10,3.5159688,2.5594277
2024,2023,Norte De Santander,2023-06-26,3,2023-07-17,2.2645223,2.576537
2024,2023,Norte De Santander,2023-06-26,4,2023-07-24,3.8735256,2.5870714
2024,2023,Norte De Santander,2023-07-03,1,2023-07-10,3.5159688,2.9014342
2024,2023,Norte De Santander,2023-07-03,2,2023-07-17,2.2645223,2.862654
2024,2023,Norte De Santander,2023-07-03,3,2023-07-24,3.8735256,2.8500957
2024,2023,Norte De Santander,2023-07-03,4,2023-07-31,3.7543397,2.8825717
2024,2023,Norte De Santander,2023-07-10,1,2023-07-17,2.2645223,2.898674
2024,2023,Norte De Santander,2023-07-10,2,2023-07-24,3.8735256,2.855794
2024,2023,Norte De Santander,2023-07-10,3,2023-07-31,3.7543397,2.7956548
2024,2023,Norte De Santander,2023-07-10,4,2023-08-07,3.6351542,2.8255637
2024,2023,Norte De Santander,2023-07-17,1,2023-07-24,3.8735256,3.6477246
2024,2023,Norte De Santander,2023-07-17,2,2023-07-31,3.7543397,3.605786
2024,2023,Norte De Santander,2023-07-17,3,2023-08-07,3.6351542,3.5816212
2024,2023,Norte De Santander,2023-07-17,4,2023-08-14,3.9927104,3.5808275
2024,2023,Norte De Santander,2023-07-24,1,2023-07-31,3.7543397,3.2725558
2024,2023,Norte De Santander,2023-07-24,2,2023-08-07,3.6351542,3.2845798
2024,2023,Norte De Santander,2023-07-24,3,2023-08-14,3.9927104,3.2821589
2024,2023,Norte De Santander,2023-07-24,4,2023-08-21,3.3967838,3.3078604
2024,2023,Norte De Santander,2023-07-31,1,2023-08-07,3.6351542,4.018237
2024,2023,Norte De Santander,2023-07-31,2,2023-08-14,3.9927104,4.0007887
2024,2023,Norte De Santander,2023-07-31,3,2023-08-21,3.3967838,4.0222607
2024,2023,Norte De Santander,2023-07-31,4,2023-08-28,4.4694524,3.959783
2024,2023,Norte De Santander,2023-08-07,1,2023-08-14,3.9927104,4.2919893
2024,2023,Norte De Santander,2023-08-07,2,2023-08-21,3.3967838,4.2556643
2024,2023,Norte De Santander,2023-08-07,3,2023-08-28,4.4694524,4.221639
2024,2023,Norte De Santander,2023-08-07,4,2023-09-04,4.8270082,4.148676
2024,2023,Norte De Santander,2023-08-14,1,2023-08-21,3.3967838,4.3505726
2024,2023,Norte De Santander,2023-08-14,2,2023-08-28,4.4694524,4.282776
2024,2023,Norte De Santander,2023-08-14,3,2023-09-04,4.8270082,4.2286053
2024,2023,Norte De Santander,2023-08-14,4,2023-09-11,4.6482306,4.2338586
2024,2023,Norte De Santander,2023-08-21,1,2023-08-28,4.4694524,4.3146076
2024,2023,Norte De Santander,2023-08-21,2,2023-09-04,4.8270082,4.282679
2024,2023,Norte De Santander,2023-08-21,3,2023-09-11,4.6482306,4.3204007
2024,2023,Norte De Santander,2023-08-21,4,2023-09-18,4.7674155,4.32681
2024,2023,Norte De Santander,2023-08-28,1,2023-09-04,4.8270082,4.2149515
2024,2023,Norte De Santander,2023-08-28,2,2023-09-11,4.6482306,4.2030234
2024,2023,Norte De Santander,2023-08-28,3,2023-09-18,4.7674155,4.201868
2024,2023,Norte De Santander,2023-08-28,4,2023-09-25,5.1249714,4.2142105
2024,2023,Norte De Santander,2023-09-04,1,2023-09-11,4.6482306,4.8678503
2024,2023,Norte De Santander,2023-09-04,2,2023-09-18,4.7674155,4.9013615
2024,2023,Norte De Santander,2023-09-04,3,2023-09-25,5.1249714,4.967511
2024,2023,Norte De Santander,2023-09-04,4,2023-10-02,3.6947474,5.0185094
2024,2023,Norte De Santander,2023-09-11,1,2023-09-18,4.7674155,5.6241693
2024,2023,Norte De Santander,2023-09-11,2,2023-09-25,5.1249714,5.5935683
2024,2023,Norte De Santander,2023-09-11,3,2023-10-02,3.6947474,5.6865783
2024,2023,Norte De Santander,2023-09-11,4,2023-10-09,4.171489,5.6084967
2024,2023,Norte De Santander,2023-09-18,1,2023-09-25,5.1249714,5.5148673
2024,2023,Norte De Santander,2023-09-18,2,2023-10-02,3.6947474,5.528345
2024,2023,Norte De Santander,2023-09-18,3,2023-10-09,4.171489,5.5513887
2024,2023,Norte De Santander,2023-09-18,4,2023-10-16,6.19764,5.49854
2024,2023,Norte De Santander,2023-09-25,1,2023-10-02,3.6947474,5.57558
2024,2023,Norte De Santander,2023-09-25,2,2023-10-09,4.171489,5.6176248
2024,2023,Norte De Santander,2023-09-25,3,2023-10-16,6.19764,5.677135
2024,2023,Norte De Santander,2023-09-25,4,2023-10-23,5.065379,5.685172
2024,2023,Norte De Santander,2023-10-02,1,2023-10-09,4.171489,5.8243017
2024,2023,Norte De Santander,2023-10-02,2,2023-10-16,6.19764,5.8686748
2024,2023,Norte De Santander,2023-10-02,3,2023-10-23,5.065379,5.967201
2024,2023,Norte De Santander,2023-10-02,4,2023-10-30,4.9461937,6.0655656
2024,2023,Norte De Santander,2023-10-09,1,2023-10-16,6.19764,4.945162
2024,2023,Norte De Santander,2023-10-09,2,2023-10-23,5.065379,4.9433813
2024,2023,Norte De Santander,2023-10-09,3,2023-10-30,4.9461937,5.0078716
2024,2023,Norte De Santander,2023-10-09,4,2023-11-06,5.3633423,5.0327983
2024,2023,Norte De Santander,2023-10-16,1,2023-10-23,5.065379,4.9793034
2024,2023,Norte De Santander,2023-10-16,2,2023-10-30,4.9461937,4.993735
2024,2023,Norte De Santander,2023-10-16,3,2023-11-06,5.3633423,5.0958524
2024,2023,Norte De Santander,2023-10-16,4,2023-11-13,5.720899,5.1607847
2024,2023,Norte De Santander,2023-10-23,1,2023-10-30,4.9461937,6.1446133
2024,2023,Norte De Santander,2023-10-23,2,2023-11-06,5.3633423,6.2394843
2024,2023,Norte De Santander,2023-10-23,3,2023-11-13,5.720899,6.501515
2024,2023,Norte De Santander,2023-10-23,4,2023-11-20,6.7935677,6.6340046
2024,2023,Norte De Santander,2023-10-30,1,2023-11-06,5.3633423,5.7766647
2024,2023,Norte De Santander,2023-10-30,2,2023-11-13,5.720899,5.894968
2024,2023,Norte De Santander,2023-10-30,3,2023-11-20,6.7935677,6.090517
2024,2023,Norte De Santander,2023-10-30,4,2023-11-27,5.661306,6.1802125
2024,2023,Norte De Santander,2023-11-06,1,2023-11-13,5.720899,5.595884
2024,2023,Norte De Santander,2023-11-06,2,2023-11-20,6.7935677,5.6383986
2024,2023,Norte De Santander,2023-11-06,3,2023-11-27,5.661306,5.75484
2024,2023,Norte De Santander,2023-11-06,4,2023-12-04,6.436011,5.885054
2024,2023,Norte De Santander,2023-11-13,1,2023-11-20,6.7935677,6.4125185
2024,2023,Norte De Santander,2023-11-13,2,2023-11-27,5.661306,6.3303866
2024,2023,Norte De Santander,2023-11-13,3,2023-12-04,6.436011,6.5185843
2024,2023,Norte De Santander,2023-11-13,4,2023-12-11,6.8531594,6.5886903
2024,2023,Norte De Santander,2023-11-20,1,2023-11-27,5.661306,6.689036
2024,2023,Norte De Santander,2023-11-20,2,2023-12-04,6.436011,6.563502
2024,2023,Norte De Santander,2023-11-20,3,2023-12-11,6.8531594,6.6649213
2024,2023,Norte De Santander,2023-11-20,4,2023-12-18,7.985421,6.6957335
2024,2023,Norte De Santander,2023-11-27,1,2023-12-04,6.436011,7.375607
2024,2023,Norte De Santander,2023-11-27,2,2023-12-11,6.8531594,7.208019
2024,2023,Norte De Santander,2023-11-27,3,2023-12-18,7.985421,7.2577915
2024,2023,Norte De Santander,2023-11-27,4,2023-12-25,7.8066435,7.171901
2024,2023,Putumayo,2023-04-17,1,2023-04-24,6.580316,6.898652
2024,2023,Putumayo,2023-04-17,2,2023-05-01,9.475654,6.7246566
2024,2023,Putumayo,2023-04-17,3,2023-05-08,6.317103,6.7076526
2024,2023,Putumayo,2023-04-17,4,2023-05-15,5.0010395,6.602413
2024,2023,Putumayo,2023-04-24,1,2023-05-01,9.475654,7.0289235
2024,2023,Putumayo,2023-04-24,2,2023-05-08,6.317103,6.6616764
2024,2023,Putumayo,2023-04-24,3,2023-05-15,5.0010395,6.49415
2024,2023,Putumayo,2023-04-24,4,2023-05-22,5.264252,6.162931
2024,2023,Putumayo,2023-05-01,1,2023-05-08,6.317103,6.3883867
2024,2023,Putumayo,2023-05-01,2,2023-05-15,5.0010395,5.839738
2024,2023,Putumayo,2023-05-01,3,2023-05-22,5.264252,5.605017
2024,2023,Putumayo,2023-05-01,4,2023-05-29,6.317103,5.295215
2024,2023,Putumayo,2023-05-08,1,2023-05-15,5.0010395,7.4192104
2024,2023,Putumayo,2023-05-08,2,2023-05-22,5.264252,6.923179
2024,2023,Putumayo,2023-05-08,3,2023-05-29,6.317103,6.6958585
2024,2023,Putumayo,2023-05-08,4,2023-06-05,4.4746146,6.5784802
2024,2023,Putumayo,2023-05-15,1,2023-05-22,5.264252,6.4852858
2024,2023,Putumayo,2023-05-15,2,2023-05-29,6.317103,5.9841213
2024,2023,Putumayo,2023-05-15,3,2023-06-05,4.4746146,5.5938787
2024,2023,Putumayo,2023-05-15,4,2023-06-12,3.4217641,5.4501886
2024,2023,Putumayo,2023-05-22,1,2023-05-29,6.317103,5.0947742
2024,2023,Putumayo,2023-05-22,2,2023-06-05,4.4746146,4.6554956
2024,2023,Putumayo,2023-05-22,3,2023-06-12,3.4217641,4.3194914
2024,2023,Putumayo,2023-05-22,4,2023-06-19,5.7906775,4.2277303
2024,2023,Putumayo,2023-05-29,1,2023-06-05,4.4746146,4.9994993
2024,2023,Putumayo,2023-05-29,2,2023-06-12,3.4217641,4.5373993
2024,2023,Putumayo,2023-05-29,3,2023-06-19,5.7906775,4.304644
2024,2023,Putumayo,2023-05-29,4,2023-06-26,2.8953388,4.208136
2024,2023,Putumayo,2023-06-05,1,2023-06-12,3.4217641,5.33673
2024,2023,Putumayo,2023-06-05,2,2023-06-19,5.7906775,4.863134
2024,2023,Putumayo,2023-06-05,3,2023-06-26,2.8953388,4.6986885
2024,2023,Putumayo,2023-06-05,4,2023-07-03,3.1585517,4.6640162
2024,2023,Putumayo,2023-06-12,1,2023-06-19,5.7906775,4.5378313
2024,2023,Putumayo,2023-06-12,2,2023-06-26,2.8953388,4.1450124
2024,2023,Putumayo,2023-06-12,3,2023-07-03,3.1585517,3.9046826
2024,2023,Putumayo,2023-06-12,4,2023-07-10,5.527465,3.7797308
2024,2023,Putumayo,2023-06-19,1,2023-06-26,2.8953388,3.6088262
2024,2023,Putumayo,2023-06-19,2,2023-07-03,3.1585517,3.2528539
2024,2023,Putumayo,2023-06-19,3,2023-07-10,5.527465,3.0888965
2024,2023,Putumayo,2023-06-19,4,2023-07-17,4.211402,3.0190337
2024,2023,Putumayo,2023-06-26,1,2023-07-03,3.1585517,4.2401237
2024,2023,Putumayo,2023-06-26,2,2023-07-10,5.527465,3.8692317
2024,2023,Putumayo,2023-06-26,3,2023-07-17,4.211402,3.7375124
2024,2023,Putumayo,2023-06-26,4,2023-07-24,5.7906775,3.6541817
2024,2023,Putumayo,2023-07-03,1,2023-07-10,5.527465,3.3599963
2024,2023,Putumayo,2023-07-03,2,2023-07-17,4.211402,3.0604396
2024,2023,Putumayo,2023-07-03,3,2023-07-24,5.7906775,2.9730544
2024,2023,Putumayo,2023-07-03,4,2023-07-31,4.4746146,2.9080472
2024,2023,Putumayo,2023-07-10,1,2023-07-17,4.211402,2.926855
2024,2023,Putumayo,2023-07-10,2,2023-07-24,5.7906775,2.6849458
2024,2023,Putumayo,2023-07-10,3,2023-07-31,4.4746146,2.5602286
2024,2023,Putumayo,2023-07-10,4,2023-08-07,3.6849763,2.4927642
2024,2023,Putumayo,2023-07-17,1,2023-07-24,5.7906775,3.601533
2024,2023,Putumayo,2023-07-17,2,2023-07-31,4.4746146,3.3050394
2024,2023,Putumayo,2023-07-17,3,2023-08-07,3.6849763,3.1513424
2024,2023,Putumayo,2023-07-17,4,2023-08-14,3.1585517,3.0437605
2024,2023,Putumayo,2023-07-24,1,2023-07-31,4.4746146,3.325482
2024,2023,Putumayo,2023-07-24,2,2023-08-07,3.6849763,3.036318
2024,2023,Putumayo,2023-07-24,3,2023-08-14,3.1585517,2.9410806
2024,2023,Putumayo,2023-07-24,4,2023-08-21,2.632126,2.8991764
2024,2023,Putumayo,2023-07-31,1,2023-08-07,3.6849763,3.6254582
2024,2023,Putumayo,2023-07-31,2,2023-08-14,3.1585517,3.322298
2024,2023,Putumayo,2023-07-31,3,2023-08-21,2.632126,3.174242
2024,2023,Putumayo,2023-07-31,4,2023-08-28,3.4217641,2.9943526
2024,2023,Putumayo,2023-08-07,1,2023-08-14,3.1585517,3.601603
2024,2023,Putumayo,2023-08-07,2,2023-08-21,2.632126,3.279594
2024,2023,Putumayo,2023-08-07,3,2023-08-28,3.4217641,3.0952272
2024,2023,Putumayo,2023-08-07,4,2023-09-04,1.5792757,2.9436913
2024,2023,Putumayo,2023-08-14,1,2023-08-21,2.632126,3.1410306
2024,2023,Putumayo,2023-08-14,2,2023-08-28,3.4217641,2.925492
2024,2023,Putumayo,2023-08-14,3,2023-09-04,1.5792757,2.792905
2024,2023,Putumayo,2023-08-14,4,2023-09-11,2.1057007,2.6803973
2024,2023,Putumayo,2023-08-21,1,2023-08-28,3.4217641,2.8322103
2024,2023,Putumayo,2023-08-21,2,2023-09-04,1.5792757,2.694236
2024,2023,Putumayo,2023-08-21,3,2023-09-11,2.1057007,2.6171243
2024,2023,Putumayo,2023-08-21,4,2023-09-18,3.1585517,2.4650488
2024,2023,Putumayo,2023-08-28,1,2023-09-04,1.5792757,2.488637
2024,2023,Putumayo,2023-08-28,2,2023-09-11,2.1057007,2.343961
2024,2023,Putumayo,2023-08-28,3,2023-09-18,3.1585517,2.311349
2024,2023,Putumayo,2023-08-28,4,2023-09-25,0.7896378,2.2328525
2024,2023,Putumayo,2023-09-04,1,2023-09-11,2.1057007,2.6188712
2024,2023,Putumayo,2023-09-04,2,2023-09-18,3.1585517,2.5065048
2024,2023,Putumayo,2023-09-04,3,2023-09-25,0.7896378,2.426326
2024,2023,Putumayo,2023-09-04,4,2023-10-02,0.7896378,2.4025023
2024,2023,Putumayo,2023-09-11,1,2023-09-18,3.1585517,2.056509
2024,2023,Putumayo,2023-09-11,2,2023-09-25,0.7896378,2.0166907
2024,2023,Putumayo,2023-09-11,3,2023-10-02,0.7896378,1.9825842
2024,2023,Putumayo,2023-09-11,4,2023-10-09,3.1585517,2.0356266
2024,2023,Putumayo,2023-09-18,1,2023-09-25,0.7896378,1.8986655
2024,2023,Putumayo,2023-09-18,2,2023-10-02,0.7896378,1.9220921
2024,2023,Putumayo,2023-09-18,3,2023-10-09,3.1585517,1.8984551
2024,2023,Putumayo,2023-09-18,4,2023-10-16,3.1585517,1.9222496
2024,2023,Putumayo,2023-09-25,1,2023-10-02,0.7896378,2.2113328
2024,2023,Putumayo,2023-09-25,2,2023-10-09,3.1585517,2.215425
2024,2023,Putumayo,2023-09-25,3,2023-10-16,3.1585517,2.1999831
2024,2023,Putumayo,2023-09-25,4,2023-10-23,2.3689137,2.2976005
2024,2023,Putumayo,2023-10-02,1,2023-10-09,3.1585517,1.8220435
2024,2023,Putumayo,2023-10-02,2,2023-10-16,3.1585517,1.8892378
2024,2023,Putumayo,2023-10-02,3,2023-10-23,2.3689137,1.8762811
2024,2023,Putumayo,2023-10-02,4,2023-10-30,5.7906775,2.0233426
2024,2023,Putumayo,2023-10-09,1,2023-10-16,3.1585517,1.6614097
2024,2023,Putumayo,2023-10-09,2,2023-10-23,2.3689137,1.7315015
2024,2023,Putumayo,2023-10-09,3,2023-10-30,5.7906775,1.7242985
2024,2023,Putumayo,2023-10-09,4,2023-11-06,3.948189,1.8697097
2024,2023,Putumayo,2023-10-16,1,2023-10-23,2.3689137,2.1481764
2024,2023,Putumayo,2023-10-16,2,2023-10-30,5.7906775,2.1823585
2024,2023,Putumayo,2023-10-16,3,2023-11-06,3.948189,2.2084768
2024,2023,Putumayo,2023-10-16,4,2023-11-13,3.1585517,2.3628793
2024,2023,Putumayo,2023-10-23,1,2023-10-30,5.7906775,2.5669453
2024,2023,Putumayo,2023-10-23,2,2023-11-06,3.948189,2.6000519
2024,2023,Putumayo,2023-10-23,3,2023-11-13,3.1585517,2.6870093
2024,2023,Putumayo,2023-10-23,4,2023-11-20,5.0010395,2.920765
2024,2023,Putumayo,2023-10-30,1,2023-11-06,3.948189,2.6924841
2024,2023,Putumayo,2023-10-30,2,2023-11-13,3.1585517,2.8172593
2024,2023,Putumayo,2023-10-30,3,2023-11-20,5.0010395,2.9874732
2024,2023,Putumayo,2023-10-30,4,2023-11-27,3.4217641,3.2595909
2024,2023,Putumayo,2023-11-06,1,2023-11-13,3.1585517,3.4645467
2024,2023,Putumayo,2023-11-06,2,2023-11-20,5.0010395,3.5917978
2024,2023,Putumayo,2023-11-06,3,2023-11-27,3.4217641,3.7887774
2024,2023,Putumayo,2023-11-06,4,2023-12-04,6.8435287,4.101763
2024,2023,Putumayo,2023-11-13,1,2023-11-20,5.0010395,3.7677336
2024,2023,Putumayo,2023-11-13,2,2023-11-27,3.4217641,3.9447544
2024,2023,Putumayo,2023-11-13,3,2023-12-04,6.8435287,4.2443933
2024,2023,Putumayo,2023-11-13,4,2023-12-11,7.3699536,4.6633573
2024,2023,Putumayo,2023-11-20,1,2023-11-27,3.4217641,3.9434123
2024,2023,Putumayo,2023-11-20,2,2023-12-04,6.8435287,4.2233677
2024,2023,Putumayo,2023-11-20,3,2023-12-11,7.3699536,4.5517516
2024,2023,Putumayo,2023-11-20,4,2023-12-18,5.264252,4.990935
2024,2023,Putumayo,2023-11-27,1,2023-12-04,6.8435287,4.3180547
2024,2023,Putumayo,2023-11-27,2,2023-12-11,7.3699536,4.5685267
2024,2023,Putumayo,2023-11-27,3,2023-12-18,5.264252,4.922467
2024,2023,Putumayo,2023-11-27,4,2023-12-25,7.3699536,5.2514215
2024,2023,Quindio,2023-04-17,1,2023-04-24,0.5404237,0.21711574
2024,2023,Quindio,2023-04-17,2,2023-05-01,0.5404237,0.24093549
2024,2023,Quindio,2023-04-17,3,2023-05-08,0.36028248,0.24337572
2024,2023,Quindio,2023-04-17,4,2023-05-15,0.36028248,0.25511757
2024,2023,Quindio,2023-04-24,1,2023-05-01,0.5404237,0.18527012
2024,2023,Quindio,2023-04-24,2,2023-05-08,0.36028248,0.20621006
2024,2023,Quindio,2023-04-24,3,2023-05-15,0.36028248,0.21494195
2024,2023,Quindio,2023-04-24,4,2023-05-22,0.18014124,0.21289326
2024,2023,Quindio,2023-05-01,1,2023-05-08,0.36028248,0.20681758
2024,2023,Quindio,2023-05-01,2,2023-05-15,0.36028248,0.22373366
2024,2023,Quindio,2023-05-01,3,2023-05-22,0.18014124,0.21725786
2024,2023,Quindio,2023-05-01,4,2023-05-29,0.18014124,0.2238713
2024,2023,Quindio,2023-05-08,1,2023-05-15,0.36028248,0.2235889
2024,2023,Quindio,2023-05-08,2,2023-05-22,0.18014124,0.2351722
2024,2023,Quindio,2023-05-08,3,2023-05-29,0.18014124,0.22475652
2024,2023,Quindio,2023-05-08,4,2023-06-05,0.36028248,0.24058257
2024,2023,Quindio,2023-05-15,1,2023-05-22,0.18014124,0.26036647
2024,2023,Quindio,2023-05-15,2,2023-05-29,0.18014124,0.28044882
2024,2023,Quindio,2023-05-15,3,2023-06-05,0.36028248,0.2647904
2024,2023,Quindio,2023-05-15,4,2023-06-12,0.18014124,0.2759566
2024,2023,Quindio,2023-05-22,1,2023-05-29,0.18014124,0.2192814
2024,2023,Quindio,2023-05-22,2,2023-06-05,0.36028248,0.2280446
2024,2023,Quindio,2023-05-22,3,2023-06-12,0.18014124,0.21068536
2024,2023,Quindio,2023-05-22,4,2023-06-19,0.0,0.21858996
2024,2023,Quindio,2023-05-29,1,2023-06-05,0.36028248,0.1718144
2024,2023,Quindio,2023-05-29,2,2023-06-12,0.18014124,0.1792468
2024,2023,Quindio,2023-05-29,3,2023-06-19,0.0,0.16647808
2024,2023,Quindio,2023-05-29,4,2023-06-26,0.18014124,0.16786985
2024,2023,Quindio,2023-06-05,1,2023-06-12,0.18014124,0.14362969
2024,2023,Quindio,2023-06-05,2,2023-06-19,0.0,0.13392048
2024,2023,Quindio,2023-06-05,3,2023-06-26,0.18014124,0.13209231
2024,2023,Quindio,2023-06-05,4,2023-07-03,0.36028248,0.13094518
2024,2023,Quindio,2023-06-12,1,2023-06-19,0.0,0.15016493
2024,2023,Quindio,2023-06-12,2,2023-06-26,0.18014124,0.12829413
2024,2023,Quindio,2023-06-12,3,2023-07-03,0.36028248,0.1392629
2024,2023,Quindio,2023-06-12,4,2023-07-10,0.18014124,0.13392597
2024,2023,Quindio,2023-06-19,1,2023-06-26,0.18014124,0.16034053
2024,2023,Quindio,2023-06-19,2,2023-07-03,0.36028248,0.13386439
2024,2023,Quindio,2023-06-19,3,2023-07-10,0.18014124,0.15707895
2024,2023,Quindio,2023-06-19,4,2023-07-17,0.18014124,0.14728992
2024,2023,Quindio,2023-06-26,1,2023-07-03,0.36028248,0.12704863
2024,2023,Quindio,2023-06-26,2,2023-07-10,0.18014124,0.10181198
2024,2023,Quindio,2023-06-26,3,2023-07-17,0.18014124,0.10971659
2024,2023,Quindio,2023-06-26,4,2023-07-24,0.5404237,0.106468916
2024,2023,Quindio,2023-07-03,1,2023-07-10,0.18014124,0.088889204
2024,2023,Quindio,2023-07-03,2,2023-07-17,0.18014124,0.077513434
2024,2023,Quindio,2023-07-03,3,2023-07-24,0.5404237,0.07562206
2024,2023,Quindio,2023-07-03,4,2023-07-31,0.7205649,0.07370256
2024,2023,Quindio,2023-07-10,1,2023-07-17,0.18014124,0.11957265
2024,2023,Quindio,2023-07-10,2,2023-07-24,0.5404237,0.117012195
2024,2023,Quindio,2023-07-10,3,2023-07-31,0.7205649,0.11853812
2024,2023,Quindio,2023-07-10,4,2023-08-07,0.18014124,0.11645357
2024,2023,Quindio,2023-07-17,1,2023-07-24,0.5404237,0.120822445
2024,2023,Quindio,2023-07-17,2,2023-07-31,0.7205649,0.12148264
2024,2023,Quindio,2023-07-17,3,2023-08-07,0.18014124,0.1152333
2024,2023,Quindio,2023-07-17,4,2023-08-14,0.5404237,0.12156437
2024,2023,Quindio,2023-07-24,1,2023-07-31,0.7205649,0.11103911
2024,2023,Quindio,2023-07-24,2,2023-08-07,0.18014124,0.11039803
2024,2023,Quindio,2023-07-24,3,2023-08-14,0.5404237,0.109302156
2024,2023,Quindio,2023-07-24,4,2023-08-21,0.90070623,0.116248235
2024,2023,Quindio,2023-07-31,1,2023-08-07,0.18014124,0.15108296
2024,2023,Quindio,2023-07-31,2,2023-08-14,0.5404237,0.14769015
2024,2023,Quindio,2023-07-31,3,2023-08-21,0.90070623,0.14141142
2024,2023,Quindio,2023-07-31,4,2023-08-28,1.0808474,0.15351781
2024,2023,Quindio,2023-08-07,1,2023-08-14,0.5404237,0.19953258
2024,2023,Quindio,2023-08-07,2,2023-08-21,0.90070623,0.19532163
2024,2023,Quindio,2023-08-07,3,2023-08-28,1.0808474,0.1856399
2024,2023,Quindio,2023-08-07,4,2023-09-04,0.5404237,0.2033428
2024,2023,Quindio,2023-08-14,1,2023-08-21,0.90070623,0.16430202
2024,2023,Quindio,2023-08-14,2,2023-08-28,1.0808474,0.1580393
2024,2023,Quindio,2023-08-14,3,2023-09-04,0.5404237,0.15492596
2024,2023,Quindio,2023-08-14,4,2023-09-11,0.5404237,0.16297162
2024,2023,Quindio,2023-08-21,1,2023-08-28,1.0808474,0.17979173
2024,2023,Quindio,2023-08-21,2,2023-09-04,0.5404237,0.18187457
2024,2023,Quindio,2023-08-21,3,2023-09-11,0.5404237,0.18183675
2024,2023,Quindio,2023-08-21,4,2023-09-18,1.2609886,0.18466203
2024,2023,Quindio,2023-08-28,1,2023-09-04,0.5404237,0.31609944
2024,2023,Quindio,2023-08-28,2,2023-09-11,0.5404237,0.32701907
2024,2023,Quindio,2023-08-28,3,2023-09-18,1.2609886,0.29981294
2024,2023,Quindio,2023-08-28,4,2023-09-25,1.4411299,0.32514766
2024,2023,Quindio,2023-09-04,1,2023-09-11,0.5404237,0.44279346
2024,2023,Quindio,2023-09-04,2,2023-09-18,1.2609886,0.46213266
2024,2023,Quindio,2023-09-04,3,2023-09-25,1.4411299,0.4404283
2024,2023,Quindio,2023-09-04,4,2023-10-02,1.6212711,0.49358124
2024,2023,Quindio,2023-09-11,1,2023-09-18,1.2609886,0.43095922
2024,2023,Quindio,2023-09-11,2,2023-09-25,1.4411299,0.4499307
2024,2023,Quindio,2023-09-11,3,2023-10-02,1.6212711,0.4407965
2024,2023,Quindio,2023-09-11,4,2023-10-09,1.8014123,0.4803503
2024,2023,Quindio,2023-09-18,1,2023-09-25,1.4411299,0.49712488
2024,2023,Quindio,2023-09-18,2,2023-10-02,1.6212711,0.4909009
2024,2023,Quindio,2023-09-18,3,2023-10-09,1.8014123,0.47895724
2024,2023,Quindio,2023-09-18,4,2023-10-16,1.6212711,0.51878166
2024,2023,Quindio,2023-09-25,1,2023-10-02,1.6212711,0.6759016
2024,2023,Quindio,2023-09-25,2,2023-10-09,1.8014123,0.66768235
2024,2023,Quindio,2023-09-25,3,2023-10-16,1.6212711,0.65831405
2024,2023,Quindio,2023-09-25,4,2023-10-23,1.4411299,0.7090379
2024,2023,Quindio,2023-10-02,1,2023-10-09,1.8014123,0.78437346
2024,2023,Quindio,2023-10-02,2,2023-10-16,1.6212711,0.8122371
2024,2023,Quindio,2023-10-02,3,2023-10-23,1.4411299,0.80650365
2024,2023,Quindio,2023-10-02,4,2023-10-30,1.0808474,0.87316835
2024,2023,Quindio,2023-10-09,1,2023-10-16,1.6212711,0.9220546
2024,2023,Quindio,2023-10-09,2,2023-10-23,1.4411299,0.9719166
2024,2023,Quindio,2023-10-09,3,2023-10-30,1.0808474,0.9695674
2024,2023,Quindio,2023-10-09,4,2023-11-06,0.7205649,1.0461673
2024,2023,Quindio,2023-10-16,1,2023-10-23,1.4411299,1.2951893
2024,2023,Quindio,2023-10-16,2,2023-10-30,1.0808474,1.3135853
2024,2023,Quindio,2023-10-16,3,2023-11-06,0.7205649,1.307831
2024,2023,Quindio,2023-10-16,4,2023-11-13,1.8014123,1.4032238
2024,2023,Quindio,2023-10-23,1,2023-10-30,1.0808474,1.5152242
2024,2023,Quindio,2023-10-23,2,2023-11-06,0.7205649,1.5379812
2024,2023,Quindio,2023-10-23,3,2023-11-13,1.8014123,1.5644386
2024,2023,Quindio,2023-10-23,4,2023-11-20,1.6212711,1.6699119
2024,2023,Quindio,2023-10-30,1,2023-11-06,0.7205649,1.5101603
2024,2023,Quindio,2023-10-30,2,2023-11-13,1.8014123,1.50183
2024,2023,Quindio,2023-10-30,3,2023-11-20,1.6212711,1.5109215
2024,2023,Quindio,2023-10-30,4,2023-11-27,2.8822598,1.6108441
2024,2023,Quindio,2023-11-06,1,2023-11-13,1.8014123,1.395686
2024,2023,Quindio,2023-11-06,2,2023-11-20,1.6212711,1.3918705
2024,2023,Quindio,2023-11-06,3,2023-11-27,2.8822598,1.3598465
2024,2023,Quindio,2023-11-06,4,2023-12-04,2.1616945,1.450074
2024,2023,Quindio,2023-11-13,1,2023-11-20,1.6212711,1.264383
2024,2023,Quindio,2023-11-13,2,2023-11-27,2.8822598,1.2863628
2024,2023,Quindio,2023-11-13,3,2023-12-04,2.1616945,1.3025426
2024,2023,Quindio,2023-11-13,4,2023-12-11,2.341836,1.4093637
2024,2023,Quindio,2023-11-20,1,2023-11-27,2.8822598,1.3910662
2024,2023,Quindio,2023-11-20,2,2023-12-04,2.1616945,1.4066602
2024,2023,Quindio,2023-11-20,3,2023-12-11,2.341836,1.3954402
2024,2023,Quindio,2023-11-20,4,2023-12-18,2.1616945,1.5112342
2024,2023,Quindio,2023-11-27,1,2023-12-04,2.1616945,1.5528414
2024,2023,Quindio,2023-11-27,2,2023-12-11,2.341836,1.573604
2024,2023,Quindio,2023-11-27,3,2023-12-18,2.1616945,1.5898137
2024,2023,Quindio,2023-11-27,4,2023-12-25,1.9815537,1.6944213
2024,2023,Risaralda,2023-04-17,1,2023-04-24,0.10087377,0.04224138
2024,2023,Risaralda,2023-04-17,2,2023-05-01,0.10087377,0.042393792
2024,2023,Risaralda,2023-04-17,3,2023-05-08,0.40349504,0.048103627
2024,2023,Risaralda,2023-04-17,4,2023-05-15,0.20174754,0.046348784
2024,2023,Risaralda,2023-04-24,1,2023-05-01,0.10087377,0.050085314
2024,2023,Risaralda,2023-04-24,2,2023-05-08,0.40349504,0.051754724
2024,2023,Risaralda,2023-04-24,3,2023-05-15,0.20174754,0.058224853
2024,2023,Risaralda,2023-04-24,4,2023-05-22,0.0,0.055934254
2024,2023,Risaralda,2023-05-01,1,2023-05-08,0.40349504,0.052326225
2024,2023,Risaralda,2023-05-01,2,2023-05-15,0.20174754,0.053885236
2024,2023,Risaralda,2023-05-01,3,2023-05-22,0.0,0.052255884
2024,2023,Risaralda,2023-05-01,4,2023-05-29,0.10087377,0.05450893
2024,2023,Risaralda,2023-05-08,1,2023-05-15,0.20174754,0.05242802
2024,2023,Risaralda,2023-05-08,2,2023-05-22,0.0,0.053015217
2024,2023,Risaralda,2023-05-08,3,2023-05-29,0.10087377,0.047984574
2024,2023,Risaralda,2023-05-08,4,2023-06-05,0.10087377,0.050748948
2024,2023,Risaralda,2023-05-15,1,2023-05-22,0.0,0.07579479
2024,2023,Risaralda,2023-05-15,2,2023-05-29,0.10087377,0.07252814
2024,2023,Risaralda,2023-05-15,3,2023-06-05,0.10087377,0.06822939
2024,2023,Risaralda,2023-05-15,4,2023-06-12,0.10087377,0.07706486
2024,2023,Risaralda,2023-05-22,1,2023-05-29,0.10087377,0.06605894
2024,2023,Risaralda,2023-05-22,2,2023-06-05,0.10087377,0.0768665
2024,2023,Risaralda,2023-05-22,3,2023-06-12,0.10087377,0.067639805
2024,2023,Risaralda,2023-05-22,4,2023-06-19,0.20174754,0.07549414
2024,2023,Risaralda,2023-05-29,1,2023-06-05,0.10087377,0.039280627
2024,2023,Risaralda,2023-05-29,2,2023-06-12,0.10087377,0.057299078
2024,2023,Risaralda,2023-05-29,3,2023-06-19,0.20174754,0.052589267
2024,2023,Risaralda,2023-05-29,4,2023-06-26,0.20174754,0.055551723
2024,2023,Risaralda,2023-06-05,1,2023-06-12,0.10087377,0.043386493
2024,2023,Risaralda,2023-06-05,2,2023-06-19,0.20174754,0.05377969
2024,2023,Risaralda,2023-06-05,3,2023-06-26,0.20174754,0.051972266
2024,2023,Risaralda,2023-06-05,4,2023-07-03,0.10087377,0.047810625
2024,2023,Risaralda,2023-06-12,1,2023-06-19,0.20174754,0.04706306
2024,2023,Risaralda,2023-06-12,2,2023-06-26,0.20174754,0.045442607
2024,2023,Risaralda,2023-06-12,3,2023-07-03,0.10087377,0.0456464
2024,2023,Risaralda,2023-06-12,4,2023-07-10,0.40349504,0.041442536
2024,2023,Risaralda,2023-06-19,1,2023-06-26,0.20174754,0.052566353
2024,2023,Risaralda,2023-06-19,2,2023-07-03,0.10087377,0.044868704
2024,2023,Risaralda,2023-06-19,3,2023-07-10,0.40349504,0.051499933
2024,2023,Risaralda,2023-06-19,4,2023-07-17,0.0,0.045119572
2024,2023,Risaralda,2023-06-26,1,2023-07-03,0.10087377,0.060614605
2024,2023,Risaralda,2023-06-26,2,2023-07-10,0.40349504,0.05376939
2024,2023,Risaralda,2023-06-26,3,2023-07-17,0.0,0.052685097
2024,2023,Risaralda,2023-06-26,4,2023-07-24,0.10087377,0.05461151
2024,2023,Risaralda,2023-07-03,1,2023-07-10,0.40349504,0.06208595
2024,2023,Risaralda,2023-07-03,2,2023-07-17,0.0,0.058646105
2024,2023,Risaralda,2023-07-03,3,2023-07-24,0.10087377,0.053620603
2024,2023,Risaralda,2023-07-03,4,2023-07-31,0.10087377,0.058449116
2024,2023,Risaralda,2023-07-10,1,2023-07-17,0.0,0.057202477
2024,2023,Risaralda,2023-07-10,2,2023-07-24,0.10087377,0.061677463
2024,2023,Risaralda,2023-07-10,3,2023-07-31,0.10087377,0.058724217
2024,2023,Risaralda,2023-07-10,4,2023-08-07,0.6052426,0.055957276
2024,2023,Risaralda,2023-07-17,1,2023-07-24,0.10087377,0.07616082
2024,2023,Risaralda,2023-07-17,2,2023-07-31,0.10087377,0.08084521
2024,2023,Risaralda,2023-07-17,3,2023-08-07,0.6052426,0.07179976
2024,2023,Risaralda,2023-07-17,4,2023-08-14,0.6052426,0.07366124
2024,2023,Risaralda,2023-07-24,1,2023-07-31,0.10087377,0.062323242
2024,2023,Risaralda,2023-07-24,2,2023-08-07,0.6052426,0.067854516
2024,2023,Risaralda,2023-07-24,3,2023-08-14,0.6052426,0.05947239
2024,2023,Risaralda,2023-07-24,4,2023-08-21,0.30262133,0.061539836
2024,2023,Risaralda,2023-07-31,1,2023-08-07,0.6052426,0.06003897
2024,2023,Risaralda,2023-07-31,2,2023-08-14,0.6052426,0.061212063
2024,2023,Risaralda,2023-07-31,3,2023-08-21,0.30262133,0.057377163
2024,2023,Risaralda,2023-07-31,4,2023-08-28,0.6052426,0.056980547
2024,2023,Risaralda,2023-08-07,1,2023-08-14,0.6052426,0.057365898
2024,2023,Risaralda,2023-08-07,2,2023-08-21,0.30262133,0.057762675
2024,2023,Risaralda,2023-08-07,3,2023-08-28,0.6052426,0.04957409
2024,2023,Risaralda,2023-08-07,4,2023-09-04,0.50436884,0.049598023
2024,2023,Risaralda,2023-08-14,1,2023-08-21,0.30262133,0.09121052
2024,2023,Risaralda,2023-08-14,2,2023-08-28,0.6052426,0.085988544
2024,2023,Risaralda,2023-08-14,3,2023-09-04,0.50436884,0.07718193
2024,2023,Risaralda,2023-08-14,4,2023-09-11,0.6052426,0.0809112
2024,2023,Risaralda,2023-08-21,1,2023-08-28,0.6052426,0.13483472
2024,2023,Risaralda,2023-08-21,2,2023-09-04,0.50436884,0.13285059
2024,2023,Risaralda,2023-08-21,3,2023-09-11,0.6052426,0.11733367
2024,2023,Risaralda,2023-08-21,4,2023-09-18,0.8069902,0.12016264
2024,2023,Risaralda,2023-08-28,1,2023-09-04,0.50436884,0.15542807
2024,2023,Risaralda,2023-08-28,2,2023-09-11,0.6052426,0.15856
2024,2023,Risaralda,2023-08-28,3,2023-09-18,0.8069902,0.1378733
2024,2023,Risaralda,2023-08-28,4,2023-09-25,0.40349504,0.14002416
2024,2023,Risaralda,2023-09-04,1,2023-09-11,0.6052426,0.19275627
2024,2023,Risaralda,2023-09-04,2,2023-09-18,0.8069902,0.19046755
2024,2023,Risaralda,2023-09-04,3,2023-09-25,0.40349504,0.17228009
2024,2023,Risaralda,2023-09-04,4,2023-10-02,0.8069902,0.1785504
2024,2023,Risaralda,2023-09-11,1,2023-09-18,0.8069902,0.20644002
2024,2023,Risaralda,2023-09-11,2,2023-09-25,0.40349504,0.1981225
2024,2023,Risaralda,2023-09-11,3,2023-10-02,0.8069902,0.17907178
2024,2023,Risaralda,2023-09-11,4,2023-10-09,0.70611644,0.19266063
2024,2023,Risaralda,2023-09-18,1,2023-09-25,0.40349504,0.25191966
2024,2023,Risaralda,2023-09-18,2,2023-10-02,0.8069902,0.24020284
2024,2023,Risaralda,2023-09-18,3,2023-10-09,0.70611644,0.21655367
2024,2023,Risaralda,2023-09-18,4,2023-10-16,0.40349504,0.23618959
2024,2023,Risaralda,2023-09-25,1,2023-10-02,0.8069902,0.31734094
2024,2023,Risaralda,2023-09-25,2,2023-10-09,0.70611644,0.31591702
2024,2023,Risaralda,2023-09-25,3,2023-10-16,0.40349504,0.2895014
2024,2023,Risaralda,2023-09-25,4,2023-10-23,0.40349504,0.31831738
2024,2023,Risaralda,2023-10-02,1,2023-10-09,0.70611644,0.30879575
2024,2023,Risaralda,2023-10-02,2,2023-10-16,0.40349504,0.3244654
2024,2023,Risaralda,2023-10-02,3,2023-10-23,0.40349504,0.29773268
2024,2023,Risaralda,2023-10-02,4,2023-10-30,0.70611644,0.32688132
2024,2023,Risaralda,2023-10-09,1,2023-10-16,0.40349504,0.34879342
2024,2023,Risaralda,2023-10-09,2,2023-10-23,0.40349504,0.36806297
2024,2023,Risaralda,2023-10-09,3,2023-10-30,0.70611644,0.33532846
2024,2023,Risaralda,2023-10-09,4,2023-11-06,0.9078639,0.3624693
2024,2023,Risaralda,2023-10-16,1,2023-10-23,0.40349504,0.37965015
2024,2023,Risaralda,2023-10-16,2,2023-10-30,0.70611644,0.40280533
2024,2023,Risaralda,2023-10-16,3,2023-11-06,0.9078639,0.3670193
2024,2023,Risaralda,2023-10-16,4,2023-11-13,0.8069902,0.39762452
2024,2023,Risaralda,2023-10-23,1,2023-10-30,0.70611644,0.33902082
2024,2023,Risaralda,2023-10-23,2,2023-11-06,0.9078639,0.3653646
2024,2023,Risaralda,2023-10-23,3,2023-11-13,0.8069902,0.3458552
2024,2023,Risaralda,2023-10-23,4,2023-11-20,1.1096114,0.37180814
2024,2023,Risaralda,2023-10-30,1,2023-11-06,0.9078639,0.322813
2024,2023,Risaralda,2023-10-30,2,2023-11-13,0.8069902,0.33714128
2024,2023,Risaralda,2023-10-30,3,2023-11-20,1.1096114,0.31511238
2024,2023,Risaralda,2023-10-30,4,2023-11-27,1.2104852,0.33987027
2024,2023,Risaralda,2023-11-06,1,2023-11-13,0.8069902,0.37375382
2024,2023,Risaralda,2023-11-06,2,2023-11-20,1.1096114,0.38066584
2024,2023,Risaralda,2023-11-06,3,2023-11-27,1.2104852,0.34537572
2024,2023,Risaralda,2023-11-06,4,2023-12-04,0.8069902,0.37238675
2024,2023,Risaralda,2023-11-13,1,2023-11-20,1.1096114,0.4539064
2024,2023,Risaralda,2023-11-13,2,2023-11-27,1.2104852,0.4771038
2024,2023,Risaralda,2023-11-13,3,2023-12-04,0.8069902,0.43989637
2024,2023,Risaralda,2023-11-13,4,2023-12-11,1.0087377,0.48743734
2024,2023,Risaralda,2023-11-20,1,2023-11-27,1.2104852,0.48521447
2024,2023,Risaralda,2023-11-20,2,2023-12-04,0.8069902,0.5146663
2024,2023,Risaralda,2023-11-20,3,2023-12-11,1.0087377,0.4772275
2024,2023,Risaralda,2023-11-20,4,2023-12-18,0.8069902,0.52440345
2024,2023,Risaralda,2023-11-27,1,2023-12-04,0.8069902,0.6506725
2024,2023,Risaralda,2023-11-27,2,2023-12-11,1.0087377,0.6726931
2024,2023,Risaralda,2023-11-27,3,2023-12-18,0.8069902,0.64037216
2024,2023,Risaralda,2023-11-27,4,2023-12-25,1.311359,0.69139993
2024,2023,Santander,2023-04-17,1,2023-04-24,3.6431925,2.9511333
2024,2023,Santander,2023-04-17,2,2023-05-01,4.151545,3.0147877
2024,2023,Santander,2023-04-17,3,2023-05-08,4.659897,3.0217311
2024,2023,Santander,2023-04-17,4,2023-05-15,5.2106123,3.2096915
2024,2023,Santander,2023-04-24,1,2023-05-01,4.151545,3.5209782
2024,2023,Santander,2023-04-24,2,2023-05-08,4.659897,3.5443275
2024,2023,Santander,2023-04-24,3,2023-05-15,5.2106123,3.6139517
2024,2023,Santander,2023-04-24,4,2023-05-22,5.083524,3.7478101
2024,2023,Santander,2023-05-01,1,2023-05-08,4.659897,4.343756
2024,2023,Santander,2023-05-01,2,2023-05-15,5.2106123,4.3160033
2024,2023,Santander,2023-05-01,3,2023-05-22,5.083524,4.4127984
2024,2023,Santander,2023-05-01,4,2023-05-29,6.8627577,4.355258
2024,2023,Santander,2023-05-08,1,2023-05-15,5.2106123,5.086613
2024,2023,Santander,2023-05-08,2,2023-05-22,5.083524,5.012637
2024,2023,Santander,2023-05-08,3,2023-05-29,6.8627577,5.119832
2024,2023,Santander,2023-05-08,4,2023-06-05,6.3967676,5.0282173
2024,2023,Santander,2023-05-15,1,2023-05-22,5.083524,5.519044
2024,2023,Santander,2023-05-15,2,2023-05-29,6.8627577,5.4185753
2024,2023,Santander,2023-05-15,3,2023-06-05,6.3967676,5.5455747
2024,2023,Santander,2023-05-15,4,2023-06-12,6.3120427,5.4925575
2024,2023,Santander,2023-05-22,1,2023-05-29,6.8627577,5.5422873
2024,2023,Santander,2023-05-22,2,2023-06-05,6.3967676,5.485117
2024,2023,Santander,2023-05-22,3,2023-06-12,6.3120427,5.540498
2024,2023,Santander,2023-05-22,4,2023-06-19,5.591877,5.424642
2024,2023,Santander,2023-05-29,1,2023-06-05,6.3967676,5.5484343
2024,2023,Santander,2023-05-29,2,2023-06-12,6.3120427,5.4635944
2024,2023,Santander,2023-05-29,3,2023-06-19,5.591877,5.499925
2024,2023,Santander,2023-05-29,4,2023-06-26,6.7356706,5.411523
2024,2023,Santander,2023-06-05,1,2023-06-12,6.3120427,7.031254
2024,2023,Santander,2023-06-05,2,2023-06-19,5.591877,6.8030386
2024,2023,Santander,2023-06-05,3,2023-06-26,6.7356706,6.8520494
2024,2023,Santander,2023-06-05,4,2023-07-03,6.6509447,6.6825213
2024,2023,Santander,2023-06-12,1,2023-06-19,5.591877,7.511677
2024,2023,Santander,2023-06-12,2,2023-06-26,6.7356706,7.1191845
2024,2023,Santander,2023-06-12,3,2023-07-03,6.6509447,7.0599213
2024,2023,Santander,2023-06-12,4,2023-07-10,8.3878145,6.8694696
2024,2023,Santander,2023-06-19,1,2023-06-26,6.7356706,7.239272
2024,2023,Santander,2023-06-19,2,2023-07-03,6.6509447,6.8491426
2024,2023,Santander,2023-06-19,3,2023-07-10,8.3878145,6.764255
2024,2023,Santander,2023-06-19,4,2023-07-17,7.837101,6.5844703
2024,2023,Santander,2023-06-26,1,2023-07-03,6.6509447,6.403085
2024,2023,Santander,2023-06-26,2,2023-07-10,8.3878145,6.091315
2024,2023,Santander,2023-06-26,3,2023-07-17,7.837101,5.9955115
2024,2023,Santander,2023-06-26,4,2023-07-24,8.641991,5.847223
2024,2023,Santander,2023-07-03,1,2023-07-10,8.3878145,6.6777883
2024,2023,Santander,2023-07-03,2,2023-07-17,7.837101,6.327607
2024,2023,Santander,2023-07-03,3,2023-07-24,8.641991,6.1740694
2024,2023,Santander,2023-07-03,4,2023-07-31,9.701059,5.9813566
2024,2023,Santander,2023-07-10,1,2023-07-17,7.837101,6.586993
2024,2023,Santander,2023-07-10,2,2023-07-24,8.641991,6.1597614
2024,2023,Santander,2023-07-10,3,2023-07-31,9.701059,5.873447
2024,2023,Santander,2023-07-10,4,2023-08-07,9.9552355,5.6629014
2024,2023,Santander,2023-07-17,1,2023-07-24,8.641991,7.856764
2024,2023,Santander,2023-07-17,2,2023-07-31,9.701059,7.430167
2024,2023,Santander,2023-07-17,3,2023-08-07,9.9552355,7.2887497
2024,2023,Santander,2023-07-17,4,2023-08-14,11.268479,7.0043006
2024,2023,Santander,2023-07-24,1,2023-07-31,9.701059,7.8437996
2024,2023,Santander,2023-07-24,2,2023-08-07,9.9552355,7.5558176
2024,2023,Santander,2023-07-24,3,2023-08-14,11.268479,7.491956
2024,2023,Santander,2023-07-24,4,2023-08-21,11.988645,7.141608
2024,2023,Santander,2023-07-31,1,2023-08-07,9.9552355,8.268191
2024,2023,Santander,2023-07-31,2,2023-08-14,11.268479,8.012641
2024,2023,Santander,2023-07-31,3,2023-08-21,11.988645,7.928989
2024,2023,Santander,2023-07-31,4,2023-08-28,10.3365,7.465903
2024,2023,Santander,2023-08-07,1,2023-08-14,11.268479,8.768774
2024,2023,Santander,2023-08-07,2,2023-08-21,11.988645,8.523893
2024,2023,Santander,2023-08-07,3,2023-08-28,10.3365,8.341633
2024,2023,Santander,2023-08-07,4,2023-09-04,12.920626,7.847104
2024,2023,Santander,2023-08-14,1,2023-08-21,11.988645,9.558726
2024,2023,Santander,2023-08-14,2,2023-08-28,10.3365,9.290988
2024,2023,Santander,2023-08-14,3,2023-09-04,12.920626,9.019617
2024,2023,Santander,2023-08-14,4,2023-09-11,12.835899,8.569048
2024,2023,Santander,2023-08-21,1,2023-08-28,10.3365,10.030854
2024,2023,Santander,2023-08-21,2,2023-09-04,12.920626,9.83107
2024,2023,Santander,2023-08-21,3,2023-09-11,12.835899,9.619565
2024,2023,Santander,2023-08-21,4,2023-09-18,10.717765,9.204916
2024,2023,Santander,2023-08-28,1,2023-09-04,12.920626,10.965084
2024,2023,Santander,2023-08-28,2,2023-09-11,12.835899,10.7836075
2024,2023,Santander,2023-08-28,3,2023-09-18,10.717765,10.539547
2024,2023,Santander,2023-08-28,4,2023-09-25,14.403317,9.970283
2024,2023,Santander,2023-09-04,1,2023-09-11,12.835899,10.656939
2024,2023,Santander,2023-09-04,2,2023-09-18,10.717765,10.525022
2024,2023,Santander,2023-09-04,3,2023-09-25,14.403317,10.351582
2024,2023,Santander,2023-09-04,4,2023-10-02,12.200457,9.818584
2024,2023,Santander,2023-09-11,1,2023-09-18,10.717765,12.383604
2024,2023,Santander,2023-09-11,2,2023-09-25,14.403317,12.169446
2024,2023,Santander,2023-09-11,3,2023-10-02,12.200457,11.845341
2024,2023,Santander,2023-09-11,4,2023-10-09,14.657497,11.020603
2024,2023,Santander,2023-09-18,1,2023-09-25,14.403317,12.187318
2024,2023,Santander,2023-09-18,2,2023-10-02,12.200457,11.838583
2024,2023,Santander,2023-09-18,3,2023-10-09,14.657497,11.471867
2024,2023,Santander,2023-09-18,4,2023-10-16,14.276231,10.803537
2024,2023,Santander,2023-09-25,1,2023-10-02,12.200457,11.066842
2024,2023,Santander,2023-09-25,2,2023-10-09,14.657497,10.894829
2024,2023,Santander,2023-09-25,3,2023-10-16,14.276231,10.531681
2024,2023,Santander,2023-09-25,4,2023-10-23,12.158097,10.029802
2024,2023,Santander,2023-10-02,1,2023-10-09,14.657497,12.731646
2024,2023,Santander,2023-10-02,2,2023-10-16,14.276231,12.680932
2024,2023,Santander,2023-10-02,3,2023-10-23,12.158097,12.379957
2024,2023,Santander,2023-10-02,4,2023-10-30,11.226116,11.5460825
2024,2023,Santander,2023-10-09,1,2023-10-16,14.276231,11.894814
2024,2023,Santander,2023-10-09,2,2023-10-23,12.158097,11.748644
2024,2023,Santander,2023-10-09,3,2023-10-30,11.226116,11.358628
2024,2023,Santander,2023-10-09,4,2023-11-06,10.378862,10.4939995
2024,2023,Santander,2023-10-16,1,2023-10-23,12.158097,13.074839
2024,2023,Santander,2023-10-16,2,2023-10-30,11.226116,13.223415
2024,2023,Santander,2023-10-16,3,2023-11-06,10.378862,12.8104105
2024,2023,Santander,2023-10-16,4,2023-11-13,11.988645,11.879687
2024,2023,Santander,2023-10-23,1,2023-10-30,11.226116,13.766884
2024,2023,Santander,2023-10-23,2,2023-11-06,10.378862,13.750659
2024,2023,Santander,2023-10-23,3,2023-11-13,11.988645,13.342889
2024,2023,Santander,2023-10-23,4,2023-11-20,11.607381,12.398431
2024,2023,Santander,2023-10-30,1,2023-11-06,10.378862,12.481757
2024,2023,Santander,2023-10-30,2,2023-11-13,11.988645,12.366591
2024,2023,Santander,2023-10-30,3,2023-11-20,11.607381,11.654565
2024,2023,Santander,2023-10-30,4,2023-11-27,12.158097,10.979422
2024,2023,Santander,2023-11-06,1,2023-11-13,11.988645,10.891889
2024,2023,Santander,2023-11-06,2,2023-11-20,11.607381,10.656494
2024,2023,Santander,2023-11-06,3,2023-11-27,12.158097,9.988271
2024,2023,Santander,2023-11-06,4,2023-12-04,11.861558,9.458591
2024,2023,Santander,2023-11-13,1,2023-11-20,11.607381,10.890531
2024,2023,Santander,2023-11-13,2,2023-11-27,12.158097,10.508399
2024,2023,Santander,2023-11-13,3,2023-12-04,11.861558,9.935489
2024,2023,Santander,2023-11-13,4,2023-12-11,14.699857,9.360604
2024,2023,Santander,2023-11-20,1,2023-11-27,12.158097,11.206408
2024,2023,Santander,2023-11-20,2,2023-12-04,11.861558,10.957133
2024,2023,Santander,2023-11-20,3,2023-12-11,14.699857,10.299538
2024,2023,Santander,2023-11-20,4,2023-12-18,14.318593,9.486198
2024,2023,Santander,2023-11-27,1,2023-12-04,11.861558,11.0886545
2024,2023,Santander,2023-11-27,2,2023-12-11,14.699857,10.724986
2024,2023,Santander,2023-11-27,3,2023-12-18,14.318593,10.13487
2024,2023,Santander,2023-11-27,4,2023-12-25,13.640789,9.283483
2024,2023,Sucre,2023-04-17,1,2023-04-24,3.8837812,3.527536
2024,2023,Sucre,2023-04-17,2,2023-05-01,2.4896033,3.8783731
2024,2023,Sucre,2023-04-17,3,2023-05-08,2.6887717,3.8519654
2024,2023,Sucre,2023-04-17,4,2023-05-15,4.1825337,4.202297
2024,2023,Sucre,2023-04-24,1,2023-05-01,2.4896033,3.5992641
2024,2023,Sucre,2023-04-24,2,2023-05-08,2.6887717,3.9480593
2024,2023,Sucre,2023-04-24,3,2023-05-15,4.1825337,3.9438236
2024,2023,Sucre,2023-04-24,4,2023-05-22,3.385861,4.2260017
2024,2023,Sucre,2023-05-01,1,2023-05-08,2.6887717,4.2169228
2024,2023,Sucre,2023-05-01,2,2023-05-15,4.1825337,4.572396
2024,2023,Sucre,2023-05-01,3,2023-05-22,3.385861,4.5302563
2024,2023,Sucre,2023-05-01,4,2023-05-29,3.087108,4.830254
2024,2023,Sucre,2023-05-08,1,2023-05-15,4.1825337,3.9690259
2024,2023,Sucre,2023-05-08,2,2023-05-22,3.385861,4.237437
2024,2023,Sucre,2023-05-08,3,2023-05-29,3.087108,4.34713
2024,2023,Sucre,2023-05-08,4,2023-06-05,3.4854448,4.5307975
2024,2023,Sucre,2023-05-15,1,2023-05-22,3.385861,3.5728815
2024,2023,Sucre,2023-05-15,2,2023-05-29,3.087108,3.8632734
2024,2023,Sucre,2023-05-15,3,2023-06-05,3.4854448,3.9408672
2024,2023,Sucre,2023-05-15,4,2023-06-12,4.1825337,4.1894526
2024,2023,Sucre,2023-05-22,1,2023-05-29,3.087108,4.439109
2024,2023,Sucre,2023-05-22,2,2023-06-05,3.4854448,4.8260055
2024,2023,Sucre,2023-05-22,3,2023-06-12,4.1825337,4.9066987
2024,2023,Sucre,2023-05-22,4,2023-06-19,4.282118,5.2576876
2024,2023,Sucre,2023-05-29,1,2023-06-05,3.4854448,4.5990925
2024,2023,Sucre,2023-05-29,2,2023-06-12,4.1825337,4.9856215
2024,2023,Sucre,2023-05-29,3,2023-06-19,4.282118,5.0338826
2024,2023,Sucre,2023-05-29,4,2023-06-26,8.1659,5.3283744
2024,2023,Sucre,2023-06-05,1,2023-06-12,4.1825337,4.904179
2024,2023,Sucre,2023-06-05,2,2023-06-19,4.282118,5.2021523
2024,2023,Sucre,2023-06-05,3,2023-06-26,8.1659,5.310289
2024,2023,Sucre,2023-06-05,4,2023-07-03,5.8754635,5.4462247
2024,2023,Sucre,2023-06-12,1,2023-06-19,4.282118,5.4869947
2024,2023,Sucre,2023-06-12,2,2023-06-26,8.1659,5.610814
2024,2023,Sucre,2023-06-12,3,2023-07-03,5.8754635,5.8342257
2024,2023,Sucre,2023-06-12,4,2023-07-10,5.3775434,5.880787
2024,2023,Sucre,2023-06-19,1,2023-06-26,8.1659,6.159495
2024,2023,Sucre,2023-06-19,2,2023-07-03,5.8754635,6.251684
2024,2023,Sucre,2023-06-19,3,2023-07-10,5.3775434,6.515213
2024,2023,Sucre,2023-06-19,4,2023-07-17,6.9708896,6.473415
2024,2023,Sucre,2023-06-26,1,2023-07-03,5.8754635,6.336162
2024,2023,Sucre,2023-06-26,2,2023-07-10,5.3775434,6.39365
2024,2023,Sucre,2023-06-26,3,2023-07-17,6.9708896,6.636209
2024,2023,Sucre,2023-06-26,4,2023-07-24,9.560079,6.581312
2024,2023,Sucre,2023-07-03,1,2023-07-10,5.3775434,8.536486
2024,2023,Sucre,2023-07-03,2,2023-07-17,6.9708896,8.599481
2024,2023,Sucre,2023-07-03,3,2023-07-24,9.560079,8.674239
2024,2023,Sucre,2023-07-03,4,2023-07-31,4.879623,8.515961
2024,2023,Sucre,2023-07-10,1,2023-07-17,6.9708896,8.25875
2024,2023,Sucre,2023-07-10,2,2023-07-24,9.560079,8.214225
2024,2023,Sucre,2023-07-10,3,2023-07-31,4.879623,8.23827
2024,2023,Sucre,2023-07-10,4,2023-08-07,5.8754635,8.037971
2024,2023,Sucre,2023-07-17,1,2023-07-24,9.560079,8.045198
2024,2023,Sucre,2023-07-17,2,2023-07-31,4.879623,7.872526
2024,2023,Sucre,2023-07-17,3,2023-08-07,5.8754635,7.630326
2024,2023,Sucre,2023-07-17,4,2023-08-14,6.572552,7.2892876
2024,2023,Sucre,2023-07-24,1,2023-07-31,4.879623,8.688171
2024,2023,Sucre,2023-07-24,2,2023-08-07,5.8754635,8.537762
2024,2023,Sucre,2023-07-24,3,2023-08-14,6.572552,8.388894
2024,2023,Sucre,2023-07-24,4,2023-08-21,5.6762953,7.8952746
2024,2023,Sucre,2023-07-31,1,2023-08-07,5.8754635,9.888321
2024,2023,Sucre,2023-07-31,2,2023-08-14,6.572552,9.778716
2024,2023,Sucre,2023-07-31,3,2023-08-21,5.6762953,9.496847
2024,2023,Sucre,2023-07-31,4,2023-08-28,3.4854448,8.929481
2024,2023,Sucre,2023-08-07,1,2023-08-14,6.572552,7.40094
2024,2023,Sucre,2023-08-07,2,2023-08-21,5.6762953,7.236057
2024,2023,Sucre,2023-08-07,3,2023-08-28,3.4854448,6.929621
2024,2023,Sucre,2023-08-07,4,2023-09-04,3.1866922,6.530022
2024,2023,Sucre,2023-08-14,1,2023-08-21,5.6762953,6.5911117
2024,2023,Sucre,2023-08-14,2,2023-08-28,3.4854448,6.406989
2024,2023,Sucre,2023-08-14,3,2023-09-04,3.1866922,6.15345
2024,2023,Sucre,2023-08-14,4,2023-09-11,3.385861,5.81307
2024,2023,Sucre,2023-08-21,1,2023-08-28,3.4854448,6.4757423
2024,2023,Sucre,2023-08-21,2,2023-09-04,3.1866922,6.2075787
2024,2023,Sucre,2023-08-21,3,2023-09-11,3.385861,6.033494
2024,2023,Sucre,2023-08-21,4,2023-09-18,2.5891874,5.705538
2024,2023,Sucre,2023-08-28,1,2023-09-04,3.1866922,6.394618
2024,2023,Sucre,2023-08-28,2,2023-09-11,3.385861,6.044821
2024,2023,Sucre,2023-08-28,3,2023-09-18,2.5891874,5.9207015
2024,2023,Sucre,2023-08-28,4,2023-09-25,2.8879397,5.7536626
2024,2023,Sucre,2023-09-04,1,2023-09-11,3.385861,5.037463
2024,2023,Sucre,2023-09-04,2,2023-09-18,2.5891874,4.7545485
2024,2023,Sucre,2023-09-04,3,2023-09-25,2.8879397,4.7532816
2024,2023,Sucre,2023-09-04,4,2023-10-02,2.6887717,4.589145
2024,2023,Sucre,2023-09-11,1,2023-09-18,2.5891874,4.0824733
2024,2023,Sucre,2023-09-11,2,2023-09-25,2.8879397,3.709915
2024,2023,Sucre,2023-09-11,3,2023-10-02,2.6887717,3.7481167
2024,2023,Sucre,2023-09-11,4,2023-10-09,2.091267,3.6070583
2024,2023,Sucre,2023-09-18,1,2023-09-25,2.8879397,3.2961416
2024,2023,Sucre,2023-09-18,2,2023-10-02,2.6887717,2.9989383
2024,2023,Sucre,2023-09-18,3,2023-10-09,2.091267,3.057176
2024,2023,Sucre,2023-09-18,4,2023-10-16,2.5891874,2.9533298
2024,2023,Sucre,2023-09-25,1,2023-10-02,2.6887717,3.157413
2024,2023,Sucre,2023-09-25,2,2023-10-09,2.091267,2.922064
2024,2023,Sucre,2023-09-25,3,2023-10-16,2.5891874,2.892632
2024,2023,Sucre,2023-09-25,4,2023-10-23,3.6846128,2.8779416
2024,2023,Sucre,2023-10-02,1,2023-10-09,2.091267,3.2718072
2024,2023,Sucre,2023-10-02,2,2023-10-16,2.5891874,3.1104877
2024,2023,Sucre,2023-10-02,3,2023-10-23,3.6846128,3.0626276
2024,2023,Sucre,2023-10-02,4,2023-10-30,2.5891874,3.0891905
2024,2023,Sucre,2023-10-09,1,2023-10-16,2.5891874,3.0202155
2024,2023,Sucre,2023-10-09,2,2023-10-23,3.6846128,2.93779
2024,2023,Sucre,2023-10-09,3,2023-10-30,2.5891874,2.8433952
2024,2023,Sucre,2023-10-09,4,2023-11-06,1.9916828,2.9205089
2024,2023,Sucre,2023-10-16,1,2023-10-23,3.6846128,2.5906315
2024,2023,Sucre,2023-10-16,2,2023-10-30,2.5891874,2.5591207
2024,2023,Sucre,2023-10-16,3,2023-11-06,1.9916828,2.4272652
2024,2023,Sucre,2023-10-16,4,2023-11-13,1.8920985,2.5626197
2024,2023,Sucre,2023-10-23,1,2023-10-30,2.5891874,2.7812505
2024,2023,Sucre,2023-10-23,2,2023-11-06,1.9916828,2.7504406
2024,2023,Sucre,2023-10-23,3,2023-11-13,1.8920985,2.6000497
2024,2023,Sucre,2023-10-23,4,2023-11-20,2.290435,2.679341
2024,2023,Sucre,2023-10-30,1,2023-11-06,1.9916828,3.0280242
2024,2023,Sucre,2023-10-30,2,2023-11-13,1.8920985,2.9971433
2024,2023,Sucre,2023-10-30,3,2023-11-20,2.290435,2.8274412
2024,2023,Sucre,2023-10-30,4,2023-11-27,2.290435,2.986785
2024,2023,Sucre,2023-11-06,1,2023-11-13,1.8920985,2.863171
2024,2023,Sucre,2023-11-06,2,2023-11-20,2.290435,2.8044035
2024,2023,Sucre,2023-11-06,3,2023-11-27,2.290435,2.6271272
2024,2023,Sucre,2023-11-06,4,2023-12-04,1.8920985,2.8287318
2024,2023,Sucre,2023-11-13,1,2023-11-20,2.290435,2.6603281
2024,2023,Sucre,2023-11-13,2,2023-11-27,2.290435,2.6302197
2024,2023,Sucre,2023-11-13,3,2023-12-04,1.8920985,2.4721975
2024,2023,Sucre,2023-11-13,4,2023-12-11,2.4896033,2.633762
2024,2023,Sucre,2023-11-20,1,2023-11-27,2.290435,2.4336677
2024,2023,Sucre,2023-11-20,2,2023-12-04,1.8920985,2.3984494
2024,2023,Sucre,2023-11-20,3,2023-12-11,2.4896033,2.3036132
2024,2023,Sucre,2023-11-20,4,2023-12-18,1.7925143,2.3448417
2024,2023,Sucre,2023-11-27,1,2023-12-04,1.8920985,2.3691297
2024,2023,Sucre,2023-11-27,2,2023-12-11,2.4896033,2.2559643
2024,2023,Sucre,2023-11-27,3,2023-12-18,1.7925143,2.1840084
2024,2023,Sucre,2023-11-27,4,2023-12-25,2.290435,2.236414
2024,2023,Tolima,2023-04-17,1,2023-04-24,4.877843,5.265746
2024,2023,Tolima,2023-04-17,2,2023-05-01,4.9506464,5.482694
2024,2023,Tolima,2023-04-17,3,2023-05-08,5.0962534,5.364333
2024,2023,Tolima,2023-04-17,4,2023-05-15,5.314665,5.498622
2024,2023,Tolima,2023-04-24,1,2023-05-01,4.9506464,4.8902206
2024,2023,Tolima,2023-04-24,2,2023-05-08,5.0962534,5.075947
2024,2023,Tolima,2023-04-24,3,2023-05-15,5.314665,5.0011506
2024,2023,Tolima,2023-04-24,4,2023-05-22,4.9506464,4.9662495
2024,2023,Tolima,2023-05-01,1,2023-05-08,5.0962534,5.262497
2024,2023,Tolima,2023-05-01,2,2023-05-15,5.314665,5.4101777
2024,2023,Tolima,2023-05-01,3,2023-05-22,4.9506464,5.3015747
2024,2023,Tolima,2023-05-01,4,2023-05-29,4.441021,5.0138927
2024,2023,Tolima,2023-05-08,1,2023-05-15,5.314665,5.4562607
2024,2023,Tolima,2023-05-08,2,2023-05-22,4.9506464,5.5438147
2024,2023,Tolima,2023-05-08,3,2023-05-29,4.441021,5.401431
2024,2023,Tolima,2023-05-08,4,2023-06-05,4.077003,5.046158
2024,2023,Tolima,2023-05-15,1,2023-05-22,4.9506464,5.4603133
2024,2023,Tolima,2023-05-15,2,2023-05-29,4.441021,5.577404
2024,2023,Tolima,2023-05-15,3,2023-06-05,4.077003,5.4534473
2024,2023,Tolima,2023-05-15,4,2023-06-12,5.169057,5.2572956
2024,2023,Tolima,2023-05-22,1,2023-05-29,4.441021,5.1002903
2024,2023,Tolima,2023-05-22,2,2023-06-05,4.077003,5.118103
2024,2023,Tolima,2023-05-22,3,2023-06-12,5.169057,5.004761
2024,2023,Tolima,2023-05-22,4,2023-06-19,4.805039,4.7911596
2024,2023,Tolima,2023-05-29,1,2023-06-05,4.077003,4.7208385
2024,2023,Tolima,2023-05-29,2,2023-06-12,5.169057,4.683207
2024,2023,Tolima,2023-05-29,3,2023-06-19,4.805039,4.57691
2024,2023,Tolima,2023-05-29,4,2023-06-26,4.805039,4.4171796
2024,2023,Tolima,2023-06-05,1,2023-06-12,5.169057,4.6789303
2024,2023,Tolima,2023-06-05,2,2023-06-19,4.805039,4.6378317
2024,2023,Tolima,2023-06-05,3,2023-06-26,4.805039,4.5184393
2024,2023,Tolima,2023-06-05,4,2023-07-03,4.586628,4.3018436
2024,2023,Tolima,2023-06-12,1,2023-06-19,4.805039,4.677775
2024,2023,Tolima,2023-06-12,2,2023-06-26,4.805039,4.538685
2024,2023,Tolima,2023-06-12,3,2023-07-03,4.586628,4.394328
2024,2023,Tolima,2023-06-12,4,2023-07-10,6.6251297,4.1566324
2024,2023,Tolima,2023-06-19,1,2023-06-26,4.805039,5.024167
2024,2023,Tolima,2023-06-19,2,2023-07-03,4.586628,4.9223094
2024,2023,Tolima,2023-06-19,3,2023-07-10,6.6251297,4.6900625
2024,2023,Tolima,2023-06-19,4,2023-07-17,8.2268095,4.448184
2024,2023,Tolima,2023-06-26,1,2023-07-03,4.586628,4.702362
2024,2023,Tolima,2023-06-26,2,2023-07-10,6.6251297,4.5993385
2024,2023,Tolima,2023-06-26,3,2023-07-17,8.2268095,4.430351
2024,2023,Tolima,2023-06-26,4,2023-07-24,7.498774,4.267689
2024,2023,Tolima,2023-07-03,1,2023-07-10,6.6251297,4.4950433
2024,2023,Tolima,2023-07-03,2,2023-07-17,8.2268095,4.3751326
2024,2023,Tolima,2023-07-03,3,2023-07-24,7.498774,4.2033434
2024,2023,Tolima,2023-07-03,4,2023-07-31,7.280363,4.0680437
2024,2023,Tolima,2023-07-10,1,2023-07-17,8.2268095,4.270153
2024,2023,Tolima,2023-07-10,2,2023-07-24,7.498774,4.1699963
2024,2023,Tolima,2023-07-10,3,2023-07-31,7.280363,3.9262323
2024,2023,Tolima,2023-07-10,4,2023-08-07,7.5715775,3.7264802
2024,2023,Tolima,2023-07-17,1,2023-07-24,7.498774,5.269659
2024,2023,Tolima,2023-07-17,2,2023-07-31,7.280363,5.1636724
2024,2023,Tolima,2023-07-17,3,2023-08-07,7.5715775,5.0553594
2024,2023,Tolima,2023-07-17,4,2023-08-14,7.7171845,4.8915186
2024,2023,Tolima,2023-07-24,1,2023-07-31,7.280363,6.780753
2024,2023,Tolima,2023-07-24,2,2023-08-07,7.5715775,6.835951
2024,2023,Tolima,2023-07-24,3,2023-08-14,7.7171845,6.7416244
2024,2023,Tolima,2023-07-24,4,2023-08-21,9.610078,6.572635
2024,2023,Tolima,2023-07-31,1,2023-08-07,7.5715775,7.074645
2024,2023,Tolima,2023-07-31,2,2023-08-14,7.7171845,7.260507
2024,2023,Tolima,2023-07-31,3,2023-08-21,9.610078,7.079831
2024,2023,Tolima,2023-07-31,4,2023-08-28,10.046901,6.861893
2024,2023,Tolima,2023-08-07,1,2023-08-14,7.7171845,6.9500904
2024,2023,Tolima,2023-08-07,2,2023-08-21,9.610078,7.0940256
2024,2023,Tolima,2023-08-07,3,2023-08-28,10.046901,6.775279
2024,2023,Tolima,2023-08-07,4,2023-09-04,9.755685,6.472638
2024,2023,Tolima,2023-08-14,1,2023-08-21,9.610078,6.948218
2024,2023,Tolima,2023-08-14,2,2023-08-28,10.046901,7.043635
2024,2023,Tolima,2023-08-14,3,2023-09-04,9.755685,6.7431936
2024,2023,Tolima,2023-08-14,4,2023-09-11,13.541473,6.4532084
2024,2023,Tolima,2023-08-21,1,2023-08-28,10.046901,6.930941
2024,2023,Tolima,2023-08-21,2,2023-09-04,9.755685,7.0886974
2024,2023,Tolima,2023-08-21,3,2023-09-11,13.541473,6.897978
2024,2023,Tolima,2023-08-21,4,2023-09-18,12.231008,6.6696486
2024,2023,Tolima,2023-08-28,1,2023-09-04,9.755685,8.034891
2024,2023,Tolima,2023-08-28,2,2023-09-11,13.541473,8.337973
2024,2023,Tolima,2023-08-28,3,2023-09-18,12.231008,8.040259
2024,2023,Tolima,2023-08-28,4,2023-09-25,11.86699,7.7433443
2024,2023,Tolima,2023-09-04,1,2023-09-11,13.541473,8.667325
2024,2023,Tolima,2023-09-04,2,2023-09-18,12.231008,9.139062
2024,2023,Tolima,2023-09-04,3,2023-09-25,11.86699,8.874829
2024,2023,Tolima,2023-09-04,4,2023-10-02,10.046901,8.667659
2024,2023,Tolima,2023-09-11,1,2023-09-18,12.231008,9.244278
2024,2023,Tolima,2023-09-11,2,2023-09-25,11.86699,9.825427
2024,2023,Tolima,2023-09-11,3,2023-10-02,10.046901,9.481072
2024,2023,Tolima,2023-09-11,4,2023-10-09,10.702133,9.087076
2024,2023,Tolima,2023-09-18,1,2023-09-25,11.86699,10.833508
2024,2023,Tolima,2023-09-18,2,2023-10-02,10.046901,11.404162
2024,2023,Tolima,2023-09-18,3,2023-10-09,10.702133,10.9511795
2024,2023,Tolima,2023-09-18,4,2023-10-16,10.847741,10.379098
2024,2023,Tolima,2023-09-25,1,2023-10-02,10.046901,10.5934515
2024,2023,Tolima,2023-09-25,2,2023-10-09,10.702133,11.30755
2024,2023,Tolima,2023-09-25,3,2023-10-16,10.847741,10.888533
2024,2023,Tolima,2023-09-25,4,2023-10-23,14.269509,10.564925
2024,2023,Tolima,2023-10-02,1,2023-10-09,10.702133,10.597963
2024,2023,Tolima,2023-10-02,2,2023-10-16,10.847741,11.413659
2024,2023,Tolima,2023-10-02,3,2023-10-23,14.269509,10.931566
2024,2023,Tolima,2023-10-02,4,2023-10-30,13.177455,10.63823
2024,2023,Tolima,2023-10-09,1,2023-10-16,10.847741,9.38439
2024,2023,Tolima,2023-10-09,2,2023-10-23,14.269509,9.9162245
2024,2023,Tolima,2023-10-09,3,2023-10-30,13.177455,9.582492
2024,2023,Tolima,2023-10-09,4,2023-11-06,14.70633,9.222668
2024,2023,Tolima,2023-10-16,1,2023-10-23,14.269509,9.4334
2024,2023,Tolima,2023-10-16,2,2023-10-30,13.177455,10.153493
2024,2023,Tolima,2023-10-16,3,2023-11-06,14.70633,9.882129
2024,2023,Tolima,2023-10-16,4,2023-11-13,12.959045,9.475606
2024,2023,Tolima,2023-10-23,1,2023-10-30,13.177455,9.483432
2024,2023,Tolima,2023-10-23,2,2023-11-06,14.70633,10.294775
2024,2023,Tolima,2023-10-23,3,2023-11-13,12.959045,10.137817
2024,2023,Tolima,2023-10-23,4,2023-11-20,16.162405,9.798705
2024,2023,Tolima,2023-10-30,1,2023-11-06,14.70633,11.262526
2024,2023,Tolima,2023-10-30,2,2023-11-13,12.959045,12.401709
2024,2023,Tolima,2023-10-30,3,2023-11-20,16.162405,12.050687
2024,2023,Tolima,2023-10-30,4,2023-11-27,16.016796,11.738062
2024,2023,Tolima,2023-11-06,1,2023-11-13,12.959045,10.638474
2024,2023,Tolima,2023-11-06,2,2023-11-20,16.162405,11.541001
2024,2023,Tolima,2023-11-06,3,2023-11-27,16.016796,11.05471
2024,2023,Tolima,2023-11-06,4,2023-12-04,17.036047,10.768385
2024,2023,Tolima,2023-11-13,1,2023-11-20,16.162405,12.103624
2024,2023,Tolima,2023-11-13,2,2023-11-27,16.016796,13.291366
2024,2023,Tolima,2023-11-13,3,2023-12-04,17.036047,12.625825
2024,2023,Tolima,2023-11-13,4,2023-12-11,17.618479,12.308241
2024,2023,Tolima,2023-11-20,1,2023-11-27,16.016796,11.897427
2024,2023,Tolima,2023-11-20,2,2023-12-04,17.036047,12.723545
2024,2023,Tolima,2023-11-20,3,2023-12-11,17.618479,11.908868
2024,2023,Tolima,2023-11-20,4,2023-12-18,18.273708,11.582206
2024,2023,Tolima,2023-11-27,1,2023-12-04,17.036047,13.377345
2024,2023,Tolima,2023-11-27,2,2023-12-11,17.618479,14.332339
2024,2023,Tolima,2023-11-27,3,2023-12-18,18.273708,13.373836
2024,2023,Tolima,2023-11-27,4,2023-12-25,18.71053,12.807866
2024,2023,Valle Del Cauca,2023-04-17,1,2023-04-24,1.6690221,1.8137306
2024,2023,Valle Del Cauca,2023-04-17,2,2023-05-01,1.7118177,1.8218844
2024,2023,Valle Del Cauca,2023-04-17,3,2023-05-08,2.0969768,1.8035262
2024,2023,Valle Del Cauca,2023-04-17,4,2023-05-15,2.0969768,1.7734985
2024,2023,Valle Del Cauca,2023-04-24,1,2023-05-01,1.7118177,2.0520475
2024,2023,Valle Del Cauca,2023-04-24,2,2023-05-08,2.0969768,2.0635052
2024,2023,Valle Del Cauca,2023-04-24,3,2023-05-15,2.0969768,2.0533743
2024,2023,Valle Del Cauca,2023-04-24,4,2023-05-22,2.3109539,2.0147314
2024,2023,Valle Del Cauca,2023-05-01,1,2023-05-08,2.0969768,1.9898614
2024,2023,Valle Del Cauca,2023-05-01,2,2023-05-15,2.0969768,1.9778559
2024,2023,Valle Del Cauca,2023-05-01,3,2023-05-22,2.3109539,1.968425
2024,2023,Valle Del Cauca,2023-05-01,4,2023-05-29,2.8244994,1.9271687
2024,2023,Valle Del Cauca,2023-05-08,1,2023-05-15,2.0969768,1.9275379
2024,2023,Valle Del Cauca,2023-05-08,2,2023-05-22,2.3109539,1.8968734
2024,2023,Valle Del Cauca,2023-05-08,3,2023-05-29,2.8244994,1.8468877
2024,2023,Valle Del Cauca,2023-05-08,4,2023-06-05,2.8672945,1.8157055
2024,2023,Valle Del Cauca,2023-05-15,1,2023-05-22,2.3109539,1.979938
2024,2023,Valle Del Cauca,2023-05-15,2,2023-05-29,2.8244994,1.956382
2024,2023,Valle Del Cauca,2023-05-15,3,2023-06-05,2.8672945,1.9217376
2024,2023,Valle Del Cauca,2023-05-15,4,2023-06-12,4.001374,1.9016398
2024,2023,Valle Del Cauca,2023-05-22,1,2023-05-29,2.8244994,1.976629
2024,2023,Valle Del Cauca,2023-05-22,2,2023-06-05,2.8672945,1.959041
2024,2023,Valle Del Cauca,2023-05-22,3,2023-06-12,4.001374,1.8916976
2024,2023,Valle Del Cauca,2023-05-22,4,2023-06-19,4.258147,1.8865039
2024,2023,Valle Del Cauca,2023-05-29,1,2023-06-05,2.8672945,2.0901463
2024,2023,Valle Del Cauca,2023-05-29,2,2023-06-12,4.001374,2.069311
2024,2023,Valle Del Cauca,2023-05-29,3,2023-06-19,4.258147,1.9910406
2024,2023,Valle Del Cauca,2023-05-29,4,2023-06-26,4.7074986,1.9995856
2024,2023,Valle Del Cauca,2023-06-05,1,2023-06-12,4.001374,2.5578756
2024,2023,Valle Del Cauca,2023-06-05,2,2023-06-19,4.258147,2.5097897
2024,2023,Valle Del Cauca,2023-06-05,3,2023-06-26,4.7074986,2.4742856
2024,2023,Valle Del Cauca,2023-06-05,4,2023-07-03,5.199646,2.4461527
2024,2023,Valle Del Cauca,2023-06-12,1,2023-06-19,4.258147,2.8806598
2024,2023,Valle Del Cauca,2023-06-12,2,2023-06-26,4.7074986,2.810322
2024,2023,Valle Del Cauca,2023-06-12,3,2023-07-03,5.199646,2.82888
2024,2023,Valle Del Cauca,2023-06-12,4,2023-07-10,5.884373,2.7845163
2024,2023,Valle Del Cauca,2023-06-19,1,2023-06-26,4.7074986,3.6413238
2024,2023,Valle Del Cauca,2023-06-19,2,2023-07-03,5.199646,3.5393877
2024,2023,Valle Del Cauca,2023-06-19,3,2023-07-10,5.884373,3.5930624
2024,2023,Valle Del Cauca,2023-06-19,4,2023-07-17,6.012759,3.5282009
2024,2023,Valle Del Cauca,2023-06-26,1,2023-07-03,5.199646,4.2537494
2024,2023,Valle Del Cauca,2023-06-26,2,2023-07-10,5.884373,4.159863
2024,2023,Valle Del Cauca,2023-06-26,3,2023-07-17,6.012759,4.162107
2024,2023,Valle Del Cauca,2023-06-26,4,2023-07-24,7.146839,4.108208
2024,2023,Valle Del Cauca,2023-07-03,1,2023-07-10,5.884373,4.649262
2024,2023,Valle Del Cauca,2023-07-03,2,2023-07-17,6.012759,4.56791
2024,2023,Valle Del Cauca,2023-07-03,3,2023-07-24,7.146839,4.5415907
2024,2023,Valle Del Cauca,2023-07-03,4,2023-07-31,6.6546907,4.480572
2024,2023,Valle Del Cauca,2023-07-10,1,2023-07-17,6.012759,5.2376623
2024,2023,Valle Del Cauca,2023-07-10,2,2023-07-24,7.146839,5.154939
2024,2023,Valle Del Cauca,2023-07-10,3,2023-07-31,6.6546907,5.1508327
2024,2023,Valle Del Cauca,2023-07-10,4,2023-08-07,7.3394175,4.9986606
2024,2023,Valle Del Cauca,2023-07-17,1,2023-07-24,7.146839,5.880863
2024,2023,Valle Del Cauca,2023-07-17,2,2023-07-31,6.6546907,5.782423
2024,2023,Valle Del Cauca,2023-07-17,3,2023-08-07,7.3394175,5.77372
2024,2023,Valle Del Cauca,2023-07-17,4,2023-08-14,8.516292,5.5523386
2024,2023,Valle Del Cauca,2023-07-24,1,2023-07-31,6.6546907,6.302644
2024,2023,Valle Del Cauca,2023-07-24,2,2023-08-07,7.3394175,6.219752
2024,2023,Valle Del Cauca,2023-07-24,3,2023-08-14,8.516292,6.231671
2024,2023,Valle Del Cauca,2023-07-24,4,2023-08-21,7.6603847,5.9844184
2024,2023,Valle Del Cauca,2023-07-31,1,2023-08-07,7.3394175,6.966011
2024,2023,Valle Del Cauca,2023-07-31,2,2023-08-14,8.516292,6.8968687
2024,2023,Valle Del Cauca,2023-07-31,3,2023-08-21,7.6603847,6.9307613
2024,2023,Valle Del Cauca,2023-07-31,4,2023-08-28,11.74735,6.601306
2024,2023,Valle Del Cauca,2023-08-07,1,2023-08-14,8.516292,6.916734
2024,2023,Valle Del Cauca,2023-08-07,2,2023-08-21,7.6603847,6.811143
2024,2023,Valle Del Cauca,2023-08-07,3,2023-08-28,11.74735,6.719106
2024,2023,Valle Del Cauca,2023-08-07,4,2023-09-04,10.634668,6.451051
2024,2023,Valle Del Cauca,2023-08-14,1,2023-08-21,7.6603847,7.2722216
2024,2023,Valle Del Cauca,2023-08-14,2,2023-08-28,11.74735,7.1614065
2024,2023,Valle Del Cauca,2023-08-14,3,2023-09-04,10.634668,7.065894
2024,2023,Valle Del Cauca,2023-08-14,4,2023-09-11,11.019826,6.8067694
2024,2023,Valle Del Cauca,2023-08-21,1,2023-08-28,11.74735,7.930505
2024,2023,Valle Del Cauca,2023-08-21,2,2023-09-04,10.634668,7.850467
2024,2023,Valle Del Cauca,2023-08-21,3,2023-09-11,11.019826,7.777837
2024,2023,Valle Del Cauca,2023-08-21,4,2023-09-18,11.790143,7.423252
2024,2023,Valle Del Cauca,2023-08-28,1,2023-09-04,10.634668,7.8166285
2024,2023,Valle Del Cauca,2023-08-28,2,2023-09-11,11.019826,7.711471
2024,2023,Valle Del Cauca,2023-08-28,3,2023-09-18,11.790143,7.5458627
2024,2023,Valle Del Cauca,2023-08-28,4,2023-09-25,12.175303,7.2118063
2024,2023,Valle Del Cauca,2023-09-04,1,2023-09-11,11.019826,10.1289835
2024,2023,Valle Del Cauca,2023-09-04,2,2023-09-18,11.790143,10.1123085
2024,2023,Valle Del Cauca,2023-09-04,3,2023-09-25,12.175303,10.075515
2024,2023,Valle Del Cauca,2023-09-04,4,2023-10-02,12.4320755,9.469429
2024,2023,Valle Del Cauca,2023-09-11,1,2023-09-18,11.790143,10.190469
2024,2023,Valle Del Cauca,2023-09-11,2,2023-09-25,12.175303,10.259044
2024,2023,Valle Del Cauca,2023-09-11,3,2023-10-02,12.4320755,10.085258
2024,2023,Valle Del Cauca,2023-09-11,4,2023-10-09,13.373575,9.6088705
2024,2023,Valle Del Cauca,2023-09-18,1,2023-09-25,12.175303,10.3324
2024,2023,Valle Del Cauca,2023-09-18,2,2023-10-02,12.4320755,10.318738
2024,2023,Valle Del Cauca,2023-09-18,3,2023-10-09,13.373575,10.061014
2024,2023,Valle Del Cauca,2023-09-18,4,2023-10-16,12.988417,9.665433
2024,2023,Valle Del Cauca,2023-09-25,1,2023-10-02,12.4320755,11.274884
2024,2023,Valle Del Cauca,2023-09-25,2,2023-10-09,13.373575,11.240901
2024,2023,Valle Del Cauca,2023-09-25,3,2023-10-16,12.988417,11.023664
2024,2023,Valle Del Cauca,2023-09-25,4,2023-10-23,14.63604,10.4435835
2024,2023,Valle Del Cauca,2023-10-02,1,2023-10-09,13.373575,11.513917
2024,2023,Valle Del Cauca,2023-10-02,2,2023-10-16,12.988417,11.567805
2024,2023,Valle Del Cauca,2023-10-02,3,2023-10-23,14.63604,11.256107
2024,2023,Valle Del Cauca,2023-10-02,4,2023-10-30,15.449156,10.675088
2024,2023,Valle Del Cauca,2023-10-09,1,2023-10-16,12.988417,11.50029
2024,2023,Valle Del Cauca,2023-10-09,2,2023-10-23,14.63604,11.528662
2024,2023,Valle Del Cauca,2023-10-09,3,2023-10-30,15.449156,11.1193075
2024,2023,Valle Del Cauca,2023-10-09,4,2023-11-06,13.3093815,10.510196
2024,2023,Valle Del Cauca,2023-10-16,1,2023-10-23,14.63604,12.0864525
2024,2023,Valle Del Cauca,2023-10-16,2,2023-10-30,15.449156,12.159854
2024,2023,Valle Del Cauca,2023-10-16,3,2023-11-06,13.3093815,11.747541
2024,2023,Valle Del Cauca,2023-10-16,4,2023-11-13,16.305063,11.06959
2024,2023,Valle Del Cauca,2023-10-23,1,2023-10-30,15.449156,12.140256
2024,2023,Valle Del Cauca,2023-10-23,2,2023-11-06,13.3093815,12.125023
2024,2023,Valle Del Cauca,2023-10-23,3,2023-11-13,16.305063,11.569199
2024,2023,Valle Del Cauca,2023-10-23,4,2023-11-20,17.867096,10.990568
2024,2023,Valle Del Cauca,2023-10-30,1,2023-11-06,13.3093815,13.028763
2024,2023,Valle Del Cauca,2023-10-30,2,2023-11-13,16.305063,13.06672
2024,2023,Valle Del Cauca,2023-10-30,3,2023-11-20,17.867096,12.483618
2024,2023,Valle Del Cauca,2023-10-30,4,2023-11-27,20.028265,11.75353
2024,2023,Valle Del Cauca,2023-11-06,1,2023-11-13,16.305063,13.721323
2024,2023,Valle Del Cauca,2023-11-06,2,2023-11-20,17.867096,13.806637
2024,2023,Valle Del Cauca,2023-11-06,3,2023-11-27,20.028265,13.240694
2024,2023,Valle Del Cauca,2023-11-06,4,2023-12-04,19.750095,12.472798
2024,2023,Valle Del Cauca,2023-11-13,1,2023-11-20,17.867096,13.064208
2024,2023,Valle Del Cauca,2023-11-13,2,2023-11-27,20.028265,13.108038
2024,2023,Valle Del Cauca,2023-11-13,3,2023-12-04,19.750095,12.470393
2024,2023,Valle Del Cauca,2023-11-13,4,2023-12-11,22.959757,11.908898
2024,2023,Valle Del Cauca,2023-11-20,1,2023-11-27,20.028265,14.40846
2024,2023,Valle Del Cauca,2023-11-20,2,2023-12-04,19.750095,14.492883
2024,2023,Valle Del Cauca,2023-11-20,3,2023-12-11,22.959757,13.786427
2024,2023,Valle Del Cauca,2023-11-20,4,2023-12-18,23.473299,12.849794
2024,2023,Valle Del Cauca,2023-11-27,1,2023-12-04,19.750095,15.844452
2024,2023,Valle Del Cauca,2023-11-27,2,2023-12-11,22.959757,15.844147
2024,2023,Valle Del Cauca,2023-11-27,3,2023-12-18,23.473299,15.155359
2024,2023,Valle Del Cauca,2023-11-27,4,2023-12-25,23.772867,14.013754
2024,2023,Vaupes,2023-04-17,1,2023-04-24,16.135355,9.913352
2024,2023,Vaupes,2023-04-17,2,2023-05-01,25.35555,9.671598
2024,2023,Vaupes,2023-04-17,3,2023-05-08,9.2202015,9.291042
2024,2023,Vaupes,2023-04-17,4,2023-05-15,34.575752,8.877841
2024,2023,Vaupes,2023-04-24,1,2023-05-01,25.35555,8.034988
2024,2023,Vaupes,2023-04-24,2,2023-05-08,9.2202015,7.622675
2024,2023,Vaupes,2023-04-24,3,2023-05-15,34.575752,7.183551
2024,2023,Vaupes,2023-04-24,4,2023-05-22,18.440405,6.7531023
2024,2023,Vaupes,2023-05-01,1,2023-05-08,9.2202015,9.967798
2024,2023,Vaupes,2023-05-01,2,2023-05-15,34.575752,9.851544
2024,2023,Vaupes,2023-05-01,3,2023-05-22,18.440405,9.316743
2024,2023,Vaupes,2023-05-01,4,2023-05-29,13.830301,8.810528
2024,2023,Vaupes,2023-05-08,1,2023-05-15,34.575752,13.900212
2024,2023,Vaupes,2023-05-08,2,2023-05-22,18.440405,14.141202
2024,2023,Vaupes,2023-05-08,3,2023-05-29,13.830301,13.878363
2024,2023,Vaupes,2023-05-08,4,2023-06-05,13.830301,12.810437
2024,2023,Vaupes,2023-05-15,1,2023-05-22,18.440405,10.145236
2024,2023,Vaupes,2023-05-15,2,2023-05-29,13.830301,10.320872
2024,2023,Vaupes,2023-05-15,3,2023-06-05,13.830301,9.691493
2024,2023,Vaupes,2023-05-15,4,2023-06-12,16.135355,9.231861
2024,2023,Vaupes,2023-05-22,1,2023-05-29,13.830301,16.849937
2024,2023,Vaupes,2023-05-22,2,2023-06-05,13.830301,17.326632
2024,2023,Vaupes,2023-05-22,3,2023-06-12,16.135355,16.510185
2024,2023,Vaupes,2023-05-22,4,2023-06-19,11.52525,14.676726
2024,2023,Vaupes,2023-05-29,1,2023-06-05,13.830301,12.876594
2024,2023,Vaupes,2023-05-29,2,2023-06-12,16.135355,12.937343
2024,2023,Vaupes,2023-05-29,3,2023-06-19,11.52525,12.350915
2024,2023,Vaupes,2023-05-29,4,2023-06-26,20.745451,10.920832
2024,2023,Vaupes,2023-06-05,1,2023-06-12,16.135355,12.588792
2024,2023,Vaupes,2023-06-05,2,2023-06-19,11.52525,12.937074
2024,2023,Vaupes,2023-06-05,3,2023-06-26,20.745451,11.51247
2024,2023,Vaupes,2023-06-05,4,2023-07-03,4.610101,11.031545
2024,2023,Vaupes,2023-06-12,1,2023-06-19,11.52525,10.747152
2024,2023,Vaupes,2023-06-12,2,2023-06-26,20.745451,9.969298
2024,2023,Vaupes,2023-06-12,3,2023-07-03,4.610101,9.216409
2024,2023,Vaupes,2023-06-12,4,2023-07-10,9.2202015,7.85839
2024,2023,Vaupes,2023-06-19,1,2023-06-26,20.745451,11.034032
2024,2023,Vaupes,2023-06-19,2,2023-07-03,4.610101,10.662921
2024,2023,Vaupes,2023-06-19,3,2023-07-10,9.2202015,9.95716
2024,2023,Vaupes,2023-06-19,4,2023-07-17,0.0,8.685825
2024,2023,Vaupes,2023-06-26,1,2023-07-03,4.610101,9.521163
2024,2023,Vaupes,2023-06-26,2,2023-07-10,9.2202015,9.234791
2024,2023,Vaupes,2023-06-26,3,2023-07-17,0.0,8.401411
2024,2023,Vaupes,2023-06-26,4,2023-07-24,16.135355,7.570832
2024,2023,Vaupes,2023-07-03,1,2023-07-10,9.2202015,11.411972
2024,2023,Vaupes,2023-07-03,2,2023-07-17,0.0,11.663332
2024,2023,Vaupes,2023-07-03,3,2023-07-24,16.135355,10.816995
2024,2023,Vaupes,2023-07-03,4,2023-07-31,13.830301,9.682435
2024,2023,Vaupes,2023-07-10,1,2023-07-17,0.0,7.1116385
2024,2023,Vaupes,2023-07-10,2,2023-07-24,16.135355,6.5841465
2024,2023,Vaupes,2023-07-10,3,2023-07-31,13.830301,5.8284893
2024,2023,Vaupes,2023-07-10,4,2023-08-07,16.135355,5.246763
2024,2023,Vaupes,2023-07-17,1,2023-07-24,16.135355,5.4995904
2024,2023,Vaupes,2023-07-17,2,2023-07-31,13.830301,5.344159
2024,2023,Vaupes,2023-07-17,3,2023-08-07,16.135355,4.7592754
2024,2023,Vaupes,2023-07-17,4,2023-08-14,18.440405,4.281912
2024,2023,Vaupes,2023-07-24,1,2023-07-31,13.830301,2.1925209
2024,2023,Vaupes,2023-07-24,2,2023-08-07,16.135355,2.0523975
2024,2023,Vaupes,2023-07-24,3,2023-08-14,18.440405,1.8087238
2024,2023,Vaupes,2023-07-24,4,2023-08-21,11.52525,1.6819724
2024,2023,Vaupes,2023-07-31,1,2023-08-07,16.135355,6.099032
2024,2023,Vaupes,2023-07-31,2,2023-08-14,18.440405,6.202442
2024,2023,Vaupes,2023-07-31,3,2023-08-21,11.52525,5.774608
2024,2023,Vaupes,2023-07-31,4,2023-08-28,9.2202015,5.0746818
2024,2023,Vaupes,2023-08-07,1,2023-08-14,18.440405,6.4619613
2024,2023,Vaupes,2023-08-07,2,2023-08-21,11.52525,6.5295143
2024,2023,Vaupes,2023-08-07,3,2023-08-28,9.2202015,6.4840546
2024,2023,Vaupes,2023-08-07,4,2023-09-04,6.9151506,6.079834
2024,2023,Vaupes,2023-08-14,1,2023-08-21,11.52525,8.237131
2024,2023,Vaupes,2023-08-14,2,2023-08-28,9.2202015,8.995731
2024,2023,Vaupes,2023-08-14,3,2023-09-04,6.9151506,8.543357
2024,2023,Vaupes,2023-08-14,4,2023-09-11,13.830301,7.9129605
2024,2023,Vaupes,2023-08-21,1,2023-08-28,9.2202015,11.01005
2024,2023,Vaupes,2023-08-21,2,2023-09-04,6.9151506,11.507999
2024,2023,Vaupes,2023-08-21,3,2023-09-11,13.830301,11.422642
2024,2023,Vaupes,2023-08-21,4,2023-09-18,29.965656,10.001826
2024,2023,Vaupes,2023-08-28,1,2023-09-04,6.9151506,9.258882
2024,2023,Vaupes,2023-08-28,2,2023-09-11,13.830301,9.619104
2024,2023,Vaupes,2023-08-28,3,2023-09-18,29.965656,9.206838
2024,2023,Vaupes,2023-08-28,4,2023-09-25,13.830301,8.308698
2024,2023,Vaupes,2023-09-04,1,2023-09-11,13.830301,7.8658037
2024,2023,Vaupes,2023-09-04,2,2023-09-18,29.965656,7.924879
2024,2023,Vaupes,2023-09-04,3,2023-09-25,13.830301,7.4116344
2024,2023,Vaupes,2023-09-04,4,2023-10-02,16.135355,6.7670765
2024,2023,Vaupes,2023-09-11,1,2023-09-18,29.965656,6.2565813
2024,2023,Vaupes,2023-09-11,2,2023-09-25,13.830301,5.9855866
2024,2023,Vaupes,2023-09-11,3,2023-10-02,16.135355,5.546157
2024,2023,Vaupes,2023-09-11,4,2023-10-09,6.9151506,4.90148
2024,2023,Vaupes,2023-09-18,1,2023-09-25,13.830301,7.0636964
2024,2023,Vaupes,2023-09-18,2,2023-10-02,16.135355,6.7909164
2024,2023,Vaupes,2023-09-18,3,2023-10-09,6.9151506,6.182659
2024,2023,Vaupes,2023-09-18,4,2023-10-16,0.0,5.423424
2024,2023,Vaupes,2023-09-25,1,2023-10-02,16.135355,9.809256
2024,2023,Vaupes,2023-09-25,2,2023-10-09,6.9151506,10.226055
2024,2023,Vaupes,2023-09-25,3,2023-10-16,0.0,9.82363
2024,2023,Vaupes,2023-09-25,4,2023-10-23,6.9151506,8.654005
2024,2023,Vaupes,2023-10-02,1,2023-10-09,6.9151506,8.233846
2024,2023,Vaupes,2023-10-02,2,2023-10-16,0.0,8.489627
2024,2023,Vaupes,2023-10-02,3,2023-10-23,6.9151506,7.5884643
2024,2023,Vaupes,2023-10-02,4,2023-10-30,0.0,6.532493
2024,2023,Vaupes,2023-10-09,1,2023-10-16,0.0,8.164946
2024,2023,Vaupes,2023-10-09,2,2023-10-23,6.9151506,8.836997
2024,2023,Vaupes,2023-10-09,3,2023-10-30,0.0,7.970782
2024,2023,Vaupes,2023-10-09,4,2023-11-06,6.9151506,6.931455
2024,2023,Vaupes,2023-10-16,1,2023-10-23,6.9151506,5.256148
2024,2023,Vaupes,2023-10-16,2,2023-10-30,0.0,5.3157907
2024,2023,Vaupes,2023-10-16,3,2023-11-06,6.9151506,4.9134564
2024,2023,Vaupes,2023-10-16,4,2023-11-13,4.610101,4.2614975
2024,2023,Vaupes,2023-10-23,1,2023-10-30,0.0,2.4081132
2024,2023,Vaupes,2023-10-23,2,2023-11-06,6.9151506,2.3782763
2024,2023,Vaupes,2023-10-23,3,2023-11-13,4.610101,2.119814
2024,2023,Vaupes,2023-10-23,4,2023-11-20,4.610101,1.998617
2024,2023,Vaupes,2023-10-30,1,2023-11-06,6.9151506,3.3792748
2024,2023,Vaupes,2023-10-30,2,2023-11-13,4.610101,3.421486
2024,2023,Vaupes,2023-10-30,3,2023-11-20,4.610101,3.0804715
2024,2023,Vaupes,2023-10-30,4,2023-11-27,13.830301,2.8969724
2024,2023,Vaupes,2023-11-06,1,2023-11-13,4.610101,1.8987879
2024,2023,Vaupes,2023-11-06,2,2023-11-20,4.610101,1.9875519
2024,2023,Vaupes,2023-11-06,3,2023-11-27,13.830301,1.8993688
2024,2023,Vaupes,2023-11-06,4,2023-12-04,13.830301,1.8764402
2024,2023,Vaupes,2023-11-13,1,2023-11-20,4.610101,3.0197246
2024,2023,Vaupes,2023-11-13,2,2023-11-27,13.830301,3.1596448
2024,2023,Vaupes,2023-11-13,3,2023-12-04,13.830301,3.088758
2024,2023,Vaupes,2023-11-13,4,2023-12-11,4.610101,2.9316628
2024,2023,Vaupes,2023-11-20,1,2023-11-27,13.830301,3.5365767
2024,2023,Vaupes,2023-11-20,2,2023-12-04,13.830301,3.7382398
2024,2023,Vaupes,2023-11-20,3,2023-12-11,4.610101,3.8344364
2024,2023,Vaupes,2023-11-20,4,2023-12-18,18.440405,3.7979782
2024,2023,Vaupes,2023-11-27,1,2023-12-04,13.830301,3.4322436
2024,2023,Vaupes,2023-11-27,2,2023-12-11,4.610101,3.8562741
2024,2023,Vaupes,2023-11-27,3,2023-12-18,18.440405,3.8466933
2024,2023,Vaupes,2023-11-27,4,2023-12-25,23.050505,3.9700956
2024,2023,Vichada,2023-04-17,1,2023-04-24,2.1829455,2.5269616
2024,2023,Vichada,2023-04-17,2,2023-05-01,2.9105935,2.7111044
2024,2023,Vichada,2023-04-17,3,2023-05-08,3.6382425,3.2467773
2024,2023,Vichada,2023-04-17,4,2023-05-15,5.8211875,3.5138166
2024,2023,Vichada,2023-04-24,1,2023-05-01,2.9105935,4.7669516
2024,2023,Vichada,2023-04-24,2,2023-05-08,3.6382425,5.1309867
2024,2023,Vichada,2023-04-24,3,2023-05-15,5.8211875,5.825514
2024,2023,Vichada,2023-04-24,4,2023-05-22,2.9105935,6.085051
2024,2023,Vichada,2023-05-01,1,2023-05-08,3.6382425,4.2242126
2024,2023,Vichada,2023-05-01,2,2023-05-15,5.8211875,4.3908935
2024,2023,Vichada,2023-05-01,3,2023-05-22,2.9105935,4.947075
2024,2023,Vichada,2023-05-01,4,2023-05-29,3.6382425,5.1168156
2024,2023,Vichada,2023-05-08,1,2023-05-15,5.8211875,4.107916
2024,2023,Vichada,2023-05-08,2,2023-05-22,2.9105935,4.3928
2024,2023,Vichada,2023-05-08,3,2023-05-29,3.6382425,5.2474723
2024,2023,Vichada,2023-05-08,4,2023-06-05,2.9105935,5.4483104
2024,2023,Vichada,2023-05-15,1,2023-05-22,2.9105935,4.5319653
2024,2023,Vichada,2023-05-15,2,2023-05-29,3.6382425,4.7490563
2024,2023,Vichada,2023-05-15,3,2023-06-05,2.9105935,5.318189
2024,2023,Vichada,2023-05-15,4,2023-06-12,3.6382425,5.489227
2024,2023,Vichada,2023-05-22,1,2023-05-29,3.6382425,5.2830877
2024,2023,Vichada,2023-05-22,2,2023-06-05,2.9105935,5.4868875
2024,2023,Vichada,2023-05-22,3,2023-06-12,3.6382425,5.780679
2024,2023,Vichada,2023-05-22,4,2023-06-19,1.455297,5.9915175
2024,2023,Vichada,2023-05-29,1,2023-06-05,2.9105935,4.4652977
2024,2023,Vichada,2023-05-29,2,2023-06-12,3.6382425,4.5713825
2024,2023,Vichada,2023-05-29,3,2023-06-19,1.455297,4.664443
2024,2023,Vichada,2023-05-29,4,2023-06-26,2.9105935,4.8647842
2024,2023,Vichada,2023-06-05,1,2023-06-12,3.6382425,4.020517
2024,2023,Vichada,2023-06-05,2,2023-06-19,1.455297,4.2156224
2024,2023,Vichada,2023-06-05,3,2023-06-26,2.9105935,4.457649
2024,2023,Vichada,2023-06-05,4,2023-07-03,0.72764844,4.528201
2024,2023,Vichada,2023-06-12,1,2023-06-19,1.455297,3.5147152
2024,2023,Vichada,2023-06-12,2,2023-06-26,2.9105935,3.6003273
2024,2023,Vichada,2023-06-12,3,2023-07-03,0.72764844,3.490512
2024,2023,Vichada,2023-06-12,4,2023-07-10,1.455297,3.56668
2024,2023,Vichada,2023-06-19,1,2023-06-26,2.9105935,3.341307
2024,2023,Vichada,2023-06-19,2,2023-07-03,0.72764844,3.4122033
2024,2023,Vichada,2023-06-19,3,2023-07-10,1.455297,3.2239642
2024,2023,Vichada,2023-06-19,4,2023-07-17,0.0,3.293834
2024,2023,Vichada,2023-06-26,1,2023-07-03,0.72764844,2.7087882
2024,2023,Vichada,2023-06-26,2,2023-07-10,1.455297,2.6762018
2024,2023,Vichada,2023-06-26,3,2023-07-17,0.0,2.4588344
2024,2023,Vichada,2023-06-26,4,2023-07-24,0.72764844,2.49441
2024,2023,Vichada,2023-07-03,1,2023-07-10,1.455297,2.2923195
2024,2023,Vichada,2023-07-03,2,2023-07-17,0.0,2.3033323
2024,2023,Vichada,2023-07-03,3,2023-07-24,0.72764844,2.0872986
2024,2023,Vichada,2023-07-03,4,2023-07-31,2.1829455,2.0358098
2024,2023,Vichada,2023-07-10,1,2023-07-17,0.0,1.6933665
2024,2023,Vichada,2023-07-10,2,2023-07-24,0.72764844,1.569099
2024,2023,Vichada,2023-07-10,3,2023-07-31,2.1829455,1.4142417
2024,2023,Vichada,2023-07-10,4,2023-08-07,2.1829455,1.3934399
2024,2023,Vichada,2023-07-17,1,2023-07-24,0.72764844,1.3989152
2024,2023,Vichada,2023-07-17,2,2023-07-31,2.1829455,1.2947354
2024,2023,Vichada,2023-07-17,3,2023-08-07,2.1829455,1.215146
2024,2023,Vichada,2023-07-17,4,2023-08-14,0.0,1.094707
2024,2023,Vichada,2023-07-24,1,2023-07-31,2.1829455,1.0758184
2024,2023,Vichada,2023-07-24,2,2023-08-07,2.1829455,0.9934017
2024,2023,Vichada,2023-07-24,3,2023-08-14,0.0,0.938596
2024,2023,Vichada,2023-07-24,4,2023-08-21,0.72764844,0.84946436
2024,2023,Vichada,2023-07-31,1,2023-08-07,2.1829455,0.84419507
2024,2023,Vichada,2023-07-31,2,2023-08-14,0.0,0.80357754
2024,2023,Vichada,2023-07-31,3,2023-08-21,0.72764844,0.7206039
2024,2023,Vichada,2023-07-31,4,2023-08-28,0.0,0.6828391
2024,2023,Vichada,2023-08-07,1,2023-08-14,0.0,1.0984976
2024,2023,Vichada,2023-08-07,2,2023-08-21,0.72764844,0.95606405
2024,2023,Vichada,2023-08-07,3,2023-08-28,0.0,0.8792498
2024,2023,Vichada,2023-08-07,4,2023-09-04,2.1829455,0.77563757
2024,2023,Vichada,2023-08-14,1,2023-08-21,0.72764844,1.1900502
2024,2023,Vichada,2023-08-14,2,2023-08-28,0.0,0.9978513
2024,2023,Vichada,2023-08-14,3,2023-09-04,2.1829455,0.9369296
2024,2023,Vichada,2023-08-14,4,2023-09-11,0.72764844,0.78279006
2024,2023,Vichada,2023-08-21,1,2023-08-28,0.0,0.9531943
2024,2023,Vichada,2023-08-21,2,2023-09-04,2.1829455,0.8267869
2024,2023,Vichada,2023-08-21,3,2023-09-11,0.72764844,0.77019125
2024,2023,Vichada,2023-08-21,4,2023-09-18,0.72764844,0.6280579
2024,2023,Vichada,2023-08-28,1,2023-09-04,2.1829455,0.81503433
2024,2023,Vichada,2023-08-28,2,2023-09-11,0.72764844,0.6963708
2024,2023,Vichada,2023-08-28,3,2023-09-18,0.72764844,0.65753335
2024,2023,Vichada,2023-08-28,4,2023-09-25,5.093539,0.49487382
2024,2023,Vichada,2023-09-04,1,2023-09-11,0.72764844,0.75086683
2024,2023,Vichada,2023-09-04,2,2023-09-18,0.72764844,0.6456251
2024,2023,Vichada,2023-09-04,3,2023-09-25,5.093539,0.61024594
2024,2023,Vichada,2023-09-04,4,2023-10-02,2.9105935,0.46121988
2024,2023,Vichada,2023-09-11,1,2023-09-18,0.72764844,0.7466565
2024,2023,Vichada,2023-09-11,2,2023-09-25,5.093539,0.65697366
2024,2023,Vichada,2023-09-11,3,2023-10-02,2.9105935,0.61110795
2024,2023,Vichada,2023-09-11,4,2023-10-09,0.72764844,0.48954934
2024,2023,Vichada,2023-09-18,1,2023-09-25,5.093539,0.7069688
2024,2023,Vichada,2023-09-18,2,2023-10-02,2.9105935,0.6186319
2024,2023,Vichada,2023-09-18,3,2023-10-09,0.72764844,0.57422054
2024,2023,Vichada,2023-09-18,4,2023-10-16,2.9105935,0.51148057
2024,2023,Vichada,2023-09-25,1,2023-10-02,2.9105935,0.6613004
2024,2023,Vichada,2023-09-25,2,2023-10-09,0.72764844,0.5873816
2024,2023,Vichada,2023-09-25,3,2023-10-16,2.9105935,0.5591771
2024,2023,Vichada,2023-09-25,4,2023-10-23,5.093539,0.51133347
2024,2023,Vichada,2023-10-02,1,2023-10-09,0.72764844,1.0956926
2024,2023,Vichada,2023-10-02,2,2023-10-16,2.9105935,1.0187652
2024,2023,Vichada,2023-10-02,3,2023-10-23,5.093539,1.0093896
2024,2023,Vichada,2023-10-02,4,2023-10-30,4.365891,0.94217116
2024,2023,Vichada,2023-10-09,1,2023-10-16,2.9105935,1.1979711
2024,2023,Vichada,2023-10-09,2,2023-10-23,5.093539,1.159862
2024,2023,Vichada,2023-10-09,3,2023-10-30,4.365891,1.1815361
2024,2023,Vichada,2023-10-09,4,2023-11-06,14.552968,1.1888351
2024,2023,Vichada,2023-10-16,1,2023-10-23,5.093539,1.0320575
2024,2023,Vichada,2023-10-16,2,2023-10-30,4.365891,1.01268
2024,2023,Vichada,2023-10-16,3,2023-11-06,14.552968,1.0704668
2024,2023,Vichada,2023-10-16,4,2023-11-13,6.5488353,1.123359
2024,2023,Vichada,2023-10-23,1,2023-10-30,4.365891,1.2354648
2024,2023,Vichada,2023-10-23,2,2023-11-06,14.552968,1.2769132
2024,2023,Vichada,2023-10-23,3,2023-11-13,6.5488353,1.3481967
2024,2023,Vichada,2023-10-23,4,2023-11-20,2.1829455,1.4330245
2024,2023,Vichada,2023-10-30,1,2023-11-06,14.552968,1.9862398
2024,2023,Vichada,2023-10-30,2,2023-11-13,6.5488353,2.0604956
2024,2023,Vichada,2023-10-30,3,2023-11-20,2.1829455,2.224508
2024,2023,Vichada,2023-10-30,4,2023-11-27,1.455297,2.3390803
2024,2023,Vichada,2023-11-06,1,2023-11-13,6.5488353,2.3085194
2024,2023,Vichada,2023-11-06,2,2023-11-20,2.1829455,2.4601367
2024,2023,Vichada,2023-11-06,3,2023-11-27,1.455297,2.6382713
2024,2023,Vichada,2023-11-06,4,2023-12-04,0.0,2.8698516
2024,2023,Vichada,2023-11-13,1,2023-11-20,2.1829455,3.9392276
2024,2023,Vichada,2023-11-13,2,2023-11-27,1.455297,4.372805
2024,2023,Vichada,2023-11-13,3,2023-12-04,0.0,4.5609136
2024,2023,Vichada,2023-11-13,4,2023-12-11,2.1829455,4.7702675
2024,2023,Vichada,2023-11-20,1,2023-11-27,1.455297,4.370027
2024,2023,Vichada,2023-11-20,2,2023-12-04,0.0,4.665799
2024,2023,Vichada,2023-11-20,3,2023-12-11,2.1829455,4.6964593
2024,2023,Vichada,2023-11-20,4,2023-12-18,2.9105935,5.100895
2024,2023,Vichada,2023-11-27,1,2023-12-04,0.0,3.3245869
2024,2023,Vichada,2023-11-27,2,2023-12-11,2.1829455,3.4910028
2024,2023,Vichada,2023-11-27,3,2023-12-18,2.9105935,3.613867
2024,2023,Vichada,2023-11-27,4,2023-12-25,0.72764844,4.0335956
