seed,test_year,departamento,fecha_base,horizonte,fecha_objetivo,y_true,y_pred
42,2023,Amazonas,2023-01-23,1,2023-01-30,15.646252,11.99286
42,2023,Amazonas,2023-01-23,2,2023-02-06,20.46048,11.911099
42,2023,Amazonas,2023-01-23,3,2023-02-13,27.681826,12.185218
42,2023,Amazonas,2023-01-23,4,2023-02-20,28.885387,12.143524
42,2023,Amazonas,2023-01-30,1,2023-02-06,20.46048,8.560759
42,2023,Amazonas,2023-01-30,2,2023-02-13,27.681826,8.136178
42,2023,Amazonas,2023-01-30,3,2023-02-20,28.885387,7.94978
42,2023,Amazonas,2023-01-30,4,2023-02-27,26.47827,7.8466635
42,2023,Amazonas,2023-02-06,1,2023-02-13,27.681826,13.546886
42,2023,Amazonas,2023-02-06,2,2023-02-20,28.885387,12.575224
42,2023,Amazonas,2023-02-06,3,2023-02-27,26.47827,12.419073
42,2023,Amazonas,2023-02-06,4,2023-03-06,31.292498,12.234658
42,2023,Amazonas,2023-02-13,1,2023-02-20,28.885387,14.945239
42,2023,Amazonas,2023-02-13,2,2023-02-27,26.47827,15.016404
42,2023,Amazonas,2023-02-13,3,2023-03-06,31.292498,14.751725
42,2023,Amazonas,2023-02-13,4,2023-03-13,30.088943,14.362256
42,2023,Amazonas,2023-02-20,1,2023-02-27,26.47827,20.438797
42,2023,Amazonas,2023-02-20,2,2023-03-06,31.292498,20.307684
42,2023,Amazonas,2023-02-20,3,2023-03-13,30.088943,19.34298
42,2023,Amazonas,2023-02-20,4,2023-03-20,30.088943,18.81897
42,2023,Amazonas,2023-02-27,1,2023-03-06,31.292498,26.253397
42,2023,Amazonas,2023-02-27,2,2023-03-13,30.088943,26.368336
42,2023,Amazonas,2023-02-27,3,2023-03-20,30.088943,24.586618
42,2023,Amazonas,2023-02-27,4,2023-03-27,52.956543,23.6798
42,2023,Amazonas,2023-03-06,1,2023-03-13,30.088943,24.360907
42,2023,Amazonas,2023-03-06,2,2023-03-20,30.088943,24.99129
42,2023,Amazonas,2023-03-06,3,2023-03-27,52.956543,22.40863
42,2023,Amazonas,2023-03-06,4,2023-04-03,46.938747,21.78424
42,2023,Amazonas,2023-03-13,1,2023-03-20,30.088943,30.587416
42,2023,Amazonas,2023-03-13,2,2023-03-27,52.956543,29.42164
42,2023,Amazonas,2023-03-13,3,2023-04-03,46.938747,27.84651
42,2023,Amazonas,2023-03-13,4,2023-04-10,39.717407,26.49928
42,2023,Amazonas,2023-03-20,1,2023-03-27,52.956543,27.84788
42,2023,Amazonas,2023-03-20,2,2023-04-03,46.938747,27.449877
42,2023,Amazonas,2023-03-20,3,2023-04-10,39.717407,25.183416
42,2023,Amazonas,2023-03-20,4,2023-04-17,24.071157,22.597605
42,2023,Amazonas,2023-03-27,1,2023-04-03,46.938747,32.83873
42,2023,Amazonas,2023-03-27,2,2023-04-10,39.717407,31.81723
42,2023,Amazonas,2023-03-27,3,2023-04-17,24.071157,29.099586
42,2023,Amazonas,2023-03-27,4,2023-04-24,30.088943,26.365675
42,2023,Amazonas,2023-04-03,1,2023-04-10,39.717407,37.263172
42,2023,Amazonas,2023-04-03,2,2023-04-17,24.071157,37.422062
42,2023,Amazonas,2023-04-03,3,2023-04-24,30.088943,35.89927
42,2023,Amazonas,2023-04-03,4,2023-05-01,22.8676,33.276356
42,2023,Amazonas,2023-04-10,1,2023-04-17,24.071157,36.59753
42,2023,Amazonas,2023-04-10,2,2023-04-24,30.088943,35.379566
42,2023,Amazonas,2023-04-10,3,2023-05-01,22.8676,32.863174
42,2023,Amazonas,2023-04-10,4,2023-05-08,10.832021,30.740166
42,2023,Amazonas,2023-04-17,1,2023-04-24,30.088943,35.7367
42,2023,Amazonas,2023-04-17,2,2023-05-01,22.8676,33.131836
42,2023,Amazonas,2023-04-17,3,2023-05-08,10.832021,29.339943
42,2023,Amazonas,2023-04-17,4,2023-05-15,16.84981,26.89795
42,2023,Amazonas,2023-04-24,1,2023-05-01,22.8676,22.861311
42,2023,Amazonas,2023-04-24,2,2023-05-08,10.832021,19.784555
42,2023,Amazonas,2023-04-24,3,2023-05-15,16.84981,17.197803
42,2023,Amazonas,2023-04-24,4,2023-05-22,10.832021,14.9078665
42,2023,Amazonas,2023-05-01,1,2023-05-08,10.832021,21.90935
42,2023,Amazonas,2023-05-01,2,2023-05-15,16.84981,19.107319
42,2023,Amazonas,2023-05-01,3,2023-05-22,10.832021,17.647501
42,2023,Amazonas,2023-05-01,4,2023-05-29,12.035577,16.37071
42,2023,Amazonas,2023-05-08,1,2023-05-15,16.84981,18.47549
42,2023,Amazonas,2023-05-08,2,2023-05-22,10.832021,16.78288
42,2023,Amazonas,2023-05-08,3,2023-05-29,12.035577,15.46611
42,2023,Amazonas,2023-05-08,4,2023-06-05,7.221347,14.456925
42,2023,Amazonas,2023-05-15,1,2023-05-22,10.832021,13.17441
42,2023,Amazonas,2023-05-15,2,2023-05-29,12.035577,10.819959
42,2023,Amazonas,2023-05-15,3,2023-06-05,7.221347,10.143562
42,2023,Amazonas,2023-05-15,4,2023-06-12,2.4071152,9.589842
42,2023,Amazonas,2023-05-22,1,2023-05-29,12.035577,9.218433
42,2023,Amazonas,2023-05-22,2,2023-06-05,7.221347,8.4927
42,2023,Amazonas,2023-05-22,3,2023-06-12,2.4071152,8.330415
42,2023,Amazonas,2023-05-22,4,2023-06-19,6.017789,7.523642
42,2023,Amazonas,2023-05-29,1,2023-06-05,7.221347,6.89487
42,2023,Amazonas,2023-05-29,2,2023-06-12,2.4071152,6.610108
42,2023,Amazonas,2023-05-29,3,2023-06-19,6.017789,6.412729
42,2023,Amazonas,2023-05-29,4,2023-06-26,1.2035577,5.970407
42,2023,Amazonas,2023-06-05,1,2023-06-12,2.4071152,8.332464
42,2023,Amazonas,2023-06-05,2,2023-06-19,6.017789,7.687695
42,2023,Amazonas,2023-06-05,3,2023-06-26,1.2035577,7.3641686
42,2023,Amazonas,2023-06-05,4,2023-07-03,4.814231,7.4451485
42,2023,Amazonas,2023-06-12,1,2023-06-19,6.017789,6.016213
42,2023,Amazonas,2023-06-12,2,2023-06-26,1.2035577,5.3845353
42,2023,Amazonas,2023-06-12,3,2023-07-03,4.814231,5.09236
42,2023,Amazonas,2023-06-12,4,2023-07-10,3.610673,5.111439
42,2023,Amazonas,2023-06-19,1,2023-06-26,1.2035577,4.0615706
42,2023,Amazonas,2023-06-19,2,2023-07-03,4.814231,3.5736663
42,2023,Amazonas,2023-06-19,3,2023-07-10,3.610673,3.5394876
42,2023,Amazonas,2023-06-19,4,2023-07-17,3.610673,3.723344
42,2023,Amazonas,2023-06-26,1,2023-07-03,4.814231,4.1600122
42,2023,Amazonas,2023-06-26,2,2023-07-10,3.610673,3.6956053
42,2023,Amazonas,2023-06-26,3,2023-07-17,3.610673,3.66192
42,2023,Amazonas,2023-06-26,4,2023-07-24,2.4071152,3.882795
42,2023,Amazonas,2023-07-03,1,2023-07-10,3.610673,3.0222335
42,2023,Amazonas,2023-07-03,2,2023-07-17,3.610673,2.5533926
42,2023,Amazonas,2023-07-03,3,2023-07-24,2.4071152,2.5663874
42,2023,Amazonas,2023-07-03,4,2023-07-31,0.0,2.5165358
42,2023,Amazonas,2023-07-10,1,2023-07-17,3.610673,3.4138336
42,2023,Amazonas,2023-07-10,2,2023-07-24,2.4071152,2.8780766
42,2023,Amazonas,2023-07-10,3,2023-07-31,0.0,2.8303235
42,2023,Amazonas,2023-07-10,4,2023-08-07,0.0,2.800479
42,2023,Amazonas,2023-07-17,1,2023-07-24,2.4071152,3.486729
42,2023,Amazonas,2023-07-17,2,2023-07-31,0.0,3.0615816
42,2023,Amazonas,2023-07-17,3,2023-08-07,0.0,2.9867396
42,2023,Amazonas,2023-07-17,4,2023-08-14,3.610673,2.807546
42,2023,Amazonas,2023-07-24,1,2023-07-31,0.0,2.8133066
42,2023,Amazonas,2023-07-24,2,2023-08-07,0.0,2.4655333
42,2023,Amazonas,2023-07-24,3,2023-08-14,3.610673,2.4562647
42,2023,Amazonas,2023-07-24,4,2023-08-21,4.814231,2.192664
42,2023,Amazonas,2023-07-31,1,2023-08-07,0.0,1.9875519
42,2023,Amazonas,2023-07-31,2,2023-08-14,3.610673,1.7782382
42,2023,Amazonas,2023-07-31,3,2023-08-21,4.814231,1.7889626
42,2023,Amazonas,2023-07-31,4,2023-08-28,3.610673,1.5517068
42,2023,Amazonas,2023-08-07,1,2023-08-14,3.610673,1.2746584
42,2023,Amazonas,2023-08-07,2,2023-08-21,4.814231,1.2418108
42,2023,Amazonas,2023-08-07,3,2023-08-28,3.610673,1.2934959
42,2023,Amazonas,2023-08-07,4,2023-09-04,2.4071152,1.045497
42,2023,Amazonas,2023-08-14,1,2023-08-21,4.814231,0.6625824
42,2023,Amazonas,2023-08-14,2,2023-08-28,3.610673,0.7458665
42,2023,Amazonas,2023-08-14,3,2023-09-04,2.4071152,0.82302994
42,2023,Amazonas,2023-08-14,4,2023-09-11,1.2035577,0.68771696
42,2023,Amazonas,2023-08-21,1,2023-08-28,3.610673,0.5064187
42,2023,Amazonas,2023-08-21,2,2023-09-04,2.4071152,0.635833
42,2023,Amazonas,2023-08-21,3,2023-09-11,1.2035577,0.7120446
42,2023,Amazonas,2023-08-21,4,2023-09-18,0.0,0.6094816
42,2023,Amazonas,2023-08-28,1,2023-09-04,2.4071152,0.59791225
42,2023,Amazonas,2023-08-28,2,2023-09-11,1.2035577,0.7391619
42,2023,Amazonas,2023-08-28,3,2023-09-18,0.0,0.88735473
42,2023,Amazonas,2023-08-28,4,2023-09-25,4.814231,0.7332945
42,2023,Amazonas,2023-09-04,1,2023-09-11,1.2035577,0.6455299
42,2023,Amazonas,2023-09-04,2,2023-09-18,0.0,0.792265
42,2023,Amazonas,2023-09-04,3,2023-09-25,4.814231,0.9734385
42,2023,Amazonas,2023-09-04,4,2023-10-02,2.4071152,0.7934271
42,2023,Amazonas,2023-09-11,1,2023-09-18,0.0,0.8660742
42,2023,Amazonas,2023-09-11,2,2023-09-25,4.814231,0.9981386
42,2023,Amazonas,2023-09-11,3,2023-10-02,2.4071152,1.1599671
42,2023,Amazonas,2023-09-11,4,2023-10-09,3.610673,0.92258036
42,2023,Amazonas,2023-09-18,1,2023-09-25,4.814231,1.0588459
42,2023,Amazonas,2023-09-18,2,2023-10-02,2.4071152,1.0764573
42,2023,Amazonas,2023-09-18,3,2023-10-09,3.610673,1.1620506
42,2023,Amazonas,2023-09-18,4,2023-10-16,1.2035577,1.0453414
42,2023,Amazonas,2023-09-25,1,2023-10-02,2.4071152,0.9396768
42,2023,Amazonas,2023-09-25,2,2023-10-09,3.610673,0.9587004
42,2023,Amazonas,2023-09-25,3,2023-10-16,1.2035577,0.9730867
42,2023,Amazonas,2023-09-25,4,2023-10-23,3.610673,0.93668723
42,2023,Amazonas,2023-10-02,1,2023-10-09,3.610673,1.3380959
42,2023,Amazonas,2023-10-02,2,2023-10-16,1.2035577,1.2739017
42,2023,Amazonas,2023-10-02,3,2023-10-23,3.610673,1.3884286
42,2023,Amazonas,2023-10-02,4,2023-10-30,3.610673,1.2751032
42,2023,Amazonas,2023-10-09,1,2023-10-16,1.2035577,1.6917521
42,2023,Amazonas,2023-10-09,2,2023-10-23,3.610673,1.592569
42,2023,Amazonas,2023-10-09,3,2023-10-30,3.610673,1.7361364
42,2023,Amazonas,2023-10-09,4,2023-11-06,0.0,1.642188
42,2023,Amazonas,2023-10-16,1,2023-10-23,3.610673,2.1100194
42,2023,Amazonas,2023-10-16,2,2023-10-30,3.610673,1.9528
42,2023,Amazonas,2023-10-16,3,2023-11-06,0.0,2.0728467
42,2023,Amazonas,2023-10-16,4,2023-11-13,3.610673,2.0362954
42,2023,Amazonas,2023-10-23,1,2023-10-30,3.610673,1.9143994
42,2023,Amazonas,2023-10-23,2,2023-11-06,0.0,1.8680907
42,2023,Amazonas,2023-10-23,3,2023-11-13,3.610673,1.9268202
42,2023,Amazonas,2023-10-23,4,2023-11-20,2.4071152,1.9936213
42,2023,Amazonas,2023-10-30,1,2023-11-06,0.0,2.5387783
42,2023,Amazonas,2023-10-30,2,2023-11-13,3.610673,2.6215987
42,2023,Amazonas,2023-10-30,3,2023-11-20,2.4071152,2.7142138
42,2023,Amazonas,2023-10-30,4,2023-11-27,2.4071152,2.9142773
42,2023,Amazonas,2023-11-06,1,2023-11-13,3.610673,2.9381847
42,2023,Amazonas,2023-11-06,2,2023-11-20,2.4071152,3.0817773
42,2023,Amazonas,2023-11-06,3,2023-11-27,2.4071152,3.2220044
42,2023,Amazonas,2023-11-06,4,2023-12-04,1.2035577,3.3799574
42,2023,Amazonas,2023-11-13,1,2023-11-20,2.4071152,1.9579465
42,2023,Amazonas,2023-11-13,2,2023-11-27,2.4071152,2.0465074
42,2023,Amazonas,2023-11-13,3,2023-12-04,1.2035577,2.1248024
42,2023,Amazonas,2023-11-13,4,2023-12-11,3.610673,2.2891185
42,2023,Amazonas,2023-11-20,1,2023-11-27,2.4071152,2.6442854
42,2023,Amazonas,2023-11-20,2,2023-12-04,1.2035577,2.6688616
42,2023,Amazonas,2023-11-20,3,2023-12-11,3.610673,2.7446187
42,2023,Amazonas,2023-11-20,4,2023-12-18,1.2035577,2.8284438
42,2023,Amazonas,2023-11-27,1,2023-12-04,1.2035577,2.6934254
42,2023,Amazonas,2023-11-27,2,2023-12-11,3.610673,2.7795606
42,2023,Amazonas,2023-11-27,3,2023-12-18,1.2035577,2.875657
42,2023,Amazonas,2023-11-27,4,2023-12-25,1.2035577,2.9360085
42,2023,Antioquia,2023-01-23,1,2023-01-30,0.6006336,0.45564085
42,2023,Antioquia,2023-01-23,2,2023-02-06,0.659232,0.44340786
42,2023,Antioquia,2023-01-23,3,2023-02-13,0.5566848,0.46575156
42,2023,Antioquia,2023-01-23,4,2023-02-20,0.42483842,0.44262078
42,2023,Antioquia,2023-01-30,1,2023-02-06,0.659232,0.43214124
42,2023,Antioquia,2023-01-30,2,2023-02-13,0.5566848,0.43235913
42,2023,Antioquia,2023-01-30,3,2023-02-20,0.42483842,0.44601175
42,2023,Antioquia,2023-01-30,4,2023-02-27,0.7178304,0.41911998
42,2023,Antioquia,2023-02-06,1,2023-02-13,0.5566848,0.38051316
42,2023,Antioquia,2023-02-06,2,2023-02-20,0.42483842,0.3537003
42,2023,Antioquia,2023-02-06,3,2023-02-27,0.7178304,0.37398502
42,2023,Antioquia,2023-02-06,4,2023-03-06,0.439488,0.33892453
42,2023,Antioquia,2023-02-13,1,2023-02-20,0.42483842,0.3898647
42,2023,Antioquia,2023-02-13,2,2023-02-27,0.7178304,0.35079247
42,2023,Antioquia,2023-02-13,3,2023-03-06,0.439488,0.39723024
42,2023,Antioquia,2023-02-13,4,2023-03-13,0.4834368,0.36333045
42,2023,Antioquia,2023-02-20,1,2023-02-27,0.7178304,0.42719606
42,2023,Antioquia,2023-02-20,2,2023-03-06,0.439488,0.3737614
42,2023,Antioquia,2023-02-20,3,2023-03-13,0.4834368,0.40568593
42,2023,Antioquia,2023-02-20,4,2023-03-20,0.6006336,0.38282764
42,2023,Antioquia,2023-02-27,1,2023-03-06,0.439488,0.37880805
42,2023,Antioquia,2023-02-27,2,2023-03-13,0.4834368,0.32468337
42,2023,Antioquia,2023-02-27,3,2023-03-20,0.6006336,0.35230985
42,2023,Antioquia,2023-02-27,4,2023-03-27,0.659232,0.3143769
42,2023,Antioquia,2023-03-06,1,2023-03-13,0.4834368,0.3923991
42,2023,Antioquia,2023-03-06,2,2023-03-20,0.6006336,0.37220544
42,2023,Antioquia,2023-03-06,3,2023-03-27,0.659232,0.43287
42,2023,Antioquia,2023-03-06,4,2023-04-03,0.3369408,0.38354787
42,2023,Antioquia,2023-03-13,1,2023-03-20,0.6006336,0.42612553
42,2023,Antioquia,2023-03-13,2,2023-03-27,0.659232,0.4000387
42,2023,Antioquia,2023-03-13,3,2023-04-03,0.3369408,0.4625815
42,2023,Antioquia,2023-03-13,4,2023-04-10,0.6445824,0.42921504
42,2023,Antioquia,2023-03-20,1,2023-03-27,0.659232,0.43067074
42,2023,Antioquia,2023-03-20,2,2023-04-03,0.3369408,0.40296704
42,2023,Antioquia,2023-03-20,3,2023-04-10,0.6445824,0.44141895
42,2023,Antioquia,2023-03-20,4,2023-04-17,0.51273596,0.44921318
42,2023,Antioquia,2023-03-27,1,2023-04-03,0.3369408,0.34138304
42,2023,Antioquia,2023-03-27,2,2023-04-10,0.6445824,0.3427046
42,2023,Antioquia,2023-03-27,3,2023-04-17,0.51273596,0.37443423
42,2023,Antioquia,2023-03-27,4,2023-04-24,0.6738816,0.364308
42,2023,Antioquia,2023-04-03,1,2023-04-10,0.6445824,0.40071398
42,2023,Antioquia,2023-04-03,2,2023-04-17,0.51273596,0.41032797
42,2023,Antioquia,2023-04-03,3,2023-04-24,0.6738816,0.438516
42,2023,Antioquia,2023-04-03,4,2023-05-01,0.6006336,0.42591625
42,2023,Antioquia,2023-04-10,1,2023-04-17,0.51273596,0.36415884
42,2023,Antioquia,2023-04-10,2,2023-04-24,0.6738816,0.36177382
42,2023,Antioquia,2023-04-10,3,2023-05-01,0.6006336,0.40160522
42,2023,Antioquia,2023-04-10,4,2023-05-08,0.8936256,0.39979795
42,2023,Antioquia,2023-04-17,1,2023-04-24,0.6738816,0.4584307
42,2023,Antioquia,2023-04-17,2,2023-05-01,0.6006336,0.44589028
42,2023,Antioquia,2023-04-17,3,2023-05-08,0.8936256,0.51983875
42,2023,Antioquia,2023-04-17,4,2023-05-15,1.0254719,0.519403
42,2023,Antioquia,2023-04-24,1,2023-05-01,0.6006336,0.56128895
42,2023,Antioquia,2023-04-24,2,2023-05-08,0.8936256,0.5545635
42,2023,Antioquia,2023-04-24,3,2023-05-15,1.0254719,0.59683675
42,2023,Antioquia,2023-04-24,4,2023-05-22,0.9375743,0.5998009
42,2023,Antioquia,2023-05-01,1,2023-05-08,0.8936256,0.53834885
42,2023,Antioquia,2023-05-01,2,2023-05-15,1.0254719,0.53002876
42,2023,Antioquia,2023-05-01,3,2023-05-22,0.9375743,0.54998296
42,2023,Antioquia,2023-05-01,4,2023-05-29,1.1866175,0.5334085
42,2023,Antioquia,2023-05-08,1,2023-05-15,1.0254719,0.58584464
42,2023,Antioquia,2023-05-08,2,2023-05-22,0.9375743,0.5823613
42,2023,Antioquia,2023-05-08,3,2023-05-29,1.1866175,0.62542176
42,2023,Antioquia,2023-05-08,4,2023-06-05,1.1719681,0.59379804
42,2023,Antioquia,2023-05-15,1,2023-05-22,0.9375743,0.7643854
42,2023,Antioquia,2023-05-15,2,2023-05-29,1.1866175,0.76431245
42,2023,Antioquia,2023-05-15,3,2023-06-05,1.1719681,0.8199392
42,2023,Antioquia,2023-05-15,4,2023-06-12,1.0840704,0.808875
42,2023,Antioquia,2023-05-22,1,2023-05-29,1.1866175,0.7814623
42,2023,Antioquia,2023-05-22,2,2023-06-05,1.1719681,0.7939915
42,2023,Antioquia,2023-05-22,3,2023-06-12,1.0840704,0.8487342
42,2023,Antioquia,2023-05-22,4,2023-06-19,1.2305664,0.81339705
42,2023,Antioquia,2023-05-29,1,2023-06-05,1.1719681,0.8729788
42,2023,Antioquia,2023-05-29,2,2023-06-12,1.0840704,0.9150967
42,2023,Antioquia,2023-05-29,3,2023-06-19,1.2305664,0.9598067
42,2023,Antioquia,2023-05-29,4,2023-06-26,1.1133696,0.9064048
42,2023,Antioquia,2023-06-05,1,2023-06-12,1.0840704,1.0937809
42,2023,Antioquia,2023-06-05,2,2023-06-19,1.2305664,1.163876
42,2023,Antioquia,2023-06-05,3,2023-06-26,1.1133696,1.1806457
42,2023,Antioquia,2023-06-05,4,2023-07-03,1.6993536,1.1319908
42,2023,Antioquia,2023-06-12,1,2023-06-19,1.2305664,1.2918283
42,2023,Antioquia,2023-06-12,2,2023-06-26,1.1133696,1.3595859
42,2023,Antioquia,2023-06-12,3,2023-07-03,1.6993536,1.3685949
42,2023,Antioquia,2023-06-12,4,2023-07-10,1.5821568,1.3384874
42,2023,Antioquia,2023-06-19,1,2023-06-26,1.1133696,1.4241704
42,2023,Antioquia,2023-06-19,2,2023-07-03,1.6993536,1.4481412
42,2023,Antioquia,2023-06-19,3,2023-07-10,1.5821568,1.45149
42,2023,Antioquia,2023-06-19,4,2023-07-17,1.6407552,1.4524058
42,2023,Antioquia,2023-06-26,1,2023-07-03,1.6993536,1.4913005
42,2023,Antioquia,2023-06-26,2,2023-07-10,1.5821568,1.5144632
42,2023,Antioquia,2023-06-26,3,2023-07-17,1.6407552,1.5235162
42,2023,Antioquia,2023-06-26,4,2023-07-24,1.6261055,1.5243596
42,2023,Antioquia,2023-07-03,1,2023-07-10,1.5821568,1.3667542
42,2023,Antioquia,2023-07-03,2,2023-07-17,1.6407552,1.3643692
42,2023,Antioquia,2023-07-03,3,2023-07-24,1.6261055,1.376993
42,2023,Antioquia,2023-07-03,4,2023-07-31,1.4356607,1.3623419
42,2023,Antioquia,2023-07-10,1,2023-07-17,1.6407552,1.5542607
42,2023,Antioquia,2023-07-10,2,2023-07-24,1.6261055,1.55327
42,2023,Antioquia,2023-07-10,3,2023-07-31,1.4356607,1.5425867
42,2023,Antioquia,2023-07-10,4,2023-08-07,2.1095424,1.5068814
42,2023,Antioquia,2023-07-17,1,2023-07-24,1.6261055,1.7923489
42,2023,Antioquia,2023-07-17,2,2023-07-31,1.4356607,1.8355423
42,2023,Antioquia,2023-07-17,3,2023-08-07,2.1095424,1.7959368
42,2023,Antioquia,2023-07-17,4,2023-08-14,1.5675071,1.7754161
42,2023,Antioquia,2023-07-24,1,2023-07-31,1.4356607,1.8621854
42,2023,Antioquia,2023-07-24,2,2023-08-07,2.1095424,1.9053135
42,2023,Antioquia,2023-07-24,3,2023-08-14,1.5675071,1.8960913
42,2023,Antioquia,2023-07-24,4,2023-08-21,1.391712,1.8837305
42,2023,Antioquia,2023-07-31,1,2023-08-07,2.1095424,1.837577
42,2023,Antioquia,2023-07-31,2,2023-08-14,1.5675071,1.807523
42,2023,Antioquia,2023-07-31,3,2023-08-21,1.391712,1.8146212
42,2023,Antioquia,2023-07-31,4,2023-08-28,1.6554048,1.800451
42,2023,Antioquia,2023-08-07,1,2023-08-14,1.5675071,1.4858093
42,2023,Antioquia,2023-08-07,2,2023-08-21,1.391712,1.4409312
42,2023,Antioquia,2023-08-07,3,2023-08-28,1.6554048,1.4479185
42,2023,Antioquia,2023-08-07,4,2023-09-04,1.977696,1.4313763
42,2023,Antioquia,2023-08-14,1,2023-08-21,1.391712,1.7734555
42,2023,Antioquia,2023-08-14,2,2023-08-28,1.6554048,1.7855878
42,2023,Antioquia,2023-08-14,3,2023-09-04,1.977696,1.7882286
42,2023,Antioquia,2023-08-14,4,2023-09-11,1.7579519,1.7559475
42,2023,Antioquia,2023-08-21,1,2023-08-28,1.6554048,1.7253331
42,2023,Antioquia,2023-08-21,2,2023-09-04,1.977696,1.763151
42,2023,Antioquia,2023-08-21,3,2023-09-11,1.7579519,1.7737901
42,2023,Antioquia,2023-08-21,4,2023-09-18,1.3477632,1.7685637
42,2023,Antioquia,2023-08-28,1,2023-09-04,1.977696,1.638778
42,2023,Antioquia,2023-08-28,2,2023-09-11,1.7579519,1.6623933
42,2023,Antioquia,2023-08-28,3,2023-09-18,1.3477632,1.6410661
42,2023,Antioquia,2023-08-28,4,2023-09-25,1.4649599,1.6674315
42,2023,Antioquia,2023-09-04,1,2023-09-11,1.7579519,1.7824299
42,2023,Antioquia,2023-09-04,2,2023-09-18,1.3477632,1.8467683
42,2023,Antioquia,2023-09-04,3,2023-09-25,1.4649599,1.8454369
42,2023,Antioquia,2023-09-04,4,2023-10-02,2.2560384,1.9011214
42,2023,Antioquia,2023-09-11,1,2023-09-18,1.3477632,1.9700629
42,2023,Antioquia,2023-09-11,2,2023-09-25,1.4649599,2.0220966
42,2023,Antioquia,2023-09-11,3,2023-10-02,2.2560384,2.013297
42,2023,Antioquia,2023-09-11,4,2023-10-09,1.7726017,2.0781715
42,2023,Antioquia,2023-09-18,1,2023-09-25,1.4649599,1.8031639
42,2023,Antioquia,2023-09-18,2,2023-10-02,2.2560384,1.7950531
42,2023,Antioquia,2023-09-18,3,2023-10-09,1.7726017,1.7780216
42,2023,Antioquia,2023-09-18,4,2023-10-16,1.7140031,1.86342
42,2023,Antioquia,2023-09-25,1,2023-10-02,2.2560384,1.643069
42,2023,Antioquia,2023-09-25,2,2023-10-09,1.7726017,1.701402
42,2023,Antioquia,2023-09-25,3,2023-10-16,1.7140031,1.6854632
42,2023,Antioquia,2023-09-25,4,2023-10-23,1.5968064,1.7922716
42,2023,Antioquia,2023-10-02,1,2023-10-09,1.7726017,1.5800234
42,2023,Antioquia,2023-10-02,2,2023-10-16,1.7140031,1.6664382
42,2023,Antioquia,2023-10-02,3,2023-10-23,1.5968064,1.674829
42,2023,Antioquia,2023-10-02,4,2023-10-30,1.391712,1.7581403
42,2023,Antioquia,2023-10-09,1,2023-10-16,1.7140031,1.8012755
42,2023,Antioquia,2023-10-09,2,2023-10-23,1.5968064,1.871863
42,2023,Antioquia,2023-10-09,3,2023-10-30,1.391712,1.8769193
42,2023,Antioquia,2023-10-09,4,2023-11-06,1.245216,1.9855236
42,2023,Antioquia,2023-10-16,1,2023-10-23,1.5968064,1.9033041
42,2023,Antioquia,2023-10-16,2,2023-10-30,1.391712,2.0050576
42,2023,Antioquia,2023-10-16,3,2023-11-06,1.245216,2.0131867
42,2023,Antioquia,2023-10-16,4,2023-11-13,1.933747,2.175911
42,2023,Antioquia,2023-10-23,1,2023-10-30,1.391712,2.0060344
42,2023,Antioquia,2023-10-23,2,2023-11-06,1.245216,2.1426713
42,2023,Antioquia,2023-10-23,3,2023-11-13,1.933747,2.141807
42,2023,Antioquia,2023-10-23,4,2023-11-20,1.5968064,2.3301253
42,2023,Antioquia,2023-10-30,1,2023-11-06,1.245216,1.9095569
42,2023,Antioquia,2023-10-30,2,2023-11-13,1.933747,2.0076165
42,2023,Antioquia,2023-10-30,3,2023-11-20,1.5968064,1.98942
42,2023,Antioquia,2023-10-30,4,2023-11-27,1.9044478,2.1495755
42,2023,Antioquia,2023-11-06,1,2023-11-13,1.933747,1.6518389
42,2023,Antioquia,2023-11-06,2,2023-11-20,1.5968064,1.7427759
42,2023,Antioquia,2023-11-06,3,2023-11-27,1.9044478,1.6988871
42,2023,Antioquia,2023-11-06,4,2023-12-04,1.6700543,1.8391067
42,2023,Antioquia,2023-11-13,1,2023-11-20,1.5968064,1.5739946
42,2023,Antioquia,2023-11-13,2,2023-11-27,1.9044478,1.7019792
42,2023,Antioquia,2023-11-13,3,2023-12-04,1.6700543,1.679708
42,2023,Antioquia,2023-11-13,4,2023-12-11,1.7872512,1.7918762
42,2023,Antioquia,2023-11-20,1,2023-11-27,1.9044478,1.6693186
42,2023,Antioquia,2023-11-20,2,2023-12-04,1.6700543,1.7771206
42,2023,Antioquia,2023-11-20,3,2023-12-11,1.7872512,1.746755
42,2023,Antioquia,2023-11-20,4,2023-12-18,1.7579519,1.8832217
42,2023,Antioquia,2023-11-27,1,2023-12-04,1.6700543,1.5957974
42,2023,Antioquia,2023-11-27,2,2023-12-11,1.7872512,1.6523149
42,2023,Antioquia,2023-11-27,3,2023-12-18,1.7579519,1.5877275
42,2023,Antioquia,2023-11-27,4,2023-12-25,1.3770623,1.7601569
42,2023,Arauca,2023-01-23,1,2023-01-30,0.36200407,1.6461397
42,2023,Arauca,2023-01-23,2,2023-02-06,1.0860121,1.5895785
42,2023,Arauca,2023-01-23,3,2023-02-13,1.0860121,1.5745794
42,2023,Arauca,2023-01-23,4,2023-02-20,1.8100202,1.5929163
42,2023,Arauca,2023-01-30,1,2023-02-06,1.0860121,2.4314265
42,2023,Arauca,2023-01-30,2,2023-02-13,1.0860121,2.3963192
42,2023,Arauca,2023-01-30,3,2023-02-20,1.8100202,2.341168
42,2023,Arauca,2023-01-30,4,2023-02-27,1.8100202,2.2667494
42,2023,Arauca,2023-02-06,1,2023-02-13,1.0860121,1.465675
42,2023,Arauca,2023-02-06,2,2023-02-20,1.8100202,1.3600756
42,2023,Arauca,2023-02-06,3,2023-02-27,1.8100202,1.3777864
42,2023,Arauca,2023-02-06,4,2023-03-06,2.1720243,1.3123462
42,2023,Arauca,2023-02-13,1,2023-02-20,1.8100202,1.0260307
42,2023,Arauca,2023-02-13,2,2023-02-27,1.8100202,0.9262879
42,2023,Arauca,2023-02-13,3,2023-03-06,2.1720243,0.94166315
42,2023,Arauca,2023-02-13,4,2023-03-13,0.7240081,0.91332626
42,2023,Arauca,2023-02-20,1,2023-02-27,1.8100202,1.0196228
42,2023,Arauca,2023-02-20,2,2023-03-06,2.1720243,0.9448304
42,2023,Arauca,2023-02-20,3,2023-03-13,0.7240081,0.9701127
42,2023,Arauca,2023-02-20,4,2023-03-20,1.0860121,0.9204383
42,2023,Arauca,2023-02-27,1,2023-03-06,2.1720243,1.3801904
42,2023,Arauca,2023-02-27,2,2023-03-13,0.7240081,1.3341749
42,2023,Arauca,2023-02-27,3,2023-03-20,1.0860121,1.3552736
42,2023,Arauca,2023-02-27,4,2023-03-27,0.7240081,1.3387939
42,2023,Arauca,2023-03-06,1,2023-03-13,0.7240081,1.6456239
42,2023,Arauca,2023-03-06,2,2023-03-20,1.0860121,1.6564778
42,2023,Arauca,2023-03-06,3,2023-03-27,0.7240081,1.7092798
42,2023,Arauca,2023-03-06,4,2023-04-03,0.36200407,1.7384336
42,2023,Arauca,2023-03-13,1,2023-03-20,1.0860121,1.7243112
42,2023,Arauca,2023-03-13,2,2023-03-27,0.7240081,1.7433622
42,2023,Arauca,2023-03-13,3,2023-04-03,0.36200407,1.8694885
42,2023,Arauca,2023-03-13,4,2023-04-10,1.0860121,2.019353
42,2023,Arauca,2023-03-20,1,2023-03-27,0.7240081,1.3665944
42,2023,Arauca,2023-03-20,2,2023-04-03,0.36200407,1.398705
42,2023,Arauca,2023-03-20,3,2023-04-10,1.0860121,1.4707924
42,2023,Arauca,2023-03-20,4,2023-04-17,1.0860121,1.5411545
42,2023,Arauca,2023-03-27,1,2023-04-03,0.36200407,1.1207262
42,2023,Arauca,2023-03-27,2,2023-04-10,1.0860121,1.0894665
42,2023,Arauca,2023-03-27,3,2023-04-17,1.0860121,1.1314086
42,2023,Arauca,2023-03-27,4,2023-04-24,3.6200407,1.1834307
42,2023,Arauca,2023-04-03,1,2023-04-10,1.0860121,1.0864753
42,2023,Arauca,2023-04-03,2,2023-04-17,1.0860121,1.0952442
42,2023,Arauca,2023-04-03,3,2023-04-24,3.6200407,1.1644397
42,2023,Arauca,2023-04-03,4,2023-05-01,1.8100202,1.1540601
42,2023,Arauca,2023-04-10,1,2023-04-17,1.0860121,0.66087514
42,2023,Arauca,2023-04-10,2,2023-04-24,3.6200407,0.68358976
42,2023,Arauca,2023-04-10,3,2023-05-01,1.8100202,0.7540389
42,2023,Arauca,2023-04-10,4,2023-05-08,4.3440485,0.8071987
42,2023,Arauca,2023-04-17,1,2023-04-24,3.6200407,0.7419486
42,2023,Arauca,2023-04-17,2,2023-05-01,1.8100202,0.81559664
42,2023,Arauca,2023-04-17,3,2023-05-08,4.3440485,0.90603334
42,2023,Arauca,2023-04-17,4,2023-05-15,3.6200407,0.93228495
42,2023,Arauca,2023-04-24,1,2023-05-01,1.8100202,0.90972763
42,2023,Arauca,2023-04-24,2,2023-05-08,4.3440485,1.0413519
42,2023,Arauca,2023-04-24,3,2023-05-15,3.6200407,1.160472
42,2023,Arauca,2023-04-24,4,2023-05-22,4.3440485,1.2786525
42,2023,Arauca,2023-05-01,1,2023-05-08,4.3440485,2.1856394
42,2023,Arauca,2023-05-01,2,2023-05-15,3.6200407,2.5146792
42,2023,Arauca,2023-05-01,3,2023-05-22,4.3440485,2.6223478
42,2023,Arauca,2023-05-01,4,2023-05-29,0.7240081,2.74439
42,2023,Arauca,2023-05-08,1,2023-05-15,3.6200407,2.5431802
42,2023,Arauca,2023-05-08,2,2023-05-22,4.3440485,2.9809291
42,2023,Arauca,2023-05-08,3,2023-05-29,0.7240081,3.1800935
42,2023,Arauca,2023-05-08,4,2023-06-05,4.3440485,3.2602143
42,2023,Arauca,2023-05-15,1,2023-05-22,4.3440485,4.067108
42,2023,Arauca,2023-05-15,2,2023-05-29,0.7240081,4.73073
42,2023,Arauca,2023-05-15,3,2023-06-05,4.3440485,5.0167775
42,2023,Arauca,2023-05-15,4,2023-06-12,3.2580369,5.1643233
42,2023,Arauca,2023-05-22,1,2023-05-29,0.7240081,4.4038186
42,2023,Arauca,2023-05-22,2,2023-06-05,4.3440485,4.8525653
42,2023,Arauca,2023-05-22,3,2023-06-12,3.2580369,5.257322
42,2023,Arauca,2023-05-22,4,2023-06-19,1.4480162,5.43661
42,2023,Arauca,2023-05-29,1,2023-06-05,4.3440485,4.822891
42,2023,Arauca,2023-05-29,2,2023-06-12,3.2580369,5.1977677
42,2023,Arauca,2023-05-29,3,2023-06-19,1.4480162,5.5617847
42,2023,Arauca,2023-05-29,4,2023-06-26,3.2580369,5.690889
42,2023,Arauca,2023-06-05,1,2023-06-12,3.2580369,3.660011
42,2023,Arauca,2023-06-05,2,2023-06-19,1.4480162,3.912416
42,2023,Arauca,2023-06-05,3,2023-06-26,3.2580369,4.0772104
42,2023,Arauca,2023-06-05,4,2023-07-03,2.5340285,4.160056
42,2023,Arauca,2023-06-12,1,2023-06-19,1.4480162,3.936802
42,2023,Arauca,2023-06-12,2,2023-06-26,3.2580369,4.049832
42,2023,Arauca,2023-06-12,3,2023-07-03,2.5340285,4.380636
42,2023,Arauca,2023-06-12,4,2023-07-10,4.3440485,4.375142
42,2023,Arauca,2023-06-19,1,2023-06-26,3.2580369,3.7949798
42,2023,Arauca,2023-06-19,2,2023-07-03,2.5340285,3.7816765
42,2023,Arauca,2023-06-19,3,2023-07-10,4.3440485,4.1290793
42,2023,Arauca,2023-06-19,4,2023-07-17,2.5340285,4.0230865
42,2023,Arauca,2023-06-26,1,2023-07-03,2.5340285,2.602106
42,2023,Arauca,2023-06-26,2,2023-07-10,4.3440485,2.54522
42,2023,Arauca,2023-06-26,3,2023-07-17,2.5340285,2.6265397
42,2023,Arauca,2023-06-26,4,2023-07-24,0.7240081,2.686779
42,2023,Arauca,2023-07-03,1,2023-07-10,4.3440485,2.6122036
42,2023,Arauca,2023-07-03,2,2023-07-17,2.5340285,2.4842052
42,2023,Arauca,2023-07-03,3,2023-07-24,0.7240081,2.563015
42,2023,Arauca,2023-07-03,4,2023-07-31,0.7240081,2.5346646
42,2023,Arauca,2023-07-10,1,2023-07-17,2.5340285,2.3434763
42,2023,Arauca,2023-07-10,2,2023-07-24,0.7240081,2.120499
42,2023,Arauca,2023-07-10,3,2023-07-31,0.7240081,2.2103148
42,2023,Arauca,2023-07-10,4,2023-08-07,1.8100202,2.0840497
42,2023,Arauca,2023-07-17,1,2023-07-24,0.7240081,2.3768816
42,2023,Arauca,2023-07-17,2,2023-07-31,0.7240081,2.2558334
42,2023,Arauca,2023-07-17,3,2023-08-07,1.8100202,2.2903743
42,2023,Arauca,2023-07-17,4,2023-08-14,1.4480162,2.1729538
42,2023,Arauca,2023-07-24,1,2023-07-31,0.7240081,2.2521403
42,2023,Arauca,2023-07-24,2,2023-08-07,1.8100202,2.1158836
42,2023,Arauca,2023-07-24,3,2023-08-14,1.4480162,2.202986
42,2023,Arauca,2023-07-24,4,2023-08-21,1.4480162,2.0058393
42,2023,Arauca,2023-07-31,1,2023-08-07,1.8100202,1.5763519
42,2023,Arauca,2023-07-31,2,2023-08-14,1.4480162,1.4693921
42,2023,Arauca,2023-07-31,3,2023-08-21,1.4480162,1.39074
42,2023,Arauca,2023-07-31,4,2023-08-28,1.0860121,1.2706531
42,2023,Arauca,2023-08-07,1,2023-08-14,1.4480162,1.2481003
42,2023,Arauca,2023-08-07,2,2023-08-21,1.4480162,1.1359091
42,2023,Arauca,2023-08-07,3,2023-08-28,1.0860121,1.0632907
42,2023,Arauca,2023-08-07,4,2023-09-04,1.8100202,0.9496192
42,2023,Arauca,2023-08-14,1,2023-08-21,1.4480162,1.1182009
42,2023,Arauca,2023-08-14,2,2023-08-28,1.0860121,1.0358027
42,2023,Arauca,2023-08-14,3,2023-09-04,1.8100202,0.98776627
42,2023,Arauca,2023-08-14,4,2023-09-11,1.4480162,0.8471153
42,2023,Arauca,2023-08-21,1,2023-08-28,1.0860121,1.0452132
42,2023,Arauca,2023-08-21,2,2023-09-04,1.8100202,0.97501695
42,2023,Arauca,2023-08-21,3,2023-09-11,1.4480162,0.9223046
42,2023,Arauca,2023-08-21,4,2023-09-18,2.1720243,0.849932
42,2023,Arauca,2023-08-28,1,2023-09-04,1.8100202,1.0481986
42,2023,Arauca,2023-08-28,2,2023-09-11,1.4480162,0.9743989
42,2023,Arauca,2023-08-28,3,2023-09-18,2.1720243,0.9453556
42,2023,Arauca,2023-08-28,4,2023-09-25,0.7240081,0.83477366
42,2023,Arauca,2023-09-04,1,2023-09-11,1.4480162,1.0878541
42,2023,Arauca,2023-09-04,2,2023-09-18,2.1720243,0.9949667
42,2023,Arauca,2023-09-04,3,2023-09-25,0.7240081,1.0054629
42,2023,Arauca,2023-09-04,4,2023-10-02,2.8960326,0.9710433
42,2023,Arauca,2023-09-11,1,2023-09-18,2.1720243,1.2416047
42,2023,Arauca,2023-09-11,2,2023-09-25,0.7240081,1.162459
42,2023,Arauca,2023-09-11,3,2023-10-02,2.8960326,1.18545
42,2023,Arauca,2023-09-11,4,2023-10-09,1.4480162,1.169079
42,2023,Arauca,2023-09-18,1,2023-09-25,0.7240081,1.3028749
42,2023,Arauca,2023-09-18,2,2023-10-02,2.8960326,1.2348729
42,2023,Arauca,2023-09-18,3,2023-10-09,1.4480162,1.2883997
42,2023,Arauca,2023-09-18,4,2023-10-16,1.8100202,1.2487653
42,2023,Arauca,2023-09-25,1,2023-10-02,2.8960326,1.5872397
42,2023,Arauca,2023-09-25,2,2023-10-09,1.4480162,1.5449193
42,2023,Arauca,2023-09-25,3,2023-10-16,1.8100202,1.6436821
42,2023,Arauca,2023-09-25,4,2023-10-23,2.1720243,1.6055727
42,2023,Arauca,2023-10-02,1,2023-10-09,1.4480162,1.4280899
42,2023,Arauca,2023-10-02,2,2023-10-16,1.8100202,1.3672751
42,2023,Arauca,2023-10-02,3,2023-10-23,2.1720243,1.442445
42,2023,Arauca,2023-10-02,4,2023-10-30,1.0860121,1.3863102
42,2023,Arauca,2023-10-09,1,2023-10-16,1.8100202,1.8480202
42,2023,Arauca,2023-10-09,2,2023-10-23,2.1720243,1.7926458
42,2023,Arauca,2023-10-09,3,2023-10-30,1.0860121,1.8757651
42,2023,Arauca,2023-10-09,4,2023-11-06,1.4480162,1.8381673
42,2023,Arauca,2023-10-16,1,2023-10-23,2.1720243,1.8850423
42,2023,Arauca,2023-10-16,2,2023-10-30,1.0860121,1.9317267
42,2023,Arauca,2023-10-16,3,2023-11-06,1.4480162,1.9942681
42,2023,Arauca,2023-10-16,4,2023-11-13,1.8100202,2.065962
42,2023,Arauca,2023-10-23,1,2023-10-30,1.0860121,1.8238139
42,2023,Arauca,2023-10-23,2,2023-11-06,1.4480162,1.8950747
42,2023,Arauca,2023-10-23,3,2023-11-13,1.8100202,1.9887106
42,2023,Arauca,2023-10-23,4,2023-11-20,1.4480162,2.1294923
42,2023,Arauca,2023-10-30,1,2023-11-06,1.4480162,2.181894
42,2023,Arauca,2023-10-30,2,2023-11-13,1.8100202,2.265738
42,2023,Arauca,2023-10-30,3,2023-11-20,1.4480162,2.3878698
42,2023,Arauca,2023-10-30,4,2023-11-27,2.8960326,2.5309637
42,2023,Arauca,2023-11-06,1,2023-11-13,1.8100202,1.8954782
42,2023,Arauca,2023-11-06,2,2023-11-20,1.4480162,1.9994944
42,2023,Arauca,2023-11-06,3,2023-11-27,2.8960326,2.1019096
42,2023,Arauca,2023-11-06,4,2023-12-04,1.4480162,2.2591405
42,2023,Arauca,2023-11-13,1,2023-11-20,1.4480162,1.8743225
42,2023,Arauca,2023-11-13,2,2023-11-27,2.8960326,1.9905173
42,2023,Arauca,2023-11-13,3,2023-12-04,1.4480162,2.0790498
42,2023,Arauca,2023-11-13,4,2023-12-11,3.2580369,2.1966383
42,2023,Arauca,2023-11-20,1,2023-11-27,2.8960326,2.0093267
42,2023,Arauca,2023-11-20,2,2023-12-04,1.4480162,2.130525
42,2023,Arauca,2023-11-20,3,2023-12-11,3.2580369,2.183814
42,2023,Arauca,2023-11-20,4,2023-12-18,3.6200407,2.3061101
42,2023,Arauca,2023-11-27,1,2023-12-04,1.4480162,2.1064525
42,2023,Arauca,2023-11-27,2,2023-12-11,3.2580369,2.168852
42,2023,Arauca,2023-11-27,3,2023-12-18,3.6200407,2.2374322
42,2023,Arauca,2023-11-27,4,2023-12-25,2.1720243,2.375628
42,2023,Atlantico,2023-01-23,1,2023-01-30,9.4817095,9.349141
42,2023,Atlantico,2023-01-23,2,2023-02-06,6.630069,8.094933
42,2023,Atlantico,2023-01-23,3,2023-02-13,5.8815117,7.8533607
42,2023,Atlantico,2023-01-23,4,2023-02-20,4.420046,7.076755
42,2023,Atlantico,2023-01-30,1,2023-02-06,6.630069,7.795648
42,2023,Atlantico,2023-01-30,2,2023-02-13,5.8815117,6.7543964
42,2023,Atlantico,2023-01-30,3,2023-02-20,4.420046,6.5986824
42,2023,Atlantico,2023-01-30,4,2023-02-27,2.6021237,5.886787
42,2023,Atlantico,2023-02-06,1,2023-02-13,5.8815117,6.308397
42,2023,Atlantico,2023-02-06,2,2023-02-20,4.420046,5.468642
42,2023,Atlantico,2023-02-06,3,2023-02-27,2.6021237,5.290436
42,2023,Atlantico,2023-02-06,4,2023-03-06,2.7803514,4.741858
42,2023,Atlantico,2023-02-13,1,2023-02-20,4.420046,4.3747826
42,2023,Atlantico,2023-02-13,2,2023-02-27,2.6021237,3.7081494
42,2023,Atlantico,2023-02-13,3,2023-03-06,2.7803514,3.5616422
42,2023,Atlantico,2023-02-13,4,2023-03-13,1.7466309,3.1615644
42,2023,Atlantico,2023-02-20,1,2023-02-27,2.6021237,3.1555233
42,2023,Atlantico,2023-02-20,2,2023-03-06,2.7803514,2.718056
42,2023,Atlantico,2023-02-20,3,2023-03-13,1.7466309,2.5650897
42,2023,Atlantico,2023-02-20,4,2023-03-20,2.352605,2.241083
42,2023,Atlantico,2023-02-27,1,2023-03-06,2.7803514,2.717818
42,2023,Atlantico,2023-02-27,2,2023-03-13,1.7466309,2.3485808
42,2023,Atlantico,2023-02-27,3,2023-03-20,2.352605,2.1829586
42,2023,Atlantico,2023-02-27,4,2023-03-27,1.6396943,1.9758648
42,2023,Atlantico,2023-03-06,1,2023-03-13,1.7466309,2.0093842
42,2023,Atlantico,2023-03-06,2,2023-03-20,2.352605,1.7132823
42,2023,Atlantico,2023-03-06,3,2023-03-27,1.6396943,1.5527576
42,2023,Atlantico,2023-03-06,4,2023-04-03,1.2119479,1.5344892
42,2023,Atlantico,2023-03-13,1,2023-03-20,2.352605,1.741123
42,2023,Atlantico,2023-03-13,2,2023-03-27,1.6396943,1.4846697
42,2023,Atlantico,2023-03-13,3,2023-04-03,1.2119479,1.3317301
42,2023,Atlantico,2023-03-13,4,2023-04-10,1.1763024,1.4270481
42,2023,Atlantico,2023-03-20,1,2023-03-27,1.6396943,1.4571155
42,2023,Atlantico,2023-03-20,2,2023-04-03,1.2119479,1.2612332
42,2023,Atlantico,2023-03-20,3,2023-04-10,1.1763024,1.1105994
42,2023,Atlantico,2023-03-20,4,2023-04-17,0.8198471,1.2488197
42,2023,Atlantico,2023-03-27,1,2023-04-03,1.2119479,1.5248873
42,2023,Atlantico,2023-03-27,2,2023-04-10,1.1763024,1.3364797
42,2023,Atlantico,2023-03-27,3,2023-04-17,0.8198471,1.1681263
42,2023,Atlantico,2023-03-27,4,2023-04-24,1.3545301,1.2915592
42,2023,Atlantico,2023-04-03,1,2023-04-10,1.1763024,1.4720103
42,2023,Atlantico,2023-04-03,2,2023-04-17,0.8198471,1.3047788
42,2023,Atlantico,2023-04-03,3,2023-04-24,1.3545301,1.140293
42,2023,Atlantico,2023-04-03,4,2023-05-01,1.1763024,1.2932991
42,2023,Atlantico,2023-04-10,1,2023-04-17,0.8198471,1.2722619
42,2023,Atlantico,2023-04-10,2,2023-04-24,1.3545301,1.1811767
42,2023,Atlantico,2023-04-10,3,2023-05-01,1.1763024,1.0103408
42,2023,Atlantico,2023-04-10,4,2023-05-08,1.2119479,1.1998687
42,2023,Atlantico,2023-04-17,1,2023-04-24,1.3545301,1.1520679
42,2023,Atlantico,2023-04-17,2,2023-05-01,1.1763024,1.1306568
42,2023,Atlantico,2023-04-17,3,2023-05-08,1.2119479,0.9761413
42,2023,Atlantico,2023-04-17,4,2023-05-15,1.1050113,1.1438888
42,2023,Atlantico,2023-04-24,1,2023-05-01,1.1763024,1.1412055
42,2023,Atlantico,2023-04-24,2,2023-05-08,1.2119479,1.1269023
42,2023,Atlantico,2023-04-24,3,2023-05-15,1.1050113,0.976284
42,2023,Atlantico,2023-04-24,4,2023-05-22,1.4614667,1.1370649
42,2023,Atlantico,2023-05-01,1,2023-05-08,1.2119479,1.1475116
42,2023,Atlantico,2023-05-01,2,2023-05-15,1.1050113,1.1587337
42,2023,Atlantico,2023-05-01,3,2023-05-22,1.4614667,1.0355604
42,2023,Atlantico,2023-05-01,4,2023-05-29,0.99807477,1.1653844
42,2023,Atlantico,2023-05-08,1,2023-05-15,1.1050113,1.0599865
42,2023,Atlantico,2023-05-08,2,2023-05-22,1.4614667,1.0845249
42,2023,Atlantico,2023-05-08,3,2023-05-29,0.99807477,0.97631997
42,2023,Atlantico,2023-05-08,4,2023-06-05,0.7842016,1.0816345
42,2023,Atlantico,2023-05-15,1,2023-05-22,1.4614667,0.94484884
42,2023,Atlantico,2023-05-15,2,2023-05-29,0.99807477,0.96418005
42,2023,Atlantico,2023-05-15,3,2023-06-05,0.7842016,0.8558197
42,2023,Atlantico,2023-05-15,4,2023-06-12,0.71291053,0.9501903
42,2023,Atlantico,2023-05-22,1,2023-05-29,0.99807477,0.91479856
42,2023,Atlantico,2023-05-22,2,2023-06-05,0.7842016,0.9364724
42,2023,Atlantico,2023-05-22,3,2023-06-12,0.71291053,0.8429702
42,2023,Atlantico,2023-05-22,4,2023-06-19,1.1763024,0.9316196
42,2023,Atlantico,2023-05-29,1,2023-06-05,0.7842016,1.014769
42,2023,Atlantico,2023-05-29,2,2023-06-12,0.71291053,1.0456439
42,2023,Atlantico,2023-05-29,3,2023-06-19,1.1763024,0.97931856
42,2023,Atlantico,2023-05-29,4,2023-06-26,1.3188845,1.0521008
42,2023,Atlantico,2023-06-05,1,2023-06-12,0.71291053,1.1079262
42,2023,Atlantico,2023-06-05,2,2023-06-19,1.1763024,1.1362687
42,2023,Atlantico,2023-06-05,3,2023-06-26,1.3188845,1.0881484
42,2023,Atlantico,2023-06-05,4,2023-07-03,1.5327578,1.1680926
42,2023,Atlantico,2023-06-12,1,2023-06-19,1.1763024,1.0857886
42,2023,Atlantico,2023-06-12,2,2023-06-26,1.3188845,1.1171874
42,2023,Atlantico,2023-06-12,3,2023-07-03,1.5327578,1.0868696
42,2023,Atlantico,2023-06-12,4,2023-07-10,2.815997,1.1625599
42,2023,Atlantico,2023-06-19,1,2023-06-26,1.3188845,1.028235
42,2023,Atlantico,2023-06-19,2,2023-07-03,1.5327578,1.0297606
42,2023,Atlantico,2023-06-19,3,2023-07-10,2.815997,1.0257691
42,2023,Atlantico,2023-06-19,4,2023-07-17,3.457616,1.077513
42,2023,Atlantico,2023-06-26,1,2023-07-03,1.5327578,1.0884291
42,2023,Atlantico,2023-06-26,2,2023-07-10,2.815997,1.0417151
42,2023,Atlantico,2023-06-26,3,2023-07-17,3.457616,1.0670563
42,2023,Atlantico,2023-06-26,4,2023-07-24,3.4219708,1.1209908
42,2023,Atlantico,2023-07-03,1,2023-07-10,2.815997,1.3860998
42,2023,Atlantico,2023-07-03,2,2023-07-17,3.457616,1.3566971
42,2023,Atlantico,2023-07-03,3,2023-07-24,3.4219708,1.3757774
42,2023,Atlantico,2023-07-03,4,2023-07-31,3.1011612,1.4568318
42,2023,Atlantico,2023-07-10,1,2023-07-17,3.457616,1.8310664
42,2023,Atlantico,2023-07-10,2,2023-07-24,3.4219708,1.8048917
42,2023,Atlantico,2023-07-10,3,2023-07-31,3.1011612,1.8223867
42,2023,Atlantico,2023-07-10,4,2023-08-07,3.6714892,1.8885201
42,2023,Atlantico,2023-07-17,1,2023-07-24,3.4219708,2.7018468
42,2023,Atlantico,2023-07-17,2,2023-07-31,3.1011612,2.7228627
42,2023,Atlantico,2023-07-17,3,2023-08-07,3.6714892,2.764417
42,2023,Atlantico,2023-07-17,4,2023-08-14,2.352605,2.7282805
42,2023,Atlantico,2023-07-24,1,2023-07-31,3.1011612,3.9749267
42,2023,Atlantico,2023-07-24,2,2023-08-07,3.6714892,4.082816
42,2023,Atlantico,2023-07-24,3,2023-08-14,2.352605,4.1614275
42,2023,Atlantico,2023-07-24,4,2023-08-21,1.7466309,4.1648645
42,2023,Atlantico,2023-07-31,1,2023-08-07,3.6714892,4.6238017
42,2023,Atlantico,2023-07-31,2,2023-08-14,2.352605,4.669829
42,2023,Atlantico,2023-07-31,3,2023-08-21,1.7466309,4.7832685
42,2023,Atlantico,2023-07-31,4,2023-08-28,2.7803514,4.8036976
42,2023,Atlantico,2023-08-07,1,2023-08-14,2.352605,4.5662565
42,2023,Atlantico,2023-08-07,2,2023-08-21,1.7466309,4.612135
42,2023,Atlantico,2023-08-07,3,2023-08-28,2.7803514,4.6799755
42,2023,Atlantico,2023-08-07,4,2023-09-04,2.6377692,4.7166014
42,2023,Atlantico,2023-08-14,1,2023-08-21,1.7466309,4.8617344
42,2023,Atlantico,2023-08-14,2,2023-08-28,2.7803514,4.9408545
42,2023,Atlantico,2023-08-14,3,2023-09-04,2.6377692,5.008782
42,2023,Atlantico,2023-08-14,4,2023-09-11,1.9961494,5.0254045
42,2023,Atlantico,2023-08-21,1,2023-08-28,2.7803514,4.447025
42,2023,Atlantico,2023-08-21,2,2023-09-04,2.6377692,4.526044
42,2023,Atlantico,2023-08-21,3,2023-09-11,1.9961494,4.582317
42,2023,Atlantico,2023-08-21,4,2023-09-18,2.7447057,4.56693
42,2023,Atlantico,2023-08-28,1,2023-09-04,2.6377692,3.6423032
42,2023,Atlantico,2023-08-28,2,2023-09-11,1.9961494,3.6752062
42,2023,Atlantico,2023-08-28,3,2023-09-18,2.7447057,3.736676
42,2023,Atlantico,2023-08-28,4,2023-09-25,2.6734145,3.713422
42,2023,Atlantico,2023-09-04,1,2023-09-11,1.9961494,3.8717766
42,2023,Atlantico,2023-09-04,2,2023-09-18,2.7447057,4.023935
42,2023,Atlantico,2023-09-04,3,2023-09-25,2.6734145,4.0950456
42,2023,Atlantico,2023-09-04,4,2023-10-02,2.4595416,4.1124463
42,2023,Atlantico,2023-09-11,1,2023-09-18,2.7447057,3.7185447
42,2023,Atlantico,2023-09-11,2,2023-09-25,2.6734145,3.8460958
42,2023,Atlantico,2023-09-11,3,2023-10-02,2.4595416,3.8952713
42,2023,Atlantico,2023-09-11,4,2023-10-09,2.0317953,3.9513736
42,2023,Atlantico,2023-09-18,1,2023-09-25,2.6734145,3.2732868
42,2023,Atlantico,2023-09-18,2,2023-10-02,2.4595416,3.3128765
42,2023,Atlantico,2023-09-18,3,2023-10-09,2.0317953,3.3386946
42,2023,Atlantico,2023-09-18,4,2023-10-16,2.2456684,3.4453342
42,2023,Atlantico,2023-09-25,1,2023-10-02,2.4595416,3.4349597
42,2023,Atlantico,2023-09-25,2,2023-10-09,2.0317953,3.5734243
42,2023,Atlantico,2023-09-25,3,2023-10-16,2.2456684,3.598725
42,2023,Atlantico,2023-09-25,4,2023-10-23,2.495187,3.7056835
42,2023,Atlantico,2023-10-02,1,2023-10-09,2.0317953,3.4170802
42,2023,Atlantico,2023-10-02,2,2023-10-16,2.2456684,3.5872998
42,2023,Atlantico,2023-10-02,3,2023-10-23,2.495187,3.6085095
42,2023,Atlantico,2023-10-02,4,2023-10-30,1.889213,3.6837943
42,2023,Atlantico,2023-10-09,1,2023-10-16,2.2456684,3.3272405
42,2023,Atlantico,2023-10-09,2,2023-10-23,2.495187,3.4778824
42,2023,Atlantico,2023-10-09,3,2023-10-30,1.889213,3.4767313
42,2023,Atlantico,2023-10-09,4,2023-11-06,3.2793884,3.564214
42,2023,Atlantico,2023-10-16,1,2023-10-23,2.495187,3.032187
42,2023,Atlantico,2023-10-16,2,2023-10-30,1.889213,3.185377
42,2023,Atlantico,2023-10-16,3,2023-11-06,3.2793884,3.1677015
42,2023,Atlantico,2023-10-16,4,2023-11-13,3.707135,3.25782
42,2023,Atlantico,2023-10-23,1,2023-10-30,1.889213,2.8795285
42,2023,Atlantico,2023-10-23,2,2023-11-06,3.2793884,3.0434067
42,2023,Atlantico,2023-10-23,3,2023-11-13,3.707135,3.0262282
42,2023,Atlantico,2023-10-23,4,2023-11-20,3.4932616,3.0818179
42,2023,Atlantico,2023-10-30,1,2023-11-06,3.2793884,3.1230516
42,2023,Atlantico,2023-10-30,2,2023-11-13,3.707135,3.3070285
42,2023,Atlantico,2023-10-30,3,2023-11-20,3.4932616,3.2716367
42,2023,Atlantico,2023-10-30,4,2023-11-27,5.132956,3.352354
42,2023,Atlantico,2023-11-06,1,2023-11-13,3.707135,2.883343
42,2023,Atlantico,2023-11-06,2,2023-11-20,3.4932616,2.975917
42,2023,Atlantico,2023-11-06,3,2023-11-27,5.132956,2.9376943
42,2023,Atlantico,2023-11-06,4,2023-12-04,5.845866,3.0046055
42,2023,Atlantico,2023-11-13,1,2023-11-20,3.4932616,3.2972484
42,2023,Atlantico,2023-11-13,2,2023-11-27,5.132956,3.4802458
42,2023,Atlantico,2023-11-13,3,2023-12-04,5.845866,3.4777646
42,2023,Atlantico,2023-11-13,4,2023-12-11,6.630069,3.5319548
42,2023,Atlantico,2023-11-20,1,2023-11-27,5.132956,4.194603
42,2023,Atlantico,2023-11-20,2,2023-12-04,5.845866,4.2574344
42,2023,Atlantico,2023-11-20,3,2023-12-11,6.630069,4.28522
42,2023,Atlantico,2023-11-20,4,2023-12-18,7.6994348,4.36612
42,2023,Atlantico,2023-11-27,1,2023-12-04,5.845866,4.0389056
42,2023,Atlantico,2023-11-27,2,2023-12-11,6.630069,4.098726
42,2023,Atlantico,2023-11-27,3,2023-12-18,7.6994348,4.108477
42,2023,Atlantico,2023-11-27,4,2023-12-25,7.41427,4.145248
42,2023,Bogota d.c.,2023-01-23,1,2023-01-30,0.0,0.049144953
42,2023,Bogota d.c.,2023-01-23,2,2023-02-06,0.0,0.01835019
42,2023,Bogota d.c.,2023-01-23,3,2023-02-13,0.0,0.012109195
42,2023,Bogota d.c.,2023-01-23,4,2023-02-20,0.0,0.01997152
42,2023,Bogota d.c.,2023-01-30,1,2023-02-06,0.0,0.032816455
42,2023,Bogota d.c.,2023-01-30,2,2023-02-13,0.0,0.013612302
42,2023,Bogota d.c.,2023-01-30,3,2023-02-20,0.0,0.007968326
42,2023,Bogota d.c.,2023-01-30,4,2023-02-27,0.0,0.014448238
42,2023,Bogota d.c.,2023-02-06,1,2023-02-13,0.0,0.01718951
42,2023,Bogota d.c.,2023-02-06,2,2023-02-20,0.0,0.0151800625
42,2023,Bogota d.c.,2023-02-06,3,2023-02-27,0.0,0.006197355
42,2023,Bogota d.c.,2023-02-06,4,2023-03-06,0.0,0.004354528
42,2023,Bogota d.c.,2023-02-13,1,2023-02-20,0.0,0.012019004
42,2023,Bogota d.c.,2023-02-13,2,2023-02-27,0.0,0.004387574
42,2023,Bogota d.c.,2023-02-13,3,2023-03-06,0.0,0.0
42,2023,Bogota d.c.,2023-02-13,4,2023-03-13,0.0,0.007431478
42,2023,Bogota d.c.,2023-02-20,1,2023-02-27,0.0,0.012505625
42,2023,Bogota d.c.,2023-02-20,2,2023-03-06,0.0,0.0
42,2023,Bogota d.c.,2023-02-20,3,2023-03-13,0.0,0.0
42,2023,Bogota d.c.,2023-02-20,4,2023-03-20,0.0,0.0032009196
42,2023,Bogota d.c.,2023-02-27,1,2023-03-06,0.0,0.026981166
42,2023,Bogota d.c.,2023-02-27,2,2023-03-13,0.0,0.0
42,2023,Bogota d.c.,2023-02-27,3,2023-03-20,0.0,0.0
42,2023,Bogota d.c.,2023-02-27,4,2023-03-27,0.0,0.0058198743
42,2023,Bogota d.c.,2023-03-06,1,2023-03-13,0.0,0.022153018
42,2023,Bogota d.c.,2023-03-06,2,2023-03-20,0.0,0.0
42,2023,Bogota d.c.,2023-03-06,3,2023-03-27,0.0,0.0
42,2023,Bogota d.c.,2023-03-06,4,2023-04-03,0.0,0.013929936
42,2023,Bogota d.c.,2023-03-13,1,2023-03-20,0.0,0.047096524
42,2023,Bogota d.c.,2023-03-13,2,2023-03-27,0.0,0.043788668
42,2023,Bogota d.c.,2023-03-13,3,2023-04-03,0.0,0.037863813
42,2023,Bogota d.c.,2023-03-13,4,2023-04-10,0.0,0.06886776
42,2023,Bogota d.c.,2023-03-20,1,2023-03-27,0.0,0.033339266
42,2023,Bogota d.c.,2023-03-20,2,2023-04-03,0.0,0.027617656
42,2023,Bogota d.c.,2023-03-20,3,2023-04-10,0.0,0.026091315
42,2023,Bogota d.c.,2023-03-20,4,2023-04-17,0.0,0.047114935
42,2023,Bogota d.c.,2023-03-27,1,2023-04-03,0.0,0.01323857
42,2023,Bogota d.c.,2023-03-27,2,2023-04-10,0.0,0.009274055
42,2023,Bogota d.c.,2023-03-27,3,2023-04-17,0.0,0.01079164
42,2023,Bogota d.c.,2023-03-27,4,2023-04-24,0.0,0.020136075
42,2023,Bogota d.c.,2023-04-03,1,2023-04-10,0.0,0.0068534752
42,2023,Bogota d.c.,2023-04-03,2,2023-04-17,0.0,0.005350803
42,2023,Bogota d.c.,2023-04-03,3,2023-04-24,0.0,0.009602158
42,2023,Bogota d.c.,2023-04-03,4,2023-05-01,0.0,0.0009397509
42,2023,Bogota d.c.,2023-04-10,1,2023-04-17,0.0,0.0050231945
42,2023,Bogota d.c.,2023-04-10,2,2023-04-24,0.0,0.0
42,2023,Bogota d.c.,2023-04-10,3,2023-05-01,0.0,0.0
42,2023,Bogota d.c.,2023-04-10,4,2023-05-08,0.0,0.0100030955
42,2023,Bogota d.c.,2023-04-17,1,2023-04-24,0.0,0.0
42,2023,Bogota d.c.,2023-04-17,2,2023-05-01,0.0,0.0
42,2023,Bogota d.c.,2023-04-17,3,2023-05-08,0.0,0.0
42,2023,Bogota d.c.,2023-04-17,4,2023-05-15,0.0,0.009815602
42,2023,Bogota d.c.,2023-04-24,1,2023-05-01,0.0,0.008523058
42,2023,Bogota d.c.,2023-04-24,2,2023-05-08,0.0,0.013416248
42,2023,Bogota d.c.,2023-04-24,3,2023-05-15,0.0,0.0
42,2023,Bogota d.c.,2023-04-24,4,2023-05-22,0.0,0.022662539
42,2023,Bogota d.c.,2023-05-01,1,2023-05-08,0.0,0.024145868
42,2023,Bogota d.c.,2023-05-01,2,2023-05-15,0.0,0.028890638
42,2023,Bogota d.c.,2023-05-01,3,2023-05-22,0.0,0.011793847
42,2023,Bogota d.c.,2023-05-01,4,2023-05-29,0.0,0.00975394
42,2023,Bogota d.c.,2023-05-08,1,2023-05-15,0.0,0.026849965
42,2023,Bogota d.c.,2023-05-08,2,2023-05-22,0.0,0.024091974
42,2023,Bogota d.c.,2023-05-08,3,2023-05-29,0.0,0.005363316
42,2023,Bogota d.c.,2023-05-08,4,2023-06-05,0.0,0.0027349074
42,2023,Bogota d.c.,2023-05-15,1,2023-05-22,0.0,0.04714073
42,2023,Bogota d.c.,2023-05-15,2,2023-05-29,0.0,0.046631653
42,2023,Bogota d.c.,2023-05-15,3,2023-06-05,0.0,0.03133442
42,2023,Bogota d.c.,2023-05-15,4,2023-06-12,0.0,0.028569842
42,2023,Bogota d.c.,2023-05-22,1,2023-05-29,0.0,0.05454144
42,2023,Bogota d.c.,2023-05-22,2,2023-06-05,0.0,0.04091961
42,2023,Bogota d.c.,2023-05-22,3,2023-06-12,0.0,0.026890263
42,2023,Bogota d.c.,2023-05-22,4,2023-06-19,0.0,0.040557917
42,2023,Bogota d.c.,2023-05-29,1,2023-06-05,0.0,0.06126702
42,2023,Bogota d.c.,2023-05-29,2,2023-06-12,0.0,0.03792821
42,2023,Bogota d.c.,2023-05-29,3,2023-06-19,0.0,0.012149936
42,2023,Bogota d.c.,2023-05-29,4,2023-06-26,0.0,0.042576678
42,2023,Bogota d.c.,2023-06-05,1,2023-06-12,0.0,0.044735733
42,2023,Bogota d.c.,2023-06-05,2,2023-06-19,0.0,0.030556805
42,2023,Bogota d.c.,2023-06-05,3,2023-06-26,0.0,0.0021264332
42,2023,Bogota d.c.,2023-06-05,4,2023-07-03,0.0,0.012301647
42,2023,Bogota d.c.,2023-06-12,1,2023-06-19,0.0,0.047519155
42,2023,Bogota d.c.,2023-06-12,2,2023-06-26,0.0,0.037999496
42,2023,Bogota d.c.,2023-06-12,3,2023-07-03,0.0,0.010944025
42,2023,Bogota d.c.,2023-06-12,4,2023-07-10,0.0,0.0
42,2023,Bogota d.c.,2023-06-19,1,2023-06-26,0.0,0.068504155
42,2023,Bogota d.c.,2023-06-19,2,2023-07-03,0.0,0.07975109
42,2023,Bogota d.c.,2023-06-19,3,2023-07-10,0.0,0.055419043
42,2023,Bogota d.c.,2023-06-19,4,2023-07-17,0.0,0.04045498
42,2023,Bogota d.c.,2023-06-26,1,2023-07-03,0.0,0.08012166
42,2023,Bogota d.c.,2023-06-26,2,2023-07-10,0.0,0.085677795
42,2023,Bogota d.c.,2023-06-26,3,2023-07-17,0.0,0.060723733
42,2023,Bogota d.c.,2023-06-26,4,2023-07-24,0.0,0.060082734
42,2023,Bogota d.c.,2023-07-03,1,2023-07-10,0.0,0.06966073
42,2023,Bogota d.c.,2023-07-03,2,2023-07-17,0.0,0.062899716
42,2023,Bogota d.c.,2023-07-03,3,2023-07-24,0.0,0.03587194
42,2023,Bogota d.c.,2023-07-03,4,2023-07-31,0.0,0.051296737
42,2023,Bogota d.c.,2023-07-10,1,2023-07-17,0.0,0.08548384
42,2023,Bogota d.c.,2023-07-10,2,2023-07-24,0.0,0.059119605
42,2023,Bogota d.c.,2023-07-10,3,2023-07-31,0.0,0.021444662
42,2023,Bogota d.c.,2023-07-10,4,2023-08-07,0.0,0.046113845
42,2023,Bogota d.c.,2023-07-17,1,2023-07-24,0.0,0.050522987
42,2023,Bogota d.c.,2023-07-17,2,2023-07-31,0.0,0.035563283
42,2023,Bogota d.c.,2023-07-17,3,2023-08-07,0.0,0.013005511
42,2023,Bogota d.c.,2023-07-17,4,2023-08-14,0.0,0.036171157
42,2023,Bogota d.c.,2023-07-24,1,2023-07-31,0.0,0.0376408
42,2023,Bogota d.c.,2023-07-24,2,2023-08-07,0.0,0.029800368
42,2023,Bogota d.c.,2023-07-24,3,2023-08-14,0.0,0.019156648
42,2023,Bogota d.c.,2023-07-24,4,2023-08-21,0.0,0.030105133
42,2023,Bogota d.c.,2023-07-31,1,2023-08-07,0.0,0.04170745
42,2023,Bogota d.c.,2023-07-31,2,2023-08-14,0.0,0.040836673
42,2023,Bogota d.c.,2023-07-31,3,2023-08-21,0.0,0.034709524
42,2023,Bogota d.c.,2023-07-31,4,2023-08-28,0.0,0.033987533
42,2023,Bogota d.c.,2023-08-07,1,2023-08-14,0.0,0.040052973
42,2023,Bogota d.c.,2023-08-07,2,2023-08-21,0.0,0.026481148
42,2023,Bogota d.c.,2023-08-07,3,2023-08-28,0.0,0.011952279
42,2023,Bogota d.c.,2023-08-07,4,2023-09-04,0.0,0.023842929
42,2023,Bogota d.c.,2023-08-14,1,2023-08-21,0.0,0.024257919
42,2023,Bogota d.c.,2023-08-14,2,2023-08-28,0.0,0.012001903
42,2023,Bogota d.c.,2023-08-14,3,2023-09-04,0.0,0.0
42,2023,Bogota d.c.,2023-08-14,4,2023-09-11,0.0,0.0151983965
42,2023,Bogota d.c.,2023-08-21,1,2023-08-28,0.0,0.0068963254
42,2023,Bogota d.c.,2023-08-21,2,2023-09-04,0.0,0.006175967
42,2023,Bogota d.c.,2023-08-21,3,2023-09-11,0.0,0.0
42,2023,Bogota d.c.,2023-08-21,4,2023-09-18,0.0,0.008201897
42,2023,Bogota d.c.,2023-08-28,1,2023-09-04,0.0,0.03799841
42,2023,Bogota d.c.,2023-08-28,2,2023-09-11,0.0,0.034746904
42,2023,Bogota d.c.,2023-08-28,3,2023-09-18,0.0,0.016399458
42,2023,Bogota d.c.,2023-08-28,4,2023-09-25,0.0,0.041761532
42,2023,Bogota d.c.,2023-09-04,1,2023-09-11,0.0,0.018950887
42,2023,Bogota d.c.,2023-09-04,2,2023-09-18,0.0,0.015344926
42,2023,Bogota d.c.,2023-09-04,3,2023-09-25,0.0,0.011501435
42,2023,Bogota d.c.,2023-09-04,4,2023-10-02,0.0,0.023647817
42,2023,Bogota d.c.,2023-09-11,1,2023-09-18,0.0,0.0
42,2023,Bogota d.c.,2023-09-11,2,2023-09-25,0.0,0.010656893
42,2023,Bogota d.c.,2023-09-11,3,2023-10-02,0.0,0.0077023814
42,2023,Bogota d.c.,2023-09-11,4,2023-10-09,0.0,0.0013242781
42,2023,Bogota d.c.,2023-09-18,1,2023-09-25,0.0,0.042620115
42,2023,Bogota d.c.,2023-09-18,2,2023-10-02,0.0,0.053626925
42,2023,Bogota d.c.,2023-09-18,3,2023-10-09,0.0,0.045924876
42,2023,Bogota d.c.,2023-09-18,4,2023-10-16,0.0,0.045814496
42,2023,Bogota d.c.,2023-09-25,1,2023-10-02,0.0,0.027223276
42,2023,Bogota d.c.,2023-09-25,2,2023-10-09,0.0,0.04648098
42,2023,Bogota d.c.,2023-09-25,3,2023-10-16,0.0,0.043037858
42,2023,Bogota d.c.,2023-09-25,4,2023-10-23,0.0,0.058164075
42,2023,Bogota d.c.,2023-10-02,1,2023-10-09,0.0,0.019102778
42,2023,Bogota d.c.,2023-10-02,2,2023-10-16,0.0,0.026850944
42,2023,Bogota d.c.,2023-10-02,3,2023-10-23,0.0,0.030308437
42,2023,Bogota d.c.,2023-10-02,4,2023-10-30,0.0,0.044807993
42,2023,Bogota d.c.,2023-10-09,1,2023-10-16,0.0,0.0071780486
42,2023,Bogota d.c.,2023-10-09,2,2023-10-23,0.0,0.015871376
42,2023,Bogota d.c.,2023-10-09,3,2023-10-30,0.0,0.020292617
42,2023,Bogota d.c.,2023-10-09,4,2023-11-06,0.0,0.03623845
42,2023,Bogota d.c.,2023-10-16,1,2023-10-23,0.0,0.0067469124
42,2023,Bogota d.c.,2023-10-16,2,2023-10-30,0.0,0.033497214
42,2023,Bogota d.c.,2023-10-16,3,2023-11-06,0.0,0.045365218
42,2023,Bogota d.c.,2023-10-16,4,2023-11-13,0.0,0.056516424
42,2023,Bogota d.c.,2023-10-23,1,2023-10-30,0.0,0.0
42,2023,Bogota d.c.,2023-10-23,2,2023-11-06,0.0,0.032877177
42,2023,Bogota d.c.,2023-10-23,3,2023-11-13,0.0,0.0484786
42,2023,Bogota d.c.,2023-10-23,4,2023-11-20,0.0,0.05753595
42,2023,Bogota d.c.,2023-10-30,1,2023-11-06,0.0,0.0
42,2023,Bogota d.c.,2023-10-30,2,2023-11-13,0.0,0.037061628
42,2023,Bogota d.c.,2023-10-30,3,2023-11-20,0.0,0.05861232
42,2023,Bogota d.c.,2023-10-30,4,2023-11-27,0.0,0.061457437
42,2023,Bogota d.c.,2023-11-06,1,2023-11-13,0.0,0.0246855
42,2023,Bogota d.c.,2023-11-06,2,2023-11-20,0.0,0.052153092
42,2023,Bogota d.c.,2023-11-06,3,2023-11-27,0.0,0.085071295
42,2023,Bogota d.c.,2023-11-06,4,2023-12-04,0.0,0.08340864
42,2023,Bogota d.c.,2023-11-13,1,2023-11-20,0.0,0.0
42,2023,Bogota d.c.,2023-11-13,2,2023-11-27,0.0,0.017336652
42,2023,Bogota d.c.,2023-11-13,3,2023-12-04,0.0,0.03473746
42,2023,Bogota d.c.,2023-11-13,4,2023-12-11,0.0,0.034470495
42,2023,Bogota d.c.,2023-11-20,1,2023-11-27,0.0,0.0
42,2023,Bogota d.c.,2023-11-20,2,2023-12-04,0.0,0.015796857
42,2023,Bogota d.c.,2023-11-20,3,2023-12-11,0.0,0.035748783
42,2023,Bogota d.c.,2023-11-20,4,2023-12-18,0.0,0.025229847
42,2023,Bogota d.c.,2023-11-27,1,2023-12-04,0.0,0.0
42,2023,Bogota d.c.,2023-11-27,2,2023-12-11,0.0,0.02534165
42,2023,Bogota d.c.,2023-11-27,3,2023-12-18,0.0,0.04663419
42,2023,Bogota d.c.,2023-11-27,4,2023-12-25,0.0,0.030034617
42,2023,Bolivar,2023-01-23,1,2023-01-30,3.527849,5.355355
42,2023,Bolivar,2023-01-23,2,2023-02-06,3.7539928,5.0753856
42,2023,Bolivar,2023-01-23,3,2023-02-13,3.1207893,5.026628
42,2023,Bolivar,2023-01-23,4,2023-02-20,2.2614417,4.8021355
42,2023,Bolivar,2023-01-30,1,2023-02-06,3.7539928,4.5368156
42,2023,Bolivar,2023-01-30,2,2023-02-13,3.1207893,4.225381
42,2023,Bolivar,2023-01-30,3,2023-02-20,2.2614417,4.12589
42,2023,Bolivar,2023-01-30,4,2023-02-27,1.8091534,3.8802643
42,2023,Bolivar,2023-02-06,1,2023-02-13,3.1207893,3.6451828
42,2023,Bolivar,2023-02-06,2,2023-02-20,2.2614417,3.2381237
42,2023,Bolivar,2023-02-06,3,2023-02-27,1.8091534,3.148455
42,2023,Bolivar,2023-02-06,4,2023-03-06,2.7589588,2.9085803
42,2023,Bolivar,2023-02-13,1,2023-02-20,2.2614417,2.7221491
42,2023,Bolivar,2023-02-13,2,2023-02-27,1.8091534,2.3866372
42,2023,Bolivar,2023-02-13,3,2023-03-06,2.7589588,2.3339005
42,2023,Bolivar,2023-02-13,4,2023-03-13,1.7639246,2.187606
42,2023,Bolivar,2023-02-20,1,2023-02-27,1.8091534,2.2817698
42,2023,Bolivar,2023-02-20,2,2023-03-06,2.7589588,1.9800602
42,2023,Bolivar,2023-02-20,3,2023-03-13,1.7639246,1.944036
42,2023,Bolivar,2023-02-20,4,2023-03-20,3.3469338,1.8045697
42,2023,Bolivar,2023-02-27,1,2023-03-06,2.7589588,2.0609016
42,2023,Bolivar,2023-02-27,2,2023-03-13,1.7639246,1.8316733
42,2023,Bolivar,2023-02-27,3,2023-03-20,3.3469338,1.7480022
42,2023,Bolivar,2023-02-27,4,2023-03-27,3.1660182,1.6668653
42,2023,Bolivar,2023-03-06,1,2023-03-13,1.7639246,1.6034994
42,2023,Bolivar,2023-03-06,2,2023-03-20,3.3469338,1.4240289
42,2023,Bolivar,2023-03-06,3,2023-03-27,3.1660182,1.3741996
42,2023,Bolivar,2023-03-06,4,2023-04-03,2.9398744,1.3580735
42,2023,Bolivar,2023-03-13,1,2023-03-20,3.3469338,1.64237
42,2023,Bolivar,2023-03-13,2,2023-03-27,3.1660182,1.4793528
42,2023,Bolivar,2023-03-13,3,2023-04-03,2.9398744,1.441871
42,2023,Bolivar,2023-03-13,4,2023-04-10,2.985103,1.5094838
42,2023,Bolivar,2023-03-20,1,2023-03-27,3.1660182,1.4479712
42,2023,Bolivar,2023-03-20,2,2023-04-03,2.9398744,1.2952389
42,2023,Bolivar,2023-03-20,3,2023-04-10,2.985103,1.2715365
42,2023,Bolivar,2023-03-20,4,2023-04-17,2.8494167,1.3609501
42,2023,Bolivar,2023-03-27,1,2023-04-03,2.9398744,2.0760417
42,2023,Bolivar,2023-03-27,2,2023-04-10,2.985103,1.9405618
42,2023,Bolivar,2023-03-27,3,2023-04-17,2.8494167,1.8901675
42,2023,Bolivar,2023-03-27,4,2023-04-24,2.8494167,1.9268976
42,2023,Bolivar,2023-04-03,1,2023-04-10,2.985103,2.613117
42,2023,Bolivar,2023-04-03,2,2023-04-17,2.8494167,2.5167127
42,2023,Bolivar,2023-04-03,3,2023-04-24,2.8494167,2.4668539
42,2023,Bolivar,2023-04-03,4,2023-05-01,2.8041878,2.4666142
42,2023,Bolivar,2023-04-10,1,2023-04-17,2.8494167,2.6268625
42,2023,Bolivar,2023-04-10,2,2023-04-24,2.8494167,2.5498846
42,2023,Bolivar,2023-04-10,3,2023-05-01,2.8041878,2.5512695
42,2023,Bolivar,2023-04-10,4,2023-05-08,3.6635354,2.6645086
42,2023,Bolivar,2023-04-17,1,2023-04-24,2.8494167,2.8382869
42,2023,Bolivar,2023-04-17,2,2023-05-01,2.8041878,2.8607283
42,2023,Bolivar,2023-04-17,3,2023-05-08,3.6635354,2.8879004
42,2023,Bolivar,2023-04-17,4,2023-05-15,4.341968,3.0569377
42,2023,Bolivar,2023-04-24,1,2023-05-01,2.8041878,3.0862145
42,2023,Bolivar,2023-04-24,2,2023-05-08,3.6635354,3.1287787
42,2023,Bolivar,2023-04-24,3,2023-05-15,4.341968,3.14419
42,2023,Bolivar,2023-04-24,4,2023-05-22,3.708764,3.2688475
42,2023,Bolivar,2023-05-01,1,2023-05-08,3.6635354,3.30538
42,2023,Bolivar,2023-05-01,2,2023-05-15,4.341968,3.361583
42,2023,Bolivar,2023-05-01,3,2023-05-22,3.708764,3.371235
42,2023,Bolivar,2023-05-01,4,2023-05-29,4.2062817,3.4352696
42,2023,Bolivar,2023-05-08,1,2023-05-15,4.341968,3.66866
42,2023,Bolivar,2023-05-08,2,2023-05-22,3.708764,3.8054264
42,2023,Bolivar,2023-05-08,3,2023-05-29,4.2062817,3.8419383
42,2023,Bolivar,2023-05-08,4,2023-06-05,4.1610527,3.9317973
42,2023,Bolivar,2023-05-15,1,2023-05-22,3.708764,3.889431
42,2023,Bolivar,2023-05-15,2,2023-05-29,4.2062817,4.0685534
42,2023,Bolivar,2023-05-15,3,2023-06-05,4.1610527,4.1690264
42,2023,Bolivar,2023-05-15,4,2023-06-12,3.4826205,4.240825
42,2023,Bolivar,2023-05-22,1,2023-05-29,4.2062817,4.1824217
42,2023,Bolivar,2023-05-22,2,2023-06-05,4.1610527,4.335587
42,2023,Bolivar,2023-05-22,3,2023-06-12,3.4826205,4.4301186
42,2023,Bolivar,2023-05-22,4,2023-06-19,4.703799,4.5597234
42,2023,Bolivar,2023-05-29,1,2023-06-05,4.1610527,4.4407325
42,2023,Bolivar,2023-05-29,2,2023-06-12,3.4826205,4.522509
42,2023,Bolivar,2023-05-29,3,2023-06-19,4.703799,4.5421305
42,2023,Bolivar,2023-05-29,4,2023-06-26,4.7490277,4.6925035
42,2023,Bolivar,2023-06-05,1,2023-06-12,3.4826205,5.239608
42,2023,Bolivar,2023-06-05,2,2023-06-19,4.703799,5.360853
42,2023,Bolivar,2023-06-05,3,2023-06-26,4.7490277,5.3152437
42,2023,Bolivar,2023-06-05,4,2023-07-03,4.9751716,5.426485
42,2023,Bolivar,2023-06-12,1,2023-06-19,4.703799,5.8281507
42,2023,Bolivar,2023-06-12,2,2023-06-26,4.7490277,5.9666166
42,2023,Bolivar,2023-06-12,3,2023-07-03,4.9751716,5.958981
42,2023,Bolivar,2023-06-12,4,2023-07-10,7.1461554,6.0072966
42,2023,Bolivar,2023-06-19,1,2023-06-26,4.7490277,5.4475617
42,2023,Bolivar,2023-06-19,2,2023-07-03,4.9751716,5.438629
42,2023,Bolivar,2023-06-19,3,2023-07-10,7.1461554,5.437078
42,2023,Bolivar,2023-06-19,4,2023-07-17,6.829553,5.4532776
42,2023,Bolivar,2023-06-26,1,2023-07-03,4.9751716,5.888085
42,2023,Bolivar,2023-06-26,2,2023-07-10,7.1461554,5.870329
42,2023,Bolivar,2023-06-26,3,2023-07-17,6.829553,5.971823
42,2023,Bolivar,2023-06-26,4,2023-07-24,7.553215,5.908353
42,2023,Bolivar,2023-07-03,1,2023-07-10,7.1461554,5.834337
42,2023,Bolivar,2023-07-03,2,2023-07-17,6.829553,5.7675214
42,2023,Bolivar,2023-07-03,3,2023-07-24,7.553215,5.8094606
42,2023,Bolivar,2023-07-03,4,2023-07-31,6.6034102,5.733494
42,2023,Bolivar,2023-07-10,1,2023-07-17,6.829553,5.6151686
42,2023,Bolivar,2023-07-10,2,2023-07-24,7.553215,5.4949045
42,2023,Bolivar,2023-07-10,3,2023-07-31,6.6034102,5.509077
42,2023,Bolivar,2023-07-10,4,2023-08-07,6.2415795,5.4629416
42,2023,Bolivar,2023-07-17,1,2023-07-24,7.553215,7.186269
42,2023,Bolivar,2023-07-17,2,2023-07-31,6.6034102,7.0627313
42,2023,Bolivar,2023-07-17,3,2023-08-07,6.2415795,7.098521
42,2023,Bolivar,2023-07-17,4,2023-08-14,6.1058927,6.9603076
42,2023,Bolivar,2023-07-24,1,2023-07-31,6.6034102,8.081462
42,2023,Bolivar,2023-07-24,2,2023-08-07,6.2415795,8.025322
42,2023,Bolivar,2023-07-24,3,2023-08-14,6.1058927,8.087695
42,2023,Bolivar,2023-07-24,4,2023-08-21,5.9249773,7.9914727
42,2023,Bolivar,2023-07-31,1,2023-08-07,6.2415795,8.465799
42,2023,Bolivar,2023-07-31,2,2023-08-14,6.1058927,8.185546
42,2023,Bolivar,2023-07-31,3,2023-08-21,5.9249773,8.261112
42,2023,Bolivar,2023-07-31,4,2023-08-28,6.3320365,8.186704
42,2023,Bolivar,2023-08-07,1,2023-08-14,6.1058927,7.4402995
42,2023,Bolivar,2023-08-07,2,2023-08-21,5.9249773,7.195686
42,2023,Bolivar,2023-08-07,3,2023-08-28,6.3320365,7.218746
42,2023,Bolivar,2023-08-07,4,2023-09-04,5.9702063,7.194664
42,2023,Bolivar,2023-08-14,1,2023-08-21,5.9249773,7.0678234
42,2023,Bolivar,2023-08-14,2,2023-08-28,6.3320365,6.8690605
42,2023,Bolivar,2023-08-14,3,2023-09-04,5.9702063,6.8196096
42,2023,Bolivar,2023-08-14,4,2023-09-11,6.1511216,6.842438
42,2023,Bolivar,2023-08-21,1,2023-08-28,6.3320365,7.0577273
42,2023,Bolivar,2023-08-21,2,2023-09-04,5.9702063,6.9165587
42,2023,Bolivar,2023-08-21,3,2023-09-11,6.1511216,6.884033
42,2023,Bolivar,2023-08-21,4,2023-09-18,6.4224944,6.8595505
42,2023,Bolivar,2023-08-28,1,2023-09-04,5.9702063,6.663222
42,2023,Bolivar,2023-08-28,2,2023-09-11,6.1511216,6.4767585
42,2023,Bolivar,2023-08-28,3,2023-09-18,6.4224944,6.47049
42,2023,Bolivar,2023-08-28,4,2023-09-25,6.5581803,6.4016666
42,2023,Bolivar,2023-09-04,1,2023-09-11,6.1511216,6.994166
42,2023,Bolivar,2023-09-04,2,2023-09-18,6.4224944,6.8898983
42,2023,Bolivar,2023-09-04,3,2023-09-25,6.5581803,6.877147
42,2023,Bolivar,2023-09-04,4,2023-10-02,6.6034102,6.820559
42,2023,Bolivar,2023-09-11,1,2023-09-18,6.4224944,6.9438796
42,2023,Bolivar,2023-09-11,2,2023-09-25,6.5581803,6.7195992
42,2023,Bolivar,2023-09-11,3,2023-10-02,6.6034102,6.642806
42,2023,Bolivar,2023-09-11,4,2023-10-09,6.9200115,6.60013
42,2023,Bolivar,2023-09-18,1,2023-09-25,6.5581803,6.3606343
42,2023,Bolivar,2023-09-18,2,2023-10-02,6.6034102,6.035267
42,2023,Bolivar,2023-09-18,3,2023-10-09,6.9200115,5.953014
42,2023,Bolivar,2023-09-18,4,2023-10-16,7.8245883,5.9052367
42,2023,Bolivar,2023-09-25,1,2023-10-02,6.6034102,6.830259
42,2023,Bolivar,2023-09-25,2,2023-10-09,6.9200115,6.583418
42,2023,Bolivar,2023-09-25,3,2023-10-16,7.8245883,6.4886293
42,2023,Bolivar,2023-09-25,4,2023-10-23,8.683936,6.446665
42,2023,Bolivar,2023-10-02,1,2023-10-09,6.9200115,7.1369743
42,2023,Bolivar,2023-10-02,2,2023-10-16,7.8245883,6.8806014
42,2023,Bolivar,2023-10-02,3,2023-10-23,8.683936,6.766577
42,2023,Bolivar,2023-10-02,4,2023-10-30,7.5984445,6.743092
42,2023,Bolivar,2023-10-09,1,2023-10-16,7.8245883,6.846843
42,2023,Bolivar,2023-10-09,2,2023-10-23,8.683936,6.550387
42,2023,Bolivar,2023-10-09,3,2023-10-30,7.5984445,6.4545784
42,2023,Bolivar,2023-10-09,4,2023-11-06,8.050732,6.426431
42,2023,Bolivar,2023-10-16,1,2023-10-23,8.683936,6.9076796
42,2023,Bolivar,2023-10-16,2,2023-10-30,7.5984445,6.6893015
42,2023,Bolivar,2023-10-16,3,2023-11-06,8.050732,6.5989614
42,2023,Bolivar,2023-10-16,4,2023-11-13,9.905115,6.6162376
42,2023,Bolivar,2023-10-23,1,2023-10-30,7.5984445,7.665953
42,2023,Bolivar,2023-10-23,2,2023-11-06,8.050732,7.4454103
42,2023,Bolivar,2023-10-23,3,2023-11-13,9.905115,7.3092127
42,2023,Bolivar,2023-10-23,4,2023-11-20,11.081065,7.24969
42,2023,Bolivar,2023-10-30,1,2023-11-06,8.050732,8.757587
42,2023,Bolivar,2023-10-30,2,2023-11-13,9.905115,8.34356
42,2023,Bolivar,2023-10-30,3,2023-11-20,11.081065,8.241094
42,2023,Bolivar,2023-10-30,4,2023-11-27,12.890218,8.163778
42,2023,Bolivar,2023-11-06,1,2023-11-13,9.905115,8.613885
42,2023,Bolivar,2023-11-06,2,2023-11-20,11.081065,8.10896
42,2023,Bolivar,2023-11-06,3,2023-11-27,12.890218,7.9686284
42,2023,Bolivar,2023-11-06,4,2023-12-04,10.0408,7.8575706
42,2023,Bolivar,2023-11-13,1,2023-11-20,11.081065,8.878157
42,2023,Bolivar,2023-11-13,2,2023-11-27,12.890218,8.535585
42,2023,Bolivar,2023-11-13,3,2023-12-04,10.0408,8.433212
42,2023,Bolivar,2023-11-13,4,2023-12-11,10.538318,8.299835
42,2023,Bolivar,2023-11-20,1,2023-11-27,12.890218,10.396788
42,2023,Bolivar,2023-11-20,2,2023-12-04,10.0408,9.8657675
42,2023,Bolivar,2023-11-20,3,2023-12-11,10.538318,9.757269
42,2023,Bolivar,2023-11-20,4,2023-12-18,10.764462,9.491215
42,2023,Bolivar,2023-11-27,1,2023-12-04,10.0408,11.276672
42,2023,Bolivar,2023-11-27,2,2023-12-11,10.538318,10.688638
42,2023,Bolivar,2023-11-27,3,2023-12-18,10.764462,10.5822315
42,2023,Bolivar,2023-11-27,4,2023-12-25,8.412561,10.14537
42,2023,Boyaca,2023-01-23,1,2023-01-30,0.47048268,0.33830222
42,2023,Boyaca,2023-01-23,2,2023-02-06,0.3920689,0.3564865
42,2023,Boyaca,2023-01-23,3,2023-02-13,1.1762068,0.3685036
42,2023,Boyaca,2023-01-23,4,2023-02-20,1.1762068,0.31863448
42,2023,Boyaca,2023-01-30,1,2023-02-06,0.3920689,0.33464995
42,2023,Boyaca,2023-01-30,2,2023-02-13,1.1762068,0.35422224
42,2023,Boyaca,2023-01-30,3,2023-02-20,1.1762068,0.36642858
42,2023,Boyaca,2023-01-30,4,2023-02-27,0.6273103,0.31287172
42,2023,Boyaca,2023-02-06,1,2023-02-13,1.1762068,0.34543845
42,2023,Boyaca,2023-02-06,2,2023-02-20,1.1762068,0.36504504
42,2023,Boyaca,2023-02-06,3,2023-02-27,0.6273103,0.3848395
42,2023,Boyaca,2023-02-06,4,2023-03-06,1.0193793,0.33763215
42,2023,Boyaca,2023-02-13,1,2023-02-20,1.1762068,0.34508583
42,2023,Boyaca,2023-02-13,2,2023-02-27,0.6273103,0.35263073
42,2023,Boyaca,2023-02-13,3,2023-03-06,1.0193793,0.36560082
42,2023,Boyaca,2023-02-13,4,2023-03-13,0.5488965,0.34727165
42,2023,Boyaca,2023-02-20,1,2023-02-27,0.6273103,0.5719329
42,2023,Boyaca,2023-02-20,2,2023-03-06,1.0193793,0.56447524
42,2023,Boyaca,2023-02-20,3,2023-03-13,0.5488965,0.57382673
42,2023,Boyaca,2023-02-20,4,2023-03-20,0.3920689,0.55575067
42,2023,Boyaca,2023-02-27,1,2023-03-06,1.0193793,0.767105
42,2023,Boyaca,2023-02-27,2,2023-03-13,0.5488965,0.7480629
42,2023,Boyaca,2023-02-27,3,2023-03-20,0.3920689,0.7663213
42,2023,Boyaca,2023-02-27,4,2023-03-27,0.31365514,0.73660755
42,2023,Boyaca,2023-03-06,1,2023-03-13,0.5488965,0.77963346
42,2023,Boyaca,2023-03-06,2,2023-03-20,0.3920689,0.74622154
42,2023,Boyaca,2023-03-06,3,2023-03-27,0.31365514,0.7748254
42,2023,Boyaca,2023-03-06,4,2023-04-03,0.15682755,0.75758845
42,2023,Boyaca,2023-03-13,1,2023-03-20,0.3920689,0.9058141
42,2023,Boyaca,2023-03-13,2,2023-03-27,0.31365514,0.8449458
42,2023,Boyaca,2023-03-13,3,2023-04-03,0.15682755,0.88690525
42,2023,Boyaca,2023-03-13,4,2023-04-10,0.6273103,0.88215286
42,2023,Boyaca,2023-03-20,1,2023-03-27,0.31365514,0.7201877
42,2023,Boyaca,2023-03-20,2,2023-04-03,0.15682755,0.69329727
42,2023,Boyaca,2023-03-20,3,2023-04-10,0.6273103,0.7440694
42,2023,Boyaca,2023-03-20,4,2023-04-17,0.3920689,0.7187368
42,2023,Boyaca,2023-03-27,1,2023-04-03,0.15682755,0.5572518
42,2023,Boyaca,2023-03-27,2,2023-04-10,0.6273103,0.55252373
42,2023,Boyaca,2023-03-27,3,2023-04-17,0.3920689,0.5898843
42,2023,Boyaca,2023-03-27,4,2023-04-24,0.5488965,0.5587122
42,2023,Boyaca,2023-04-03,1,2023-04-10,0.6273103,0.5072744
42,2023,Boyaca,2023-04-03,2,2023-04-17,0.3920689,0.5074019
42,2023,Boyaca,2023-04-03,3,2023-04-24,0.5488965,0.5303898
42,2023,Boyaca,2023-04-03,4,2023-05-01,0.31365514,0.4874608
42,2023,Boyaca,2023-04-10,1,2023-04-17,0.3920689,0.41351485
42,2023,Boyaca,2023-04-10,2,2023-04-24,0.5488965,0.42709258
42,2023,Boyaca,2023-04-10,3,2023-05-01,0.31365514,0.4326929
42,2023,Boyaca,2023-04-10,4,2023-05-08,1.1762068,0.4038194
42,2023,Boyaca,2023-04-17,1,2023-04-24,0.5488965,0.43412492
42,2023,Boyaca,2023-04-17,2,2023-05-01,0.31365514,0.45294645
42,2023,Boyaca,2023-04-17,3,2023-05-08,1.1762068,0.4423462
42,2023,Boyaca,2023-04-17,4,2023-05-15,0.9409654,0.4203501
42,2023,Boyaca,2023-04-24,1,2023-05-01,0.31365514,0.44857496
42,2023,Boyaca,2023-04-24,2,2023-05-08,1.1762068,0.47639418
42,2023,Boyaca,2023-04-24,3,2023-05-15,0.9409654,0.43892163
42,2023,Boyaca,2023-04-24,4,2023-05-22,0.7841378,0.4431991
42,2023,Boyaca,2023-05-01,1,2023-05-08,1.1762068,0.5743362
42,2023,Boyaca,2023-05-01,2,2023-05-15,0.9409654,0.59668845
42,2023,Boyaca,2023-05-01,3,2023-05-22,0.7841378,0.5349047
42,2023,Boyaca,2023-05-01,4,2023-05-29,0.15682755,0.54994476
42,2023,Boyaca,2023-05-08,1,2023-05-15,0.9409654,0.49472532
42,2023,Boyaca,2023-05-08,2,2023-05-22,0.7841378,0.5232512
42,2023,Boyaca,2023-05-08,3,2023-05-29,0.15682755,0.48098168
42,2023,Boyaca,2023-05-08,4,2023-06-05,0.705724,0.46755227
42,2023,Boyaca,2023-05-15,1,2023-05-22,0.7841378,0.6706873
42,2023,Boyaca,2023-05-15,2,2023-05-29,0.15682755,0.66249174
42,2023,Boyaca,2023-05-15,3,2023-06-05,0.705724,0.6103834
42,2023,Boyaca,2023-05-15,4,2023-06-12,0.5488965,0.625831
42,2023,Boyaca,2023-05-22,1,2023-05-29,0.15682755,0.7007643
42,2023,Boyaca,2023-05-22,2,2023-06-05,0.705724,0.6763932
42,2023,Boyaca,2023-05-22,3,2023-06-12,0.5488965,0.6469148
42,2023,Boyaca,2023-05-22,4,2023-06-19,0.23524134,0.6737664
42,2023,Boyaca,2023-05-29,1,2023-06-05,0.705724,0.7312832
42,2023,Boyaca,2023-05-29,2,2023-06-12,0.5488965,0.72509164
42,2023,Boyaca,2023-05-29,3,2023-06-19,0.23524134,0.68742555
42,2023,Boyaca,2023-05-29,4,2023-06-26,0.47048268,0.6893805
42,2023,Boyaca,2023-06-05,1,2023-06-12,0.5488965,0.67697406
42,2023,Boyaca,2023-06-05,2,2023-06-19,0.23524134,0.666984
42,2023,Boyaca,2023-06-05,3,2023-06-26,0.47048268,0.6181433
42,2023,Boyaca,2023-06-05,4,2023-07-03,0.6273103,0.6214595
42,2023,Boyaca,2023-06-12,1,2023-06-19,0.23524134,0.7090806
42,2023,Boyaca,2023-06-12,2,2023-06-26,0.47048268,0.7032777
42,2023,Boyaca,2023-06-12,3,2023-07-03,0.6273103,0.6357345
42,2023,Boyaca,2023-06-12,4,2023-07-10,0.5488965,0.63283503
42,2023,Boyaca,2023-06-19,1,2023-06-26,0.47048268,0.65277267
42,2023,Boyaca,2023-06-19,2,2023-07-03,0.6273103,0.64941794
42,2023,Boyaca,2023-06-19,3,2023-07-10,0.5488965,0.58992904
42,2023,Boyaca,2023-06-19,4,2023-07-17,0.7841378,0.5943012
42,2023,Boyaca,2023-06-26,1,2023-07-03,0.6273103,0.5094595
42,2023,Boyaca,2023-06-26,2,2023-07-10,0.5488965,0.52807623
42,2023,Boyaca,2023-06-26,3,2023-07-17,0.7841378,0.48417073
42,2023,Boyaca,2023-06-26,4,2023-07-24,0.078413785,0.48186672
42,2023,Boyaca,2023-07-03,1,2023-07-10,0.5488965,0.48841852
42,2023,Boyaca,2023-07-03,2,2023-07-17,0.7841378,0.49391016
42,2023,Boyaca,2023-07-03,3,2023-07-24,0.078413785,0.4520866
42,2023,Boyaca,2023-07-03,4,2023-07-31,0.23524134,0.4518096
42,2023,Boyaca,2023-07-10,1,2023-07-17,0.7841378,0.51737815
42,2023,Boyaca,2023-07-10,2,2023-07-24,0.078413785,0.5213481
42,2023,Boyaca,2023-07-10,3,2023-07-31,0.23524134,0.4741217
42,2023,Boyaca,2023-07-10,4,2023-08-07,0.705724,0.47852504
42,2023,Boyaca,2023-07-17,1,2023-07-24,0.078413785,0.48041812
42,2023,Boyaca,2023-07-17,2,2023-07-31,0.23524134,0.48659992
42,2023,Boyaca,2023-07-17,3,2023-08-07,0.705724,0.44555843
42,2023,Boyaca,2023-07-17,4,2023-08-14,0.705724,0.45524195
42,2023,Boyaca,2023-07-24,1,2023-07-31,0.23524134,0.5131206
42,2023,Boyaca,2023-07-24,2,2023-08-07,0.705724,0.5079975
42,2023,Boyaca,2023-07-24,3,2023-08-14,0.705724,0.48284632
42,2023,Boyaca,2023-07-24,4,2023-08-21,0.5488965,0.48351756
42,2023,Boyaca,2023-07-31,1,2023-08-07,0.705724,0.44480816
42,2023,Boyaca,2023-07-31,2,2023-08-14,0.705724,0.44147122
42,2023,Boyaca,2023-07-31,3,2023-08-21,0.5488965,0.42122948
42,2023,Boyaca,2023-07-31,4,2023-08-28,0.6273103,0.42644492
42,2023,Boyaca,2023-08-07,1,2023-08-14,0.705724,0.39144304
42,2023,Boyaca,2023-08-07,2,2023-08-21,0.5488965,0.40684047
42,2023,Boyaca,2023-08-07,3,2023-08-28,0.6273103,0.3866407
42,2023,Boyaca,2023-08-07,4,2023-09-04,0.15682755,0.37332067
42,2023,Boyaca,2023-08-14,1,2023-08-21,0.5488965,0.3965622
42,2023,Boyaca,2023-08-14,2,2023-08-28,0.6273103,0.41492844
42,2023,Boyaca,2023-08-14,3,2023-09-04,0.15682755,0.39032468
42,2023,Boyaca,2023-08-14,4,2023-09-11,0.31365514,0.3726172
42,2023,Boyaca,2023-08-21,1,2023-08-28,0.6273103,0.4273279
42,2023,Boyaca,2023-08-21,2,2023-09-04,0.15682755,0.43455237
42,2023,Boyaca,2023-08-21,3,2023-09-11,0.31365514,0.41633788
42,2023,Boyaca,2023-08-21,4,2023-09-18,0.3920689,0.41713205
42,2023,Boyaca,2023-08-28,1,2023-09-04,0.15682755,0.4953774
42,2023,Boyaca,2023-08-28,2,2023-09-11,0.31365514,0.4982199
42,2023,Boyaca,2023-08-28,3,2023-09-18,0.3920689,0.48686627
42,2023,Boyaca,2023-08-28,4,2023-09-25,0.15682755,0.47132477
42,2023,Boyaca,2023-09-04,1,2023-09-11,0.31365514,0.5576842
42,2023,Boyaca,2023-09-04,2,2023-09-18,0.3920689,0.543055
42,2023,Boyaca,2023-09-04,3,2023-09-25,0.15682755,0.5484624
42,2023,Boyaca,2023-09-04,4,2023-10-02,0.15682755,0.5315441
42,2023,Boyaca,2023-09-11,1,2023-09-18,0.3920689,0.4959102
42,2023,Boyaca,2023-09-11,2,2023-09-25,0.15682755,0.49279416
42,2023,Boyaca,2023-09-11,3,2023-10-02,0.15682755,0.49131948
42,2023,Boyaca,2023-09-11,4,2023-10-09,0.15682755,0.48640925
42,2023,Boyaca,2023-09-18,1,2023-09-25,0.15682755,0.48631844
42,2023,Boyaca,2023-09-18,2,2023-10-02,0.15682755,0.48104495
42,2023,Boyaca,2023-09-18,3,2023-10-09,0.15682755,0.4858879
42,2023,Boyaca,2023-09-18,4,2023-10-16,0.078413785,0.48046815
42,2023,Boyaca,2023-09-25,1,2023-10-02,0.15682755,0.386982
42,2023,Boyaca,2023-09-25,2,2023-10-09,0.15682755,0.393906
42,2023,Boyaca,2023-09-25,3,2023-10-16,0.078413785,0.40574706
42,2023,Boyaca,2023-09-25,4,2023-10-23,0.15682755,0.38123772
42,2023,Boyaca,2023-10-02,1,2023-10-09,0.15682755,0.31481263
42,2023,Boyaca,2023-10-02,2,2023-10-16,0.078413785,0.32588643
42,2023,Boyaca,2023-10-02,3,2023-10-23,0.15682755,0.34182474
42,2023,Boyaca,2023-10-02,4,2023-10-30,0.078413785,0.32088563
42,2023,Boyaca,2023-10-09,1,2023-10-16,0.078413785,0.2801958
42,2023,Boyaca,2023-10-09,2,2023-10-23,0.15682755,0.29881662
42,2023,Boyaca,2023-10-09,3,2023-10-30,0.078413785,0.30865774
42,2023,Boyaca,2023-10-09,4,2023-11-06,0.23524134,0.299042
42,2023,Boyaca,2023-10-16,1,2023-10-23,0.15682755,0.24921316
42,2023,Boyaca,2023-10-16,2,2023-10-30,0.078413785,0.26927084
42,2023,Boyaca,2023-10-16,3,2023-11-06,0.23524134,0.27189514
42,2023,Boyaca,2023-10-16,4,2023-11-13,0.5488965,0.2666505
42,2023,Boyaca,2023-10-23,1,2023-10-30,0.078413785,0.20281403
42,2023,Boyaca,2023-10-23,2,2023-11-06,0.23524134,0.2140521
42,2023,Boyaca,2023-10-23,3,2023-11-13,0.5488965,0.22911207
42,2023,Boyaca,2023-10-23,4,2023-11-20,0.31365514,0.2232234
42,2023,Boyaca,2023-10-30,1,2023-11-06,0.23524134,0.19009143
42,2023,Boyaca,2023-10-30,2,2023-11-13,0.5488965,0.19755726
42,2023,Boyaca,2023-10-30,3,2023-11-20,0.31365514,0.20922865
42,2023,Boyaca,2023-10-30,4,2023-11-27,0.23524134,0.20350362
42,2023,Boyaca,2023-11-06,1,2023-11-13,0.5488965,0.17707796
42,2023,Boyaca,2023-11-06,2,2023-11-20,0.31365514,0.18669395
42,2023,Boyaca,2023-11-06,3,2023-11-27,0.23524134,0.18719263
42,2023,Boyaca,2023-11-06,4,2023-12-04,0.31365514,0.18431005
42,2023,Boyaca,2023-11-13,1,2023-11-20,0.31365514,0.19904329
42,2023,Boyaca,2023-11-13,2,2023-11-27,0.23524134,0.20836496
42,2023,Boyaca,2023-11-13,3,2023-12-04,0.31365514,0.2202851
42,2023,Boyaca,2023-11-13,4,2023-12-11,0.31365514,0.20778155
42,2023,Boyaca,2023-11-20,1,2023-11-27,0.23524134,0.285455
42,2023,Boyaca,2023-11-20,2,2023-12-04,0.31365514,0.29869896
42,2023,Boyaca,2023-11-20,3,2023-12-11,0.31365514,0.3209952
42,2023,Boyaca,2023-11-20,4,2023-12-18,0.3920689,0.3087071
42,2023,Boyaca,2023-11-27,1,2023-12-04,0.31365514,0.38642487
42,2023,Boyaca,2023-11-27,2,2023-12-11,0.31365514,0.4053763
42,2023,Boyaca,2023-11-27,3,2023-12-18,0.3920689,0.4346881
42,2023,Boyaca,2023-11-27,4,2023-12-25,0.3920689,0.42780852
42,2023,Caldas,2023-01-23,1,2023-01-30,0.3829327,0.31150854
42,2023,Caldas,2023-01-23,2,2023-02-06,0.19146635,0.33729416
42,2023,Caldas,2023-01-23,3,2023-02-13,0.09573317,0.31189826
42,2023,Caldas,2023-01-23,4,2023-02-20,0.19146635,0.30323815
42,2023,Caldas,2023-01-30,1,2023-02-06,0.19146635,0.33588174
42,2023,Caldas,2023-01-30,2,2023-02-13,0.09573317,0.3491552
42,2023,Caldas,2023-01-30,3,2023-02-20,0.19146635,0.35106626
42,2023,Caldas,2023-01-30,4,2023-02-27,0.09573317,0.3113571
42,2023,Caldas,2023-02-06,1,2023-02-13,0.09573317,0.38122046
42,2023,Caldas,2023-02-06,2,2023-02-20,0.19146635,0.4003893
42,2023,Caldas,2023-02-06,3,2023-02-27,0.09573317,0.41866574
42,2023,Caldas,2023-02-06,4,2023-03-06,0.0,0.3726462
42,2023,Caldas,2023-02-13,1,2023-02-20,0.19146635,0.342175
42,2023,Caldas,2023-02-13,2,2023-02-27,0.09573317,0.3538385
42,2023,Caldas,2023-02-13,3,2023-03-06,0.0,0.38098565
42,2023,Caldas,2023-02-13,4,2023-03-13,0.09573317,0.3671407
42,2023,Caldas,2023-02-20,1,2023-02-27,0.09573317,0.3145663
42,2023,Caldas,2023-02-20,2,2023-03-06,0.0,0.32135928
42,2023,Caldas,2023-02-20,3,2023-03-13,0.09573317,0.3222157
42,2023,Caldas,2023-02-20,4,2023-03-20,0.09573317,0.31515604
42,2023,Caldas,2023-02-27,1,2023-03-06,0.0,0.28556237
42,2023,Caldas,2023-02-27,2,2023-03-13,0.09573317,0.2873566
42,2023,Caldas,2023-02-27,3,2023-03-20,0.09573317,0.28124556
42,2023,Caldas,2023-02-27,4,2023-03-27,0.0,0.26064926
42,2023,Caldas,2023-03-06,1,2023-03-13,0.09573317,0.21297662
42,2023,Caldas,2023-03-06,2,2023-03-20,0.09573317,0.20918356
42,2023,Caldas,2023-03-06,3,2023-03-27,0.0,0.20290287
42,2023,Caldas,2023-03-06,4,2023-04-03,0.09573317,0.21044429
42,2023,Caldas,2023-03-13,1,2023-03-20,0.09573317,0.16534346
42,2023,Caldas,2023-03-13,2,2023-03-27,0.0,0.1798156
42,2023,Caldas,2023-03-13,3,2023-04-03,0.09573317,0.18470924
42,2023,Caldas,2023-03-13,4,2023-04-10,0.0,0.19694117
42,2023,Caldas,2023-03-20,1,2023-03-27,0.0,0.12870456
42,2023,Caldas,2023-03-20,2,2023-04-03,0.09573317,0.14363165
42,2023,Caldas,2023-03-20,3,2023-04-10,0.0,0.12614778
42,2023,Caldas,2023-03-20,4,2023-04-17,0.19146635,0.14880197
42,2023,Caldas,2023-03-27,1,2023-04-03,0.09573317,0.06661633
42,2023,Caldas,2023-03-27,2,2023-04-10,0.0,0.07629588
42,2023,Caldas,2023-03-27,3,2023-04-17,0.19146635,0.069700785
42,2023,Caldas,2023-03-27,4,2023-04-24,0.19146635,0.08258796
42,2023,Caldas,2023-04-03,1,2023-04-10,0.0,0.07406537
42,2023,Caldas,2023-04-03,2,2023-04-17,0.19146635,0.08277951
42,2023,Caldas,2023-04-03,3,2023-04-24,0.19146635,0.06798106
42,2023,Caldas,2023-04-03,4,2023-05-01,0.09573317,0.08183305
42,2023,Caldas,2023-04-10,1,2023-04-17,0.19146635,0.09753767
42,2023,Caldas,2023-04-10,2,2023-04-24,0.19146635,0.11029896
42,2023,Caldas,2023-04-10,3,2023-05-01,0.09573317,0.10537366
42,2023,Caldas,2023-04-10,4,2023-05-08,0.09573317,0.10941823
42,2023,Caldas,2023-04-17,1,2023-04-24,0.19146635,0.07117497
42,2023,Caldas,2023-04-17,2,2023-05-01,0.09573317,0.07485767
42,2023,Caldas,2023-04-17,3,2023-05-08,0.09573317,0.08412322
42,2023,Caldas,2023-04-17,4,2023-05-15,0.19146635,0.090767704
42,2023,Caldas,2023-04-24,1,2023-05-01,0.09573317,0.1282168
42,2023,Caldas,2023-04-24,2,2023-05-08,0.09573317,0.14330117
42,2023,Caldas,2023-04-24,3,2023-05-15,0.19146635,0.13881506
42,2023,Caldas,2023-04-24,4,2023-05-22,0.3829327,0.14624603
42,2023,Caldas,2023-05-01,1,2023-05-08,0.09573317,0.1930077
42,2023,Caldas,2023-05-01,2,2023-05-15,0.19146635,0.22142965
42,2023,Caldas,2023-05-01,3,2023-05-22,0.3829327,0.20197798
42,2023,Caldas,2023-05-01,4,2023-05-29,0.28719953,0.20037642
42,2023,Caldas,2023-05-08,1,2023-05-15,0.19146635,0.16745652
42,2023,Caldas,2023-05-08,2,2023-05-22,0.3829327,0.19005947
42,2023,Caldas,2023-05-08,3,2023-05-29,0.28719953,0.19200774
42,2023,Caldas,2023-05-08,4,2023-06-05,0.28719953,0.1661897
42,2023,Caldas,2023-05-15,1,2023-05-22,0.3829327,0.18091701
42,2023,Caldas,2023-05-15,2,2023-05-29,0.28719953,0.20000568
42,2023,Caldas,2023-05-15,3,2023-06-05,0.28719953,0.20883536
42,2023,Caldas,2023-05-15,4,2023-06-12,0.0,0.19937365
42,2023,Caldas,2023-05-22,1,2023-05-29,0.28719953,0.13703327
42,2023,Caldas,2023-05-22,2,2023-06-05,0.28719953,0.1518118
42,2023,Caldas,2023-05-22,3,2023-06-12,0.0,0.15000445
42,2023,Caldas,2023-05-22,4,2023-06-19,0.28719953,0.14945027
42,2023,Caldas,2023-05-29,1,2023-06-05,0.28719953,0.14938062
42,2023,Caldas,2023-05-29,2,2023-06-12,0.0,0.16364601
42,2023,Caldas,2023-05-29,3,2023-06-19,0.28719953,0.14474149
42,2023,Caldas,2023-05-29,4,2023-06-26,0.19146635,0.15269044
42,2023,Caldas,2023-06-05,1,2023-06-12,0.0,0.18631205
42,2023,Caldas,2023-06-05,2,2023-06-19,0.28719953,0.21191317
42,2023,Caldas,2023-06-05,3,2023-06-26,0.19146635,0.1992318
42,2023,Caldas,2023-06-05,4,2023-07-03,0.47866583,0.1826152
42,2023,Caldas,2023-06-12,1,2023-06-19,0.28719953,0.24496478
42,2023,Caldas,2023-06-12,2,2023-06-26,0.19146635,0.27603552
42,2023,Caldas,2023-06-12,3,2023-07-03,0.47866583,0.26563537
42,2023,Caldas,2023-06-12,4,2023-07-10,0.19146635,0.23043525
42,2023,Caldas,2023-06-19,1,2023-06-26,0.19146635,0.2731872
42,2023,Caldas,2023-06-19,2,2023-07-03,0.47866583,0.29881558
42,2023,Caldas,2023-06-19,3,2023-07-10,0.19146635,0.30154678
42,2023,Caldas,2023-06-19,4,2023-07-17,0.19146635,0.25696346
42,2023,Caldas,2023-06-26,1,2023-07-03,0.47866583,0.25630817
42,2023,Caldas,2023-06-26,2,2023-07-10,0.19146635,0.28688952
42,2023,Caldas,2023-06-26,3,2023-07-17,0.19146635,0.29402304
42,2023,Caldas,2023-06-26,4,2023-07-24,0.3829327,0.2603512
42,2023,Caldas,2023-07-03,1,2023-07-10,0.19146635,0.19753158
42,2023,Caldas,2023-07-03,2,2023-07-17,0.19146635,0.23116183
42,2023,Caldas,2023-07-03,3,2023-07-24,0.3829327,0.23559222
42,2023,Caldas,2023-07-03,4,2023-07-31,0.3829327,0.2065828
42,2023,Caldas,2023-07-10,1,2023-07-17,0.19146635,0.273537
42,2023,Caldas,2023-07-10,2,2023-07-24,0.3829327,0.30545476
42,2023,Caldas,2023-07-10,3,2023-07-31,0.3829327,0.2971176
42,2023,Caldas,2023-07-10,4,2023-08-07,0.47866583,0.27367806
42,2023,Caldas,2023-07-17,1,2023-07-24,0.3829327,0.25488618
42,2023,Caldas,2023-07-17,2,2023-07-31,0.3829327,0.27328032
42,2023,Caldas,2023-07-17,3,2023-08-07,0.47866583,0.28652027
42,2023,Caldas,2023-07-17,4,2023-08-14,0.0,0.26329294
42,2023,Caldas,2023-07-24,1,2023-07-31,0.3829327,0.24372725
42,2023,Caldas,2023-07-24,2,2023-08-07,0.47866583,0.24908748
42,2023,Caldas,2023-07-24,3,2023-08-14,0.0,0.2679568
42,2023,Caldas,2023-07-24,4,2023-08-21,0.09573317,0.27132523
42,2023,Caldas,2023-07-31,1,2023-08-07,0.47866583,0.31248665
42,2023,Caldas,2023-07-31,2,2023-08-14,0.0,0.31594107
42,2023,Caldas,2023-07-31,3,2023-08-21,0.09573317,0.3379543
42,2023,Caldas,2023-07-31,4,2023-08-28,0.09573317,0.35164472
42,2023,Caldas,2023-08-07,1,2023-08-14,0.0,0.2889432
42,2023,Caldas,2023-08-07,2,2023-08-21,0.09573317,0.29950047
42,2023,Caldas,2023-08-07,3,2023-08-28,0.09573317,0.2996991
42,2023,Caldas,2023-08-07,4,2023-09-04,0.19146635,0.3126225
42,2023,Caldas,2023-08-14,1,2023-08-21,0.09573317,0.2936225
42,2023,Caldas,2023-08-14,2,2023-08-28,0.09573317,0.3081793
42,2023,Caldas,2023-08-14,3,2023-09-04,0.19146635,0.31355602
42,2023,Caldas,2023-08-14,4,2023-09-11,0.19146635,0.3170159
42,2023,Caldas,2023-08-21,1,2023-08-28,0.09573317,0.2115471
42,2023,Caldas,2023-08-21,2,2023-09-04,0.19146635,0.22804533
42,2023,Caldas,2023-08-21,3,2023-09-11,0.19146635,0.24602877
42,2023,Caldas,2023-08-21,4,2023-09-18,0.0,0.25081044
42,2023,Caldas,2023-08-28,1,2023-09-04,0.19146635,0.22270508
42,2023,Caldas,2023-08-28,2,2023-09-11,0.19146635,0.24595109
42,2023,Caldas,2023-08-28,3,2023-09-18,0.0,0.24670857
42,2023,Caldas,2023-08-28,4,2023-09-25,0.47866583,0.25626683
42,2023,Caldas,2023-09-04,1,2023-09-11,0.19146635,0.16569245
42,2023,Caldas,2023-09-04,2,2023-09-18,0.0,0.18542933
42,2023,Caldas,2023-09-04,3,2023-09-25,0.47866583,0.20522338
42,2023,Caldas,2023-09-04,4,2023-10-02,0.9573317,0.21081267
42,2023,Caldas,2023-09-11,1,2023-09-18,0.0,0.17861229
42,2023,Caldas,2023-09-11,2,2023-09-25,0.47866583,0.1885138
42,2023,Caldas,2023-09-11,3,2023-10-02,0.9573317,0.22133175
42,2023,Caldas,2023-09-11,4,2023-10-09,0.19146635,0.21740556
42,2023,Caldas,2023-09-18,1,2023-09-25,0.47866583,0.239014
42,2023,Caldas,2023-09-18,2,2023-10-02,0.9573317,0.2658531
42,2023,Caldas,2023-09-18,3,2023-10-09,0.19146635,0.28317267
42,2023,Caldas,2023-09-18,4,2023-10-16,0.47866583,0.28969097
42,2023,Caldas,2023-09-25,1,2023-10-02,0.9573317,0.1425439
42,2023,Caldas,2023-09-25,2,2023-10-09,0.19146635,0.15888678
42,2023,Caldas,2023-09-25,3,2023-10-16,0.47866583,0.18603896
42,2023,Caldas,2023-09-25,4,2023-10-23,0.47866583,0.19451788
42,2023,Caldas,2023-10-02,1,2023-10-09,0.19146635,0.16692112
42,2023,Caldas,2023-10-02,2,2023-10-16,0.47866583,0.17174666
42,2023,Caldas,2023-10-02,3,2023-10-23,0.47866583,0.1984576
42,2023,Caldas,2023-10-02,4,2023-10-30,0.9573317,0.22421128
42,2023,Caldas,2023-10-09,1,2023-10-16,0.47866583,0.32065126
42,2023,Caldas,2023-10-09,2,2023-10-23,0.47866583,0.3387291
42,2023,Caldas,2023-10-09,3,2023-10-30,0.9573317,0.3586642
42,2023,Caldas,2023-10-09,4,2023-11-06,0.7658654,0.3870065
42,2023,Caldas,2023-10-16,1,2023-10-23,0.47866583,0.31763658
42,2023,Caldas,2023-10-16,2,2023-10-30,0.9573317,0.32991606
42,2023,Caldas,2023-10-16,3,2023-11-06,0.7658654,0.37225577
42,2023,Caldas,2023-10-16,4,2023-11-13,1.2445313,0.40559307
42,2023,Caldas,2023-10-23,1,2023-10-30,0.9573317,0.33926764
42,2023,Caldas,2023-10-23,2,2023-11-06,0.7658654,0.32448342
42,2023,Caldas,2023-10-23,3,2023-11-13,1.2445313,0.38933685
42,2023,Caldas,2023-10-23,4,2023-11-20,0.3829327,0.42083174
42,2023,Caldas,2023-10-30,1,2023-11-06,0.7658654,0.4320799
42,2023,Caldas,2023-10-30,2,2023-11-13,1.2445313,0.39287293
42,2023,Caldas,2023-10-30,3,2023-11-20,0.3829327,0.41499642
42,2023,Caldas,2023-10-30,4,2023-11-27,0.57439905,0.5015339
42,2023,Caldas,2023-11-06,1,2023-11-13,1.2445313,0.51043296
42,2023,Caldas,2023-11-06,2,2023-11-20,0.3829327,0.5012231
42,2023,Caldas,2023-11-06,3,2023-11-27,0.57439905,0.489566
42,2023,Caldas,2023-11-06,4,2023-12-04,0.47866583,0.5704852
42,2023,Caldas,2023-11-13,1,2023-11-20,0.3829327,0.5364316
42,2023,Caldas,2023-11-13,2,2023-11-27,0.57439905,0.5300461
42,2023,Caldas,2023-11-13,3,2023-12-04,0.47866583,0.5588962
42,2023,Caldas,2023-11-13,4,2023-12-11,0.6701322,0.61197335
42,2023,Caldas,2023-11-20,1,2023-11-27,0.57439905,0.7114645
42,2023,Caldas,2023-11-20,2,2023-12-04,0.47866583,0.69564843
42,2023,Caldas,2023-11-20,3,2023-12-11,0.6701322,0.6775567
42,2023,Caldas,2023-11-20,4,2023-12-18,0.28719953,0.8334053
42,2023,Caldas,2023-11-27,1,2023-12-04,0.47866583,0.8409223
42,2023,Caldas,2023-11-27,2,2023-12-11,0.6701322,0.8517845
42,2023,Caldas,2023-11-27,3,2023-12-18,0.28719953,0.82304364
42,2023,Caldas,2023-11-27,4,2023-12-25,0.9573317,1.0072714
42,2023,Caqueta,2023-01-23,1,2023-01-30,12.551181,7.8825417
42,2023,Caqueta,2023-01-23,2,2023-02-06,13.02481,7.883728
42,2023,Caqueta,2023-01-23,3,2023-02-13,8.9989605,7.976723
42,2023,Caqueta,2023-01-23,4,2023-02-20,11.367108,8.048151
42,2023,Caqueta,2023-01-30,1,2023-02-06,13.02481,8.2884035
42,2023,Caqueta,2023-01-30,2,2023-02-13,8.9989605,7.9317417
42,2023,Caqueta,2023-01-30,3,2023-02-20,11.367108,7.8587804
42,2023,Caqueta,2023-01-30,4,2023-02-27,15.866587,7.586685
42,2023,Caqueta,2023-02-06,1,2023-02-13,8.9989605,10.728014
42,2023,Caqueta,2023-02-06,2,2023-02-20,11.367108,10.758807
42,2023,Caqueta,2023-02-06,3,2023-02-27,15.866587,10.7304945
42,2023,Caqueta,2023-02-06,4,2023-03-06,15.866587,10.406529
42,2023,Caqueta,2023-02-13,1,2023-02-20,11.367108,11.6402
42,2023,Caqueta,2023-02-13,2,2023-02-27,15.866587,11.781437
42,2023,Caqueta,2023-02-13,3,2023-03-06,15.866587,11.85538
42,2023,Caqueta,2023-02-13,4,2023-03-13,18.234734,11.842992
42,2023,Caqueta,2023-02-20,1,2023-02-27,15.866587,10.251511
42,2023,Caqueta,2023-02-20,2,2023-03-06,15.866587,10.006242
42,2023,Caqueta,2023-02-20,3,2023-03-13,18.234734,10.225732
42,2023,Caqueta,2023-02-20,4,2023-03-20,14.208884,10.208385
42,2023,Caqueta,2023-02-27,1,2023-03-06,15.866587,12.161561
42,2023,Caqueta,2023-02-27,2,2023-03-13,18.234734,12.262395
42,2023,Caqueta,2023-02-27,3,2023-03-20,14.208884,12.269495
42,2023,Caqueta,2023-02-27,4,2023-03-27,16.103403,12.017221
42,2023,Caqueta,2023-03-06,1,2023-03-13,18.234734,15.220338
42,2023,Caqueta,2023-03-06,2,2023-03-20,14.208884,15.67185
42,2023,Caqueta,2023-03-06,3,2023-03-27,16.103403,15.672065
42,2023,Caqueta,2023-03-06,4,2023-04-03,12.314365,15.190702
42,2023,Caqueta,2023-03-13,1,2023-03-20,14.208884,15.533367
42,2023,Caqueta,2023-03-13,2,2023-03-27,16.103403,15.559447
42,2023,Caqueta,2023-03-13,3,2023-04-03,12.314365,15.955207
42,2023,Caqueta,2023-03-13,4,2023-04-10,14.208884,15.520541
42,2023,Caqueta,2023-03-20,1,2023-03-27,16.103403,17.050945
42,2023,Caqueta,2023-03-20,2,2023-04-03,12.314365,17.200918
42,2023,Caqueta,2023-03-20,3,2023-04-10,14.208884,17.320925
42,2023,Caqueta,2023-03-20,4,2023-04-17,13.735256,16.612577
42,2023,Caqueta,2023-03-27,1,2023-04-03,12.314365,16.330488
42,2023,Caqueta,2023-03-27,2,2023-04-10,14.208884,15.786664
42,2023,Caqueta,2023-03-27,3,2023-04-17,13.735256,15.093569
42,2023,Caqueta,2023-03-27,4,2023-04-24,9.4725895,13.953745
42,2023,Caqueta,2023-04-03,1,2023-04-10,14.208884,17.020693
42,2023,Caqueta,2023-04-03,2,2023-04-17,13.735256,15.233573
42,2023,Caqueta,2023-04-03,3,2023-04-24,9.4725895,14.852446
42,2023,Caqueta,2023-04-03,4,2023-05-01,10.183033,14.066021
42,2023,Caqueta,2023-04-10,1,2023-04-17,13.735256,12.5423765
42,2023,Caqueta,2023-04-10,2,2023-04-24,9.4725895,11.805124
42,2023,Caqueta,2023-04-10,3,2023-05-01,10.183033,11.6296835
42,2023,Caqueta,2023-04-10,4,2023-05-08,12.787996,11.070473
42,2023,Caqueta,2023-04-17,1,2023-04-24,9.4725895,15.874696
42,2023,Caqueta,2023-04-17,2,2023-05-01,10.183033,15.570846
42,2023,Caqueta,2023-04-17,3,2023-05-08,12.787996,15.553487
42,2023,Caqueta,2023-04-17,4,2023-05-15,13.02481,14.798535
42,2023,Caqueta,2023-04-24,1,2023-05-01,10.183033,14.152925
42,2023,Caqueta,2023-04-24,2,2023-05-08,12.787996,13.224586
42,2023,Caqueta,2023-04-24,3,2023-05-15,13.02481,12.903997
42,2023,Caqueta,2023-04-24,4,2023-05-22,12.314365,12.322327
42,2023,Caqueta,2023-05-01,1,2023-05-08,12.787996,10.149585
42,2023,Caqueta,2023-05-01,2,2023-05-15,13.02481,9.092758
42,2023,Caqueta,2023-05-01,3,2023-05-22,12.314365,8.667311
42,2023,Caqueta,2023-05-01,4,2023-05-29,12.077551,8.308731
42,2023,Caqueta,2023-05-08,1,2023-05-15,13.02481,8.414306
42,2023,Caqueta,2023-05-08,2,2023-05-22,12.314365,8.052702
42,2023,Caqueta,2023-05-08,3,2023-05-29,12.077551,7.584673
42,2023,Caqueta,2023-05-08,4,2023-06-05,8.9989605,7.461566
42,2023,Caqueta,2023-05-15,1,2023-05-22,12.314365,10.987956
42,2023,Caqueta,2023-05-15,2,2023-05-29,12.077551,10.183409
42,2023,Caqueta,2023-05-15,3,2023-06-05,8.9989605,9.694653
42,2023,Caqueta,2023-05-15,4,2023-06-12,12.077551,9.414228
42,2023,Caqueta,2023-05-22,1,2023-05-29,12.077551,11.771528
42,2023,Caqueta,2023-05-22,2,2023-06-05,8.9989605,10.471882
42,2023,Caqueta,2023-05-22,3,2023-06-12,12.077551,10.251141
42,2023,Caqueta,2023-05-22,4,2023-06-19,10.656664,10.163692
42,2023,Caqueta,2023-05-29,1,2023-06-05,8.9989605,13.937717
42,2023,Caqueta,2023-05-29,2,2023-06-12,12.077551,12.596187
42,2023,Caqueta,2023-05-29,3,2023-06-19,10.656664,12.242783
42,2023,Caqueta,2023-05-29,4,2023-06-26,4.9731097,12.261278
42,2023,Caqueta,2023-06-05,1,2023-06-12,12.077551,13.871373
42,2023,Caqueta,2023-06-05,2,2023-06-19,10.656664,12.7240095
42,2023,Caqueta,2023-06-05,3,2023-06-26,4.9731097,12.521383
42,2023,Caqueta,2023-06-05,4,2023-07-03,7.814886,12.476037
42,2023,Caqueta,2023-06-12,1,2023-06-19,10.656664,9.8668375
42,2023,Caqueta,2023-06-12,2,2023-06-26,4.9731097,8.915043
42,2023,Caqueta,2023-06-12,3,2023-07-03,7.814886,8.476075
42,2023,Caqueta,2023-06-12,4,2023-07-10,7.1044436,8.294742
42,2023,Caqueta,2023-06-19,1,2023-06-26,4.9731097,11.682416
42,2023,Caqueta,2023-06-19,2,2023-07-03,7.814886,10.4543495
42,2023,Caqueta,2023-06-19,3,2023-07-10,7.1044436,10.037107
42,2023,Caqueta,2023-06-19,4,2023-07-17,5.920369,9.767708
42,2023,Caqueta,2023-06-26,1,2023-07-03,7.814886,11.971357
42,2023,Caqueta,2023-06-26,2,2023-07-10,7.1044436,11.047133
42,2023,Caqueta,2023-06-26,3,2023-07-17,5.920369,10.499946
42,2023,Caqueta,2023-06-26,4,2023-07-24,4.736295,10.171291
42,2023,Caqueta,2023-07-03,1,2023-07-10,7.1044436,7.5561256
42,2023,Caqueta,2023-07-03,2,2023-07-17,5.920369,6.7985377
42,2023,Caqueta,2023-07-03,3,2023-07-24,4.736295,6.3296795
42,2023,Caqueta,2023-07-03,4,2023-07-31,6.3939977,6.341793
42,2023,Caqueta,2023-07-10,1,2023-07-17,5.920369,7.2456293
42,2023,Caqueta,2023-07-10,2,2023-07-24,4.736295,6.4053555
42,2023,Caqueta,2023-07-10,3,2023-07-31,6.3939977,6.134241
42,2023,Caqueta,2023-07-10,4,2023-08-07,6.867627,6.157094
42,2023,Caqueta,2023-07-17,1,2023-07-24,4.736295,6.8261323
42,2023,Caqueta,2023-07-17,2,2023-07-31,6.3939977,6.2794614
42,2023,Caqueta,2023-07-17,3,2023-08-07,6.867627,5.973537
42,2023,Caqueta,2023-07-17,4,2023-08-14,6.867627,6.1571093
42,2023,Caqueta,2023-07-24,1,2023-07-31,6.3939977,5.9318004
42,2023,Caqueta,2023-07-24,2,2023-08-07,6.867627,5.347166
42,2023,Caqueta,2023-07-24,3,2023-08-14,6.867627,5.0304217
42,2023,Caqueta,2023-07-24,4,2023-08-21,4.9731097,5.241881
42,2023,Caqueta,2023-07-31,1,2023-08-07,6.867627,3.996717
42,2023,Caqueta,2023-07-31,2,2023-08-14,6.867627,3.696584
42,2023,Caqueta,2023-07-31,3,2023-08-21,4.9731097,3.4313133
42,2023,Caqueta,2023-07-31,4,2023-08-28,3.5522215,3.4767244
42,2023,Caqueta,2023-08-07,1,2023-08-14,6.867627,4.6266127
42,2023,Caqueta,2023-08-07,2,2023-08-21,4.9731097,4.16482
42,2023,Caqueta,2023-08-07,3,2023-08-28,3.5522215,3.9235744
42,2023,Caqueta,2023-08-07,4,2023-09-04,4.736295,3.9404218
42,2023,Caqueta,2023-08-14,1,2023-08-21,4.9731097,4.9587693
42,2023,Caqueta,2023-08-14,2,2023-08-28,3.5522215,4.4318824
42,2023,Caqueta,2023-08-14,3,2023-09-04,4.736295,4.274065
42,2023,Caqueta,2023-08-14,4,2023-09-11,4.9731097,4.1719294
42,2023,Caqueta,2023-08-21,1,2023-08-28,3.5522215,5.144404
42,2023,Caqueta,2023-08-21,2,2023-09-04,4.736295,4.6092644
42,2023,Caqueta,2023-08-21,3,2023-09-11,4.9731097,4.5195794
42,2023,Caqueta,2023-08-21,4,2023-09-18,2.6049623,4.179848
42,2023,Caqueta,2023-08-28,1,2023-09-04,4.736295,4.2607603
42,2023,Caqueta,2023-08-28,2,2023-09-11,4.9731097,3.8828642
42,2023,Caqueta,2023-08-28,3,2023-09-18,2.6049623,3.751126
42,2023,Caqueta,2023-08-28,4,2023-09-25,2.3681474,3.716537
42,2023,Caqueta,2023-09-04,1,2023-09-11,4.9731097,3.8957255
42,2023,Caqueta,2023-09-04,2,2023-09-18,2.6049623,3.5660648
42,2023,Caqueta,2023-09-04,3,2023-09-25,2.3681474,3.4197743
42,2023,Caqueta,2023-09-04,4,2023-10-02,3.0785916,3.411691
42,2023,Caqueta,2023-09-11,1,2023-09-18,2.6049623,3.8260727
42,2023,Caqueta,2023-09-11,2,2023-09-25,2.3681474,3.5533118
42,2023,Caqueta,2023-09-11,3,2023-10-02,3.0785916,3.4844766
42,2023,Caqueta,2023-09-11,4,2023-10-09,2.6049623,3.4092467
42,2023,Caqueta,2023-09-18,1,2023-09-25,2.3681474,3.8233316
42,2023,Caqueta,2023-09-18,2,2023-10-02,3.0785916,3.5625606
42,2023,Caqueta,2023-09-18,3,2023-10-09,2.6049623,3.5550828
42,2023,Caqueta,2023-09-18,4,2023-10-16,2.3681474,3.5078535
42,2023,Caqueta,2023-09-25,1,2023-10-02,3.0785916,3.2909777
42,2023,Caqueta,2023-09-25,2,2023-10-09,2.6049623,3.0562766
42,2023,Caqueta,2023-09-25,3,2023-10-16,2.3681474,3.0400975
42,2023,Caqueta,2023-09-25,4,2023-10-23,5.6835537,3.0717263
42,2023,Caqueta,2023-10-02,1,2023-10-09,2.6049623,2.8982525
42,2023,Caqueta,2023-10-02,2,2023-10-16,2.3681474,2.6512277
42,2023,Caqueta,2023-10-02,3,2023-10-23,5.6835537,2.638284
42,2023,Caqueta,2023-10-02,4,2023-10-30,4.0258503,2.5985484
42,2023,Caqueta,2023-10-09,1,2023-10-16,2.3681474,2.8174086
42,2023,Caqueta,2023-10-09,2,2023-10-23,5.6835537,2.5855725
42,2023,Caqueta,2023-10-09,3,2023-10-30,4.0258503,2.5984344
42,2023,Caqueta,2023-10-09,4,2023-11-06,1.4208884,2.5817947
42,2023,Caqueta,2023-10-16,1,2023-10-23,5.6835537,2.6100764
42,2023,Caqueta,2023-10-16,2,2023-10-30,4.0258503,2.4532497
42,2023,Caqueta,2023-10-16,3,2023-11-06,1.4208884,2.4821944
42,2023,Caqueta,2023-10-16,4,2023-11-13,3.0785916,2.5463567
42,2023,Caqueta,2023-10-23,1,2023-10-30,4.0258503,2.58994
42,2023,Caqueta,2023-10-23,2,2023-11-06,1.4208884,2.455509
42,2023,Caqueta,2023-10-23,3,2023-11-13,3.0785916,2.497215
42,2023,Caqueta,2023-10-23,4,2023-11-20,4.9731097,2.5082724
42,2023,Caqueta,2023-10-30,1,2023-11-06,1.4208884,3.6343167
42,2023,Caqueta,2023-10-30,2,2023-11-13,3.0785916,3.4469035
42,2023,Caqueta,2023-10-30,3,2023-11-20,4.9731097,3.522563
42,2023,Caqueta,2023-10-30,4,2023-11-27,4.4994802,3.5189855
42,2023,Caqueta,2023-11-06,1,2023-11-13,3.0785916,3.656815
42,2023,Caqueta,2023-11-06,2,2023-11-20,4.9731097,3.5801635
42,2023,Caqueta,2023-11-06,3,2023-11-27,4.4994802,3.646569
42,2023,Caqueta,2023-11-06,4,2023-12-04,4.736295,3.6735768
42,2023,Caqueta,2023-11-13,1,2023-11-20,4.9731097,2.8466074
42,2023,Caqueta,2023-11-13,2,2023-11-27,4.4994802,2.880683
42,2023,Caqueta,2023-11-13,3,2023-12-04,4.736295,2.8887296
42,2023,Caqueta,2023-11-13,4,2023-12-11,7.1044436,2.9683082
42,2023,Caqueta,2023-11-20,1,2023-11-27,4.4994802,2.9941325
42,2023,Caqueta,2023-11-20,2,2023-12-04,4.736295,3.0207176
42,2023,Caqueta,2023-11-20,3,2023-12-11,7.1044436,3.0611124
42,2023,Caqueta,2023-11-20,4,2023-12-18,4.9731097,3.0562568
42,2023,Caqueta,2023-11-27,1,2023-12-04,4.736295,4.021589
42,2023,Caqueta,2023-11-27,2,2023-12-11,7.1044436,3.989855
42,2023,Caqueta,2023-11-27,3,2023-12-18,4.9731097,4.1127214
42,2023,Caqueta,2023-11-27,4,2023-12-25,3.0785916,4.120811
42,2023,Casanare,2023-01-23,1,2023-01-30,1.7336205,1.7150126
42,2023,Casanare,2023-01-23,2,2023-02-06,3.2505386,1.5943704
42,2023,Casanare,2023-01-23,3,2023-02-13,3.0338361,1.5957997
42,2023,Casanare,2023-01-23,4,2023-02-20,3.2505386,1.5543838
42,2023,Casanare,2023-01-30,1,2023-02-06,3.2505386,1.968068
42,2023,Casanare,2023-01-30,2,2023-02-13,3.0338361,1.8530082
42,2023,Casanare,2023-01-30,3,2023-02-20,3.2505386,1.8238978
42,2023,Casanare,2023-01-30,4,2023-02-27,4.984159,1.7238358
42,2023,Casanare,2023-02-06,1,2023-02-13,3.0338361,1.6970965
42,2023,Casanare,2023-02-06,2,2023-02-20,3.2505386,1.5502911
42,2023,Casanare,2023-02-06,3,2023-02-27,4.984159,1.5568129
42,2023,Casanare,2023-02-06,4,2023-03-06,3.6839437,1.4707602
42,2023,Casanare,2023-02-13,1,2023-02-20,3.2505386,2.1773238
42,2023,Casanare,2023-02-13,2,2023-02-27,4.984159,2.0372627
42,2023,Casanare,2023-02-13,3,2023-03-06,3.6839437,2.0481126
42,2023,Casanare,2023-02-13,4,2023-03-13,4.984159,2.0543873
42,2023,Casanare,2023-02-20,1,2023-02-27,4.984159,2.6683986
42,2023,Casanare,2023-02-20,2,2023-03-06,3.6839437,2.5115407
42,2023,Casanare,2023-02-20,3,2023-03-13,4.984159,2.51799
42,2023,Casanare,2023-02-20,4,2023-03-20,4.334051,2.5421758
42,2023,Casanare,2023-02-27,1,2023-03-06,3.6839437,3.0161405
42,2023,Casanare,2023-02-27,2,2023-03-13,4.984159,2.9014857
42,2023,Casanare,2023-02-27,3,2023-03-20,4.334051,2.9271793
42,2023,Casanare,2023-02-27,4,2023-03-27,3.467241,2.9096754
42,2023,Casanare,2023-03-06,1,2023-03-13,4.984159,4.205838
42,2023,Casanare,2023-03-06,2,2023-03-20,4.334051,4.2335353
42,2023,Casanare,2023-03-06,3,2023-03-27,3.467241,4.3063946
42,2023,Casanare,2023-03-06,4,2023-04-03,3.467241,4.3622327
42,2023,Casanare,2023-03-13,1,2023-03-20,4.334051,4.0061407
42,2023,Casanare,2023-03-13,2,2023-03-27,3.467241,4.0797343
42,2023,Casanare,2023-03-13,3,2023-04-03,3.467241,4.2840495
42,2023,Casanare,2023-03-13,4,2023-04-10,7.1511855,4.524419
42,2023,Casanare,2023-03-20,1,2023-03-27,3.467241,4.7635083
42,2023,Casanare,2023-03-20,2,2023-04-03,3.467241,4.8192983
42,2023,Casanare,2023-03-20,3,2023-04-10,7.1511855,4.9230967
42,2023,Casanare,2023-03-20,4,2023-04-17,2.3837283,5.1163726
42,2023,Casanare,2023-03-27,1,2023-04-03,3.467241,4.6011605
42,2023,Casanare,2023-03-27,2,2023-04-10,7.1511855,4.528673
42,2023,Casanare,2023-03-27,3,2023-04-17,2.3837283,4.5593023
42,2023,Casanare,2023-03-27,4,2023-04-24,6.9344816,4.6643963
42,2023,Casanare,2023-04-03,1,2023-04-10,7.1511855,4.4293346
42,2023,Casanare,2023-04-03,2,2023-04-17,2.3837283,4.435659
42,2023,Casanare,2023-04-03,3,2023-04-24,6.9344816,4.452766
42,2023,Casanare,2023-04-03,4,2023-05-01,4.334051,4.4928064
42,2023,Casanare,2023-04-10,1,2023-04-17,2.3837283,3.5940857
42,2023,Casanare,2023-04-10,2,2023-04-24,6.9344816,3.6924539
42,2023,Casanare,2023-04-10,3,2023-05-01,4.334051,3.8838556
42,2023,Casanare,2023-04-10,4,2023-05-08,5.417564,3.9700897
42,2023,Casanare,2023-04-17,1,2023-04-24,6.9344816,5.946711
42,2023,Casanare,2023-04-17,2,2023-05-01,4.334051,6.275358
42,2023,Casanare,2023-04-17,3,2023-05-08,5.417564,6.701534
42,2023,Casanare,2023-04-17,4,2023-05-15,6.067672,6.6819777
42,2023,Casanare,2023-04-24,1,2023-05-01,4.334051,4.5375566
42,2023,Casanare,2023-04-24,2,2023-05-08,5.417564,4.832199
42,2023,Casanare,2023-04-24,3,2023-05-15,6.067672,5.2244534
42,2023,Casanare,2023-04-24,4,2023-05-22,6.2843747,5.294659
42,2023,Casanare,2023-05-01,1,2023-05-08,5.417564,6.3382344
42,2023,Casanare,2023-05-01,2,2023-05-15,6.067672,6.711531
42,2023,Casanare,2023-05-01,3,2023-05-22,6.2843747,7.1791835
42,2023,Casanare,2023-05-01,4,2023-05-29,7.1511855,7.0823145
42,2023,Casanare,2023-05-08,1,2023-05-15,6.067672,6.0451
42,2023,Casanare,2023-05-08,2,2023-05-22,6.2843747,6.422751
42,2023,Casanare,2023-05-08,3,2023-05-29,7.1511855,6.664651
42,2023,Casanare,2023-05-08,4,2023-06-05,8.234697,6.573302
42,2023,Casanare,2023-05-15,1,2023-05-22,6.2843747,6.4984164
42,2023,Casanare,2023-05-15,2,2023-05-29,7.1511855,7.0187407
42,2023,Casanare,2023-05-15,3,2023-06-05,8.234697,7.35364
42,2023,Casanare,2023-05-15,4,2023-06-12,7.3678865,7.395518
42,2023,Casanare,2023-05-22,1,2023-05-29,7.1511855,7.0119452
42,2023,Casanare,2023-05-22,2,2023-06-05,8.234697,7.26072
42,2023,Casanare,2023-05-22,3,2023-06-12,7.3678865,7.7941465
42,2023,Casanare,2023-05-22,4,2023-06-19,7.1511855,7.7124286
42,2023,Casanare,2023-05-29,1,2023-06-05,8.234697,6.8261023
42,2023,Casanare,2023-05-29,2,2023-06-12,7.3678865,7.100493
42,2023,Casanare,2023-05-29,3,2023-06-19,7.1511855,7.41353
42,2023,Casanare,2023-05-29,4,2023-06-26,5.85097,7.3861194
42,2023,Casanare,2023-06-05,1,2023-06-12,7.3678865,7.353851
42,2023,Casanare,2023-06-05,2,2023-06-19,7.1511855,7.626627
42,2023,Casanare,2023-06-05,3,2023-06-26,5.85097,7.9716353
42,2023,Casanare,2023-06-05,4,2023-07-03,4.334051,7.770542
42,2023,Casanare,2023-06-12,1,2023-06-19,7.1511855,7.9581695
42,2023,Casanare,2023-06-12,2,2023-06-26,5.85097,8.098071
42,2023,Casanare,2023-06-12,3,2023-07-03,4.334051,8.6717005
42,2023,Casanare,2023-06-12,4,2023-07-10,5.85097,8.387906
42,2023,Casanare,2023-06-19,1,2023-06-26,5.85097,7.110635
42,2023,Casanare,2023-06-19,2,2023-07-03,4.334051,7.1407037
42,2023,Casanare,2023-06-19,3,2023-07-10,5.85097,7.453932
42,2023,Casanare,2023-06-19,4,2023-07-17,6.717779,7.369129
42,2023,Casanare,2023-06-26,1,2023-07-03,4.334051,7.117378
42,2023,Casanare,2023-06-26,2,2023-07-10,5.85097,7.0329924
42,2023,Casanare,2023-06-26,3,2023-07-17,6.717779,7.186228
42,2023,Casanare,2023-06-26,4,2023-07-24,4.767456,7.175278
42,2023,Casanare,2023-07-03,1,2023-07-10,5.85097,6.01135
42,2023,Casanare,2023-07-03,2,2023-07-17,6.717779,5.747249
42,2023,Casanare,2023-07-03,3,2023-07-24,4.767456,5.9420156
42,2023,Casanare,2023-07-03,4,2023-07-31,5.634267,5.866064
42,2023,Casanare,2023-07-10,1,2023-07-17,6.717779,4.716557
42,2023,Casanare,2023-07-10,2,2023-07-24,4.767456,4.339635
42,2023,Casanare,2023-07-10,3,2023-07-31,5.634267,4.3621635
42,2023,Casanare,2023-07-10,4,2023-08-07,3.2505386,4.313405
42,2023,Casanare,2023-07-17,1,2023-07-24,4.767456,4.9408417
42,2023,Casanare,2023-07-17,2,2023-07-31,5.634267,4.7063675
42,2023,Casanare,2023-07-17,3,2023-08-07,3.2505386,4.69514
42,2023,Casanare,2023-07-17,4,2023-08-14,4.767456,4.6101985
42,2023,Casanare,2023-07-24,1,2023-07-31,5.634267,5.488612
42,2023,Casanare,2023-07-24,2,2023-08-07,3.2505386,5.1971664
42,2023,Casanare,2023-07-24,3,2023-08-14,4.767456,5.1441793
42,2023,Casanare,2023-07-24,4,2023-08-21,3.0338361,4.9336953
42,2023,Casanare,2023-07-31,1,2023-08-07,3.2505386,4.3361745
42,2023,Casanare,2023-07-31,2,2023-08-14,4.767456,4.0681257
42,2023,Casanare,2023-07-31,3,2023-08-21,3.0338361,3.9580774
42,2023,Casanare,2023-07-31,4,2023-08-28,3.467241,3.7475803
42,2023,Casanare,2023-08-07,1,2023-08-14,4.767456,4.2758307
42,2023,Casanare,2023-08-07,2,2023-08-21,3.0338361,3.9480605
42,2023,Casanare,2023-08-07,3,2023-08-28,3.467241,3.7549994
42,2023,Casanare,2023-08-07,4,2023-09-04,2.3837283,3.6074467
42,2023,Casanare,2023-08-14,1,2023-08-21,3.0338361,3.2439282
42,2023,Casanare,2023-08-14,2,2023-08-28,3.467241,2.9914956
42,2023,Casanare,2023-08-14,3,2023-09-04,2.3837283,2.813824
42,2023,Casanare,2023-08-14,4,2023-09-11,1.950323,2.7047675
42,2023,Casanare,2023-08-21,1,2023-08-28,3.467241,3.4228413
42,2023,Casanare,2023-08-21,2,2023-09-04,2.3837283,3.1287718
42,2023,Casanare,2023-08-21,3,2023-09-11,1.950323,2.9409645
42,2023,Casanare,2023-08-21,4,2023-09-18,1.5169181,2.7244542
42,2023,Casanare,2023-08-28,1,2023-09-04,2.3837283,3.1438558
42,2023,Casanare,2023-08-28,2,2023-09-11,1.950323,2.8985095
42,2023,Casanare,2023-08-28,3,2023-09-18,1.5169181,2.8106778
42,2023,Casanare,2023-08-28,4,2023-09-25,1.5169181,2.493954
42,2023,Casanare,2023-09-04,1,2023-09-11,1.950323,3.4098392
42,2023,Casanare,2023-09-04,2,2023-09-18,1.5169181,3.08176
42,2023,Casanare,2023-09-04,3,2023-09-25,1.5169181,3.0238411
42,2023,Casanare,2023-09-04,4,2023-10-02,2.3837283,2.8528914
42,2023,Casanare,2023-09-11,1,2023-09-18,1.5169181,3.0098484
42,2023,Casanare,2023-09-11,2,2023-09-25,1.5169181,2.7766564
42,2023,Casanare,2023-09-11,3,2023-10-02,2.3837283,2.7474935
42,2023,Casanare,2023-09-11,4,2023-10-09,1.950323,2.590688
42,2023,Casanare,2023-09-18,1,2023-09-25,1.5169181,2.4866195
42,2023,Casanare,2023-09-18,2,2023-10-02,2.3837283,2.3209198
42,2023,Casanare,2023-09-18,3,2023-10-09,1.950323,2.2772517
42,2023,Casanare,2023-09-18,4,2023-10-16,1.7336205,2.2129033
42,2023,Casanare,2023-09-25,1,2023-10-02,2.3837283,2.156569
42,2023,Casanare,2023-09-25,2,2023-10-09,1.950323,2.0439796
42,2023,Casanare,2023-09-25,3,2023-10-16,1.7336205,2.020543
42,2023,Casanare,2023-09-25,4,2023-10-23,2.1670258,1.9785653
42,2023,Casanare,2023-10-02,1,2023-10-09,1.950323,2.0323346
42,2023,Casanare,2023-10-02,2,2023-10-16,1.7336205,1.9186515
42,2023,Casanare,2023-10-02,3,2023-10-23,2.1670258,1.9244401
42,2023,Casanare,2023-10-02,4,2023-10-30,1.7336205,1.8474393
42,2023,Casanare,2023-10-09,1,2023-10-16,1.7336205,2.1612082
42,2023,Casanare,2023-10-09,2,2023-10-23,2.1670258,2.034567
42,2023,Casanare,2023-10-09,3,2023-10-30,1.7336205,2.0539222
42,2023,Casanare,2023-10-09,4,2023-11-06,2.8171334,2.003428
42,2023,Casanare,2023-10-16,1,2023-10-23,2.1670258,2.104264
42,2023,Casanare,2023-10-16,2,2023-10-30,1.7336205,2.0604873
42,2023,Casanare,2023-10-16,3,2023-11-06,2.8171334,2.0711913
42,2023,Casanare,2023-10-16,4,2023-11-13,0.86681026,2.0974357
42,2023,Casanare,2023-10-23,1,2023-10-30,1.7336205,1.9133734
42,2023,Casanare,2023-10-23,2,2023-11-06,2.8171334,1.8614911
42,2023,Casanare,2023-10-23,3,2023-11-13,0.86681026,1.8934169
42,2023,Casanare,2023-10-23,4,2023-11-20,3.0338361,1.9382133
42,2023,Casanare,2023-10-30,1,2023-11-06,2.8171334,2.0722518
42,2023,Casanare,2023-10-30,2,2023-11-13,0.86681026,2.0943818
42,2023,Casanare,2023-10-30,3,2023-11-20,3.0338361,2.1498528
42,2023,Casanare,2023-10-30,4,2023-11-27,2.3837283,2.169723
42,2023,Casanare,2023-11-06,1,2023-11-13,0.86681026,1.9843373
42,2023,Casanare,2023-11-06,2,2023-11-20,3.0338361,2.0224273
42,2023,Casanare,2023-11-06,3,2023-11-27,2.3837283,2.1046293
42,2023,Casanare,2023-11-06,4,2023-12-04,2.1670258,2.1311872
42,2023,Casanare,2023-11-13,1,2023-11-20,3.0338361,2.490719
42,2023,Casanare,2023-11-13,2,2023-11-27,2.3837283,2.586043
42,2023,Casanare,2023-11-13,3,2023-12-04,2.1670258,2.6676614
42,2023,Casanare,2023-11-13,4,2023-12-11,1.950323,2.6901567
42,2023,Casanare,2023-11-20,1,2023-11-27,2.3837283,2.1035843
42,2023,Casanare,2023-11-20,2,2023-12-04,2.1670258,2.1364412
42,2023,Casanare,2023-11-20,3,2023-12-11,1.950323,2.1961825
42,2023,Casanare,2023-11-20,4,2023-12-18,3.467241,2.2217789
42,2023,Casanare,2023-11-27,1,2023-12-04,2.1670258,2.7167194
42,2023,Casanare,2023-11-27,2,2023-12-11,1.950323,2.7570074
42,2023,Casanare,2023-11-27,3,2023-12-18,3.467241,2.824631
42,2023,Casanare,2023-11-27,4,2023-12-25,2.8171334,2.8672032
42,2023,Cauca,2023-01-23,1,2023-01-30,0.89414304,0.98945785
42,2023,Cauca,2023-01-23,2,2023-02-06,1.6605514,0.9780295
42,2023,Cauca,2023-01-23,3,2023-02-13,1.2134799,0.98964626
42,2023,Cauca,2023-01-23,4,2023-02-20,0.89414304,1.0062778
42,2023,Cauca,2023-01-30,1,2023-02-06,1.6605514,1.146921
42,2023,Cauca,2023-01-30,2,2023-02-13,1.2134799,1.1287196
42,2023,Cauca,2023-01-30,3,2023-02-20,0.89414304,1.168899
42,2023,Cauca,2023-01-30,4,2023-02-27,1.2134799,1.1828943
42,2023,Cauca,2023-02-06,1,2023-02-13,1.2134799,1.178224
42,2023,Cauca,2023-02-06,2,2023-02-20,0.89414304,1.1401002
42,2023,Cauca,2023-02-06,3,2023-02-27,1.2134799,1.2034953
42,2023,Cauca,2023-02-06,4,2023-03-06,1.9798883,1.2162012
42,2023,Cauca,2023-02-13,1,2023-02-20,0.89414304,1.3665707
42,2023,Cauca,2023-02-13,2,2023-02-27,1.2134799,1.2819434
42,2023,Cauca,2023-02-13,3,2023-03-06,1.9798883,1.3577008
42,2023,Cauca,2023-02-13,4,2023-03-13,2.1714904,1.3970287
42,2023,Cauca,2023-02-20,1,2023-02-27,1.2134799,1.3366623
42,2023,Cauca,2023-02-20,2,2023-03-06,1.9798883,1.2879504
42,2023,Cauca,2023-02-20,3,2023-03-13,2.1714904,1.3497894
42,2023,Cauca,2023-02-20,4,2023-03-20,2.0437553,1.3654162
42,2023,Cauca,2023-02-27,1,2023-03-06,1.9798883,1.1929082
42,2023,Cauca,2023-02-27,2,2023-03-13,2.1714904,1.1570156
42,2023,Cauca,2023-02-27,3,2023-03-20,2.0437553,1.1949365
42,2023,Cauca,2023-02-27,4,2023-03-27,1.6605514,1.223491
42,2023,Cauca,2023-03-06,1,2023-03-13,2.1714904,1.169361
42,2023,Cauca,2023-03-06,2,2023-03-20,2.0437553,1.1197695
42,2023,Cauca,2023-03-06,3,2023-03-27,1.6605514,1.1538246
42,2023,Cauca,2023-03-06,4,2023-04-03,1.1496124,1.186912
42,2023,Cauca,2023-03-13,1,2023-03-20,2.0437553,1.4041163
42,2023,Cauca,2023-03-13,2,2023-03-27,1.6605514,1.3393542
42,2023,Cauca,2023-03-13,3,2023-04-03,1.1496124,1.380247
42,2023,Cauca,2023-03-13,4,2023-04-10,1.2134799,1.412378
42,2023,Cauca,2023-03-20,1,2023-03-27,1.6605514,1.6421794
42,2023,Cauca,2023-03-20,2,2023-04-03,1.1496124,1.5793129
42,2023,Cauca,2023-03-20,3,2023-04-10,1.2134799,1.6198493
42,2023,Cauca,2023-03-20,4,2023-04-17,1.1496124,1.653582
42,2023,Cauca,2023-03-27,1,2023-04-03,1.1496124,1.7708151
42,2023,Cauca,2023-03-27,2,2023-04-10,1.2134799,1.7364708
42,2023,Cauca,2023-03-27,3,2023-04-17,1.1496124,1.7615932
42,2023,Cauca,2023-03-27,4,2023-04-24,1.6605514,1.8172315
42,2023,Cauca,2023-04-03,1,2023-04-10,1.2134799,1.7369624
42,2023,Cauca,2023-04-03,2,2023-04-17,1.1496124,1.6308918
42,2023,Cauca,2023-04-03,3,2023-04-24,1.6605514,1.6839427
42,2023,Cauca,2023-04-03,4,2023-05-01,2.2353578,1.7371869
42,2023,Cauca,2023-04-10,1,2023-04-17,1.1496124,1.6135976
42,2023,Cauca,2023-04-10,2,2023-04-24,1.6605514,1.5399096
42,2023,Cauca,2023-04-10,3,2023-05-01,2.2353578,1.5945846
42,2023,Cauca,2023-04-10,4,2023-05-08,1.9798883,1.61863
42,2023,Cauca,2023-04-17,1,2023-04-24,1.6605514,1.4632978
42,2023,Cauca,2023-04-17,2,2023-05-01,2.2353578,1.3900129
42,2023,Cauca,2023-04-17,3,2023-05-08,1.9798883,1.4390628
42,2023,Cauca,2023-04-17,4,2023-05-15,1.7244186,1.463929
42,2023,Cauca,2023-04-24,1,2023-05-01,2.2353578,1.3651764
42,2023,Cauca,2023-04-24,2,2023-05-08,1.9798883,1.293699
42,2023,Cauca,2023-04-24,3,2023-05-15,1.7244186,1.3104303
42,2023,Cauca,2023-04-24,4,2023-05-22,1.7882861,1.3352315
42,2023,Cauca,2023-05-01,1,2023-05-08,1.9798883,1.358616
42,2023,Cauca,2023-05-01,2,2023-05-15,1.7244186,1.2607547
42,2023,Cauca,2023-05-01,3,2023-05-22,1.7882861,1.2601238
42,2023,Cauca,2023-05-01,4,2023-05-29,1.4689493,1.3033035
42,2023,Cauca,2023-05-08,1,2023-05-15,1.7244186,1.542551
42,2023,Cauca,2023-05-08,2,2023-05-22,1.7882861,1.4283366
42,2023,Cauca,2023-05-08,3,2023-05-29,1.4689493,1.4290801
42,2023,Cauca,2023-05-08,4,2023-06-05,1.5328165,1.4830528
42,2023,Cauca,2023-05-15,1,2023-05-22,1.7882861,1.6393204
42,2023,Cauca,2023-05-15,2,2023-05-29,1.4689493,1.5149809
42,2023,Cauca,2023-05-15,3,2023-06-05,1.5328165,1.5244355
42,2023,Cauca,2023-05-15,4,2023-06-12,1.596684,1.5958668
42,2023,Cauca,2023-05-22,1,2023-05-29,1.4689493,1.5485841
42,2023,Cauca,2023-05-22,2,2023-06-05,1.5328165,1.4573491
42,2023,Cauca,2023-05-22,3,2023-06-12,1.596684,1.466725
42,2023,Cauca,2023-05-22,4,2023-06-19,1.405082,1.5223397
42,2023,Cauca,2023-05-29,1,2023-06-05,1.5328165,1.5236365
42,2023,Cauca,2023-05-29,2,2023-06-12,1.596684,1.4698719
42,2023,Cauca,2023-05-29,3,2023-06-19,1.405082,1.4859319
42,2023,Cauca,2023-05-29,4,2023-06-26,1.0857451,1.4919622
42,2023,Cauca,2023-06-05,1,2023-06-12,1.596684,1.404846
42,2023,Cauca,2023-06-05,2,2023-06-19,1.405082,1.3187534
42,2023,Cauca,2023-06-05,3,2023-06-26,1.0857451,1.3353842
42,2023,Cauca,2023-06-05,4,2023-07-03,1.2134799,1.342569
42,2023,Cauca,2023-06-12,1,2023-06-19,1.405082,1.3477725
42,2023,Cauca,2023-06-12,2,2023-06-26,1.0857451,1.2450353
42,2023,Cauca,2023-06-12,3,2023-07-03,1.2134799,1.2765893
42,2023,Cauca,2023-06-12,4,2023-07-10,1.4689493,1.2627366
42,2023,Cauca,2023-06-19,1,2023-06-26,1.0857451,1.3555951
42,2023,Cauca,2023-06-19,2,2023-07-03,1.2134799,1.2262521
42,2023,Cauca,2023-06-19,3,2023-07-10,1.4689493,1.2678031
42,2023,Cauca,2023-06-19,4,2023-07-17,1.5328165,1.2516605
42,2023,Cauca,2023-06-26,1,2023-07-03,1.2134799,1.2667952
42,2023,Cauca,2023-06-26,2,2023-07-10,1.4689493,1.163532
42,2023,Cauca,2023-06-26,3,2023-07-17,1.5328165,1.1881735
42,2023,Cauca,2023-06-26,4,2023-07-24,1.2134799,1.1847761
42,2023,Cauca,2023-07-03,1,2023-07-10,1.4689493,1.1240593
42,2023,Cauca,2023-07-03,2,2023-07-17,1.5328165,1.0354006
42,2023,Cauca,2023-07-03,3,2023-07-24,1.2134799,1.0473098
42,2023,Cauca,2023-07-03,4,2023-07-31,0.95801044,1.0546794
42,2023,Cauca,2023-07-10,1,2023-07-17,1.5328165,1.0766352
42,2023,Cauca,2023-07-10,2,2023-07-24,1.2134799,0.99385804
42,2023,Cauca,2023-07-10,3,2023-07-31,0.95801044,0.9932431
42,2023,Cauca,2023-07-10,4,2023-08-07,1.3412147,1.0076524
42,2023,Cauca,2023-07-17,1,2023-07-24,1.2134799,1.0919858
42,2023,Cauca,2023-07-17,2,2023-07-31,0.95801044,1.0065572
42,2023,Cauca,2023-07-17,3,2023-08-07,1.3412147,1.0034901
42,2023,Cauca,2023-07-17,4,2023-08-14,1.4689493,1.0329609
42,2023,Cauca,2023-07-24,1,2023-07-31,0.95801044,1.1037265
42,2023,Cauca,2023-07-24,2,2023-08-07,1.3412147,1.0198349
42,2023,Cauca,2023-07-24,3,2023-08-14,1.4689493,1.0485255
42,2023,Cauca,2023-07-24,4,2023-08-21,1.0857451,1.0545527
42,2023,Cauca,2023-07-31,1,2023-08-07,1.3412147,1.0588946
42,2023,Cauca,2023-07-31,2,2023-08-14,1.4689493,0.98055923
42,2023,Cauca,2023-07-31,3,2023-08-21,1.0857451,1.016475
42,2023,Cauca,2023-07-31,4,2023-08-28,1.2773472,1.0089036
42,2023,Cauca,2023-08-07,1,2023-08-14,1.4689493,0.95507795
42,2023,Cauca,2023-08-07,2,2023-08-21,1.0857451,0.8862589
42,2023,Cauca,2023-08-07,3,2023-08-28,1.2773472,0.92416173
42,2023,Cauca,2023-08-07,4,2023-09-04,2.3630924,0.9100586
42,2023,Cauca,2023-08-14,1,2023-08-21,1.0857451,0.95770097
42,2023,Cauca,2023-08-14,2,2023-08-28,1.2773472,0.8994091
42,2023,Cauca,2023-08-14,3,2023-09-04,2.3630924,0.93193036
42,2023,Cauca,2023-08-14,4,2023-09-11,1.7244186,0.9125057
42,2023,Cauca,2023-08-21,1,2023-08-28,1.2773472,1.0206357
42,2023,Cauca,2023-08-21,2,2023-09-04,2.3630924,0.9447307
42,2023,Cauca,2023-08-21,3,2023-09-11,1.7244186,0.98067015
42,2023,Cauca,2023-08-21,4,2023-09-18,2.2353578,0.9731728
42,2023,Cauca,2023-08-28,1,2023-09-04,2.3630924,1.0005757
42,2023,Cauca,2023-08-28,2,2023-09-11,1.7244186,0.9471039
42,2023,Cauca,2023-08-28,3,2023-09-18,2.2353578,0.97266924
42,2023,Cauca,2023-08-28,4,2023-09-25,1.7882861,0.9656976
42,2023,Cauca,2023-09-04,1,2023-09-11,1.7244186,1.061092
42,2023,Cauca,2023-09-04,2,2023-09-18,2.2353578,1.001911
42,2023,Cauca,2023-09-04,3,2023-09-25,1.7882861,1.0345738
42,2023,Cauca,2023-09-04,4,2023-10-02,2.3630924,1.0442048
42,2023,Cauca,2023-09-11,1,2023-09-18,2.2353578,1.3683347
42,2023,Cauca,2023-09-11,2,2023-09-25,1.7882861,1.2799524
42,2023,Cauca,2023-09-11,3,2023-10-02,2.3630924,1.350047
42,2023,Cauca,2023-09-11,4,2023-10-09,2.2992249,1.3353903
42,2023,Cauca,2023-09-18,1,2023-09-25,1.7882861,1.440629
42,2023,Cauca,2023-09-18,2,2023-10-02,2.3630924,1.3363142
42,2023,Cauca,2023-09-18,3,2023-10-09,2.2992249,1.4218484
42,2023,Cauca,2023-09-18,4,2023-10-16,3.3211029,1.4075066
42,2023,Cauca,2023-09-25,1,2023-10-02,2.3630924,1.6971254
42,2023,Cauca,2023-09-25,2,2023-10-09,2.2992249,1.6084253
42,2023,Cauca,2023-09-25,3,2023-10-16,3.3211029,1.7044066
42,2023,Cauca,2023-09-25,4,2023-10-23,3.3211029,1.6933582
42,2023,Cauca,2023-10-02,1,2023-10-09,2.2992249,1.750548
42,2023,Cauca,2023-10-02,2,2023-10-16,3.3211029,1.6817832
42,2023,Cauca,2023-10-02,3,2023-10-23,3.3211029,1.7947255
42,2023,Cauca,2023-10-02,4,2023-10-30,3.38497,1.7710751
42,2023,Cauca,2023-10-09,1,2023-10-16,3.3211029,1.9095752
42,2023,Cauca,2023-10-09,2,2023-10-23,3.3211029,1.8468263
42,2023,Cauca,2023-10-09,3,2023-10-30,3.38497,1.9659356
42,2023,Cauca,2023-10-09,4,2023-11-06,2.4908268,1.9597243
42,2023,Cauca,2023-10-16,1,2023-10-23,3.3211029,2.0995104
42,2023,Cauca,2023-10-16,2,2023-10-30,3.38497,2.0704966
42,2023,Cauca,2023-10-16,3,2023-11-06,2.4908268,2.2029593
42,2023,Cauca,2023-10-16,4,2023-11-13,3.38497,2.1954017
42,2023,Cauca,2023-10-23,1,2023-10-30,3.38497,2.603981
42,2023,Cauca,2023-10-23,2,2023-11-06,2.4908268,2.535632
42,2023,Cauca,2023-10-23,3,2023-11-13,3.38497,2.6936839
42,2023,Cauca,2023-10-23,4,2023-11-20,4.406848,2.705384
42,2023,Cauca,2023-10-30,1,2023-11-06,2.4908268,2.8586302
42,2023,Cauca,2023-10-30,2,2023-11-13,3.38497,2.7441761
42,2023,Cauca,2023-10-30,3,2023-11-20,4.406848,2.940292
42,2023,Cauca,2023-10-30,4,2023-11-27,4.917787,2.889458
42,2023,Cauca,2023-11-06,1,2023-11-13,3.38497,2.9952455
42,2023,Cauca,2023-11-06,2,2023-11-20,4.406848,2.875326
42,2023,Cauca,2023-11-06,3,2023-11-27,4.917787,3.0867577
42,2023,Cauca,2023-11-06,4,2023-12-04,3.4488373,2.9758694
42,2023,Cauca,2023-11-13,1,2023-11-20,4.406848,2.8779037
42,2023,Cauca,2023-11-13,2,2023-11-27,4.917787,2.839079
42,2023,Cauca,2023-11-13,3,2023-12-04,3.4488373,3.0179315
42,2023,Cauca,2023-11-13,4,2023-12-11,5.109389,2.9825938
42,2023,Cauca,2023-11-20,1,2023-11-27,4.917787,3.0905561
42,2023,Cauca,2023-11-20,2,2023-12-04,3.4488373,2.9745011
42,2023,Cauca,2023-11-20,3,2023-12-11,5.109389,3.209681
42,2023,Cauca,2023-11-20,4,2023-12-18,5.492593,3.1368215
42,2023,Cauca,2023-11-27,1,2023-12-04,3.4488373,3.5940244
42,2023,Cauca,2023-11-27,2,2023-12-11,5.109389,3.3837051
42,2023,Cauca,2023-11-27,3,2023-12-18,5.492593,3.6670809
42,2023,Cauca,2023-11-27,4,2023-12-25,4.726185,3.5325015
42,2023,Cesar,2023-01-23,1,2023-01-30,3.2620716,2.7606072
42,2023,Cesar,2023-01-23,2,2023-02-06,3.120242,2.5570664
42,2023,Cesar,2023-01-23,3,2023-02-13,3.4039006,2.5413787
42,2023,Cesar,2023-01-23,4,2023-02-20,3.0493276,2.489309
42,2023,Cesar,2023-01-30,1,2023-02-06,3.120242,2.8265793
42,2023,Cesar,2023-01-30,2,2023-02-13,3.4039006,2.6232405
42,2023,Cesar,2023-01-30,3,2023-02-20,3.0493276,2.5915534
42,2023,Cesar,2023-01-30,4,2023-02-27,2.62384,2.4674072
42,2023,Cesar,2023-02-06,1,2023-02-13,3.4039006,2.9212296
42,2023,Cesar,2023-02-06,2,2023-02-20,3.0493276,2.69095
42,2023,Cesar,2023-02-06,3,2023-02-27,2.62384,2.6487699
42,2023,Cesar,2023-02-06,4,2023-03-06,2.6947544,2.5593753
42,2023,Cesar,2023-02-13,1,2023-02-20,3.0493276,2.5377786
42,2023,Cesar,2023-02-13,2,2023-02-27,2.62384,2.270975
42,2023,Cesar,2023-02-13,3,2023-03-06,2.6947544,2.2679067
42,2023,Cesar,2023-02-13,4,2023-03-13,3.6166444,2.2200294
42,2023,Cesar,2023-02-20,1,2023-02-27,2.62384,2.8217757
42,2023,Cesar,2023-02-20,2,2023-03-06,2.6947544,2.562966
42,2023,Cesar,2023-02-20,3,2023-03-13,3.6166444,2.5403333
42,2023,Cesar,2023-02-20,4,2023-03-20,3.4748151,2.4866917
42,2023,Cesar,2023-02-27,1,2023-03-06,2.6947544,2.9483342
42,2023,Cesar,2023-02-27,2,2023-03-13,3.6166444,2.7317548
42,2023,Cesar,2023-02-27,3,2023-03-20,3.4748151,2.7122905
42,2023,Cesar,2023-02-27,4,2023-03-27,5.034936,2.5903642
42,2023,Cesar,2023-03-06,1,2023-03-13,3.6166444,2.5716248
42,2023,Cesar,2023-03-06,2,2023-03-20,3.4748151,2.450421
42,2023,Cesar,2023-03-06,3,2023-03-27,5.034936,2.485339
42,2023,Cesar,2023-03-06,4,2023-04-03,2.9074986,2.5048873
42,2023,Cesar,2023-03-13,1,2023-03-20,3.4748151,2.2713246
42,2023,Cesar,2023-03-13,2,2023-03-27,5.034936,2.1814125
42,2023,Cesar,2023-03-13,3,2023-04-03,2.9074986,2.3062406
42,2023,Cesar,2023-03-13,4,2023-04-10,2.9784129,2.44123
42,2023,Cesar,2023-03-20,1,2023-03-27,5.034936,2.7593558
42,2023,Cesar,2023-03-20,2,2023-04-03,2.9074986,2.6856449
42,2023,Cesar,2023-03-20,3,2023-04-10,2.9784129,2.79788
42,2023,Cesar,2023-03-20,4,2023-04-17,4.32579,2.970412
42,2023,Cesar,2023-03-27,1,2023-04-03,2.9074986,3.1889174
42,2023,Cesar,2023-03-27,2,2023-04-10,2.9784129,3.0782492
42,2023,Cesar,2023-03-27,3,2023-04-17,4.32579,3.1008146
42,2023,Cesar,2023-03-27,4,2023-04-24,4.183961,3.17554
42,2023,Cesar,2023-04-03,1,2023-04-10,2.9784129,4.404792
42,2023,Cesar,2023-04-03,2,2023-04-17,4.32579,4.391656
42,2023,Cesar,2023-04-03,3,2023-04-24,4.183961,4.4130793
42,2023,Cesar,2023-04-03,4,2023-05-01,5.034936,4.4230137
42,2023,Cesar,2023-04-10,1,2023-04-17,4.32579,3.7309928
42,2023,Cesar,2023-04-10,2,2023-04-24,4.183961,3.6841488
42,2023,Cesar,2023-04-10,3,2023-05-01,5.034936,3.781648
42,2023,Cesar,2023-04-10,4,2023-05-08,5.6022525,3.8899283
42,2023,Cesar,2023-04-17,1,2023-04-24,4.183961,3.2755604
42,2023,Cesar,2023-04-17,2,2023-05-01,5.034936,3.3642054
42,2023,Cesar,2023-04-17,3,2023-05-08,5.6022525,3.5224917
42,2023,Cesar,2023-04-17,4,2023-05-15,5.8149967,3.614115
42,2023,Cesar,2023-04-24,1,2023-05-01,5.034936,4.4610066
42,2023,Cesar,2023-04-24,2,2023-05-08,5.6022525,4.5827713
42,2023,Cesar,2023-04-24,3,2023-05-15,5.8149967,4.8361835
42,2023,Cesar,2023-04-24,4,2023-05-22,6.453228,4.8035107
42,2023,Cesar,2023-05-01,1,2023-05-08,5.6022525,5.240639
42,2023,Cesar,2023-05-01,2,2023-05-15,5.8149967,5.3181925
42,2023,Cesar,2023-05-01,3,2023-05-22,6.453228,5.5519533
42,2023,Cesar,2023-05-01,4,2023-05-29,8.155179,5.433551
42,2023,Cesar,2023-05-08,1,2023-05-15,5.8149967,6.014327
42,2023,Cesar,2023-05-08,2,2023-05-22,6.453228,6.234497
42,2023,Cesar,2023-05-08,3,2023-05-29,8.155179,6.4749637
42,2023,Cesar,2023-05-08,4,2023-06-05,7.800605,6.289094
42,2023,Cesar,2023-05-15,1,2023-05-22,6.453228,6.8796096
42,2023,Cesar,2023-05-15,2,2023-05-29,8.155179,7.1647635
42,2023,Cesar,2023-05-15,3,2023-06-05,7.800605,7.5334244
42,2023,Cesar,2023-05-15,4,2023-06-12,8.793409,7.263162
42,2023,Cesar,2023-05-22,1,2023-05-29,8.155179,6.5441914
42,2023,Cesar,2023-05-22,2,2023-06-05,7.800605,6.6592236
42,2023,Cesar,2023-05-22,3,2023-06-12,8.793409,7.017693
42,2023,Cesar,2023-05-22,4,2023-06-19,9.928042,7.01261
42,2023,Cesar,2023-05-29,1,2023-06-05,7.800605,7.074799
42,2023,Cesar,2023-05-29,2,2023-06-12,8.793409,7.1621556
42,2023,Cesar,2023-05-29,3,2023-06-19,9.928042,7.4131746
42,2023,Cesar,2023-05-29,4,2023-06-26,8.438837,7.537236
42,2023,Cesar,2023-06-05,1,2023-06-12,8.793409,9.086196
42,2023,Cesar,2023-06-05,2,2023-06-19,9.928042,9.32659
42,2023,Cesar,2023-06-05,3,2023-06-26,8.438837,9.638668
42,2023,Cesar,2023-06-05,4,2023-07-03,11.55908,9.500654
42,2023,Cesar,2023-06-12,1,2023-06-19,9.928042,9.282679
42,2023,Cesar,2023-06-12,2,2023-06-26,8.438837,9.52013
42,2023,Cesar,2023-06-12,3,2023-07-03,11.55908,9.6887665
42,2023,Cesar,2023-06-12,4,2023-07-10,8.013349,9.405106
42,2023,Cesar,2023-06-19,1,2023-06-26,8.438837,10.172275
42,2023,Cesar,2023-06-19,2,2023-07-03,11.55908,10.182764
42,2023,Cesar,2023-06-19,3,2023-07-10,8.013349,10.463269
42,2023,Cesar,2023-06-19,4,2023-07-17,9.431642,10.007367
42,2023,Cesar,2023-06-26,1,2023-07-03,11.55908,10.56039
42,2023,Cesar,2023-06-26,2,2023-07-10,8.013349,10.603091
42,2023,Cesar,2023-06-26,3,2023-07-17,9.431642,10.851238
42,2023,Cesar,2023-06-26,4,2023-07-24,10.35353,10.444825
42,2023,Cesar,2023-07-03,1,2023-07-10,8.013349,9.314537
42,2023,Cesar,2023-07-03,2,2023-07-17,9.431642,9.119134
42,2023,Cesar,2023-07-03,3,2023-07-24,10.35353,9.148344
42,2023,Cesar,2023-07-03,4,2023-07-31,10.495359,8.912311
42,2023,Cesar,2023-07-10,1,2023-07-17,9.431642,10.768051
42,2023,Cesar,2023-07-10,2,2023-07-24,10.35353,10.429203
42,2023,Cesar,2023-07-10,3,2023-07-31,10.495359,10.615851
42,2023,Cesar,2023-07-10,4,2023-08-07,7.5878625,10.212908
42,2023,Cesar,2023-07-17,1,2023-07-24,10.35353,9.480528
42,2023,Cesar,2023-07-17,2,2023-07-31,10.495359,9.142819
42,2023,Cesar,2023-07-17,3,2023-08-07,7.5878625,9.116888
42,2023,Cesar,2023-07-17,4,2023-08-14,9.644384,8.825441
42,2023,Cesar,2023-07-24,1,2023-07-31,10.495359,10.309235
42,2023,Cesar,2023-07-24,2,2023-08-07,7.5878625,9.872801
42,2023,Cesar,2023-07-24,3,2023-08-14,9.644384,9.998784
42,2023,Cesar,2023-07-24,4,2023-08-21,9.360725,9.70935
42,2023,Cesar,2023-07-31,1,2023-08-07,7.5878625,10.544154
42,2023,Cesar,2023-07-31,2,2023-08-14,9.644384,10.056532
42,2023,Cesar,2023-07-31,3,2023-08-21,9.360725,10.219227
42,2023,Cesar,2023-07-31,4,2023-08-28,9.7153,9.771087
42,2023,Cesar,2023-08-07,1,2023-08-14,9.644384,9.657317
42,2023,Cesar,2023-08-07,2,2023-08-21,9.360725,8.937528
42,2023,Cesar,2023-08-07,3,2023-08-28,9.7153,9.030799
42,2023,Cesar,2023-08-07,4,2023-09-04,9.644384,8.672909
42,2023,Cesar,2023-08-14,1,2023-08-21,9.360725,7.6586876
42,2023,Cesar,2023-08-14,2,2023-08-28,9.7153,6.9790144
42,2023,Cesar,2023-08-14,3,2023-09-04,9.644384,6.8266287
42,2023,Cesar,2023-08-14,4,2023-09-11,8.155179,6.733399
42,2023,Cesar,2023-08-21,1,2023-08-28,9.7153,8.554772
42,2023,Cesar,2023-08-21,2,2023-09-04,9.644384,7.8448243
42,2023,Cesar,2023-08-21,3,2023-09-11,8.155179,7.705533
42,2023,Cesar,2023-08-21,4,2023-09-18,6.453228,7.562958
42,2023,Cesar,2023-08-28,1,2023-09-04,9.644384,8.070354
42,2023,Cesar,2023-08-28,2,2023-09-11,8.155179,7.469086
42,2023,Cesar,2023-08-28,3,2023-09-18,6.453228,7.3294883
42,2023,Cesar,2023-08-28,4,2023-09-25,8.084264,7.133415
42,2023,Cesar,2023-09-04,1,2023-09-11,8.155179,9.824172
42,2023,Cesar,2023-09-04,2,2023-09-18,6.453228,9.075352
42,2023,Cesar,2023-09-04,3,2023-09-25,8.084264,9.052494
42,2023,Cesar,2023-09-04,4,2023-10-02,8.367923,8.826852
42,2023,Cesar,2023-09-11,1,2023-09-18,6.453228,10.074551
42,2023,Cesar,2023-09-11,2,2023-09-25,8.084264,9.292092
42,2023,Cesar,2023-09-11,3,2023-10-02,8.367923,9.202138
42,2023,Cesar,2023-09-11,4,2023-10-09,7.0914593,8.921452
42,2023,Cesar,2023-09-18,1,2023-09-25,8.084264,8.620642
42,2023,Cesar,2023-09-18,2,2023-10-02,8.367923,7.8319387
42,2023,Cesar,2023-09-18,3,2023-10-09,7.0914593,7.7918406
42,2023,Cesar,2023-09-18,4,2023-10-16,8.084264,7.459549
42,2023,Cesar,2023-09-25,1,2023-10-02,8.367923,7.365016
42,2023,Cesar,2023-09-25,2,2023-10-09,7.0914593,6.76539
42,2023,Cesar,2023-09-25,3,2023-10-16,8.084264,6.6443315
42,2023,Cesar,2023-09-25,4,2023-10-23,7.1623735,6.4594483
42,2023,Cesar,2023-10-02,1,2023-10-09,7.0914593,8.277023
42,2023,Cesar,2023-10-02,2,2023-10-16,8.084264,7.9382157
42,2023,Cesar,2023-10-02,3,2023-10-23,7.1623735,7.814926
42,2023,Cesar,2023-10-02,4,2023-10-30,7.5878625,7.712524
42,2023,Cesar,2023-10-09,1,2023-10-16,8.084264,8.51044
42,2023,Cesar,2023-10-09,2,2023-10-23,7.1623735,8.009595
42,2023,Cesar,2023-10-09,3,2023-10-30,7.5878625,7.9942966
42,2023,Cesar,2023-10-09,4,2023-11-06,8.580666,7.894863
42,2023,Cesar,2023-10-16,1,2023-10-23,7.1623735,7.6134925
42,2023,Cesar,2023-10-16,2,2023-10-30,7.5878625,7.283815
42,2023,Cesar,2023-10-16,3,2023-11-06,8.580666,7.2088428
42,2023,Cesar,2023-10-16,4,2023-11-13,6.665972,7.244672
42,2023,Cesar,2023-10-23,1,2023-10-30,7.5878625,8.038453
42,2023,Cesar,2023-10-23,2,2023-11-06,8.580666,7.7344747
42,2023,Cesar,2023-10-23,3,2023-11-13,6.665972,7.547077
42,2023,Cesar,2023-10-23,4,2023-11-20,8.864325,7.5431533
42,2023,Cesar,2023-10-30,1,2023-11-06,8.580666,7.805251
42,2023,Cesar,2023-10-30,2,2023-11-13,6.665972,7.499955
42,2023,Cesar,2023-10-30,3,2023-11-20,8.864325,7.375621
42,2023,Cesar,2023-10-30,4,2023-11-27,7.1623735,7.320239
42,2023,Cesar,2023-11-06,1,2023-11-13,6.665972,7.6721807
42,2023,Cesar,2023-11-06,2,2023-11-20,8.864325,7.2738843
42,2023,Cesar,2023-11-06,3,2023-11-27,7.1623735,7.1154647
42,2023,Cesar,2023-11-06,4,2023-12-04,6.524143,7.129338
42,2023,Cesar,2023-11-13,1,2023-11-20,8.864325,8.780914
42,2023,Cesar,2023-11-13,2,2023-11-27,7.1623735,8.595618
42,2023,Cesar,2023-11-13,3,2023-12-04,6.524143,8.473636
42,2023,Cesar,2023-11-13,4,2023-12-11,6.94963,8.439428
42,2023,Cesar,2023-11-20,1,2023-11-27,7.1623735,8.223452
42,2023,Cesar,2023-11-20,2,2023-12-04,6.524143,7.9715753
42,2023,Cesar,2023-11-20,3,2023-12-11,6.94963,7.7919683
42,2023,Cesar,2023-11-20,4,2023-12-18,7.871519,7.7412744
42,2023,Cesar,2023-11-27,1,2023-12-04,6.524143,8.706397
42,2023,Cesar,2023-11-27,2,2023-12-11,6.94963,8.134865
42,2023,Cesar,2023-11-27,3,2023-12-18,7.871519,8.060491
42,2023,Cesar,2023-11-27,4,2023-12-25,7.800605,7.888944
42,2023,Choco,2023-01-23,1,2023-01-30,2.4161174,2.7722423
42,2023,Choco,2023-01-23,2,2023-02-06,3.1064367,2.8461928
42,2023,Choco,2023-01-23,3,2023-02-13,2.4161174,2.9347212
42,2023,Choco,2023-01-23,4,2023-02-20,1.035479,2.8879445
42,2023,Choco,2023-01-30,1,2023-02-06,3.1064367,3.7257445
42,2023,Choco,2023-01-30,2,2023-02-13,2.4161174,3.719892
42,2023,Choco,2023-01-30,3,2023-02-20,1.035479,3.8591971
42,2023,Choco,2023-01-30,4,2023-02-27,1.5532184,3.6807253
42,2023,Choco,2023-02-06,1,2023-02-13,2.4161174,3.335012
42,2023,Choco,2023-02-06,2,2023-02-20,1.035479,3.2257679
42,2023,Choco,2023-02-06,3,2023-02-27,1.5532184,3.281201
42,2023,Choco,2023-02-06,4,2023-03-06,3.4515963,3.2232544
42,2023,Choco,2023-02-13,1,2023-02-20,1.035479,3.21253
42,2023,Choco,2023-02-13,2,2023-02-27,1.5532184,2.9243019
42,2023,Choco,2023-02-13,3,2023-03-06,3.4515963,2.9413564
42,2023,Choco,2023-02-13,4,2023-03-13,3.2790165,3.0161214
42,2023,Choco,2023-02-20,1,2023-02-27,1.5532184,2.767592
42,2023,Choco,2023-02-20,2,2023-03-06,3.4515963,2.64028
42,2023,Choco,2023-02-20,3,2023-03-13,3.2790165,2.6928415
42,2023,Choco,2023-02-20,4,2023-03-20,2.5886977,2.707779
42,2023,Choco,2023-02-27,1,2023-03-06,3.4515963,2.0844355
42,2023,Choco,2023-02-27,2,2023-03-13,3.2790165,2.0595665
42,2023,Choco,2023-02-27,3,2023-03-20,2.5886977,2.0829084
42,2023,Choco,2023-02-27,4,2023-03-27,3.1064367,2.1519768
42,2023,Choco,2023-03-06,1,2023-03-13,3.2790165,1.9453456
42,2023,Choco,2023-03-06,2,2023-03-20,2.5886977,1.9309943
42,2023,Choco,2023-03-06,3,2023-03-27,3.1064367,1.9674535
42,2023,Choco,2023-03-06,4,2023-04-03,1.3806386,1.9953234
42,2023,Choco,2023-03-13,1,2023-03-20,2.5886977,2.280018
42,2023,Choco,2023-03-13,2,2023-03-27,3.1064367,2.2566533
42,2023,Choco,2023-03-13,3,2023-04-03,1.3806386,2.3351598
42,2023,Choco,2023-03-13,4,2023-04-10,2.4161174,2.2686262
42,2023,Choco,2023-03-20,1,2023-03-27,3.1064367,2.5866075
42,2023,Choco,2023-03-20,2,2023-04-03,1.3806386,2.580033
42,2023,Choco,2023-03-20,3,2023-04-10,2.4161174,2.5807736
42,2023,Choco,2023-03-20,4,2023-04-17,4.314496,2.608023
42,2023,Choco,2023-03-27,1,2023-04-03,1.3806386,2.557113
42,2023,Choco,2023-03-27,2,2023-04-10,2.4161174,2.561664
42,2023,Choco,2023-03-27,3,2023-04-17,4.314496,2.5201356
42,2023,Choco,2023-03-27,4,2023-04-24,5.8677144,2.616303
42,2023,Choco,2023-04-03,1,2023-04-10,2.4161174,2.75769
42,2023,Choco,2023-04-03,2,2023-04-17,4.314496,2.6760309
42,2023,Choco,2023-04-03,3,2023-04-24,5.8677144,2.6908097
42,2023,Choco,2023-04-03,4,2023-05-01,3.796756,2.6984394
42,2023,Choco,2023-04-10,1,2023-04-17,4.314496,2.2110248
42,2023,Choco,2023-04-10,2,2023-04-24,5.8677144,2.1535463
42,2023,Choco,2023-04-10,3,2023-05-01,3.796756,2.1749735
42,2023,Choco,2023-04-10,4,2023-05-08,6.5580344,2.218576
42,2023,Choco,2023-04-17,1,2023-04-24,5.8677144,2.2168617
42,2023,Choco,2023-04-17,2,2023-05-01,3.796756,2.1785405
42,2023,Choco,2023-04-17,3,2023-05-08,6.5580344,2.235929
42,2023,Choco,2023-04-17,4,2023-05-15,6.2128744,2.1868002
42,2023,Choco,2023-04-24,1,2023-05-01,3.796756,2.7971592
42,2023,Choco,2023-04-24,2,2023-05-08,6.5580344,2.7884479
42,2023,Choco,2023-04-24,3,2023-05-15,6.2128744,2.8449507
42,2023,Choco,2023-04-24,4,2023-05-22,9.14673,2.7035885
42,2023,Choco,2023-05-01,1,2023-05-08,6.5580344,3.7601702
42,2023,Choco,2023-05-01,2,2023-05-15,6.2128744,3.6785257
42,2023,Choco,2023-05-01,3,2023-05-22,9.14673,3.712247
42,2023,Choco,2023-05-01,4,2023-05-29,7.9386716,3.5719008
42,2023,Choco,2023-05-08,1,2023-05-15,6.2128744,3.6386378
42,2023,Choco,2023-05-08,2,2023-05-22,9.14673,3.5646954
42,2023,Choco,2023-05-08,3,2023-05-29,7.9386716,3.572399
42,2023,Choco,2023-05-08,4,2023-06-05,5.5225544,3.532006
42,2023,Choco,2023-05-15,1,2023-05-22,9.14673,4.6064568
42,2023,Choco,2023-05-15,2,2023-05-29,7.9386716,4.555537
42,2023,Choco,2023-05-15,3,2023-06-05,5.5225544,4.569066
42,2023,Choco,2023-05-15,4,2023-06-12,3.2790165,4.5838876
42,2023,Choco,2023-05-22,1,2023-05-29,7.9386716,4.692107
42,2023,Choco,2023-05-22,2,2023-06-05,5.5225544,4.7897987
42,2023,Choco,2023-05-22,3,2023-06-12,3.2790165,4.708639
42,2023,Choco,2023-05-22,4,2023-06-19,4.8322353,4.7830195
42,2023,Choco,2023-05-29,1,2023-06-05,5.5225544,6.4743094
42,2023,Choco,2023-05-29,2,2023-06-12,3.2790165,6.6039906
42,2023,Choco,2023-05-29,3,2023-06-19,4.8322353,6.5253487
42,2023,Choco,2023-05-29,4,2023-06-26,7.420933,6.586516
42,2023,Choco,2023-06-05,1,2023-06-12,3.2790165,7.2714643
42,2023,Choco,2023-06-05,2,2023-06-19,4.8322353,7.478594
42,2023,Choco,2023-06-05,3,2023-06-26,7.420933,7.3491716
42,2023,Choco,2023-06-05,4,2023-07-03,7.5935135,7.261291
42,2023,Choco,2023-06-12,1,2023-06-19,4.8322353,6.516331
42,2023,Choco,2023-06-12,2,2023-06-26,7.420933,6.475245
42,2023,Choco,2023-06-12,3,2023-07-03,7.5935135,6.3684397
42,2023,Choco,2023-06-12,4,2023-07-10,6.9031935,6.2039948
42,2023,Choco,2023-06-19,1,2023-06-26,7.420933,4.7521787
42,2023,Choco,2023-06-19,2,2023-07-03,7.5935135,4.5742564
42,2023,Choco,2023-06-19,3,2023-07-10,6.9031935,4.470525
42,2023,Choco,2023-06-19,4,2023-07-17,8.974151,4.419617
42,2023,Choco,2023-06-26,1,2023-07-03,7.5935135,4.687533
42,2023,Choco,2023-06-26,2,2023-07-10,6.9031935,4.572274
42,2023,Choco,2023-06-26,3,2023-07-17,8.974151,4.530446
42,2023,Choco,2023-06-26,4,2023-07-24,5.8677144,4.441458
42,2023,Choco,2023-07-03,1,2023-07-10,6.9031935,5.4115705
42,2023,Choco,2023-07-03,2,2023-07-17,8.974151,5.075577
42,2023,Choco,2023-07-03,3,2023-07-24,5.8677144,5.1404366
42,2023,Choco,2023-07-03,4,2023-07-31,4.6596556,4.8886743
42,2023,Choco,2023-07-10,1,2023-07-17,8.974151,5.866827
42,2023,Choco,2023-07-10,2,2023-07-24,5.8677144,5.4103217
42,2023,Choco,2023-07-10,3,2023-07-31,4.6596556,5.510726
42,2023,Choco,2023-07-10,4,2023-08-07,8.283832,5.198469
42,2023,Choco,2023-07-17,1,2023-07-24,5.8677144,5.7851377
42,2023,Choco,2023-07-17,2,2023-07-31,4.6596556,5.282291
42,2023,Choco,2023-07-17,3,2023-08-07,8.283832,5.151302
42,2023,Choco,2023-07-17,4,2023-08-14,4.8322353,5.0387053
42,2023,Choco,2023-07-24,1,2023-07-31,4.6596556,7.098656
42,2023,Choco,2023-07-24,2,2023-08-07,8.283832,6.600869
42,2023,Choco,2023-07-24,3,2023-08-14,4.8322353,6.358984
42,2023,Choco,2023-07-24,4,2023-08-21,5.5225544,6.236242
42,2023,Choco,2023-07-31,1,2023-08-07,8.283832,6.207113
42,2023,Choco,2023-07-31,2,2023-08-14,4.8322353,5.7558947
42,2023,Choco,2023-07-31,3,2023-08-21,5.5225544,5.569304
42,2023,Choco,2023-07-31,4,2023-08-28,8.974151,5.5105214
42,2023,Choco,2023-08-07,1,2023-08-14,4.8322353,5.0679755
42,2023,Choco,2023-08-07,2,2023-08-21,5.5225544,4.7169824
42,2023,Choco,2023-08-07,3,2023-08-28,8.974151,4.585435
42,2023,Choco,2023-08-07,4,2023-09-04,7.5935135,4.5912194
42,2023,Choco,2023-08-14,1,2023-08-21,5.5225544,5.9631777
42,2023,Choco,2023-08-14,2,2023-08-28,8.974151,5.5298114
42,2023,Choco,2023-08-14,3,2023-09-04,7.5935135,5.6638045
42,2023,Choco,2023-08-14,4,2023-09-11,9.14673,5.3177624
42,2023,Choco,2023-08-21,1,2023-08-28,8.974151,4.6949215
42,2023,Choco,2023-08-21,2,2023-09-04,7.5935135,4.3686657
42,2023,Choco,2023-08-21,3,2023-09-11,9.14673,4.4275517
42,2023,Choco,2023-08-21,4,2023-09-18,5.8677144,4.0515413
42,2023,Choco,2023-08-28,1,2023-09-04,7.5935135,4.502697
42,2023,Choco,2023-08-28,2,2023-09-11,9.14673,4.097705
42,2023,Choco,2023-08-28,3,2023-09-18,5.8677144,4.116832
42,2023,Choco,2023-08-28,4,2023-09-25,6.9031935,3.8142715
42,2023,Choco,2023-09-04,1,2023-09-11,9.14673,6.0696282
42,2023,Choco,2023-09-04,2,2023-09-18,5.8677144,5.54244
42,2023,Choco,2023-09-04,3,2023-09-25,6.9031935,5.6805944
42,2023,Choco,2023-09-04,4,2023-10-02,6.0402937,5.165783
42,2023,Choco,2023-09-11,1,2023-09-18,5.8677144,6.631768
42,2023,Choco,2023-09-11,2,2023-09-25,6.9031935,6.008736
42,2023,Choco,2023-09-11,3,2023-10-02,6.0402937,5.943492
42,2023,Choco,2023-09-11,4,2023-10-09,5.3499746,5.649864
42,2023,Choco,2023-09-18,1,2023-09-25,6.9031935,7.486696
42,2023,Choco,2023-09-18,2,2023-10-02,6.0402937,6.705396
42,2023,Choco,2023-09-18,3,2023-10-09,5.3499746,6.6734347
42,2023,Choco,2023-09-18,4,2023-10-16,6.2128744,6.446187
42,2023,Choco,2023-09-25,1,2023-10-02,6.0402937,6.582037
42,2023,Choco,2023-09-25,2,2023-10-09,5.3499746,6.138785
42,2023,Choco,2023-09-25,3,2023-10-16,6.2128744,6.0585237
42,2023,Choco,2023-09-25,4,2023-10-23,5.004815,5.85305
42,2023,Choco,2023-10-02,1,2023-10-09,5.3499746,6.3728004
42,2023,Choco,2023-10-02,2,2023-10-16,6.2128744,5.9644475
42,2023,Choco,2023-10-02,3,2023-10-23,5.004815,5.8756614
42,2023,Choco,2023-10-02,4,2023-10-30,7.0757732,5.855306
42,2023,Choco,2023-10-09,1,2023-10-16,6.2128744,5.5121574
42,2023,Choco,2023-10-09,2,2023-10-23,5.004815,5.299149
42,2023,Choco,2023-10-09,3,2023-10-30,7.0757732,5.301481
42,2023,Choco,2023-10-09,4,2023-11-06,5.695134,5.1674685
42,2023,Choco,2023-10-16,1,2023-10-23,5.004815,4.7113924
42,2023,Choco,2023-10-16,2,2023-10-30,7.0757732,4.56602
42,2023,Choco,2023-10-16,3,2023-11-06,5.695134,4.561569
42,2023,Choco,2023-10-16,4,2023-11-13,9.14673,4.45577
42,2023,Choco,2023-10-23,1,2023-10-30,7.0757732,5.014238
42,2023,Choco,2023-10-23,2,2023-11-06,5.695134,4.7726593
42,2023,Choco,2023-10-23,3,2023-11-13,9.14673,4.754923
42,2023,Choco,2023-10-23,4,2023-11-20,7.9386716,4.6533866
42,2023,Choco,2023-10-30,1,2023-11-06,5.695134,4.446743
42,2023,Choco,2023-10-30,2,2023-11-13,9.14673,4.1704235
42,2023,Choco,2023-10-30,3,2023-11-20,7.9386716,4.27496
42,2023,Choco,2023-10-30,4,2023-11-27,4.6596556,4.0879307
42,2023,Choco,2023-11-06,1,2023-11-13,9.14673,5.3215466
42,2023,Choco,2023-11-06,2,2023-11-20,7.9386716,4.9184933
42,2023,Choco,2023-11-06,3,2023-11-27,4.6596556,4.96873
42,2023,Choco,2023-11-06,4,2023-12-04,6.385453,4.8933907
42,2023,Choco,2023-11-13,1,2023-11-20,7.9386716,5.2227163
42,2023,Choco,2023-11-13,2,2023-11-27,4.6596556,5.0231576
42,2023,Choco,2023-11-13,3,2023-12-04,6.385453,5.0417633
42,2023,Choco,2023-11-13,4,2023-12-11,6.0402937,4.9936047
42,2023,Choco,2023-11-20,1,2023-11-27,4.6596556,6.404035
42,2023,Choco,2023-11-20,2,2023-12-04,6.385453,5.973179
42,2023,Choco,2023-11-20,3,2023-12-11,6.0402937,6.157756
42,2023,Choco,2023-11-20,4,2023-12-18,3.9693363,5.863573
42,2023,Choco,2023-11-27,1,2023-12-04,6.385453,6.729865
42,2023,Choco,2023-11-27,2,2023-12-11,6.0402937,6.519644
42,2023,Choco,2023-11-27,3,2023-12-18,3.9693363,6.485648
42,2023,Choco,2023-11-27,4,2023-12-25,6.2128744,6.303168
42,2023,Cordoba,2023-01-23,1,2023-01-30,3.138262,2.883044
42,2023,Cordoba,2023-01-23,2,2023-02-06,3.3440495,2.825177
42,2023,Cordoba,2023-01-23,3,2023-02-13,2.9839215,2.8385034
42,2023,Cordoba,2023-01-23,4,2023-02-20,3.189709,2.836984
42,2023,Cordoba,2023-01-30,1,2023-02-06,3.3440495,2.8604898
42,2023,Cordoba,2023-01-30,2,2023-02-13,2.9839215,2.755705
42,2023,Cordoba,2023-01-30,3,2023-02-20,3.189709,2.7459233
42,2023,Cordoba,2023-01-30,4,2023-02-27,4.1672,2.6769133
42,2023,Cordoba,2023-02-06,1,2023-02-13,2.9839215,3.0232372
42,2023,Cordoba,2023-02-06,2,2023-02-20,3.189709,2.8720334
42,2023,Cordoba,2023-02-06,3,2023-02-27,4.1672,2.8500173
42,2023,Cordoba,2023-02-06,4,2023-03-06,2.4694524,2.7590685
42,2023,Cordoba,2023-02-13,1,2023-02-20,3.189709,2.7973497
42,2023,Cordoba,2023-02-13,2,2023-02-27,4.1672,2.6656609
42,2023,Cordoba,2023-02-13,3,2023-03-06,2.4694524,2.6642413
42,2023,Cordoba,2023-02-13,4,2023-03-13,1.6463014,2.634464
42,2023,Cordoba,2023-02-20,1,2023-02-27,4.1672,2.565402
42,2023,Cordoba,2023-02-20,2,2023-03-06,2.4694524,2.3967266
42,2023,Cordoba,2023-02-20,3,2023-03-13,1.6463014,2.392169
42,2023,Cordoba,2023-02-20,4,2023-03-20,2.8810277,2.3608198
42,2023,Cordoba,2023-02-27,1,2023-03-06,2.4694524,2.7335038
42,2023,Cordoba,2023-02-27,2,2023-03-13,1.6463014,2.5873563
42,2023,Cordoba,2023-02-27,3,2023-03-20,2.8810277,2.5599957
42,2023,Cordoba,2023-02-27,4,2023-03-27,2.418005,2.500577
42,2023,Cordoba,2023-03-06,1,2023-03-13,1.6463014,3.2079198
42,2023,Cordoba,2023-03-06,2,2023-03-20,2.8810277,3.1218398
42,2023,Cordoba,2023-03-06,3,2023-03-27,2.418005,3.1090968
42,2023,Cordoba,2023-03-06,4,2023-04-03,1.6463014,3.0569975
42,2023,Cordoba,2023-03-13,1,2023-03-20,2.8810277,2.699966
42,2023,Cordoba,2023-03-13,2,2023-03-27,2.418005,2.5824554
42,2023,Cordoba,2023-03-13,3,2023-04-03,1.6463014,2.55985
42,2023,Cordoba,2023-03-13,4,2023-04-10,2.6752396,2.6161082
42,2023,Cordoba,2023-03-20,1,2023-03-27,2.418005,1.8690188
42,2023,Cordoba,2023-03-20,2,2023-04-03,1.6463014,1.7376024
42,2023,Cordoba,2023-03-20,3,2023-04-10,2.6752396,1.7380576
42,2023,Cordoba,2023-03-20,4,2023-04-17,2.366558,1.8066086
42,2023,Cordoba,2023-03-27,1,2023-04-03,1.6463014,2.0093637
42,2023,Cordoba,2023-03-27,2,2023-04-10,2.6752396,1.8831637
42,2023,Cordoba,2023-03-27,3,2023-04-17,2.366558,1.8544427
42,2023,Cordoba,2023-03-27,4,2023-04-24,1.9549829,1.8978992
42,2023,Cordoba,2023-04-03,1,2023-04-10,2.6752396,2.1768744
42,2023,Cordoba,2023-04-03,2,2023-04-17,2.366558,2.0780115
42,2023,Cordoba,2023-04-03,3,2023-04-24,1.9549829,2.0657706
42,2023,Cordoba,2023-04-03,4,2023-05-01,1.4405137,2.0939763
42,2023,Cordoba,2023-04-10,1,2023-04-17,2.366558,1.830072
42,2023,Cordoba,2023-04-10,2,2023-04-24,1.9549829,1.7661206
42,2023,Cordoba,2023-04-10,3,2023-05-01,1.4405137,1.7799145
42,2023,Cordoba,2023-04-10,4,2023-05-08,2.9324746,1.8745881
42,2023,Cordoba,2023-04-17,1,2023-04-24,1.9549829,2.1680272
42,2023,Cordoba,2023-04-17,2,2023-05-01,1.4405137,2.1916506
42,2023,Cordoba,2023-04-17,3,2023-05-08,2.9324746,2.2116723
42,2023,Cordoba,2023-04-17,4,2023-05-15,1.903536,2.3188086
42,2023,Cordoba,2023-04-24,1,2023-05-01,1.4405137,2.3623862
42,2023,Cordoba,2023-04-24,2,2023-05-08,2.9324746,2.3900025
42,2023,Cordoba,2023-04-24,3,2023-05-15,1.903536,2.3794284
42,2023,Cordoba,2023-04-24,4,2023-05-22,2.1093237,2.4952111
42,2023,Cordoba,2023-05-01,1,2023-05-08,2.9324746,2.2557905
42,2023,Cordoba,2023-05-01,2,2023-05-15,1.903536,2.255897
42,2023,Cordoba,2023-05-01,3,2023-05-22,2.1093237,2.2317772
42,2023,Cordoba,2023-05-01,4,2023-05-29,1.5434076,2.3758073
42,2023,Cordoba,2023-05-08,1,2023-05-15,1.903536,2.1949806
42,2023,Cordoba,2023-05-08,2,2023-05-22,2.1093237,2.2330236
42,2023,Cordoba,2023-05-08,3,2023-05-29,1.5434076,2.237622
42,2023,Cordoba,2023-05-08,4,2023-06-05,3.086815,2.3201187
42,2023,Cordoba,2023-05-15,1,2023-05-22,2.1093237,2.6831167
42,2023,Cordoba,2023-05-15,2,2023-05-29,1.5434076,2.7942014
42,2023,Cordoba,2023-05-15,3,2023-06-05,3.086815,2.8296168
42,2023,Cordoba,2023-05-15,4,2023-06-12,2.520899,2.9546208
42,2023,Cordoba,2023-05-22,1,2023-05-29,1.5434076,2.5643954
42,2023,Cordoba,2023-05-22,2,2023-06-05,3.086815,2.6656582
42,2023,Cordoba,2023-05-22,3,2023-06-12,2.520899,2.679265
42,2023,Cordoba,2023-05-22,4,2023-06-19,2.1607707,2.8811915
42,2023,Cordoba,2023-05-29,1,2023-06-05,3.086815,2.6758723
42,2023,Cordoba,2023-05-29,2,2023-06-12,2.520899,2.770882
42,2023,Cordoba,2023-05-29,3,2023-06-19,2.1607707,2.749404
42,2023,Cordoba,2023-05-29,4,2023-06-26,3.652731,3.0002766
42,2023,Cordoba,2023-06-05,1,2023-06-12,2.520899,2.770331
42,2023,Cordoba,2023-06-05,2,2023-06-19,2.1607707,2.87648
42,2023,Cordoba,2023-06-05,3,2023-06-26,3.652731,2.8289037
42,2023,Cordoba,2023-06-05,4,2023-07-03,2.8295808,3.027918
42,2023,Cordoba,2023-06-12,1,2023-06-19,2.1607707,3.4219408
42,2023,Cordoba,2023-06-12,2,2023-06-26,3.652731,3.550949
42,2023,Cordoba,2023-06-12,3,2023-07-03,2.8295808,3.5576067
42,2023,Cordoba,2023-06-12,4,2023-07-10,4.2186475,3.7107854
42,2023,Cordoba,2023-06-19,1,2023-06-26,3.652731,3.5797215
42,2023,Cordoba,2023-06-19,2,2023-07-03,2.8295808,3.6590817
42,2023,Cordoba,2023-06-19,3,2023-07-10,4.2186475,3.7164145
42,2023,Cordoba,2023-06-19,4,2023-07-17,3.9614127,3.7937322
42,2023,Cordoba,2023-06-26,1,2023-07-03,2.8295808,3.3890095
42,2023,Cordoba,2023-06-26,2,2023-07-10,4.2186475,3.4332001
42,2023,Cordoba,2023-06-26,3,2023-07-17,3.9614127,3.4917438
42,2023,Cordoba,2023-06-26,4,2023-07-24,4.475882,3.58522
42,2023,Cordoba,2023-07-03,1,2023-07-10,4.2186475,3.9522738
42,2023,Cordoba,2023-07-03,2,2023-07-17,3.9614127,3.9187493
42,2023,Cordoba,2023-07-03,3,2023-07-24,4.475882,3.9952335
42,2023,Cordoba,2023-07-03,4,2023-07-31,4.630223,4.0042787
42,2023,Cordoba,2023-07-10,1,2023-07-17,3.9614127,3.8033073
42,2023,Cordoba,2023-07-10,2,2023-07-24,4.475882,3.8021164
42,2023,Cordoba,2023-07-10,3,2023-07-31,4.630223,3.8635523
42,2023,Cordoba,2023-07-10,4,2023-08-07,3.858519,3.858849
42,2023,Cordoba,2023-07-17,1,2023-07-24,4.475882,4.321991
42,2023,Cordoba,2023-07-17,2,2023-07-31,4.630223,4.323781
42,2023,Cordoba,2023-07-17,3,2023-08-07,3.858519,4.398637
42,2023,Cordoba,2023-07-17,4,2023-08-14,4.7845635,4.381292
42,2023,Cordoba,2023-07-24,1,2023-07-31,4.630223,4.733018
42,2023,Cordoba,2023-07-24,2,2023-08-07,3.858519,4.8059044
42,2023,Cordoba,2023-07-24,3,2023-08-14,4.7845635,4.8537297
42,2023,Cordoba,2023-07-24,4,2023-08-21,5.093245,4.8878713
42,2023,Cordoba,2023-07-31,1,2023-08-07,3.858519,4.880016
42,2023,Cordoba,2023-07-31,2,2023-08-14,4.7845635,4.826059
42,2023,Cordoba,2023-07-31,3,2023-08-21,5.093245,4.874854
42,2023,Cordoba,2023-07-31,4,2023-08-28,5.2475863,4.9473996
42,2023,Cordoba,2023-08-07,1,2023-08-14,4.7845635,5.0834694
42,2023,Cordoba,2023-08-07,2,2023-08-21,5.093245,5.032098
42,2023,Cordoba,2023-08-07,3,2023-08-28,5.2475863,5.0776315
42,2023,Cordoba,2023-08-07,4,2023-09-04,4.270094,5.127026
42,2023,Cordoba,2023-08-14,1,2023-08-21,5.093245,4.8103495
42,2023,Cordoba,2023-08-14,2,2023-08-28,5.2475863,4.7683787
42,2023,Cordoba,2023-08-14,3,2023-09-04,4.270094,4.7417965
42,2023,Cordoba,2023-08-14,4,2023-09-11,4.270094,4.855508
42,2023,Cordoba,2023-08-21,1,2023-08-28,5.2475863,5.0131364
42,2023,Cordoba,2023-08-21,2,2023-09-04,4.270094,4.941687
42,2023,Cordoba,2023-08-21,3,2023-09-11,4.270094,4.9097195
42,2023,Cordoba,2023-08-21,4,2023-09-18,4.9389043,4.982902
42,2023,Cordoba,2023-08-28,1,2023-09-04,4.270094,5.609191
42,2023,Cordoba,2023-08-28,2,2023-09-11,4.270094,5.474671
42,2023,Cordoba,2023-08-28,3,2023-09-18,4.9389043,5.501113
42,2023,Cordoba,2023-08-28,4,2023-09-25,3.4983907,5.4732237
42,2023,Cordoba,2023-09-04,1,2023-09-11,4.270094,5.739956
42,2023,Cordoba,2023-09-04,2,2023-09-18,4.9389043,5.6310883
42,2023,Cordoba,2023-09-04,3,2023-09-25,3.4983907,5.632243
42,2023,Cordoba,2023-09-04,4,2023-10-02,4.2186475,5.7117534
42,2023,Cordoba,2023-09-11,1,2023-09-18,4.9389043,5.2106266
42,2023,Cordoba,2023-09-11,2,2023-09-25,3.4983907,5.132121
42,2023,Cordoba,2023-09-11,3,2023-10-02,4.2186475,5.045292
42,2023,Cordoba,2023-09-11,4,2023-10-09,5.144692,5.225584
42,2023,Cordoba,2023-09-18,1,2023-09-25,3.4983907,4.8011127
42,2023,Cordoba,2023-09-18,2,2023-10-02,4.2186475,4.6461396
42,2023,Cordoba,2023-09-18,3,2023-10-09,5.144692,4.5586147
42,2023,Cordoba,2023-09-18,4,2023-10-16,3.3440495,4.731321
42,2023,Cordoba,2023-09-25,1,2023-10-02,4.2186475,5.158485
42,2023,Cordoba,2023-09-25,2,2023-10-09,5.144692,5.0489707
42,2023,Cordoba,2023-09-25,3,2023-10-16,3.3440495,4.9772987
42,2023,Cordoba,2023-09-25,4,2023-10-23,4.7331166,5.078463
42,2023,Cordoba,2023-10-02,1,2023-10-09,5.144692,4.4299307
42,2023,Cordoba,2023-10-02,2,2023-10-16,3.3440495,4.409847
42,2023,Cordoba,2023-10-02,3,2023-10-23,4.7331166,4.330878
42,2023,Cordoba,2023-10-02,4,2023-10-30,4.8360105,4.451219
42,2023,Cordoba,2023-10-09,1,2023-10-16,3.3440495,4.3171544
42,2023,Cordoba,2023-10-09,2,2023-10-23,4.7331166,4.259462
42,2023,Cordoba,2023-10-09,3,2023-10-30,4.8360105,4.180382
42,2023,Cordoba,2023-10-09,4,2023-11-06,3.807072,4.2782674
42,2023,Cordoba,2023-10-16,1,2023-10-23,4.7331166,4.538462
42,2023,Cordoba,2023-10-16,2,2023-10-30,4.8360105,4.5033135
42,2023,Cordoba,2023-10-16,3,2023-11-06,3.807072,4.434709
42,2023,Cordoba,2023-10-16,4,2023-11-13,4.630223,4.5246463
42,2023,Cordoba,2023-10-23,1,2023-10-30,4.8360105,4.084827
42,2023,Cordoba,2023-10-23,2,2023-11-06,3.807072,4.025836
42,2023,Cordoba,2023-10-23,3,2023-11-13,4.630223,3.9027162
42,2023,Cordoba,2023-10-23,4,2023-11-20,5.350479,4.020955
42,2023,Cordoba,2023-10-30,1,2023-11-06,3.807072,4.355245
42,2023,Cordoba,2023-10-30,2,2023-11-13,4.630223,4.310556
42,2023,Cordoba,2023-10-30,3,2023-11-20,5.350479,4.1840634
42,2023,Cordoba,2023-10-30,4,2023-11-27,5.041798,4.2810383
42,2023,Cordoba,2023-11-06,1,2023-11-13,4.630223,4.631906
42,2023,Cordoba,2023-11-06,2,2023-11-20,5.350479,4.5986934
42,2023,Cordoba,2023-11-06,3,2023-11-27,5.041798,4.50823
42,2023,Cordoba,2023-11-06,4,2023-12-04,4.475882,4.576941
42,2023,Cordoba,2023-11-13,1,2023-11-20,5.350479,4.3291917
42,2023,Cordoba,2023-11-13,2,2023-11-27,5.041798,4.3281045
42,2023,Cordoba,2023-11-13,3,2023-12-04,4.475882,4.2233963
42,2023,Cordoba,2023-11-13,4,2023-12-11,5.8649487,4.324971
42,2023,Cordoba,2023-11-20,1,2023-11-27,5.041798,4.5564795
42,2023,Cordoba,2023-11-20,2,2023-12-04,4.475882,4.5601974
42,2023,Cordoba,2023-11-20,3,2023-12-11,5.8649487,4.4699564
42,2023,Cordoba,2023-11-20,4,2023-12-18,5.5562673,4.5285354
42,2023,Cordoba,2023-11-27,1,2023-12-04,4.475882,4.938348
42,2023,Cordoba,2023-11-27,2,2023-12-11,5.8649487,4.915972
42,2023,Cordoba,2023-11-27,3,2023-12-18,5.5562673,4.8419123
42,2023,Cordoba,2023-11-27,4,2023-12-25,4.3215413,4.8332543
42,2023,Cundinamarca,2023-01-23,1,2023-01-30,1.8002157,1.7268937
42,2023,Cundinamarca,2023-01-23,2,2023-02-06,2.0363095,1.6981562
42,2023,Cundinamarca,2023-01-23,3,2023-02-13,1.5936335,1.7127109
42,2023,Cundinamarca,2023-01-23,4,2023-02-20,2.0658212,1.698577
42,2023,Cundinamarca,2023-01-30,1,2023-02-06,2.0363095,1.7381408
42,2023,Cundinamarca,2023-01-30,2,2023-02-13,1.5936335,1.686084
42,2023,Cundinamarca,2023-01-30,3,2023-02-20,2.0658212,1.6973951
42,2023,Cundinamarca,2023-01-30,4,2023-02-27,2.2428916,1.6623217
42,2023,Cundinamarca,2023-02-06,1,2023-02-13,1.5936335,1.8413051
42,2023,Cundinamarca,2023-02-06,2,2023-02-20,2.0658212,1.7590381
42,2023,Cundinamarca,2023-02-06,3,2023-02-27,2.2428916,1.80543
42,2023,Cundinamarca,2023-02-06,4,2023-03-06,2.0363095,1.762171
42,2023,Cundinamarca,2023-02-13,1,2023-02-20,2.0658212,1.8108879
42,2023,Cundinamarca,2023-02-13,2,2023-02-27,2.2428916,1.7323786
42,2023,Cundinamarca,2023-02-13,3,2023-03-06,2.0363095,1.817379
42,2023,Cundinamarca,2023-02-13,4,2023-03-13,1.8002157,1.8072101
42,2023,Cundinamarca,2023-02-20,1,2023-02-27,2.2428916,1.66568
42,2023,Cundinamarca,2023-02-20,2,2023-03-06,2.0363095,1.5750726
42,2023,Cundinamarca,2023-02-20,3,2023-03-13,1.8002157,1.6425774
42,2023,Cundinamarca,2023-02-20,4,2023-03-20,2.1543565,1.6531917
42,2023,Cundinamarca,2023-02-27,1,2023-03-06,2.0363095,1.7798084
42,2023,Cundinamarca,2023-02-27,2,2023-03-13,1.8002157,1.709038
42,2023,Cundinamarca,2023-02-27,3,2023-03-20,2.1543565,1.735461
42,2023,Cundinamarca,2023-02-27,4,2023-03-27,2.183868,1.7467363
42,2023,Cundinamarca,2023-03-06,1,2023-03-13,1.8002157,1.9921818
42,2023,Cundinamarca,2023-03-06,2,2023-03-20,2.1543565,1.9413464
42,2023,Cundinamarca,2023-03-06,3,2023-03-27,2.183868,2.0042462
42,2023,Cundinamarca,2023-03-06,4,2023-04-03,2.3314269,2.0429323
42,2023,Cundinamarca,2023-03-13,1,2023-03-20,2.1543565,2.2120879
42,2023,Cundinamarca,2023-03-13,2,2023-03-27,2.183868,2.1535237
42,2023,Cundinamarca,2023-03-13,3,2023-04-03,2.3314269,2.2990415
42,2023,Cundinamarca,2023-03-13,4,2023-04-10,3.06922,2.3584216
42,2023,Cundinamarca,2023-03-20,1,2023-03-27,2.183868,1.841511
42,2023,Cundinamarca,2023-03-20,2,2023-04-03,2.3314269,1.7895608
42,2023,Cundinamarca,2023-03-20,3,2023-04-10,3.06922,1.9172987
42,2023,Cundinamarca,2023-03-20,4,2023-04-17,3.1872668,1.9645139
42,2023,Cundinamarca,2023-03-27,1,2023-04-03,2.3314269,1.9874889
42,2023,Cundinamarca,2023-03-27,2,2023-04-10,3.06922,1.9932721
42,2023,Cundinamarca,2023-03-27,3,2023-04-17,3.1872668,2.083948
42,2023,Cundinamarca,2023-03-27,4,2023-04-24,1.8297273,2.1265368
42,2023,Cundinamarca,2023-04-03,1,2023-04-10,3.06922,2.3004203
42,2023,Cundinamarca,2023-04-03,2,2023-04-17,3.1872668,2.2765162
42,2023,Cundinamarca,2023-04-03,3,2023-04-24,1.8297273,2.362398
42,2023,Cundinamarca,2023-04-03,4,2023-05-01,1.6526569,2.4021385
42,2023,Cundinamarca,2023-04-10,1,2023-04-17,3.1872668,2.5084555
42,2023,Cundinamarca,2023-04-10,2,2023-04-24,1.8297273,2.4927397
42,2023,Cundinamarca,2023-04-10,3,2023-05-01,1.6526569,2.6024652
42,2023,Cundinamarca,2023-04-10,4,2023-05-08,2.21338,2.650028
42,2023,Cundinamarca,2023-04-17,1,2023-04-24,1.8297273,2.94447
42,2023,Cundinamarca,2023-04-17,2,2023-05-01,1.6526569,2.9869103
42,2023,Cundinamarca,2023-04-17,3,2023-05-08,2.21338,3.1076534
42,2023,Cundinamarca,2023-04-17,4,2023-05-15,2.21338,3.1786945
42,2023,Cundinamarca,2023-04-24,1,2023-05-01,1.6526569,3.4843092
42,2023,Cundinamarca,2023-04-24,2,2023-05-08,2.21338,3.4596455
42,2023,Cundinamarca,2023-04-24,3,2023-05-15,2.21338,3.6068876
42,2023,Cundinamarca,2023-04-24,4,2023-05-22,1.8002157,3.6794958
42,2023,Cundinamarca,2023-05-01,1,2023-05-08,2.21338,3.0534658
42,2023,Cundinamarca,2023-05-01,2,2023-05-15,2.21338,2.96915
42,2023,Cundinamarca,2023-05-01,3,2023-05-22,1.8002157,2.9899137
42,2023,Cundinamarca,2023-05-01,4,2023-05-29,1.8592392,3.0367146
42,2023,Cundinamarca,2023-05-08,1,2023-05-15,2.21338,2.680746
42,2023,Cundinamarca,2023-05-08,2,2023-05-22,1.8002157,2.581884
42,2023,Cundinamarca,2023-05-08,3,2023-05-29,1.8592392,2.5881429
42,2023,Cundinamarca,2023-05-08,4,2023-06-05,1.4460748,2.6129239
42,2023,Cundinamarca,2023-05-15,1,2023-05-22,1.8002157,2.7682312
42,2023,Cundinamarca,2023-05-15,2,2023-05-29,1.8592392,2.6629236
42,2023,Cundinamarca,2023-05-15,3,2023-06-05,1.4460748,2.7000203
42,2023,Cundinamarca,2023-05-15,4,2023-06-12,1.4460748,2.7229419
42,2023,Cundinamarca,2023-05-22,1,2023-05-29,1.8592392,2.313245
42,2023,Cundinamarca,2023-05-22,2,2023-06-05,1.4460748,2.1987824
42,2023,Cundinamarca,2023-05-22,3,2023-06-12,1.4460748,2.2407954
42,2023,Cundinamarca,2023-05-22,4,2023-06-19,1.0033989,2.2600088
42,2023,Cundinamarca,2023-05-29,1,2023-06-05,1.4460748,2.1147454
42,2023,Cundinamarca,2023-05-29,2,2023-06-12,1.4460748,2.0256884
42,2023,Cundinamarca,2023-05-29,3,2023-06-19,1.0033989,2.0520484
42,2023,Cundinamarca,2023-05-29,4,2023-06-26,1.6821687,2.054177
42,2023,Cundinamarca,2023-06-05,1,2023-06-12,1.4460748,2.1744606
42,2023,Cundinamarca,2023-06-05,2,2023-06-19,1.0033989,2.053362
42,2023,Cundinamarca,2023-06-05,3,2023-06-26,1.6821687,2.0340416
42,2023,Cundinamarca,2023-06-05,4,2023-07-03,1.5050983,2.0367846
42,2023,Cundinamarca,2023-06-12,1,2023-06-19,1.0033989,2.0130503
42,2023,Cundinamarca,2023-06-12,2,2023-06-26,1.6821687,1.8908032
42,2023,Cundinamarca,2023-06-12,3,2023-07-03,1.5050983,1.8570865
42,2023,Cundinamarca,2023-06-12,4,2023-07-10,2.0658212,1.8480225
42,2023,Cundinamarca,2023-06-19,1,2023-06-26,1.6821687,1.8779054
42,2023,Cundinamarca,2023-06-19,2,2023-07-03,1.5050983,1.7486957
42,2023,Cundinamarca,2023-06-19,3,2023-07-10,2.0658212,1.7393756
42,2023,Cundinamarca,2023-06-19,4,2023-07-17,1.5050983,1.7113144
42,2023,Cundinamarca,2023-06-26,1,2023-07-03,1.5050983,1.5020376
42,2023,Cundinamarca,2023-06-26,2,2023-07-10,2.0658212,1.40643
42,2023,Cundinamarca,2023-06-26,3,2023-07-17,1.5050983,1.4028612
42,2023,Cundinamarca,2023-06-26,4,2023-07-24,1.7411922,1.3899765
42,2023,Cundinamarca,2023-07-03,1,2023-07-10,2.0658212,1.4336293
42,2023,Cundinamarca,2023-07-03,2,2023-07-17,1.5050983,1.3391336
42,2023,Cundinamarca,2023-07-03,3,2023-07-24,1.7411922,1.3208035
42,2023,Cundinamarca,2023-07-03,4,2023-07-31,1.7707038,1.2954624
42,2023,Cundinamarca,2023-07-10,1,2023-07-17,1.5050983,1.3831153
42,2023,Cundinamarca,2023-07-10,2,2023-07-24,1.7411922,1.2654154
42,2023,Cundinamarca,2023-07-10,3,2023-07-31,1.7707038,1.2435888
42,2023,Cundinamarca,2023-07-10,4,2023-08-07,1.6231452,1.1896536
42,2023,Cundinamarca,2023-07-17,1,2023-07-24,1.7411922,1.6680483
42,2023,Cundinamarca,2023-07-17,2,2023-07-31,1.7707038,1.5806812
42,2023,Cundinamarca,2023-07-17,3,2023-08-07,1.6231452,1.541281
42,2023,Cundinamarca,2023-07-17,4,2023-08-14,1.7116805,1.5351837
42,2023,Cundinamarca,2023-07-24,1,2023-07-31,1.7707038,1.7034565
42,2023,Cundinamarca,2023-07-24,2,2023-08-07,1.6231452,1.628192
42,2023,Cundinamarca,2023-07-24,3,2023-08-14,1.7116805,1.6169943
42,2023,Cundinamarca,2023-07-24,4,2023-08-21,1.3575397,1.6256428
42,2023,Cundinamarca,2023-07-31,1,2023-08-07,1.6231452,1.7767118
42,2023,Cundinamarca,2023-07-31,2,2023-08-14,1.7116805,1.6680579
42,2023,Cundinamarca,2023-07-31,3,2023-08-21,1.3575397,1.680755
42,2023,Cundinamarca,2023-07-31,4,2023-08-28,1.6231452,1.6749464
42,2023,Cundinamarca,2023-08-07,1,2023-08-14,1.7116805,1.7542711
42,2023,Cundinamarca,2023-08-07,2,2023-08-21,1.3575397,1.6383265
42,2023,Cundinamarca,2023-08-07,3,2023-08-28,1.6231452,1.6509507
42,2023,Cundinamarca,2023-08-07,4,2023-09-04,1.9182625,1.6015347
42,2023,Cundinamarca,2023-08-14,1,2023-08-21,1.3575397,1.685936
42,2023,Cundinamarca,2023-08-14,2,2023-08-28,1.6231452,1.5857753
42,2023,Cundinamarca,2023-08-14,3,2023-09-04,1.9182625,1.6062835
42,2023,Cundinamarca,2023-08-14,4,2023-09-11,1.6821687,1.5517933
42,2023,Cundinamarca,2023-08-21,1,2023-08-28,1.6231452,1.6966101
42,2023,Cundinamarca,2023-08-21,2,2023-09-04,1.9182625,1.6046982
42,2023,Cundinamarca,2023-08-21,3,2023-09-11,1.6821687,1.632663
42,2023,Cundinamarca,2023-08-21,4,2023-09-18,1.8002157,1.6064974
42,2023,Cundinamarca,2023-08-28,1,2023-09-04,1.9182625,1.5999523
42,2023,Cundinamarca,2023-08-28,2,2023-09-11,1.6821687,1.4971236
42,2023,Cundinamarca,2023-08-28,3,2023-09-18,1.8002157,1.5193992
42,2023,Cundinamarca,2023-08-28,4,2023-09-25,1.9477743,1.4886812
42,2023,Cundinamarca,2023-09-04,1,2023-09-11,1.6821687,1.6441585
42,2023,Cundinamarca,2023-09-04,2,2023-09-18,1.8002157,1.5607089
42,2023,Cundinamarca,2023-09-04,3,2023-09-25,1.9477743,1.5772537
42,2023,Cundinamarca,2023-09-04,4,2023-10-02,2.1543565,1.595888
42,2023,Cundinamarca,2023-09-11,1,2023-09-18,1.8002157,1.927569
42,2023,Cundinamarca,2023-09-11,2,2023-09-25,1.9477743,1.861705
42,2023,Cundinamarca,2023-09-11,3,2023-10-02,2.1543565,1.8938646
42,2023,Cundinamarca,2023-09-11,4,2023-10-09,1.9477743,1.9170591
42,2023,Cundinamarca,2023-09-18,1,2023-09-25,1.9477743,1.8810222
42,2023,Cundinamarca,2023-09-18,2,2023-10-02,2.1543565,1.7506572
42,2023,Cundinamarca,2023-09-18,3,2023-10-09,1.9477743,1.7780322
42,2023,Cundinamarca,2023-09-18,4,2023-10-16,2.508497,1.7955292
42,2023,Cundinamarca,2023-09-25,1,2023-10-02,2.1543565,1.8131802
42,2023,Cundinamarca,2023-09-25,2,2023-10-09,1.9477743,1.7417926
42,2023,Cundinamarca,2023-09-25,3,2023-10-16,2.508497,1.7918496
42,2023,Cundinamarca,2023-09-25,4,2023-10-23,2.8921494,1.8371917
42,2023,Cundinamarca,2023-10-02,1,2023-10-09,1.9477743,1.8574878
42,2023,Cundinamarca,2023-10-02,2,2023-10-16,2.508497,1.8026389
42,2023,Cundinamarca,2023-10-02,3,2023-10-23,2.8921494,1.8541175
42,2023,Cundinamarca,2023-10-02,4,2023-10-30,2.3609388,1.9007285
42,2023,Cundinamarca,2023-10-09,1,2023-10-16,2.508497,2.0369036
42,2023,Cundinamarca,2023-10-09,2,2023-10-23,2.8921494,1.9804951
42,2023,Cundinamarca,2023-10-09,3,2023-10-30,2.3609388,2.0501714
42,2023,Cundinamarca,2023-10-09,4,2023-11-06,2.4494736,2.1184766
42,2023,Cundinamarca,2023-10-16,1,2023-10-23,2.8921494,2.1883924
42,2023,Cundinamarca,2023-10-16,2,2023-10-30,2.3609388,2.1485317
42,2023,Cundinamarca,2023-10-16,3,2023-11-06,2.4494736,2.227874
42,2023,Cundinamarca,2023-10-16,4,2023-11-13,2.419962,2.3208137
42,2023,Cundinamarca,2023-10-23,1,2023-10-30,2.3609388,2.4265802
42,2023,Cundinamarca,2023-10-23,2,2023-11-06,2.4494736,2.4230344
42,2023,Cundinamarca,2023-10-23,3,2023-11-13,2.419962,2.5346944
42,2023,Cundinamarca,2023-10-23,4,2023-11-20,2.626544,2.6516013
42,2023,Cundinamarca,2023-10-30,1,2023-11-06,2.4494736,2.8842652
42,2023,Cundinamarca,2023-10-30,2,2023-11-13,2.419962,2.8795764
42,2023,Cundinamarca,2023-10-30,3,2023-11-20,2.626544,3.043869
42,2023,Cundinamarca,2023-10-30,4,2023-11-27,2.9511733,3.110932
42,2023,Cundinamarca,2023-11-06,1,2023-11-13,2.419962,2.752489
42,2023,Cundinamarca,2023-11-06,2,2023-11-20,2.626544,2.7480998
42,2023,Cundinamarca,2023-11-06,3,2023-11-27,2.9511733,2.8899963
42,2023,Cundinamarca,2023-11-06,4,2023-12-04,2.538009,2.9471025
42,2023,Cundinamarca,2023-11-13,1,2023-11-20,2.626544,2.9554248
42,2023,Cundinamarca,2023-11-13,2,2023-11-27,2.9511733,3.028222
42,2023,Cundinamarca,2023-11-13,3,2023-12-04,2.538009,3.14052
42,2023,Cundinamarca,2023-11-13,4,2023-12-11,2.3904505,3.231966
42,2023,Cundinamarca,2023-11-20,1,2023-11-27,2.9511733,3.1017118
42,2023,Cundinamarca,2023-11-20,2,2023-12-04,2.538009,3.1455865
42,2023,Cundinamarca,2023-11-20,3,2023-12-11,2.3904505,3.2936645
42,2023,Cundinamarca,2023-11-20,4,2023-12-18,2.5675206,3.3948498
42,2023,Cundinamarca,2023-11-27,1,2023-12-04,2.538009,3.303065
42,2023,Cundinamarca,2023-11-27,2,2023-12-11,2.3904505,3.296892
42,2023,Cundinamarca,2023-11-27,3,2023-12-18,2.5675206,3.426246
42,2023,Cundinamarca,2023-11-27,4,2023-12-25,3.2167788,3.566167
42,2023,Guainia,2023-01-23,1,2023-01-30,1.7637619,0.8113041
42,2023,Guainia,2023-01-23,2,2023-02-06,3.5275235,0.8771356
42,2023,Guainia,2023-01-23,3,2023-02-13,1.7637619,0.8815753
42,2023,Guainia,2023-01-23,4,2023-02-20,8.8188095,0.93116933
42,2023,Guainia,2023-01-30,1,2023-02-06,3.5275235,1.3114576
42,2023,Guainia,2023-01-30,2,2023-02-13,1.7637619,1.3469689
42,2023,Guainia,2023-01-30,3,2023-02-20,8.8188095,1.3528516
42,2023,Guainia,2023-01-30,4,2023-02-27,1.7637619,1.3709795
42,2023,Guainia,2023-02-06,1,2023-02-13,1.7637619,1.6348878
42,2023,Guainia,2023-02-06,2,2023-02-20,8.8188095,1.6859908
42,2023,Guainia,2023-02-06,3,2023-02-27,1.7637619,1.7401673
42,2023,Guainia,2023-02-06,4,2023-03-06,3.5275235,1.8051218
42,2023,Guainia,2023-02-13,1,2023-02-20,8.8188095,2.3859735
42,2023,Guainia,2023-02-13,2,2023-02-27,1.7637619,2.4900534
42,2023,Guainia,2023-02-13,3,2023-03-06,3.5275235,2.5803912
42,2023,Guainia,2023-02-13,4,2023-03-13,7.0550475,2.6944606
42,2023,Guainia,2023-02-20,1,2023-02-27,1.7637619,2.1365304
42,2023,Guainia,2023-02-20,2,2023-03-06,3.5275235,2.193498
42,2023,Guainia,2023-02-20,3,2023-03-13,7.0550475,2.2421575
42,2023,Guainia,2023-02-20,4,2023-03-20,3.5275235,2.4002192
42,2023,Guainia,2023-02-27,1,2023-03-06,3.5275235,4.4519687
42,2023,Guainia,2023-02-27,2,2023-03-13,7.0550475,4.7142186
42,2023,Guainia,2023-02-27,3,2023-03-20,3.5275235,4.780279
42,2023,Guainia,2023-02-27,4,2023-03-27,5.291285,4.9855714
42,2023,Guainia,2023-03-06,1,2023-03-13,7.0550475,3.6319869
42,2023,Guainia,2023-03-06,2,2023-03-20,3.5275235,3.9340384
42,2023,Guainia,2023-03-06,3,2023-03-27,5.291285,3.9056482
42,2023,Guainia,2023-03-06,4,2023-04-03,3.5275235,4.2021294
42,2023,Guainia,2023-03-13,1,2023-03-20,3.5275235,3.1208186
42,2023,Guainia,2023-03-13,2,2023-03-27,5.291285,3.2247252
42,2023,Guainia,2023-03-13,3,2023-04-03,3.5275235,3.1889293
42,2023,Guainia,2023-03-13,4,2023-04-10,3.5275235,3.5461407
42,2023,Guainia,2023-03-20,1,2023-03-27,5.291285,4.7113667
42,2023,Guainia,2023-03-20,2,2023-04-03,3.5275235,5.0409303
42,2023,Guainia,2023-03-20,3,2023-04-10,3.5275235,4.98558
42,2023,Guainia,2023-03-20,4,2023-04-17,12.346333,5.263246
42,2023,Guainia,2023-03-27,1,2023-04-03,3.5275235,4.309917
42,2023,Guainia,2023-03-27,2,2023-04-10,3.5275235,4.5417695
42,2023,Guainia,2023-03-27,3,2023-04-17,12.346333,4.442462
42,2023,Guainia,2023-03-27,4,2023-04-24,15.873855,4.793068
42,2023,Guainia,2023-04-03,1,2023-04-10,3.5275235,4.551782
42,2023,Guainia,2023-04-03,2,2023-04-17,12.346333,4.644558
42,2023,Guainia,2023-04-03,3,2023-04-24,15.873855,4.5213127
42,2023,Guainia,2023-04-03,4,2023-05-01,3.5275235,4.805851
42,2023,Guainia,2023-04-10,1,2023-04-17,12.346333,4.0010743
42,2023,Guainia,2023-04-10,2,2023-04-24,15.873855,4.0707245
42,2023,Guainia,2023-04-10,3,2023-05-01,3.5275235,4.046714
42,2023,Guainia,2023-04-10,4,2023-05-08,1.7637619,4.3581867
42,2023,Guainia,2023-04-17,1,2023-04-24,15.873855,3.4304771
42,2023,Guainia,2023-04-17,2,2023-05-01,3.5275235,3.5046556
42,2023,Guainia,2023-04-17,3,2023-05-08,1.7637619,3.436066
42,2023,Guainia,2023-04-17,4,2023-05-15,8.8188095,3.6041436
42,2023,Guainia,2023-04-24,1,2023-05-01,3.5275235,7.065181
42,2023,Guainia,2023-04-24,2,2023-05-08,1.7637619,7.2510176
42,2023,Guainia,2023-04-24,3,2023-05-15,8.8188095,7.1942225
42,2023,Guainia,2023-04-24,4,2023-05-22,1.7637619,7.18246
42,2023,Guainia,2023-05-01,1,2023-05-08,1.7637619,10.588985
42,2023,Guainia,2023-05-01,2,2023-05-15,8.8188095,10.727768
42,2023,Guainia,2023-05-01,3,2023-05-22,1.7637619,10.49784
42,2023,Guainia,2023-05-01,4,2023-05-29,1.7637619,10.421671
42,2023,Guainia,2023-05-08,1,2023-05-15,8.8188095,6.244629
42,2023,Guainia,2023-05-08,2,2023-05-22,1.7637619,6.286977
42,2023,Guainia,2023-05-08,3,2023-05-29,1.7637619,5.6772146
42,2023,Guainia,2023-05-08,4,2023-06-05,0.0,6.093996
42,2023,Guainia,2023-05-15,1,2023-05-22,1.7637619,4.3248243
42,2023,Guainia,2023-05-15,2,2023-05-29,1.7637619,3.9070537
42,2023,Guainia,2023-05-15,3,2023-06-05,0.0,3.694584
42,2023,Guainia,2023-05-15,4,2023-06-12,0.0,3.8084812
42,2023,Guainia,2023-05-22,1,2023-05-29,1.7637619,5.4707355
42,2023,Guainia,2023-05-22,2,2023-06-05,0.0,5.4168725
42,2023,Guainia,2023-05-22,3,2023-06-12,0.0,5.262701
42,2023,Guainia,2023-05-22,4,2023-06-19,3.5275235,5.25494
42,2023,Guainia,2023-05-29,1,2023-06-05,0.0,3.879445
42,2023,Guainia,2023-05-29,2,2023-06-12,0.0,3.8638916
42,2023,Guainia,2023-05-29,3,2023-06-19,3.5275235,3.8034973
42,2023,Guainia,2023-05-29,4,2023-06-26,1.7637619,3.955754
42,2023,Guainia,2023-06-05,1,2023-06-12,0.0,2.8877137
42,2023,Guainia,2023-06-05,2,2023-06-19,3.5275235,2.875825
42,2023,Guainia,2023-06-05,3,2023-06-26,1.7637619,2.8503153
42,2023,Guainia,2023-06-05,4,2023-07-03,1.7637619,2.9321618
42,2023,Guainia,2023-06-12,1,2023-06-19,3.5275235,1.8818308
42,2023,Guainia,2023-06-12,2,2023-06-26,1.7637619,1.7051789
42,2023,Guainia,2023-06-12,3,2023-07-03,1.7637619,1.5915147
42,2023,Guainia,2023-06-12,4,2023-07-10,5.291285,1.6517795
42,2023,Guainia,2023-06-19,1,2023-06-26,1.7637619,1.1080916
42,2023,Guainia,2023-06-19,2,2023-07-03,1.7637619,0.9297922
42,2023,Guainia,2023-06-19,3,2023-07-10,5.291285,0.8026869
42,2023,Guainia,2023-06-19,4,2023-07-17,1.7637619,0.8451625
42,2023,Guainia,2023-06-26,1,2023-07-03,1.7637619,1.3483832
42,2023,Guainia,2023-06-26,2,2023-07-10,5.291285,1.2469693
42,2023,Guainia,2023-06-26,3,2023-07-17,1.7637619,1.1806194
42,2023,Guainia,2023-06-26,4,2023-07-24,0.0,1.1520873
42,2023,Guainia,2023-07-03,1,2023-07-10,5.291285,1.1792327
42,2023,Guainia,2023-07-03,2,2023-07-17,1.7637619,1.0957105
42,2023,Guainia,2023-07-03,3,2023-07-24,0.0,1.0844923
42,2023,Guainia,2023-07-03,4,2023-07-31,0.0,1.028489
42,2023,Guainia,2023-07-10,1,2023-07-17,1.7637619,1.0680512
42,2023,Guainia,2023-07-10,2,2023-07-24,0.0,0.9716648
42,2023,Guainia,2023-07-10,3,2023-07-31,0.0,0.94977003
42,2023,Guainia,2023-07-10,4,2023-08-07,5.291285,0.87424004
42,2023,Guainia,2023-07-17,1,2023-07-24,0.0,1.8552428
42,2023,Guainia,2023-07-17,2,2023-07-31,0.0,1.7078058
42,2023,Guainia,2023-07-17,3,2023-08-07,5.291285,1.74805
42,2023,Guainia,2023-07-17,4,2023-08-14,1.7637619,1.5029343
42,2023,Guainia,2023-07-24,1,2023-07-31,0.0,1.4416851
42,2023,Guainia,2023-07-24,2,2023-08-07,5.291285,1.3463714
42,2023,Guainia,2023-07-24,3,2023-08-14,1.7637619,1.4055378
42,2023,Guainia,2023-07-24,4,2023-08-21,3.5275235,1.2273945
42,2023,Guainia,2023-07-31,1,2023-08-07,5.291285,0.8266362
42,2023,Guainia,2023-07-31,2,2023-08-14,1.7637619,0.7991001
42,2023,Guainia,2023-07-31,3,2023-08-21,3.5275235,0.79452986
42,2023,Guainia,2023-07-31,4,2023-08-28,3.5275235,0.683716
42,2023,Guainia,2023-08-07,1,2023-08-14,1.7637619,0.8110435
42,2023,Guainia,2023-08-07,2,2023-08-21,3.5275235,0.77621377
42,2023,Guainia,2023-08-07,3,2023-08-28,3.5275235,0.7821062
42,2023,Guainia,2023-08-07,4,2023-09-04,3.5275235,0.70573205
42,2023,Guainia,2023-08-14,1,2023-08-21,3.5275235,1.1913
42,2023,Guainia,2023-08-14,2,2023-08-28,3.5275235,1.0719565
42,2023,Guainia,2023-08-14,3,2023-09-04,3.5275235,1.1950839
42,2023,Guainia,2023-08-14,4,2023-09-11,3.5275235,1.0034151
42,2023,Guainia,2023-08-21,1,2023-08-28,3.5275235,1.0888151
42,2023,Guainia,2023-08-21,2,2023-09-04,3.5275235,0.9902803
42,2023,Guainia,2023-08-21,3,2023-09-11,3.5275235,1.1006453
42,2023,Guainia,2023-08-21,4,2023-09-18,3.5275235,0.9567326
42,2023,Guainia,2023-08-28,1,2023-09-04,3.5275235,1.3215324
42,2023,Guainia,2023-08-28,2,2023-09-11,3.5275235,1.208557
42,2023,Guainia,2023-08-28,3,2023-09-18,3.5275235,1.3047214
42,2023,Guainia,2023-08-28,4,2023-09-25,3.5275235,1.2312287
42,2023,Guainia,2023-09-04,1,2023-09-11,3.5275235,1.7150773
42,2023,Guainia,2023-09-04,2,2023-09-18,3.5275235,1.5367151
42,2023,Guainia,2023-09-04,3,2023-09-25,3.5275235,1.6748557
42,2023,Guainia,2023-09-04,4,2023-10-02,0.0,1.5823112
42,2023,Guainia,2023-09-11,1,2023-09-18,3.5275235,1.7074968
42,2023,Guainia,2023-09-11,2,2023-09-25,3.5275235,1.5371618
42,2023,Guainia,2023-09-11,3,2023-10-02,0.0,1.670465
42,2023,Guainia,2023-09-11,4,2023-10-09,1.7637619,1.6680771
42,2023,Guainia,2023-09-18,1,2023-09-25,3.5275235,2.0825996
42,2023,Guainia,2023-09-18,2,2023-10-02,0.0,1.9806628
42,2023,Guainia,2023-09-18,3,2023-10-09,1.7637619,2.058598
42,2023,Guainia,2023-09-18,4,2023-10-16,1.7637619,2.122563
42,2023,Guainia,2023-09-25,1,2023-10-02,0.0,2.3879285
42,2023,Guainia,2023-09-25,2,2023-10-09,1.7637619,2.3595026
42,2023,Guainia,2023-09-25,3,2023-10-16,1.7637619,2.4699595
42,2023,Guainia,2023-09-25,4,2023-10-23,0.0,2.5167089
42,2023,Guainia,2023-10-02,1,2023-10-09,1.7637619,2.6743398
42,2023,Guainia,2023-10-02,2,2023-10-16,1.7637619,2.5438163
42,2023,Guainia,2023-10-02,3,2023-10-23,0.0,2.6280527
42,2023,Guainia,2023-10-02,4,2023-10-30,3.5275235,2.5627458
42,2023,Guainia,2023-10-09,1,2023-10-16,1.7637619,1.802224
42,2023,Guainia,2023-10-09,2,2023-10-23,0.0,1.7168142
42,2023,Guainia,2023-10-09,3,2023-10-30,3.5275235,1.7337942
42,2023,Guainia,2023-10-09,4,2023-11-06,5.291285,1.7981522
42,2023,Guainia,2023-10-16,1,2023-10-23,0.0,1.7320108
42,2023,Guainia,2023-10-16,2,2023-10-30,3.5275235,1.7094338
42,2023,Guainia,2023-10-16,3,2023-11-06,5.291285,1.7412245
42,2023,Guainia,2023-10-16,4,2023-11-13,0.0,1.8656027
42,2023,Guainia,2023-10-23,1,2023-10-30,3.5275235,1.6960871
42,2023,Guainia,2023-10-23,2,2023-11-06,5.291285,1.7332093
42,2023,Guainia,2023-10-23,3,2023-11-13,0.0,1.7845459
42,2023,Guainia,2023-10-23,4,2023-11-20,0.0,1.9636807
42,2023,Guainia,2023-10-30,1,2023-11-06,5.291285,1.143902
42,2023,Guainia,2023-10-30,2,2023-11-13,0.0,1.148472
42,2023,Guainia,2023-10-30,3,2023-11-20,0.0,1.1882936
42,2023,Guainia,2023-10-30,4,2023-11-27,3.5275235,1.3145337
42,2023,Guainia,2023-11-06,1,2023-11-13,0.0,1.9362273
42,2023,Guainia,2023-11-06,2,2023-11-20,0.0,1.9354763
42,2023,Guainia,2023-11-06,3,2023-11-27,3.5275235,2.0033088
42,2023,Guainia,2023-11-06,4,2023-12-04,1.7637619,2.1362958
42,2023,Guainia,2023-11-13,1,2023-11-20,0.0,3.3157525
42,2023,Guainia,2023-11-13,2,2023-11-27,3.5275235,3.3398705
42,2023,Guainia,2023-11-13,3,2023-12-04,1.7637619,3.4570663
42,2023,Guainia,2023-11-13,4,2023-12-11,0.0,3.6128507
42,2023,Guainia,2023-11-20,1,2023-11-27,3.5275235,2.1562827
42,2023,Guainia,2023-11-20,2,2023-12-04,1.7637619,2.2347846
42,2023,Guainia,2023-11-20,3,2023-12-11,0.0,2.2488706
42,2023,Guainia,2023-11-20,4,2023-12-18,0.0,2.497168
42,2023,Guainia,2023-11-27,1,2023-12-04,1.7637619,1.4758683
42,2023,Guainia,2023-11-27,2,2023-12-11,0.0,1.5528783
42,2023,Guainia,2023-11-27,3,2023-12-18,0.0,1.5726813
42,2023,Guainia,2023-11-27,4,2023-12-25,3.5275235,1.7348773
42,2023,Guajira,2023-01-23,1,2023-01-30,8.463743,9.636041
42,2023,Guajira,2023-01-23,2,2023-02-06,9.242019,8.785427
42,2023,Guajira,2023-01-23,3,2023-02-13,7.6854687,8.667029
42,2023,Guajira,2023-01-23,4,2023-02-20,6.420771,8.183406
42,2023,Guajira,2023-01-30,1,2023-02-06,9.242019,7.4391766
42,2023,Guajira,2023-01-30,2,2023-02-13,7.6854687,6.8292227
42,2023,Guajira,2023-01-30,3,2023-02-20,6.420771,6.6505857
42,2023,Guajira,2023-01-30,4,2023-02-27,3.8913758,6.246879
42,2023,Guajira,2023-02-06,1,2023-02-13,7.6854687,6.102594
42,2023,Guajira,2023-02-06,2,2023-02-20,6.420771,5.616971
42,2023,Guajira,2023-02-06,3,2023-02-27,3.8913758,5.386604
42,2023,Guajira,2023-02-06,4,2023-03-06,3.8913758,5.079013
42,2023,Guajira,2023-02-13,1,2023-02-20,6.420771,6.3051243
42,2023,Guajira,2023-02-13,2,2023-02-27,3.8913758,5.81313
42,2023,Guajira,2023-02-13,3,2023-03-06,3.8913758,5.6280813
42,2023,Guajira,2023-02-13,4,2023-03-13,4.377798,5.331131
42,2023,Guajira,2023-02-20,1,2023-02-27,3.8913758,5.99535
42,2023,Guajira,2023-02-20,2,2023-03-06,3.8913758,5.5574
42,2023,Guajira,2023-02-20,3,2023-03-13,4.377798,5.405754
42,2023,Guajira,2023-02-20,4,2023-03-20,4.766936,5.119043
42,2023,Guajira,2023-02-27,1,2023-03-06,3.8913758,5.0488396
42,2023,Guajira,2023-02-27,2,2023-03-13,4.377798,4.6574316
42,2023,Guajira,2023-02-27,3,2023-03-20,4.766936,4.471588
42,2023,Guajira,2023-02-27,4,2023-03-27,4.0859447,4.250265
42,2023,Guajira,2023-03-06,1,2023-03-13,4.377798,3.6182504
42,2023,Guajira,2023-03-06,2,2023-03-20,4.766936,3.319893
42,2023,Guajira,2023-03-06,3,2023-03-27,4.0859447,3.148122
42,2023,Guajira,2023-03-06,4,2023-04-03,2.43211,3.0761771
42,2023,Guajira,2023-03-13,1,2023-03-20,4.766936,2.964131
42,2023,Guajira,2023-03-13,2,2023-03-27,4.0859447,2.7353323
42,2023,Guajira,2023-03-13,3,2023-04-03,2.43211,2.5796847
42,2023,Guajira,2023-03-13,4,2023-04-10,2.723963,2.5433435
42,2023,Guajira,2023-03-20,1,2023-03-27,4.0859447,3.0908213
42,2023,Guajira,2023-03-20,2,2023-04-03,2.43211,2.8965013
42,2023,Guajira,2023-03-20,3,2023-04-10,2.723963,2.7939258
42,2023,Guajira,2023-03-20,4,2023-04-17,3.5995228,2.718434
42,2023,Guajira,2023-03-27,1,2023-04-03,2.43211,3.509151
42,2023,Guajira,2023-03-27,2,2023-04-10,2.723963,3.289243
42,2023,Guajira,2023-03-27,3,2023-04-17,3.5995228,3.2188354
42,2023,Guajira,2023-03-27,4,2023-04-24,3.5022388,3.139521
42,2023,Guajira,2023-04-03,1,2023-04-10,2.723963,3.4262798
42,2023,Guajira,2023-04-03,2,2023-04-17,3.5995228,3.2701948
42,2023,Guajira,2023-04-03,3,2023-04-24,3.5022388,3.180349
42,2023,Guajira,2023-04-03,4,2023-05-01,4.0859447,3.1179445
42,2023,Guajira,2023-04-10,1,2023-04-17,3.5995228,2.5972674
42,2023,Guajira,2023-04-10,2,2023-04-24,3.5022388,2.4386954
42,2023,Guajira,2023-04-10,3,2023-05-01,4.0859447,2.3594975
42,2023,Guajira,2023-04-10,4,2023-05-08,3.5995228,2.4021645
42,2023,Guajira,2023-04-17,1,2023-04-24,3.5022388,2.4801245
42,2023,Guajira,2023-04-17,2,2023-05-01,4.0859447,2.3892622
42,2023,Guajira,2023-04-17,3,2023-05-08,3.5995228,2.2996142
42,2023,Guajira,2023-04-17,4,2023-05-15,3.1131008,2.3690195
42,2023,Guajira,2023-04-24,1,2023-05-01,4.0859447,2.9120898
42,2023,Guajira,2023-04-24,2,2023-05-08,3.5995228,2.8728755
42,2023,Guajira,2023-04-24,3,2023-05-15,3.1131008,2.8322473
42,2023,Guajira,2023-04-24,4,2023-05-22,3.5995228,2.8786054
42,2023,Guajira,2023-05-01,1,2023-05-08,3.5995228,3.0395997
42,2023,Guajira,2023-05-01,2,2023-05-15,3.1131008,3.0260088
42,2023,Guajira,2023-05-01,3,2023-05-22,3.5995228,3.0274806
42,2023,Guajira,2023-05-01,4,2023-05-29,4.1832294,3.0890462
42,2023,Guajira,2023-05-08,1,2023-05-15,3.1131008,3.332632
42,2023,Guajira,2023-05-08,2,2023-05-22,3.5995228,3.3422177
42,2023,Guajira,2023-05-08,3,2023-05-29,4.1832294,3.3694427
42,2023,Guajira,2023-05-08,4,2023-06-05,4.280514,3.4623795
42,2023,Guajira,2023-05-15,1,2023-05-22,3.5995228,3.4382503
42,2023,Guajira,2023-05-15,2,2023-05-29,4.1832294,3.4589417
42,2023,Guajira,2023-05-15,3,2023-06-05,4.280514,3.4655926
42,2023,Guajira,2023-05-15,4,2023-06-12,3.8913758,3.5441792
42,2023,Guajira,2023-05-22,1,2023-05-29,4.1832294,3.1166472
42,2023,Guajira,2023-05-22,2,2023-06-05,4.280514,3.12085
42,2023,Guajira,2023-05-22,3,2023-06-12,3.8913758,3.1408987
42,2023,Guajira,2023-05-22,4,2023-06-19,5.253358,3.2381227
42,2023,Guajira,2023-05-29,1,2023-06-05,4.280514,3.405512
42,2023,Guajira,2023-05-29,2,2023-06-12,3.8913758,3.4413822
42,2023,Guajira,2023-05-29,3,2023-06-19,5.253358,3.4779818
42,2023,Guajira,2023-05-29,4,2023-06-26,4.280514,3.5923288
42,2023,Guajira,2023-06-05,1,2023-06-12,3.8913758,4.1272426
42,2023,Guajira,2023-06-05,2,2023-06-19,5.253358,4.235969
42,2023,Guajira,2023-06-05,3,2023-06-26,4.280514,4.29736
42,2023,Guajira,2023-06-05,4,2023-07-03,3.7940917,4.396718
42,2023,Guajira,2023-06-12,1,2023-06-19,5.253358,4.7031016
42,2023,Guajira,2023-06-12,2,2023-06-26,4.280514,4.7507596
42,2023,Guajira,2023-06-12,3,2023-07-03,3.7940917,4.802175
42,2023,Guajira,2023-06-12,4,2023-07-10,6.128917,4.8622713
42,2023,Guajira,2023-06-19,1,2023-06-26,4.280514,4.845359
42,2023,Guajira,2023-06-19,2,2023-07-03,3.7940917,4.8001323
42,2023,Guajira,2023-06-19,3,2023-07-10,6.128917,4.8349123
42,2023,Guajira,2023-06-19,4,2023-07-17,4.280514,4.848031
42,2023,Guajira,2023-06-26,1,2023-07-03,3.7940917,5.233826
42,2023,Guajira,2023-06-26,2,2023-07-10,6.128917,5.2317314
42,2023,Guajira,2023-06-26,3,2023-07-17,4.280514,5.2784142
42,2023,Guajira,2023-06-26,4,2023-07-24,5.253358,5.257345
42,2023,Guajira,2023-07-03,1,2023-07-10,6.128917,5.2645116
42,2023,Guajira,2023-07-03,2,2023-07-17,4.280514,5.2035303
42,2023,Guajira,2023-07-03,3,2023-07-24,5.253358,5.2215986
42,2023,Guajira,2023-07-03,4,2023-07-31,4.4750824,5.2381697
42,2023,Guajira,2023-07-10,1,2023-07-17,4.280514,4.65667
42,2023,Guajira,2023-07-10,2,2023-07-24,5.253358,4.504836
42,2023,Guajira,2023-07-10,3,2023-07-31,4.4750824,4.4966435
42,2023,Guajira,2023-07-10,4,2023-08-07,5.837064,4.549553
42,2023,Guajira,2023-07-17,1,2023-07-24,5.253358,5.7902365
42,2023,Guajira,2023-07-17,2,2023-07-31,4.4750824,5.7815733
42,2023,Guajira,2023-07-17,3,2023-08-07,5.837064,5.836035
42,2023,Guajira,2023-07-17,4,2023-08-14,5.253358,5.8158445
42,2023,Guajira,2023-07-24,1,2023-07-31,4.4750824,5.516079
42,2023,Guajira,2023-07-24,2,2023-08-07,5.837064,5.4822655
42,2023,Guajira,2023-07-24,3,2023-08-14,5.253358,5.5322084
42,2023,Guajira,2023-07-24,4,2023-08-21,4.280514,5.545462
42,2023,Guajira,2023-07-31,1,2023-08-07,5.837064,5.6233935
42,2023,Guajira,2023-07-31,2,2023-08-14,5.253358,5.4848795
42,2023,Guajira,2023-07-31,3,2023-08-21,4.280514,5.5034866
42,2023,Guajira,2023-07-31,4,2023-08-28,3.210385,5.5700173
42,2023,Guajira,2023-08-07,1,2023-08-14,5.253358,5.3346453
42,2023,Guajira,2023-08-07,2,2023-08-21,4.280514,5.179351
42,2023,Guajira,2023-08-07,3,2023-08-28,3.210385,5.1549225
42,2023,Guajira,2023-08-07,4,2023-09-04,4.86422,5.23918
42,2023,Guajira,2023-08-14,1,2023-08-21,4.280514,5.6681867
42,2023,Guajira,2023-08-14,2,2023-08-28,3.210385,5.4690185
42,2023,Guajira,2023-08-14,3,2023-09-04,4.86422,5.4789877
42,2023,Guajira,2023-08-14,4,2023-09-11,3.3076699,5.5298805
42,2023,Guajira,2023-08-21,1,2023-08-28,3.210385,5.8513503
42,2023,Guajira,2023-08-21,2,2023-09-04,4.86422,5.834695
42,2023,Guajira,2023-08-21,3,2023-09-11,3.3076699,5.872894
42,2023,Guajira,2023-08-21,4,2023-09-18,3.0158165,6.0286636
42,2023,Guajira,2023-08-28,1,2023-09-04,4.86422,5.359369
42,2023,Guajira,2023-08-28,2,2023-09-11,3.3076699,5.2944903
42,2023,Guajira,2023-08-28,3,2023-09-18,3.0158165,5.2891283
42,2023,Guajira,2023-08-28,4,2023-09-25,4.0859447,5.495168
42,2023,Guajira,2023-09-04,1,2023-09-11,3.3076699,4.607094
42,2023,Guajira,2023-09-04,2,2023-09-18,3.0158165,4.5732837
42,2023,Guajira,2023-09-04,3,2023-09-25,4.0859447,4.550424
42,2023,Guajira,2023-09-04,4,2023-10-02,3.0158165,4.6813416
42,2023,Guajira,2023-09-11,1,2023-09-18,3.0158165,5.3102407
42,2023,Guajira,2023-09-11,2,2023-09-25,4.0859447,5.4038644
42,2023,Guajira,2023-09-11,3,2023-10-02,3.0158165,5.440552
42,2023,Guajira,2023-09-11,4,2023-10-09,3.8913758,5.5271597
42,2023,Guajira,2023-09-18,1,2023-09-25,4.0859447,4.6799884
42,2023,Guajira,2023-09-18,2,2023-10-02,3.0158165,4.677711
42,2023,Guajira,2023-09-18,3,2023-10-09,3.8913758,4.6939654
42,2023,Guajira,2023-09-18,4,2023-10-16,5.0587893,4.7535663
42,2023,Guajira,2023-09-25,1,2023-10-02,3.0158165,4.0119677
42,2023,Guajira,2023-09-25,2,2023-10-09,3.8913758,3.973896
42,2023,Guajira,2023-09-25,3,2023-10-16,5.0587893,3.9564607
42,2023,Guajira,2023-09-25,4,2023-10-23,3.8913758,4.065098
42,2023,Guajira,2023-10-02,1,2023-10-09,3.8913758,4.2169533
42,2023,Guajira,2023-10-02,2,2023-10-16,5.0587893,4.284606
42,2023,Guajira,2023-10-02,3,2023-10-23,3.8913758,4.31264
42,2023,Guajira,2023-10-02,4,2023-10-30,4.86422,4.3860517
42,2023,Guajira,2023-10-09,1,2023-10-16,5.0587893,3.8406725
42,2023,Guajira,2023-10-09,2,2023-10-23,3.8913758,3.9201088
42,2023,Guajira,2023-10-09,3,2023-10-30,4.86422,3.9334826
42,2023,Guajira,2023-10-09,4,2023-11-06,5.0587893,4.0090485
42,2023,Guajira,2023-10-16,1,2023-10-23,3.8913758,3.8801677
42,2023,Guajira,2023-10-16,2,2023-10-30,4.86422,4.001134
42,2023,Guajira,2023-10-16,3,2023-11-06,5.0587893,4.0285
42,2023,Guajira,2023-10-16,4,2023-11-13,5.350642,4.180194
42,2023,Guajira,2023-10-23,1,2023-10-30,4.86422,4.8936234
42,2023,Guajira,2023-10-23,2,2023-11-06,5.0587893,5.1822877
42,2023,Guajira,2023-10-23,3,2023-11-13,5.350642,5.267382
42,2023,Guajira,2023-10-23,4,2023-11-20,6.128917,5.415015
42,2023,Guajira,2023-10-30,1,2023-11-06,5.0587893,4.8605003
42,2023,Guajira,2023-10-30,2,2023-11-13,5.350642,5.0695205
42,2023,Guajira,2023-10-30,3,2023-11-20,6.128917,5.173548
42,2023,Guajira,2023-10-30,4,2023-11-27,6.226202,5.3270025
42,2023,Guajira,2023-11-06,1,2023-11-13,5.350642,5.048537
42,2023,Guajira,2023-11-06,2,2023-11-20,6.128917,5.2302
42,2023,Guajira,2023-11-06,3,2023-11-27,6.226202,5.2922583
42,2023,Guajira,2023-11-06,4,2023-12-04,6.8099084,5.417837
42,2023,Guajira,2023-11-13,1,2023-11-20,6.128917,5.9408374
42,2023,Guajira,2023-11-13,2,2023-11-27,6.226202,6.154334
42,2023,Guajira,2023-11-13,3,2023-12-04,6.8099084,6.2554073
42,2023,Guajira,2023-11-13,4,2023-12-11,7.101762,6.2436576
42,2023,Guajira,2023-11-20,1,2023-11-27,6.226202,6.239664
42,2023,Guajira,2023-11-20,2,2023-12-04,6.8099084,6.375417
42,2023,Guajira,2023-11-20,3,2023-12-11,7.101762,6.4790154
42,2023,Guajira,2023-11-20,4,2023-12-18,6.615339,6.4564414
42,2023,Guajira,2023-11-27,1,2023-12-04,6.8099084,6.7692323
42,2023,Guajira,2023-11-27,2,2023-12-11,7.101762,6.716791
42,2023,Guajira,2023-11-27,3,2023-12-18,6.615339,6.8661923
42,2023,Guajira,2023-11-27,4,2023-12-25,6.128917,6.71906
42,2023,Guaviare,2023-01-23,1,2023-01-30,22.53374,12.261633
42,2023,Guaviare,2023-01-23,2,2023-02-06,32.02163,11.137554
42,2023,Guaviare,2023-01-23,3,2023-02-13,29.649658,11.028329
42,2023,Guaviare,2023-01-23,4,2023-02-20,39.137547,11.18415
42,2023,Guaviare,2023-01-30,1,2023-02-06,32.02163,15.488754
42,2023,Guaviare,2023-01-30,2,2023-02-13,29.649658,14.327928
42,2023,Guaviare,2023-01-30,3,2023-02-20,39.137547,14.085028
42,2023,Guaviare,2023-01-30,4,2023-02-27,46.253464,14.073839
42,2023,Guaviare,2023-02-06,1,2023-02-13,29.649658,16.17668
42,2023,Guaviare,2023-02-06,2,2023-02-20,39.137547,15.02791
42,2023,Guaviare,2023-02-06,3,2023-02-27,46.253464,14.081665
42,2023,Guaviare,2023-02-06,4,2023-03-06,42.695507,14.311802
42,2023,Guaviare,2023-02-13,1,2023-02-20,39.137547,21.535408
42,2023,Guaviare,2023-02-13,2,2023-02-27,46.253464,19.396246
42,2023,Guaviare,2023-02-13,3,2023-03-06,42.695507,18.889956
42,2023,Guaviare,2023-02-13,4,2023-03-13,35.57959,20.216314
42,2023,Guaviare,2023-02-20,1,2023-02-27,46.253464,25.016336
42,2023,Guaviare,2023-02-20,2,2023-03-06,42.695507,21.915009
42,2023,Guaviare,2023-02-20,3,2023-03-13,35.57959,21.653423
42,2023,Guaviare,2023-02-20,4,2023-03-20,21.347757,23.142052
42,2023,Guaviare,2023-02-27,1,2023-03-06,42.695507,38.221657
42,2023,Guaviare,2023-02-27,2,2023-03-13,35.57959,34.465668
42,2023,Guaviare,2023-02-27,3,2023-03-20,21.347757,33.530777
42,2023,Guaviare,2023-02-27,4,2023-03-27,16.603811,32.913406
42,2023,Guaviare,2023-03-06,1,2023-03-13,35.57959,49.12288
42,2023,Guaviare,2023-03-06,2,2023-03-20,21.347757,47.063877
42,2023,Guaviare,2023-03-06,3,2023-03-27,16.603811,44.89213
42,2023,Guaviare,2023-03-06,4,2023-04-03,8.301904,42.44763
42,2023,Guaviare,2023-03-13,1,2023-03-20,21.347757,52.586414
42,2023,Guaviare,2023-03-13,2,2023-03-27,16.603811,49.374126
42,2023,Guaviare,2023-03-13,3,2023-04-03,8.301904,46.29086
42,2023,Guaviare,2023-03-13,4,2023-04-10,26.091702,43.021282
42,2023,Guaviare,2023-03-20,1,2023-03-27,16.603811,39.553097
42,2023,Guaviare,2023-03-20,2,2023-04-03,8.301904,36.228104
42,2023,Guaviare,2023-03-20,3,2023-04-10,26.091702,34.115257
42,2023,Guaviare,2023-03-20,4,2023-04-17,15.417823,30.297678
42,2023,Guaviare,2023-03-27,1,2023-04-03,8.301904,22.440536
42,2023,Guaviare,2023-03-27,2,2023-04-10,26.091702,19.596672
42,2023,Guaviare,2023-03-27,3,2023-04-17,15.417823,17.471914
42,2023,Guaviare,2023-03-27,4,2023-04-24,15.417823,15.058877
42,2023,Guaviare,2023-04-03,1,2023-04-10,26.091702,17.652107
42,2023,Guaviare,2023-04-03,2,2023-04-17,15.417823,15.5236845
42,2023,Guaviare,2023-04-03,3,2023-04-24,15.417823,13.806884
42,2023,Guaviare,2023-04-03,4,2023-05-01,30.835644,12.430151
42,2023,Guaviare,2023-04-10,1,2023-04-17,15.417823,9.108939
42,2023,Guaviare,2023-04-10,2,2023-04-24,15.417823,8.300476
42,2023,Guaviare,2023-04-10,3,2023-05-01,30.835644,7.431653
42,2023,Guaviare,2023-04-10,4,2023-05-08,21.347757,7.1526723
42,2023,Guaviare,2023-04-17,1,2023-04-24,15.417823,15.177765
42,2023,Guaviare,2023-04-17,2,2023-05-01,30.835644,14.312057
42,2023,Guaviare,2023-04-17,3,2023-05-08,21.347757,13.330905
42,2023,Guaviare,2023-04-17,4,2023-05-15,21.347757,13.702918
42,2023,Guaviare,2023-04-24,1,2023-05-01,30.835644,14.620222
42,2023,Guaviare,2023-04-24,2,2023-05-08,21.347757,14.254085
42,2023,Guaviare,2023-04-24,3,2023-05-15,21.347757,12.927505
42,2023,Guaviare,2023-04-24,4,2023-05-22,27.277685,13.248824
42,2023,Guaviare,2023-05-01,1,2023-05-08,21.347757,10.543419
42,2023,Guaviare,2023-05-01,2,2023-05-15,21.347757,9.772966
42,2023,Guaviare,2023-05-01,3,2023-05-22,27.277685,8.743404
42,2023,Guaviare,2023-05-01,4,2023-05-29,22.53374,9.40075
42,2023,Guaviare,2023-05-08,1,2023-05-15,21.347757,14.118196
42,2023,Guaviare,2023-05-08,2,2023-05-22,27.277685,13.9399185
42,2023,Guaviare,2023-05-08,3,2023-05-29,22.53374,12.627891
42,2023,Guaviare,2023-05-08,4,2023-06-05,24.905716,13.056186
42,2023,Guaviare,2023-05-15,1,2023-05-22,27.277685,18.361404
42,2023,Guaviare,2023-05-15,2,2023-05-29,22.53374,17.365187
42,2023,Guaviare,2023-05-15,3,2023-06-05,24.905716,15.4925995
42,2023,Guaviare,2023-05-15,4,2023-06-12,22.53374,16.320051
42,2023,Guaviare,2023-05-22,1,2023-05-29,22.53374,20.993782
42,2023,Guaviare,2023-05-22,2,2023-06-05,24.905716,18.319407
42,2023,Guaviare,2023-05-22,3,2023-06-12,22.53374,17.29389
42,2023,Guaviare,2023-05-22,4,2023-06-19,15.417823,19.310266
42,2023,Guaviare,2023-05-29,1,2023-06-05,24.905716,22.551842
42,2023,Guaviare,2023-05-29,2,2023-06-12,22.53374,20.669748
42,2023,Guaviare,2023-05-29,3,2023-06-19,15.417823,19.926237
42,2023,Guaviare,2023-05-29,4,2023-06-26,14.231836,20.764336
42,2023,Guaviare,2023-06-05,1,2023-06-12,22.53374,26.961596
42,2023,Guaviare,2023-06-05,2,2023-06-19,15.417823,24.542568
42,2023,Guaviare,2023-06-05,3,2023-06-26,14.231836,23.299723
42,2023,Guaviare,2023-06-05,4,2023-07-03,14.231836,23.158968
42,2023,Guaviare,2023-06-12,1,2023-06-19,15.417823,29.883978
42,2023,Guaviare,2023-06-12,2,2023-06-26,14.231836,27.990381
42,2023,Guaviare,2023-06-12,3,2023-07-03,14.231836,25.38032
42,2023,Guaviare,2023-06-12,4,2023-07-10,10.673877,23.450893
42,2023,Guaviare,2023-06-19,1,2023-06-26,14.231836,26.401974
42,2023,Guaviare,2023-06-19,2,2023-07-03,14.231836,24.4342
42,2023,Guaviare,2023-06-19,3,2023-07-10,10.673877,22.230612
42,2023,Guaviare,2023-06-19,4,2023-07-17,13.045852,19.955183
42,2023,Guaviare,2023-06-26,1,2023-07-03,14.231836,19.695229
42,2023,Guaviare,2023-06-26,2,2023-07-10,10.673877,18.27978
42,2023,Guaviare,2023-06-26,3,2023-07-17,13.045852,16.464218
42,2023,Guaviare,2023-06-26,4,2023-07-24,15.417823,14.857375
42,2023,Guaviare,2023-07-03,1,2023-07-10,10.673877,15.136674
42,2023,Guaviare,2023-07-03,2,2023-07-17,13.045852,13.989476
42,2023,Guaviare,2023-07-03,3,2023-07-24,15.417823,12.65961
42,2023,Guaviare,2023-07-03,4,2023-07-31,8.301904,12.077526
42,2023,Guaviare,2023-07-10,1,2023-07-17,13.045852,10.566985
42,2023,Guaviare,2023-07-10,2,2023-07-24,15.417823,9.466055
42,2023,Guaviare,2023-07-10,3,2023-07-31,8.301904,8.624412
42,2023,Guaviare,2023-07-10,4,2023-08-07,9.487891,8.822078
42,2023,Guaviare,2023-07-17,1,2023-07-24,15.417823,7.200062
42,2023,Guaviare,2023-07-17,2,2023-07-31,8.301904,6.471377
42,2023,Guaviare,2023-07-17,3,2023-08-07,9.487891,5.726209
42,2023,Guaviare,2023-07-17,4,2023-08-14,5.929932,6.385871
42,2023,Guaviare,2023-07-24,1,2023-07-31,8.301904,8.115382
42,2023,Guaviare,2023-07-24,2,2023-08-07,9.487891,7.633166
42,2023,Guaviare,2023-07-24,3,2023-08-14,5.929932,6.735001
42,2023,Guaviare,2023-07-24,4,2023-08-21,9.487891,7.622681
42,2023,Guaviare,2023-07-31,1,2023-08-07,9.487891,8.560229
42,2023,Guaviare,2023-07-31,2,2023-08-14,5.929932,8.061396
42,2023,Guaviare,2023-07-31,3,2023-08-21,9.487891,7.1053205
42,2023,Guaviare,2023-07-31,4,2023-08-28,9.487891,7.7567983
42,2023,Guaviare,2023-08-07,1,2023-08-14,5.929932,7.5090694
42,2023,Guaviare,2023-08-07,2,2023-08-21,9.487891,6.986643
42,2023,Guaviare,2023-08-07,3,2023-08-28,9.487891,6.0795074
42,2023,Guaviare,2023-08-07,4,2023-09-04,5.929932,6.5441914
42,2023,Guaviare,2023-08-14,1,2023-08-21,9.487891,6.619901
42,2023,Guaviare,2023-08-14,2,2023-08-28,9.487891,6.0206604
42,2023,Guaviare,2023-08-14,3,2023-09-04,5.929932,5.426658
42,2023,Guaviare,2023-08-14,4,2023-09-11,8.301904,5.836989
42,2023,Guaviare,2023-08-21,1,2023-08-28,9.487891,5.787424
42,2023,Guaviare,2023-08-21,2,2023-09-04,5.929932,5.215743
42,2023,Guaviare,2023-08-21,3,2023-09-11,8.301904,4.850165
42,2023,Guaviare,2023-08-21,4,2023-09-18,8.301904,5.1165237
42,2023,Guaviare,2023-08-28,1,2023-09-04,5.929932,6.461967
42,2023,Guaviare,2023-08-28,2,2023-09-11,8.301904,5.726343
42,2023,Guaviare,2023-08-28,3,2023-09-18,8.301904,5.356564
42,2023,Guaviare,2023-08-28,4,2023-09-25,4.743945,5.694294
42,2023,Guaviare,2023-09-04,1,2023-09-11,8.301904,7.148648
42,2023,Guaviare,2023-09-04,2,2023-09-18,8.301904,6.416176
42,2023,Guaviare,2023-09-04,3,2023-09-25,4.743945,6.182076
42,2023,Guaviare,2023-09-04,4,2023-10-02,9.487891,6.0805593
42,2023,Guaviare,2023-09-11,1,2023-09-18,8.301904,5.9797654
42,2023,Guaviare,2023-09-11,2,2023-09-25,4.743945,5.431608
42,2023,Guaviare,2023-09-11,3,2023-10-02,9.487891,5.089915
42,2023,Guaviare,2023-09-11,4,2023-10-09,9.487891,5.1627436
42,2023,Guaviare,2023-09-18,1,2023-09-25,4.743945,5.3925686
42,2023,Guaviare,2023-09-18,2,2023-10-02,9.487891,4.778467
42,2023,Guaviare,2023-09-18,3,2023-10-09,9.487891,4.441431
42,2023,Guaviare,2023-09-18,4,2023-10-16,5.929932,4.5659056
42,2023,Guaviare,2023-09-25,1,2023-10-02,9.487891,5.5502048
42,2023,Guaviare,2023-09-25,2,2023-10-09,9.487891,5.028512
42,2023,Guaviare,2023-09-25,3,2023-10-16,5.929932,4.747224
42,2023,Guaviare,2023-09-25,4,2023-10-23,3.5579593,4.9866076
42,2023,Guaviare,2023-10-02,1,2023-10-09,9.487891,4.546034
42,2023,Guaviare,2023-10-02,2,2023-10-16,5.929932,4.1328588
42,2023,Guaviare,2023-10-02,3,2023-10-23,3.5579593,3.8861163
42,2023,Guaviare,2023-10-02,4,2023-10-30,9.487891,4.1806755
42,2023,Guaviare,2023-10-09,1,2023-10-16,5.929932,4.74672
42,2023,Guaviare,2023-10-09,2,2023-10-23,3.5579593,4.156051
42,2023,Guaviare,2023-10-09,3,2023-10-30,9.487891,4.0136676
42,2023,Guaviare,2023-10-09,4,2023-11-06,4.743945,4.1933455
42,2023,Guaviare,2023-10-16,1,2023-10-23,3.5579593,5.8636737
42,2023,Guaviare,2023-10-16,2,2023-10-30,9.487891,5.2905717
42,2023,Guaviare,2023-10-16,3,2023-11-06,4.743945,5.120895
42,2023,Guaviare,2023-10-16,4,2023-11-13,3.5579593,5.2673416
42,2023,Guaviare,2023-10-23,1,2023-10-30,9.487891,4.7810626
42,2023,Guaviare,2023-10-23,2,2023-11-06,4.743945,4.3217278
42,2023,Guaviare,2023-10-23,3,2023-11-13,3.5579593,4.131245
42,2023,Guaviare,2023-10-23,4,2023-11-20,5.929932,4.4257636
42,2023,Guaviare,2023-10-30,1,2023-11-06,4.743945,3.518621
42,2023,Guaviare,2023-10-30,2,2023-11-13,3.5579593,3.2593343
42,2023,Guaviare,2023-10-30,3,2023-11-20,5.929932,3.096242
42,2023,Guaviare,2023-10-30,4,2023-11-27,21.347757,3.2823799
42,2023,Guaviare,2023-11-06,1,2023-11-13,3.5579593,5.0396166
42,2023,Guaviare,2023-11-06,2,2023-11-20,5.929932,4.768207
42,2023,Guaviare,2023-11-06,3,2023-11-27,21.347757,4.6948495
42,2023,Guaviare,2023-11-06,4,2023-12-04,14.231836,4.8996015
42,2023,Guaviare,2023-11-13,1,2023-11-20,5.929932,5.155206
42,2023,Guaviare,2023-11-13,2,2023-11-27,21.347757,5.0264196
42,2023,Guaviare,2023-11-13,3,2023-12-04,14.231836,4.925861
42,2023,Guaviare,2023-11-13,4,2023-12-11,7.115917,5.2336493
42,2023,Guaviare,2023-11-20,1,2023-11-27,21.347757,4.3790283
42,2023,Guaviare,2023-11-20,2,2023-12-04,14.231836,4.204339
42,2023,Guaviare,2023-11-20,3,2023-12-11,7.115917,4.0986953
42,2023,Guaviare,2023-11-20,4,2023-12-18,4.743945,4.3204813
42,2023,Guaviare,2023-11-27,1,2023-12-04,14.231836,4.9012694
42,2023,Guaviare,2023-11-27,2,2023-12-11,7.115917,4.7539673
42,2023,Guaviare,2023-11-27,3,2023-12-18,4.743945,4.6540394
42,2023,Guaviare,2023-11-27,4,2023-12-25,8.301904,4.739825
42,2023,Huila,2023-01-23,1,2023-01-30,3.220661,2.5642185
42,2023,Huila,2023-01-23,2,2023-02-06,2.9663985,2.5457313
42,2023,Huila,2023-01-23,3,2023-02-13,2.881644,2.570945
42,2023,Huila,2023-01-23,4,2023-02-20,3.3054152,2.5249007
42,2023,Huila,2023-01-30,1,2023-02-06,2.9663985,3.281631
42,2023,Huila,2023-01-30,2,2023-02-13,2.881644,3.2496758
42,2023,Huila,2023-01-30,3,2023-02-20,3.3054152,3.2437081
42,2023,Huila,2023-01-30,4,2023-02-27,3.8986952,3.0893142
42,2023,Huila,2023-02-06,1,2023-02-13,2.881644,3.5794036
42,2023,Huila,2023-02-06,2,2023-02-20,3.3054152,3.5370655
42,2023,Huila,2023-02-06,3,2023-02-27,3.8986952,3.5440502
42,2023,Huila,2023-02-06,4,2023-03-06,5.4242716,3.3834152
42,2023,Huila,2023-02-13,1,2023-02-20,3.3054152,3.4124246
42,2023,Huila,2023-02-13,2,2023-02-27,3.8986952,3.3497412
42,2023,Huila,2023-02-13,3,2023-03-06,5.4242716,3.4117656
42,2023,Huila,2023-02-13,4,2023-03-13,4.237712,3.387142
42,2023,Huila,2023-02-20,1,2023-02-27,3.8986952,3.268838
42,2023,Huila,2023-02-20,2,2023-03-06,5.4242716,3.182105
42,2023,Huila,2023-02-20,3,2023-03-13,4.237712,3.2257502
42,2023,Huila,2023-02-20,4,2023-03-20,2.7968898,3.221473
42,2023,Huila,2023-02-27,1,2023-03-06,5.4242716,3.4375315
42,2023,Huila,2023-02-27,2,2023-03-13,4.237712,3.4330435
42,2023,Huila,2023-02-27,3,2023-03-20,2.7968898,3.4368622
42,2023,Huila,2023-02-27,4,2023-03-27,3.7291863,3.4150534
42,2023,Huila,2023-03-06,1,2023-03-13,4.237712,3.8068216
42,2023,Huila,2023-03-06,2,2023-03-20,2.7968898,3.9548533
42,2023,Huila,2023-03-06,3,2023-03-27,3.7291863,3.967889
42,2023,Huila,2023-03-06,4,2023-04-03,2.7121356,3.9860466
42,2023,Huila,2023-03-13,1,2023-03-20,2.7968898,4.90619
42,2023,Huila,2023-03-13,2,2023-03-27,3.7291863,4.9780693
42,2023,Huila,2023-03-13,3,2023-04-03,2.7121356,5.2787385
42,2023,Huila,2023-03-13,4,2023-04-10,3.8139408,5.2593803
42,2023,Huila,2023-03-20,1,2023-03-27,3.7291863,4.655693
42,2023,Huila,2023-03-20,2,2023-04-03,2.7121356,4.718475
42,2023,Huila,2023-03-20,3,2023-04-10,3.8139408,4.8552117
42,2023,Huila,2023-03-20,4,2023-04-17,3.644432,4.9318557
42,2023,Huila,2023-03-27,1,2023-04-03,2.7121356,3.9306
42,2023,Huila,2023-03-27,2,2023-04-10,3.8139408,3.9521358
42,2023,Huila,2023-03-27,3,2023-04-17,3.644432,3.9773636
42,2023,Huila,2023-03-27,4,2023-04-24,4.661483,4.0842843
42,2023,Huila,2023-04-03,1,2023-04-10,3.8139408,4.247849
42,2023,Huila,2023-04-03,2,2023-04-17,3.644432,4.1263256
42,2023,Huila,2023-04-03,3,2023-04-24,4.661483,4.237687
42,2023,Huila,2023-04-03,4,2023-05-01,4.322466,4.1506605
42,2023,Huila,2023-04-10,1,2023-04-17,3.644432,3.7127957
42,2023,Huila,2023-04-10,2,2023-04-24,4.661483,3.7175937
42,2023,Huila,2023-04-10,3,2023-05-01,4.322466,3.8766556
42,2023,Huila,2023-04-10,4,2023-05-08,5.509026,3.8245168
42,2023,Huila,2023-04-17,1,2023-04-24,4.661483,3.8989959
42,2023,Huila,2023-04-17,2,2023-05-01,4.322466,3.9986293
42,2023,Huila,2023-04-17,3,2023-05-08,5.509026,4.1464577
42,2023,Huila,2023-04-17,4,2023-05-15,3.3901696,4.1567307
42,2023,Huila,2023-04-24,1,2023-05-01,4.322466,4.0258956
42,2023,Huila,2023-04-24,2,2023-05-08,5.509026,4.032534
42,2023,Huila,2023-04-24,3,2023-05-15,3.3901696,4.2308474
42,2023,Huila,2023-04-24,4,2023-05-22,3.7291863,4.1959143
42,2023,Huila,2023-05-01,1,2023-05-08,5.509026,4.3371644
42,2023,Huila,2023-05-01,2,2023-05-15,3.3901696,4.2041817
42,2023,Huila,2023-05-01,3,2023-05-22,3.7291863,4.2344484
42,2023,Huila,2023-05-01,4,2023-05-29,7.2888646,4.1938643
42,2023,Huila,2023-05-08,1,2023-05-15,3.3901696,4.3663955
42,2023,Huila,2023-05-08,2,2023-05-22,3.7291863,4.2924647
42,2023,Huila,2023-05-08,3,2023-05-29,7.2888646,4.204571
42,2023,Huila,2023-05-08,4,2023-06-05,4.1529574,4.17681
42,2023,Huila,2023-05-15,1,2023-05-22,3.7291863,5.271924
42,2023,Huila,2023-05-15,2,2023-05-29,7.2888646,5.200582
42,2023,Huila,2023-05-15,3,2023-06-05,4.1529574,5.191927
42,2023,Huila,2023-05-15,4,2023-06-12,4.322466,5.0917735
42,2023,Huila,2023-05-22,1,2023-05-29,7.2888646,4.1603556
42,2023,Huila,2023-05-22,2,2023-06-05,4.1529574,4.02813
42,2023,Huila,2023-05-22,3,2023-06-12,4.322466,4.00969
42,2023,Huila,2023-05-22,4,2023-06-19,5.254763,4.010645
42,2023,Huila,2023-05-29,1,2023-06-05,4.1529574,3.7957504
42,2023,Huila,2023-05-29,2,2023-06-12,4.322466,3.6408656
42,2023,Huila,2023-05-29,3,2023-06-19,5.254763,3.6761756
42,2023,Huila,2023-05-29,4,2023-06-26,6.1023054,3.6500633
42,2023,Huila,2023-06-05,1,2023-06-12,4.322466,5.444938
42,2023,Huila,2023-06-05,2,2023-06-19,5.254763,5.241908
42,2023,Huila,2023-06-05,3,2023-06-26,6.1023054,5.304225
42,2023,Huila,2023-06-05,4,2023-07-03,5.0005,5.0632434
42,2023,Huila,2023-06-12,1,2023-06-19,5.254763,4.8465667
42,2023,Huila,2023-06-12,2,2023-06-26,6.1023054,4.691203
42,2023,Huila,2023-06-12,3,2023-07-03,5.0005,4.6291547
42,2023,Huila,2023-06-12,4,2023-07-10,7.9668984,4.3740873
42,2023,Huila,2023-06-19,1,2023-06-26,6.1023054,4.505745
42,2023,Huila,2023-06-19,2,2023-07-03,5.0005,4.160396
42,2023,Huila,2023-06-19,3,2023-07-10,7.9668984,4.076041
42,2023,Huila,2023-06-19,4,2023-07-17,5.254763,3.9579606
42,2023,Huila,2023-06-26,1,2023-07-03,5.0005,4.5834928
42,2023,Huila,2023-06-26,2,2023-07-10,7.9668984,4.3878474
42,2023,Huila,2023-06-26,3,2023-07-17,5.254763,4.2803664
42,2023,Huila,2023-06-26,4,2023-07-24,6.6108303,4.15842
42,2023,Huila,2023-07-03,1,2023-07-10,7.9668984,4.9703517
42,2023,Huila,2023-07-03,2,2023-07-17,5.254763,4.741074
42,2023,Huila,2023-07-03,3,2023-07-24,6.6108303,4.6418624
42,2023,Huila,2023-07-03,4,2023-07-31,8.051653,4.489484
42,2023,Huila,2023-07-10,1,2023-07-17,5.254763,4.8858213
42,2023,Huila,2023-07-10,2,2023-07-24,6.6108303,4.6259365
42,2023,Huila,2023-07-10,3,2023-07-31,8.051653,4.5659795
42,2023,Huila,2023-07-10,4,2023-08-07,7.7126365,4.3192763
42,2023,Huila,2023-07-17,1,2023-07-24,6.6108303,6.5441537
42,2023,Huila,2023-07-17,2,2023-07-31,8.051653,6.3278913
42,2023,Huila,2023-07-17,3,2023-08-07,7.7126365,6.363906
42,2023,Huila,2023-07-17,4,2023-08-14,7.2888646,6.1762137
42,2023,Huila,2023-07-24,1,2023-07-31,8.051653,5.832222
42,2023,Huila,2023-07-24,2,2023-08-07,7.7126365,5.642719
42,2023,Huila,2023-07-24,3,2023-08-14,7.2888646,5.6209903
42,2023,Huila,2023-07-24,4,2023-08-21,7.797391,5.4986343
42,2023,Huila,2023-07-31,1,2023-08-07,7.7126365,6.3846455
42,2023,Huila,2023-07-31,2,2023-08-14,7.2888646,6.060076
42,2023,Huila,2023-07-31,3,2023-08-21,7.797391,6.0680704
42,2023,Huila,2023-07-31,4,2023-08-28,6.0175514,5.977778
42,2023,Huila,2023-08-07,1,2023-08-14,7.2888646,7.093053
42,2023,Huila,2023-08-07,2,2023-08-21,7.797391,6.910893
42,2023,Huila,2023-08-07,3,2023-08-28,6.0175514,6.902412
42,2023,Huila,2023-08-07,4,2023-09-04,6.187059,6.7233877
42,2023,Huila,2023-08-14,1,2023-08-21,7.797391,7.4422174
42,2023,Huila,2023-08-14,2,2023-08-28,6.0175514,7.2058744
42,2023,Huila,2023-08-14,3,2023-09-04,6.187059,7.2264094
42,2023,Huila,2023-08-14,4,2023-09-11,6.1023054,7.06978
42,2023,Huila,2023-08-21,1,2023-08-28,6.0175514,7.536174
42,2023,Huila,2023-08-21,2,2023-09-04,6.187059,7.1341114
42,2023,Huila,2023-08-21,3,2023-09-11,6.1023054,7.1577916
42,2023,Huila,2023-08-21,4,2023-09-18,5.8480425,7.0278654
42,2023,Huila,2023-08-28,1,2023-09-04,6.187059,7.5418415
42,2023,Huila,2023-08-28,2,2023-09-11,6.1023054,7.274561
42,2023,Huila,2023-08-28,3,2023-09-18,5.8480425,7.32866
42,2023,Huila,2023-08-28,4,2023-09-25,7.20411,7.147931
42,2023,Huila,2023-09-04,1,2023-09-11,6.1023054,6.824455
42,2023,Huila,2023-09-04,2,2023-09-18,5.8480425,6.553619
42,2023,Huila,2023-09-04,3,2023-09-25,7.20411,6.564441
42,2023,Huila,2023-09-04,4,2023-10-02,7.6278815,6.426548
42,2023,Huila,2023-09-11,1,2023-09-18,5.8480425,6.7226367
42,2023,Huila,2023-09-11,2,2023-09-25,7.20411,6.5352864
42,2023,Huila,2023-09-11,3,2023-10-02,7.6278815,6.524807
42,2023,Huila,2023-09-11,4,2023-10-09,7.0346017,6.41293
42,2023,Huila,2023-09-18,1,2023-09-25,7.20411,6.3824754
42,2023,Huila,2023-09-18,2,2023-10-02,7.6278815,5.951379
42,2023,Huila,2023-09-18,3,2023-10-09,7.0346017,6.0051603
42,2023,Huila,2023-09-18,4,2023-10-16,7.5431266,5.8448186
42,2023,Huila,2023-09-25,1,2023-10-02,7.6278815,5.8910246
42,2023,Huila,2023-09-25,2,2023-10-09,7.0346017,5.643354
42,2023,Huila,2023-09-25,3,2023-10-16,7.5431266,5.6518164
42,2023,Huila,2023-09-25,4,2023-10-23,7.20411,5.5993805
42,2023,Huila,2023-10-02,1,2023-10-09,7.0346017,6.3328667
42,2023,Huila,2023-10-02,2,2023-10-16,7.5431266,5.962967
42,2023,Huila,2023-10-02,3,2023-10-23,7.20411,5.9860764
42,2023,Huila,2023-10-02,4,2023-10-30,7.7126365,5.9853053
42,2023,Huila,2023-10-09,1,2023-10-16,7.5431266,7.21854
42,2023,Huila,2023-10-09,2,2023-10-23,7.20411,6.9494042
42,2023,Huila,2023-10-09,3,2023-10-30,7.7126365,7.070228
42,2023,Huila,2023-10-09,4,2023-11-06,9.238213,7.045528
42,2023,Huila,2023-10-16,1,2023-10-23,7.20411,7.170109
42,2023,Huila,2023-10-16,2,2023-10-30,7.7126365,6.9517946
42,2023,Huila,2023-10-16,3,2023-11-06,9.238213,6.992485
42,2023,Huila,2023-10-16,4,2023-11-13,10.170508,7.0180945
42,2023,Huila,2023-10-23,1,2023-10-30,7.7126365,7.6583676
42,2023,Huila,2023-10-23,2,2023-11-06,9.238213,7.400525
42,2023,Huila,2023-10-23,3,2023-11-13,10.170508,7.482055
42,2023,Huila,2023-10-23,4,2023-11-20,10.679035,7.527354
42,2023,Huila,2023-10-30,1,2023-11-06,9.238213,7.7730165
42,2023,Huila,2023-10-30,2,2023-11-13,10.170508,7.662218
42,2023,Huila,2023-10-30,3,2023-11-20,10.679035,7.879732
42,2023,Huila,2023-10-30,4,2023-11-27,11.696084,7.92216
42,2023,Huila,2023-11-06,1,2023-11-13,10.170508,7.7199926
42,2023,Huila,2023-11-06,2,2023-11-20,10.679035,7.6036077
42,2023,Huila,2023-11-06,3,2023-11-27,11.696084,7.8595347
42,2023,Huila,2023-11-06,4,2023-12-04,17.459372,7.8895545
42,2023,Huila,2023-11-13,1,2023-11-20,10.679035,9.393561
42,2023,Huila,2023-11-13,2,2023-11-27,11.696084,9.3671
42,2023,Huila,2023-11-13,3,2023-12-04,17.459372,9.632115
42,2023,Huila,2023-11-13,4,2023-12-11,21.697084,9.484774
42,2023,Huila,2023-11-20,1,2023-11-27,11.696084,10.941214
42,2023,Huila,2023-11-20,2,2023-12-04,17.459372,10.984487
42,2023,Huila,2023-11-20,3,2023-12-11,21.697084,11.288805
42,2023,Huila,2023-11-20,4,2023-12-18,19.493475,10.949553
42,2023,Huila,2023-11-27,1,2023-12-04,17.459372,11.689669
42,2023,Huila,2023-11-27,2,2023-12-11,21.697084,11.484141
42,2023,Huila,2023-11-27,3,2023-12-18,19.493475,11.803418
42,2023,Huila,2023-11-27,4,2023-12-25,17.20511,11.404523
42,2023,Magdalena,2023-01-23,1,2023-01-30,1.3279974,2.296557
42,2023,Magdalena,2023-01-23,2,2023-02-06,2.124796,2.1544373
42,2023,Magdalena,2023-01-23,3,2023-02-13,1.3943974,2.1552844
42,2023,Magdalena,2023-01-23,4,2023-02-20,1.062398,2.1090636
42,2023,Magdalena,2023-01-30,1,2023-02-06,2.124796,2.1098397
42,2023,Magdalena,2023-01-30,2,2023-02-13,1.3943974,1.9805512
42,2023,Magdalena,2023-01-30,3,2023-02-20,1.062398,1.9732944
42,2023,Magdalena,2023-01-30,4,2023-02-27,1.527197,1.8489475
42,2023,Magdalena,2023-02-06,1,2023-02-13,1.3943974,1.5390942
42,2023,Magdalena,2023-02-06,2,2023-02-20,1.062398,1.3747836
42,2023,Magdalena,2023-02-06,3,2023-02-27,1.527197,1.3719813
42,2023,Magdalena,2023-02-06,4,2023-03-06,0.6639987,1.2823434
42,2023,Magdalena,2023-02-13,1,2023-02-20,1.062398,1.2360328
42,2023,Magdalena,2023-02-13,2,2023-02-27,1.527197,1.0861125
42,2023,Magdalena,2023-02-13,3,2023-03-06,0.6639987,1.0953476
42,2023,Magdalena,2023-02-13,4,2023-03-13,1.3279974,1.0512444
42,2023,Magdalena,2023-02-20,1,2023-02-27,1.527197,1.0705787
42,2023,Magdalena,2023-02-20,2,2023-03-06,0.6639987,0.918423
42,2023,Magdalena,2023-02-20,3,2023-03-13,1.3279974,0.9131609
42,2023,Magdalena,2023-02-20,4,2023-03-20,0.4647991,0.8645924
42,2023,Magdalena,2023-02-27,1,2023-03-06,0.6639987,0.9950028
42,2023,Magdalena,2023-02-27,2,2023-03-13,1.3279974,0.8815398
42,2023,Magdalena,2023-02-27,3,2023-03-20,0.4647991,0.85559106
42,2023,Magdalena,2023-02-27,4,2023-03-27,0.9295982,0.80300915
42,2023,Magdalena,2023-03-06,1,2023-03-13,1.3279974,1.0070924
42,2023,Magdalena,2023-03-06,2,2023-03-20,0.4647991,0.9140694
42,2023,Magdalena,2023-03-06,3,2023-03-27,0.9295982,0.9404952
42,2023,Magdalena,2023-03-06,4,2023-04-03,0.6639987,0.9164833
42,2023,Magdalena,2023-03-13,1,2023-03-20,0.4647991,0.7562283
42,2023,Magdalena,2023-03-13,2,2023-03-27,0.9295982,0.70053035
42,2023,Magdalena,2023-03-13,3,2023-04-03,0.6639987,0.78029203
42,2023,Magdalena,2023-03-13,4,2023-04-10,1.1287978,0.8143605
42,2023,Magdalena,2023-03-20,1,2023-03-27,0.9295982,0.81216604
42,2023,Magdalena,2023-03-20,2,2023-04-03,0.6639987,0.7984992
42,2023,Magdalena,2023-03-20,3,2023-04-10,1.1287978,0.86042136
42,2023,Magdalena,2023-03-20,4,2023-04-17,0.79679847,0.9550439
42,2023,Magdalena,2023-03-27,1,2023-04-03,0.6639987,0.6573892
42,2023,Magdalena,2023-03-27,2,2023-04-10,1.1287978,0.63906544
42,2023,Magdalena,2023-03-27,3,2023-04-17,0.79679847,0.6402793
42,2023,Magdalena,2023-03-27,4,2023-04-24,0.73039854,0.69759643
42,2023,Magdalena,2023-04-03,1,2023-04-10,1.1287978,0.6155248
42,2023,Magdalena,2023-04-03,2,2023-04-17,0.79679847,0.61684644
42,2023,Magdalena,2023-04-03,3,2023-04-24,0.73039854,0.6283328
42,2023,Magdalena,2023-04-03,4,2023-05-01,0.86319834,0.62927973
42,2023,Magdalena,2023-04-10,1,2023-04-17,0.79679847,0.5083377
42,2023,Magdalena,2023-04-10,2,2023-04-24,0.73039854,0.5334518
42,2023,Magdalena,2023-04-10,3,2023-05-01,0.86319834,0.56767464
42,2023,Magdalena,2023-04-10,4,2023-05-08,0.4647991,0.5979455
42,2023,Magdalena,2023-04-17,1,2023-04-24,0.73039854,0.53107464
42,2023,Magdalena,2023-04-17,2,2023-05-01,0.86319834,0.5998548
42,2023,Magdalena,2023-04-17,3,2023-05-08,0.4647991,0.6562084
42,2023,Magdalena,2023-04-17,4,2023-05-15,0.9295982,0.69714326
42,2023,Magdalena,2023-04-24,1,2023-05-01,0.86319834,0.7371844
42,2023,Magdalena,2023-04-24,2,2023-05-08,0.4647991,0.80369323
42,2023,Magdalena,2023-04-24,3,2023-05-15,0.9295982,0.88153034
42,2023,Magdalena,2023-04-24,4,2023-05-22,0.9295982,0.92142206
42,2023,Magdalena,2023-05-01,1,2023-05-08,0.4647991,0.778708
42,2023,Magdalena,2023-05-01,2,2023-05-15,0.9295982,0.83152777
42,2023,Magdalena,2023-05-01,3,2023-05-22,0.9295982,0.9224896
42,2023,Magdalena,2023-05-01,4,2023-05-29,1.9919963,0.95639753
42,2023,Magdalena,2023-05-08,1,2023-05-15,0.9295982,0.86955655
42,2023,Magdalena,2023-05-08,2,2023-05-22,0.9295982,0.94614124
42,2023,Magdalena,2023-05-08,3,2023-05-29,1.9919963,1.0415634
42,2023,Magdalena,2023-05-08,4,2023-06-05,1.9255965,1.0432525
42,2023,Magdalena,2023-05-15,1,2023-05-22,0.9295982,0.68330103
42,2023,Magdalena,2023-05-15,2,2023-05-29,1.9919963,0.71936977
42,2023,Magdalena,2023-05-15,3,2023-06-05,1.9255965,0.8486036
42,2023,Magdalena,2023-05-15,4,2023-06-12,2.2575955,0.8796867
42,2023,Magdalena,2023-05-22,1,2023-05-29,1.9919963,0.6847863
42,2023,Magdalena,2023-05-22,2,2023-06-05,1.9255965,0.721754
42,2023,Magdalena,2023-05-22,3,2023-06-12,2.2575955,0.84264326
42,2023,Magdalena,2023-05-22,4,2023-06-19,2.2575955,0.9410908
42,2023,Magdalena,2023-05-29,1,2023-06-05,1.9255965,0.88039774
42,2023,Magdalena,2023-05-29,2,2023-06-12,2.2575955,0.9638466
42,2023,Magdalena,2023-05-29,3,2023-06-19,2.2575955,1.0666608
42,2023,Magdalena,2023-05-29,4,2023-06-26,2.7887948,1.2087388
42,2023,Magdalena,2023-06-05,1,2023-06-12,2.2575955,1.5451636
42,2023,Magdalena,2023-06-05,2,2023-06-19,2.2575955,1.6571239
42,2023,Magdalena,2023-06-05,3,2023-06-26,2.7887948,1.7668539
42,2023,Magdalena,2023-06-05,4,2023-07-03,3.1871939,1.9004899
42,2023,Magdalena,2023-06-12,1,2023-06-19,2.2575955,2.1366386
42,2023,Magdalena,2023-06-12,2,2023-06-26,2.7887948,2.2693784
42,2023,Magdalena,2023-06-12,3,2023-07-03,3.1871939,2.3696437
42,2023,Magdalena,2023-06-12,4,2023-07-10,3.8511927,2.4723048
42,2023,Magdalena,2023-06-19,1,2023-06-26,2.7887948,2.7185202
42,2023,Magdalena,2023-06-19,2,2023-07-03,3.1871939,2.8304865
42,2023,Magdalena,2023-06-19,3,2023-07-10,3.8511927,2.9613898
42,2023,Magdalena,2023-06-19,4,2023-07-17,4.8471904,3.005984
42,2023,Magdalena,2023-06-26,1,2023-07-03,3.1871939,2.9747922
42,2023,Magdalena,2023-06-26,2,2023-07-10,3.8511927,3.0152507
42,2023,Magdalena,2023-06-26,3,2023-07-17,4.8471904,3.1489332
42,2023,Magdalena,2023-06-26,4,2023-07-24,5.31199,3.2188454
42,2023,Magdalena,2023-07-03,1,2023-07-10,3.8511927,3.1968207
42,2023,Magdalena,2023-07-03,2,2023-07-17,4.8471904,3.184835
42,2023,Magdalena,2023-07-03,3,2023-07-24,5.31199,3.3185186
42,2023,Magdalena,2023-07-03,4,2023-07-31,7.038386,3.3257937
42,2023,Magdalena,2023-07-10,1,2023-07-17,4.8471904,3.5728998
42,2023,Magdalena,2023-07-10,2,2023-07-24,5.31199,3.5850923
42,2023,Magdalena,2023-07-10,3,2023-07-31,7.038386,3.7129676
42,2023,Magdalena,2023-07-10,4,2023-08-07,4.8471904,3.662237
42,2023,Magdalena,2023-07-17,1,2023-07-24,5.31199,4.1520576
42,2023,Magdalena,2023-07-17,2,2023-07-31,7.038386,4.2226944
42,2023,Magdalena,2023-07-17,3,2023-08-07,4.8471904,4.327633
42,2023,Magdalena,2023-07-17,4,2023-08-14,7.3703866,4.269227
42,2023,Magdalena,2023-07-24,1,2023-07-31,7.038386,5.153318
42,2023,Magdalena,2023-07-24,2,2023-08-07,4.8471904,5.283071
42,2023,Magdalena,2023-07-24,3,2023-08-14,7.3703866,5.4012666
42,2023,Magdalena,2023-07-24,4,2023-08-21,6.241588,5.403512
42,2023,Magdalena,2023-07-31,1,2023-08-07,4.8471904,5.9789004
42,2023,Magdalena,2023-07-31,2,2023-08-14,7.3703866,6.084499
42,2023,Magdalena,2023-07-31,3,2023-08-21,6.241588,6.1979456
42,2023,Magdalena,2023-07-31,4,2023-08-28,5.4447894,6.2334943
42,2023,Magdalena,2023-08-07,1,2023-08-14,7.3703866,6.8743567
42,2023,Magdalena,2023-08-07,2,2023-08-21,6.241588,6.9544077
42,2023,Magdalena,2023-08-07,3,2023-08-28,5.4447894,7.051987
42,2023,Magdalena,2023-08-07,4,2023-09-04,6.042388,7.1806517
42,2023,Magdalena,2023-08-14,1,2023-08-21,6.241588,6.092002
42,2023,Magdalena,2023-08-14,2,2023-08-28,5.4447894,6.183065
42,2023,Magdalena,2023-08-14,3,2023-09-04,6.042388,6.14874
42,2023,Magdalena,2023-08-14,4,2023-09-11,5.710389,6.382903
42,2023,Magdalena,2023-08-21,1,2023-08-28,5.4447894,7.242799
42,2023,Magdalena,2023-08-21,2,2023-09-04,6.042388,7.368886
42,2023,Magdalena,2023-08-21,3,2023-09-11,5.710389,7.438873
42,2023,Magdalena,2023-08-21,4,2023-09-18,8.698384,7.669243
42,2023,Magdalena,2023-08-28,1,2023-09-04,6.042388,7.1539106
42,2023,Magdalena,2023-08-28,2,2023-09-11,5.710389,7.3058257
42,2023,Magdalena,2023-08-28,3,2023-09-18,8.698384,7.3578854
42,2023,Magdalena,2023-08-28,4,2023-09-25,6.241588,7.5187826
42,2023,Magdalena,2023-09-04,1,2023-09-11,5.710389,7.0667963
42,2023,Magdalena,2023-09-04,2,2023-09-18,8.698384,7.1987367
42,2023,Magdalena,2023-09-04,3,2023-09-25,6.241588,7.219381
42,2023,Magdalena,2023-09-04,4,2023-10-02,5.3783894,7.4504375
42,2023,Magdalena,2023-09-11,1,2023-09-18,8.698384,7.027756
42,2023,Magdalena,2023-09-11,2,2023-09-25,6.241588,7.1940737
42,2023,Magdalena,2023-09-11,3,2023-10-02,5.3783894,7.1914797
42,2023,Magdalena,2023-09-11,4,2023-10-09,4.9135904,7.3713884
42,2023,Magdalena,2023-09-18,1,2023-09-25,6.241588,6.5631394
42,2023,Magdalena,2023-09-18,2,2023-10-02,5.3783894,6.5301642
42,2023,Magdalena,2023-09-18,3,2023-10-09,4.9135904,6.5616317
42,2023,Magdalena,2023-09-18,4,2023-10-16,5.0463905,6.727331
42,2023,Magdalena,2023-09-25,1,2023-10-02,5.3783894,8.179541
42,2023,Magdalena,2023-09-25,2,2023-10-09,4.9135904,8.1578665
42,2023,Magdalena,2023-09-25,3,2023-10-16,5.0463905,8.276696
42,2023,Magdalena,2023-09-25,4,2023-10-23,6.1087885,8.426281
42,2023,Magdalena,2023-10-02,1,2023-10-09,4.9135904,8.021989
42,2023,Magdalena,2023-10-02,2,2023-10-16,5.0463905,8.186822
42,2023,Magdalena,2023-10-02,3,2023-10-23,6.1087885,8.248702
42,2023,Magdalena,2023-10-02,4,2023-10-30,4.515191,8.425045
42,2023,Magdalena,2023-10-09,1,2023-10-16,5.0463905,6.806762
42,2023,Magdalena,2023-10-09,2,2023-10-23,6.1087885,6.709057
42,2023,Magdalena,2023-10-09,3,2023-10-30,4.515191,6.733454
42,2023,Magdalena,2023-10-09,4,2023-11-06,7.3703866,6.8120236
42,2023,Magdalena,2023-10-16,1,2023-10-23,6.1087885,5.8669443
42,2023,Magdalena,2023-10-16,2,2023-10-30,4.515191,5.897018
42,2023,Magdalena,2023-10-16,3,2023-11-06,7.3703866,5.8543983
42,2023,Magdalena,2023-10-16,4,2023-11-13,6.9719863,5.936393
42,2023,Magdalena,2023-10-23,1,2023-10-30,4.515191,5.721189
42,2023,Magdalena,2023-10-23,2,2023-11-06,7.3703866,5.7183084
42,2023,Magdalena,2023-10-23,3,2023-11-13,6.9719863,5.680781
42,2023,Magdalena,2023-10-23,4,2023-11-20,7.503186,5.7108603
42,2023,Magdalena,2023-10-30,1,2023-11-06,7.3703866,6.424806
42,2023,Magdalena,2023-10-30,2,2023-11-13,6.9719863,6.2283716
42,2023,Magdalena,2023-10-30,3,2023-11-20,7.503186,6.255062
42,2023,Magdalena,2023-10-30,4,2023-11-27,7.3039865,6.2669744
42,2023,Magdalena,2023-11-06,1,2023-11-13,6.9719863,5.5673246
42,2023,Magdalena,2023-11-06,2,2023-11-20,7.503186,5.3287864
42,2023,Magdalena,2023-11-06,3,2023-11-27,7.3039865,5.2875586
42,2023,Magdalena,2023-11-06,4,2023-12-04,8.565583,5.326289
42,2023,Magdalena,2023-11-13,1,2023-11-20,7.503186,6.542113
42,2023,Magdalena,2023-11-13,2,2023-11-27,7.3039865,6.320611
42,2023,Magdalena,2023-11-13,3,2023-12-04,8.565583,6.273719
42,2023,Magdalena,2023-11-13,4,2023-12-11,9.561582,6.229539
42,2023,Magdalena,2023-11-20,1,2023-11-27,7.3039865,7.458
42,2023,Magdalena,2023-11-20,2,2023-12-04,8.565583,7.1943493
42,2023,Magdalena,2023-11-20,3,2023-12-11,9.561582,7.1320634
42,2023,Magdalena,2023-11-20,4,2023-12-18,8.167185,7.0504208
42,2023,Magdalena,2023-11-27,1,2023-12-04,8.565583,7.673444
42,2023,Magdalena,2023-11-27,2,2023-12-11,9.561582,7.3220224
42,2023,Magdalena,2023-11-27,3,2023-12-18,8.167185,7.2820177
42,2023,Magdalena,2023-11-27,4,2023-12-25,7.503186,7.165293
42,2023,Meta,2023-01-23,1,2023-01-30,14.763056,9.924494
42,2023,Meta,2023-01-23,2,2023-02-06,15.293465,9.61594
42,2023,Meta,2023-01-23,3,2023-02-13,18.299118,9.851265
42,2023,Meta,2023-01-23,4,2023-02-20,19.713543,9.685548
42,2023,Meta,2023-01-30,1,2023-02-06,15.293465,12.743859
42,2023,Meta,2023-01-30,2,2023-02-13,18.299118,12.356809
42,2023,Meta,2023-01-30,3,2023-02-20,19.713543,12.490702
42,2023,Meta,2023-01-30,4,2023-02-27,18.917929,11.802124
42,2023,Meta,2023-02-06,1,2023-02-13,18.299118,14.5145
42,2023,Meta,2023-02-06,2,2023-02-20,19.713543,13.894345
42,2023,Meta,2023-02-06,3,2023-02-27,18.917929,14.127931
42,2023,Meta,2023-02-06,4,2023-03-06,19.713543,13.27583
42,2023,Meta,2023-02-13,1,2023-02-20,19.713543,14.218688
42,2023,Meta,2023-02-13,2,2023-02-27,18.917929,13.782658
42,2023,Meta,2023-02-13,3,2023-03-06,19.713543,14.148687
42,2023,Meta,2023-02-13,4,2023-03-13,23.691612,13.545038
42,2023,Meta,2023-02-20,1,2023-02-27,18.917929,17.259975
42,2023,Meta,2023-02-20,2,2023-03-06,19.713543,16.71983
42,2023,Meta,2023-02-20,3,2023-03-13,23.691612,17.337042
42,2023,Meta,2023-02-20,4,2023-03-20,22.630795,16.462694
42,2023,Meta,2023-02-27,1,2023-03-06,19.713543,20.59345
42,2023,Meta,2023-02-27,2,2023-03-13,23.691612,19.849653
42,2023,Meta,2023-02-27,3,2023-03-20,22.630795,20.226116
42,2023,Meta,2023-02-27,4,2023-03-27,28.28849,18.995958
42,2023,Meta,2023-03-06,1,2023-03-13,23.691612,19.812012
42,2023,Meta,2023-03-06,2,2023-03-20,22.630795,19.887775
42,2023,Meta,2023-03-06,3,2023-03-27,28.28849,20.243475
42,2023,Meta,2023-03-06,4,2023-04-03,19.801947,19.261524
42,2023,Meta,2023-03-13,1,2023-03-20,22.630795,19.166775
42,2023,Meta,2023-03-13,2,2023-03-27,28.28849,18.960463
42,2023,Meta,2023-03-13,3,2023-04-03,19.801947,19.477451
42,2023,Meta,2023-03-13,4,2023-04-10,31.736155,18.567747
42,2023,Meta,2023-03-20,1,2023-03-27,28.28849,20.575315
42,2023,Meta,2023-03-20,2,2023-04-03,19.801947,20.479742
42,2023,Meta,2023-03-20,3,2023-04-10,31.736155,20.7639
42,2023,Meta,2023-03-20,4,2023-04-17,31.559353,19.221893
42,2023,Meta,2023-03-27,1,2023-04-03,19.801947,21.050066
42,2023,Meta,2023-03-27,2,2023-04-10,31.736155,19.882269
42,2023,Meta,2023-03-27,3,2023-04-17,31.559353,19.379845
42,2023,Meta,2023-03-27,4,2023-04-24,34.565,17.673393
42,2023,Meta,2023-04-03,1,2023-04-10,31.736155,27.419458
42,2023,Meta,2023-04-03,2,2023-04-17,31.559353,25.425455
42,2023,Meta,2023-04-03,3,2023-04-24,34.565,24.702291
42,2023,Meta,2023-04-03,4,2023-05-01,37.39385,22.482483
42,2023,Meta,2023-04-10,1,2023-04-17,31.559353,18.808119
42,2023,Meta,2023-04-10,2,2023-04-24,34.565,17.272373
42,2023,Meta,2023-04-10,3,2023-05-01,37.39385,16.862005
42,2023,Meta,2023-04-10,4,2023-05-08,42.521137,15.588404
42,2023,Meta,2023-04-17,1,2023-04-24,34.565,27.95161
42,2023,Meta,2023-04-17,2,2023-05-01,37.39385,25.575891
42,2023,Meta,2023-04-17,3,2023-05-08,42.521137,25.314068
42,2023,Meta,2023-04-17,4,2023-05-15,52.333717,23.765066
42,2023,Meta,2023-04-24,1,2023-05-01,37.39385,28.420073
42,2023,Meta,2023-04-24,2,2023-05-08,42.521137,27.97719
42,2023,Meta,2023-04-24,3,2023-05-15,52.333717,26.891739
42,2023,Meta,2023-04-24,4,2023-05-22,42.60954,24.871733
42,2023,Meta,2023-05-01,1,2023-05-08,42.521137,32.0807
42,2023,Meta,2023-05-01,2,2023-05-15,52.333717,29.139399
42,2023,Meta,2023-05-01,3,2023-05-22,42.60954,27.786695
42,2023,Meta,2023-05-01,4,2023-05-29,45.968796,25.93428
42,2023,Meta,2023-05-08,1,2023-05-15,52.333717,30.451683
42,2023,Meta,2023-05-08,2,2023-05-22,42.60954,28.352924
42,2023,Meta,2023-05-08,3,2023-05-29,45.968796,27.04092
42,2023,Meta,2023-05-08,4,2023-06-05,42.60954,24.71607
42,2023,Meta,2023-05-15,1,2023-05-22,42.60954,35.084213
42,2023,Meta,2023-05-15,2,2023-05-29,45.968796,32.47865
42,2023,Meta,2023-05-15,3,2023-06-05,42.60954,30.720339
42,2023,Meta,2023-05-15,4,2023-06-12,37.924263,27.827602
42,2023,Meta,2023-05-22,1,2023-05-29,45.968796,45.35245
42,2023,Meta,2023-05-22,2,2023-06-05,42.60954,43.349964
42,2023,Meta,2023-05-22,3,2023-06-12,37.924263,41.291553
42,2023,Meta,2023-05-22,4,2023-06-19,30.76374,37.701305
42,2023,Meta,2023-05-29,1,2023-06-05,42.60954,41.297604
42,2023,Meta,2023-05-29,2,2023-06-12,37.924263,38.239727
42,2023,Meta,2023-05-29,3,2023-06-19,30.76374,34.775364
42,2023,Meta,2023-05-29,4,2023-06-26,23.072803,30.485714
42,2023,Meta,2023-06-05,1,2023-06-12,37.924263,41.141422
42,2023,Meta,2023-06-05,2,2023-06-19,30.76374,36.417107
42,2023,Meta,2023-06-05,3,2023-06-26,23.072803,34.01016
42,2023,Meta,2023-06-05,4,2023-07-03,17.061497,30.278402
42,2023,Meta,2023-06-12,1,2023-06-19,30.76374,32.945457
42,2023,Meta,2023-06-12,2,2023-06-26,23.072803,29.632921
42,2023,Meta,2023-06-12,3,2023-07-03,17.061497,27.020176
42,2023,Meta,2023-06-12,4,2023-07-10,24.22202,23.130266
42,2023,Meta,2023-06-19,1,2023-06-26,23.072803,29.43002
42,2023,Meta,2023-06-19,2,2023-07-03,17.061497,25.35694
42,2023,Meta,2023-06-19,3,2023-07-10,24.22202,23.243176
42,2023,Meta,2023-06-19,4,2023-07-17,20.597559,20.359564
42,2023,Meta,2023-06-26,1,2023-07-03,17.061497,25.370787
42,2023,Meta,2023-06-26,2,2023-07-10,24.22202,21.936811
42,2023,Meta,2023-06-26,3,2023-07-17,20.597559,19.505362
42,2023,Meta,2023-06-26,4,2023-07-24,19.006329,16.964912
42,2023,Meta,2023-07-03,1,2023-07-10,24.22202,18.634575
42,2023,Meta,2023-07-03,2,2023-07-17,20.597559,16.204918
42,2023,Meta,2023-07-03,3,2023-07-24,19.006329,14.462831
42,2023,Meta,2023-07-03,4,2023-07-31,18.299118,12.900179
42,2023,Meta,2023-07-10,1,2023-07-17,20.597559,14.137437
42,2023,Meta,2023-07-10,2,2023-07-24,19.006329,12.498044
42,2023,Meta,2023-07-10,3,2023-07-31,18.299118,11.49959
42,2023,Meta,2023-07-10,4,2023-08-07,12.287813,10.745268
42,2023,Meta,2023-07-17,1,2023-07-24,19.006329,16.268896
42,2023,Meta,2023-07-17,2,2023-07-31,18.299118,14.746176
42,2023,Meta,2023-07-17,3,2023-08-07,12.287813,14.089783
42,2023,Meta,2023-07-17,4,2023-08-14,14.055844,14.187212
42,2023,Meta,2023-07-24,1,2023-07-31,18.299118,15.922822
42,2023,Meta,2023-07-24,2,2023-08-07,12.287813,14.528524
42,2023,Meta,2023-07-24,3,2023-08-14,14.055844,13.941992
42,2023,Meta,2023-07-24,4,2023-08-21,13.26023,13.872536
42,2023,Meta,2023-07-31,1,2023-08-07,12.287813,15.493079
42,2023,Meta,2023-07-31,2,2023-08-14,14.055844,13.858558
42,2023,Meta,2023-07-31,3,2023-08-21,13.26023,13.158563
42,2023,Meta,2023-07-31,4,2023-08-28,10.519783,13.520583
42,2023,Meta,2023-08-07,1,2023-08-14,14.055844,12.601303
42,2023,Meta,2023-08-07,2,2023-08-21,13.26023,11.213243
42,2023,Meta,2023-08-07,3,2023-08-28,10.519783,10.7432575
42,2023,Meta,2023-08-07,4,2023-09-04,12.1110115,11.232094
42,2023,Meta,2023-08-14,1,2023-08-21,13.26023,10.874598
42,2023,Meta,2023-08-14,2,2023-08-28,10.519783,9.735617
42,2023,Meta,2023-08-14,3,2023-09-04,12.1110115,8.988353
42,2023,Meta,2023-08-14,4,2023-09-11,10.608185,9.329121
42,2023,Meta,2023-08-21,1,2023-08-28,10.519783,10.528341
42,2023,Meta,2023-08-21,2,2023-09-04,12.1110115,9.466027
42,2023,Meta,2023-08-21,3,2023-09-11,10.608185,8.85651
42,2023,Meta,2023-08-21,4,2023-09-18,10.077775,9.338271
42,2023,Meta,2023-08-28,1,2023-09-04,12.1110115,9.809782
42,2023,Meta,2023-08-28,2,2023-09-11,10.608185,8.90141
42,2023,Meta,2023-08-28,3,2023-09-18,10.077775,8.298804
42,2023,Meta,2023-08-28,4,2023-09-25,9.635769,8.228
42,2023,Meta,2023-09-04,1,2023-09-11,10.608185,9.186917
42,2023,Meta,2023-09-04,2,2023-09-18,10.077775,8.460526
42,2023,Meta,2023-09-04,3,2023-09-25,9.635769,7.7392364
42,2023,Meta,2023-09-04,4,2023-10-02,8.486548,7.882995
42,2023,Meta,2023-09-11,1,2023-09-18,10.077775,8.222869
42,2023,Meta,2023-09-11,2,2023-09-25,9.635769,7.587113
42,2023,Meta,2023-09-11,3,2023-10-02,8.486548,6.906639
42,2023,Meta,2023-09-11,4,2023-10-09,10.34298,6.897509
42,2023,Meta,2023-09-18,1,2023-09-25,9.635769,7.1956935
42,2023,Meta,2023-09-18,2,2023-10-02,8.486548,6.5562396
42,2023,Meta,2023-09-18,3,2023-10-09,10.34298,5.938672
42,2023,Meta,2023-09-18,4,2023-10-16,6.541713,6.128178
42,2023,Meta,2023-09-25,1,2023-10-02,8.486548,6.271434
42,2023,Meta,2023-09-25,2,2023-10-09,10.34298,5.572862
42,2023,Meta,2023-09-25,3,2023-10-16,6.541713,5.012796
42,2023,Meta,2023-09-25,4,2023-10-23,3.536062,5.556901
42,2023,Meta,2023-10-02,1,2023-10-09,10.34298,5.577736
42,2023,Meta,2023-10-02,2,2023-10-16,6.541713,4.91514
42,2023,Meta,2023-10-02,3,2023-10-23,3.536062,4.466921
42,2023,Meta,2023-10-02,4,2023-10-30,6.011305,4.8143177
42,2023,Meta,2023-10-09,1,2023-10-16,6.541713,5.329828
42,2023,Meta,2023-10-09,2,2023-10-23,3.536062,4.7594876
42,2023,Meta,2023-10-09,3,2023-10-30,6.011305,4.3235497
42,2023,Meta,2023-10-09,4,2023-11-06,3.1824555,4.595838
42,2023,Meta,2023-10-16,1,2023-10-23,3.536062,4.9154744
42,2023,Meta,2023-10-16,2,2023-10-30,6.011305,4.339018
42,2023,Meta,2023-10-16,3,2023-11-06,3.1824555,4.0050793
42,2023,Meta,2023-10-16,4,2023-11-13,3.7128646,3.9833553
42,2023,Meta,2023-10-23,1,2023-10-30,6.011305,3.8706954
42,2023,Meta,2023-10-23,2,2023-11-06,3.1824555,3.5467238
42,2023,Meta,2023-10-23,3,2023-11-13,3.7128646,3.416614
42,2023,Meta,2023-10-23,4,2023-11-20,3.978069,2.9444163
42,2023,Meta,2023-10-30,1,2023-11-06,3.1824555,3.344785
42,2023,Meta,2023-10-30,2,2023-11-13,3.7128646,2.992949
42,2023,Meta,2023-10-30,3,2023-11-20,3.978069,2.803864
42,2023,Meta,2023-10-30,4,2023-11-27,3.624463,2.6396332
42,2023,Meta,2023-11-06,1,2023-11-13,3.7128646,3.3599565
42,2023,Meta,2023-11-06,2,2023-11-20,3.978069,3.0781782
42,2023,Meta,2023-11-06,3,2023-11-27,3.624463,2.91311
42,2023,Meta,2023-11-06,4,2023-12-04,3.8896677,2.6818845
42,2023,Meta,2023-11-13,1,2023-11-20,3.978069,3.4055684
42,2023,Meta,2023-11-13,2,2023-11-27,3.624463,3.1959786
42,2023,Meta,2023-11-13,3,2023-12-04,3.8896677,3.0555208
42,2023,Meta,2023-11-13,4,2023-12-11,3.0056527,3.019305
42,2023,Meta,2023-11-20,1,2023-11-27,3.624463,3.4086964
42,2023,Meta,2023-11-20,2,2023-12-04,3.8896677,3.1786356
42,2023,Meta,2023-11-20,3,2023-12-11,3.0056527,3.0953088
42,2023,Meta,2023-11-20,4,2023-12-18,2.8288493,3.1644309
42,2023,Meta,2023-11-27,1,2023-12-04,3.8896677,3.3218193
42,2023,Meta,2023-11-27,2,2023-12-11,3.0056527,3.0510972
42,2023,Meta,2023-11-27,3,2023-12-18,2.8288493,2.999227
42,2023,Meta,2023-11-27,4,2023-12-25,2.7404475,3.1117241
42,2023,Narino,2023-01-23,1,2023-01-30,1.0624747,0.60445654
42,2023,Narino,2023-01-23,2,2023-02-06,1.2395538,0.62500066
42,2023,Narino,2023-01-23,3,2023-02-13,1.6527385,0.62827116
42,2023,Narino,2023-01-23,4,2023-02-20,1.0624747,0.6379664
42,2023,Narino,2023-01-30,1,2023-02-06,1.2395538,0.7590142
42,2023,Narino,2023-01-30,2,2023-02-13,1.6527385,0.7670768
42,2023,Narino,2023-01-30,3,2023-02-20,1.0624747,0.7955523
42,2023,Narino,2023-01-30,4,2023-02-27,1.1215011,0.80442196
42,2023,Narino,2023-02-06,1,2023-02-13,1.6527385,0.9363412
42,2023,Narino,2023-02-06,2,2023-02-20,1.0624747,0.9143446
42,2023,Narino,2023-02-06,3,2023-02-27,1.1215011,0.9649808
42,2023,Narino,2023-02-06,4,2023-03-06,0.8263692,1.0061176
42,2023,Narino,2023-02-13,1,2023-02-20,1.0624747,1.1508104
42,2023,Narino,2023-02-13,2,2023-02-27,1.1215011,1.1056399
42,2023,Narino,2023-02-13,3,2023-03-06,0.8263692,1.1834272
42,2023,Narino,2023-02-13,4,2023-03-13,1.3576065,1.2200562
42,2023,Narino,2023-02-20,1,2023-02-27,1.1215011,1.3404576
42,2023,Narino,2023-02-20,2,2023-03-06,0.8263692,1.3166629
42,2023,Narino,2023-02-20,3,2023-03-13,1.3576065,1.3936096
42,2023,Narino,2023-02-20,4,2023-03-20,1.4756593,1.4012702
42,2023,Narino,2023-02-27,1,2023-03-06,0.8263692,1.3003049
42,2023,Narino,2023-02-27,2,2023-03-13,1.3576065,1.286121
42,2023,Narino,2023-02-27,3,2023-03-20,1.4756593,1.3424706
42,2023,Narino,2023-02-27,4,2023-03-27,2.3020284,1.3559456
42,2023,Narino,2023-03-06,1,2023-03-13,1.3576065,1.2501444
42,2023,Narino,2023-03-06,2,2023-03-20,1.4756593,1.2286848
42,2023,Narino,2023-03-06,3,2023-03-27,2.3020284,1.2772913
42,2023,Narino,2023-03-06,4,2023-04-03,1.3576065,1.3279054
42,2023,Narino,2023-03-13,1,2023-03-20,1.4756593,1.173196
42,2023,Narino,2023-03-13,2,2023-03-27,2.3020284,1.1391538
42,2023,Narino,2023-03-13,3,2023-04-03,1.3576065,1.2000875
42,2023,Narino,2023-03-13,4,2023-04-10,0.8853955,1.2358273
42,2023,Narino,2023-03-20,1,2023-03-27,2.3020284,1.2026495
42,2023,Narino,2023-03-20,2,2023-04-03,1.3576065,1.1602056
42,2023,Narino,2023-03-20,3,2023-04-10,0.8853955,1.1968987
42,2023,Narino,2023-03-20,4,2023-04-17,1.5346856,1.2373506
42,2023,Narino,2023-03-27,1,2023-04-03,1.3576065,1.2267241
42,2023,Narino,2023-03-27,2,2023-04-10,0.8853955,1.1983547
42,2023,Narino,2023-03-27,3,2023-04-17,1.5346856,1.2218791
42,2023,Narino,2023-03-27,4,2023-04-24,1.5346856,1.2529278
42,2023,Narino,2023-04-03,1,2023-04-10,0.8853955,1.5183706
42,2023,Narino,2023-04-03,2,2023-04-17,1.5346856,1.4491874
42,2023,Narino,2023-04-03,3,2023-04-24,1.5346856,1.477259
42,2023,Narino,2023-04-03,4,2023-05-01,2.1839757,1.5087352
42,2023,Narino,2023-04-10,1,2023-04-17,1.5346856,1.5841496
42,2023,Narino,2023-04-10,2,2023-04-24,1.5346856,1.5396707
42,2023,Narino,2023-04-10,3,2023-05-01,2.1839757,1.5652833
42,2023,Narino,2023-04-10,4,2023-05-08,2.1839757,1.5966517
42,2023,Narino,2023-04-17,1,2023-04-24,1.5346856,1.400527
42,2023,Narino,2023-04-17,2,2023-05-01,2.1839757,1.3522602
42,2023,Narino,2023-04-17,3,2023-05-08,2.1839757,1.3853079
42,2023,Narino,2023-04-17,4,2023-05-15,1.7117648,1.4257534
42,2023,Narino,2023-04-24,1,2023-05-01,2.1839757,1.4305111
42,2023,Narino,2023-04-24,2,2023-05-08,2.1839757,1.3832277
42,2023,Narino,2023-04-24,3,2023-05-15,1.7117648,1.4084858
42,2023,Narino,2023-04-24,4,2023-05-22,1.8298177,1.414895
42,2023,Narino,2023-05-01,1,2023-05-08,2.1839757,1.3738037
42,2023,Narino,2023-05-01,2,2023-05-15,1.7117648,1.3116499
42,2023,Narino,2023-05-01,3,2023-05-22,1.8298177,1.3324782
42,2023,Narino,2023-05-01,4,2023-05-29,2.361055,1.3392177
42,2023,Narino,2023-05-08,1,2023-05-15,1.7117648,1.545487
42,2023,Narino,2023-05-08,2,2023-05-22,1.8298177,1.4757134
42,2023,Narino,2023-05-08,3,2023-05-29,2.361055,1.4787393
42,2023,Narino,2023-05-08,4,2023-06-05,2.538134,1.4967507
42,2023,Narino,2023-05-15,1,2023-05-22,1.8298177,1.7385949
42,2023,Narino,2023-05-15,2,2023-05-29,2.361055,1.6406486
42,2023,Narino,2023-05-15,3,2023-06-05,2.538134,1.6656313
42,2023,Narino,2023-05-15,4,2023-06-12,2.7742395,1.6840615
42,2023,Narino,2023-05-22,1,2023-05-29,2.361055,1.6636068
42,2023,Narino,2023-05-22,2,2023-06-05,2.538134,1.5724283
42,2023,Narino,2023-05-22,3,2023-06-12,2.7742395,1.5953449
42,2023,Narino,2023-05-22,4,2023-06-19,2.8332658,1.6165982
42,2023,Narino,2023-05-29,1,2023-06-05,2.538134,1.6801704
42,2023,Narino,2023-05-29,2,2023-06-12,2.7742395,1.6388917
42,2023,Narino,2023-05-29,3,2023-06-19,2.8332658,1.660283
42,2023,Narino,2023-05-29,4,2023-06-26,2.1249495,1.6628102
42,2023,Narino,2023-06-05,1,2023-06-12,2.7742395,1.7685393
42,2023,Narino,2023-06-05,2,2023-06-19,2.8332658,1.7065159
42,2023,Narino,2023-06-05,3,2023-06-26,2.1249495,1.7387543
42,2023,Narino,2023-06-05,4,2023-07-03,2.065923,1.7147781
42,2023,Narino,2023-06-12,1,2023-06-19,2.8332658,1.9021279
42,2023,Narino,2023-06-12,2,2023-06-26,2.1249495,1.790844
42,2023,Narino,2023-06-12,3,2023-07-03,2.065923,1.8407341
42,2023,Narino,2023-06-12,4,2023-07-10,1.770791,1.8098956
42,2023,Narino,2023-06-19,1,2023-06-26,2.1249495,2.1074016
42,2023,Narino,2023-06-19,2,2023-07-03,2.065923,1.9472507
42,2023,Narino,2023-06-19,3,2023-07-10,1.770791,2.014066
42,2023,Narino,2023-06-19,4,2023-07-17,2.361055,1.9527416
42,2023,Narino,2023-06-26,1,2023-07-03,2.065923,2.2446003
42,2023,Narino,2023-06-26,2,2023-07-10,1.770791,2.0788674
42,2023,Narino,2023-06-26,3,2023-07-17,2.361055,2.130301
42,2023,Narino,2023-06-26,4,2023-07-24,2.9513185,2.091499
42,2023,Narino,2023-07-03,1,2023-07-10,1.770791,2.0593634
42,2023,Narino,2023-07-03,2,2023-07-17,2.361055,1.9299811
42,2023,Narino,2023-07-03,3,2023-07-24,2.9513185,1.9702976
42,2023,Narino,2023-07-03,4,2023-07-31,1.5937121,1.9651424
42,2023,Narino,2023-07-10,1,2023-07-17,2.361055,1.9183248
42,2023,Narino,2023-07-10,2,2023-07-24,2.9513185,1.8287798
42,2023,Narino,2023-07-10,3,2023-07-31,1.5937121,1.8711247
42,2023,Narino,2023-07-10,4,2023-08-07,1.5346856,1.8384559
42,2023,Narino,2023-07-17,1,2023-07-24,2.9513185,1.7201114
42,2023,Narino,2023-07-17,2,2023-07-31,1.5937121,1.6608827
42,2023,Narino,2023-07-17,3,2023-08-07,1.5346856,1.6792109
42,2023,Narino,2023-07-17,4,2023-08-14,1.8888438,1.6733724
42,2023,Narino,2023-07-24,1,2023-07-31,1.5937121,1.7772692
42,2023,Narino,2023-07-24,2,2023-08-07,1.5346856,1.6990168
42,2023,Narino,2023-07-24,3,2023-08-14,1.8888438,1.7278636
42,2023,Narino,2023-07-24,4,2023-08-21,2.59716,1.7262543
42,2023,Narino,2023-07-31,1,2023-08-07,1.5346856,1.9724154
42,2023,Narino,2023-07-31,2,2023-08-14,1.8888438,1.8383893
42,2023,Narino,2023-07-31,3,2023-08-21,2.59716,1.9039998
42,2023,Narino,2023-07-31,4,2023-08-28,2.1839757,1.8477937
42,2023,Narino,2023-08-07,1,2023-08-14,1.8888438,1.7681538
42,2023,Narino,2023-08-07,2,2023-08-21,2.59716,1.6412594
42,2023,Narino,2023-08-07,3,2023-08-28,2.1839757,1.6826692
42,2023,Narino,2023-08-07,4,2023-09-04,3.187424,1.672918
42,2023,Narino,2023-08-14,1,2023-08-21,2.59716,1.5500525
42,2023,Narino,2023-08-14,2,2023-08-28,2.1839757,1.4779185
42,2023,Narino,2023-08-14,3,2023-09-04,3.187424,1.512545
42,2023,Narino,2023-08-14,4,2023-09-11,3.4235294,1.4817978
42,2023,Narino,2023-08-21,1,2023-08-28,2.1839757,1.5639364
42,2023,Narino,2023-08-21,2,2023-09-04,3.187424,1.4524114
42,2023,Narino,2023-08-21,3,2023-09-11,3.4235294,1.5202008
42,2023,Narino,2023-08-21,4,2023-09-18,3.010345,1.4626642
42,2023,Narino,2023-08-28,1,2023-09-04,3.187424,1.7505212
42,2023,Narino,2023-08-28,2,2023-09-11,3.4235294,1.6873387
42,2023,Narino,2023-08-28,3,2023-09-18,3.010345,1.7359691
42,2023,Narino,2023-08-28,4,2023-09-25,4.6040573,1.6819696
42,2023,Narino,2023-09-04,1,2023-09-11,3.4235294,1.9121364
42,2023,Narino,2023-09-04,2,2023-09-18,3.010345,1.8227783
42,2023,Narino,2023-09-04,3,2023-09-25,4.6040573,1.8861132
42,2023,Narino,2023-09-04,4,2023-10-02,2.8332658,1.872527
42,2023,Narino,2023-09-11,1,2023-09-18,3.010345,2.3283887
42,2023,Narino,2023-09-11,2,2023-09-25,4.6040573,2.2081218
42,2023,Narino,2023-09-11,3,2023-10-02,2.8332658,2.2874255
42,2023,Narino,2023-09-11,4,2023-10-09,2.538134,2.2652915
42,2023,Narino,2023-09-18,1,2023-09-25,4.6040573,2.7026393
42,2023,Narino,2023-09-18,2,2023-10-02,2.8332658,2.5555894
42,2023,Narino,2023-09-18,3,2023-10-09,2.538134,2.6275847
42,2023,Narino,2023-09-18,4,2023-10-16,3.5415823,2.59964
42,2023,Narino,2023-09-25,1,2023-10-02,2.8332658,2.7876003
42,2023,Narino,2023-09-25,2,2023-10-09,2.538134,2.741032
42,2023,Narino,2023-09-25,3,2023-10-16,3.5415823,2.8051674
42,2023,Narino,2023-09-25,4,2023-10-23,3.4825556,2.81995
42,2023,Narino,2023-10-02,1,2023-10-09,2.538134,3.4737346
42,2023,Narino,2023-10-02,2,2023-10-16,3.5415823,3.4384286
42,2023,Narino,2023-10-02,3,2023-10-23,3.4825556,3.5532906
42,2023,Narino,2023-10-02,4,2023-10-30,3.954767,3.508021
42,2023,Narino,2023-10-09,1,2023-10-16,3.5415823,3.2494528
42,2023,Narino,2023-10-09,2,2023-10-23,3.4825556,3.2143562
42,2023,Narino,2023-10-09,3,2023-10-30,3.954767,3.321962
42,2023,Narino,2023-10-09,4,2023-11-06,4.4860044,3.3612647
42,2023,Narino,2023-10-16,1,2023-10-23,3.4825556,2.976321
42,2023,Narino,2023-10-16,2,2023-10-30,3.954767,3.0027828
42,2023,Narino,2023-10-16,3,2023-11-06,4.4860044,3.0982146
42,2023,Narino,2023-10-16,4,2023-11-13,3.777688,3.1572094
42,2023,Narino,2023-10-23,1,2023-10-30,3.954767,3.3049994
42,2023,Narino,2023-10-23,2,2023-11-06,4.4860044,3.2372882
42,2023,Narino,2023-10-23,3,2023-11-13,3.777688,3.4009025
42,2023,Narino,2023-10-23,4,2023-11-20,5.3713994,3.3721929
42,2023,Narino,2023-10-30,1,2023-11-06,4.4860044,3.3154926
42,2023,Narino,2023-10-30,2,2023-11-13,3.777688,3.2914739
42,2023,Narino,2023-10-30,3,2023-11-20,5.3713994,3.4348915
42,2023,Narino,2023-10-30,4,2023-11-27,4.899189,3.3868058
42,2023,Narino,2023-11-06,1,2023-11-13,3.777688,3.5097375
42,2023,Narino,2023-11-06,2,2023-11-20,5.3713994,3.4458466
42,2023,Narino,2023-11-06,3,2023-11-27,4.899189,3.6073785
42,2023,Narino,2023-11-06,4,2023-12-04,5.3713994,3.5191581
42,2023,Narino,2023-11-13,1,2023-11-20,5.3713994,4.023797
42,2023,Narino,2023-11-13,2,2023-11-27,4.899189,3.9240494
42,2023,Narino,2023-11-13,3,2023-12-04,5.3713994,4.1266565
42,2023,Narino,2023-11-13,4,2023-12-11,5.0762677,4.020509
42,2023,Narino,2023-11-20,1,2023-11-27,4.899189,3.9818988
42,2023,Narino,2023-11-20,2,2023-12-04,5.3713994,3.8504329
42,2023,Narino,2023-11-20,3,2023-12-11,5.0762677,4.0239863
42,2023,Narino,2023-11-20,4,2023-12-18,4.7811356,4.010028
42,2023,Narino,2023-11-27,1,2023-12-04,5.3713994,4.598665
42,2023,Narino,2023-11-27,2,2023-12-11,5.0762677,4.395249
42,2023,Narino,2023-11-27,3,2023-12-18,4.7811356,4.6462936
42,2023,Narino,2023-11-27,4,2023-12-25,2.8332658,4.5086403
42,2023,Norte De Santander,2023-01-23,1,2023-01-30,2.0857444,2.2692742
42,2023,Norte De Santander,2023-01-23,2,2023-02-06,1.4898175,2.2156937
42,2023,Norte De Santander,2023-01-23,3,2023-02-13,2.0857444,2.1874008
42,2023,Norte De Santander,2023-01-23,4,2023-02-20,1.6090028,2.1696305
42,2023,Norte De Santander,2023-01-30,1,2023-02-06,1.4898175,2.3693023
42,2023,Norte De Santander,2023-01-30,2,2023-02-13,2.0857444,2.314072
42,2023,Norte De Santander,2023-01-30,3,2023-02-20,1.6090028,2.2885542
42,2023,Norte De Santander,2023-01-30,4,2023-02-27,1.4302248,2.2381222
42,2023,Norte De Santander,2023-02-06,1,2023-02-13,2.0857444,2.4206614
42,2023,Norte De Santander,2023-02-06,2,2023-02-20,1.6090028,2.3190937
42,2023,Norte De Santander,2023-02-06,3,2023-02-27,1.4302248,2.322728
42,2023,Norte De Santander,2023-02-06,4,2023-03-06,1.1322612,2.3151643
42,2023,Norte De Santander,2023-02-13,1,2023-02-20,1.6090028,1.72641
42,2023,Norte De Santander,2023-02-13,2,2023-02-27,1.4302248,1.6220443
42,2023,Norte De Santander,2023-02-13,3,2023-03-06,1.1322612,1.6954924
42,2023,Norte De Santander,2023-02-13,4,2023-03-13,1.4898175,1.6840782
42,2023,Norte De Santander,2023-02-20,1,2023-02-27,1.4302248,1.9294783
42,2023,Norte De Santander,2023-02-20,2,2023-03-06,1.1322612,1.8561654
42,2023,Norte De Santander,2023-02-20,3,2023-03-13,1.4898175,1.907575
42,2023,Norte De Santander,2023-02-20,4,2023-03-20,1.3110393,1.8999157
42,2023,Norte De Santander,2023-02-27,1,2023-03-06,1.1322612,1.8594755
42,2023,Norte De Santander,2023-02-27,2,2023-03-13,1.4898175,1.7966923
42,2023,Norte De Santander,2023-02-27,3,2023-03-20,1.3110393,1.8142697
42,2023,Norte De Santander,2023-02-27,4,2023-03-27,1.4302248,1.7784773
42,2023,Norte De Santander,2023-03-06,1,2023-03-13,1.4898175,1.7375406
42,2023,Norte De Santander,2023-03-06,2,2023-03-20,1.3110393,1.7205313
42,2023,Norte De Santander,2023-03-06,3,2023-03-27,1.4302248,1.770395
42,2023,Norte De Santander,2023-03-06,4,2023-04-03,1.370632,1.7827098
42,2023,Norte De Santander,2023-03-13,1,2023-03-20,1.3110393,1.5274941
42,2023,Norte De Santander,2023-03-13,2,2023-03-27,1.4302248,1.5189476
42,2023,Norte De Santander,2023-03-13,3,2023-04-03,1.370632,1.6608421
42,2023,Norte De Santander,2023-03-13,4,2023-04-10,0.59592694,1.6983984
42,2023,Norte De Santander,2023-03-20,1,2023-03-27,1.4302248,1.2973994
42,2023,Norte De Santander,2023-03-20,2,2023-04-03,1.370632,1.2922943
42,2023,Norte De Santander,2023-03-20,3,2023-04-10,0.59592694,1.3850378
42,2023,Norte De Santander,2023-03-20,4,2023-04-17,1.370632,1.4310987
42,2023,Norte De Santander,2023-03-27,1,2023-04-03,1.370632,1.236802
42,2023,Norte De Santander,2023-03-27,2,2023-04-10,0.59592694,1.2550604
42,2023,Norte De Santander,2023-03-27,3,2023-04-17,1.370632,1.3093007
42,2023,Norte De Santander,2023-03-27,4,2023-04-24,1.5494101,1.3606093
42,2023,Norte De Santander,2023-04-03,1,2023-04-10,0.59592694,1.5557742
42,2023,Norte De Santander,2023-04-03,2,2023-04-17,1.370632,1.5873523
42,2023,Norte De Santander,2023-04-03,3,2023-04-24,1.5494101,1.6369468
42,2023,Norte De Santander,2023-04-03,4,2023-05-01,1.4302248,1.682233
42,2023,Norte De Santander,2023-04-10,1,2023-04-17,1.370632,1.468287
42,2023,Norte De Santander,2023-04-10,2,2023-04-24,1.5494101,1.5055628
42,2023,Norte De Santander,2023-04-10,3,2023-05-01,1.4302248,1.5987468
42,2023,Norte De Santander,2023-04-10,4,2023-05-08,1.5494101,1.6438195
42,2023,Norte De Santander,2023-04-17,1,2023-04-24,1.5494101,1.1425526
42,2023,Norte De Santander,2023-04-17,2,2023-05-01,1.4302248,1.1711887
42,2023,Norte De Santander,2023-04-17,3,2023-05-08,1.5494101,1.2789572
42,2023,Norte De Santander,2023-04-17,4,2023-05-15,1.8473735,1.3266503
42,2023,Norte De Santander,2023-04-24,1,2023-05-01,1.4302248,1.3009826
42,2023,Norte De Santander,2023-04-24,2,2023-05-08,1.5494101,1.3339809
42,2023,Norte De Santander,2023-04-24,3,2023-05-15,1.8473735,1.4209747
42,2023,Norte De Santander,2023-04-24,4,2023-05-22,1.2514466,1.4971317
42,2023,Norte De Santander,2023-05-01,1,2023-05-08,1.5494101,1.6759149
42,2023,Norte De Santander,2023-05-01,2,2023-05-15,1.8473735,1.6965127
42,2023,Norte De Santander,2023-05-01,3,2023-05-22,1.2514466,1.722943
42,2023,Norte De Santander,2023-05-01,4,2023-05-29,1.8473735,1.7473402
42,2023,Norte De Santander,2023-05-08,1,2023-05-15,1.8473735,1.7983297
42,2023,Norte De Santander,2023-05-08,2,2023-05-22,1.2514466,1.8185228
42,2023,Norte De Santander,2023-05-08,3,2023-05-29,1.8473735,1.8332207
42,2023,Norte De Santander,2023-05-08,4,2023-06-05,1.966559,1.8465878
42,2023,Norte De Santander,2023-05-15,1,2023-05-22,1.2514466,1.9469194
42,2023,Norte De Santander,2023-05-15,2,2023-05-29,1.8473735,1.9919
42,2023,Norte De Santander,2023-05-15,3,2023-06-05,1.966559,2.0456266
42,2023,Norte De Santander,2023-05-15,4,2023-06-12,1.370632,2.079915
42,2023,Norte De Santander,2023-05-22,1,2023-05-29,1.8473735,1.8286422
42,2023,Norte De Santander,2023-05-22,2,2023-06-05,1.966559,1.8006761
42,2023,Norte De Santander,2023-05-22,3,2023-06-12,1.370632,1.8942894
42,2023,Norte De Santander,2023-05-22,4,2023-06-19,2.5028932,1.9648596
42,2023,Norte De Santander,2023-05-29,1,2023-06-05,1.966559,1.7133524
42,2023,Norte De Santander,2023-05-29,2,2023-06-12,1.370632,1.670815
42,2023,Norte De Santander,2023-05-29,3,2023-06-19,2.5028932,1.7466227
42,2023,Norte De Santander,2023-05-29,4,2023-06-26,2.6220787,1.800843
42,2023,Norte De Santander,2023-06-05,1,2023-06-12,1.370632,2.0182796
42,2023,Norte De Santander,2023-06-05,2,2023-06-19,2.5028932,1.972094
42,2023,Norte De Santander,2023-06-05,3,2023-06-26,2.6220787,2.0265422
42,2023,Norte De Santander,2023-06-05,4,2023-07-03,2.3837078,2.0178583
42,2023,Norte De Santander,2023-06-12,1,2023-06-19,2.5028932,2.3381743
42,2023,Norte De Santander,2023-06-12,2,2023-06-26,2.6220787,2.296144
42,2023,Norte De Santander,2023-06-12,3,2023-07-03,2.3837078,2.3394074
42,2023,Norte De Santander,2023-06-12,4,2023-07-10,3.5159688,2.2618117
42,2023,Norte De Santander,2023-06-19,1,2023-06-26,2.6220787,2.2779484
42,2023,Norte De Santander,2023-06-19,2,2023-07-03,2.3837078,2.2172682
42,2023,Norte De Santander,2023-06-19,3,2023-07-10,3.5159688,2.2613125
42,2023,Norte De Santander,2023-06-19,4,2023-07-17,2.2645223,2.19393
42,2023,Norte De Santander,2023-06-26,1,2023-07-03,2.3837078,2.4936461
42,2023,Norte De Santander,2023-06-26,2,2023-07-10,3.5159688,2.4319808
42,2023,Norte De Santander,2023-06-26,3,2023-07-17,2.2645223,2.5025609
42,2023,Norte De Santander,2023-06-26,4,2023-07-24,3.8735256,2.4677181
42,2023,Norte De Santander,2023-07-03,1,2023-07-10,3.5159688,2.733022
42,2023,Norte De Santander,2023-07-03,2,2023-07-17,2.2645223,2.6590447
42,2023,Norte De Santander,2023-07-03,3,2023-07-24,3.8735256,2.7316465
42,2023,Norte De Santander,2023-07-03,4,2023-07-31,3.7543397,2.631732
42,2023,Norte De Santander,2023-07-10,1,2023-07-17,2.2645223,2.759358
42,2023,Norte De Santander,2023-07-10,2,2023-07-24,3.8735256,2.6634731
42,2023,Norte De Santander,2023-07-10,3,2023-07-31,3.7543397,2.71249
42,2023,Norte De Santander,2023-07-10,4,2023-08-07,3.6351542,2.5714118
42,2023,Norte De Santander,2023-07-17,1,2023-07-24,3.8735256,3.4542363
42,2023,Norte De Santander,2023-07-17,2,2023-07-31,3.7543397,3.4352636
42,2023,Norte De Santander,2023-07-17,3,2023-08-07,3.6351542,3.486368
42,2023,Norte De Santander,2023-07-17,4,2023-08-14,3.9927104,3.3356287
42,2023,Norte De Santander,2023-07-24,1,2023-07-31,3.7543397,3.2687545
42,2023,Norte De Santander,2023-07-24,2,2023-08-07,3.6351542,3.2513325
42,2023,Norte De Santander,2023-07-24,3,2023-08-14,3.9927104,3.3325813
42,2023,Norte De Santander,2023-07-24,4,2023-08-21,3.3967838,3.2780213
42,2023,Norte De Santander,2023-07-31,1,2023-08-07,3.6351542,4.046378
42,2023,Norte De Santander,2023-07-31,2,2023-08-14,3.9927104,3.9342878
42,2023,Norte De Santander,2023-07-31,3,2023-08-21,3.3967838,4.035965
42,2023,Norte De Santander,2023-07-31,4,2023-08-28,4.4694524,3.928492
42,2023,Norte De Santander,2023-08-07,1,2023-08-14,3.9927104,4.148967
42,2023,Norte De Santander,2023-08-07,2,2023-08-21,3.3967838,4.0376854
42,2023,Norte De Santander,2023-08-07,3,2023-08-28,4.4694524,4.1071405
42,2023,Norte De Santander,2023-08-07,4,2023-09-04,4.8270082,3.9739168
42,2023,Norte De Santander,2023-08-14,1,2023-08-21,3.3967838,4.273516
42,2023,Norte De Santander,2023-08-14,2,2023-08-28,4.4694524,4.1691194
42,2023,Norte De Santander,2023-08-14,3,2023-09-04,4.8270082,4.2200556
42,2023,Norte De Santander,2023-08-14,4,2023-09-11,4.6482306,4.1023808
42,2023,Norte De Santander,2023-08-21,1,2023-08-28,4.4694524,4.4394736
42,2023,Norte De Santander,2023-08-21,2,2023-09-04,4.8270082,4.337045
42,2023,Norte De Santander,2023-08-21,3,2023-09-11,4.6482306,4.444888
42,2023,Norte De Santander,2023-08-21,4,2023-09-18,4.7674155,4.3652897
42,2023,Norte De Santander,2023-08-28,1,2023-09-04,4.8270082,4.1883674
42,2023,Norte De Santander,2023-08-28,2,2023-09-11,4.6482306,4.078299
42,2023,Norte De Santander,2023-08-28,3,2023-09-18,4.7674155,4.166381
42,2023,Norte De Santander,2023-08-28,4,2023-09-25,5.1249714,4.151499
42,2023,Norte De Santander,2023-09-04,1,2023-09-11,4.6482306,4.810151
42,2023,Norte De Santander,2023-09-04,2,2023-09-18,4.7674155,4.8018165
42,2023,Norte De Santander,2023-09-04,3,2023-09-25,5.1249714,4.907545
42,2023,Norte De Santander,2023-09-04,4,2023-10-02,3.6947474,4.926171
42,2023,Norte De Santander,2023-09-11,1,2023-09-18,4.7674155,5.6863503
42,2023,Norte De Santander,2023-09-11,2,2023-09-25,5.1249714,5.6476064
42,2023,Norte De Santander,2023-09-11,3,2023-10-02,3.6947474,5.7806945
42,2023,Norte De Santander,2023-09-11,4,2023-10-09,4.171489,5.6299286
42,2023,Norte De Santander,2023-09-18,1,2023-09-25,5.1249714,5.6002755
42,2023,Norte De Santander,2023-09-18,2,2023-10-02,3.6947474,5.395471
42,2023,Norte De Santander,2023-09-18,3,2023-10-09,4.171489,5.5019455
42,2023,Norte De Santander,2023-09-18,4,2023-10-16,6.19764,5.4206285
42,2023,Norte De Santander,2023-09-25,1,2023-10-02,3.6947474,5.5475707
42,2023,Norte De Santander,2023-09-25,2,2023-10-09,4.171489,5.476309
42,2023,Norte De Santander,2023-09-25,3,2023-10-16,6.19764,5.5775533
42,2023,Norte De Santander,2023-09-25,4,2023-10-23,5.065379,5.6048603
42,2023,Norte De Santander,2023-10-02,1,2023-10-09,4.171489,5.7926626
42,2023,Norte De Santander,2023-10-02,2,2023-10-16,6.19764,5.759655
42,2023,Norte De Santander,2023-10-02,3,2023-10-23,5.065379,5.9206867
42,2023,Norte De Santander,2023-10-02,4,2023-10-30,4.9461937,5.9624395
42,2023,Norte De Santander,2023-10-09,1,2023-10-16,6.19764,5.0008783
42,2023,Norte De Santander,2023-10-09,2,2023-10-23,5.065379,4.928416
42,2023,Norte De Santander,2023-10-09,3,2023-10-30,4.9461937,5.057853
42,2023,Norte De Santander,2023-10-09,4,2023-11-06,5.3633423,5.1113367
42,2023,Norte De Santander,2023-10-16,1,2023-10-23,5.065379,5.0628295
42,2023,Norte De Santander,2023-10-16,2,2023-10-30,4.9461937,5.008863
42,2023,Norte De Santander,2023-10-16,3,2023-11-06,5.3633423,5.099538
42,2023,Norte De Santander,2023-10-16,4,2023-11-13,5.720899,5.2348146
42,2023,Norte De Santander,2023-10-23,1,2023-10-30,4.9461937,6.249707
42,2023,Norte De Santander,2023-10-23,2,2023-11-06,5.3633423,6.2962217
42,2023,Norte De Santander,2023-10-23,3,2023-11-13,5.720899,6.5919423
42,2023,Norte De Santander,2023-10-23,4,2023-11-20,6.7935677,6.614433
42,2023,Norte De Santander,2023-10-30,1,2023-11-06,5.3633423,6.055378
42,2023,Norte De Santander,2023-10-30,2,2023-11-13,5.720899,5.9669304
42,2023,Norte De Santander,2023-10-30,3,2023-11-20,6.7935677,6.261
42,2023,Norte De Santander,2023-10-30,4,2023-11-27,5.661306,6.256796
42,2023,Norte De Santander,2023-11-06,1,2023-11-13,5.720899,5.5369534
42,2023,Norte De Santander,2023-11-06,2,2023-11-20,6.7935677,5.4322615
42,2023,Norte De Santander,2023-11-06,3,2023-11-27,5.661306,5.6451693
42,2023,Norte De Santander,2023-11-06,4,2023-12-04,6.436011,5.656167
42,2023,Norte De Santander,2023-11-13,1,2023-11-20,6.7935677,6.3164864
42,2023,Norte De Santander,2023-11-13,2,2023-11-27,5.661306,6.330839
42,2023,Norte De Santander,2023-11-13,3,2023-12-04,6.436011,6.514312
42,2023,Norte De Santander,2023-11-13,4,2023-12-11,6.8531594,6.375946
42,2023,Norte De Santander,2023-11-20,1,2023-11-27,5.661306,6.633095
42,2023,Norte De Santander,2023-11-20,2,2023-12-04,6.436011,6.5026793
42,2023,Norte De Santander,2023-11-20,3,2023-12-11,6.8531594,6.7300124
42,2023,Norte De Santander,2023-11-20,4,2023-12-18,7.985421,6.5856295
42,2023,Norte De Santander,2023-11-27,1,2023-12-04,6.436011,7.557931
42,2023,Norte De Santander,2023-11-27,2,2023-12-11,6.8531594,7.272693
42,2023,Norte De Santander,2023-11-27,3,2023-12-18,7.985421,7.5609612
42,2023,Norte De Santander,2023-11-27,4,2023-12-25,7.8066435,7.322933
42,2023,Putumayo,2023-01-23,1,2023-01-30,5.527465,2.7860725
42,2023,Putumayo,2023-01-23,2,2023-02-06,5.7906775,2.7942367
42,2023,Putumayo,2023-01-23,3,2023-02-13,5.7906775,2.782987
42,2023,Putumayo,2023-01-23,4,2023-02-20,7.633166,2.9787
42,2023,Putumayo,2023-01-30,1,2023-02-06,5.7906775,3.5034122
42,2023,Putumayo,2023-01-30,2,2023-02-13,5.7906775,3.4015667
42,2023,Putumayo,2023-01-30,3,2023-02-20,7.633166,3.3203714
42,2023,Putumayo,2023-01-30,4,2023-02-27,6.580316,3.3621013
42,2023,Putumayo,2023-02-06,1,2023-02-13,5.7906775,4.6613092
42,2023,Putumayo,2023-02-06,2,2023-02-20,7.633166,4.7071185
42,2023,Putumayo,2023-02-06,3,2023-02-27,6.580316,4.7040386
42,2023,Putumayo,2023-02-06,4,2023-03-06,7.106741,4.6554766
42,2023,Putumayo,2023-02-13,1,2023-02-20,7.633166,5.3496695
42,2023,Putumayo,2023-02-13,2,2023-02-27,6.580316,5.5182886
42,2023,Putumayo,2023-02-13,3,2023-03-06,7.106741,5.590099
42,2023,Putumayo,2023-02-13,4,2023-03-13,8.422803,5.7036276
42,2023,Putumayo,2023-02-20,1,2023-02-27,6.580316,5.512224
42,2023,Putumayo,2023-02-20,2,2023-03-06,7.106741,5.4935017
42,2023,Putumayo,2023-02-20,3,2023-03-13,8.422803,5.6491666
42,2023,Putumayo,2023-02-20,4,2023-03-20,6.317103,5.8020487
42,2023,Putumayo,2023-02-27,1,2023-03-06,7.106741,6.9184957
42,2023,Putumayo,2023-02-27,2,2023-03-13,8.422803,7.090269
42,2023,Putumayo,2023-02-27,3,2023-03-20,6.317103,7.105678
42,2023,Putumayo,2023-02-27,4,2023-03-27,8.422803,7.2331944
42,2023,Putumayo,2023-03-06,1,2023-03-13,8.422803,7.081561
42,2023,Putumayo,2023-03-06,2,2023-03-20,6.317103,7.494615
42,2023,Putumayo,2023-03-06,3,2023-03-27,8.422803,7.520381
42,2023,Putumayo,2023-03-06,4,2023-04-03,7.106741,7.608758
42,2023,Putumayo,2023-03-13,1,2023-03-20,6.317103,7.345275
42,2023,Putumayo,2023-03-13,2,2023-03-27,8.422803,7.582796
42,2023,Putumayo,2023-03-13,3,2023-04-03,7.106741,7.914291
42,2023,Putumayo,2023-03-13,4,2023-04-10,6.580316,7.9710875
42,2023,Putumayo,2023-03-20,1,2023-03-27,8.422803,7.6704354
42,2023,Putumayo,2023-03-20,2,2023-04-03,7.106741,8.004997
42,2023,Putumayo,2023-03-20,3,2023-04-10,6.580316,8.131167
42,2023,Putumayo,2023-03-20,4,2023-04-17,7.8963795,8.228189
42,2023,Putumayo,2023-03-27,1,2023-04-03,7.106741,7.265562
42,2023,Putumayo,2023-03-27,2,2023-04-10,6.580316,7.428441
42,2023,Putumayo,2023-03-27,3,2023-04-17,7.8963795,7.2928295
42,2023,Putumayo,2023-03-27,4,2023-04-24,6.580316,7.350593
42,2023,Putumayo,2023-04-03,1,2023-04-10,6.580316,8.119681
42,2023,Putumayo,2023-04-03,2,2023-04-17,7.8963795,7.844432
42,2023,Putumayo,2023-04-03,3,2023-04-24,6.580316,7.7587442
42,2023,Putumayo,2023-04-03,4,2023-05-01,9.475654,7.7397575
42,2023,Putumayo,2023-04-10,1,2023-04-17,7.8963795,6.9161587
42,2023,Putumayo,2023-04-10,2,2023-04-24,6.580316,6.877765
42,2023,Putumayo,2023-04-10,3,2023-05-01,9.475654,6.872643
42,2023,Putumayo,2023-04-10,4,2023-05-08,6.317103,6.91247
42,2023,Putumayo,2023-04-17,1,2023-04-24,6.580316,7.3038816
42,2023,Putumayo,2023-04-17,2,2023-05-01,9.475654,7.4544134
42,2023,Putumayo,2023-04-17,3,2023-05-08,6.317103,7.42321
42,2023,Putumayo,2023-04-17,4,2023-05-15,5.0010395,7.3709335
42,2023,Putumayo,2023-04-24,1,2023-05-01,9.475654,7.8378363
42,2023,Putumayo,2023-04-24,2,2023-05-08,6.317103,7.6175203
42,2023,Putumayo,2023-04-24,3,2023-05-15,5.0010395,7.627641
42,2023,Putumayo,2023-04-24,4,2023-05-22,5.264252,7.477393
42,2023,Putumayo,2023-05-01,1,2023-05-08,6.317103,6.636932
42,2023,Putumayo,2023-05-01,2,2023-05-15,5.0010395,6.2651224
42,2023,Putumayo,2023-05-01,3,2023-05-22,5.264252,6.189916
42,2023,Putumayo,2023-05-01,4,2023-05-29,6.317103,6.038655
42,2023,Putumayo,2023-05-08,1,2023-05-15,5.0010395,7.3116856
42,2023,Putumayo,2023-05-08,2,2023-05-22,5.264252,7.1282024
42,2023,Putumayo,2023-05-08,3,2023-05-29,6.317103,6.921262
42,2023,Putumayo,2023-05-08,4,2023-06-05,4.4746146,6.8397875
42,2023,Putumayo,2023-05-15,1,2023-05-22,5.264252,6.877814
42,2023,Putumayo,2023-05-15,2,2023-05-29,6.317103,6.449284
42,2023,Putumayo,2023-05-15,3,2023-06-05,4.4746146,6.31393
42,2023,Putumayo,2023-05-15,4,2023-06-12,3.4217641,6.01192
42,2023,Putumayo,2023-05-22,1,2023-05-29,6.317103,5.3971868
42,2023,Putumayo,2023-05-22,2,2023-06-05,4.4746146,4.8874354
42,2023,Putumayo,2023-05-22,3,2023-06-12,3.4217641,4.7032366
42,2023,Putumayo,2023-05-22,4,2023-06-19,5.7906775,4.630944
42,2023,Putumayo,2023-05-29,1,2023-06-05,4.4746146,5.22863
42,2023,Putumayo,2023-05-29,2,2023-06-12,3.4217641,4.913331
42,2023,Putumayo,2023-05-29,3,2023-06-19,5.7906775,4.829943
42,2023,Putumayo,2023-05-29,4,2023-06-26,2.8953388,4.7467117
42,2023,Putumayo,2023-06-05,1,2023-06-12,3.4217641,5.641308
42,2023,Putumayo,2023-06-05,2,2023-06-19,5.7906775,5.3246627
42,2023,Putumayo,2023-06-05,3,2023-06-26,2.8953388,5.3925204
42,2023,Putumayo,2023-06-05,4,2023-07-03,3.1585517,5.1621456
42,2023,Putumayo,2023-06-12,1,2023-06-19,5.7906775,4.44922
42,2023,Putumayo,2023-06-12,2,2023-06-26,2.8953388,4.139632
42,2023,Putumayo,2023-06-12,3,2023-07-03,3.1585517,4.068971
42,2023,Putumayo,2023-06-12,4,2023-07-10,5.527465,3.89694
42,2023,Putumayo,2023-06-19,1,2023-06-26,2.8953388,3.806354
42,2023,Putumayo,2023-06-19,2,2023-07-03,3.1585517,3.4219725
42,2023,Putumayo,2023-06-19,3,2023-07-10,5.527465,3.3783128
42,2023,Putumayo,2023-06-19,4,2023-07-17,4.211402,3.1663222
42,2023,Putumayo,2023-06-26,1,2023-07-03,3.1585517,4.4713674
42,2023,Putumayo,2023-06-26,2,2023-07-10,5.527465,4.0174255
42,2023,Putumayo,2023-06-26,3,2023-07-17,4.211402,3.9885888
42,2023,Putumayo,2023-06-26,4,2023-07-24,5.7906775,3.7496674
42,2023,Putumayo,2023-07-03,1,2023-07-10,5.527465,3.3014963
42,2023,Putumayo,2023-07-03,2,2023-07-17,4.211402,3.0180326
42,2023,Putumayo,2023-07-03,3,2023-07-24,5.7906775,2.946736
42,2023,Putumayo,2023-07-03,4,2023-07-31,4.4746146,2.778168
42,2023,Putumayo,2023-07-10,1,2023-07-17,4.211402,2.6424813
42,2023,Putumayo,2023-07-10,2,2023-07-24,5.7906775,2.4099689
42,2023,Putumayo,2023-07-10,3,2023-07-31,4.4746146,2.3788168
42,2023,Putumayo,2023-07-10,4,2023-08-07,3.6849763,2.2163002
42,2023,Putumayo,2023-07-17,1,2023-07-24,5.7906775,3.5621169
42,2023,Putumayo,2023-07-17,2,2023-07-31,4.4746146,3.2465937
42,2023,Putumayo,2023-07-17,3,2023-08-07,3.6849763,3.2637138
42,2023,Putumayo,2023-07-17,4,2023-08-14,3.1585517,3.0844064
42,2023,Putumayo,2023-07-24,1,2023-07-31,4.4746146,3.2095857
42,2023,Putumayo,2023-07-24,2,2023-08-07,3.6849763,2.8992605
42,2023,Putumayo,2023-07-24,3,2023-08-14,3.1585517,2.9411042
42,2023,Putumayo,2023-07-24,4,2023-08-21,2.632126,2.720487
42,2023,Putumayo,2023-07-31,1,2023-08-07,3.6849763,3.0470223
42,2023,Putumayo,2023-07-31,2,2023-08-14,3.1585517,2.79057
42,2023,Putumayo,2023-07-31,3,2023-08-21,2.632126,2.8498623
42,2023,Putumayo,2023-07-31,4,2023-08-28,3.4217641,2.5510354
42,2023,Putumayo,2023-08-07,1,2023-08-14,3.1585517,3.348032
42,2023,Putumayo,2023-08-07,2,2023-08-21,2.632126,3.1091673
42,2023,Putumayo,2023-08-07,3,2023-08-28,3.4217641,3.0724921
42,2023,Putumayo,2023-08-07,4,2023-09-04,1.5792757,2.8333032
42,2023,Putumayo,2023-08-14,1,2023-08-21,2.632126,3.0392144
42,2023,Putumayo,2023-08-14,2,2023-08-28,3.4217641,2.7757173
42,2023,Putumayo,2023-08-14,3,2023-09-04,1.5792757,2.7809675
42,2023,Putumayo,2023-08-14,4,2023-09-11,2.1057007,2.5643468
42,2023,Putumayo,2023-08-21,1,2023-08-28,3.4217641,2.7821786
42,2023,Putumayo,2023-08-21,2,2023-09-04,1.5792757,2.4948304
42,2023,Putumayo,2023-08-21,3,2023-09-11,2.1057007,2.608792
42,2023,Putumayo,2023-08-21,4,2023-09-18,3.1585517,2.328332
42,2023,Putumayo,2023-08-28,1,2023-09-04,1.5792757,2.3037546
42,2023,Putumayo,2023-08-28,2,2023-09-11,2.1057007,2.168133
42,2023,Putumayo,2023-08-28,3,2023-09-18,3.1585517,2.236303
42,2023,Putumayo,2023-08-28,4,2023-09-25,0.7896378,2.0931208
42,2023,Putumayo,2023-09-04,1,2023-09-11,2.1057007,2.618589
42,2023,Putumayo,2023-09-04,2,2023-09-18,3.1585517,2.4304192
42,2023,Putumayo,2023-09-04,3,2023-09-25,0.7896378,2.4926376
42,2023,Putumayo,2023-09-04,4,2023-10-02,0.7896378,2.3327
42,2023,Putumayo,2023-09-11,1,2023-09-18,3.1585517,2.0166454
42,2023,Putumayo,2023-09-11,2,2023-09-25,0.7896378,1.8942196
42,2023,Putumayo,2023-09-11,3,2023-10-02,0.7896378,1.9436405
42,2023,Putumayo,2023-09-11,4,2023-10-09,3.1585517,1.8192343
42,2023,Putumayo,2023-09-18,1,2023-09-25,0.7896378,1.9515251
42,2023,Putumayo,2023-09-18,2,2023-10-02,0.7896378,1.7996883
42,2023,Putumayo,2023-09-18,3,2023-10-09,3.1585517,1.8654504
42,2023,Putumayo,2023-09-18,4,2023-10-16,3.1585517,1.7927487
42,2023,Putumayo,2023-09-25,1,2023-10-02,0.7896378,2.344453
42,2023,Putumayo,2023-09-25,2,2023-10-09,3.1585517,2.2299974
42,2023,Putumayo,2023-09-25,3,2023-10-16,3.1585517,2.313479
42,2023,Putumayo,2023-09-25,4,2023-10-23,2.3689137,2.2737443
42,2023,Putumayo,2023-10-02,1,2023-10-09,3.1585517,1.7750626
42,2023,Putumayo,2023-10-02,2,2023-10-16,3.1585517,1.6784701
42,2023,Putumayo,2023-10-02,3,2023-10-23,2.3689137,1.7453781
42,2023,Putumayo,2023-10-02,4,2023-10-30,5.7906775,1.6704979
42,2023,Putumayo,2023-10-09,1,2023-10-16,3.1585517,1.4624127
42,2023,Putumayo,2023-10-09,2,2023-10-23,2.3689137,1.3959932
42,2023,Putumayo,2023-10-09,3,2023-10-30,5.7906775,1.4467189
42,2023,Putumayo,2023-10-09,4,2023-11-06,3.948189,1.3891021
42,2023,Putumayo,2023-10-16,1,2023-10-23,2.3689137,1.8982049
42,2023,Putumayo,2023-10-16,2,2023-10-30,5.7906775,1.8339325
42,2023,Putumayo,2023-10-16,3,2023-11-06,3.948189,1.9269276
42,2023,Putumayo,2023-10-16,4,2023-11-13,3.1585517,1.811809
42,2023,Putumayo,2023-10-23,1,2023-10-30,5.7906775,2.4081917
42,2023,Putumayo,2023-10-23,2,2023-11-06,3.948189,2.3180003
42,2023,Putumayo,2023-10-23,3,2023-11-13,3.1585517,2.4122872
42,2023,Putumayo,2023-10-23,4,2023-11-20,5.0010395,2.3400195
42,2023,Putumayo,2023-10-30,1,2023-11-06,3.948189,2.4255686
42,2023,Putumayo,2023-10-30,2,2023-11-13,3.1585517,2.4258177
42,2023,Putumayo,2023-10-30,3,2023-11-20,5.0010395,2.519202
42,2023,Putumayo,2023-10-30,4,2023-11-27,3.4217641,2.5360036
42,2023,Putumayo,2023-11-06,1,2023-11-13,3.1585517,3.3832726
42,2023,Putumayo,2023-11-06,2,2023-11-20,5.0010395,3.3814118
42,2023,Putumayo,2023-11-06,3,2023-11-27,3.4217641,3.5895288
42,2023,Putumayo,2023-11-06,4,2023-12-04,6.8435287,3.426885
42,2023,Putumayo,2023-11-13,1,2023-11-20,5.0010395,3.8798914
42,2023,Putumayo,2023-11-13,2,2023-11-27,3.4217641,3.980406
42,2023,Putumayo,2023-11-13,3,2023-12-04,6.8435287,4.12044
42,2023,Putumayo,2023-11-13,4,2023-12-11,7.3699536,4.1674523
42,2023,Putumayo,2023-11-20,1,2023-11-27,3.4217641,3.7315524
42,2023,Putumayo,2023-11-20,2,2023-12-04,6.8435287,3.8688946
42,2023,Putumayo,2023-11-20,3,2023-12-11,7.3699536,3.970876
42,2023,Putumayo,2023-11-20,4,2023-12-18,5.264252,4.093356
42,2023,Putumayo,2023-11-27,1,2023-12-04,6.8435287,4.173105
42,2023,Putumayo,2023-11-27,2,2023-12-11,7.3699536,4.224463
42,2023,Putumayo,2023-11-27,3,2023-12-18,5.264252,4.4269705
42,2023,Putumayo,2023-11-27,4,2023-12-25,7.3699536,4.303615
42,2023,Quindio,2023-01-23,1,2023-01-30,0.0,0.054075383
42,2023,Quindio,2023-01-23,2,2023-02-06,0.18014124,0.08388286
42,2023,Quindio,2023-01-23,3,2023-02-13,0.18014124,0.052121006
42,2023,Quindio,2023-01-23,4,2023-02-20,1.9815537,0.07082248
42,2023,Quindio,2023-01-30,1,2023-02-06,0.18014124,0.07537791
42,2023,Quindio,2023-01-30,2,2023-02-13,0.18014124,0.10625243
42,2023,Quindio,2023-01-30,3,2023-02-20,1.9815537,0.08185123
42,2023,Quindio,2023-01-30,4,2023-02-27,0.18014124,0.09436832
42,2023,Quindio,2023-02-06,1,2023-02-13,0.18014124,0.055863414
42,2023,Quindio,2023-02-06,2,2023-02-20,1.9815537,0.07436659
42,2023,Quindio,2023-02-06,3,2023-02-27,0.18014124,0.057930507
42,2023,Quindio,2023-02-06,4,2023-03-06,0.5404237,0.06627617
42,2023,Quindio,2023-02-13,1,2023-02-20,1.9815537,0.039839685
42,2023,Quindio,2023-02-13,2,2023-02-27,0.18014124,0.045397572
42,2023,Quindio,2023-02-13,3,2023-03-06,0.5404237,0.030729458
42,2023,Quindio,2023-02-13,4,2023-03-13,0.5404237,0.041869145
42,2023,Quindio,2023-02-20,1,2023-02-27,0.18014124,0.041101404
42,2023,Quindio,2023-02-20,2,2023-03-06,0.5404237,0.058741424
42,2023,Quindio,2023-02-20,3,2023-03-13,0.5404237,0.016443579
42,2023,Quindio,2023-02-20,4,2023-03-20,0.7205649,0.047570836
42,2023,Quindio,2023-02-27,1,2023-03-06,0.5404237,0.3292654
42,2023,Quindio,2023-02-27,2,2023-03-13,0.5404237,0.34562993
42,2023,Quindio,2023-02-27,3,2023-03-20,0.7205649,0.2905236
42,2023,Quindio,2023-02-27,4,2023-03-27,0.36028248,0.30838388
42,2023,Quindio,2023-03-06,1,2023-03-13,0.5404237,0.3319981
42,2023,Quindio,2023-03-06,2,2023-03-20,0.7205649,0.34207696
42,2023,Quindio,2023-03-06,3,2023-03-27,0.36028248,0.32246208
42,2023,Quindio,2023-03-06,4,2023-04-03,0.7205649,0.34550315
42,2023,Quindio,2023-03-13,1,2023-03-20,0.7205649,0.42917576
42,2023,Quindio,2023-03-13,2,2023-03-27,0.36028248,0.45043212
42,2023,Quindio,2023-03-13,3,2023-04-03,0.7205649,0.4515631
42,2023,Quindio,2023-03-13,4,2023-04-10,0.0,0.46665698
42,2023,Quindio,2023-03-20,1,2023-03-27,0.36028248,0.41830587
42,2023,Quindio,2023-03-20,2,2023-04-03,0.7205649,0.44792038
42,2023,Quindio,2023-03-20,3,2023-04-10,0.0,0.45507562
42,2023,Quindio,2023-03-20,4,2023-04-17,0.18014124,0.44241646
42,2023,Quindio,2023-03-27,1,2023-04-03,0.7205649,0.33594394
42,2023,Quindio,2023-03-27,2,2023-04-10,0.0,0.36513352
42,2023,Quindio,2023-03-27,3,2023-04-17,0.18014124,0.36281806
42,2023,Quindio,2023-03-27,4,2023-04-24,0.5404237,0.3553717
42,2023,Quindio,2023-04-03,1,2023-04-10,0.0,0.3004962
42,2023,Quindio,2023-04-03,2,2023-04-17,0.18014124,0.32210895
42,2023,Quindio,2023-04-03,3,2023-04-24,0.5404237,0.30615917
42,2023,Quindio,2023-04-03,4,2023-05-01,0.5404237,0.31379405
42,2023,Quindio,2023-04-10,1,2023-04-17,0.18014124,0.35657716
42,2023,Quindio,2023-04-10,2,2023-04-24,0.5404237,0.38312364
42,2023,Quindio,2023-04-10,3,2023-05-01,0.5404237,0.3585784
42,2023,Quindio,2023-04-10,4,2023-05-08,0.36028248,0.36372766
42,2023,Quindio,2023-04-17,1,2023-04-24,0.5404237,0.33454365
42,2023,Quindio,2023-04-17,2,2023-05-01,0.5404237,0.3480663
42,2023,Quindio,2023-04-17,3,2023-05-08,0.36028248,0.33356857
42,2023,Quindio,2023-04-17,4,2023-05-15,0.36028248,0.35096818
42,2023,Quindio,2023-04-24,1,2023-05-01,0.5404237,0.2984519
42,2023,Quindio,2023-04-24,2,2023-05-08,0.36028248,0.32826546
42,2023,Quindio,2023-04-24,3,2023-05-15,0.36028248,0.28955328
42,2023,Quindio,2023-04-24,4,2023-05-22,0.18014124,0.3168601
42,2023,Quindio,2023-05-01,1,2023-05-08,0.36028248,0.3342433
42,2023,Quindio,2023-05-01,2,2023-05-15,0.36028248,0.3624131
42,2023,Quindio,2023-05-01,3,2023-05-22,0.18014124,0.3151721
42,2023,Quindio,2023-05-01,4,2023-05-29,0.18014124,0.3347746
42,2023,Quindio,2023-05-08,1,2023-05-15,0.36028248,0.3098835
42,2023,Quindio,2023-05-08,2,2023-05-22,0.18014124,0.33676687
42,2023,Quindio,2023-05-08,3,2023-05-29,0.18014124,0.3052658
42,2023,Quindio,2023-05-08,4,2023-06-05,0.36028248,0.31933752
42,2023,Quindio,2023-05-15,1,2023-05-22,0.18014124,0.31435376
42,2023,Quindio,2023-05-15,2,2023-05-29,0.18014124,0.33439076
42,2023,Quindio,2023-05-15,3,2023-06-05,0.36028248,0.2992606
42,2023,Quindio,2023-05-15,4,2023-06-12,0.18014124,0.31550568
42,2023,Quindio,2023-05-22,1,2023-05-29,0.18014124,0.27583262
42,2023,Quindio,2023-05-22,2,2023-06-05,0.36028248,0.29422003
42,2023,Quindio,2023-05-22,3,2023-06-12,0.18014124,0.26170874
42,2023,Quindio,2023-05-22,4,2023-06-19,0.0,0.2763051
42,2023,Quindio,2023-05-29,1,2023-06-05,0.36028248,0.23946615
42,2023,Quindio,2023-05-29,2,2023-06-12,0.18014124,0.25997153
42,2023,Quindio,2023-05-29,3,2023-06-19,0.0,0.21445702
42,2023,Quindio,2023-05-29,4,2023-06-26,0.18014124,0.2261816
42,2023,Quindio,2023-06-05,1,2023-06-12,0.18014124,0.19796555
42,2023,Quindio,2023-06-05,2,2023-06-19,0.0,0.21751589
42,2023,Quindio,2023-06-05,3,2023-06-26,0.18014124,0.18257862
42,2023,Quindio,2023-06-05,4,2023-07-03,0.36028248,0.18191874
42,2023,Quindio,2023-06-12,1,2023-06-19,0.0,0.17011304
42,2023,Quindio,2023-06-12,2,2023-06-26,0.18014124,0.18718645
42,2023,Quindio,2023-06-12,3,2023-07-03,0.36028248,0.16934663
42,2023,Quindio,2023-06-12,4,2023-07-10,0.18014124,0.14028871
42,2023,Quindio,2023-06-19,1,2023-06-26,0.18014124,0.19814761
42,2023,Quindio,2023-06-19,2,2023-07-03,0.36028248,0.20998876
42,2023,Quindio,2023-06-19,3,2023-07-10,0.18014124,0.20324077
42,2023,Quindio,2023-06-19,4,2023-07-17,0.18014124,0.17114556
42,2023,Quindio,2023-06-26,1,2023-07-03,0.36028248,0.15474841
42,2023,Quindio,2023-06-26,2,2023-07-10,0.18014124,0.17161588
42,2023,Quindio,2023-06-26,3,2023-07-17,0.18014124,0.1615495
42,2023,Quindio,2023-06-26,4,2023-07-24,0.5404237,0.14951779
42,2023,Quindio,2023-07-03,1,2023-07-10,0.18014124,0.1307033
42,2023,Quindio,2023-07-03,2,2023-07-17,0.18014124,0.14014335
42,2023,Quindio,2023-07-03,3,2023-07-24,0.5404237,0.118741125
42,2023,Quindio,2023-07-03,4,2023-07-31,0.7205649,0.1325842
42,2023,Quindio,2023-07-10,1,2023-07-17,0.18014124,0.16473956
42,2023,Quindio,2023-07-10,2,2023-07-24,0.5404237,0.17199782
42,2023,Quindio,2023-07-10,3,2023-07-31,0.7205649,0.15504584
42,2023,Quindio,2023-07-10,4,2023-08-07,0.18014124,0.15798979
42,2023,Quindio,2023-07-17,1,2023-07-24,0.5404237,0.16156468
42,2023,Quindio,2023-07-17,2,2023-07-31,0.7205649,0.15984729
42,2023,Quindio,2023-07-17,3,2023-08-07,0.18014124,0.13916397
42,2023,Quindio,2023-07-17,4,2023-08-14,0.5404237,0.15965873
42,2023,Quindio,2023-07-24,1,2023-07-31,0.7205649,0.15631147
42,2023,Quindio,2023-07-24,2,2023-08-07,0.18014124,0.14900917
42,2023,Quindio,2023-07-24,3,2023-08-14,0.5404237,0.13030496
42,2023,Quindio,2023-07-24,4,2023-08-21,0.90070623,0.15698698
42,2023,Quindio,2023-07-31,1,2023-08-07,0.18014124,0.22561054
42,2023,Quindio,2023-07-31,2,2023-08-14,0.5404237,0.22112806
42,2023,Quindio,2023-07-31,3,2023-08-21,0.90070623,0.20244464
42,2023,Quindio,2023-07-31,4,2023-08-28,1.0808474,0.22626643
42,2023,Quindio,2023-08-07,1,2023-08-14,0.5404237,0.2562163
42,2023,Quindio,2023-08-07,2,2023-08-21,0.90070623,0.2584602
42,2023,Quindio,2023-08-07,3,2023-08-28,1.0808474,0.2223768
42,2023,Quindio,2023-08-07,4,2023-09-04,0.5404237,0.2541233
42,2023,Quindio,2023-08-14,1,2023-08-21,0.90070623,0.22021253
42,2023,Quindio,2023-08-14,2,2023-08-28,1.0808474,0.21791296
42,2023,Quindio,2023-08-14,3,2023-09-04,0.5404237,0.20513071
42,2023,Quindio,2023-08-14,4,2023-09-11,0.5404237,0.2299658
42,2023,Quindio,2023-08-21,1,2023-08-28,1.0808474,0.24815165
42,2023,Quindio,2023-08-21,2,2023-09-04,0.5404237,0.24140571
42,2023,Quindio,2023-08-21,3,2023-09-11,0.5404237,0.23806006
42,2023,Quindio,2023-08-21,4,2023-09-18,1.2609886,0.25390747
42,2023,Quindio,2023-08-28,1,2023-09-04,0.5404237,0.3791221
42,2023,Quindio,2023-08-28,2,2023-09-11,0.5404237,0.3860718
42,2023,Quindio,2023-08-28,3,2023-09-18,1.2609886,0.3681974
42,2023,Quindio,2023-08-28,4,2023-09-25,1.4411299,0.3733621
42,2023,Quindio,2023-09-04,1,2023-09-11,0.5404237,0.50939506
42,2023,Quindio,2023-09-04,2,2023-09-18,1.2609886,0.51260465
42,2023,Quindio,2023-09-04,3,2023-09-25,1.4411299,0.52027404
42,2023,Quindio,2023-09-04,4,2023-10-02,1.6212711,0.54092246
42,2023,Quindio,2023-09-11,1,2023-09-18,1.2609886,0.5911225
42,2023,Quindio,2023-09-11,2,2023-09-25,1.4411299,0.5986449
42,2023,Quindio,2023-09-11,3,2023-10-02,1.6212711,0.6317345
42,2023,Quindio,2023-09-11,4,2023-10-09,1.8014123,0.65079534
42,2023,Quindio,2023-09-18,1,2023-09-25,1.4411299,0.5994102
42,2023,Quindio,2023-09-18,2,2023-10-02,1.6212711,0.60371155
42,2023,Quindio,2023-09-18,3,2023-10-09,1.8014123,0.6202668
42,2023,Quindio,2023-09-18,4,2023-10-16,1.6212711,0.64164525
42,2023,Quindio,2023-09-25,1,2023-10-02,1.6212711,0.6869139
42,2023,Quindio,2023-09-25,2,2023-10-09,1.8014123,0.6898713
42,2023,Quindio,2023-09-25,3,2023-10-16,1.6212711,0.7198309
42,2023,Quindio,2023-09-25,4,2023-10-23,1.4411299,0.7484658
42,2023,Quindio,2023-10-02,1,2023-10-09,1.8014123,0.73744637
42,2023,Quindio,2023-10-02,2,2023-10-16,1.6212711,0.7291467
42,2023,Quindio,2023-10-02,3,2023-10-23,1.4411299,0.77085876
42,2023,Quindio,2023-10-02,4,2023-10-30,1.0808474,0.8111847
42,2023,Quindio,2023-10-09,1,2023-10-16,1.6212711,0.9076616
42,2023,Quindio,2023-10-09,2,2023-10-23,1.4411299,0.88843614
42,2023,Quindio,2023-10-09,3,2023-10-30,1.0808474,0.92927665
42,2023,Quindio,2023-10-09,4,2023-11-06,0.7205649,1.016744
42,2023,Quindio,2023-10-16,1,2023-10-23,1.4411299,1.2510222
42,2023,Quindio,2023-10-16,2,2023-10-30,1.0808474,1.2497406
42,2023,Quindio,2023-10-16,3,2023-11-06,0.7205649,1.3173082
42,2023,Quindio,2023-10-16,4,2023-11-13,1.8014123,1.4203137
42,2023,Quindio,2023-10-23,1,2023-10-30,1.0808474,1.4359893
42,2023,Quindio,2023-10-23,2,2023-11-06,0.7205649,1.4103191
42,2023,Quindio,2023-10-23,3,2023-11-13,1.8014123,1.5210207
42,2023,Quindio,2023-10-23,4,2023-11-20,1.6212711,1.6684331
42,2023,Quindio,2023-10-30,1,2023-11-06,0.7205649,1.4856123
42,2023,Quindio,2023-10-30,2,2023-11-13,1.8014123,1.4348372
42,2023,Quindio,2023-10-30,3,2023-11-20,1.6212711,1.5531948
42,2023,Quindio,2023-10-30,4,2023-11-27,2.8822598,1.6710626
42,2023,Quindio,2023-11-06,1,2023-11-13,1.8014123,1.2659522
42,2023,Quindio,2023-11-06,2,2023-11-20,1.6212711,1.249503
42,2023,Quindio,2023-11-06,3,2023-11-27,2.8822598,1.3316913
42,2023,Quindio,2023-11-06,4,2023-12-04,2.1616945,1.398033
42,2023,Quindio,2023-11-13,1,2023-11-20,1.6212711,1.0913153
42,2023,Quindio,2023-11-13,2,2023-11-27,2.8822598,1.0887349
42,2023,Quindio,2023-11-13,3,2023-12-04,2.1616945,1.174301
42,2023,Quindio,2023-11-13,4,2023-12-11,2.341836,1.2856358
42,2023,Quindio,2023-11-20,1,2023-11-27,2.8822598,1.156995
42,2023,Quindio,2023-11-20,2,2023-12-04,2.1616945,1.1590925
42,2023,Quindio,2023-11-20,3,2023-12-11,2.341836,1.2446924
42,2023,Quindio,2023-11-20,4,2023-12-18,2.1616945,1.3404241
42,2023,Quindio,2023-11-27,1,2023-12-04,2.1616945,1.4324963
42,2023,Quindio,2023-11-27,2,2023-12-11,2.341836,1.433491
42,2023,Quindio,2023-11-27,3,2023-12-18,2.1616945,1.4838383
42,2023,Quindio,2023-11-27,4,2023-12-25,1.9815537,1.6320888
42,2023,Risaralda,2023-01-23,1,2023-01-30,0.10087377,0.052041367
42,2023,Risaralda,2023-01-23,2,2023-02-06,0.30262133,0.068250865
42,2023,Risaralda,2023-01-23,3,2023-02-13,0.30262133,0.02486504
42,2023,Risaralda,2023-01-23,4,2023-02-20,0.0,0.05952609
42,2023,Risaralda,2023-01-30,1,2023-02-06,0.30262133,0.05095837
42,2023,Risaralda,2023-01-30,2,2023-02-13,0.30262133,0.065871365
42,2023,Risaralda,2023-01-30,3,2023-02-20,0.0,0.03919451
42,2023,Risaralda,2023-01-30,4,2023-02-27,0.0,0.061443597
42,2023,Risaralda,2023-02-06,1,2023-02-13,0.30262133,0.058592338
42,2023,Risaralda,2023-02-06,2,2023-02-20,0.0,0.06479274
42,2023,Risaralda,2023-02-06,3,2023-02-27,0.0,0.059165087
42,2023,Risaralda,2023-02-06,4,2023-03-06,0.10087377,0.06888255
42,2023,Risaralda,2023-02-13,1,2023-02-20,0.0,0.09825129
42,2023,Risaralda,2023-02-13,2,2023-02-27,0.0,0.09569139
42,2023,Risaralda,2023-02-13,3,2023-03-06,0.10087377,0.09619118
42,2023,Risaralda,2023-02-13,4,2023-03-13,0.10087377,0.105890326
42,2023,Risaralda,2023-02-20,1,2023-02-27,0.0,0.13529871
42,2023,Risaralda,2023-02-20,2,2023-03-06,0.10087377,0.13882644
42,2023,Risaralda,2023-02-20,3,2023-03-13,0.10087377,0.11523719
42,2023,Risaralda,2023-02-20,4,2023-03-20,0.10087377,0.14074081
42,2023,Risaralda,2023-02-27,1,2023-03-06,0.10087377,0.12614985
42,2023,Risaralda,2023-02-27,2,2023-03-13,0.10087377,0.123156406
42,2023,Risaralda,2023-02-27,3,2023-03-20,0.10087377,0.0955086
42,2023,Risaralda,2023-02-27,4,2023-03-27,0.10087377,0.12373961
42,2023,Risaralda,2023-03-06,1,2023-03-13,0.10087377,0.10132241
42,2023,Risaralda,2023-03-06,2,2023-03-20,0.10087377,0.095384486
42,2023,Risaralda,2023-03-06,3,2023-03-27,0.10087377,0.07463188
42,2023,Risaralda,2023-03-06,4,2023-04-03,0.0,0.10236327
42,2023,Risaralda,2023-03-13,1,2023-03-20,0.10087377,0.07714686
42,2023,Risaralda,2023-03-13,2,2023-03-27,0.10087377,0.08561354
42,2023,Risaralda,2023-03-13,3,2023-04-03,0.0,0.059006087
42,2023,Risaralda,2023-03-13,4,2023-04-10,0.10087377,0.08188309
42,2023,Risaralda,2023-03-20,1,2023-03-27,0.10087377,0.052599162
42,2023,Risaralda,2023-03-20,2,2023-04-03,0.0,0.063939385
42,2023,Risaralda,2023-03-20,3,2023-04-10,0.10087377,0.029308982
42,2023,Risaralda,2023-03-20,4,2023-04-17,0.10087377,0.049000002
42,2023,Risaralda,2023-03-27,1,2023-04-03,0.0,0.03837645
42,2023,Risaralda,2023-03-27,2,2023-04-10,0.10087377,0.04636982
42,2023,Risaralda,2023-03-27,3,2023-04-17,0.10087377,0.017016644
42,2023,Risaralda,2023-03-27,4,2023-04-24,0.10087377,0.036832016
42,2023,Risaralda,2023-04-03,1,2023-04-10,0.10087377,0.050883163
42,2023,Risaralda,2023-04-03,2,2023-04-17,0.10087377,0.05235277
42,2023,Risaralda,2023-04-03,3,2023-04-24,0.10087377,0.021738183
42,2023,Risaralda,2023-04-03,4,2023-05-01,0.10087377,0.034285937
42,2023,Risaralda,2023-04-10,1,2023-04-17,0.10087377,0.057677653
42,2023,Risaralda,2023-04-10,2,2023-04-24,0.10087377,0.066048756
42,2023,Risaralda,2023-04-10,3,2023-05-01,0.10087377,0.02923651
42,2023,Risaralda,2023-04-10,4,2023-05-08,0.40349504,0.046457093
42,2023,Risaralda,2023-04-17,1,2023-04-24,0.10087377,0.05813182
42,2023,Risaralda,2023-04-17,2,2023-05-01,0.10087377,0.06548697
42,2023,Risaralda,2023-04-17,3,2023-05-08,0.40349504,0.038705114
42,2023,Risaralda,2023-04-17,4,2023-05-15,0.20174754,0.049821384
42,2023,Risaralda,2023-04-24,1,2023-05-01,0.10087377,0.06829017
42,2023,Risaralda,2023-04-24,2,2023-05-08,0.40349504,0.08404503
42,2023,Risaralda,2023-04-24,3,2023-05-15,0.20174754,0.050643165
42,2023,Risaralda,2023-04-24,4,2023-05-22,0.0,0.061300386
42,2023,Risaralda,2023-05-01,1,2023-05-08,0.40349504,0.06766739
42,2023,Risaralda,2023-05-01,2,2023-05-15,0.20174754,0.0783214
42,2023,Risaralda,2023-05-01,3,2023-05-22,0.0,0.055780966
42,2023,Risaralda,2023-05-01,4,2023-05-29,0.10087377,0.050881855
42,2023,Risaralda,2023-05-08,1,2023-05-15,0.20174754,0.057336915
42,2023,Risaralda,2023-05-08,2,2023-05-22,0.0,0.06629136
42,2023,Risaralda,2023-05-08,3,2023-05-29,0.10087377,0.04783894
42,2023,Risaralda,2023-05-08,4,2023-06-05,0.10087377,0.042749446
42,2023,Risaralda,2023-05-15,1,2023-05-22,0.0,0.10591805
42,2023,Risaralda,2023-05-15,2,2023-05-29,0.10087377,0.12153749
42,2023,Risaralda,2023-05-15,3,2023-06-05,0.10087377,0.10034533
42,2023,Risaralda,2023-05-15,4,2023-06-12,0.10087377,0.101896025
42,2023,Risaralda,2023-05-22,1,2023-05-29,0.10087377,0.11485914
42,2023,Risaralda,2023-05-22,2,2023-06-05,0.10087377,0.121981755
42,2023,Risaralda,2023-05-22,3,2023-06-12,0.10087377,0.08429718
42,2023,Risaralda,2023-05-22,4,2023-06-19,0.20174754,0.10200692
42,2023,Risaralda,2023-05-29,1,2023-06-05,0.10087377,0.09723727
42,2023,Risaralda,2023-05-29,2,2023-06-12,0.10087377,0.10657282
42,2023,Risaralda,2023-05-29,3,2023-06-19,0.20174754,0.059586342
42,2023,Risaralda,2023-05-29,4,2023-06-26,0.20174754,0.07993316
42,2023,Risaralda,2023-06-05,1,2023-06-12,0.10087377,0.09139936
42,2023,Risaralda,2023-06-05,2,2023-06-19,0.20174754,0.10398502
42,2023,Risaralda,2023-06-05,3,2023-06-26,0.20174754,0.06843757
42,2023,Risaralda,2023-06-05,4,2023-07-03,0.10087377,0.07399147
42,2023,Risaralda,2023-06-12,1,2023-06-19,0.20174754,0.0681958
42,2023,Risaralda,2023-06-12,2,2023-06-26,0.20174754,0.084216736
42,2023,Risaralda,2023-06-12,3,2023-07-03,0.10087377,0.069789566
42,2023,Risaralda,2023-06-12,4,2023-07-10,0.40349504,0.051638294
42,2023,Risaralda,2023-06-19,1,2023-06-26,0.20174754,0.07459697
42,2023,Risaralda,2023-06-19,2,2023-07-03,0.10087377,0.08908997
42,2023,Risaralda,2023-06-19,3,2023-07-10,0.40349504,0.08299456
42,2023,Risaralda,2023-06-19,4,2023-07-17,0.0,0.060012396
42,2023,Risaralda,2023-06-26,1,2023-07-03,0.10087377,0.094948575
42,2023,Risaralda,2023-06-26,2,2023-07-10,0.40349504,0.108577766
42,2023,Risaralda,2023-06-26,3,2023-07-17,0.0,0.09815176
42,2023,Risaralda,2023-06-26,4,2023-07-24,0.10087377,0.08756326
42,2023,Risaralda,2023-07-03,1,2023-07-10,0.40349504,0.10943198
42,2023,Risaralda,2023-07-03,2,2023-07-17,0.0,0.12039308
42,2023,Risaralda,2023-07-03,3,2023-07-24,0.10087377,0.105044544
42,2023,Risaralda,2023-07-03,4,2023-07-31,0.10087377,0.10534913
42,2023,Risaralda,2023-07-10,1,2023-07-17,0.0,0.10869026
42,2023,Risaralda,2023-07-10,2,2023-07-24,0.10087377,0.12822191
42,2023,Risaralda,2023-07-10,3,2023-07-31,0.10087377,0.10728966
42,2023,Risaralda,2023-07-10,4,2023-08-07,0.6052426,0.10820587
42,2023,Risaralda,2023-07-17,1,2023-07-24,0.10087377,0.1474425
42,2023,Risaralda,2023-07-17,2,2023-07-31,0.10087377,0.16030912
42,2023,Risaralda,2023-07-17,3,2023-08-07,0.6052426,0.13781816
42,2023,Risaralda,2023-07-17,4,2023-08-14,0.6052426,0.14664333
42,2023,Risaralda,2023-07-24,1,2023-07-31,0.10087377,0.12726249
42,2023,Risaralda,2023-07-24,2,2023-08-07,0.6052426,0.13705757
42,2023,Risaralda,2023-07-24,3,2023-08-14,0.6052426,0.11986551
42,2023,Risaralda,2023-07-24,4,2023-08-21,0.30262133,0.13139646
42,2023,Risaralda,2023-07-31,1,2023-08-07,0.6052426,0.11811226
42,2023,Risaralda,2023-07-31,2,2023-08-14,0.6052426,0.12706062
42,2023,Risaralda,2023-07-31,3,2023-08-21,0.30262133,0.11677345
42,2023,Risaralda,2023-07-31,4,2023-08-28,0.6052426,0.12209034
42,2023,Risaralda,2023-08-07,1,2023-08-14,0.6052426,0.10594628
42,2023,Risaralda,2023-08-07,2,2023-08-21,0.30262133,0.117618546
42,2023,Risaralda,2023-08-07,3,2023-08-28,0.6052426,0.09716734
42,2023,Risaralda,2023-08-07,4,2023-09-04,0.50436884,0.10857637
42,2023,Risaralda,2023-08-14,1,2023-08-21,0.30262133,0.14816898
42,2023,Risaralda,2023-08-14,2,2023-08-28,0.6052426,0.15443878
42,2023,Risaralda,2023-08-14,3,2023-09-04,0.50436884,0.13761176
42,2023,Risaralda,2023-08-14,4,2023-09-11,0.6052426,0.14728177
42,2023,Risaralda,2023-08-21,1,2023-08-28,0.6052426,0.18791522
42,2023,Risaralda,2023-08-21,2,2023-09-04,0.50436884,0.19649622
42,2023,Risaralda,2023-08-21,3,2023-09-11,0.6052426,0.18394665
42,2023,Risaralda,2023-08-21,4,2023-09-18,0.8069902,0.18922836
42,2023,Risaralda,2023-08-28,1,2023-09-04,0.50436884,0.20019817
42,2023,Risaralda,2023-08-28,2,2023-09-11,0.6052426,0.21976268
42,2023,Risaralda,2023-08-28,3,2023-09-18,0.8069902,0.19687666
42,2023,Risaralda,2023-08-28,4,2023-09-25,0.40349504,0.20298629
42,2023,Risaralda,2023-09-04,1,2023-09-11,0.6052426,0.27337927
42,2023,Risaralda,2023-09-04,2,2023-09-18,0.8069902,0.27753952
42,2023,Risaralda,2023-09-04,3,2023-09-25,0.40349504,0.28385153
42,2023,Risaralda,2023-09-04,4,2023-10-02,0.8069902,0.28335035
42,2023,Risaralda,2023-09-11,1,2023-09-18,0.8069902,0.3113303
42,2023,Risaralda,2023-09-11,2,2023-09-25,0.40349504,0.30248117
42,2023,Risaralda,2023-09-11,3,2023-10-02,0.8069902,0.33368042
42,2023,Risaralda,2023-09-11,4,2023-10-09,0.70611644,0.32961914
42,2023,Risaralda,2023-09-18,1,2023-09-25,0.40349504,0.3505124
42,2023,Risaralda,2023-09-18,2,2023-10-02,0.8069902,0.34121835
42,2023,Risaralda,2023-09-18,3,2023-10-09,0.70611644,0.37315676
42,2023,Risaralda,2023-09-18,4,2023-10-16,0.40349504,0.37572488
42,2023,Risaralda,2023-09-25,1,2023-10-02,0.8069902,0.40051726
42,2023,Risaralda,2023-09-25,2,2023-10-09,0.70611644,0.39078668
42,2023,Risaralda,2023-09-25,3,2023-10-16,0.40349504,0.4395487
42,2023,Risaralda,2023-09-25,4,2023-10-23,0.40349504,0.43009552
42,2023,Risaralda,2023-10-02,1,2023-10-09,0.70611644,0.38923573
42,2023,Risaralda,2023-10-02,2,2023-10-16,0.40349504,0.3790351
42,2023,Risaralda,2023-10-02,3,2023-10-23,0.40349504,0.42583448
42,2023,Risaralda,2023-10-02,4,2023-10-30,0.70611644,0.41998312
42,2023,Risaralda,2023-10-09,1,2023-10-16,0.40349504,0.4413693
42,2023,Risaralda,2023-10-09,2,2023-10-23,0.40349504,0.43645322
42,2023,Risaralda,2023-10-09,3,2023-10-30,0.70611644,0.47360292
42,2023,Risaralda,2023-10-09,4,2023-11-06,0.9078639,0.47025043
42,2023,Risaralda,2023-10-16,1,2023-10-23,0.40349504,0.44484743
42,2023,Risaralda,2023-10-16,2,2023-10-30,0.70611644,0.4454099
42,2023,Risaralda,2023-10-16,3,2023-11-06,0.9078639,0.4926293
42,2023,Risaralda,2023-10-16,4,2023-11-13,0.8069902,0.483454
42,2023,Risaralda,2023-10-23,1,2023-10-30,0.70611644,0.42657554
42,2023,Risaralda,2023-10-23,2,2023-11-06,0.9078639,0.41706038
42,2023,Risaralda,2023-10-23,3,2023-11-13,0.8069902,0.4820357
42,2023,Risaralda,2023-10-23,4,2023-11-20,1.1096114,0.47692013
42,2023,Risaralda,2023-10-30,1,2023-11-06,0.9078639,0.3944724
42,2023,Risaralda,2023-10-30,2,2023-11-13,0.8069902,0.38973796
42,2023,Risaralda,2023-10-30,3,2023-11-20,1.1096114,0.43768847
42,2023,Risaralda,2023-10-30,4,2023-11-27,1.2104852,0.44700313
42,2023,Risaralda,2023-11-06,1,2023-11-13,0.8069902,0.40421045
42,2023,Risaralda,2023-11-06,2,2023-11-20,1.1096114,0.40512174
42,2023,Risaralda,2023-11-06,3,2023-11-27,1.2104852,0.43877316
42,2023,Risaralda,2023-11-06,4,2023-12-04,0.8069902,0.45315203
42,2023,Risaralda,2023-11-13,1,2023-11-20,1.1096114,0.49434263
42,2023,Risaralda,2023-11-13,2,2023-11-27,1.2104852,0.49620116
42,2023,Risaralda,2023-11-13,3,2023-12-04,0.8069902,0.5530757
42,2023,Risaralda,2023-11-13,4,2023-12-11,1.0087377,0.5513593
42,2023,Risaralda,2023-11-20,1,2023-11-27,1.2104852,0.52685744
42,2023,Risaralda,2023-11-20,2,2023-12-04,0.8069902,0.5349085
42,2023,Risaralda,2023-11-20,3,2023-12-11,1.0087377,0.5740328
42,2023,Risaralda,2023-11-20,4,2023-12-18,0.8069902,0.60288155
42,2023,Risaralda,2023-11-27,1,2023-12-04,0.8069902,0.7384361
42,2023,Risaralda,2023-11-27,2,2023-12-11,1.0087377,0.74763817
42,2023,Risaralda,2023-11-27,3,2023-12-18,0.8069902,0.7849576
42,2023,Risaralda,2023-11-27,4,2023-12-25,1.311359,0.8471388
42,2023,Santander,2023-01-23,1,2023-01-30,1.6945082,2.419275
42,2023,Santander,2023-01-23,2,2023-02-06,1.9063215,2.3787303
42,2023,Santander,2023-01-23,3,2023-02-13,2.3299487,2.3711689
42,2023,Santander,2023-01-23,4,2023-02-20,2.4993994,2.4120061
42,2023,Santander,2023-01-30,1,2023-02-06,1.9063215,2.7638981
42,2023,Santander,2023-01-30,2,2023-02-13,2.3299487,2.7273781
42,2023,Santander,2023-01-30,3,2023-02-20,2.4993994,2.70262
42,2023,Santander,2023-01-30,4,2023-02-27,1.9486846,2.6202104
42,2023,Santander,2023-02-06,1,2023-02-13,2.3299487,2.4876137
42,2023,Santander,2023-02-06,2,2023-02-20,2.4993994,2.362235
42,2023,Santander,2023-02-06,3,2023-02-27,1.9486846,2.3804774
42,2023,Santander,2023-02-06,4,2023-03-06,1.9063215,2.3176973
42,2023,Santander,2023-02-13,1,2023-02-20,2.4993994,2.01249
42,2023,Santander,2023-02-13,2,2023-02-27,1.9486846,1.893258
42,2023,Santander,2023-02-13,3,2023-03-06,1.9063215,1.9434661
42,2023,Santander,2023-02-13,4,2023-03-13,2.245223,1.9419608
42,2023,Santander,2023-02-20,1,2023-02-27,1.9486846,2.127817
42,2023,Santander,2023-02-20,2,2023-03-06,1.9063215,2.0301714
42,2023,Santander,2023-02-20,3,2023-03-13,2.245223,2.0686414
42,2023,Santander,2023-02-20,4,2023-03-20,1.7792336,2.0910013
42,2023,Santander,2023-02-27,1,2023-03-06,1.9063215,2.3512704
42,2023,Santander,2023-02-27,2,2023-03-13,2.245223,2.2703514
42,2023,Santander,2023-02-27,3,2023-03-20,1.7792336,2.2596471
42,2023,Santander,2023-02-27,4,2023-03-27,2.711213,2.2725797
42,2023,Santander,2023-03-06,1,2023-03-13,2.245223,2.3940837
42,2023,Santander,2023-03-06,2,2023-03-20,1.7792336,2.386419
42,2023,Santander,2023-03-06,3,2023-03-27,2.711213,2.4259892
42,2023,Santander,2023-03-06,4,2023-04-03,1.6521455,2.5204003
42,2023,Santander,2023-03-13,1,2023-03-20,1.7792336,2.406267
42,2023,Santander,2023-03-13,2,2023-03-27,2.711213,2.3684952
42,2023,Santander,2023-03-13,3,2023-04-03,1.6521455,2.4864
42,2023,Santander,2023-03-13,4,2023-04-10,2.6264877,2.6124098
42,2023,Santander,2023-03-20,1,2023-03-27,2.711213,2.0869203
42,2023,Santander,2023-03-20,2,2023-04-03,1.6521455,2.0343053
42,2023,Santander,2023-03-20,3,2023-04-10,2.6264877,2.1333208
42,2023,Santander,2023-03-20,4,2023-04-17,3.007752,2.2425797
42,2023,Santander,2023-03-27,1,2023-04-03,1.6521455,2.1490777
42,2023,Santander,2023-03-27,2,2023-04-10,2.6264877,2.1458213
42,2023,Santander,2023-03-27,3,2023-04-17,3.007752,2.1719577
42,2023,Santander,2023-03-27,4,2023-04-24,3.6431925,2.2807388
42,2023,Santander,2023-04-03,1,2023-04-10,2.6264877,2.789425
42,2023,Santander,2023-04-03,2,2023-04-17,3.007752,2.8040254
42,2023,Santander,2023-04-03,3,2023-04-24,3.6431925,2.8316882
42,2023,Santander,2023-04-03,4,2023-05-01,4.151545,2.882612
42,2023,Santander,2023-04-10,1,2023-04-17,3.007752,2.4506218
42,2023,Santander,2023-04-10,2,2023-04-24,3.6431925,2.4682064
42,2023,Santander,2023-04-10,3,2023-05-01,4.151545,2.553852
42,2023,Santander,2023-04-10,4,2023-05-08,4.659897,2.6307106
42,2023,Santander,2023-04-17,1,2023-04-24,3.6431925,2.6823287
42,2023,Santander,2023-04-17,2,2023-05-01,4.151545,2.796658
42,2023,Santander,2023-04-17,3,2023-05-08,4.659897,2.9015691
42,2023,Santander,2023-04-17,4,2023-05-15,5.2106123,2.9948578
42,2023,Santander,2023-04-24,1,2023-05-01,4.151545,3.3351815
42,2023,Santander,2023-04-24,2,2023-05-08,4.659897,3.4283142
42,2023,Santander,2023-04-24,3,2023-05-15,5.2106123,3.545827
42,2023,Santander,2023-04-24,4,2023-05-22,5.083524,3.6431432
42,2023,Santander,2023-05-01,1,2023-05-08,4.659897,3.9315774
42,2023,Santander,2023-05-01,2,2023-05-15,5.2106123,3.966484
42,2023,Santander,2023-05-01,3,2023-05-22,5.083524,3.98967
42,2023,Santander,2023-05-01,4,2023-05-29,6.8627577,4.003825
42,2023,Santander,2023-05-08,1,2023-05-15,5.2106123,4.708196
42,2023,Santander,2023-05-08,2,2023-05-22,5.083524,4.7533445
42,2023,Santander,2023-05-08,3,2023-05-29,6.8627577,4.7838864
42,2023,Santander,2023-05-08,4,2023-06-05,6.3967676,4.6974025
42,2023,Santander,2023-05-15,1,2023-05-22,5.083524,5.4873676
42,2023,Santander,2023-05-15,2,2023-05-29,6.8627577,5.4991455
42,2023,Santander,2023-05-15,3,2023-06-05,6.3967676,5.6336102
42,2023,Santander,2023-05-15,4,2023-06-12,6.3120427,5.522124
42,2023,Santander,2023-05-22,1,2023-05-29,6.8627577,5.3140287
42,2023,Santander,2023-05-22,2,2023-06-05,6.3967676,5.2647357
42,2023,Santander,2023-05-22,3,2023-06-12,6.3120427,5.351128
42,2023,Santander,2023-05-22,4,2023-06-19,5.591877,5.345839
42,2023,Santander,2023-05-29,1,2023-06-05,6.3967676,5.587561
42,2023,Santander,2023-05-29,2,2023-06-12,6.3120427,5.5941443
42,2023,Santander,2023-05-29,3,2023-06-19,5.591877,5.659049
42,2023,Santander,2023-05-29,4,2023-06-26,6.7356706,5.6401544
42,2023,Santander,2023-06-05,1,2023-06-12,6.3120427,7.0918703
42,2023,Santander,2023-06-05,2,2023-06-19,5.591877,7.074283
42,2023,Santander,2023-06-05,3,2023-06-26,6.7356706,7.1814046
42,2023,Santander,2023-06-05,4,2023-07-03,6.6509447,6.943904
42,2023,Santander,2023-06-12,1,2023-06-19,5.591877,7.4446774
42,2023,Santander,2023-06-12,2,2023-06-26,6.7356706,7.395672
42,2023,Santander,2023-06-12,3,2023-07-03,6.6509447,7.441736
42,2023,Santander,2023-06-12,4,2023-07-10,8.3878145,7.05771
42,2023,Santander,2023-06-19,1,2023-06-26,6.7356706,7.408099
42,2023,Santander,2023-06-19,2,2023-07-03,6.6509447,7.1309795
42,2023,Santander,2023-06-19,3,2023-07-10,8.3878145,7.1123753
42,2023,Santander,2023-06-19,4,2023-07-17,7.837101,6.8498573
42,2023,Santander,2023-06-26,1,2023-07-03,6.6509447,6.772762
42,2023,Santander,2023-06-26,2,2023-07-10,8.3878145,6.590219
42,2023,Santander,2023-06-26,3,2023-07-17,7.837101,6.548407
42,2023,Santander,2023-06-26,4,2023-07-24,8.641991,6.41392
42,2023,Santander,2023-07-03,1,2023-07-10,8.3878145,7.02732
42,2023,Santander,2023-07-03,2,2023-07-17,7.837101,6.800745
42,2023,Santander,2023-07-03,3,2023-07-24,8.641991,6.7772255
42,2023,Santander,2023-07-03,4,2023-07-31,9.701059,6.592949
42,2023,Santander,2023-07-10,1,2023-07-17,7.837101,6.8132997
42,2023,Santander,2023-07-10,2,2023-07-24,8.641991,6.5358467
42,2023,Santander,2023-07-10,3,2023-07-31,9.701059,6.5246296
42,2023,Santander,2023-07-10,4,2023-08-07,9.9552355,6.2967186
42,2023,Santander,2023-07-17,1,2023-07-24,8.641991,8.281548
42,2023,Santander,2023-07-17,2,2023-07-31,9.701059,7.97334
42,2023,Santander,2023-07-17,3,2023-08-07,9.9552355,7.9800625
42,2023,Santander,2023-07-17,4,2023-08-14,11.268479,7.6821003
42,2023,Santander,2023-07-24,1,2023-07-31,9.701059,8.552836
42,2023,Santander,2023-07-24,2,2023-08-07,9.9552355,8.246244
42,2023,Santander,2023-07-24,3,2023-08-14,11.268479,8.277516
42,2023,Santander,2023-07-24,4,2023-08-21,11.988645,8.007114
42,2023,Santander,2023-07-31,1,2023-08-07,9.9552355,9.017021
42,2023,Santander,2023-07-31,2,2023-08-14,11.268479,8.439744
42,2023,Santander,2023-07-31,3,2023-08-21,11.988645,8.480631
42,2023,Santander,2023-07-31,4,2023-08-28,10.3365,8.201061
42,2023,Santander,2023-08-07,1,2023-08-14,11.268479,8.963057
42,2023,Santander,2023-08-07,2,2023-08-21,11.988645,8.3575115
42,2023,Santander,2023-08-07,3,2023-08-28,10.3365,8.369667
42,2023,Santander,2023-08-07,4,2023-09-04,12.920626,8.14088
42,2023,Santander,2023-08-14,1,2023-08-21,11.988645,10.1229725
42,2023,Santander,2023-08-14,2,2023-08-28,10.3365,9.59507
42,2023,Santander,2023-08-14,3,2023-09-04,12.920626,9.591453
42,2023,Santander,2023-08-14,4,2023-09-11,12.835899,9.291461
42,2023,Santander,2023-08-21,1,2023-08-28,10.3365,11.347743
42,2023,Santander,2023-08-21,2,2023-09-04,12.920626,10.626934
42,2023,Santander,2023-08-21,3,2023-09-11,12.835899,10.655478
42,2023,Santander,2023-08-21,4,2023-09-18,10.717765,10.391474
42,2023,Santander,2023-08-28,1,2023-09-04,12.920626,11.89667
42,2023,Santander,2023-08-28,2,2023-09-11,12.835899,11.132508
42,2023,Santander,2023-08-28,3,2023-09-18,10.717765,11.20673
42,2023,Santander,2023-08-28,4,2023-09-25,14.403317,10.857804
42,2023,Santander,2023-09-04,1,2023-09-11,12.835899,11.73931
42,2023,Santander,2023-09-04,2,2023-09-18,10.717765,11.116161
42,2023,Santander,2023-09-04,3,2023-09-25,14.403317,11.122698
42,2023,Santander,2023-09-04,4,2023-10-02,12.200457,10.772255
42,2023,Santander,2023-09-11,1,2023-09-18,10.717765,13.49621
42,2023,Santander,2023-09-11,2,2023-09-25,14.403317,12.727092
42,2023,Santander,2023-09-11,3,2023-10-02,12.200457,12.672327
42,2023,Santander,2023-09-11,4,2023-10-09,14.657497,11.995552
42,2023,Santander,2023-09-18,1,2023-09-25,14.403317,13.010813
42,2023,Santander,2023-09-18,2,2023-10-02,12.200457,11.971818
42,2023,Santander,2023-09-18,3,2023-10-09,14.657497,11.968908
42,2023,Santander,2023-09-18,4,2023-10-16,14.276231,11.282276
42,2023,Santander,2023-09-25,1,2023-10-02,12.200457,12.09843
42,2023,Santander,2023-09-25,2,2023-10-09,14.657497,11.273904
42,2023,Santander,2023-09-25,3,2023-10-16,14.276231,11.2207775
42,2023,Santander,2023-09-25,4,2023-10-23,12.158097,10.776555
42,2023,Santander,2023-10-02,1,2023-10-09,14.657497,14.782558
42,2023,Santander,2023-10-02,2,2023-10-16,14.276231,13.841988
42,2023,Santander,2023-10-02,3,2023-10-23,12.158097,13.777133
42,2023,Santander,2023-10-02,4,2023-10-30,11.226116,13.320439
42,2023,Santander,2023-10-09,1,2023-10-16,14.276231,13.4509535
42,2023,Santander,2023-10-09,2,2023-10-23,12.158097,12.6045265
42,2023,Santander,2023-10-09,3,2023-10-30,11.226116,12.55331
42,2023,Santander,2023-10-09,4,2023-11-06,10.378862,12.118228
42,2023,Santander,2023-10-16,1,2023-10-23,12.158097,15.203153
42,2023,Santander,2023-10-16,2,2023-10-30,11.226116,14.224974
42,2023,Santander,2023-10-16,3,2023-11-06,10.378862,14.163575
42,2023,Santander,2023-10-16,4,2023-11-13,11.988645,13.748433
42,2023,Santander,2023-10-23,1,2023-10-30,11.226116,15.858594
42,2023,Santander,2023-10-23,2,2023-11-06,10.378862,15.144289
42,2023,Santander,2023-10-23,3,2023-11-13,11.988645,14.972695
42,2023,Santander,2023-10-23,4,2023-11-20,11.607381,14.31221
42,2023,Santander,2023-10-30,1,2023-11-06,10.378862,14.361435
42,2023,Santander,2023-10-30,2,2023-11-13,11.988645,13.157043
42,2023,Santander,2023-10-30,3,2023-11-20,11.607381,12.966932
42,2023,Santander,2023-10-30,4,2023-11-27,12.158097,12.370833
42,2023,Santander,2023-11-06,1,2023-11-13,11.988645,12.053245
42,2023,Santander,2023-11-06,2,2023-11-20,11.607381,10.928315
42,2023,Santander,2023-11-06,3,2023-11-27,12.158097,10.798628
42,2023,Santander,2023-11-06,4,2023-12-04,11.861558,10.465046
42,2023,Santander,2023-11-13,1,2023-11-20,11.607381,12.099145
42,2023,Santander,2023-11-13,2,2023-11-27,12.158097,11.2806425
42,2023,Santander,2023-11-13,3,2023-12-04,11.861558,11.165862
42,2023,Santander,2023-11-13,4,2023-12-11,14.699857,10.9140215
42,2023,Santander,2023-11-20,1,2023-11-27,12.158097,12.51243
42,2023,Santander,2023-11-20,2,2023-12-04,11.861558,11.606741
42,2023,Santander,2023-11-20,3,2023-12-11,14.699857,11.579935
42,2023,Santander,2023-11-20,4,2023-12-18,14.318593,11.316403
42,2023,Santander,2023-11-27,1,2023-12-04,11.861558,12.816694
42,2023,Santander,2023-11-27,2,2023-12-11,14.699857,11.691299
42,2023,Santander,2023-11-27,3,2023-12-18,14.318593,11.65511
42,2023,Santander,2023-11-27,4,2023-12-25,13.640789,11.237432
42,2023,Sucre,2023-01-23,1,2023-01-30,8.365068,6.0944376
42,2023,Sucre,2023-01-23,2,2023-02-06,8.962572,5.848565
42,2023,Sucre,2023-01-23,3,2023-02-13,8.365068,5.73447
42,2023,Sucre,2023-01-23,4,2023-02-20,7.4688096,5.610814
42,2023,Sucre,2023-01-30,1,2023-02-06,8.962572,7.575825
42,2023,Sucre,2023-01-30,2,2023-02-13,8.365068,7.037347
42,2023,Sucre,2023-01-30,3,2023-02-20,7.4688096,7.015961
42,2023,Sucre,2023-01-30,4,2023-02-27,6.1742163,6.7309394
42,2023,Sucre,2023-02-06,1,2023-02-13,8.365068,7.208103
42,2023,Sucre,2023-02-06,2,2023-02-20,7.4688096,6.771776
42,2023,Sucre,2023-02-06,3,2023-02-27,6.1742163,6.6511164
42,2023,Sucre,2023-02-06,4,2023-03-06,4.879623,6.290267
42,2023,Sucre,2023-02-13,1,2023-02-20,7.4688096,6.5014544
42,2023,Sucre,2023-02-13,2,2023-02-27,6.1742163,6.003219
42,2023,Sucre,2023-02-13,3,2023-03-06,4.879623,5.9112024
42,2023,Sucre,2023-02-13,4,2023-03-13,5.7758794,5.5673757
42,2023,Sucre,2023-02-20,1,2023-02-27,6.1742163,5.9885745
42,2023,Sucre,2023-02-20,2,2023-03-06,4.879623,5.5331297
42,2023,Sucre,2023-02-20,3,2023-03-13,5.7758794,5.4612017
42,2023,Sucre,2023-02-20,4,2023-03-20,3.9833653,5.0432544
42,2023,Sucre,2023-02-27,1,2023-03-06,4.879623,5.9440217
42,2023,Sucre,2023-02-27,2,2023-03-13,5.7758794,5.4859123
42,2023,Sucre,2023-02-27,3,2023-03-20,3.9833653,5.4136124
42,2023,Sucre,2023-02-27,4,2023-03-27,2.8879397,5.041507
42,2023,Sucre,2023-03-06,1,2023-03-13,5.7758794,5.1042447
42,2023,Sucre,2023-03-06,2,2023-03-20,3.9833653,4.7844205
42,2023,Sucre,2023-03-06,3,2023-03-27,2.8879397,4.7161174
42,2023,Sucre,2023-03-06,4,2023-04-03,2.290435,4.452965
42,2023,Sucre,2023-03-13,1,2023-03-20,3.9833653,4.003671
42,2023,Sucre,2023-03-13,2,2023-03-27,2.8879397,3.776795
42,2023,Sucre,2023-03-13,3,2023-04-03,2.290435,3.721832
42,2023,Sucre,2023-03-13,4,2023-04-10,5.3775434,3.5776422
42,2023,Sucre,2023-03-20,1,2023-03-27,2.8879397,3.8249106
42,2023,Sucre,2023-03-20,2,2023-04-03,2.290435,3.6167808
42,2023,Sucre,2023-03-20,3,2023-04-10,5.3775434,3.5788605
42,2023,Sucre,2023-03-20,4,2023-04-17,3.087108,3.4474823
42,2023,Sucre,2023-03-27,1,2023-04-03,2.290435,3.2915373
42,2023,Sucre,2023-03-27,2,2023-04-10,5.3775434,3.0362012
42,2023,Sucre,2023-03-27,3,2023-04-17,3.087108,2.9738727
42,2023,Sucre,2023-03-27,4,2023-04-24,3.8837812,2.8447466
42,2023,Sucre,2023-04-03,1,2023-04-10,5.3775434,2.6957173
42,2023,Sucre,2023-04-03,2,2023-04-17,3.087108,2.4670174
42,2023,Sucre,2023-04-03,3,2023-04-24,3.8837812,2.3828406
42,2023,Sucre,2023-04-03,4,2023-05-01,2.4896033,2.301898
42,2023,Sucre,2023-04-10,1,2023-04-17,3.087108,2.134828
42,2023,Sucre,2023-04-10,2,2023-04-24,3.8837812,1.9937506
42,2023,Sucre,2023-04-10,3,2023-05-01,2.4896033,1.9145418
42,2023,Sucre,2023-04-10,4,2023-05-08,2.6887717,1.9712999
42,2023,Sucre,2023-04-17,1,2023-04-24,3.8837812,3.0608206
42,2023,Sucre,2023-04-17,2,2023-05-01,2.4896033,3.0521839
42,2023,Sucre,2023-04-17,3,2023-05-08,2.6887717,3.0088546
42,2023,Sucre,2023-04-17,4,2023-05-15,4.1825337,3.0809698
42,2023,Sucre,2023-04-24,1,2023-05-01,2.4896033,3.2297215
42,2023,Sucre,2023-04-24,2,2023-05-08,2.6887717,3.2176874
42,2023,Sucre,2023-04-24,3,2023-05-15,4.1825337,3.1916196
42,2023,Sucre,2023-04-24,4,2023-05-22,3.385861,3.2127497
42,2023,Sucre,2023-05-01,1,2023-05-08,2.6887717,3.4660811
42,2023,Sucre,2023-05-01,2,2023-05-15,4.1825337,3.498935
42,2023,Sucre,2023-05-01,3,2023-05-22,3.385861,3.4511979
42,2023,Sucre,2023-05-01,4,2023-05-29,3.087108,3.5278268
42,2023,Sucre,2023-05-08,1,2023-05-15,4.1825337,3.2731721
42,2023,Sucre,2023-05-08,2,2023-05-22,3.385861,3.4072318
42,2023,Sucre,2023-05-08,3,2023-05-29,3.087108,3.3500412
42,2023,Sucre,2023-05-08,4,2023-06-05,3.4854448,3.426025
42,2023,Sucre,2023-05-15,1,2023-05-22,3.385861,2.7839055
42,2023,Sucre,2023-05-15,2,2023-05-29,3.087108,2.8702042
42,2023,Sucre,2023-05-15,3,2023-06-05,3.4854448,2.8541737
42,2023,Sucre,2023-05-15,4,2023-06-12,4.1825337,3.0292335
42,2023,Sucre,2023-05-22,1,2023-05-29,3.087108,3.6224668
42,2023,Sucre,2023-05-22,2,2023-06-05,3.4854448,3.8022778
42,2023,Sucre,2023-05-22,3,2023-06-12,4.1825337,3.8000813
42,2023,Sucre,2023-05-22,4,2023-06-19,4.282118,3.986678
42,2023,Sucre,2023-05-29,1,2023-06-05,3.4854448,3.9103422
42,2023,Sucre,2023-05-29,2,2023-06-12,4.1825337,4.0974107
42,2023,Sucre,2023-05-29,3,2023-06-19,4.282118,4.0995603
42,2023,Sucre,2023-05-29,4,2023-06-26,8.1659,4.2616982
42,2023,Sucre,2023-06-05,1,2023-06-12,4.1825337,3.9129274
42,2023,Sucre,2023-06-05,2,2023-06-19,4.282118,4.06318
42,2023,Sucre,2023-06-05,3,2023-06-26,8.1659,3.9942498
42,2023,Sucre,2023-06-05,4,2023-07-03,5.8754635,4.1384106
42,2023,Sucre,2023-06-12,1,2023-06-19,4.282118,4.47454
42,2023,Sucre,2023-06-12,2,2023-06-26,8.1659,4.729827
42,2023,Sucre,2023-06-12,3,2023-07-03,5.8754635,4.716028
42,2023,Sucre,2023-06-12,4,2023-07-10,5.3775434,4.8367486
42,2023,Sucre,2023-06-19,1,2023-06-26,8.1659,4.8633585
42,2023,Sucre,2023-06-19,2,2023-07-03,5.8754635,5.0416417
42,2023,Sucre,2023-06-19,3,2023-07-10,5.3775434,5.090047
42,2023,Sucre,2023-06-19,4,2023-07-17,6.9708896,5.1397796
42,2023,Sucre,2023-06-26,1,2023-07-03,5.8754635,5.0570626
42,2023,Sucre,2023-06-26,2,2023-07-10,5.3775434,5.152685
42,2023,Sucre,2023-06-26,3,2023-07-17,6.9708896,5.247972
42,2023,Sucre,2023-06-26,4,2023-07-24,9.560079,5.2895555
42,2023,Sucre,2023-07-03,1,2023-07-10,5.3775434,7.3190765
42,2023,Sucre,2023-07-03,2,2023-07-17,6.9708896,7.306301
42,2023,Sucre,2023-07-03,3,2023-07-24,9.560079,7.540864
42,2023,Sucre,2023-07-03,4,2023-07-31,4.879623,7.4276733
42,2023,Sucre,2023-07-10,1,2023-07-17,6.9708896,7.132694
42,2023,Sucre,2023-07-10,2,2023-07-24,9.560079,7.231265
42,2023,Sucre,2023-07-10,3,2023-07-31,4.879623,7.3096647
42,2023,Sucre,2023-07-10,4,2023-08-07,5.8754635,7.2084904
42,2023,Sucre,2023-07-17,1,2023-07-24,9.560079,6.779234
42,2023,Sucre,2023-07-17,2,2023-07-31,4.879623,6.698929
42,2023,Sucre,2023-07-17,3,2023-08-07,5.8754635,6.713276
42,2023,Sucre,2023-07-17,4,2023-08-14,6.572552,6.6925526
42,2023,Sucre,2023-07-24,1,2023-07-31,4.879623,7.817598
42,2023,Sucre,2023-07-24,2,2023-08-07,5.8754635,7.9373846
42,2023,Sucre,2023-07-24,3,2023-08-14,6.572552,7.9853544
42,2023,Sucre,2023-07-24,4,2023-08-21,5.6762953,7.972568
42,2023,Sucre,2023-07-31,1,2023-08-07,5.8754635,9.412064
42,2023,Sucre,2023-07-31,2,2023-08-14,6.572552,9.438177
42,2023,Sucre,2023-07-31,3,2023-08-21,5.6762953,9.604303
42,2023,Sucre,2023-07-31,4,2023-08-28,3.4854448,9.526588
42,2023,Sucre,2023-08-07,1,2023-08-14,6.572552,6.8432517
42,2023,Sucre,2023-08-07,2,2023-08-21,5.6762953,6.7488427
42,2023,Sucre,2023-08-07,3,2023-08-28,3.4854448,6.6947427
42,2023,Sucre,2023-08-07,4,2023-09-04,3.1866922,6.7845755
42,2023,Sucre,2023-08-14,1,2023-08-21,5.6762953,6.4227366
42,2023,Sucre,2023-08-14,2,2023-08-28,3.4854448,6.2805166
42,2023,Sucre,2023-08-14,3,2023-09-04,3.1866922,6.1384535
42,2023,Sucre,2023-08-14,4,2023-09-11,3.385861,6.3555765
42,2023,Sucre,2023-08-21,1,2023-08-28,3.4854448,6.4479647
42,2023,Sucre,2023-08-21,2,2023-09-04,3.1866922,6.368932
42,2023,Sucre,2023-08-21,3,2023-09-11,3.385861,6.21724
42,2023,Sucre,2023-08-21,4,2023-09-18,2.5891874,6.3136983
42,2023,Sucre,2023-08-28,1,2023-09-04,3.1866922,6.4834657
42,2023,Sucre,2023-08-28,2,2023-09-11,3.385861,6.345642
42,2023,Sucre,2023-08-28,3,2023-09-18,2.5891874,6.2378674
42,2023,Sucre,2023-08-28,4,2023-09-25,2.8879397,6.341863
42,2023,Sucre,2023-09-04,1,2023-09-11,3.385861,5.1957545
42,2023,Sucre,2023-09-04,2,2023-09-18,2.5891874,5.0599036
42,2023,Sucre,2023-09-04,3,2023-09-25,2.8879397,4.9157753
42,2023,Sucre,2023-09-04,4,2023-10-02,2.6887717,5.08958
42,2023,Sucre,2023-09-11,1,2023-09-18,2.5891874,4.339125
42,2023,Sucre,2023-09-11,2,2023-09-25,2.8879397,4.2199793
42,2023,Sucre,2023-09-11,3,2023-10-02,2.6887717,4.0750294
42,2023,Sucre,2023-09-11,4,2023-10-09,2.091267,4.1789083
42,2023,Sucre,2023-09-18,1,2023-09-25,2.8879397,3.519122
42,2023,Sucre,2023-09-18,2,2023-10-02,2.6887717,3.3366847
42,2023,Sucre,2023-09-18,3,2023-10-09,2.091267,3.1946788
42,2023,Sucre,2023-09-18,4,2023-10-16,2.5891874,3.231051
42,2023,Sucre,2023-09-25,1,2023-10-02,2.6887717,3.2110345
42,2023,Sucre,2023-09-25,2,2023-10-09,2.091267,3.0638337
42,2023,Sucre,2023-09-25,3,2023-10-16,2.5891874,2.947681
42,2023,Sucre,2023-09-25,4,2023-10-23,3.6846128,2.9581213
42,2023,Sucre,2023-10-02,1,2023-10-09,2.091267,3.1344268
42,2023,Sucre,2023-10-02,2,2023-10-16,2.5891874,3.094665
42,2023,Sucre,2023-10-02,3,2023-10-23,3.6846128,2.9628959
42,2023,Sucre,2023-10-02,4,2023-10-30,2.5891874,3.0088885
42,2023,Sucre,2023-10-09,1,2023-10-16,2.5891874,3.042421
42,2023,Sucre,2023-10-09,2,2023-10-23,3.6846128,2.9325402
42,2023,Sucre,2023-10-09,3,2023-10-30,2.5891874,2.8324647
42,2023,Sucre,2023-10-09,4,2023-11-06,1.9916828,2.8736796
42,2023,Sucre,2023-10-16,1,2023-10-23,3.6846128,2.6120882
42,2023,Sucre,2023-10-16,2,2023-10-30,2.5891874,2.5424418
42,2023,Sucre,2023-10-16,3,2023-11-06,1.9916828,2.4422379
42,2023,Sucre,2023-10-16,4,2023-11-13,1.8920985,2.4976332
42,2023,Sucre,2023-10-23,1,2023-10-30,2.5891874,2.67647
42,2023,Sucre,2023-10-23,2,2023-11-06,1.9916828,2.6627953
42,2023,Sucre,2023-10-23,3,2023-11-13,1.8920985,2.5676465
42,2023,Sucre,2023-10-23,4,2023-11-20,2.290435,2.6033597
42,2023,Sucre,2023-10-30,1,2023-11-06,1.9916828,3.147903
42,2023,Sucre,2023-10-30,2,2023-11-13,1.8920985,3.1015248
42,2023,Sucre,2023-10-30,3,2023-11-20,2.290435,3.04487
42,2023,Sucre,2023-10-30,4,2023-11-27,2.290435,3.0465438
42,2023,Sucre,2023-11-06,1,2023-11-13,1.8920985,3.0164838
42,2023,Sucre,2023-11-06,2,2023-11-20,2.290435,2.9553926
42,2023,Sucre,2023-11-06,3,2023-11-27,2.290435,2.9082966
42,2023,Sucre,2023-11-06,4,2023-12-04,1.8920985,2.9262137
42,2023,Sucre,2023-11-13,1,2023-11-20,2.290435,2.7311325
42,2023,Sucre,2023-11-13,2,2023-11-27,2.290435,2.7076883
42,2023,Sucre,2023-11-13,3,2023-12-04,1.8920985,2.6743097
42,2023,Sucre,2023-11-13,4,2023-12-11,2.4896033,2.7105713
42,2023,Sucre,2023-11-20,1,2023-11-27,2.290435,2.52455
42,2023,Sucre,2023-11-20,2,2023-12-04,1.8920985,2.5391243
42,2023,Sucre,2023-11-20,3,2023-12-11,2.4896033,2.5438404
42,2023,Sucre,2023-11-20,4,2023-12-18,1.7925143,2.5530832
42,2023,Sucre,2023-11-27,1,2023-12-04,1.8920985,2.494492
42,2023,Sucre,2023-11-27,2,2023-12-11,2.4896033,2.5039837
42,2023,Sucre,2023-11-27,3,2023-12-18,1.7925143,2.5224867
42,2023,Sucre,2023-11-27,4,2023-12-25,2.290435,2.5254858
42,2023,Tolima,2023-01-23,1,2023-01-30,5.169057,4.8797536
42,2023,Tolima,2023-01-23,2,2023-02-06,5.605879,4.7861514
42,2023,Tolima,2023-01-23,3,2023-02-13,4.805039,4.7436748
42,2023,Tolima,2023-01-23,4,2023-02-20,4.1498065,4.3835554
42,2023,Tolima,2023-01-30,1,2023-02-06,5.605879,6.0982356
42,2023,Tolima,2023-01-30,2,2023-02-13,4.805039,5.9270043
42,2023,Tolima,2023-01-30,3,2023-02-20,4.1498065,5.822974
42,2023,Tolima,2023-01-30,4,2023-02-27,4.22261,5.3620105
42,2023,Tolima,2023-02-06,1,2023-02-13,4.805039,5.997279
42,2023,Tolima,2023-02-06,2,2023-02-20,4.1498065,5.7006197
42,2023,Tolima,2023-02-06,3,2023-02-27,4.22261,5.5943427
42,2023,Tolima,2023-02-06,4,2023-03-06,4.877843,5.2229266
42,2023,Tolima,2023-02-13,1,2023-02-20,4.1498065,5.8101854
42,2023,Tolima,2023-02-13,2,2023-02-27,4.22261,5.492808
42,2023,Tolima,2023-02-13,3,2023-03-06,4.877843,5.460601
42,2023,Tolima,2023-02-13,4,2023-03-13,5.0962534,5.2355084
42,2023,Tolima,2023-02-20,1,2023-02-27,4.22261,5.2140865
42,2023,Tolima,2023-02-20,2,2023-03-06,4.877843,4.9931545
42,2023,Tolima,2023-02-20,3,2023-03-13,5.0962534,5.0705194
42,2023,Tolima,2023-02-20,4,2023-03-20,4.22261,4.9158106
42,2023,Tolima,2023-02-27,1,2023-03-06,4.877843,4.7991657
42,2023,Tolima,2023-02-27,2,2023-03-13,5.0962534,4.5931816
42,2023,Tolima,2023-02-27,3,2023-03-20,4.22261,4.6052403
42,2023,Tolima,2023-02-27,4,2023-03-27,4.0041995,4.4804335
42,2023,Tolima,2023-03-06,1,2023-03-13,5.0962534,4.597101
42,2023,Tolima,2023-03-06,2,2023-03-20,4.22261,4.687394
42,2023,Tolima,2023-03-06,3,2023-03-27,4.0041995,4.71545
42,2023,Tolima,2023-03-06,4,2023-04-03,4.22261,4.6950135
42,2023,Tolima,2023-03-13,1,2023-03-20,4.22261,5.1204624
42,2023,Tolima,2023-03-13,2,2023-03-27,4.0041995,5.1519427
42,2023,Tolima,2023-03-13,3,2023-04-03,4.22261,5.4230967
42,2023,Tolima,2023-03-13,4,2023-04-10,5.241861,5.3853774
42,2023,Tolima,2023-03-20,1,2023-03-27,4.0041995,4.8642783
42,2023,Tolima,2023-03-20,2,2023-04-03,4.22261,4.7507186
42,2023,Tolima,2023-03-20,3,2023-04-10,5.241861,4.8954263
42,2023,Tolima,2023-03-20,4,2023-04-17,4.077003,4.9650455
42,2023,Tolima,2023-03-27,1,2023-04-03,4.22261,4.697687
42,2023,Tolima,2023-03-27,2,2023-04-10,5.241861,4.595072
42,2023,Tolima,2023-03-27,3,2023-04-17,4.077003,4.651584
42,2023,Tolima,2023-03-27,4,2023-04-24,4.877843,4.699645
42,2023,Tolima,2023-04-03,1,2023-04-10,5.241861,4.663417
42,2023,Tolima,2023-04-03,2,2023-04-17,4.077003,4.4777822
42,2023,Tolima,2023-04-03,3,2023-04-24,4.877843,4.58109
42,2023,Tolima,2023-04-03,4,2023-05-01,4.9506464,4.450774
42,2023,Tolima,2023-04-10,1,2023-04-17,4.077003,4.4976482
42,2023,Tolima,2023-04-10,2,2023-04-24,4.877843,4.4243517
42,2023,Tolima,2023-04-10,3,2023-05-01,4.9506464,4.553456
42,2023,Tolima,2023-04-10,4,2023-05-08,5.0962534,4.455113
42,2023,Tolima,2023-04-17,1,2023-04-24,4.877843,5.099138
42,2023,Tolima,2023-04-17,2,2023-05-01,4.9506464,5.148645
42,2023,Tolima,2023-04-17,3,2023-05-08,5.0962534,5.3672795
42,2023,Tolima,2023-04-17,4,2023-05-15,5.314665,5.30152
42,2023,Tolima,2023-04-24,1,2023-05-01,4.9506464,4.9455376
42,2023,Tolima,2023-04-24,2,2023-05-08,5.0962534,4.895748
42,2023,Tolima,2023-04-24,3,2023-05-15,5.314665,5.183943
42,2023,Tolima,2023-04-24,4,2023-05-22,4.9506464,5.098775
42,2023,Tolima,2023-05-01,1,2023-05-08,5.0962534,4.9475493
42,2023,Tolima,2023-05-01,2,2023-05-15,5.314665,4.766396
42,2023,Tolima,2023-05-01,3,2023-05-22,4.9506464,4.843759
42,2023,Tolima,2023-05-01,4,2023-05-29,4.441021,4.712598
42,2023,Tolima,2023-05-08,1,2023-05-15,5.314665,5.0798836
42,2023,Tolima,2023-05-08,2,2023-05-22,4.9506464,4.8750973
42,2023,Tolima,2023-05-08,3,2023-05-29,4.441021,4.8245826
42,2023,Tolima,2023-05-08,4,2023-06-05,4.077003,4.6474705
42,2023,Tolima,2023-05-15,1,2023-05-22,4.9506464,5.538155
42,2023,Tolima,2023-05-15,2,2023-05-29,4.441021,5.4436784
42,2023,Tolima,2023-05-15,3,2023-06-05,4.077003,5.468131
42,2023,Tolima,2023-05-15,4,2023-06-12,5.169057,5.267037
42,2023,Tolima,2023-05-22,1,2023-05-29,4.441021,5.354943
42,2023,Tolima,2023-05-22,2,2023-06-05,4.077003,5.1814523
42,2023,Tolima,2023-05-22,3,2023-06-12,5.169057,5.2483087
42,2023,Tolima,2023-05-22,4,2023-06-19,4.805039,5.112978
42,2023,Tolima,2023-05-29,1,2023-06-05,4.077003,4.957546
42,2023,Tolima,2023-05-29,2,2023-06-12,5.169057,4.7783914
42,2023,Tolima,2023-05-29,3,2023-06-19,4.805039,4.901301
42,2023,Tolima,2023-05-29,4,2023-06-26,4.805039,4.786132
42,2023,Tolima,2023-06-05,1,2023-06-12,5.169057,4.8693314
42,2023,Tolima,2023-06-05,2,2023-06-19,4.805039,4.6137114
42,2023,Tolima,2023-06-05,3,2023-06-26,4.805039,4.617513
42,2023,Tolima,2023-06-05,4,2023-07-03,4.586628,4.437874
42,2023,Tolima,2023-06-12,1,2023-06-19,4.805039,4.5898585
42,2023,Tolima,2023-06-12,2,2023-06-26,4.805039,4.350785
42,2023,Tolima,2023-06-12,3,2023-07-03,4.586628,4.261284
42,2023,Tolima,2023-06-12,4,2023-07-10,6.6251297,3.998188
42,2023,Tolima,2023-06-19,1,2023-06-26,4.805039,4.861152
42,2023,Tolima,2023-06-19,2,2023-07-03,4.586628,4.496229
42,2023,Tolima,2023-06-19,3,2023-07-10,6.6251297,4.4046435
42,2023,Tolima,2023-06-19,4,2023-07-17,8.2268095,4.119069
42,2023,Tolima,2023-06-26,1,2023-07-03,4.586628,4.688254
42,2023,Tolima,2023-06-26,2,2023-07-10,6.6251297,4.3974824
42,2023,Tolima,2023-06-26,3,2023-07-17,8.2268095,4.335682
42,2023,Tolima,2023-06-26,4,2023-07-24,7.498774,4.1134934
42,2023,Tolima,2023-07-03,1,2023-07-10,6.6251297,4.5412636
42,2023,Tolima,2023-07-03,2,2023-07-17,8.2268095,4.257689
42,2023,Tolima,2023-07-03,3,2023-07-24,7.498774,4.2093363
42,2023,Tolima,2023-07-03,4,2023-07-31,7.280363,4.013039
42,2023,Tolima,2023-07-10,1,2023-07-17,8.2268095,4.3148537
42,2023,Tolima,2023-07-10,2,2023-07-24,7.498774,3.9650917
42,2023,Tolima,2023-07-10,3,2023-07-31,7.280363,3.890457
42,2023,Tolima,2023-07-10,4,2023-08-07,7.5715775,3.6769729
42,2023,Tolima,2023-07-17,1,2023-07-24,7.498774,5.6305633
42,2023,Tolima,2023-07-17,2,2023-07-31,7.280363,5.3904796
42,2023,Tolima,2023-07-17,3,2023-08-07,7.5715775,5.352681
42,2023,Tolima,2023-07-17,4,2023-08-14,7.7171845,5.1232347
42,2023,Tolima,2023-07-24,1,2023-07-31,7.280363,7.4196057
42,2023,Tolima,2023-07-24,2,2023-08-07,7.5715775,7.226631
42,2023,Tolima,2023-07-24,3,2023-08-14,7.7171845,7.2831197
42,2023,Tolima,2023-07-24,4,2023-08-21,9.610078,7.0013275
42,2023,Tolima,2023-07-31,1,2023-08-07,7.5715775,8.106335
42,2023,Tolima,2023-07-31,2,2023-08-14,7.7171845,7.7865114
42,2023,Tolima,2023-07-31,3,2023-08-21,9.610078,7.8460474
42,2023,Tolima,2023-07-31,4,2023-08-28,10.046901,7.5465307
42,2023,Tolima,2023-08-07,1,2023-08-14,7.7171845,7.341748
42,2023,Tolima,2023-08-07,2,2023-08-21,9.610078,6.902621
42,2023,Tolima,2023-08-07,3,2023-08-28,10.046901,6.8674417
42,2023,Tolima,2023-08-07,4,2023-09-04,9.755685,6.6697783
42,2023,Tolima,2023-08-14,1,2023-08-21,9.610078,7.426301
42,2023,Tolima,2023-08-14,2,2023-08-28,10.046901,6.968539
42,2023,Tolima,2023-08-14,3,2023-09-04,9.755685,6.9830637
42,2023,Tolima,2023-08-14,4,2023-09-11,13.541473,6.7026615
42,2023,Tolima,2023-08-21,1,2023-08-28,10.046901,8.05393
42,2023,Tolima,2023-08-21,2,2023-09-04,9.755685,7.781977
42,2023,Tolima,2023-08-21,3,2023-09-11,13.541473,7.899551
42,2023,Tolima,2023-08-21,4,2023-09-18,12.231008,7.601811
42,2023,Tolima,2023-08-28,1,2023-09-04,9.755685,9.05891
42,2023,Tolima,2023-08-28,2,2023-09-11,13.541473,8.714079
42,2023,Tolima,2023-08-28,3,2023-09-18,12.231008,8.907141
42,2023,Tolima,2023-08-28,4,2023-09-25,11.86699,8.577481
42,2023,Tolima,2023-09-04,1,2023-09-11,13.541473,10.497812
42,2023,Tolima,2023-09-04,2,2023-09-18,12.231008,10.113019
42,2023,Tolima,2023-09-04,3,2023-09-25,11.86699,10.394587
42,2023,Tolima,2023-09-04,4,2023-10-02,10.046901,10.02506
42,2023,Tolima,2023-09-11,1,2023-09-18,12.231008,10.831617
42,2023,Tolima,2023-09-11,2,2023-09-25,11.86699,10.481138
42,2023,Tolima,2023-09-11,3,2023-10-02,10.046901,10.650371
42,2023,Tolima,2023-09-11,4,2023-10-09,10.702133,10.16308
42,2023,Tolima,2023-09-18,1,2023-09-25,11.86699,13.0094
42,2023,Tolima,2023-09-18,2,2023-10-02,10.046901,12.069734
42,2023,Tolima,2023-09-18,3,2023-10-09,10.702133,12.329329
42,2023,Tolima,2023-09-18,4,2023-10-16,10.847741,11.558838
42,2023,Tolima,2023-09-25,1,2023-10-02,10.046901,12.7463665
42,2023,Tolima,2023-09-25,2,2023-10-09,10.702133,12.307873
42,2023,Tolima,2023-09-25,3,2023-10-16,10.847741,12.589848
42,2023,Tolima,2023-09-25,4,2023-10-23,14.269509,11.941653
42,2023,Tolima,2023-10-02,1,2023-10-09,10.702133,12.578039
42,2023,Tolima,2023-10-02,2,2023-10-16,10.847741,11.966658
42,2023,Tolima,2023-10-02,3,2023-10-23,14.269509,12.1670475
42,2023,Tolima,2023-10-02,4,2023-10-30,13.177455,11.86548
42,2023,Tolima,2023-10-09,1,2023-10-16,10.847741,11.0657835
42,2023,Tolima,2023-10-09,2,2023-10-23,14.269509,10.445769
42,2023,Tolima,2023-10-09,3,2023-10-30,13.177455,10.705018
42,2023,Tolima,2023-10-09,4,2023-11-06,14.70633,10.441399
42,2023,Tolima,2023-10-16,1,2023-10-23,14.269509,10.365433
42,2023,Tolima,2023-10-16,2,2023-10-30,13.177455,9.943777
42,2023,Tolima,2023-10-16,3,2023-11-06,14.70633,10.156434
42,2023,Tolima,2023-10-16,4,2023-11-13,12.959045,10.016783
42,2023,Tolima,2023-10-23,1,2023-10-30,13.177455,10.992224
42,2023,Tolima,2023-10-23,2,2023-11-06,14.70633,10.79581
42,2023,Tolima,2023-10-23,3,2023-11-13,12.959045,11.07083
42,2023,Tolima,2023-10-23,4,2023-11-20,16.162405,10.768433
42,2023,Tolima,2023-10-30,1,2023-11-06,14.70633,13.520832
42,2023,Tolima,2023-10-30,2,2023-11-13,12.959045,13.350387
42,2023,Tolima,2023-10-30,3,2023-11-20,16.162405,13.87968
42,2023,Tolima,2023-10-30,4,2023-11-27,16.016796,13.477828
42,2023,Tolima,2023-11-06,1,2023-11-13,12.959045,12.402577
42,2023,Tolima,2023-11-06,2,2023-11-20,16.162405,11.976016
42,2023,Tolima,2023-11-06,3,2023-11-27,16.016796,12.354745
42,2023,Tolima,2023-11-06,4,2023-12-04,17.036047,12.031027
42,2023,Tolima,2023-11-13,1,2023-11-20,16.162405,15.10892
42,2023,Tolima,2023-11-13,2,2023-11-27,16.016796,14.697769
42,2023,Tolima,2023-11-13,3,2023-12-04,17.036047,15.151
42,2023,Tolima,2023-11-13,4,2023-12-11,17.618479,14.655041
42,2023,Tolima,2023-11-20,1,2023-11-27,16.016796,14.125045
42,2023,Tolima,2023-11-20,2,2023-12-04,17.036047,13.965286
42,2023,Tolima,2023-11-20,3,2023-12-11,17.618479,14.394132
42,2023,Tolima,2023-11-20,4,2023-12-18,18.273708,13.846369
42,2023,Tolima,2023-11-27,1,2023-12-04,17.036047,16.920124
42,2023,Tolima,2023-11-27,2,2023-12-11,17.618479,16.296528
42,2023,Tolima,2023-11-27,3,2023-12-18,18.273708,16.641146
42,2023,Tolima,2023-11-27,4,2023-12-25,18.71053,15.761045
42,2023,Valle Del Cauca,2023-01-23,1,2023-01-30,1.0056928,0.9559582
42,2023,Valle Del Cauca,2023-01-23,2,2023-02-06,1.2624655,0.9879183
42,2023,Valle Del Cauca,2023-01-23,3,2023-02-13,1.0270905,1.0200781
42,2023,Valle Del Cauca,2023-01-23,4,2023-02-20,1.21967,1.0073458
42,2023,Valle Del Cauca,2023-01-30,1,2023-02-06,1.2624655,1.0503718
42,2023,Valle Del Cauca,2023-01-30,2,2023-02-13,1.0270905,1.0725446
42,2023,Valle Del Cauca,2023-01-30,3,2023-02-20,1.21967,1.1074772
42,2023,Valle Del Cauca,2023-01-30,4,2023-02-27,1.5620337,1.0903383
42,2023,Valle Del Cauca,2023-02-06,1,2023-02-13,1.0270905,1.0555738
42,2023,Valle Del Cauca,2023-02-06,2,2023-02-20,1.21967,1.0582268
42,2023,Valle Del Cauca,2023-02-06,3,2023-02-27,1.5620337,1.1056379
42,2023,Valle Del Cauca,2023-02-06,4,2023-03-06,1.5620337,1.1115634
42,2023,Valle Del Cauca,2023-02-13,1,2023-02-20,1.21967,1.1373552
42,2023,Valle Del Cauca,2023-02-13,2,2023-02-27,1.5620337,1.1400563
42,2023,Valle Del Cauca,2023-02-13,3,2023-03-06,1.5620337,1.1863338
42,2023,Valle Del Cauca,2023-02-13,4,2023-03-13,1.3908519,1.19072
42,2023,Valle Del Cauca,2023-02-20,1,2023-02-27,1.5620337,1.1528361
42,2023,Valle Del Cauca,2023-02-20,2,2023-03-06,1.5620337,1.1759139
42,2023,Valle Del Cauca,2023-02-20,3,2023-03-13,1.3908519,1.2225463
42,2023,Valle Del Cauca,2023-02-20,4,2023-03-20,1.540636,1.2052581
42,2023,Valle Del Cauca,2023-02-27,1,2023-03-06,1.5620337,1.1572844
42,2023,Valle Del Cauca,2023-02-27,2,2023-03-13,1.3908519,1.1703057
42,2023,Valle Del Cauca,2023-02-27,3,2023-03-20,1.540636,1.205611
42,2023,Valle Del Cauca,2023-02-27,4,2023-03-27,1.8188064,1.1785724
42,2023,Valle Del Cauca,2023-03-06,1,2023-03-13,1.3908519,1.3158772
42,2023,Valle Del Cauca,2023-03-06,2,2023-03-20,1.540636,1.341993
42,2023,Valle Del Cauca,2023-03-06,3,2023-03-27,1.8188064,1.387322
42,2023,Valle Del Cauca,2023-03-06,4,2023-04-03,1.1768746,1.3598044
42,2023,Valle Del Cauca,2023-03-13,1,2023-03-20,1.540636,1.5625616
42,2023,Valle Del Cauca,2023-03-13,2,2023-03-27,1.8188064,1.6123304
42,2023,Valle Del Cauca,2023-03-13,3,2023-04-03,1.1768746,1.6348368
42,2023,Valle Del Cauca,2023-03-13,4,2023-04-10,2.2681584,1.6483494
42,2023,Valle Del Cauca,2023-03-20,1,2023-03-27,1.8188064,1.4953489
42,2023,Valle Del Cauca,2023-03-20,2,2023-04-03,1.1768746,1.5204668
42,2023,Valle Del Cauca,2023-03-20,3,2023-04-10,2.2681584,1.5337287
42,2023,Valle Del Cauca,2023-03-20,4,2023-04-17,2.1183743,1.5522894
42,2023,Valle Del Cauca,2023-03-27,1,2023-04-03,1.1768746,1.5384487
42,2023,Valle Del Cauca,2023-03-27,2,2023-04-10,2.2681584,1.5876852
42,2023,Valle Del Cauca,2023-03-27,3,2023-04-17,2.1183743,1.5933678
42,2023,Valle Del Cauca,2023-03-27,4,2023-04-24,1.6690221,1.5977539
42,2023,Valle Del Cauca,2023-04-03,1,2023-04-10,2.2681584,1.7600262
42,2023,Valle Del Cauca,2023-04-03,2,2023-04-17,2.1183743,1.7429243
42,2023,Valle Del Cauca,2023-04-03,3,2023-04-24,1.6690221,1.730795
42,2023,Valle Del Cauca,2023-04-03,4,2023-05-01,1.7118177,1.768694
42,2023,Valle Del Cauca,2023-04-10,1,2023-04-17,2.1183743,1.6444119
42,2023,Valle Del Cauca,2023-04-10,2,2023-04-24,1.6690221,1.6562142
42,2023,Valle Del Cauca,2023-04-10,3,2023-05-01,1.7118177,1.6689669
42,2023,Valle Del Cauca,2023-04-10,4,2023-05-08,2.0969768,1.6811174
42,2023,Valle Del Cauca,2023-04-17,1,2023-04-24,1.6690221,1.9781716
42,2023,Valle Del Cauca,2023-04-17,2,2023-05-01,1.7118177,1.9801241
42,2023,Valle Del Cauca,2023-04-17,3,2023-05-08,2.0969768,1.9788864
42,2023,Valle Del Cauca,2023-04-17,4,2023-05-15,2.0969768,2.0098743
42,2023,Valle Del Cauca,2023-04-24,1,2023-05-01,1.7118177,2.294261
42,2023,Valle Del Cauca,2023-04-24,2,2023-05-08,2.0969768,2.2886412
42,2023,Valle Del Cauca,2023-04-24,3,2023-05-15,2.0969768,2.2752929
42,2023,Valle Del Cauca,2023-04-24,4,2023-05-22,2.3109539,2.2886162
42,2023,Valle Del Cauca,2023-05-01,1,2023-05-08,2.0969768,2.173709
42,2023,Valle Del Cauca,2023-05-01,2,2023-05-15,2.0969768,2.109253
42,2023,Valle Del Cauca,2023-05-01,3,2023-05-22,2.3109539,2.0956686
42,2023,Valle Del Cauca,2023-05-01,4,2023-05-29,2.8244994,2.1339786
42,2023,Valle Del Cauca,2023-05-08,1,2023-05-15,2.0969768,2.093808
42,2023,Valle Del Cauca,2023-05-08,2,2023-05-22,2.3109539,2.0476036
42,2023,Valle Del Cauca,2023-05-08,3,2023-05-29,2.8244994,2.044597
42,2023,Valle Del Cauca,2023-05-08,4,2023-06-05,2.8672945,2.0665643
42,2023,Valle Del Cauca,2023-05-15,1,2023-05-22,2.3109539,2.2311456
42,2023,Valle Del Cauca,2023-05-15,2,2023-05-29,2.8244994,2.1830149
42,2023,Valle Del Cauca,2023-05-15,3,2023-06-05,2.8672945,2.192614
42,2023,Valle Del Cauca,2023-05-15,4,2023-06-12,4.001374,2.19695
42,2023,Valle Del Cauca,2023-05-22,1,2023-05-29,2.8244994,2.2221766
42,2023,Valle Del Cauca,2023-05-22,2,2023-06-05,2.8672945,2.2061949
42,2023,Valle Del Cauca,2023-05-22,3,2023-06-12,4.001374,2.203438
42,2023,Valle Del Cauca,2023-05-22,4,2023-06-19,4.258147,2.1912582
42,2023,Valle Del Cauca,2023-05-29,1,2023-06-05,2.8672945,2.4185405
42,2023,Valle Del Cauca,2023-05-29,2,2023-06-12,4.001374,2.4530728
42,2023,Valle Del Cauca,2023-05-29,3,2023-06-19,4.258147,2.43464
42,2023,Valle Del Cauca,2023-05-29,4,2023-06-26,4.7074986,2.415026
42,2023,Valle Del Cauca,2023-06-05,1,2023-06-12,4.001374,2.8749309
42,2023,Valle Del Cauca,2023-06-05,2,2023-06-19,4.258147,2.8664873
42,2023,Valle Del Cauca,2023-06-05,3,2023-06-26,4.7074986,2.826562
42,2023,Valle Del Cauca,2023-06-05,4,2023-07-03,5.199646,2.8133953
42,2023,Valle Del Cauca,2023-06-12,1,2023-06-19,4.258147,3.2672193
42,2023,Valle Del Cauca,2023-06-12,2,2023-06-26,4.7074986,3.1803885
42,2023,Valle Del Cauca,2023-06-12,3,2023-07-03,5.199646,3.1449032
42,2023,Valle Del Cauca,2023-06-12,4,2023-07-10,5.884373,3.1387699
42,2023,Valle Del Cauca,2023-06-19,1,2023-06-26,4.7074986,3.992248
42,2023,Valle Del Cauca,2023-06-19,2,2023-07-03,5.199646,3.8409154
42,2023,Valle Del Cauca,2023-06-19,3,2023-07-10,5.884373,3.8106003
42,2023,Valle Del Cauca,2023-06-19,4,2023-07-17,6.012759,3.755428
42,2023,Valle Del Cauca,2023-06-26,1,2023-07-03,5.199646,4.3914776
42,2023,Valle Del Cauca,2023-06-26,2,2023-07-10,5.884373,4.310659
42,2023,Valle Del Cauca,2023-06-26,3,2023-07-17,6.012759,4.2934384
42,2023,Valle Del Cauca,2023-06-26,4,2023-07-24,7.146839,4.2227
42,2023,Valle Del Cauca,2023-07-03,1,2023-07-10,5.884373,4.8282237
42,2023,Valle Del Cauca,2023-07-03,2,2023-07-17,6.012759,4.7398014
42,2023,Valle Del Cauca,2023-07-03,3,2023-07-24,7.146839,4.730822
42,2023,Valle Del Cauca,2023-07-03,4,2023-07-31,6.6546907,4.6512766
42,2023,Valle Del Cauca,2023-07-10,1,2023-07-17,6.012759,5.4248743
42,2023,Valle Del Cauca,2023-07-10,2,2023-07-24,7.146839,5.326572
42,2023,Valle Del Cauca,2023-07-10,3,2023-07-31,6.6546907,5.3268795
42,2023,Valle Del Cauca,2023-07-10,4,2023-08-07,7.3394175,5.190011
42,2023,Valle Del Cauca,2023-07-17,1,2023-07-24,7.146839,5.9800296
42,2023,Valle Del Cauca,2023-07-17,2,2023-07-31,6.6546907,5.8685637
42,2023,Valle Del Cauca,2023-07-17,3,2023-08-07,7.3394175,5.8612475
42,2023,Valle Del Cauca,2023-07-17,4,2023-08-14,8.516292,5.6964025
42,2023,Valle Del Cauca,2023-07-24,1,2023-07-31,6.6546907,6.5958095
42,2023,Valle Del Cauca,2023-07-24,2,2023-08-07,7.3394175,6.4560537
42,2023,Valle Del Cauca,2023-07-24,3,2023-08-14,8.516292,6.453034
42,2023,Valle Del Cauca,2023-07-24,4,2023-08-21,7.6603847,6.2429876
42,2023,Valle Del Cauca,2023-07-31,1,2023-08-07,7.3394175,7.2406216
42,2023,Valle Del Cauca,2023-07-31,2,2023-08-14,8.516292,7.0485687
42,2023,Valle Del Cauca,2023-07-31,3,2023-08-21,7.6603847,7.095253
42,2023,Valle Del Cauca,2023-07-31,4,2023-08-28,11.74735,6.859187
42,2023,Valle Del Cauca,2023-08-07,1,2023-08-14,8.516292,6.9895296
42,2023,Valle Del Cauca,2023-08-07,2,2023-08-21,7.6603847,6.7948666
42,2023,Valle Del Cauca,2023-08-07,3,2023-08-28,11.74735,6.8073688
42,2023,Valle Del Cauca,2023-08-07,4,2023-09-04,10.634668,6.6117935
42,2023,Valle Del Cauca,2023-08-14,1,2023-08-21,7.6603847,7.5135217
42,2023,Valle Del Cauca,2023-08-14,2,2023-08-28,11.74735,7.324402
42,2023,Valle Del Cauca,2023-08-14,3,2023-09-04,10.634668,7.3271213
42,2023,Valle Del Cauca,2023-08-14,4,2023-09-11,11.019826,7.12635
42,2023,Valle Del Cauca,2023-08-21,1,2023-08-28,11.74735,8.529222
42,2023,Valle Del Cauca,2023-08-21,2,2023-09-04,10.634668,8.278616
42,2023,Valle Del Cauca,2023-08-21,3,2023-09-11,11.019826,8.335083
42,2023,Valle Del Cauca,2023-08-21,4,2023-09-18,11.790143,8.053658
42,2023,Valle Del Cauca,2023-08-28,1,2023-09-04,10.634668,8.285894
42,2023,Valle Del Cauca,2023-08-28,2,2023-09-11,11.019826,7.9753194
42,2023,Valle Del Cauca,2023-08-28,3,2023-09-18,11.790143,8.019058
42,2023,Valle Del Cauca,2023-08-28,4,2023-09-25,12.175303,7.7049913
42,2023,Valle Del Cauca,2023-09-04,1,2023-09-11,11.019826,11.079357
42,2023,Valle Del Cauca,2023-09-04,2,2023-09-18,11.790143,10.639682
42,2023,Valle Del Cauca,2023-09-04,3,2023-09-25,12.175303,10.796436
42,2023,Valle Del Cauca,2023-09-04,4,2023-10-02,12.4320755,10.308491
42,2023,Valle Del Cauca,2023-09-11,1,2023-09-18,11.790143,11.42841
42,2023,Valle Del Cauca,2023-09-11,2,2023-09-25,12.175303,11.031238
42,2023,Valle Del Cauca,2023-09-11,3,2023-10-02,12.4320755,11.121796
42,2023,Valle Del Cauca,2023-09-11,4,2023-10-09,13.373575,10.529612
42,2023,Valle Del Cauca,2023-09-18,1,2023-09-25,12.175303,11.63959
42,2023,Valle Del Cauca,2023-09-18,2,2023-10-02,12.4320755,10.758865
42,2023,Valle Del Cauca,2023-09-18,3,2023-10-09,13.373575,10.808252
42,2023,Valle Del Cauca,2023-09-18,4,2023-10-16,12.988417,10.275113
42,2023,Valle Del Cauca,2023-09-25,1,2023-10-02,12.4320755,12.301015
42,2023,Valle Del Cauca,2023-09-25,2,2023-10-09,13.373575,11.670544
42,2023,Valle Del Cauca,2023-09-25,3,2023-10-16,12.988417,11.6982155
42,2023,Valle Del Cauca,2023-09-25,4,2023-10-23,14.63604,11.085038
42,2023,Valle Del Cauca,2023-10-02,1,2023-10-09,13.373575,12.913574
42,2023,Valle Del Cauca,2023-10-02,2,2023-10-16,12.988417,12.263827
42,2023,Valle Del Cauca,2023-10-02,3,2023-10-23,14.63604,12.351574
42,2023,Valle Del Cauca,2023-10-02,4,2023-10-30,15.449156,11.720281
42,2023,Valle Del Cauca,2023-10-09,1,2023-10-16,12.988417,12.857302
42,2023,Valle Del Cauca,2023-10-09,2,2023-10-23,14.63604,12.160758
42,2023,Valle Del Cauca,2023-10-09,3,2023-10-30,15.449156,12.260387
42,2023,Valle Del Cauca,2023-10-09,4,2023-11-06,13.3093815,11.6537895
42,2023,Valle Del Cauca,2023-10-16,1,2023-10-23,14.63604,13.37837
42,2023,Valle Del Cauca,2023-10-16,2,2023-10-30,15.449156,12.705398
42,2023,Valle Del Cauca,2023-10-16,3,2023-11-06,13.3093815,12.795572
42,2023,Valle Del Cauca,2023-10-16,4,2023-11-13,16.305063,12.196413
42,2023,Valle Del Cauca,2023-10-23,1,2023-10-30,15.449156,13.825203
42,2023,Valle Del Cauca,2023-10-23,2,2023-11-06,13.3093815,12.9293
42,2023,Valle Del Cauca,2023-10-23,3,2023-11-13,16.305063,12.954027
42,2023,Valle Del Cauca,2023-10-23,4,2023-11-20,17.867096,12.172329
42,2023,Valle Del Cauca,2023-10-30,1,2023-11-06,13.3093815,15.126497
42,2023,Valle Del Cauca,2023-10-30,2,2023-11-13,16.305063,13.952184
42,2023,Valle Del Cauca,2023-10-30,3,2023-11-20,17.867096,13.972771
42,2023,Valle Del Cauca,2023-10-30,4,2023-11-27,20.028265,13.096284
42,2023,Valle Del Cauca,2023-11-06,1,2023-11-13,16.305063,15.720454
42,2023,Valle Del Cauca,2023-11-06,2,2023-11-20,17.867096,14.5479
42,2023,Valle Del Cauca,2023-11-06,3,2023-11-27,20.028265,14.571601
42,2023,Valle Del Cauca,2023-11-06,4,2023-12-04,19.750095,13.720315
42,2023,Valle Del Cauca,2023-11-13,1,2023-11-20,17.867096,15.184976
42,2023,Valle Del Cauca,2023-11-13,2,2023-11-27,20.028265,14.219893
42,2023,Valle Del Cauca,2023-11-13,3,2023-12-04,19.750095,14.194658
42,2023,Valle Del Cauca,2023-11-13,4,2023-12-11,22.959757,13.374603
42,2023,Valle Del Cauca,2023-11-20,1,2023-11-27,20.028265,16.52793
42,2023,Valle Del Cauca,2023-11-20,2,2023-12-04,19.750095,15.074464
42,2023,Valle Del Cauca,2023-11-20,3,2023-12-11,22.959757,15.166738
42,2023,Valle Del Cauca,2023-11-20,4,2023-12-18,23.473299,14.476086
42,2023,Valle Del Cauca,2023-11-27,1,2023-12-04,19.750095,18.054274
42,2023,Valle Del Cauca,2023-11-27,2,2023-12-11,22.959757,16.72264
42,2023,Valle Del Cauca,2023-11-27,3,2023-12-18,23.473299,16.755358
42,2023,Valle Del Cauca,2023-11-27,4,2023-12-25,23.772867,15.652662
42,2023,Vaupes,2023-01-23,1,2023-01-30,13.830301,15.878953
42,2023,Vaupes,2023-01-23,2,2023-02-06,11.52525,16.288267
42,2023,Vaupes,2023-01-23,3,2023-02-13,11.52525,15.305212
42,2023,Vaupes,2023-01-23,4,2023-02-20,13.830301,15.43888
42,2023,Vaupes,2023-01-30,1,2023-02-06,11.52525,10.254196
42,2023,Vaupes,2023-01-30,2,2023-02-13,11.52525,10.645733
42,2023,Vaupes,2023-01-30,3,2023-02-20,13.830301,9.34401
42,2023,Vaupes,2023-01-30,4,2023-02-27,4.610101,10.099912
42,2023,Vaupes,2023-02-06,1,2023-02-13,11.52525,10.950066
42,2023,Vaupes,2023-02-06,2,2023-02-20,13.830301,11.937134
42,2023,Vaupes,2023-02-06,3,2023-02-27,4.610101,10.941999
42,2023,Vaupes,2023-02-06,4,2023-03-06,13.830301,11.546406
42,2023,Vaupes,2023-02-13,1,2023-02-20,13.830301,8.526784
42,2023,Vaupes,2023-02-13,2,2023-02-27,4.610101,9.537423
42,2023,Vaupes,2023-02-13,3,2023-03-06,13.830301,9.31008
42,2023,Vaupes,2023-02-13,4,2023-03-13,18.440405,9.472122
42,2023,Vaupes,2023-02-20,1,2023-02-27,4.610101,9.513756
42,2023,Vaupes,2023-02-20,2,2023-03-06,13.830301,9.738502
42,2023,Vaupes,2023-02-20,3,2023-03-13,18.440405,9.795572
42,2023,Vaupes,2023-02-20,4,2023-03-20,6.9151506,9.688998
42,2023,Vaupes,2023-02-27,1,2023-03-06,13.830301,11.157564
42,2023,Vaupes,2023-02-27,2,2023-03-13,18.440405,11.083367
42,2023,Vaupes,2023-02-27,3,2023-03-20,6.9151506,10.909236
42,2023,Vaupes,2023-02-27,4,2023-03-27,11.52525,10.6833105
42,2023,Vaupes,2023-03-06,1,2023-03-13,18.440405,5.22692
42,2023,Vaupes,2023-03-06,2,2023-03-20,6.9151506,4.8310785
42,2023,Vaupes,2023-03-06,3,2023-03-27,11.52525,4.4406714
42,2023,Vaupes,2023-03-06,4,2023-04-03,6.9151506,4.4592805
42,2023,Vaupes,2023-03-13,1,2023-03-20,6.9151506,6.4348125
42,2023,Vaupes,2023-03-13,2,2023-03-27,11.52525,5.885069
42,2023,Vaupes,2023-03-13,3,2023-04-03,6.9151506,5.58754
42,2023,Vaupes,2023-03-13,4,2023-04-10,16.135355,5.5721593
42,2023,Vaupes,2023-03-20,1,2023-03-27,11.52525,11.803797
42,2023,Vaupes,2023-03-20,2,2023-04-03,6.9151506,11.518283
42,2023,Vaupes,2023-03-20,3,2023-04-10,16.135355,10.984392
42,2023,Vaupes,2023-03-20,4,2023-04-17,6.9151506,10.939346
42,2023,Vaupes,2023-03-27,1,2023-04-03,6.9151506,8.916485
42,2023,Vaupes,2023-03-27,2,2023-04-10,16.135355,7.820243
42,2023,Vaupes,2023-03-27,3,2023-04-17,6.9151506,7.2565947
42,2023,Vaupes,2023-03-27,4,2023-04-24,16.135355,7.3953495
42,2023,Vaupes,2023-04-03,1,2023-04-10,16.135355,10.371583
42,2023,Vaupes,2023-04-03,2,2023-04-17,6.9151506,8.737585
42,2023,Vaupes,2023-04-03,3,2023-04-24,16.135355,8.786641
42,2023,Vaupes,2023-04-03,4,2023-05-01,25.35555,9.249228
42,2023,Vaupes,2023-04-10,1,2023-04-17,6.9151506,6.5748963
42,2023,Vaupes,2023-04-10,2,2023-04-24,16.135355,5.7612314
42,2023,Vaupes,2023-04-10,3,2023-05-01,25.35555,5.84685
42,2023,Vaupes,2023-04-10,4,2023-05-08,9.2202015,6.0686727
42,2023,Vaupes,2023-04-17,1,2023-04-24,16.135355,11.808233
42,2023,Vaupes,2023-04-17,2,2023-05-01,25.35555,10.99718
42,2023,Vaupes,2023-04-17,3,2023-05-08,9.2202015,10.972577
42,2023,Vaupes,2023-04-17,4,2023-05-15,34.575752,10.7674675
42,2023,Vaupes,2023-04-24,1,2023-05-01,25.35555,8.96147
42,2023,Vaupes,2023-04-24,2,2023-05-08,9.2202015,8.528188
42,2023,Vaupes,2023-04-24,3,2023-05-15,34.575752,8.258045
42,2023,Vaupes,2023-04-24,4,2023-05-22,18.440405,8.006286
42,2023,Vaupes,2023-05-01,1,2023-05-08,9.2202015,11.814342
42,2023,Vaupes,2023-05-01,2,2023-05-15,34.575752,10.396396
42,2023,Vaupes,2023-05-01,3,2023-05-22,18.440405,10.351479
42,2023,Vaupes,2023-05-01,4,2023-05-29,13.830301,10.275376
42,2023,Vaupes,2023-05-08,1,2023-05-15,34.575752,15.806214
42,2023,Vaupes,2023-05-08,2,2023-05-22,18.440405,15.193444
42,2023,Vaupes,2023-05-08,3,2023-05-29,13.830301,14.889544
42,2023,Vaupes,2023-05-08,4,2023-06-05,13.830301,14.667199
42,2023,Vaupes,2023-05-15,1,2023-05-22,18.440405,13.23943
42,2023,Vaupes,2023-05-15,2,2023-05-29,13.830301,12.482885
42,2023,Vaupes,2023-05-15,3,2023-06-05,13.830301,11.422449
42,2023,Vaupes,2023-05-15,4,2023-06-12,16.135355,11.253869
42,2023,Vaupes,2023-05-22,1,2023-05-29,13.830301,23.745783
42,2023,Vaupes,2023-05-22,2,2023-06-05,13.830301,22.073643
42,2023,Vaupes,2023-05-22,3,2023-06-12,16.135355,21.711739
42,2023,Vaupes,2023-05-22,4,2023-06-19,11.52525,20.661287
42,2023,Vaupes,2023-05-29,1,2023-06-05,13.830301,20.30557
42,2023,Vaupes,2023-05-29,2,2023-06-12,16.135355,20.507103
42,2023,Vaupes,2023-05-29,3,2023-06-19,11.52525,18.844662
42,2023,Vaupes,2023-05-29,4,2023-06-26,20.745451,17.667759
42,2023,Vaupes,2023-06-05,1,2023-06-12,16.135355,20.230787
42,2023,Vaupes,2023-06-05,2,2023-06-19,11.52525,18.946014
42,2023,Vaupes,2023-06-05,3,2023-06-26,20.745451,17.336237
42,2023,Vaupes,2023-06-05,4,2023-07-03,4.610101,16.915117
42,2023,Vaupes,2023-06-12,1,2023-06-19,11.52525,11.2854805
42,2023,Vaupes,2023-06-12,2,2023-06-26,20.745451,10.828027
42,2023,Vaupes,2023-06-12,3,2023-07-03,4.610101,9.854571
42,2023,Vaupes,2023-06-12,4,2023-07-10,9.2202015,9.267742
42,2023,Vaupes,2023-06-19,1,2023-06-26,20.745451,13.620868
42,2023,Vaupes,2023-06-19,2,2023-07-03,4.610101,12.890797
42,2023,Vaupes,2023-06-19,3,2023-07-10,9.2202015,12.309513
42,2023,Vaupes,2023-06-19,4,2023-07-17,0.0,11.71529
42,2023,Vaupes,2023-06-26,1,2023-07-03,4.610101,10.77338
42,2023,Vaupes,2023-06-26,2,2023-07-10,9.2202015,9.896242
42,2023,Vaupes,2023-06-26,3,2023-07-17,0.0,9.2008705
42,2023,Vaupes,2023-06-26,4,2023-07-24,16.135355,8.859754
42,2023,Vaupes,2023-07-03,1,2023-07-10,9.2202015,18.103973
42,2023,Vaupes,2023-07-03,2,2023-07-17,0.0,16.66287
42,2023,Vaupes,2023-07-03,3,2023-07-24,16.135355,15.92898
42,2023,Vaupes,2023-07-03,4,2023-07-31,13.830301,15.836815
42,2023,Vaupes,2023-07-10,1,2023-07-17,0.0,7.0884314
42,2023,Vaupes,2023-07-10,2,2023-07-24,16.135355,6.3437614
42,2023,Vaupes,2023-07-10,3,2023-07-31,13.830301,5.583363
42,2023,Vaupes,2023-07-10,4,2023-08-07,16.135355,5.465991
42,2023,Vaupes,2023-07-17,1,2023-07-24,16.135355,6.094671
42,2023,Vaupes,2023-07-17,2,2023-07-31,13.830301,5.2843194
42,2023,Vaupes,2023-07-17,3,2023-08-07,16.135355,4.772485
42,2023,Vaupes,2023-07-17,4,2023-08-14,18.440405,4.9922338
42,2023,Vaupes,2023-07-24,1,2023-07-31,13.830301,3.727229
42,2023,Vaupes,2023-07-24,2,2023-08-07,16.135355,3.2038171
42,2023,Vaupes,2023-07-24,3,2023-08-14,18.440405,3.055197
42,2023,Vaupes,2023-07-24,4,2023-08-21,11.52525,3.1500688
42,2023,Vaupes,2023-07-31,1,2023-08-07,16.135355,6.6588583
42,2023,Vaupes,2023-07-31,2,2023-08-14,18.440405,5.832577
42,2023,Vaupes,2023-07-31,3,2023-08-21,11.52525,5.6751733
42,2023,Vaupes,2023-07-31,4,2023-08-28,9.2202015,5.5866113
42,2023,Vaupes,2023-08-07,1,2023-08-14,18.440405,8.601653
42,2023,Vaupes,2023-08-07,2,2023-08-21,11.52525,7.4484835
42,2023,Vaupes,2023-08-07,3,2023-08-28,9.2202015,7.666705
42,2023,Vaupes,2023-08-07,4,2023-09-04,6.9151506,7.2514405
42,2023,Vaupes,2023-08-14,1,2023-08-21,11.52525,11.78297
42,2023,Vaupes,2023-08-14,2,2023-08-28,9.2202015,10.260348
42,2023,Vaupes,2023-08-14,3,2023-09-04,6.9151506,9.987786
42,2023,Vaupes,2023-08-14,4,2023-09-11,13.830301,9.322095
42,2023,Vaupes,2023-08-21,1,2023-08-28,9.2202015,13.3352785
42,2023,Vaupes,2023-08-21,2,2023-09-04,6.9151506,11.93079
42,2023,Vaupes,2023-08-21,3,2023-09-11,13.830301,11.316074
42,2023,Vaupes,2023-08-21,4,2023-09-18,29.965656,10.975083
42,2023,Vaupes,2023-08-28,1,2023-09-04,6.9151506,11.237881
42,2023,Vaupes,2023-08-28,2,2023-09-11,13.830301,10.712536
42,2023,Vaupes,2023-08-28,3,2023-09-18,29.965656,9.673179
42,2023,Vaupes,2023-08-28,4,2023-09-25,13.830301,9.480835
42,2023,Vaupes,2023-09-04,1,2023-09-11,13.830301,9.995292
42,2023,Vaupes,2023-09-04,2,2023-09-18,29.965656,8.951414
42,2023,Vaupes,2023-09-04,3,2023-09-25,13.830301,8.498405
42,2023,Vaupes,2023-09-04,4,2023-10-02,16.135355,8.447836
42,2023,Vaupes,2023-09-11,1,2023-09-18,29.965656,6.723456
42,2023,Vaupes,2023-09-11,2,2023-09-25,13.830301,6.650582
42,2023,Vaupes,2023-09-11,3,2023-10-02,16.135355,6.3001013
42,2023,Vaupes,2023-09-11,4,2023-10-09,6.9151506,6.2790008
42,2023,Vaupes,2023-09-18,1,2023-09-25,13.830301,9.524595
42,2023,Vaupes,2023-09-18,2,2023-10-02,16.135355,8.575039
42,2023,Vaupes,2023-09-18,3,2023-10-09,6.9151506,8.387369
42,2023,Vaupes,2023-09-18,4,2023-10-16,0.0,8.721146
42,2023,Vaupes,2023-09-25,1,2023-10-02,16.135355,14.867673
42,2023,Vaupes,2023-09-25,2,2023-10-09,6.9151506,13.837388
42,2023,Vaupes,2023-09-25,3,2023-10-16,0.0,13.76021
42,2023,Vaupes,2023-09-25,4,2023-10-23,6.9151506,13.730005
42,2023,Vaupes,2023-10-02,1,2023-10-09,6.9151506,10.356695
42,2023,Vaupes,2023-10-02,2,2023-10-16,0.0,9.068584
42,2023,Vaupes,2023-10-02,3,2023-10-23,6.9151506,8.446529
42,2023,Vaupes,2023-10-02,4,2023-10-30,0.0,9.019574
42,2023,Vaupes,2023-10-09,1,2023-10-16,0.0,9.225713
42,2023,Vaupes,2023-10-09,2,2023-10-23,6.9151506,7.8020377
42,2023,Vaupes,2023-10-09,3,2023-10-30,0.0,7.130204
42,2023,Vaupes,2023-10-09,4,2023-11-06,6.9151506,7.2022753
42,2023,Vaupes,2023-10-16,1,2023-10-23,6.9151506,5.8948126
42,2023,Vaupes,2023-10-16,2,2023-10-30,0.0,5.388051
42,2023,Vaupes,2023-10-16,3,2023-11-06,6.9151506,4.815501
42,2023,Vaupes,2023-10-16,4,2023-11-13,4.610101,4.757757
42,2023,Vaupes,2023-10-23,1,2023-10-30,0.0,3.0065112
42,2023,Vaupes,2023-10-23,2,2023-11-06,6.9151506,2.714131
42,2023,Vaupes,2023-10-23,3,2023-11-13,4.610101,2.4471798
42,2023,Vaupes,2023-10-23,4,2023-11-20,4.610101,2.3804848
42,2023,Vaupes,2023-10-30,1,2023-11-06,6.9151506,4.114819
42,2023,Vaupes,2023-10-30,2,2023-11-13,4.610101,3.9005625
42,2023,Vaupes,2023-10-30,3,2023-11-20,4.610101,3.690403
42,2023,Vaupes,2023-10-30,4,2023-11-27,13.830301,3.6314287
42,2023,Vaupes,2023-11-06,1,2023-11-13,4.610101,3.1892989
42,2023,Vaupes,2023-11-06,2,2023-11-20,4.610101,2.9461484
42,2023,Vaupes,2023-11-06,3,2023-11-27,13.830301,2.940926
42,2023,Vaupes,2023-11-06,4,2023-12-04,13.830301,2.8612413
42,2023,Vaupes,2023-11-13,1,2023-11-20,4.610101,4.599283
42,2023,Vaupes,2023-11-13,2,2023-11-27,13.830301,4.199822
42,2023,Vaupes,2023-11-13,3,2023-12-04,13.830301,4.2160773
42,2023,Vaupes,2023-11-13,4,2023-12-11,4.610101,4.1436644
42,2023,Vaupes,2023-11-20,1,2023-11-27,13.830301,4.6415486
42,2023,Vaupes,2023-11-20,2,2023-12-04,13.830301,4.4745703
42,2023,Vaupes,2023-11-20,3,2023-12-11,4.610101,4.398237
42,2023,Vaupes,2023-11-20,4,2023-12-18,18.440405,4.466538
42,2023,Vaupes,2023-11-27,1,2023-12-04,13.830301,4.816761
42,2023,Vaupes,2023-11-27,2,2023-12-11,4.610101,4.552828
42,2023,Vaupes,2023-11-27,3,2023-12-18,18.440405,4.386335
42,2023,Vaupes,2023-11-27,4,2023-12-25,23.050505,4.553987
42,2023,Vichada,2023-01-23,1,2023-01-30,2.1829455,0.32850012
42,2023,Vichada,2023-01-23,2,2023-02-06,1.455297,0.33487925
42,2023,Vichada,2023-01-23,3,2023-02-13,1.455297,0.3736193
42,2023,Vichada,2023-01-23,4,2023-02-20,2.1829455,0.3866394
42,2023,Vichada,2023-01-30,1,2023-02-06,1.455297,0.80649644
42,2023,Vichada,2023-01-30,2,2023-02-13,1.455297,0.8159868
42,2023,Vichada,2023-01-30,3,2023-02-20,2.1829455,0.8047169
42,2023,Vichada,2023-01-30,4,2023-02-27,1.455297,0.80704564
42,2023,Vichada,2023-02-06,1,2023-02-13,1.455297,1.3109441
42,2023,Vichada,2023-02-06,2,2023-02-20,2.1829455,1.3333572
42,2023,Vichada,2023-02-06,3,2023-02-27,1.455297,1.3274258
42,2023,Vichada,2023-02-06,4,2023-03-06,2.1829455,1.3908854
42,2023,Vichada,2023-02-13,1,2023-02-20,2.1829455,1.2798911
42,2023,Vichada,2023-02-13,2,2023-02-27,1.455297,1.2537415
42,2023,Vichada,2023-02-13,3,2023-03-06,2.1829455,1.2495624
42,2023,Vichada,2023-02-13,4,2023-03-13,1.455297,1.3614212
42,2023,Vichada,2023-02-20,1,2023-02-27,1.455297,1.1571293
42,2023,Vichada,2023-02-20,2,2023-03-06,2.1829455,1.1360991
42,2023,Vichada,2023-02-20,3,2023-03-13,1.455297,1.1074716
42,2023,Vichada,2023-02-20,4,2023-03-20,1.455297,1.2300276
42,2023,Vichada,2023-02-27,1,2023-03-06,2.1829455,1.5016475
42,2023,Vichada,2023-02-27,2,2023-03-13,1.455297,1.554405
42,2023,Vichada,2023-02-27,3,2023-03-20,1.455297,1.5131956
42,2023,Vichada,2023-02-27,4,2023-03-27,1.455297,1.6997069
42,2023,Vichada,2023-03-06,1,2023-03-13,1.455297,1.4687126
42,2023,Vichada,2023-03-06,2,2023-03-20,1.455297,1.541883
42,2023,Vichada,2023-03-06,3,2023-03-27,1.455297,1.5543382
42,2023,Vichada,2023-03-06,4,2023-04-03,5.093539,1.7571992
42,2023,Vichada,2023-03-13,1,2023-03-20,1.455297,1.598013
42,2023,Vichada,2023-03-13,2,2023-03-27,1.455297,1.6215055
42,2023,Vichada,2023-03-13,3,2023-04-03,5.093539,1.6751454
42,2023,Vichada,2023-03-13,4,2023-04-10,0.72764844,1.9060905
42,2023,Vichada,2023-03-20,1,2023-03-27,1.455297,1.7350495
42,2023,Vichada,2023-03-20,2,2023-04-03,5.093539,1.7733593
42,2023,Vichada,2023-03-20,3,2023-04-10,0.72764844,1.7736281
42,2023,Vichada,2023-03-20,4,2023-04-17,8.004134,1.9228693
42,2023,Vichada,2023-03-27,1,2023-04-03,5.093539,1.5164266
42,2023,Vichada,2023-03-27,2,2023-04-10,0.72764844,1.5671927
42,2023,Vichada,2023-03-27,3,2023-04-17,8.004134,1.5548182
42,2023,Vichada,2023-03-27,4,2023-04-24,2.1829455,1.7262414
42,2023,Vichada,2023-04-03,1,2023-04-10,0.72764844,1.6052601
42,2023,Vichada,2023-04-03,2,2023-04-17,8.004134,1.682636
42,2023,Vichada,2023-04-03,3,2023-04-24,2.1829455,1.6768221
42,2023,Vichada,2023-04-03,4,2023-05-01,2.9105935,1.871073
42,2023,Vichada,2023-04-10,1,2023-04-17,8.004134,2.718919
42,2023,Vichada,2023-04-10,2,2023-04-24,2.1829455,2.9115074
42,2023,Vichada,2023-04-10,3,2023-05-01,2.9105935,3.0020895
42,2023,Vichada,2023-04-10,4,2023-05-08,3.6382425,3.340398
42,2023,Vichada,2023-04-17,1,2023-04-24,2.1829455,2.333329
42,2023,Vichada,2023-04-17,2,2023-05-01,2.9105935,2.512456
42,2023,Vichada,2023-04-17,3,2023-05-08,3.6382425,2.5600083
42,2023,Vichada,2023-04-17,4,2023-05-15,5.8211875,2.8182
42,2023,Vichada,2023-04-24,1,2023-05-01,2.9105935,4.2906594
42,2023,Vichada,2023-04-24,2,2023-05-08,3.6382425,4.714685
42,2023,Vichada,2023-04-24,3,2023-05-15,5.8211875,4.7784348
42,2023,Vichada,2023-04-24,4,2023-05-22,2.9105935,5.247861
42,2023,Vichada,2023-05-01,1,2023-05-08,3.6382425,4.219328
42,2023,Vichada,2023-05-01,2,2023-05-15,5.8211875,4.5661173
42,2023,Vichada,2023-05-01,3,2023-05-22,2.9105935,4.538276
42,2023,Vichada,2023-05-01,4,2023-05-29,3.6382425,4.9028826
42,2023,Vichada,2023-05-08,1,2023-05-15,5.8211875,3.691993
42,2023,Vichada,2023-05-08,2,2023-05-22,2.9105935,4.1345835
42,2023,Vichada,2023-05-08,3,2023-05-29,3.6382425,4.168789
42,2023,Vichada,2023-05-08,4,2023-06-05,2.9105935,4.513333
42,2023,Vichada,2023-05-15,1,2023-05-22,2.9105935,4.5622845
42,2023,Vichada,2023-05-15,2,2023-05-29,3.6382425,4.923548
42,2023,Vichada,2023-05-15,3,2023-06-05,2.9105935,5.0620704
42,2023,Vichada,2023-05-15,4,2023-06-12,3.6382425,5.278698
42,2023,Vichada,2023-05-22,1,2023-05-29,3.6382425,4.8606024
42,2023,Vichada,2023-05-22,2,2023-06-05,2.9105935,5.2095604
42,2023,Vichada,2023-05-22,3,2023-06-12,3.6382425,5.2696686
42,2023,Vichada,2023-05-22,4,2023-06-19,1.455297,5.523977
42,2023,Vichada,2023-05-29,1,2023-06-05,2.9105935,4.088641
42,2023,Vichada,2023-05-29,2,2023-06-12,3.6382425,4.2877274
42,2023,Vichada,2023-05-29,3,2023-06-19,1.455297,4.2014923
42,2023,Vichada,2023-05-29,4,2023-06-26,2.9105935,4.483782
42,2023,Vichada,2023-06-05,1,2023-06-12,3.6382425,4.124707
42,2023,Vichada,2023-06-05,2,2023-06-19,1.455297,4.4270024
42,2023,Vichada,2023-06-05,3,2023-06-26,2.9105935,4.468247
42,2023,Vichada,2023-06-05,4,2023-07-03,0.72764844,4.6240487
42,2023,Vichada,2023-06-12,1,2023-06-19,1.455297,3.319445
42,2023,Vichada,2023-06-12,2,2023-06-26,2.9105935,3.2781444
42,2023,Vichada,2023-06-12,3,2023-07-03,0.72764844,3.3709078
42,2023,Vichada,2023-06-12,4,2023-07-10,1.455297,3.4805305
42,2023,Vichada,2023-06-19,1,2023-06-26,2.9105935,3.2337396
42,2023,Vichada,2023-06-19,2,2023-07-03,0.72764844,3.2350318
42,2023,Vichada,2023-06-19,3,2023-07-10,1.455297,3.435809
42,2023,Vichada,2023-06-19,4,2023-07-17,0.0,3.3597562
42,2023,Vichada,2023-06-26,1,2023-07-03,0.72764844,2.3230753
42,2023,Vichada,2023-06-26,2,2023-07-10,1.455297,2.1880176
42,2023,Vichada,2023-06-26,3,2023-07-17,0.0,2.2933836
42,2023,Vichada,2023-06-26,4,2023-07-24,0.72764844,2.1166043
42,2023,Vichada,2023-07-03,1,2023-07-10,1.455297,1.9692256
42,2023,Vichada,2023-07-03,2,2023-07-17,0.0,1.8493252
42,2023,Vichada,2023-07-03,3,2023-07-24,0.72764844,1.837718
42,2023,Vichada,2023-07-03,4,2023-07-31,2.1829455,1.6927971
42,2023,Vichada,2023-07-10,1,2023-07-17,0.0,1.4471345
42,2023,Vichada,2023-07-10,2,2023-07-24,0.72764844,1.3191291
42,2023,Vichada,2023-07-10,3,2023-07-31,2.1829455,1.2829365
42,2023,Vichada,2023-07-10,4,2023-08-07,2.1829455,1.1326406
42,2023,Vichada,2023-07-17,1,2023-07-24,0.72764844,1.0849938
42,2023,Vichada,2023-07-17,2,2023-07-31,2.1829455,1.0670618
42,2023,Vichada,2023-07-17,3,2023-08-07,2.1829455,1.007086
42,2023,Vichada,2023-07-17,4,2023-08-14,0.0,0.9140894
42,2023,Vichada,2023-07-24,1,2023-07-31,2.1829455,0.83525294
42,2023,Vichada,2023-07-24,2,2023-08-07,2.1829455,0.7924741
42,2023,Vichada,2023-07-24,3,2023-08-14,0.0,0.7678908
42,2023,Vichada,2023-07-24,4,2023-08-21,0.72764844,0.6867672
42,2023,Vichada,2023-07-31,1,2023-08-07,2.1829455,0.5653795
42,2023,Vichada,2023-07-31,2,2023-08-14,0.0,0.5666759
42,2023,Vichada,2023-07-31,3,2023-08-21,0.72764844,0.5218054
42,2023,Vichada,2023-07-31,4,2023-08-28,0.0,0.43635935
42,2023,Vichada,2023-08-07,1,2023-08-14,0.0,0.7893071
42,2023,Vichada,2023-08-07,2,2023-08-21,0.72764844,0.7565181
42,2023,Vichada,2023-08-07,3,2023-08-28,0.0,0.71341866
42,2023,Vichada,2023-08-07,4,2023-09-04,2.1829455,0.62397677
42,2023,Vichada,2023-08-14,1,2023-08-21,0.72764844,0.8304168
42,2023,Vichada,2023-08-14,2,2023-08-28,0.0,0.7989962
42,2023,Vichada,2023-08-14,3,2023-09-04,2.1829455,0.7687235
42,2023,Vichada,2023-08-14,4,2023-09-11,0.72764844,0.6687981
42,2023,Vichada,2023-08-21,1,2023-08-28,0.0,0.60594046
42,2023,Vichada,2023-08-21,2,2023-09-04,2.1829455,0.5960685
42,2023,Vichada,2023-08-21,3,2023-09-11,0.72764844,0.5481803
42,2023,Vichada,2023-08-21,4,2023-09-18,0.72764844,0.5094871
42,2023,Vichada,2023-08-28,1,2023-09-04,2.1829455,0.5082887
42,2023,Vichada,2023-08-28,2,2023-09-11,0.72764844,0.50463283
42,2023,Vichada,2023-08-28,3,2023-09-18,0.72764844,0.47277412
42,2023,Vichada,2023-08-28,4,2023-09-25,5.093539,0.45328152
42,2023,Vichada,2023-09-04,1,2023-09-11,0.72764844,0.42050144
42,2023,Vichada,2023-09-04,2,2023-09-18,0.72764844,0.41899508
42,2023,Vichada,2023-09-04,3,2023-09-25,5.093539,0.38567296
42,2023,Vichada,2023-09-04,4,2023-10-02,2.9105935,0.40084153
42,2023,Vichada,2023-09-11,1,2023-09-18,0.72764844,0.42462012
42,2023,Vichada,2023-09-11,2,2023-09-25,5.093539,0.46855816
42,2023,Vichada,2023-09-11,3,2023-10-02,2.9105935,0.4533979
42,2023,Vichada,2023-09-11,4,2023-10-09,0.72764844,0.44623822
42,2023,Vichada,2023-09-18,1,2023-09-25,5.093539,0.39080685
42,2023,Vichada,2023-09-18,2,2023-10-02,2.9105935,0.44281793
42,2023,Vichada,2023-09-18,3,2023-10-09,0.72764844,0.43040034
42,2023,Vichada,2023-09-18,4,2023-10-16,2.9105935,0.43288833
42,2023,Vichada,2023-09-25,1,2023-10-02,2.9105935,0.4001932
42,2023,Vichada,2023-09-25,2,2023-10-09,0.72764844,0.42838567
42,2023,Vichada,2023-09-25,3,2023-10-16,2.9105935,0.42084634
42,2023,Vichada,2023-09-25,4,2023-10-23,5.093539,0.46244854
42,2023,Vichada,2023-10-02,1,2023-10-09,0.72764844,1.2100666
42,2023,Vichada,2023-10-02,2,2023-10-16,2.9105935,1.1110754
42,2023,Vichada,2023-10-02,3,2023-10-23,5.093539,1.2223958
42,2023,Vichada,2023-10-02,4,2023-10-30,4.365891,1.1733916
42,2023,Vichada,2023-10-09,1,2023-10-16,2.9105935,1.5610212
42,2023,Vichada,2023-10-09,2,2023-10-23,5.093539,1.5285475
42,2023,Vichada,2023-10-09,3,2023-10-30,4.365891,1.627505
42,2023,Vichada,2023-10-09,4,2023-11-06,14.552968,1.7653068
42,2023,Vichada,2023-10-16,1,2023-10-23,5.093539,1.3074234
42,2023,Vichada,2023-10-16,2,2023-10-30,4.365891,1.3107642
42,2023,Vichada,2023-10-16,3,2023-11-06,14.552968,1.3663297
42,2023,Vichada,2023-10-16,4,2023-11-13,6.5488353,1.5861213
42,2023,Vichada,2023-10-23,1,2023-10-30,4.365891,1.740116
42,2023,Vichada,2023-10-23,2,2023-11-06,14.552968,1.7836385
42,2023,Vichada,2023-10-23,3,2023-11-13,6.5488353,1.8761412
42,2023,Vichada,2023-10-23,4,2023-11-20,2.1829455,2.0426784
42,2023,Vichada,2023-10-30,1,2023-11-06,14.552968,2.7840579
42,2023,Vichada,2023-10-30,2,2023-11-13,6.5488353,2.880175
42,2023,Vichada,2023-10-30,3,2023-11-20,2.1829455,3.0194693
42,2023,Vichada,2023-10-30,4,2023-11-27,1.455297,3.1805515
42,2023,Vichada,2023-11-06,1,2023-11-13,6.5488353,3.2339349
42,2023,Vichada,2023-11-06,2,2023-11-20,2.1829455,3.4358232
42,2023,Vichada,2023-11-06,3,2023-11-27,1.455297,3.5209372
42,2023,Vichada,2023-11-06,4,2023-12-04,0.0,3.8397586
42,2023,Vichada,2023-11-13,1,2023-11-20,2.1829455,6.8860974
42,2023,Vichada,2023-11-13,2,2023-11-27,1.455297,7.145295
42,2023,Vichada,2023-11-13,3,2023-12-04,0.0,7.370628
42,2023,Vichada,2023-11-13,4,2023-12-11,2.1829455,7.5718555
42,2023,Vichada,2023-11-20,1,2023-11-27,1.455297,6.30504
42,2023,Vichada,2023-11-20,2,2023-12-04,0.0,6.657945
42,2023,Vichada,2023-11-20,3,2023-12-11,2.1829455,6.420332
42,2023,Vichada,2023-11-20,4,2023-12-18,2.9105935,6.958418
42,2023,Vichada,2023-11-27,1,2023-12-04,0.0,3.796361
42,2023,Vichada,2023-11-27,2,2023-12-11,2.1829455,3.7995617
42,2023,Vichada,2023-11-27,3,2023-12-18,2.9105935,3.5134742
42,2023,Vichada,2023-11-27,4,2023-12-25,0.72764844,4.1921444
