seed,test_year,departamento,fecha_base,horizonte,fecha_objetivo,y_true,y_pred
123,2023,Amazonas,2023-02-20,1,2023-02-27,26.47827,15.420485
123,2023,Amazonas,2023-02-20,2,2023-03-06,31.292498,15.094236
123,2023,Amazonas,2023-02-20,3,2023-03-13,30.088943,14.871438
123,2023,Amazonas,2023-02-20,4,2023-03-20,30.088943,14.040632
123,2023,Amazonas,2023-02-27,1,2023-03-06,31.292498,18.774168
123,2023,Amazonas,2023-02-27,2,2023-03-13,30.088943,18.280626
123,2023,Amazonas,2023-02-27,3,2023-03-20,30.088943,18.013985
123,2023,Amazonas,2023-02-27,4,2023-03-27,52.956543,16.836222
123,2023,Amazonas,2023-03-06,1,2023-03-13,30.088943,20.639303
123,2023,Amazonas,2023-03-06,2,2023-03-20,30.088943,19.888876
123,2023,Amazonas,2023-03-06,3,2023-03-27,52.956543,19.58364
123,2023,Amazonas,2023-03-06,4,2023-04-03,46.938747,18.175251
123,2023,Amazonas,2023-03-13,1,2023-03-20,30.088943,23.712166
123,2023,Amazonas,2023-03-13,2,2023-03-27,52.956543,22.6207
123,2023,Amazonas,2023-03-13,3,2023-04-03,46.938747,22.256874
123,2023,Amazonas,2023-03-13,4,2023-04-10,39.717407,20.402287
123,2023,Amazonas,2023-03-20,1,2023-03-27,52.956543,25.372536
123,2023,Amazonas,2023-03-20,2,2023-04-03,46.938747,24.036297
123,2023,Amazonas,2023-03-20,3,2023-04-10,39.717407,23.60346
123,2023,Amazonas,2023-03-20,4,2023-04-17,24.071157,21.548601
123,2023,Amazonas,2023-03-27,1,2023-04-03,46.938747,26.467777
123,2023,Amazonas,2023-03-27,2,2023-04-10,39.717407,24.87992
123,2023,Amazonas,2023-03-27,3,2023-04-17,24.071157,24.421087
123,2023,Amazonas,2023-03-27,4,2023-04-24,30.088943,22.18835
123,2023,Amazonas,2023-04-03,1,2023-04-10,39.717407,30.370142
123,2023,Amazonas,2023-04-03,2,2023-04-17,24.071157,28.444288
123,2023,Amazonas,2023-04-03,3,2023-04-24,30.088943,27.92098
123,2023,Amazonas,2023-04-03,4,2023-05-01,22.8676,25.189198
123,2023,Amazonas,2023-04-10,1,2023-04-17,24.071157,32.146385
123,2023,Amazonas,2023-04-10,2,2023-04-24,30.088943,30.06027
123,2023,Amazonas,2023-04-10,3,2023-05-01,22.8676,29.50702
123,2023,Amazonas,2023-04-10,4,2023-05-08,10.832021,26.63938
123,2023,Amazonas,2023-04-17,1,2023-04-24,30.088943,31.47076
123,2023,Amazonas,2023-04-17,2,2023-05-01,22.8676,29.384007
123,2023,Amazonas,2023-04-17,3,2023-05-08,10.832021,28.85648
123,2023,Amazonas,2023-04-17,4,2023-05-15,16.84981,26.100468
123,2023,Amazonas,2023-04-24,1,2023-05-01,22.8676,24.381794
123,2023,Amazonas,2023-04-24,2,2023-05-08,10.832021,22.604723
123,2023,Amazonas,2023-04-24,3,2023-05-15,16.84981,22.216398
123,2023,Amazonas,2023-04-24,4,2023-05-22,10.832021,20.261362
123,2023,Amazonas,2023-05-01,1,2023-05-08,10.832021,23.04387
123,2023,Amazonas,2023-05-01,2,2023-05-15,16.84981,21.253712
123,2023,Amazonas,2023-05-01,3,2023-05-22,10.832021,20.843113
123,2023,Amazonas,2023-05-01,4,2023-05-29,12.035577,18.895731
123,2023,Amazonas,2023-05-08,1,2023-05-15,16.84981,19.988234
123,2023,Amazonas,2023-05-08,2,2023-05-22,10.832021,18.326101
123,2023,Amazonas,2023-05-08,3,2023-05-29,12.035577,17.896091
123,2023,Amazonas,2023-05-08,4,2023-06-05,7.221347,16.320158
123,2023,Amazonas,2023-05-15,1,2023-05-22,10.832021,10.64826
123,2023,Amazonas,2023-05-15,2,2023-05-29,12.035577,9.651868
123,2023,Amazonas,2023-05-15,3,2023-06-05,7.221347,9.307993
123,2023,Amazonas,2023-05-15,4,2023-06-12,2.4071152,8.804303
123,2023,Amazonas,2023-05-22,1,2023-05-29,12.035577,9.437296
123,2023,Amazonas,2023-05-22,2,2023-06-05,7.221347,8.714074
123,2023,Amazonas,2023-05-22,3,2023-06-12,2.4071152,8.431303
123,2023,Amazonas,2023-05-22,4,2023-06-19,6.017789,7.9813237
123,2023,Amazonas,2023-05-29,1,2023-06-05,7.221347,6.9649153
123,2023,Amazonas,2023-05-29,2,2023-06-12,2.4071152,6.538954
123,2023,Amazonas,2023-05-29,3,2023-06-19,6.017789,6.298488
123,2023,Amazonas,2023-05-29,4,2023-06-26,1.2035577,6.1119595
123,2023,Amazonas,2023-06-05,1,2023-06-12,2.4071152,7.069487
123,2023,Amazonas,2023-06-05,2,2023-06-19,6.017789,6.7725453
123,2023,Amazonas,2023-06-05,3,2023-06-26,1.2035577,6.5706606
123,2023,Amazonas,2023-06-05,4,2023-07-03,4.814231,6.349166
123,2023,Amazonas,2023-06-12,1,2023-06-19,6.017789,5.5140357
123,2023,Amazonas,2023-06-12,2,2023-06-26,1.2035577,5.292534
123,2023,Amazonas,2023-06-12,3,2023-07-03,4.814231,5.131933
123,2023,Amazonas,2023-06-12,4,2023-07-10,3.610673,5.0395184
123,2023,Amazonas,2023-06-19,1,2023-06-26,1.2035577,3.7681196
123,2023,Amazonas,2023-06-19,2,2023-07-03,4.814231,3.595098
123,2023,Amazonas,2023-06-19,3,2023-07-10,3.610673,3.4986405
123,2023,Amazonas,2023-06-19,4,2023-07-17,3.610673,3.426075
123,2023,Amazonas,2023-06-26,1,2023-07-03,4.814231,4.081589
123,2023,Amazonas,2023-06-26,2,2023-07-10,3.610673,3.9505079
123,2023,Amazonas,2023-06-26,3,2023-07-17,3.610673,3.8877113
123,2023,Amazonas,2023-06-26,4,2023-07-24,2.4071152,3.782157
123,2023,Amazonas,2023-07-03,1,2023-07-10,3.610673,3.324676
123,2023,Amazonas,2023-07-03,2,2023-07-17,3.610673,3.2464297
123,2023,Amazonas,2023-07-03,3,2023-07-24,2.4071152,3.1954424
123,2023,Amazonas,2023-07-03,4,2023-07-31,0.0,3.1137538
123,2023,Amazonas,2023-07-10,1,2023-07-17,3.610673,3.6492293
123,2023,Amazonas,2023-07-10,2,2023-07-24,2.4071152,3.609042
123,2023,Amazonas,2023-07-10,3,2023-07-31,0.0,3.5650356
123,2023,Amazonas,2023-07-10,4,2023-08-07,0.0,3.494842
123,2023,Amazonas,2023-07-17,1,2023-07-24,2.4071152,3.4566572
123,2023,Amazonas,2023-07-17,2,2023-07-31,0.0,3.425376
123,2023,Amazonas,2023-07-17,3,2023-08-07,0.0,3.3744543
123,2023,Amazonas,2023-07-17,4,2023-08-14,3.610673,3.3408365
123,2023,Amazonas,2023-07-24,1,2023-07-31,0.0,2.8747323
123,2023,Amazonas,2023-07-24,2,2023-08-07,0.0,2.8452241
123,2023,Amazonas,2023-07-24,3,2023-08-14,3.610673,2.793087
123,2023,Amazonas,2023-07-24,4,2023-08-21,4.814231,2.7961853
123,2023,Amazonas,2023-07-31,1,2023-08-07,0.0,1.8760833
123,2023,Amazonas,2023-07-31,2,2023-08-14,3.610673,1.8335282
123,2023,Amazonas,2023-07-31,3,2023-08-21,4.814231,1.7860464
123,2023,Amazonas,2023-07-31,4,2023-08-28,3.610673,1.809045
123,2023,Amazonas,2023-08-07,1,2023-08-14,3.610673,0.9257677
123,2023,Amazonas,2023-08-07,2,2023-08-21,4.814231,0.8966628
123,2023,Amazonas,2023-08-07,3,2023-08-28,3.610673,0.86809474
123,2023,Amazonas,2023-08-07,4,2023-09-04,2.4071152,0.8356523
123,2023,Amazonas,2023-08-14,1,2023-08-21,4.814231,0.52899337
123,2023,Amazonas,2023-08-14,2,2023-08-28,3.610673,0.5022357
123,2023,Amazonas,2023-08-14,3,2023-09-04,2.4071152,0.48430794
123,2023,Amazonas,2023-08-14,4,2023-09-11,1.2035577,0.4506428
123,2023,Amazonas,2023-08-21,1,2023-08-28,3.610673,0.38444334
123,2023,Amazonas,2023-08-21,2,2023-09-04,2.4071152,0.37004423
123,2023,Amazonas,2023-08-21,3,2023-09-11,1.2035577,0.35453296
123,2023,Amazonas,2023-08-21,4,2023-09-18,0.0,0.3525259
123,2023,Amazonas,2023-08-28,1,2023-09-04,2.4071152,0.44803366
123,2023,Amazonas,2023-08-28,2,2023-09-11,1.2035577,0.43301174
123,2023,Amazonas,2023-08-28,3,2023-09-18,0.0,0.42233002
123,2023,Amazonas,2023-08-28,4,2023-09-25,4.814231,0.42827228
123,2023,Amazonas,2023-09-04,1,2023-09-11,1.2035577,0.4341754
123,2023,Amazonas,2023-09-04,2,2023-09-18,0.0,0.42325655
123,2023,Amazonas,2023-09-04,3,2023-09-25,4.814231,0.4194571
123,2023,Amazonas,2023-09-04,4,2023-10-02,2.4071152,0.4359935
123,2023,Amazonas,2023-09-11,1,2023-09-18,0.0,0.472441
123,2023,Amazonas,2023-09-11,2,2023-09-25,4.814231,0.4644783
123,2023,Amazonas,2023-09-11,3,2023-10-02,2.4071152,0.46824864
123,2023,Amazonas,2023-09-11,4,2023-10-09,3.610673,0.4932015
123,2023,Amazonas,2023-09-18,1,2023-09-25,4.814231,0.46935013
123,2023,Amazonas,2023-09-18,2,2023-10-02,2.4071152,0.4625704
123,2023,Amazonas,2023-09-18,3,2023-10-09,3.610673,0.46862966
123,2023,Amazonas,2023-09-18,4,2023-10-16,1.2035577,0.4847884
123,2023,Amazonas,2023-09-25,1,2023-10-02,2.4071152,0.43821838
123,2023,Amazonas,2023-09-25,2,2023-10-09,3.610673,0.43164778
123,2023,Amazonas,2023-09-25,3,2023-10-16,1.2035577,0.43851244
123,2023,Amazonas,2023-09-25,4,2023-10-23,3.610673,0.45283332
123,2023,Amazonas,2023-10-02,1,2023-10-09,3.610673,0.72244686
123,2023,Amazonas,2023-10-02,2,2023-10-16,1.2035577,0.72681075
123,2023,Amazonas,2023-10-02,3,2023-10-23,3.610673,0.73554814
123,2023,Amazonas,2023-10-02,4,2023-10-30,3.610673,0.7861056
123,2023,Amazonas,2023-10-09,1,2023-10-16,1.2035577,0.983984
123,2023,Amazonas,2023-10-09,2,2023-10-23,3.610673,0.9959397
123,2023,Amazonas,2023-10-09,3,2023-10-30,3.610673,1.0040464
123,2023,Amazonas,2023-10-09,4,2023-11-06,0.0,1.0673736
123,2023,Amazonas,2023-10-16,1,2023-10-23,3.610673,1.4103565
123,2023,Amazonas,2023-10-16,2,2023-10-30,3.610673,1.4322908
123,2023,Amazonas,2023-10-16,3,2023-11-06,0.0,1.4438399
123,2023,Amazonas,2023-10-16,4,2023-11-13,3.610673,1.5089943
123,2023,Amazonas,2023-10-23,1,2023-10-30,3.610673,1.5475776
123,2023,Amazonas,2023-10-23,2,2023-11-06,0.0,1.5631131
123,2023,Amazonas,2023-10-23,3,2023-11-13,3.610673,1.572409
123,2023,Amazonas,2023-10-23,4,2023-11-20,2.4071152,1.6177034
123,2023,Amazonas,2023-10-30,1,2023-11-06,0.0,2.1425414
123,2023,Amazonas,2023-10-30,2,2023-11-13,3.610673,2.187754
123,2023,Amazonas,2023-10-30,3,2023-11-20,2.4071152,2.20617
123,2023,Amazonas,2023-10-30,4,2023-11-27,2.4071152,2.2555163
123,2023,Amazonas,2023-11-06,1,2023-11-13,3.610673,2.8257895
123,2023,Amazonas,2023-11-06,2,2023-11-20,2.4071152,2.8817077
123,2023,Amazonas,2023-11-06,3,2023-11-27,2.4071152,2.8951044
123,2023,Amazonas,2023-11-06,4,2023-12-04,1.2035577,2.9342377
123,2023,Amazonas,2023-11-13,1,2023-11-20,2.4071152,2.3502398
123,2023,Amazonas,2023-11-13,2,2023-11-27,2.4071152,2.3557346
123,2023,Amazonas,2023-11-13,3,2023-12-04,1.2035577,2.3546934
123,2023,Amazonas,2023-11-13,4,2023-12-11,3.610673,2.3810737
123,2023,Amazonas,2023-11-20,1,2023-11-27,2.4071152,2.9752011
123,2023,Amazonas,2023-11-20,2,2023-12-04,1.2035577,2.996352
123,2023,Amazonas,2023-11-20,3,2023-12-11,3.610673,2.9975798
123,2023,Amazonas,2023-11-20,4,2023-12-18,1.2035577,3.0058947
123,2023,Amazonas,2023-11-27,1,2023-12-04,1.2035577,3.0451982
123,2023,Amazonas,2023-11-27,2,2023-12-11,3.610673,3.0574615
123,2023,Amazonas,2023-11-27,3,2023-12-18,1.2035577,3.0516706
123,2023,Amazonas,2023-11-27,4,2023-12-25,1.2035577,3.0689013
123,2023,Antioquia,2023-02-20,1,2023-02-27,0.7178304,0.25972995
123,2023,Antioquia,2023-02-20,2,2023-03-06,0.439488,0.25099665
123,2023,Antioquia,2023-02-20,3,2023-03-13,0.4834368,0.24422525
123,2023,Antioquia,2023-02-20,4,2023-03-20,0.6006336,0.24633381
123,2023,Antioquia,2023-02-27,1,2023-03-06,0.439488,0.24290383
123,2023,Antioquia,2023-02-27,2,2023-03-13,0.4834368,0.2273267
123,2023,Antioquia,2023-02-27,3,2023-03-20,0.6006336,0.21710452
123,2023,Antioquia,2023-02-27,4,2023-03-27,0.659232,0.21451503
123,2023,Antioquia,2023-03-06,1,2023-03-13,0.4834368,0.25275058
123,2023,Antioquia,2023-03-06,2,2023-03-20,0.6006336,0.23945141
123,2023,Antioquia,2023-03-06,3,2023-03-27,0.659232,0.22924699
123,2023,Antioquia,2023-03-06,4,2023-04-03,0.3369408,0.2323706
123,2023,Antioquia,2023-03-13,1,2023-03-20,0.6006336,0.24745174
123,2023,Antioquia,2023-03-13,2,2023-03-27,0.659232,0.23558187
123,2023,Antioquia,2023-03-13,3,2023-04-03,0.3369408,0.22582859
123,2023,Antioquia,2023-03-13,4,2023-04-10,0.6445824,0.23118679
123,2023,Antioquia,2023-03-20,1,2023-03-27,0.659232,0.23660314
123,2023,Antioquia,2023-03-20,2,2023-04-03,0.3369408,0.22348008
123,2023,Antioquia,2023-03-20,3,2023-04-10,0.6445824,0.2131748
123,2023,Antioquia,2023-03-20,4,2023-04-17,0.51273596,0.21745868
123,2023,Antioquia,2023-03-27,1,2023-04-03,0.3369408,0.24697173
123,2023,Antioquia,2023-03-27,2,2023-04-10,0.6445824,0.23812433
123,2023,Antioquia,2023-03-27,3,2023-04-17,0.51273596,0.22918206
123,2023,Antioquia,2023-03-27,4,2023-04-24,0.6738816,0.23858029
123,2023,Antioquia,2023-04-03,1,2023-04-10,0.6445824,0.27599064
123,2023,Antioquia,2023-04-03,2,2023-04-17,0.51273596,0.27488893
123,2023,Antioquia,2023-04-03,3,2023-04-24,0.6738816,0.26926976
123,2023,Antioquia,2023-04-03,4,2023-05-01,0.6006336,0.28659126
123,2023,Antioquia,2023-04-10,1,2023-04-17,0.51273596,0.2842328
123,2023,Antioquia,2023-04-10,2,2023-04-24,0.6738816,0.2833768
123,2023,Antioquia,2023-04-10,3,2023-05-01,0.6006336,0.27854884
123,2023,Antioquia,2023-04-10,4,2023-05-08,0.8936256,0.2941817
123,2023,Antioquia,2023-04-17,1,2023-04-24,0.6738816,0.29233837
123,2023,Antioquia,2023-04-17,2,2023-05-01,0.6006336,0.2910513
123,2023,Antioquia,2023-04-17,3,2023-05-08,0.8936256,0.28658596
123,2023,Antioquia,2023-04-17,4,2023-05-15,1.0254719,0.3007446
123,2023,Antioquia,2023-04-24,1,2023-05-01,0.6006336,0.31320766
123,2023,Antioquia,2023-04-24,2,2023-05-08,0.8936256,0.31390432
123,2023,Antioquia,2023-04-24,3,2023-05-15,1.0254719,0.3103511
123,2023,Antioquia,2023-04-24,4,2023-05-22,0.9375743,0.32540053
123,2023,Antioquia,2023-05-01,1,2023-05-08,0.8936256,0.33225054
123,2023,Antioquia,2023-05-01,2,2023-05-15,1.0254719,0.33811605
123,2023,Antioquia,2023-05-01,3,2023-05-22,0.9375743,0.33700863
123,2023,Antioquia,2023-05-01,4,2023-05-29,1.1866175,0.35541013
123,2023,Antioquia,2023-05-08,1,2023-05-15,1.0254719,0.36026937
123,2023,Antioquia,2023-05-08,2,2023-05-22,0.9375743,0.37157586
123,2023,Antioquia,2023-05-08,3,2023-05-29,1.1866175,0.37346128
123,2023,Antioquia,2023-05-08,4,2023-06-05,1.1719681,0.39295942
123,2023,Antioquia,2023-05-15,1,2023-05-22,0.9375743,0.42380738
123,2023,Antioquia,2023-05-15,2,2023-05-29,1.1866175,0.44006726
123,2023,Antioquia,2023-05-15,3,2023-06-05,1.1719681,0.45004714
123,2023,Antioquia,2023-05-15,4,2023-06-12,1.0840704,0.47111428
123,2023,Antioquia,2023-05-22,1,2023-05-29,1.1866175,0.5255129
123,2023,Antioquia,2023-05-22,2,2023-06-05,1.1719681,0.5432233
123,2023,Antioquia,2023-05-22,3,2023-06-12,1.0840704,0.5599307
123,2023,Antioquia,2023-05-22,4,2023-06-19,1.2305664,0.5894427
123,2023,Antioquia,2023-05-29,1,2023-06-05,1.1719681,0.5931225
123,2023,Antioquia,2023-05-29,2,2023-06-12,1.0840704,0.6124756
123,2023,Antioquia,2023-05-29,3,2023-06-19,1.2305664,0.6294672
123,2023,Antioquia,2023-05-29,4,2023-06-26,1.1133696,0.6583911
123,2023,Antioquia,2023-06-05,1,2023-06-12,1.0840704,0.68326
123,2023,Antioquia,2023-06-05,2,2023-06-19,1.2305664,0.70321006
123,2023,Antioquia,2023-06-05,3,2023-06-26,1.1133696,0.7199281
123,2023,Antioquia,2023-06-05,4,2023-07-03,1.6993536,0.74958855
123,2023,Antioquia,2023-06-12,1,2023-06-19,1.2305664,0.79364955
123,2023,Antioquia,2023-06-12,2,2023-06-26,1.1133696,0.8154054
123,2023,Antioquia,2023-06-12,3,2023-07-03,1.6993536,0.8336265
123,2023,Antioquia,2023-06-12,4,2023-07-10,1.5821568,0.86973614
123,2023,Antioquia,2023-06-19,1,2023-06-26,1.1133696,0.84792125
123,2023,Antioquia,2023-06-19,2,2023-07-03,1.6993536,0.86589223
123,2023,Antioquia,2023-06-19,3,2023-07-10,1.5821568,0.88354015
123,2023,Antioquia,2023-06-19,4,2023-07-17,1.6407552,0.906825
123,2023,Antioquia,2023-06-26,1,2023-07-03,1.6993536,0.9039221
123,2023,Antioquia,2023-06-26,2,2023-07-10,1.5821568,0.918476
123,2023,Antioquia,2023-06-26,3,2023-07-17,1.6407552,0.9343119
123,2023,Antioquia,2023-06-26,4,2023-07-24,1.6261055,0.9463374
123,2023,Antioquia,2023-07-03,1,2023-07-10,1.5821568,0.91014653
123,2023,Antioquia,2023-07-03,2,2023-07-17,1.6407552,0.9197437
123,2023,Antioquia,2023-07-03,3,2023-07-24,1.6261055,0.9327093
123,2023,Antioquia,2023-07-03,4,2023-07-31,1.4356607,0.9294527
123,2023,Antioquia,2023-07-10,1,2023-07-17,1.6407552,0.9988276
123,2023,Antioquia,2023-07-10,2,2023-07-24,1.6261055,1.0087483
123,2023,Antioquia,2023-07-10,3,2023-07-31,1.4356607,1.0211551
123,2023,Antioquia,2023-07-10,4,2023-08-07,2.1095424,1.0251468
123,2023,Antioquia,2023-07-17,1,2023-07-24,1.6261055,1.0912119
123,2023,Antioquia,2023-07-17,2,2023-07-31,1.4356607,1.1000496
123,2023,Antioquia,2023-07-17,3,2023-08-07,2.1095424,1.1117445
123,2023,Antioquia,2023-07-17,4,2023-08-14,1.5675071,1.1215136
123,2023,Antioquia,2023-07-24,1,2023-07-31,1.4356607,1.1859337
123,2023,Antioquia,2023-07-24,2,2023-08-07,2.1095424,1.1927409
123,2023,Antioquia,2023-07-24,3,2023-08-14,1.5675071,1.2033138
123,2023,Antioquia,2023-07-24,4,2023-08-21,1.391712,1.2218931
123,2023,Antioquia,2023-07-31,1,2023-08-07,2.1095424,1.2359722
123,2023,Antioquia,2023-07-31,2,2023-08-14,1.5675071,1.2398081
123,2023,Antioquia,2023-07-31,3,2023-08-21,1.391712,1.2492216
123,2023,Antioquia,2023-07-31,4,2023-08-28,1.6554048,1.2707361
123,2023,Antioquia,2023-08-07,1,2023-08-14,1.5675071,1.1676117
123,2023,Antioquia,2023-08-07,2,2023-08-21,1.391712,1.1664616
123,2023,Antioquia,2023-08-07,3,2023-08-28,1.6554048,1.1721418
123,2023,Antioquia,2023-08-07,4,2023-09-04,1.977696,1.1727502
123,2023,Antioquia,2023-08-14,1,2023-08-21,1.391712,1.3003626
123,2023,Antioquia,2023-08-14,2,2023-08-28,1.6554048,1.2994547
123,2023,Antioquia,2023-08-14,3,2023-09-04,1.977696,1.3039392
123,2023,Antioquia,2023-08-14,4,2023-09-11,1.7579519,1.3238615
123,2023,Antioquia,2023-08-21,1,2023-08-28,1.6554048,1.2997025
123,2023,Antioquia,2023-08-21,2,2023-09-04,1.977696,1.2960536
123,2023,Antioquia,2023-08-21,3,2023-09-11,1.7579519,1.2979807
123,2023,Antioquia,2023-08-21,4,2023-09-18,1.3477632,1.3087691
123,2023,Antioquia,2023-08-28,1,2023-09-04,1.977696,1.1507865
123,2023,Antioquia,2023-08-28,2,2023-09-11,1.7579519,1.1400286
123,2023,Antioquia,2023-08-28,3,2023-09-18,1.3477632,1.1369522
123,2023,Antioquia,2023-08-28,4,2023-09-25,1.4649599,1.1123059
123,2023,Antioquia,2023-09-04,1,2023-09-11,1.7579519,1.1316326
123,2023,Antioquia,2023-09-04,2,2023-09-18,1.3477632,1.122269
123,2023,Antioquia,2023-09-04,3,2023-09-25,1.4649599,1.1178308
123,2023,Antioquia,2023-09-04,4,2023-10-02,2.2560384,1.0965319
123,2023,Antioquia,2023-09-11,1,2023-09-18,1.3477632,1.2854975
123,2023,Antioquia,2023-09-11,2,2023-09-25,1.4649599,1.2824287
123,2023,Antioquia,2023-09-11,3,2023-10-02,2.2560384,1.2798585
123,2023,Antioquia,2023-09-11,4,2023-10-09,1.7726017,1.293912
123,2023,Antioquia,2023-09-18,1,2023-09-25,1.4649599,1.299208
123,2023,Antioquia,2023-09-18,2,2023-10-02,2.2560384,1.2959822
123,2023,Antioquia,2023-09-18,3,2023-10-09,1.7726017,1.2946911
123,2023,Antioquia,2023-09-18,4,2023-10-16,1.7140031,1.3097483
123,2023,Antioquia,2023-09-25,1,2023-10-02,2.2560384,1.198599
123,2023,Antioquia,2023-09-25,2,2023-10-09,1.7726017,1.1924236
123,2023,Antioquia,2023-09-25,3,2023-10-16,1.7140031,1.1900353
123,2023,Antioquia,2023-09-25,4,2023-10-23,1.5968064,1.1803988
123,2023,Antioquia,2023-10-02,1,2023-10-09,1.7726017,1.1306187
123,2023,Antioquia,2023-10-02,2,2023-10-16,1.7140031,1.1217438
123,2023,Antioquia,2023-10-02,3,2023-10-23,1.5968064,1.117323
123,2023,Antioquia,2023-10-02,4,2023-10-30,1.391712,1.0932798
123,2023,Antioquia,2023-10-09,1,2023-10-16,1.7140031,1.2524348
123,2023,Antioquia,2023-10-09,2,2023-10-23,1.5968064,1.2501948
123,2023,Antioquia,2023-10-09,3,2023-10-30,1.391712,1.2473886
123,2023,Antioquia,2023-10-09,4,2023-11-06,1.245216,1.257098
123,2023,Antioquia,2023-10-16,1,2023-10-23,1.5968064,1.311989
123,2023,Antioquia,2023-10-16,2,2023-10-30,1.391712,1.3109683
123,2023,Antioquia,2023-10-16,3,2023-11-06,1.245216,1.3087555
123,2023,Antioquia,2023-10-16,4,2023-11-13,1.933747,1.3296776
123,2023,Antioquia,2023-10-23,1,2023-10-30,1.391712,1.3697245
123,2023,Antioquia,2023-10-23,2,2023-11-06,1.245216,1.369105
123,2023,Antioquia,2023-10-23,3,2023-11-13,1.933747,1.3688401
123,2023,Antioquia,2023-10-23,4,2023-11-20,1.5968064,1.3951076
123,2023,Antioquia,2023-10-30,1,2023-11-06,1.245216,1.3389004
123,2023,Antioquia,2023-10-30,2,2023-11-13,1.933747,1.3367754
123,2023,Antioquia,2023-10-30,3,2023-11-20,1.5968064,1.338364
123,2023,Antioquia,2023-10-30,4,2023-11-27,1.9044478,1.3500781
123,2023,Antioquia,2023-11-06,1,2023-11-13,1.933747,1.2087872
123,2023,Antioquia,2023-11-06,2,2023-11-20,1.5968064,1.2034234
123,2023,Antioquia,2023-11-06,3,2023-11-27,1.9044478,1.2036335
123,2023,Antioquia,2023-11-06,4,2023-12-04,1.6700543,1.184347
123,2023,Antioquia,2023-11-13,1,2023-11-20,1.5968064,1.0891052
123,2023,Antioquia,2023-11-13,2,2023-11-27,1.9044478,1.0793202
123,2023,Antioquia,2023-11-13,3,2023-12-04,1.6700543,1.0774647
123,2023,Antioquia,2023-11-13,4,2023-12-11,1.7872512,1.033746
123,2023,Antioquia,2023-11-20,1,2023-11-27,1.9044478,1.1529399
123,2023,Antioquia,2023-11-20,2,2023-12-04,1.6700543,1.1481494
123,2023,Antioquia,2023-11-20,3,2023-12-11,1.7872512,1.1468942
123,2023,Antioquia,2023-11-20,4,2023-12-18,1.7579519,1.1201087
123,2023,Antioquia,2023-11-27,1,2023-12-04,1.6700543,1.1979742
123,2023,Antioquia,2023-11-27,2,2023-12-11,1.7872512,1.1952714
123,2023,Antioquia,2023-11-27,3,2023-12-18,1.7579519,1.1960586
123,2023,Antioquia,2023-11-27,4,2023-12-25,1.3770623,1.1796058
123,2023,Arauca,2023-02-20,1,2023-02-27,1.8100202,1.164483
123,2023,Arauca,2023-02-20,2,2023-03-06,2.1720243,1.1439003
123,2023,Arauca,2023-02-20,3,2023-03-13,0.7240081,1.1355102
123,2023,Arauca,2023-02-20,4,2023-03-20,1.0860121,1.0928425
123,2023,Arauca,2023-02-27,1,2023-03-06,2.1720243,1.2571906
123,2023,Arauca,2023-02-27,2,2023-03-13,0.7240081,1.2470499
123,2023,Arauca,2023-02-27,3,2023-03-20,1.0860121,1.2373233
123,2023,Arauca,2023-02-27,4,2023-03-27,0.7240081,1.238709
123,2023,Arauca,2023-03-06,1,2023-03-13,0.7240081,1.5824
123,2023,Arauca,2023-03-06,2,2023-03-20,1.0860121,1.5903946
123,2023,Arauca,2023-03-06,3,2023-03-27,0.7240081,1.5923989
123,2023,Arauca,2023-03-06,4,2023-04-03,0.36200407,1.6541209
123,2023,Arauca,2023-03-13,1,2023-03-20,1.0860121,2.054617
123,2023,Arauca,2023-03-13,2,2023-03-27,0.7240081,2.0919755
123,2023,Arauca,2023-03-13,3,2023-04-03,0.36200407,2.1042032
123,2023,Arauca,2023-03-13,4,2023-04-10,1.0860121,2.181456
123,2023,Arauca,2023-03-20,1,2023-03-27,0.7240081,1.8599534
123,2023,Arauca,2023-03-20,2,2023-04-03,0.36200407,1.8777452
123,2023,Arauca,2023-03-20,3,2023-04-10,1.0860121,1.889668
123,2023,Arauca,2023-03-20,4,2023-04-17,1.0860121,1.9564523
123,2023,Arauca,2023-03-27,1,2023-04-03,0.36200407,1.6900519
123,2023,Arauca,2023-03-27,2,2023-04-10,1.0860121,1.6941812
123,2023,Arauca,2023-03-27,3,2023-04-17,1.0860121,1.7017887
123,2023,Arauca,2023-03-27,4,2023-04-24,3.6200407,1.7525469
123,2023,Arauca,2023-04-03,1,2023-04-10,1.0860121,1.542609
123,2023,Arauca,2023-04-03,2,2023-04-17,1.0860121,1.5370069
123,2023,Arauca,2023-04-03,3,2023-04-24,3.6200407,1.5361683
123,2023,Arauca,2023-04-03,4,2023-05-01,1.8100202,1.5704565
123,2023,Arauca,2023-04-10,1,2023-04-17,1.0860121,1.2298735
123,2023,Arauca,2023-04-10,2,2023-04-24,3.6200407,1.2212276
123,2023,Arauca,2023-04-10,3,2023-05-01,1.8100202,1.2144908
123,2023,Arauca,2023-04-10,4,2023-05-08,4.3440485,1.1943641
123,2023,Arauca,2023-04-17,1,2023-04-24,3.6200407,1.1733084
123,2023,Arauca,2023-04-17,2,2023-05-01,1.8100202,1.1725142
123,2023,Arauca,2023-04-17,3,2023-05-08,4.3440485,1.1641878
123,2023,Arauca,2023-04-17,4,2023-05-15,3.6200407,1.1534265
123,2023,Arauca,2023-04-24,1,2023-05-01,1.8100202,1.2847307
123,2023,Arauca,2023-04-24,2,2023-05-08,4.3440485,1.2989727
123,2023,Arauca,2023-04-24,3,2023-05-15,3.6200407,1.294484
123,2023,Arauca,2023-04-24,4,2023-05-22,4.3440485,1.3369257
123,2023,Arauca,2023-05-01,1,2023-05-08,4.3440485,2.3695204
123,2023,Arauca,2023-05-01,2,2023-05-15,3.6200407,2.4517715
123,2023,Arauca,2023-05-01,3,2023-05-22,4.3440485,2.4701576
123,2023,Arauca,2023-05-01,4,2023-05-29,0.7240081,2.5556185
123,2023,Arauca,2023-05-08,1,2023-05-15,3.6200407,2.8557532
123,2023,Arauca,2023-05-08,2,2023-05-22,4.3440485,2.9471242
123,2023,Arauca,2023-05-08,3,2023-05-29,0.7240081,2.9612527
123,2023,Arauca,2023-05-08,4,2023-06-05,4.3440485,3.0583482
123,2023,Arauca,2023-05-15,1,2023-05-22,4.3440485,4.152336
123,2023,Arauca,2023-05-15,2,2023-05-29,0.7240081,4.2638597
123,2023,Arauca,2023-05-15,3,2023-06-05,4.3440485,4.2470875
123,2023,Arauca,2023-05-15,4,2023-06-12,3.2580369,4.3198924
123,2023,Arauca,2023-05-22,1,2023-05-29,0.7240081,4.5678267
123,2023,Arauca,2023-05-22,2,2023-06-05,4.3440485,4.6338544
123,2023,Arauca,2023-05-22,3,2023-06-12,3.2580369,4.5748687
123,2023,Arauca,2023-05-22,4,2023-06-19,1.4480162,4.6454444
123,2023,Arauca,2023-05-29,1,2023-06-05,4.3440485,4.876055
123,2023,Arauca,2023-05-29,2,2023-06-12,3.2580369,4.8984265
123,2023,Arauca,2023-05-29,3,2023-06-19,1.4480162,4.81169
123,2023,Arauca,2023-05-29,4,2023-06-26,3.2580369,4.85421
123,2023,Arauca,2023-06-05,1,2023-06-12,3.2580369,3.519145
123,2023,Arauca,2023-06-05,2,2023-06-19,1.4480162,3.4622288
123,2023,Arauca,2023-06-05,3,2023-06-26,3.2580369,3.396321
123,2023,Arauca,2023-06-05,4,2023-07-03,2.5340285,3.4434044
123,2023,Arauca,2023-06-12,1,2023-06-19,1.4480162,4.1894736
123,2023,Arauca,2023-06-12,2,2023-06-26,3.2580369,4.1457796
123,2023,Arauca,2023-06-12,3,2023-07-03,2.5340285,4.0843863
123,2023,Arauca,2023-06-12,4,2023-07-10,4.3440485,4.078655
123,2023,Arauca,2023-06-19,1,2023-06-26,3.2580369,3.9926915
123,2023,Arauca,2023-06-19,2,2023-07-03,2.5340285,3.9355078
123,2023,Arauca,2023-06-19,3,2023-07-10,4.3440485,3.8695393
123,2023,Arauca,2023-06-19,4,2023-07-17,2.5340285,3.8775811
123,2023,Arauca,2023-06-26,1,2023-07-03,2.5340285,3.1964893
123,2023,Arauca,2023-06-26,2,2023-07-10,4.3440485,3.1159673
123,2023,Arauca,2023-06-26,3,2023-07-17,2.5340285,3.0677814
123,2023,Arauca,2023-06-26,4,2023-07-24,0.7240081,3.059733
123,2023,Arauca,2023-07-03,1,2023-07-10,4.3440485,3.248688
123,2023,Arauca,2023-07-03,2,2023-07-17,2.5340285,3.1773427
123,2023,Arauca,2023-07-03,3,2023-07-24,0.7240081,3.1436398
123,2023,Arauca,2023-07-03,4,2023-07-31,0.7240081,3.1200898
123,2023,Arauca,2023-07-10,1,2023-07-17,2.5340285,2.727566
123,2023,Arauca,2023-07-10,2,2023-07-24,0.7240081,2.6431358
123,2023,Arauca,2023-07-10,3,2023-07-31,0.7240081,2.6161375
123,2023,Arauca,2023-07-10,4,2023-08-07,1.8100202,2.5855687
123,2023,Arauca,2023-07-17,1,2023-07-24,0.7240081,3.2189465
123,2023,Arauca,2023-07-17,2,2023-07-31,0.7240081,3.167622
123,2023,Arauca,2023-07-17,3,2023-08-07,1.8100202,3.153677
123,2023,Arauca,2023-07-17,4,2023-08-14,1.4480162,3.1329072
123,2023,Arauca,2023-07-24,1,2023-07-31,0.7240081,2.9505498
123,2023,Arauca,2023-07-24,2,2023-08-07,1.8100202,2.8983407
123,2023,Arauca,2023-07-24,3,2023-08-14,1.4480162,2.8851326
123,2023,Arauca,2023-07-24,4,2023-08-21,1.4480162,2.880525
123,2023,Arauca,2023-07-31,1,2023-08-07,1.8100202,1.9291029
123,2023,Arauca,2023-07-31,2,2023-08-14,1.4480162,1.8467883
123,2023,Arauca,2023-07-31,3,2023-08-21,1.4480162,1.8313361
123,2023,Arauca,2023-07-31,4,2023-08-28,1.0860121,1.7817712
123,2023,Arauca,2023-08-07,1,2023-08-14,1.4480162,1.2534266
123,2023,Arauca,2023-08-07,2,2023-08-21,1.4480162,1.1853405
123,2023,Arauca,2023-08-07,3,2023-08-28,1.0860121,1.1816542
123,2023,Arauca,2023-08-07,4,2023-09-04,1.8100202,1.0434338
123,2023,Arauca,2023-08-14,1,2023-08-21,1.4480162,1.1394062
123,2023,Arauca,2023-08-14,2,2023-08-28,1.0860121,1.0847579
123,2023,Arauca,2023-08-14,3,2023-09-04,1.8100202,1.0797813
123,2023,Arauca,2023-08-14,4,2023-09-11,1.4480162,0.96328086
123,2023,Arauca,2023-08-21,1,2023-08-28,1.0860121,1.073109
123,2023,Arauca,2023-08-21,2,2023-09-04,1.8100202,1.0297737
123,2023,Arauca,2023-08-21,3,2023-09-11,1.4480162,1.023484
123,2023,Arauca,2023-08-21,4,2023-09-18,2.1720243,0.93805265
123,2023,Arauca,2023-08-28,1,2023-09-04,1.8100202,1.0972694
123,2023,Arauca,2023-08-28,2,2023-09-11,1.4480162,1.0664763
123,2023,Arauca,2023-08-28,3,2023-09-18,2.1720243,1.0595781
123,2023,Arauca,2023-08-28,4,2023-09-25,0.7240081,1.0186933
123,2023,Arauca,2023-09-04,1,2023-09-11,1.4480162,1.0819124
123,2023,Arauca,2023-09-04,2,2023-09-18,2.1720243,1.0597814
123,2023,Arauca,2023-09-04,3,2023-09-25,0.7240081,1.0566052
123,2023,Arauca,2023-09-04,4,2023-10-02,2.8960326,1.0345656
123,2023,Arauca,2023-09-11,1,2023-09-18,2.1720243,1.1642188
123,2023,Arauca,2023-09-11,2,2023-09-25,0.7240081,1.1562684
123,2023,Arauca,2023-09-11,3,2023-10-02,2.8960326,1.1630127
123,2023,Arauca,2023-09-11,4,2023-10-09,1.4480162,1.1828345
123,2023,Arauca,2023-09-18,1,2023-09-25,0.7240081,1.2430003
123,2023,Arauca,2023-09-18,2,2023-10-02,2.8960326,1.2400532
123,2023,Arauca,2023-09-18,3,2023-10-09,1.4480162,1.2519429
123,2023,Arauca,2023-09-18,4,2023-10-16,1.8100202,1.293573
123,2023,Arauca,2023-09-25,1,2023-10-02,2.8960326,1.5120842
123,2023,Arauca,2023-09-25,2,2023-10-09,1.4480162,1.52072
123,2023,Arauca,2023-09-25,3,2023-10-16,1.8100202,1.5397648
123,2023,Arauca,2023-09-25,4,2023-10-23,2.1720243,1.5995644
123,2023,Arauca,2023-10-02,1,2023-10-09,1.4480162,1.427445
123,2023,Arauca,2023-10-02,2,2023-10-16,1.8100202,1.4249377
123,2023,Arauca,2023-10-02,3,2023-10-23,2.1720243,1.4367718
123,2023,Arauca,2023-10-02,4,2023-10-30,1.0860121,1.486706
123,2023,Arauca,2023-10-09,1,2023-10-16,1.8100202,1.8538415
123,2023,Arauca,2023-10-09,2,2023-10-23,2.1720243,1.8722968
123,2023,Arauca,2023-10-09,3,2023-10-30,1.0860121,1.8912495
123,2023,Arauca,2023-10-09,4,2023-11-06,1.4480162,1.9527005
123,2023,Arauca,2023-10-16,1,2023-10-23,2.1720243,1.9034605
123,2023,Arauca,2023-10-16,2,2023-10-30,1.0860121,1.9161464
123,2023,Arauca,2023-10-16,3,2023-11-06,1.4480162,1.931841
123,2023,Arauca,2023-10-16,4,2023-11-13,1.8100202,1.9895284
123,2023,Arauca,2023-10-23,1,2023-10-30,1.0860121,1.9802161
123,2023,Arauca,2023-10-23,2,2023-11-06,1.4480162,1.9894148
123,2023,Arauca,2023-10-23,3,2023-11-13,1.8100202,2.0029323
123,2023,Arauca,2023-10-23,4,2023-11-20,1.4480162,2.0506623
123,2023,Arauca,2023-10-30,1,2023-11-06,1.4480162,2.289349
123,2023,Arauca,2023-10-30,2,2023-11-13,1.8100202,2.3093762
123,2023,Arauca,2023-10-30,3,2023-11-20,1.4480162,2.3231752
123,2023,Arauca,2023-10-30,4,2023-11-27,2.8960326,2.3707104
123,2023,Arauca,2023-11-06,1,2023-11-13,1.8100202,2.1339414
123,2023,Arauca,2023-11-06,2,2023-11-20,1.4480162,2.1415024
123,2023,Arauca,2023-11-06,3,2023-11-27,2.8960326,2.1515758
123,2023,Arauca,2023-11-06,4,2023-12-04,1.4480162,2.1913683
123,2023,Arauca,2023-11-13,1,2023-11-20,1.4480162,2.155627
123,2023,Arauca,2023-11-13,2,2023-11-27,2.8960326,2.159692
123,2023,Arauca,2023-11-13,3,2023-12-04,1.4480162,2.1676571
123,2023,Arauca,2023-11-13,4,2023-12-11,3.2580369,2.1971455
123,2023,Arauca,2023-11-20,1,2023-11-27,2.8960326,2.4031355
123,2023,Arauca,2023-11-20,2,2023-12-04,1.4480162,2.421073
123,2023,Arauca,2023-11-20,3,2023-12-11,3.2580369,2.4344025
123,2023,Arauca,2023-11-20,4,2023-12-18,3.6200407,2.4713702
123,2023,Arauca,2023-11-27,1,2023-12-04,1.4480162,2.4735966
123,2023,Arauca,2023-11-27,2,2023-12-11,3.2580369,2.4863813
123,2023,Arauca,2023-11-27,3,2023-12-18,3.6200407,2.4975398
123,2023,Arauca,2023-11-27,4,2023-12-25,2.1720243,2.5335667
123,2023,Atlantico,2023-02-20,1,2023-02-27,2.6021237,4.657926
123,2023,Atlantico,2023-02-20,2,2023-03-06,2.7803514,4.4007044
123,2023,Atlantico,2023-02-20,3,2023-03-13,1.7466309,4.2793827
123,2023,Atlantico,2023-02-20,4,2023-03-20,2.352605,4.2144322
123,2023,Atlantico,2023-02-27,1,2023-03-06,2.7803514,3.5857794
123,2023,Atlantico,2023-02-27,2,2023-03-13,1.7466309,3.378329
123,2023,Atlantico,2023-02-27,3,2023-03-20,2.352605,3.2978032
123,2023,Atlantico,2023-02-27,4,2023-03-27,1.6396943,3.2215781
123,2023,Atlantico,2023-03-06,1,2023-03-13,1.7466309,2.5840063
123,2023,Atlantico,2023-03-06,2,2023-03-20,2.352605,2.4295466
123,2023,Atlantico,2023-03-06,3,2023-03-27,1.6396943,2.3814
123,2023,Atlantico,2023-03-06,4,2023-04-03,1.2119479,2.2880695
123,2023,Atlantico,2023-03-13,1,2023-03-20,2.352605,2.1852005
123,2023,Atlantico,2023-03-13,2,2023-03-27,1.6396943,2.0715759
123,2023,Atlantico,2023-03-13,3,2023-04-03,1.2119479,2.026786
123,2023,Atlantico,2023-03-13,4,2023-04-10,1.1763024,1.9382383
123,2023,Atlantico,2023-03-20,1,2023-03-27,1.6396943,1.8445684
123,2023,Atlantico,2023-03-20,2,2023-04-03,1.2119479,1.7592834
123,2023,Atlantico,2023-03-20,3,2023-04-10,1.1763024,1.7170595
123,2023,Atlantico,2023-03-20,4,2023-04-17,0.8198471,1.6418647
123,2023,Atlantico,2023-03-27,1,2023-04-03,1.2119479,1.9076277
123,2023,Atlantico,2023-03-27,2,2023-04-10,1.1763024,1.838528
123,2023,Atlantico,2023-03-27,3,2023-04-17,0.8198471,1.7940613
123,2023,Atlantico,2023-03-27,4,2023-04-24,1.3545301,1.7815355
123,2023,Atlantico,2023-04-03,1,2023-04-10,1.1763024,1.8567235
123,2023,Atlantico,2023-04-03,2,2023-04-17,0.8198471,1.8107299
123,2023,Atlantico,2023-04-03,3,2023-04-24,1.3545301,1.7703402
123,2023,Atlantico,2023-04-03,4,2023-05-01,1.1763024,1.7852145
123,2023,Atlantico,2023-04-10,1,2023-04-17,0.8198471,1.700507
123,2023,Atlantico,2023-04-10,2,2023-04-24,1.3545301,1.6759579
123,2023,Atlantico,2023-04-10,3,2023-05-01,1.1763024,1.6439288
123,2023,Atlantico,2023-04-10,4,2023-05-08,1.2119479,1.6663705
123,2023,Atlantico,2023-04-17,1,2023-04-24,1.3545301,1.6455278
123,2023,Atlantico,2023-04-17,2,2023-05-01,1.1763024,1.643687
123,2023,Atlantico,2023-04-17,3,2023-05-08,1.2119479,1.6220785
123,2023,Atlantico,2023-04-17,4,2023-05-15,1.1050113,1.6587174
123,2023,Atlantico,2023-04-24,1,2023-05-01,1.1763024,1.5547487
123,2023,Atlantico,2023-04-24,2,2023-05-08,1.2119479,1.5713893
123,2023,Atlantico,2023-04-24,3,2023-05-15,1.1050113,1.5586272
123,2023,Atlantico,2023-04-24,4,2023-05-22,1.4614667,1.605977
123,2023,Atlantico,2023-05-01,1,2023-05-08,1.2119479,1.6337984
123,2023,Atlantico,2023-05-01,2,2023-05-15,1.1050113,1.6731305
123,2023,Atlantico,2023-05-01,3,2023-05-22,1.4614667,1.672112
123,2023,Atlantico,2023-05-01,4,2023-05-29,0.99807477,1.7411125
123,2023,Atlantico,2023-05-08,1,2023-05-15,1.1050113,1.7695358
123,2023,Atlantico,2023-05-08,2,2023-05-22,1.4614667,1.8331457
123,2023,Atlantico,2023-05-08,3,2023-05-29,0.99807477,1.8486863
123,2023,Atlantico,2023-05-08,4,2023-06-05,0.7842016,1.9312063
123,2023,Atlantico,2023-05-15,1,2023-05-22,1.4614667,1.9294716
123,2023,Atlantico,2023-05-15,2,2023-05-29,0.99807477,2.004891
123,2023,Atlantico,2023-05-15,3,2023-06-05,0.7842016,2.0299175
123,2023,Atlantico,2023-05-15,4,2023-06-12,0.71291053,2.1082387
123,2023,Atlantico,2023-05-22,1,2023-05-29,0.99807477,2.1056914
123,2023,Atlantico,2023-05-22,2,2023-06-05,0.7842016,2.1940637
123,2023,Atlantico,2023-05-22,3,2023-06-12,0.71291053,2.228431
123,2023,Atlantico,2023-05-22,4,2023-06-19,1.1763024,2.3029425
123,2023,Atlantico,2023-05-29,1,2023-06-05,0.7842016,2.3077204
123,2023,Atlantico,2023-05-29,2,2023-06-12,0.71291053,2.4074366
123,2023,Atlantico,2023-05-29,3,2023-06-19,1.1763024,2.44859
123,2023,Atlantico,2023-05-29,4,2023-06-26,1.3188845,2.5193014
123,2023,Atlantico,2023-06-05,1,2023-06-12,0.71291053,2.3278437
123,2023,Atlantico,2023-06-05,2,2023-06-19,1.1763024,2.4242082
123,2023,Atlantico,2023-06-05,3,2023-06-26,1.3188845,2.469502
123,2023,Atlantico,2023-06-05,4,2023-07-03,1.5327578,2.5333047
123,2023,Atlantico,2023-06-12,1,2023-06-19,1.1763024,2.3372717
123,2023,Atlantico,2023-06-12,2,2023-06-26,1.3188845,2.4314127
123,2023,Atlantico,2023-06-12,3,2023-07-03,1.5327578,2.4812803
123,2023,Atlantico,2023-06-12,4,2023-07-10,2.815997,2.536621
123,2023,Atlantico,2023-06-19,1,2023-06-26,1.3188845,2.3129358
123,2023,Atlantico,2023-06-19,2,2023-07-03,1.5327578,2.4006586
123,2023,Atlantico,2023-06-19,3,2023-07-10,2.815997,2.4539006
123,2023,Atlantico,2023-06-19,4,2023-07-17,3.457616,2.4999557
123,2023,Atlantico,2023-06-26,1,2023-07-03,1.5327578,2.4906929
123,2023,Atlantico,2023-06-26,2,2023-07-10,2.815997,2.5891874
123,2023,Atlantico,2023-06-26,3,2023-07-17,3.457616,2.6483145
123,2023,Atlantico,2023-06-26,4,2023-07-24,3.4219708,2.6939049
123,2023,Atlantico,2023-07-03,1,2023-07-10,2.815997,2.8161864
123,2023,Atlantico,2023-07-03,2,2023-07-17,3.457616,2.9273138
123,2023,Atlantico,2023-07-03,3,2023-07-24,3.4219708,2.9901936
123,2023,Atlantico,2023-07-03,4,2023-07-31,3.1011612,3.0356479
123,2023,Atlantico,2023-07-10,1,2023-07-17,3.457616,3.1354666
123,2023,Atlantico,2023-07-10,2,2023-07-24,3.4219708,3.2476842
123,2023,Atlantico,2023-07-10,3,2023-07-31,3.1011612,3.3088536
123,2023,Atlantico,2023-07-10,4,2023-08-07,3.6714892,3.3523352
123,2023,Atlantico,2023-07-17,1,2023-07-24,3.4219708,4.354438
123,2023,Atlantico,2023-07-17,2,2023-07-31,3.1011612,4.4961486
123,2023,Atlantico,2023-07-17,3,2023-08-07,3.6714892,4.5377645
123,2023,Atlantico,2023-07-17,4,2023-08-14,2.352605,4.5628753
123,2023,Atlantico,2023-07-24,1,2023-07-31,3.1011612,5.786674
123,2023,Atlantico,2023-07-24,2,2023-08-07,3.6714892,5.929853
123,2023,Atlantico,2023-07-24,3,2023-08-14,2.352605,5.916758
123,2023,Atlantico,2023-07-24,4,2023-08-21,1.7466309,5.906881
123,2023,Atlantico,2023-07-31,1,2023-08-07,3.6714892,6.4053593
123,2023,Atlantico,2023-07-31,2,2023-08-14,2.352605,6.486146
123,2023,Atlantico,2023-07-31,3,2023-08-21,1.7466309,6.4109707
123,2023,Atlantico,2023-07-31,4,2023-08-28,2.7803514,6.384938
123,2023,Atlantico,2023-08-07,1,2023-08-14,2.352605,6.1103215
123,2023,Atlantico,2023-08-07,2,2023-08-21,1.7466309,6.105232
123,2023,Atlantico,2023-08-07,3,2023-08-28,2.7803514,5.993734
123,2023,Atlantico,2023-08-07,4,2023-09-04,2.6377692,5.9773808
123,2023,Atlantico,2023-08-14,1,2023-08-21,1.7466309,6.0486913
123,2023,Atlantico,2023-08-14,2,2023-08-28,2.7803514,5.99683
123,2023,Atlantico,2023-08-14,3,2023-09-04,2.6377692,5.8715096
123,2023,Atlantico,2023-08-14,4,2023-09-11,1.9961494,5.8327293
123,2023,Atlantico,2023-08-21,1,2023-08-28,2.7803514,5.1041226
123,2023,Atlantico,2023-08-21,2,2023-09-04,2.6377692,5.0040393
123,2023,Atlantico,2023-08-21,3,2023-09-11,1.9961494,4.8968353
123,2023,Atlantico,2023-08-21,4,2023-09-18,2.7447057,4.8852816
123,2023,Atlantico,2023-08-28,1,2023-09-04,2.6377692,4.204697
123,2023,Atlantico,2023-08-28,2,2023-09-11,1.9961494,4.0856533
123,2023,Atlantico,2023-08-28,3,2023-09-18,2.7447057,4.022736
123,2023,Atlantico,2023-08-28,4,2023-09-25,2.6734145,3.9918177
123,2023,Atlantico,2023-09-04,1,2023-09-11,1.9961494,4.518265
123,2023,Atlantico,2023-09-04,2,2023-09-18,2.7447057,4.4156966
123,2023,Atlantico,2023-09-04,3,2023-09-25,2.6734145,4.3717227
123,2023,Atlantico,2023-09-04,4,2023-10-02,2.4595416,4.3042607
123,2023,Atlantico,2023-09-11,1,2023-09-18,2.7447057,4.8100038
123,2023,Atlantico,2023-09-11,2,2023-09-25,2.6734145,4.7249823
123,2023,Atlantico,2023-09-11,3,2023-10-02,2.4595416,4.6820655
123,2023,Atlantico,2023-09-11,4,2023-10-09,2.0317953,4.6184735
123,2023,Atlantico,2023-09-18,1,2023-09-25,2.6734145,4.392311
123,2023,Atlantico,2023-09-18,2,2023-10-02,2.4595416,4.3041573
123,2023,Atlantico,2023-09-18,3,2023-10-09,2.0317953,4.2701883
123,2023,Atlantico,2023-09-18,4,2023-10-16,2.2456684,4.2264194
123,2023,Atlantico,2023-09-25,1,2023-10-02,2.4595416,4.6073866
123,2023,Atlantico,2023-09-25,2,2023-10-09,2.0317953,4.5314865
123,2023,Atlantico,2023-09-25,3,2023-10-16,2.2456684,4.5017543
123,2023,Atlantico,2023-09-25,4,2023-10-23,2.495187,4.447472
123,2023,Atlantico,2023-10-02,1,2023-10-09,2.0317953,4.7922683
123,2023,Atlantico,2023-10-02,2,2023-10-16,2.2456684,4.724817
123,2023,Atlantico,2023-10-02,3,2023-10-23,2.495187,4.690376
123,2023,Atlantico,2023-10-02,4,2023-10-30,1.889213,4.643949
123,2023,Atlantico,2023-10-09,1,2023-10-16,2.2456684,4.7562437
123,2023,Atlantico,2023-10-09,2,2023-10-23,2.495187,4.691032
123,2023,Atlantico,2023-10-09,3,2023-10-30,1.889213,4.6542754
123,2023,Atlantico,2023-10-09,4,2023-11-06,3.2793884,4.6198764
123,2023,Atlantico,2023-10-16,1,2023-10-23,2.495187,4.494542
123,2023,Atlantico,2023-10-16,2,2023-10-30,1.889213,4.422472
123,2023,Atlantico,2023-10-16,3,2023-11-06,3.2793884,4.3883734
123,2023,Atlantico,2023-10-16,4,2023-11-13,3.707135,4.3625546
123,2023,Atlantico,2023-10-23,1,2023-10-30,1.889213,4.4775553
123,2023,Atlantico,2023-10-23,2,2023-11-06,3.2793884,4.400745
123,2023,Atlantico,2023-10-23,3,2023-11-13,3.707135,4.368428
123,2023,Atlantico,2023-10-23,4,2023-11-20,3.4932616,4.340663
123,2023,Atlantico,2023-10-30,1,2023-11-06,3.2793884,4.4148564
123,2023,Atlantico,2023-10-30,2,2023-11-13,3.707135,4.3401685
123,2023,Atlantico,2023-10-30,3,2023-11-20,3.4932616,4.3084426
123,2023,Atlantico,2023-10-30,4,2023-11-27,5.132956,4.2822137
123,2023,Atlantico,2023-11-06,1,2023-11-13,3.707135,4.0265317
123,2023,Atlantico,2023-11-06,2,2023-11-20,3.4932616,3.942893
123,2023,Atlantico,2023-11-06,3,2023-11-27,5.132956,3.9168007
123,2023,Atlantico,2023-11-06,4,2023-12-04,5.845866,3.8996365
123,2023,Atlantico,2023-11-13,1,2023-11-20,3.4932616,4.5943346
123,2023,Atlantico,2023-11-13,2,2023-11-27,5.132956,4.520683
123,2023,Atlantico,2023-11-13,3,2023-12-04,5.845866,4.4892955
123,2023,Atlantico,2023-11-13,4,2023-12-11,6.630069,4.4556384
123,2023,Atlantico,2023-11-20,1,2023-11-27,5.132956,5.3816156
123,2023,Atlantico,2023-11-20,2,2023-12-04,5.845866,5.3133316
123,2023,Atlantico,2023-11-20,3,2023-12-11,6.630069,5.26066
123,2023,Atlantico,2023-11-20,4,2023-12-18,7.6994348,5.217158
123,2023,Atlantico,2023-11-27,1,2023-12-04,5.845866,5.651523
123,2023,Atlantico,2023-11-27,2,2023-12-11,6.630069,5.5659103
123,2023,Atlantico,2023-11-27,3,2023-12-18,7.6994348,5.4872007
123,2023,Atlantico,2023-11-27,4,2023-12-25,7.41427,5.451584
123,2023,Bogota d.c.,2023-02-20,1,2023-02-27,0.0,0.0
123,2023,Bogota d.c.,2023-02-20,2,2023-03-06,0.0,0.0
123,2023,Bogota d.c.,2023-02-20,3,2023-03-13,0.0,0.0
123,2023,Bogota d.c.,2023-02-20,4,2023-03-20,0.0,0.0
123,2023,Bogota d.c.,2023-02-27,1,2023-03-06,0.0,0.0
123,2023,Bogota d.c.,2023-02-27,2,2023-03-13,0.0,0.0
123,2023,Bogota d.c.,2023-02-27,3,2023-03-20,0.0,0.0
123,2023,Bogota d.c.,2023-02-27,4,2023-03-27,0.0,0.0
123,2023,Bogota d.c.,2023-03-06,1,2023-03-13,0.0,0.0
123,2023,Bogota d.c.,2023-03-06,2,2023-03-20,0.0,0.0
123,2023,Bogota d.c.,2023-03-06,3,2023-03-27,0.0,0.0
123,2023,Bogota d.c.,2023-03-06,4,2023-04-03,0.0,0.0
123,2023,Bogota d.c.,2023-03-13,1,2023-03-20,0.0,0.0
123,2023,Bogota d.c.,2023-03-13,2,2023-03-27,0.0,0.0
123,2023,Bogota d.c.,2023-03-13,3,2023-04-03,0.0,0.0
123,2023,Bogota d.c.,2023-03-13,4,2023-04-10,0.0,0.0
123,2023,Bogota d.c.,2023-03-20,1,2023-03-27,0.0,0.0
123,2023,Bogota d.c.,2023-03-20,2,2023-04-03,0.0,0.0
123,2023,Bogota d.c.,2023-03-20,3,2023-04-10,0.0,0.0
123,2023,Bogota d.c.,2023-03-20,4,2023-04-17,0.0,0.0
123,2023,Bogota d.c.,2023-03-27,1,2023-04-03,0.0,0.0
123,2023,Bogota d.c.,2023-03-27,2,2023-04-10,0.0,0.0
123,2023,Bogota d.c.,2023-03-27,3,2023-04-17,0.0,0.0
123,2023,Bogota d.c.,2023-03-27,4,2023-04-24,0.0,0.0
123,2023,Bogota d.c.,2023-04-03,1,2023-04-10,0.0,0.0
123,2023,Bogota d.c.,2023-04-03,2,2023-04-17,0.0,0.0
123,2023,Bogota d.c.,2023-04-03,3,2023-04-24,0.0,0.0
123,2023,Bogota d.c.,2023-04-03,4,2023-05-01,0.0,0.0
123,2023,Bogota d.c.,2023-04-10,1,2023-04-17,0.0,0.0
123,2023,Bogota d.c.,2023-04-10,2,2023-04-24,0.0,0.0
123,2023,Bogota d.c.,2023-04-10,3,2023-05-01,0.0,0.0
123,2023,Bogota d.c.,2023-04-10,4,2023-05-08,0.0,0.0
123,2023,Bogota d.c.,2023-04-17,1,2023-04-24,0.0,0.0
123,2023,Bogota d.c.,2023-04-17,2,2023-05-01,0.0,0.0
123,2023,Bogota d.c.,2023-04-17,3,2023-05-08,0.0,0.0
123,2023,Bogota d.c.,2023-04-17,4,2023-05-15,0.0,0.0004460465
123,2023,Bogota d.c.,2023-04-24,1,2023-05-01,0.0,0.0
123,2023,Bogota d.c.,2023-04-24,2,2023-05-08,0.0,0.0
123,2023,Bogota d.c.,2023-04-24,3,2023-05-15,0.0,0.0
123,2023,Bogota d.c.,2023-04-24,4,2023-05-22,0.0,0.0024915182
123,2023,Bogota d.c.,2023-05-01,1,2023-05-08,0.0,0.0
123,2023,Bogota d.c.,2023-05-01,2,2023-05-15,0.0,0.0
123,2023,Bogota d.c.,2023-05-01,3,2023-05-22,0.0,0.0
123,2023,Bogota d.c.,2023-05-01,4,2023-05-29,0.0,0.002667686
123,2023,Bogota d.c.,2023-05-08,1,2023-05-15,0.0,0.0
123,2023,Bogota d.c.,2023-05-08,2,2023-05-22,0.0,0.0
123,2023,Bogota d.c.,2023-05-08,3,2023-05-29,0.0,0.00073490647
123,2023,Bogota d.c.,2023-05-08,4,2023-06-05,0.0,0.0038108837
123,2023,Bogota d.c.,2023-05-15,1,2023-05-22,0.0,0.0
123,2023,Bogota d.c.,2023-05-15,2,2023-05-29,0.0,0.00042554847
123,2023,Bogota d.c.,2023-05-15,3,2023-06-05,0.0,0.0039019743
123,2023,Bogota d.c.,2023-05-15,4,2023-06-12,0.0,0.0068158326
123,2023,Bogota d.c.,2023-05-22,1,2023-05-29,0.0,0.0
123,2023,Bogota d.c.,2023-05-22,2,2023-06-05,0.0,0.0030894596
123,2023,Bogota d.c.,2023-05-22,3,2023-06-12,0.0,0.006766632
123,2023,Bogota d.c.,2023-05-22,4,2023-06-19,0.0,0.009868029
123,2023,Bogota d.c.,2023-05-29,1,2023-06-05,0.0,0.0
123,2023,Bogota d.c.,2023-05-29,2,2023-06-12,0.0,0.0035856199
123,2023,Bogota d.c.,2023-05-29,3,2023-06-19,0.0,0.007175816
123,2023,Bogota d.c.,2023-05-29,4,2023-06-26,0.0,0.010118477
123,2023,Bogota d.c.,2023-06-05,1,2023-06-12,0.0,0.0
123,2023,Bogota d.c.,2023-06-05,2,2023-06-19,0.0,0.004394084
123,2023,Bogota d.c.,2023-06-05,3,2023-06-26,0.0,0.007715798
123,2023,Bogota d.c.,2023-06-05,4,2023-07-03,0.0,0.010137743
123,2023,Bogota d.c.,2023-06-12,1,2023-06-19,0.0,0.0
123,2023,Bogota d.c.,2023-06-12,2,2023-06-26,0.0,0.007323349
123,2023,Bogota d.c.,2023-06-12,3,2023-07-03,0.0,0.011449214
123,2023,Bogota d.c.,2023-06-12,4,2023-07-10,0.0,0.012653214
123,2023,Bogota d.c.,2023-06-19,1,2023-06-26,0.0,0.0001621769
123,2023,Bogota d.c.,2023-06-19,2,2023-07-03,0.0,0.007969884
123,2023,Bogota d.c.,2023-06-19,3,2023-07-10,0.0,0.011694732
123,2023,Bogota d.c.,2023-06-19,4,2023-07-17,0.0,0.012265218
123,2023,Bogota d.c.,2023-06-26,1,2023-07-03,0.0,0.0006533629
123,2023,Bogota d.c.,2023-06-26,2,2023-07-10,0.0,0.0077961828
123,2023,Bogota d.c.,2023-06-26,3,2023-07-17,0.0,0.010979092
123,2023,Bogota d.c.,2023-06-26,4,2023-07-24,0.0,0.0109966425
123,2023,Bogota d.c.,2023-07-03,1,2023-07-10,0.0,0.0008465411
123,2023,Bogota d.c.,2023-07-03,2,2023-07-17,0.0,0.007814512
123,2023,Bogota d.c.,2023-07-03,3,2023-07-24,0.0,0.01071736
123,2023,Bogota d.c.,2023-07-03,4,2023-07-31,0.0,0.010674852
123,2023,Bogota d.c.,2023-07-10,1,2023-07-17,0.0,0.00021883445
123,2023,Bogota d.c.,2023-07-10,2,2023-07-24,0.0,0.007579671
123,2023,Bogota d.c.,2023-07-10,3,2023-07-31,0.0,0.010250148
123,2023,Bogota d.c.,2023-07-10,4,2023-08-07,0.0,0.0112705305
123,2023,Bogota d.c.,2023-07-17,1,2023-07-24,0.0,0.0
123,2023,Bogota d.c.,2023-07-17,2,2023-07-31,0.0,0.0062036826
123,2023,Bogota d.c.,2023-07-17,3,2023-08-07,0.0,0.0082773855
123,2023,Bogota d.c.,2023-07-17,4,2023-08-14,0.0,0.00965032
123,2023,Bogota d.c.,2023-07-24,1,2023-07-31,0.0,0.0
123,2023,Bogota d.c.,2023-07-24,2,2023-08-07,0.0,0.003769739
123,2023,Bogota d.c.,2023-07-24,3,2023-08-14,0.0,0.004933434
123,2023,Bogota d.c.,2023-07-24,4,2023-08-21,0.0,0.0076568914
123,2023,Bogota d.c.,2023-07-31,1,2023-08-07,0.0,0.0
123,2023,Bogota d.c.,2023-07-31,2,2023-08-14,0.0,0.0016231546
123,2023,Bogota d.c.,2023-07-31,3,2023-08-21,0.0,0.0026012945
123,2023,Bogota d.c.,2023-07-31,4,2023-08-28,0.0,0.0067902682
123,2023,Bogota d.c.,2023-08-07,1,2023-08-14,0.0,0.0
123,2023,Bogota d.c.,2023-08-07,2,2023-08-21,0.0,0.0
123,2023,Bogota d.c.,2023-08-07,3,2023-08-28,0.0,0.0006987863
123,2023,Bogota d.c.,2023-08-07,4,2023-09-04,0.0,0.0067851674
123,2023,Bogota d.c.,2023-08-14,1,2023-08-21,0.0,0.0
123,2023,Bogota d.c.,2023-08-14,2,2023-08-28,0.0,0.0
123,2023,Bogota d.c.,2023-08-14,3,2023-09-04,0.0,0.0
123,2023,Bogota d.c.,2023-08-14,4,2023-09-11,0.0,0.0066825124
123,2023,Bogota d.c.,2023-08-21,1,2023-08-28,0.0,0.0
123,2023,Bogota d.c.,2023-08-21,2,2023-09-04,0.0,0.0
123,2023,Bogota d.c.,2023-08-21,3,2023-09-11,0.0,0.00035091498
123,2023,Bogota d.c.,2023-08-21,4,2023-09-18,0.0,0.007110094
123,2023,Bogota d.c.,2023-08-28,1,2023-09-04,0.0,0.0
123,2023,Bogota d.c.,2023-08-28,2,2023-09-11,0.0,0.0
123,2023,Bogota d.c.,2023-08-28,3,2023-09-18,0.0,0.0
123,2023,Bogota d.c.,2023-08-28,4,2023-09-25,0.0,0.004989963
123,2023,Bogota d.c.,2023-09-04,1,2023-09-11,0.0,0.0
123,2023,Bogota d.c.,2023-09-04,2,2023-09-18,0.0,0.0
123,2023,Bogota d.c.,2023-09-04,3,2023-09-25,0.0,0.0
123,2023,Bogota d.c.,2023-09-04,4,2023-10-02,0.0,0.004937625
123,2023,Bogota d.c.,2023-09-11,1,2023-09-18,0.0,0.0
123,2023,Bogota d.c.,2023-09-11,2,2023-09-25,0.0,0.0
123,2023,Bogota d.c.,2023-09-11,3,2023-10-02,0.0,0.0
123,2023,Bogota d.c.,2023-09-11,4,2023-10-09,0.0,0.0060009295
123,2023,Bogota d.c.,2023-09-18,1,2023-09-25,0.0,0.0
123,2023,Bogota d.c.,2023-09-18,2,2023-10-02,0.0,0.0
123,2023,Bogota d.c.,2023-09-18,3,2023-10-09,0.0,0.0
123,2023,Bogota d.c.,2023-09-18,4,2023-10-16,0.0,0.005625935
123,2023,Bogota d.c.,2023-09-25,1,2023-10-02,0.0,0.0
123,2023,Bogota d.c.,2023-09-25,2,2023-10-09,0.0,0.0
123,2023,Bogota d.c.,2023-09-25,3,2023-10-16,0.0,0.0
123,2023,Bogota d.c.,2023-09-25,4,2023-10-23,0.0,0.0038664092
123,2023,Bogota d.c.,2023-10-02,1,2023-10-09,0.0,0.0
123,2023,Bogota d.c.,2023-10-02,2,2023-10-16,0.0,0.0
123,2023,Bogota d.c.,2023-10-02,3,2023-10-23,0.0,0.0
123,2023,Bogota d.c.,2023-10-02,4,2023-10-30,0.0,0.0014114944
123,2023,Bogota d.c.,2023-10-09,1,2023-10-16,0.0,0.0
123,2023,Bogota d.c.,2023-10-09,2,2023-10-23,0.0,0.0
123,2023,Bogota d.c.,2023-10-09,3,2023-10-30,0.0,0.0
123,2023,Bogota d.c.,2023-10-09,4,2023-11-06,0.0,0.00031535828
123,2023,Bogota d.c.,2023-10-16,1,2023-10-23,0.0,0.0
123,2023,Bogota d.c.,2023-10-16,2,2023-10-30,0.0,0.0
123,2023,Bogota d.c.,2023-10-16,3,2023-11-06,0.0,0.0
123,2023,Bogota d.c.,2023-10-16,4,2023-11-13,0.0,0.0
123,2023,Bogota d.c.,2023-10-23,1,2023-10-30,0.0,0.0
123,2023,Bogota d.c.,2023-10-23,2,2023-11-06,0.0,0.0
123,2023,Bogota d.c.,2023-10-23,3,2023-11-13,0.0,0.0
123,2023,Bogota d.c.,2023-10-23,4,2023-11-20,0.0,0.0
123,2023,Bogota d.c.,2023-10-30,1,2023-11-06,0.0,0.0
123,2023,Bogota d.c.,2023-10-30,2,2023-11-13,0.0,0.0
123,2023,Bogota d.c.,2023-10-30,3,2023-11-20,0.0,0.0
123,2023,Bogota d.c.,2023-10-30,4,2023-11-27,0.0,0.0
123,2023,Bogota d.c.,2023-11-06,1,2023-11-13,0.0,0.0
123,2023,Bogota d.c.,2023-11-06,2,2023-11-20,0.0,0.0
123,2023,Bogota d.c.,2023-11-06,3,2023-11-27,0.0,0.0
123,2023,Bogota d.c.,2023-11-06,4,2023-12-04,0.0,0.0
123,2023,Bogota d.c.,2023-11-13,1,2023-11-20,0.0,0.0
123,2023,Bogota d.c.,2023-11-13,2,2023-11-27,0.0,0.0
123,2023,Bogota d.c.,2023-11-13,3,2023-12-04,0.0,0.0
123,2023,Bogota d.c.,2023-11-13,4,2023-12-11,0.0,0.0
123,2023,Bogota d.c.,2023-11-20,1,2023-11-27,0.0,0.0
123,2023,Bogota d.c.,2023-11-20,2,2023-12-04,0.0,0.0
123,2023,Bogota d.c.,2023-11-20,3,2023-12-11,0.0,0.0
123,2023,Bogota d.c.,2023-11-20,4,2023-12-18,0.0,0.0
123,2023,Bogota d.c.,2023-11-27,1,2023-12-04,0.0,0.0
123,2023,Bogota d.c.,2023-11-27,2,2023-12-11,0.0,0.0
123,2023,Bogota d.c.,2023-11-27,3,2023-12-18,0.0,0.0
123,2023,Bogota d.c.,2023-11-27,4,2023-12-25,0.0,0.0
123,2023,Bolivar,2023-02-20,1,2023-02-27,1.8091534,2.3708382
123,2023,Bolivar,2023-02-20,2,2023-03-06,2.7589588,2.2485793
123,2023,Bolivar,2023-02-20,3,2023-03-13,1.7639246,2.213511
123,2023,Bolivar,2023-02-20,4,2023-03-20,3.3469338,2.1205475
123,2023,Bolivar,2023-02-27,1,2023-03-06,2.7589588,1.7708752
123,2023,Bolivar,2023-02-27,2,2023-03-13,1.7639246,1.6785344
123,2023,Bolivar,2023-02-27,3,2023-03-20,3.3469338,1.6514732
123,2023,Bolivar,2023-02-27,4,2023-03-27,3.1660182,1.5104947
123,2023,Bolivar,2023-03-06,1,2023-03-13,1.7639246,1.4322823
123,2023,Bolivar,2023-03-06,2,2023-03-20,3.3469338,1.3579888
123,2023,Bolivar,2023-03-06,3,2023-03-27,3.1660182,1.33545
123,2023,Bolivar,2023-03-06,4,2023-04-03,2.9398744,1.1937231
123,2023,Bolivar,2023-03-13,1,2023-03-20,3.3469338,1.5360354
123,2023,Bolivar,2023-03-13,2,2023-03-27,3.1660182,1.4740249
123,2023,Bolivar,2023-03-13,3,2023-04-03,2.9398744,1.4469553
123,2023,Bolivar,2023-03-13,4,2023-04-10,2.985103,1.3695185
123,2023,Bolivar,2023-03-20,1,2023-03-27,3.1660182,1.5795293
123,2023,Bolivar,2023-03-20,2,2023-04-03,2.9398744,1.5349492
123,2023,Bolivar,2023-03-20,3,2023-04-10,2.985103,1.5057095
123,2023,Bolivar,2023-03-20,4,2023-04-17,2.8494167,1.4794725
123,2023,Bolivar,2023-03-27,1,2023-04-03,2.9398744,2.2955909
123,2023,Bolivar,2023-03-27,2,2023-04-10,2.985103,2.2862918
123,2023,Bolivar,2023-03-27,3,2023-04-17,2.8494167,2.278388
123,2023,Bolivar,2023-03-27,4,2023-04-24,2.8494167,2.3146703
123,2023,Bolivar,2023-04-03,1,2023-04-10,2.985103,2.952558
123,2023,Bolivar,2023-04-03,2,2023-04-17,2.8494167,2.963529
123,2023,Bolivar,2023-04-03,3,2023-04-24,2.8494167,2.9657915
123,2023,Bolivar,2023-04-03,4,2023-05-01,2.8041878,3.0049384
123,2023,Bolivar,2023-04-10,1,2023-04-17,2.8494167,3.2074604
123,2023,Bolivar,2023-04-10,2,2023-04-24,2.8494167,3.210837
123,2023,Bolivar,2023-04-10,3,2023-05-01,2.8041878,3.208521
123,2023,Bolivar,2023-04-10,4,2023-05-08,3.6635354,3.2458398
123,2023,Bolivar,2023-04-17,1,2023-04-24,2.8494167,3.5828803
123,2023,Bolivar,2023-04-17,2,2023-05-01,2.8041878,3.5855284
123,2023,Bolivar,2023-04-17,3,2023-05-08,3.6635354,3.5752833
123,2023,Bolivar,2023-04-17,4,2023-05-15,4.341968,3.601274
123,2023,Bolivar,2023-04-24,1,2023-05-01,2.8041878,3.8701003
123,2023,Bolivar,2023-04-24,2,2023-05-08,3.6635354,3.8662798
123,2023,Bolivar,2023-04-24,3,2023-05-15,4.341968,3.8456435
123,2023,Bolivar,2023-04-24,4,2023-05-22,3.708764,3.865343
123,2023,Bolivar,2023-05-01,1,2023-05-08,3.6635354,4.082617
123,2023,Bolivar,2023-05-01,2,2023-05-15,4.341968,4.069078
123,2023,Bolivar,2023-05-01,3,2023-05-22,3.708764,4.0389485
123,2023,Bolivar,2023-05-01,4,2023-05-29,4.2062817,4.05273
123,2023,Bolivar,2023-05-08,1,2023-05-15,4.341968,4.3480215
123,2023,Bolivar,2023-05-08,2,2023-05-22,3.708764,4.3309636
123,2023,Bolivar,2023-05-08,3,2023-05-29,4.2062817,4.290753
123,2023,Bolivar,2023-05-08,4,2023-06-05,4.1610527,4.2988515
123,2023,Bolivar,2023-05-15,1,2023-05-22,3.708764,4.9751735
123,2023,Bolivar,2023-05-15,2,2023-05-29,4.2062817,4.962234
123,2023,Bolivar,2023-05-15,3,2023-06-05,4.1610527,4.9028926
123,2023,Bolivar,2023-05-15,4,2023-06-12,3.4826205,4.8930407
123,2023,Bolivar,2023-05-22,1,2023-05-29,4.2062817,5.6235223
123,2023,Bolivar,2023-05-22,2,2023-06-05,4.1610527,5.6115026
123,2023,Bolivar,2023-05-22,3,2023-06-12,3.4826205,5.529336
123,2023,Bolivar,2023-05-22,4,2023-06-19,4.703799,5.4968705
123,2023,Bolivar,2023-05-29,1,2023-06-05,4.1610527,5.4862146
123,2023,Bolivar,2023-05-29,2,2023-06-12,3.4826205,5.4464436
123,2023,Bolivar,2023-05-29,3,2023-06-19,4.703799,5.351495
123,2023,Bolivar,2023-05-29,4,2023-06-26,4.7490277,5.330995
123,2023,Bolivar,2023-06-05,1,2023-06-12,3.4826205,5.7220507
123,2023,Bolivar,2023-06-05,2,2023-06-19,4.703799,5.671075
123,2023,Bolivar,2023-06-05,3,2023-06-26,4.7490277,5.568304
123,2023,Bolivar,2023-06-05,4,2023-07-03,4.9751716,5.5242705
123,2023,Bolivar,2023-06-12,1,2023-06-19,4.703799,5.9831605
123,2023,Bolivar,2023-06-12,2,2023-06-26,4.7490277,5.9246464
123,2023,Bolivar,2023-06-12,3,2023-07-03,4.9751716,5.8080335
123,2023,Bolivar,2023-06-12,4,2023-07-10,7.1461554,5.7518206
123,2023,Bolivar,2023-06-19,1,2023-06-26,4.7490277,5.697001
123,2023,Bolivar,2023-06-19,2,2023-07-03,4.9751716,5.6142573
123,2023,Bolivar,2023-06-19,3,2023-07-10,7.1461554,5.4912834
123,2023,Bolivar,2023-06-19,4,2023-07-17,6.829553,5.457286
123,2023,Bolivar,2023-06-26,1,2023-07-03,4.9751716,6.0230436
123,2023,Bolivar,2023-06-26,2,2023-07-10,7.1461554,5.9336467
123,2023,Bolivar,2023-06-26,3,2023-07-17,6.829553,5.806677
123,2023,Bolivar,2023-06-26,4,2023-07-24,7.553215,5.7414794
123,2023,Bolivar,2023-07-03,1,2023-07-10,7.1461554,5.99266
123,2023,Bolivar,2023-07-03,2,2023-07-17,6.829553,5.8903565
123,2023,Bolivar,2023-07-03,3,2023-07-24,7.553215,5.755981
123,2023,Bolivar,2023-07-03,4,2023-07-31,6.6034102,5.6939178
123,2023,Bolivar,2023-07-10,1,2023-07-17,6.829553,5.838138
123,2023,Bolivar,2023-07-10,2,2023-07-24,7.553215,5.725109
123,2023,Bolivar,2023-07-10,3,2023-07-31,6.6034102,5.591566
123,2023,Bolivar,2023-07-10,4,2023-08-07,6.2415795,5.5312214
123,2023,Bolivar,2023-07-17,1,2023-07-24,7.553215,6.9376264
123,2023,Bolivar,2023-07-17,2,2023-07-31,6.6034102,6.8264813
123,2023,Bolivar,2023-07-17,3,2023-08-07,6.2415795,6.6843514
123,2023,Bolivar,2023-07-17,4,2023-08-14,6.1058927,6.539157
123,2023,Bolivar,2023-07-24,1,2023-07-31,6.6034102,7.631859
123,2023,Bolivar,2023-07-24,2,2023-08-07,6.2415795,7.515858
123,2023,Bolivar,2023-07-24,3,2023-08-14,6.1058927,7.3520465
123,2023,Bolivar,2023-07-24,4,2023-08-21,5.9249773,7.1732025
123,2023,Bolivar,2023-07-31,1,2023-08-07,6.2415795,8.138147
123,2023,Bolivar,2023-07-31,2,2023-08-14,6.1058927,8.003902
123,2023,Bolivar,2023-07-31,3,2023-08-21,5.9249773,7.824212
123,2023,Bolivar,2023-07-31,4,2023-08-28,6.3320365,7.6073356
123,2023,Bolivar,2023-08-07,1,2023-08-14,6.1058927,7.57327
123,2023,Bolivar,2023-08-07,2,2023-08-21,5.9249773,7.4160957
123,2023,Bolivar,2023-08-07,3,2023-08-28,6.3320365,7.224825
123,2023,Bolivar,2023-08-07,4,2023-09-04,5.9702063,7.0538206
123,2023,Bolivar,2023-08-14,1,2023-08-21,5.9249773,6.963875
123,2023,Bolivar,2023-08-14,2,2023-08-28,6.3320365,6.7902646
123,2023,Bolivar,2023-08-14,3,2023-09-04,5.9702063,6.606446
123,2023,Bolivar,2023-08-14,4,2023-09-11,6.1511216,6.4645414
123,2023,Bolivar,2023-08-21,1,2023-08-28,6.3320365,6.6783757
123,2023,Bolivar,2023-08-21,2,2023-09-04,5.9702063,6.4965734
123,2023,Bolivar,2023-08-21,3,2023-09-11,6.1511216,6.3251567
123,2023,Bolivar,2023-08-21,4,2023-09-18,6.4224944,6.1886954
123,2023,Bolivar,2023-08-28,1,2023-09-04,5.9702063,6.669634
123,2023,Bolivar,2023-08-28,2,2023-09-11,6.1511216,6.4849505
123,2023,Bolivar,2023-08-28,3,2023-09-18,6.4224944,6.322586
123,2023,Bolivar,2023-08-28,4,2023-09-25,6.5581803,6.1801424
123,2023,Bolivar,2023-09-04,1,2023-09-11,6.1511216,7.1062946
123,2023,Bolivar,2023-09-04,2,2023-09-18,6.4224944,6.923604
123,2023,Bolivar,2023-09-04,3,2023-09-25,6.5581803,6.7639475
123,2023,Bolivar,2023-09-04,4,2023-10-02,6.6034102,6.587227
123,2023,Bolivar,2023-09-11,1,2023-09-18,6.4224944,6.9645147
123,2023,Bolivar,2023-09-11,2,2023-09-25,6.5581803,6.7867937
123,2023,Bolivar,2023-09-11,3,2023-10-02,6.6034102,6.625926
123,2023,Bolivar,2023-09-11,4,2023-10-09,6.9200115,6.470408
123,2023,Bolivar,2023-09-18,1,2023-09-25,6.5581803,6.7237988
123,2023,Bolivar,2023-09-18,2,2023-10-02,6.6034102,6.547153
123,2023,Bolivar,2023-09-18,3,2023-10-09,6.9200115,6.3915424
123,2023,Bolivar,2023-09-18,4,2023-10-16,7.8245883,6.2488575
123,2023,Bolivar,2023-09-25,1,2023-10-02,6.6034102,6.952737
123,2023,Bolivar,2023-09-25,2,2023-10-09,6.9200115,6.7795568
123,2023,Bolivar,2023-09-25,3,2023-10-16,7.8245883,6.628523
123,2023,Bolivar,2023-09-25,4,2023-10-23,8.683936,6.460818
123,2023,Bolivar,2023-10-02,1,2023-10-09,6.9200115,7.4132066
123,2023,Bolivar,2023-10-02,2,2023-10-16,7.8245883,7.2435536
123,2023,Bolivar,2023-10-02,3,2023-10-23,8.683936,7.091114
123,2023,Bolivar,2023-10-02,4,2023-10-30,7.5984445,6.890107
123,2023,Bolivar,2023-10-09,1,2023-10-16,7.8245883,7.733454
123,2023,Bolivar,2023-10-09,2,2023-10-23,8.683936,7.5607715
123,2023,Bolivar,2023-10-09,3,2023-10-30,7.5984445,7.4031034
123,2023,Bolivar,2023-10-09,4,2023-11-06,8.050732,7.1824875
123,2023,Bolivar,2023-10-16,1,2023-10-23,8.683936,8.210225
123,2023,Bolivar,2023-10-16,2,2023-10-30,7.5984445,8.029449
123,2023,Bolivar,2023-10-16,3,2023-11-06,8.050732,7.864018
123,2023,Bolivar,2023-10-16,4,2023-11-13,9.905115,7.604904
123,2023,Bolivar,2023-10-23,1,2023-10-30,7.5984445,8.9970255
123,2023,Bolivar,2023-10-23,2,2023-11-06,8.050732,8.801798
123,2023,Bolivar,2023-10-23,3,2023-11-13,9.905115,8.625159
123,2023,Bolivar,2023-10-23,4,2023-11-20,11.081065,8.302075
123,2023,Bolivar,2023-10-30,1,2023-11-06,8.050732,9.550191
123,2023,Bolivar,2023-10-30,2,2023-11-13,9.905115,9.330571
123,2023,Bolivar,2023-10-30,3,2023-11-20,11.081065,9.138364
123,2023,Bolivar,2023-10-30,4,2023-11-27,12.890218,8.773408
123,2023,Bolivar,2023-11-06,1,2023-11-13,9.905115,9.112026
123,2023,Bolivar,2023-11-06,2,2023-11-20,11.081065,8.869112
123,2023,Bolivar,2023-11-06,3,2023-11-27,12.890218,8.665467
123,2023,Bolivar,2023-11-06,4,2023-12-04,10.0408,8.34062
123,2023,Bolivar,2023-11-13,1,2023-11-20,11.081065,9.500144
123,2023,Bolivar,2023-11-13,2,2023-11-27,12.890218,9.233961
123,2023,Bolivar,2023-11-13,3,2023-12-04,10.0408,9.030158
123,2023,Bolivar,2023-11-13,4,2023-12-11,10.538318,8.655331
123,2023,Bolivar,2023-11-20,1,2023-11-27,12.890218,10.563257
123,2023,Bolivar,2023-11-20,2,2023-12-04,10.0408,10.261811
123,2023,Bolivar,2023-11-20,3,2023-12-11,10.538318,10.048947
123,2023,Bolivar,2023-11-20,4,2023-12-18,10.764462,9.580441
123,2023,Bolivar,2023-11-27,1,2023-12-04,10.0408,11.597331
123,2023,Bolivar,2023-11-27,2,2023-12-11,10.538318,11.2491455
123,2023,Bolivar,2023-11-27,3,2023-12-18,10.764462,11.019104
123,2023,Bolivar,2023-11-27,4,2023-12-25,8.412561,10.471433
123,2023,Boyaca,2023-02-20,1,2023-02-27,0.6273103,0.23460299
123,2023,Boyaca,2023-02-20,2,2023-03-06,1.0193793,0.25422978
123,2023,Boyaca,2023-02-20,3,2023-03-13,0.5488965,0.25992623
123,2023,Boyaca,2023-02-20,4,2023-03-20,0.3920689,0.28158838
123,2023,Boyaca,2023-02-27,1,2023-03-06,1.0193793,0.3593684
123,2023,Boyaca,2023-02-27,2,2023-03-13,0.5488965,0.3815702
123,2023,Boyaca,2023-02-27,3,2023-03-20,0.3920689,0.39637738
123,2023,Boyaca,2023-02-27,4,2023-03-27,0.31365514,0.43386573
123,2023,Boyaca,2023-03-06,1,2023-03-13,0.5488965,0.43822533
123,2023,Boyaca,2023-03-06,2,2023-03-20,0.3920689,0.457076
123,2023,Boyaca,2023-03-06,3,2023-03-27,0.31365514,0.4731412
123,2023,Boyaca,2023-03-06,4,2023-04-03,0.15682755,0.5110427
123,2023,Boyaca,2023-03-13,1,2023-03-20,0.3920689,0.519153
123,2023,Boyaca,2023-03-13,2,2023-03-27,0.31365514,0.5387911
123,2023,Boyaca,2023-03-13,3,2023-04-03,0.15682755,0.55530316
123,2023,Boyaca,2023-03-13,4,2023-04-10,0.6273103,0.59201586
123,2023,Boyaca,2023-03-20,1,2023-03-27,0.31365514,0.5485699
123,2023,Boyaca,2023-03-20,2,2023-04-03,0.15682755,0.5659429
123,2023,Boyaca,2023-03-20,3,2023-04-10,0.6273103,0.5815807
123,2023,Boyaca,2023-03-20,4,2023-04-17,0.3920689,0.60437465
123,2023,Boyaca,2023-03-27,1,2023-04-03,0.15682755,0.5522895
123,2023,Boyaca,2023-03-27,2,2023-04-10,0.6273103,0.56630814
123,2023,Boyaca,2023-03-27,3,2023-04-17,0.3920689,0.5796058
123,2023,Boyaca,2023-03-27,4,2023-04-24,0.5488965,0.5872694
123,2023,Boyaca,2023-04-03,1,2023-04-10,0.6273103,0.53742653
123,2023,Boyaca,2023-04-03,2,2023-04-17,0.3920689,0.5487273
123,2023,Boyaca,2023-04-03,3,2023-04-24,0.5488965,0.5598429
123,2023,Boyaca,2023-04-03,4,2023-05-01,0.31365514,0.5573756
123,2023,Boyaca,2023-04-10,1,2023-04-17,0.3920689,0.4942952
123,2023,Boyaca,2023-04-10,2,2023-04-24,0.5488965,0.50268793
123,2023,Boyaca,2023-04-10,3,2023-05-01,0.31365514,0.5122655
123,2023,Boyaca,2023-04-10,4,2023-05-08,1.1762068,0.50090414
123,2023,Boyaca,2023-04-17,1,2023-04-24,0.5488965,0.4808346
123,2023,Boyaca,2023-04-17,2,2023-05-01,0.31365514,0.4918694
123,2023,Boyaca,2023-04-17,3,2023-05-08,1.1762068,0.5030525
123,2023,Boyaca,2023-04-17,4,2023-05-15,0.9409654,0.49938253
123,2023,Boyaca,2023-04-24,1,2023-05-01,0.31365514,0.451279
123,2023,Boyaca,2023-04-24,2,2023-05-08,1.1762068,0.4634712
123,2023,Boyaca,2023-04-24,3,2023-05-15,0.9409654,0.47705516
123,2023,Boyaca,2023-04-24,4,2023-05-22,0.7841378,0.47762242
123,2023,Boyaca,2023-05-01,1,2023-05-08,1.1762068,0.44934106
123,2023,Boyaca,2023-05-01,2,2023-05-15,0.9409654,0.46205553
123,2023,Boyaca,2023-05-01,3,2023-05-22,0.7841378,0.47750428
123,2023,Boyaca,2023-05-01,4,2023-05-29,0.15682755,0.48592746
123,2023,Boyaca,2023-05-08,1,2023-05-15,0.9409654,0.41798106
123,2023,Boyaca,2023-05-08,2,2023-05-22,0.7841378,0.43147194
123,2023,Boyaca,2023-05-08,3,2023-05-29,0.15682755,0.44784465
123,2023,Boyaca,2023-05-08,4,2023-06-05,0.705724,0.46181634
123,2023,Boyaca,2023-05-15,1,2023-05-22,0.7841378,0.46894383
123,2023,Boyaca,2023-05-15,2,2023-05-29,0.15682755,0.48407772
123,2023,Boyaca,2023-05-15,3,2023-06-05,0.705724,0.50359833
123,2023,Boyaca,2023-05-15,4,2023-06-12,0.5488965,0.53050166
123,2023,Boyaca,2023-05-22,1,2023-05-29,0.15682755,0.5166504
123,2023,Boyaca,2023-05-22,2,2023-06-05,0.705724,0.53125054
123,2023,Boyaca,2023-05-22,3,2023-06-12,0.5488965,0.5507351
123,2023,Boyaca,2023-05-22,4,2023-06-19,0.23524134,0.5783928
123,2023,Boyaca,2023-05-29,1,2023-06-05,0.705724,0.5151433
123,2023,Boyaca,2023-05-29,2,2023-06-12,0.5488965,0.52647203
123,2023,Boyaca,2023-05-29,3,2023-06-19,0.23524134,0.54433817
123,2023,Boyaca,2023-05-29,4,2023-06-26,0.47048268,0.5623045
123,2023,Boyaca,2023-06-05,1,2023-06-12,0.5488965,0.46563676
123,2023,Boyaca,2023-06-05,2,2023-06-19,0.23524134,0.47153556
123,2023,Boyaca,2023-06-05,3,2023-06-26,0.47048268,0.48710567
123,2023,Boyaca,2023-06-05,4,2023-07-03,0.6273103,0.49018803
123,2023,Boyaca,2023-06-12,1,2023-06-19,0.23524134,0.4557298
123,2023,Boyaca,2023-06-12,2,2023-06-26,0.47048268,0.46022326
123,2023,Boyaca,2023-06-12,3,2023-07-03,0.6273103,0.47519603
123,2023,Boyaca,2023-06-12,4,2023-07-10,0.5488965,0.47990528
123,2023,Boyaca,2023-06-19,1,2023-06-26,0.47048268,0.44269225
123,2023,Boyaca,2023-06-19,2,2023-07-03,0.6273103,0.4463586
123,2023,Boyaca,2023-06-19,3,2023-07-10,0.5488965,0.45895824
123,2023,Boyaca,2023-06-19,4,2023-07-17,0.7841378,0.46106365
123,2023,Boyaca,2023-06-26,1,2023-07-03,0.6273103,0.38527456
123,2023,Boyaca,2023-06-26,2,2023-07-10,0.5488965,0.3885382
123,2023,Boyaca,2023-06-26,3,2023-07-17,0.7841378,0.3958954
123,2023,Boyaca,2023-06-26,4,2023-07-24,0.078413785,0.39173013
123,2023,Boyaca,2023-07-03,1,2023-07-10,0.5488965,0.35537046
123,2023,Boyaca,2023-07-03,2,2023-07-17,0.7841378,0.35680413
123,2023,Boyaca,2023-07-03,3,2023-07-24,0.078413785,0.35995966
123,2023,Boyaca,2023-07-03,4,2023-07-31,0.23524134,0.35687822
123,2023,Boyaca,2023-07-10,1,2023-07-17,0.7841378,0.33283865
123,2023,Boyaca,2023-07-10,2,2023-07-24,0.078413785,0.3363206
123,2023,Boyaca,2023-07-10,3,2023-07-31,0.23524134,0.33911
123,2023,Boyaca,2023-07-10,4,2023-08-07,0.705724,0.34348115
123,2023,Boyaca,2023-07-17,1,2023-07-24,0.078413785,0.32391754
123,2023,Boyaca,2023-07-17,2,2023-07-31,0.23524134,0.32951033
123,2023,Boyaca,2023-07-17,3,2023-08-07,0.705724,0.3336372
123,2023,Boyaca,2023-07-17,4,2023-08-14,0.705724,0.34207457
123,2023,Boyaca,2023-07-24,1,2023-07-31,0.23524134,0.32721
123,2023,Boyaca,2023-07-24,2,2023-08-07,0.705724,0.33537853
123,2023,Boyaca,2023-07-24,3,2023-08-14,0.705724,0.34226096
123,2023,Boyaca,2023-07-24,4,2023-08-21,0.5488965,0.35432926
123,2023,Boyaca,2023-07-31,1,2023-08-07,0.705724,0.3013473
123,2023,Boyaca,2023-07-31,2,2023-08-14,0.705724,0.30819306
123,2023,Boyaca,2023-07-31,3,2023-08-21,0.5488965,0.3129833
123,2023,Boyaca,2023-07-31,4,2023-08-28,0.6273103,0.3230009
123,2023,Boyaca,2023-08-07,1,2023-08-14,0.705724,0.27423075
123,2023,Boyaca,2023-08-07,2,2023-08-21,0.5488965,0.2773354
123,2023,Boyaca,2023-08-07,3,2023-08-28,0.6273103,0.2811078
123,2023,Boyaca,2023-08-07,4,2023-09-04,0.15682755,0.28857625
123,2023,Boyaca,2023-08-14,1,2023-08-21,0.5488965,0.2773047
123,2023,Boyaca,2023-08-14,2,2023-08-28,0.6273103,0.28275087
123,2023,Boyaca,2023-08-14,3,2023-09-04,0.15682755,0.2865252
123,2023,Boyaca,2023-08-14,4,2023-09-11,0.31365514,0.29863262
123,2023,Boyaca,2023-08-21,1,2023-08-28,0.6273103,0.30993748
123,2023,Boyaca,2023-08-21,2,2023-09-04,0.15682755,0.31925476
123,2023,Boyaca,2023-08-21,3,2023-09-11,0.31365514,0.3244782
123,2023,Boyaca,2023-08-21,4,2023-09-18,0.3920689,0.34145916
123,2023,Boyaca,2023-08-28,1,2023-09-04,0.15682755,0.33836535
123,2023,Boyaca,2023-08-28,2,2023-09-11,0.31365514,0.34890154
123,2023,Boyaca,2023-08-28,3,2023-09-18,0.3920689,0.35705975
123,2023,Boyaca,2023-08-28,4,2023-09-25,0.15682755,0.37572682
123,2023,Boyaca,2023-09-04,1,2023-09-11,0.31365514,0.37819526
123,2023,Boyaca,2023-09-04,2,2023-09-18,0.3920689,0.38812017
123,2023,Boyaca,2023-09-04,3,2023-09-25,0.15682755,0.39930224
123,2023,Boyaca,2023-09-04,4,2023-10-02,0.15682755,0.42309496
123,2023,Boyaca,2023-09-11,1,2023-09-18,0.3920689,0.36861408
123,2023,Boyaca,2023-09-11,2,2023-09-25,0.15682755,0.3780353
123,2023,Boyaca,2023-09-11,3,2023-10-02,0.15682755,0.38825846
123,2023,Boyaca,2023-09-11,4,2023-10-09,0.15682755,0.406615
123,2023,Boyaca,2023-09-18,1,2023-09-25,0.15682755,0.34433964
123,2023,Boyaca,2023-09-18,2,2023-10-02,0.15682755,0.3526954
123,2023,Boyaca,2023-09-18,3,2023-10-09,0.15682755,0.36012843
123,2023,Boyaca,2023-09-18,4,2023-10-16,0.078413785,0.37333778
123,2023,Boyaca,2023-09-25,1,2023-10-02,0.15682755,0.32324108
123,2023,Boyaca,2023-09-25,2,2023-10-09,0.15682755,0.32979855
123,2023,Boyaca,2023-09-25,3,2023-10-16,0.078413785,0.33385345
123,2023,Boyaca,2023-09-25,4,2023-10-23,0.15682755,0.34332973
123,2023,Boyaca,2023-10-02,1,2023-10-09,0.15682755,0.30467474
123,2023,Boyaca,2023-10-02,2,2023-10-16,0.078413785,0.30946657
123,2023,Boyaca,2023-10-02,3,2023-10-23,0.15682755,0.31124163
123,2023,Boyaca,2023-10-02,4,2023-10-30,0.078413785,0.317599
123,2023,Boyaca,2023-10-09,1,2023-10-16,0.078413785,0.28117403
123,2023,Boyaca,2023-10-09,2,2023-10-23,0.15682755,0.28358138
123,2023,Boyaca,2023-10-09,3,2023-10-30,0.078413785,0.28506994
123,2023,Boyaca,2023-10-09,4,2023-11-06,0.23524134,0.2898341
123,2023,Boyaca,2023-10-16,1,2023-10-23,0.15682755,0.25377434
123,2023,Boyaca,2023-10-16,2,2023-10-30,0.078413785,0.25387585
123,2023,Boyaca,2023-10-16,3,2023-11-06,0.23524134,0.25500596
123,2023,Boyaca,2023-10-16,4,2023-11-13,0.5488965,0.25711417
123,2023,Boyaca,2023-10-23,1,2023-10-30,0.078413785,0.22185299
123,2023,Boyaca,2023-10-23,2,2023-11-06,0.23524134,0.22103639
123,2023,Boyaca,2023-10-23,3,2023-11-13,0.5488965,0.22146061
123,2023,Boyaca,2023-10-23,4,2023-11-20,0.31365514,0.22288345
123,2023,Boyaca,2023-10-30,1,2023-11-06,0.23524134,0.18986444
123,2023,Boyaca,2023-10-30,2,2023-11-13,0.5488965,0.18911539
123,2023,Boyaca,2023-10-30,3,2023-11-20,0.31365514,0.18937369
123,2023,Boyaca,2023-10-30,4,2023-11-27,0.23524134,0.19168344
123,2023,Boyaca,2023-11-06,1,2023-11-13,0.5488965,0.1710708
123,2023,Boyaca,2023-11-06,2,2023-11-20,0.31365514,0.16867171
123,2023,Boyaca,2023-11-06,3,2023-11-27,0.23524134,0.168431
123,2023,Boyaca,2023-11-06,4,2023-12-04,0.31365514,0.16995445
123,2023,Boyaca,2023-11-13,1,2023-11-20,0.31365514,0.1697303
123,2023,Boyaca,2023-11-13,2,2023-11-27,0.23524134,0.17129491
123,2023,Boyaca,2023-11-13,3,2023-12-04,0.31365514,0.17257577
123,2023,Boyaca,2023-11-13,4,2023-12-11,0.31365514,0.17766033
123,2023,Boyaca,2023-11-20,1,2023-11-27,0.23524134,0.18900286
123,2023,Boyaca,2023-11-20,2,2023-12-04,0.31365514,0.1984567
123,2023,Boyaca,2023-11-20,3,2023-12-11,0.31365514,0.20304447
123,2023,Boyaca,2023-11-20,4,2023-12-18,0.3920689,0.21627106
123,2023,Boyaca,2023-11-27,1,2023-12-04,0.31365514,0.21728547
123,2023,Boyaca,2023-11-27,2,2023-12-11,0.31365514,0.23363876
123,2023,Boyaca,2023-11-27,3,2023-12-18,0.3920689,0.24162693
123,2023,Boyaca,2023-11-27,4,2023-12-25,0.3920689,0.26176086
123,2023,Caldas,2023-02-20,1,2023-02-27,0.09573317,0.20741141
123,2023,Caldas,2023-02-20,2,2023-03-06,0.0,0.21107939
123,2023,Caldas,2023-02-20,3,2023-03-13,0.09573317,0.21673691
123,2023,Caldas,2023-02-20,4,2023-03-20,0.09573317,0.21439175
123,2023,Caldas,2023-02-27,1,2023-03-06,0.0,0.1950457
123,2023,Caldas,2023-02-27,2,2023-03-13,0.09573317,0.19408095
123,2023,Caldas,2023-02-27,3,2023-03-20,0.09573317,0.1965873
123,2023,Caldas,2023-02-27,4,2023-03-27,0.0,0.19056053
123,2023,Caldas,2023-03-06,1,2023-03-13,0.09573317,0.18729876
123,2023,Caldas,2023-03-06,2,2023-03-20,0.09573317,0.18570076
123,2023,Caldas,2023-03-06,3,2023-03-27,0.0,0.18714936
123,2023,Caldas,2023-03-06,4,2023-04-03,0.09573317,0.18144009
123,2023,Caldas,2023-03-13,1,2023-03-20,0.09573317,0.15514244
123,2023,Caldas,2023-03-13,2,2023-03-27,0.0,0.1511444
123,2023,Caldas,2023-03-13,3,2023-04-03,0.09573317,0.15167692
123,2023,Caldas,2023-03-13,4,2023-04-10,0.0,0.14625463
123,2023,Caldas,2023-03-20,1,2023-03-27,0.0,0.12946944
123,2023,Caldas,2023-03-20,2,2023-04-03,0.09573317,0.129271
123,2023,Caldas,2023-03-20,3,2023-04-10,0.0,0.13041021
123,2023,Caldas,2023-03-20,4,2023-04-17,0.19146635,0.124610424
123,2023,Caldas,2023-03-27,1,2023-04-03,0.09573317,0.11347554
123,2023,Caldas,2023-03-27,2,2023-04-10,0.0,0.11838128
123,2023,Caldas,2023-03-27,3,2023-04-17,0.19146635,0.1233622
123,2023,Caldas,2023-03-27,4,2023-04-24,0.19146635,0.11773183
123,2023,Caldas,2023-04-03,1,2023-04-10,0.0,0.108112104
123,2023,Caldas,2023-04-03,2,2023-04-17,0.19146635,0.1166946
123,2023,Caldas,2023-04-03,3,2023-04-24,0.19146635,0.123600766
123,2023,Caldas,2023-04-03,4,2023-05-01,0.09573317,0.12090583
123,2023,Caldas,2023-04-10,1,2023-04-17,0.19146635,0.10365376
123,2023,Caldas,2023-04-10,2,2023-04-24,0.19146635,0.11371179
123,2023,Caldas,2023-04-10,3,2023-05-01,0.09573317,0.12202047
123,2023,Caldas,2023-04-10,4,2023-05-08,0.09573317,0.12015123
123,2023,Caldas,2023-04-17,1,2023-04-24,0.19146635,0.09893781
123,2023,Caldas,2023-04-17,2,2023-05-01,0.09573317,0.10922342
123,2023,Caldas,2023-04-17,3,2023-05-08,0.09573317,0.11892319
123,2023,Caldas,2023-04-17,4,2023-05-15,0.19146635,0.11594562
123,2023,Caldas,2023-04-24,1,2023-05-01,0.09573317,0.10158957
123,2023,Caldas,2023-04-24,2,2023-05-08,0.09573317,0.11185521
123,2023,Caldas,2023-04-24,3,2023-05-15,0.19146635,0.122286975
123,2023,Caldas,2023-04-24,4,2023-05-22,0.3829327,0.12196854
123,2023,Caldas,2023-05-01,1,2023-05-08,0.09573317,0.115973905
123,2023,Caldas,2023-05-01,2,2023-05-15,0.19146635,0.12520488
123,2023,Caldas,2023-05-01,3,2023-05-22,0.3829327,0.13426782
123,2023,Caldas,2023-05-01,4,2023-05-29,0.28719953,0.141955
123,2023,Caldas,2023-05-08,1,2023-05-15,0.19146635,0.1341995
123,2023,Caldas,2023-05-08,2,2023-05-22,0.3829327,0.14423126
123,2023,Caldas,2023-05-08,3,2023-05-29,0.28719953,0.15254192
123,2023,Caldas,2023-05-08,4,2023-06-05,0.28719953,0.16523805
123,2023,Caldas,2023-05-15,1,2023-05-22,0.3829327,0.14304107
123,2023,Caldas,2023-05-15,2,2023-05-29,0.28719953,0.15125538
123,2023,Caldas,2023-05-15,3,2023-06-05,0.28719953,0.16056497
123,2023,Caldas,2023-05-15,4,2023-06-12,0.0,0.17191699
123,2023,Caldas,2023-05-22,1,2023-05-29,0.28719953,0.14333095
123,2023,Caldas,2023-05-22,2,2023-06-05,0.28719953,0.14712211
123,2023,Caldas,2023-05-22,3,2023-06-12,0.0,0.1554096
123,2023,Caldas,2023-05-22,4,2023-06-19,0.28719953,0.16261765
123,2023,Caldas,2023-05-29,1,2023-06-05,0.28719953,0.14066032
123,2023,Caldas,2023-05-29,2,2023-06-12,0.0,0.14204544
123,2023,Caldas,2023-05-29,3,2023-06-19,0.28719953,0.14882219
123,2023,Caldas,2023-05-29,4,2023-06-26,0.19146635,0.1540956
123,2023,Caldas,2023-06-05,1,2023-06-12,0.0,0.1386585
123,2023,Caldas,2023-06-05,2,2023-06-19,0.28719953,0.14041817
123,2023,Caldas,2023-06-05,3,2023-06-26,0.19146635,0.14640124
123,2023,Caldas,2023-06-05,4,2023-07-03,0.47866583,0.1526199
123,2023,Caldas,2023-06-12,1,2023-06-19,0.28719953,0.14847897
123,2023,Caldas,2023-06-12,2,2023-06-26,0.19146635,0.15328418
123,2023,Caldas,2023-06-12,3,2023-07-03,0.47866583,0.16015561
123,2023,Caldas,2023-06-12,4,2023-07-10,0.19146635,0.17031208
123,2023,Caldas,2023-06-19,1,2023-06-26,0.19146635,0.14403659
123,2023,Caldas,2023-06-19,2,2023-07-03,0.47866583,0.14831309
123,2023,Caldas,2023-06-19,3,2023-07-10,0.19146635,0.15495951
123,2023,Caldas,2023-06-19,4,2023-07-17,0.19146635,0.16391101
123,2023,Caldas,2023-06-26,1,2023-07-03,0.47866583,0.1444351
123,2023,Caldas,2023-06-26,2,2023-07-10,0.19146635,0.1464123
123,2023,Caldas,2023-06-26,3,2023-07-17,0.19146635,0.15221348
123,2023,Caldas,2023-06-26,4,2023-07-24,0.3829327,0.15800574
123,2023,Caldas,2023-07-03,1,2023-07-10,0.19146635,0.14315633
123,2023,Caldas,2023-07-03,2,2023-07-17,0.19146635,0.14266294
123,2023,Caldas,2023-07-03,3,2023-07-24,0.3829327,0.14681648
123,2023,Caldas,2023-07-03,4,2023-07-31,0.3829327,0.14905564
123,2023,Caldas,2023-07-10,1,2023-07-17,0.19146635,0.14787735
123,2023,Caldas,2023-07-10,2,2023-07-24,0.3829327,0.14806654
123,2023,Caldas,2023-07-10,3,2023-07-31,0.3829327,0.15210553
123,2023,Caldas,2023-07-10,4,2023-08-07,0.47866583,0.1570354
123,2023,Caldas,2023-07-17,1,2023-07-24,0.3829327,0.165653
123,2023,Caldas,2023-07-17,2,2023-07-31,0.3829327,0.16722065
123,2023,Caldas,2023-07-17,3,2023-08-07,0.47866583,0.17254443
123,2023,Caldas,2023-07-17,4,2023-08-14,0.0,0.18020195
123,2023,Caldas,2023-07-24,1,2023-07-31,0.3829327,0.16708806
123,2023,Caldas,2023-07-24,2,2023-08-07,0.47866583,0.16825475
123,2023,Caldas,2023-07-24,3,2023-08-14,0.0,0.17444968
123,2023,Caldas,2023-07-24,4,2023-08-21,0.09573317,0.18214092
123,2023,Caldas,2023-07-31,1,2023-08-07,0.47866583,0.16856946
123,2023,Caldas,2023-07-31,2,2023-08-14,0.0,0.17067844
123,2023,Caldas,2023-07-31,3,2023-08-21,0.09573317,0.17736386
123,2023,Caldas,2023-07-31,4,2023-08-28,0.09573317,0.18685254
123,2023,Caldas,2023-08-07,1,2023-08-14,0.0,0.17200805
123,2023,Caldas,2023-08-07,2,2023-08-21,0.09573317,0.17539223
123,2023,Caldas,2023-08-07,3,2023-08-28,0.09573317,0.18205187
123,2023,Caldas,2023-08-07,4,2023-09-04,0.19146635,0.19326364
123,2023,Caldas,2023-08-14,1,2023-08-21,0.09573317,0.19711252
123,2023,Caldas,2023-08-14,2,2023-08-28,0.09573317,0.20387423
123,2023,Caldas,2023-08-14,3,2023-09-04,0.19146635,0.2111096
123,2023,Caldas,2023-08-14,4,2023-09-11,0.19146635,0.22548378
123,2023,Caldas,2023-08-21,1,2023-08-28,0.09573317,0.1905348
123,2023,Caldas,2023-08-21,2,2023-09-04,0.19146635,0.19407903
123,2023,Caldas,2023-08-21,3,2023-09-11,0.19146635,0.19981562
123,2023,Caldas,2023-08-21,4,2023-09-18,0.0,0.20800437
123,2023,Caldas,2023-08-28,1,2023-09-04,0.19146635,0.17860365
123,2023,Caldas,2023-08-28,2,2023-09-11,0.19146635,0.17726377
123,2023,Caldas,2023-08-28,3,2023-09-18,0.0,0.1807104
123,2023,Caldas,2023-08-28,4,2023-09-25,0.47866583,0.18249342
123,2023,Caldas,2023-09-04,1,2023-09-11,0.19146635,0.16463566
123,2023,Caldas,2023-09-04,2,2023-09-18,0.0,0.1610472
123,2023,Caldas,2023-09-04,3,2023-09-25,0.47866583,0.16362485
123,2023,Caldas,2023-09-04,4,2023-10-02,0.9573317,0.16530465
123,2023,Caldas,2023-09-11,1,2023-09-18,0.0,0.15876265
123,2023,Caldas,2023-09-11,2,2023-09-25,0.47866583,0.15728992
123,2023,Caldas,2023-09-11,3,2023-10-02,0.9573317,0.16007917
123,2023,Caldas,2023-09-11,4,2023-10-09,0.19146635,0.16393259
123,2023,Caldas,2023-09-18,1,2023-09-25,0.47866583,0.14646348
123,2023,Caldas,2023-09-18,2,2023-10-02,0.9573317,0.14570491
123,2023,Caldas,2023-09-18,3,2023-10-09,0.19146635,0.14758867
123,2023,Caldas,2023-09-18,4,2023-10-16,0.47866583,0.15042204
123,2023,Caldas,2023-09-25,1,2023-10-02,0.9573317,0.12779306
123,2023,Caldas,2023-09-25,2,2023-10-09,0.19146635,0.12669437
123,2023,Caldas,2023-09-25,3,2023-10-16,0.47866583,0.13223003
123,2023,Caldas,2023-09-25,4,2023-10-23,0.47866583,0.12868884
123,2023,Caldas,2023-10-02,1,2023-10-09,0.19146635,0.13495229
123,2023,Caldas,2023-10-02,2,2023-10-16,0.47866583,0.13567641
123,2023,Caldas,2023-10-02,3,2023-10-23,0.47866583,0.14060526
123,2023,Caldas,2023-10-02,4,2023-10-30,0.9573317,0.1422424
123,2023,Caldas,2023-10-09,1,2023-10-16,0.47866583,0.17821464
123,2023,Caldas,2023-10-09,2,2023-10-23,0.47866583,0.1857878
123,2023,Caldas,2023-10-09,3,2023-10-30,0.9573317,0.19225797
123,2023,Caldas,2023-10-09,4,2023-11-06,0.7658654,0.21095502
123,2023,Caldas,2023-10-16,1,2023-10-23,0.47866583,0.21383563
123,2023,Caldas,2023-10-16,2,2023-10-30,0.9573317,0.22678661
123,2023,Caldas,2023-10-16,3,2023-11-06,0.7658654,0.23657939
123,2023,Caldas,2023-10-16,4,2023-11-13,1.2445313,0.25885028
123,2023,Caldas,2023-10-23,1,2023-10-30,0.9573317,0.25101465
123,2023,Caldas,2023-10-23,2,2023-11-06,0.7658654,0.27067932
123,2023,Caldas,2023-10-23,3,2023-11-13,1.2445313,0.2836049
123,2023,Caldas,2023-10-23,4,2023-11-20,0.3829327,0.31007442
123,2023,Caldas,2023-10-30,1,2023-11-06,0.7658654,0.27564457
123,2023,Caldas,2023-10-30,2,2023-11-13,1.2445313,0.2944518
123,2023,Caldas,2023-10-30,3,2023-11-20,0.3829327,0.30769455
123,2023,Caldas,2023-10-30,4,2023-11-27,0.57439905,0.32900304
123,2023,Caldas,2023-11-06,1,2023-11-13,1.2445313,0.33205184
123,2023,Caldas,2023-11-06,2,2023-11-20,0.3829327,0.35111967
123,2023,Caldas,2023-11-06,3,2023-11-27,0.57439905,0.36599046
123,2023,Caldas,2023-11-06,4,2023-12-04,0.47866583,0.38486013
123,2023,Caldas,2023-11-13,1,2023-11-20,0.3829327,0.44832066
123,2023,Caldas,2023-11-13,2,2023-11-27,0.57439905,0.4662477
123,2023,Caldas,2023-11-13,3,2023-12-04,0.47866583,0.4884755
123,2023,Caldas,2023-11-13,4,2023-12-11,0.6701322,0.51553637
123,2023,Caldas,2023-11-20,1,2023-11-27,0.57439905,0.62264085
123,2023,Caldas,2023-11-20,2,2023-12-04,0.47866583,0.6462791
123,2023,Caldas,2023-11-20,3,2023-12-11,0.6701322,0.6721207
123,2023,Caldas,2023-11-20,4,2023-12-18,0.28719953,0.71762216
123,2023,Caldas,2023-11-27,1,2023-12-04,0.47866583,0.6830065
123,2023,Caldas,2023-11-27,2,2023-12-11,0.6701322,0.70297384
123,2023,Caldas,2023-11-27,3,2023-12-18,0.28719953,0.7295897
123,2023,Caldas,2023-11-27,4,2023-12-25,0.9573317,0.7660751
123,2023,Caqueta,2023-02-20,1,2023-02-27,15.866587,8.75648
123,2023,Caqueta,2023-02-20,2,2023-03-06,15.866587,8.576872
123,2023,Caqueta,2023-02-20,3,2023-03-13,18.234734,8.361094
123,2023,Caqueta,2023-02-20,4,2023-03-20,14.208884,8.115727
123,2023,Caqueta,2023-02-27,1,2023-03-06,15.866587,9.4704
123,2023,Caqueta,2023-02-27,2,2023-03-13,18.234734,9.2508135
123,2023,Caqueta,2023-02-27,3,2023-03-20,14.208884,9.041656
123,2023,Caqueta,2023-02-27,4,2023-03-27,16.103403,8.696019
123,2023,Caqueta,2023-03-06,1,2023-03-13,18.234734,11.830517
123,2023,Caqueta,2023-03-06,2,2023-03-20,14.208884,11.5353155
123,2023,Caqueta,2023-03-06,3,2023-03-27,16.103403,11.3241
123,2023,Caqueta,2023-03-06,4,2023-04-03,12.314365,10.769937
123,2023,Caqueta,2023-03-13,1,2023-03-20,14.208884,12.875194
123,2023,Caqueta,2023-03-13,2,2023-03-27,16.103403,12.506993
123,2023,Caqueta,2023-03-13,3,2023-04-03,12.314365,12.278815
123,2023,Caqueta,2023-03-13,4,2023-04-10,14.208884,11.679631
123,2023,Caqueta,2023-03-20,1,2023-03-27,16.103403,14.889634
123,2023,Caqueta,2023-03-20,2,2023-04-03,12.314365,14.421132
123,2023,Caqueta,2023-03-20,3,2023-04-10,14.208884,14.173625
123,2023,Caqueta,2023-03-20,4,2023-04-17,13.735256,13.382251
123,2023,Caqueta,2023-03-27,1,2023-04-03,12.314365,13.6248455
123,2023,Caqueta,2023-03-27,2,2023-04-10,14.208884,13.091919
123,2023,Caqueta,2023-03-27,3,2023-04-17,13.735256,12.820071
123,2023,Caqueta,2023-03-27,4,2023-04-24,9.4725895,12.17069
123,2023,Caqueta,2023-04-03,1,2023-04-10,14.208884,13.12352
123,2023,Caqueta,2023-04-03,2,2023-04-17,13.735256,12.539471
123,2023,Caqueta,2023-04-03,3,2023-04-24,9.4725895,12.258648
123,2023,Caqueta,2023-04-03,4,2023-05-01,10.183033,11.591745
123,2023,Caqueta,2023-04-10,1,2023-04-17,13.735256,10.9278
123,2023,Caqueta,2023-04-10,2,2023-04-24,9.4725895,10.414846
123,2023,Caqueta,2023-04-10,3,2023-05-01,10.183033,10.124938
123,2023,Caqueta,2023-04-10,4,2023-05-08,12.787996,9.650886
123,2023,Caqueta,2023-04-17,1,2023-04-24,9.4725895,11.646554
123,2023,Caqueta,2023-04-17,2,2023-05-01,10.183033,11.1219225
123,2023,Caqueta,2023-04-17,3,2023-05-08,12.787996,10.8427
123,2023,Caqueta,2023-04-17,4,2023-05-15,13.02481,10.270516
123,2023,Caqueta,2023-04-24,1,2023-05-01,10.183033,10.715583
123,2023,Caqueta,2023-04-24,2,2023-05-08,12.787996,10.232512
123,2023,Caqueta,2023-04-24,3,2023-05-15,13.02481,9.948209
123,2023,Caqueta,2023-04-24,4,2023-05-22,12.314365,9.483432
123,2023,Caqueta,2023-05-01,1,2023-05-08,12.787996,7.866523
123,2023,Caqueta,2023-05-01,2,2023-05-15,13.02481,7.503486
123,2023,Caqueta,2023-05-01,3,2023-05-22,12.314365,7.2461033
123,2023,Caqueta,2023-05-01,4,2023-05-29,12.077551,7.031141
123,2023,Caqueta,2023-05-08,1,2023-05-15,13.02481,7.754544
123,2023,Caqueta,2023-05-08,2,2023-05-22,12.314365,7.4434633
123,2023,Caqueta,2023-05-08,3,2023-05-29,12.077551,7.222662
123,2023,Caqueta,2023-05-08,4,2023-06-05,8.9989605,6.976264
123,2023,Caqueta,2023-05-15,1,2023-05-22,12.314365,8.449827
123,2023,Caqueta,2023-05-15,2,2023-05-29,12.077551,8.167308
123,2023,Caqueta,2023-05-15,3,2023-06-05,8.9989605,7.9533353
123,2023,Caqueta,2023-05-15,4,2023-06-12,12.077551,7.650038
123,2023,Caqueta,2023-05-22,1,2023-05-29,12.077551,8.575514
123,2023,Caqueta,2023-05-22,2,2023-06-05,8.9989605,8.3147
123,2023,Caqueta,2023-05-22,3,2023-06-12,12.077551,8.100685
123,2023,Caqueta,2023-05-22,4,2023-06-19,10.656664,7.800202
123,2023,Caqueta,2023-05-29,1,2023-06-05,8.9989605,9.457422
123,2023,Caqueta,2023-05-29,2,2023-06-12,12.077551,9.196102
123,2023,Caqueta,2023-05-29,3,2023-06-19,10.656664,8.989196
123,2023,Caqueta,2023-05-29,4,2023-06-26,4.9731097,8.6086235
123,2023,Caqueta,2023-06-05,1,2023-06-12,12.077551,10.119348
123,2023,Caqueta,2023-06-05,2,2023-06-19,10.656664,9.852235
123,2023,Caqueta,2023-06-05,3,2023-06-26,4.9731097,9.638135
123,2023,Caqueta,2023-06-05,4,2023-07-03,7.814886,9.21381
123,2023,Caqueta,2023-06-12,1,2023-06-19,10.656664,7.945206
123,2023,Caqueta,2023-06-12,2,2023-06-26,4.9731097,7.6886687
123,2023,Caqueta,2023-06-12,3,2023-07-03,7.814886,7.4618487
123,2023,Caqueta,2023-06-12,4,2023-07-10,7.1044436,7.2443123
123,2023,Caqueta,2023-06-19,1,2023-06-26,4.9731097,8.560162
123,2023,Caqueta,2023-06-19,2,2023-07-03,7.814886,8.299137
123,2023,Caqueta,2023-06-19,3,2023-07-10,7.1044436,8.0899515
123,2023,Caqueta,2023-06-19,4,2023-07-17,5.920369,7.7774286
123,2023,Caqueta,2023-06-26,1,2023-07-03,7.814886,8.807771
123,2023,Caqueta,2023-06-26,2,2023-07-10,7.1044436,8.547879
123,2023,Caqueta,2023-06-26,3,2023-07-17,5.920369,8.335789
123,2023,Caqueta,2023-06-26,4,2023-07-24,4.736295,8.014645
123,2023,Caqueta,2023-07-03,1,2023-07-10,7.1044436,5.993664
123,2023,Caqueta,2023-07-03,2,2023-07-17,5.920369,5.758727
123,2023,Caqueta,2023-07-03,3,2023-07-24,4.736295,5.572016
123,2023,Caqueta,2023-07-03,4,2023-07-31,6.3939977,5.489076
123,2023,Caqueta,2023-07-10,1,2023-07-17,5.920369,5.953319
123,2023,Caqueta,2023-07-10,2,2023-07-24,4.736295,5.7426925
123,2023,Caqueta,2023-07-10,3,2023-07-31,6.3939977,5.5955477
123,2023,Caqueta,2023-07-10,4,2023-08-07,6.867627,5.469032
123,2023,Caqueta,2023-07-17,1,2023-07-24,4.736295,5.914793
123,2023,Caqueta,2023-07-17,2,2023-07-31,6.3939977,5.741351
123,2023,Caqueta,2023-07-17,3,2023-08-07,6.867627,5.6098714
123,2023,Caqueta,2023-07-17,4,2023-08-14,6.867627,5.489147
123,2023,Caqueta,2023-07-24,1,2023-07-31,6.3939977,5.281775
123,2023,Caqueta,2023-07-24,2,2023-08-07,6.867627,5.137631
123,2023,Caqueta,2023-07-24,3,2023-08-14,6.867627,5.024171
123,2023,Caqueta,2023-07-24,4,2023-08-21,4.9731097,4.950622
123,2023,Caqueta,2023-07-31,1,2023-08-07,6.867627,4.310237
123,2023,Caqueta,2023-07-31,2,2023-08-14,6.867627,4.188691
123,2023,Caqueta,2023-07-31,3,2023-08-21,4.9731097,4.105998
123,2023,Caqueta,2023-07-31,4,2023-08-28,3.5522215,4.0698757
123,2023,Caqueta,2023-08-07,1,2023-08-14,6.867627,4.353866
123,2023,Caqueta,2023-08-07,2,2023-08-21,4.9731097,4.276854
123,2023,Caqueta,2023-08-07,3,2023-08-28,3.5522215,4.2154083
123,2023,Caqueta,2023-08-07,4,2023-09-04,4.736295,4.1518583
123,2023,Caqueta,2023-08-14,1,2023-08-21,4.9731097,4.408723
123,2023,Caqueta,2023-08-14,2,2023-08-28,3.5522215,4.368518
123,2023,Caqueta,2023-08-14,3,2023-09-04,4.736295,4.31325
123,2023,Caqueta,2023-08-14,4,2023-09-11,4.9731097,4.255623
123,2023,Caqueta,2023-08-21,1,2023-08-28,3.5522215,4.4918637
123,2023,Caqueta,2023-08-21,2,2023-09-04,4.736295,4.4658685
123,2023,Caqueta,2023-08-21,3,2023-09-11,4.9731097,4.408301
123,2023,Caqueta,2023-08-21,4,2023-09-18,2.6049623,4.3613615
123,2023,Caqueta,2023-08-28,1,2023-09-04,4.736295,3.916841
123,2023,Caqueta,2023-08-28,2,2023-09-11,4.9731097,3.8780441
123,2023,Caqueta,2023-08-28,3,2023-09-18,2.6049623,3.8242028
123,2023,Caqueta,2023-08-28,4,2023-09-25,2.3681474,3.8014874
123,2023,Caqueta,2023-09-04,1,2023-09-11,4.9731097,3.3778927
123,2023,Caqueta,2023-09-04,2,2023-09-18,2.6049623,3.3386393
123,2023,Caqueta,2023-09-04,3,2023-09-25,2.3681474,3.2980475
123,2023,Caqueta,2023-09-04,4,2023-10-02,3.0785916,3.2674758
123,2023,Caqueta,2023-09-11,1,2023-09-18,2.6049623,3.5362592
123,2023,Caqueta,2023-09-11,2,2023-09-25,2.3681474,3.515029
123,2023,Caqueta,2023-09-11,3,2023-10-02,3.0785916,3.48394
123,2023,Caqueta,2023-09-11,4,2023-10-09,2.6049623,3.4498985
123,2023,Caqueta,2023-09-18,1,2023-09-25,2.3681474,3.5568626
123,2023,Caqueta,2023-09-18,2,2023-10-02,3.0785916,3.5313582
123,2023,Caqueta,2023-09-18,3,2023-10-09,2.6049623,3.4977064
123,2023,Caqueta,2023-09-18,4,2023-10-16,2.3681474,3.4725988
123,2023,Caqueta,2023-09-25,1,2023-10-02,3.0785916,3.1724203
123,2023,Caqueta,2023-09-25,2,2023-10-09,2.6049623,3.128241
123,2023,Caqueta,2023-09-25,3,2023-10-16,2.3681474,3.089751
123,2023,Caqueta,2023-09-25,4,2023-10-23,5.6835537,3.0625942
123,2023,Caqueta,2023-10-02,1,2023-10-09,2.6049623,2.7950675
123,2023,Caqueta,2023-10-02,2,2023-10-16,2.3681474,2.7488725
123,2023,Caqueta,2023-10-02,3,2023-10-23,5.6835537,2.7133436
123,2023,Caqueta,2023-10-02,4,2023-10-30,4.0258503,2.677099
123,2023,Caqueta,2023-10-09,1,2023-10-16,2.3681474,2.8028464
123,2023,Caqueta,2023-10-09,2,2023-10-23,5.6835537,2.7711058
123,2023,Caqueta,2023-10-09,3,2023-10-30,4.0258503,2.744046
123,2023,Caqueta,2023-10-09,4,2023-11-06,1.4208884,2.7110782
123,2023,Caqueta,2023-10-16,1,2023-10-23,5.6835537,2.7401867
123,2023,Caqueta,2023-10-16,2,2023-10-30,4.0258503,2.719632
123,2023,Caqueta,2023-10-16,3,2023-11-06,1.4208884,2.6991506
123,2023,Caqueta,2023-10-16,4,2023-11-13,3.0785916,2.6749916
123,2023,Caqueta,2023-10-23,1,2023-10-30,4.0258503,2.7792974
123,2023,Caqueta,2023-10-23,2,2023-11-06,1.4208884,2.7721229
123,2023,Caqueta,2023-10-23,3,2023-11-13,3.0785916,2.7585666
123,2023,Caqueta,2023-10-23,4,2023-11-20,4.9731097,2.7451417
123,2023,Caqueta,2023-10-30,1,2023-11-06,1.4208884,3.697164
123,2023,Caqueta,2023-10-30,2,2023-11-13,3.0785916,3.7315264
123,2023,Caqueta,2023-10-30,3,2023-11-20,4.9731097,3.7216046
123,2023,Caqueta,2023-10-30,4,2023-11-27,4.4994802,3.7029076
123,2023,Caqueta,2023-11-06,1,2023-11-13,3.0785916,3.7116783
123,2023,Caqueta,2023-11-06,2,2023-11-20,4.9731097,3.7401364
123,2023,Caqueta,2023-11-06,3,2023-11-27,4.4994802,3.718943
123,2023,Caqueta,2023-11-06,4,2023-12-04,4.736295,3.7230964
123,2023,Caqueta,2023-11-13,1,2023-11-20,4.9731097,3.227323
123,2023,Caqueta,2023-11-13,2,2023-11-27,4.4994802,3.2278357
123,2023,Caqueta,2023-11-13,3,2023-12-04,4.736295,3.2081883
123,2023,Caqueta,2023-11-13,4,2023-12-11,7.1044436,3.2165692
123,2023,Caqueta,2023-11-20,1,2023-11-27,4.4994802,3.4766266
123,2023,Caqueta,2023-11-20,2,2023-12-04,4.736295,3.4797597
123,2023,Caqueta,2023-11-20,3,2023-12-11,7.1044436,3.4628453
123,2023,Caqueta,2023-11-20,4,2023-12-18,4.9731097,3.4538114
123,2023,Caqueta,2023-11-27,1,2023-12-04,4.736295,4.2069016
123,2023,Caqueta,2023-11-27,2,2023-12-11,7.1044436,4.225035
123,2023,Caqueta,2023-11-27,3,2023-12-18,4.9731097,4.195888
123,2023,Caqueta,2023-11-27,4,2023-12-25,3.0785916,4.1750503
123,2023,Casanare,2023-02-20,1,2023-02-27,4.984159,3.0259075
123,2023,Casanare,2023-02-20,2,2023-03-06,3.6839437,3.0577106
123,2023,Casanare,2023-02-20,3,2023-03-13,4.984159,3.0667017
123,2023,Casanare,2023-02-20,4,2023-03-20,4.334051,3.111609
123,2023,Casanare,2023-02-27,1,2023-03-06,3.6839437,3.269039
123,2023,Casanare,2023-02-27,2,2023-03-13,4.984159,3.2849495
123,2023,Casanare,2023-02-27,3,2023-03-20,4.334051,3.2810931
123,2023,Casanare,2023-02-27,4,2023-03-27,3.467241,3.3237853
123,2023,Casanare,2023-03-06,1,2023-03-13,4.984159,4.3476257
123,2023,Casanare,2023-03-06,2,2023-03-20,4.334051,4.381291
123,2023,Casanare,2023-03-06,3,2023-03-27,3.467241,4.3540764
123,2023,Casanare,2023-03-06,4,2023-04-03,3.467241,4.373451
123,2023,Casanare,2023-03-13,1,2023-03-20,4.334051,4.6752677
123,2023,Casanare,2023-03-13,2,2023-03-27,3.467241,4.6922016
123,2023,Casanare,2023-03-13,3,2023-04-03,3.467241,4.6337814
123,2023,Casanare,2023-03-13,4,2023-04-10,7.1511855,4.662382
123,2023,Casanare,2023-03-20,1,2023-03-27,3.467241,5.618632
123,2023,Casanare,2023-03-20,2,2023-04-03,3.467241,5.636472
123,2023,Casanare,2023-03-20,3,2023-04-10,7.1511855,5.5494404
123,2023,Casanare,2023-03-20,4,2023-04-17,2.3837283,5.5328283
123,2023,Casanare,2023-03-27,1,2023-04-03,3.467241,5.7550306
123,2023,Casanare,2023-03-27,2,2023-04-10,7.1511855,5.7427278
123,2023,Casanare,2023-03-27,3,2023-04-17,2.3837283,5.6265225
123,2023,Casanare,2023-03-27,4,2023-04-24,6.9344816,5.617686
123,2023,Casanare,2023-04-03,1,2023-04-10,7.1511855,5.362568
123,2023,Casanare,2023-04-03,2,2023-04-17,2.3837283,5.309248
123,2023,Casanare,2023-04-03,3,2023-04-24,6.9344816,5.1871486
123,2023,Casanare,2023-04-03,4,2023-05-01,4.334051,5.1972513
123,2023,Casanare,2023-04-10,1,2023-04-17,2.3837283,4.881122
123,2023,Casanare,2023-04-10,2,2023-04-24,6.9344816,4.8088393
123,2023,Casanare,2023-04-10,3,2023-05-01,4.334051,4.6976147
123,2023,Casanare,2023-04-10,4,2023-05-08,5.417564,4.7157736
123,2023,Casanare,2023-04-17,1,2023-04-24,6.9344816,6.628857
123,2023,Casanare,2023-04-17,2,2023-05-01,4.334051,6.597447
123,2023,Casanare,2023-04-17,3,2023-05-08,5.417564,6.4802213
123,2023,Casanare,2023-04-17,4,2023-05-15,6.067672,6.3637514
123,2023,Casanare,2023-04-24,1,2023-05-01,4.334051,5.3527327
123,2023,Casanare,2023-04-24,2,2023-05-08,5.417564,5.277585
123,2023,Casanare,2023-04-24,3,2023-05-15,6.067672,5.1448674
123,2023,Casanare,2023-04-24,4,2023-05-22,6.2843747,5.1545196
123,2023,Casanare,2023-05-01,1,2023-05-08,5.417564,6.787874
123,2023,Casanare,2023-05-01,2,2023-05-15,6.067672,6.744554
123,2023,Casanare,2023-05-01,3,2023-05-22,6.2843747,6.613814
123,2023,Casanare,2023-05-01,4,2023-05-29,7.1511855,6.4908934
123,2023,Casanare,2023-05-08,1,2023-05-15,6.067672,6.559157
123,2023,Casanare,2023-05-08,2,2023-05-22,6.2843747,6.5001454
123,2023,Casanare,2023-05-08,3,2023-05-29,7.1511855,6.3366327
123,2023,Casanare,2023-05-08,4,2023-06-05,8.234697,6.2804914
123,2023,Casanare,2023-05-15,1,2023-05-22,6.2843747,6.942363
123,2023,Casanare,2023-05-15,2,2023-05-29,7.1511855,6.8810863
123,2023,Casanare,2023-05-15,3,2023-06-05,8.234697,6.711763
123,2023,Casanare,2023-05-15,4,2023-06-12,7.3678865,6.612534
123,2023,Casanare,2023-05-22,1,2023-05-29,7.1511855,7.22051
123,2023,Casanare,2023-05-22,2,2023-06-05,8.234697,7.1484866
123,2023,Casanare,2023-05-22,3,2023-06-12,7.3678865,6.9673595
123,2023,Casanare,2023-05-22,4,2023-06-19,7.1511855,6.844759
123,2023,Casanare,2023-05-29,1,2023-06-05,8.234697,7.227049
123,2023,Casanare,2023-05-29,2,2023-06-12,7.3678865,7.136722
123,2023,Casanare,2023-05-29,3,2023-06-19,7.1511855,6.948144
123,2023,Casanare,2023-05-29,4,2023-06-26,5.85097,6.8168607
123,2023,Casanare,2023-06-05,1,2023-06-12,7.3678865,7.6220846
123,2023,Casanare,2023-06-05,2,2023-06-19,7.1511855,7.5183783
123,2023,Casanare,2023-06-05,3,2023-06-26,5.85097,7.324491
123,2023,Casanare,2023-06-05,4,2023-07-03,4.334051,7.148908
123,2023,Casanare,2023-06-12,1,2023-06-19,7.1511855,8.167109
123,2023,Casanare,2023-06-12,2,2023-06-26,5.85097,8.057525
123,2023,Casanare,2023-06-12,3,2023-07-03,4.334051,7.8536053
123,2023,Casanare,2023-06-12,4,2023-07-10,5.85097,7.634607
123,2023,Casanare,2023-06-19,1,2023-06-26,5.85097,7.820796
123,2023,Casanare,2023-06-19,2,2023-07-03,4.334051,7.6912274
123,2023,Casanare,2023-06-19,3,2023-07-10,5.85097,7.4748836
123,2023,Casanare,2023-06-19,4,2023-07-17,6.717779,7.2899537
123,2023,Casanare,2023-06-26,1,2023-07-03,4.334051,7.4871287
123,2023,Casanare,2023-06-26,2,2023-07-10,5.85097,7.346264
123,2023,Casanare,2023-06-26,3,2023-07-17,6.717779,7.1321583
123,2023,Casanare,2023-06-26,4,2023-07-24,4.767456,6.9655857
123,2023,Casanare,2023-07-03,1,2023-07-10,5.85097,6.3961396
123,2023,Casanare,2023-07-03,2,2023-07-17,6.717779,6.240984
123,2023,Casanare,2023-07-03,3,2023-07-24,4.767456,6.0410132
123,2023,Casanare,2023-07-03,4,2023-07-31,5.634267,5.9530706
123,2023,Casanare,2023-07-10,1,2023-07-17,6.717779,4.9043097
123,2023,Casanare,2023-07-10,2,2023-07-24,4.767456,4.7346835
123,2023,Casanare,2023-07-10,3,2023-07-31,5.634267,4.5794616
123,2023,Casanare,2023-07-10,4,2023-08-07,3.2505386,4.5560436
123,2023,Casanare,2023-07-17,1,2023-07-24,4.767456,5.014597
123,2023,Casanare,2023-07-17,2,2023-07-31,5.634267,4.847316
123,2023,Casanare,2023-07-17,3,2023-08-07,3.2505386,4.727264
123,2023,Casanare,2023-07-17,4,2023-08-14,4.767456,4.6584897
123,2023,Casanare,2023-07-24,1,2023-07-31,5.634267,5.5852633
123,2023,Casanare,2023-07-24,2,2023-08-07,3.2505386,5.4338765
123,2023,Casanare,2023-07-24,3,2023-08-14,4.767456,5.317994
123,2023,Casanare,2023-07-24,4,2023-08-21,3.0338361,5.224719
123,2023,Casanare,2023-07-31,1,2023-08-07,3.2505386,4.8187747
123,2023,Casanare,2023-07-31,2,2023-08-14,4.767456,4.669162
123,2023,Casanare,2023-07-31,3,2023-08-21,3.0338361,4.562053
123,2023,Casanare,2023-07-31,4,2023-08-28,3.467241,4.524634
123,2023,Casanare,2023-08-07,1,2023-08-14,4.767456,4.812947
123,2023,Casanare,2023-08-07,2,2023-08-21,3.0338361,4.6673007
123,2023,Casanare,2023-08-07,3,2023-08-28,3.467241,4.5764093
123,2023,Casanare,2023-08-07,4,2023-09-04,2.3837283,4.524418
123,2023,Casanare,2023-08-14,1,2023-08-21,3.0338361,3.6822379
123,2023,Casanare,2023-08-14,2,2023-08-28,3.467241,3.5320828
123,2023,Casanare,2023-08-14,3,2023-09-04,2.3837283,3.4663367
123,2023,Casanare,2023-08-14,4,2023-09-11,1.950323,3.4272192
123,2023,Casanare,2023-08-21,1,2023-08-28,3.467241,3.8741932
123,2023,Casanare,2023-08-21,2,2023-09-04,2.3837283,3.7443702
123,2023,Casanare,2023-08-21,3,2023-09-11,1.950323,3.702754
123,2023,Casanare,2023-08-21,4,2023-09-18,1.5169181,3.6425977
123,2023,Casanare,2023-08-28,1,2023-09-04,2.3837283,3.3872304
123,2023,Casanare,2023-08-28,2,2023-09-11,1.950323,3.2673004
123,2023,Casanare,2023-08-28,3,2023-09-18,1.5169181,3.2299812
123,2023,Casanare,2023-08-28,4,2023-09-25,1.5169181,3.1799574
123,2023,Casanare,2023-09-04,1,2023-09-11,1.950323,3.3313203
123,2023,Casanare,2023-09-04,2,2023-09-18,1.5169181,3.2299862
123,2023,Casanare,2023-09-04,3,2023-09-25,1.5169181,3.2032564
123,2023,Casanare,2023-09-04,4,2023-10-02,2.3837283,3.1562119
123,2023,Casanare,2023-09-11,1,2023-09-18,1.5169181,2.909732
123,2023,Casanare,2023-09-11,2,2023-09-25,1.5169181,2.815285
123,2023,Casanare,2023-09-11,3,2023-10-02,2.3837283,2.7859511
123,2023,Casanare,2023-09-11,4,2023-10-09,1.950323,2.7448266
123,2023,Casanare,2023-09-18,1,2023-09-25,1.5169181,2.4652271
123,2023,Casanare,2023-09-18,2,2023-10-02,2.3837283,2.38051
123,2023,Casanare,2023-09-18,3,2023-10-09,1.950323,2.3572795
123,2023,Casanare,2023-09-18,4,2023-10-16,1.7336205,2.3179038
123,2023,Casanare,2023-09-25,1,2023-10-02,2.3837283,2.0708447
123,2023,Casanare,2023-09-25,2,2023-10-09,1.950323,1.9992005
123,2023,Casanare,2023-09-25,3,2023-10-16,1.7336205,1.9785984
123,2023,Casanare,2023-09-25,4,2023-10-23,2.1670258,1.9407805
123,2023,Casanare,2023-10-02,1,2023-10-09,1.950323,1.9028991
123,2023,Casanare,2023-10-02,2,2023-10-16,1.7336205,1.8495015
123,2023,Casanare,2023-10-02,3,2023-10-23,2.1670258,1.8288156
123,2023,Casanare,2023-10-02,4,2023-10-30,1.7336205,1.8040258
123,2023,Casanare,2023-10-09,1,2023-10-16,1.7336205,2.1821713
123,2023,Casanare,2023-10-09,2,2023-10-23,2.1670258,2.1550448
123,2023,Casanare,2023-10-09,3,2023-10-30,1.7336205,2.1414022
123,2023,Casanare,2023-10-09,4,2023-11-06,2.8171334,2.1451948
123,2023,Casanare,2023-10-16,1,2023-10-23,2.1670258,2.3001084
123,2023,Casanare,2023-10-16,2,2023-10-30,1.7336205,2.2921288
123,2023,Casanare,2023-10-16,3,2023-11-06,2.8171334,2.2894423
123,2023,Casanare,2023-10-16,4,2023-11-13,0.86681026,2.3108397
123,2023,Casanare,2023-10-23,1,2023-10-30,1.7336205,2.3212132
123,2023,Casanare,2023-10-23,2,2023-11-06,2.8171334,2.3196223
123,2023,Casanare,2023-10-23,3,2023-11-13,0.86681026,2.3206666
123,2023,Casanare,2023-10-23,4,2023-11-20,3.0338361,2.3461742
123,2023,Casanare,2023-10-30,1,2023-11-06,2.8171334,2.455479
123,2023,Casanare,2023-10-30,2,2023-11-13,0.86681026,2.4642959
123,2023,Casanare,2023-10-30,3,2023-11-20,3.0338361,2.4719207
123,2023,Casanare,2023-10-30,4,2023-11-27,2.3837283,2.5011554
123,2023,Casanare,2023-11-06,1,2023-11-13,0.86681026,2.488939
123,2023,Casanare,2023-11-06,2,2023-11-20,3.0338361,2.4991875
123,2023,Casanare,2023-11-06,3,2023-11-27,2.3837283,2.5064695
123,2023,Casanare,2023-11-06,4,2023-12-04,2.1670258,2.53595
123,2023,Casanare,2023-11-13,1,2023-11-20,3.0338361,2.9794755
123,2023,Casanare,2023-11-13,2,2023-11-27,2.3837283,3.0056498
123,2023,Casanare,2023-11-13,3,2023-12-04,2.1670258,3.0119689
123,2023,Casanare,2023-11-13,4,2023-12-11,1.950323,3.0372355
123,2023,Casanare,2023-11-20,1,2023-11-27,2.3837283,2.6321876
123,2023,Casanare,2023-11-20,2,2023-12-04,2.1670258,2.6362457
123,2023,Casanare,2023-11-20,3,2023-12-11,1.950323,2.6390395
123,2023,Casanare,2023-11-20,4,2023-12-18,3.467241,2.671173
123,2023,Casanare,2023-11-27,1,2023-12-04,2.1670258,3.1320205
123,2023,Casanare,2023-11-27,2,2023-12-11,1.950323,3.148265
123,2023,Casanare,2023-11-27,3,2023-12-18,3.467241,3.150997
123,2023,Casanare,2023-11-27,4,2023-12-25,2.8171334,3.1709511
123,2023,Cauca,2023-02-20,1,2023-02-27,1.2134799,1.2052121
123,2023,Cauca,2023-02-20,2,2023-03-06,1.9798883,1.2099102
123,2023,Cauca,2023-02-20,3,2023-03-13,2.1714904,1.2202988
123,2023,Cauca,2023-02-20,4,2023-03-20,2.0437553,1.2748615
123,2023,Cauca,2023-02-27,1,2023-03-06,1.9798883,1.1404164
123,2023,Cauca,2023-02-27,2,2023-03-13,2.1714904,1.1406662
123,2023,Cauca,2023-02-27,3,2023-03-20,2.0437553,1.1468558
123,2023,Cauca,2023-02-27,4,2023-03-27,1.6605514,1.1754442
123,2023,Cauca,2023-03-06,1,2023-03-13,2.1714904,1.1602306
123,2023,Cauca,2023-03-06,2,2023-03-20,2.0437553,1.160205
123,2023,Cauca,2023-03-06,3,2023-03-27,1.6605514,1.1638733
123,2023,Cauca,2023-03-06,4,2023-04-03,1.1496124,1.1907094
123,2023,Cauca,2023-03-13,1,2023-03-20,2.0437553,1.3211615
123,2023,Cauca,2023-03-13,2,2023-03-27,1.6605514,1.3258404
123,2023,Cauca,2023-03-13,3,2023-04-03,1.1496124,1.3322556
123,2023,Cauca,2023-03-13,4,2023-04-10,1.2134799,1.3896227
123,2023,Cauca,2023-03-20,1,2023-03-27,1.6605514,1.55958
123,2023,Cauca,2023-03-20,2,2023-04-03,1.1496124,1.5747204
123,2023,Cauca,2023-03-20,3,2023-04-10,1.2134799,1.5876977
123,2023,Cauca,2023-03-20,4,2023-04-17,1.1496124,1.6558069
123,2023,Cauca,2023-03-27,1,2023-04-03,1.1496124,1.7072479
123,2023,Cauca,2023-03-27,2,2023-04-10,1.2134799,1.7244593
123,2023,Cauca,2023-03-27,3,2023-04-17,1.1496124,1.7405149
123,2023,Cauca,2023-03-27,4,2023-04-24,1.6605514,1.8095653
123,2023,Cauca,2023-04-03,1,2023-04-10,1.2134799,1.7040647
123,2023,Cauca,2023-04-03,2,2023-04-17,1.1496124,1.7093449
123,2023,Cauca,2023-04-03,3,2023-04-24,1.6605514,1.7214551
123,2023,Cauca,2023-04-03,4,2023-05-01,2.2353578,1.7812904
123,2023,Cauca,2023-04-10,1,2023-04-17,1.1496124,1.5680332
123,2023,Cauca,2023-04-10,2,2023-04-24,1.6605514,1.5598892
123,2023,Cauca,2023-04-10,3,2023-05-01,2.2353578,1.5663162
123,2023,Cauca,2023-04-10,4,2023-05-08,1.9798883,1.6133215
123,2023,Cauca,2023-04-17,1,2023-04-24,1.6605514,1.4901794
123,2023,Cauca,2023-04-17,2,2023-05-01,2.2353578,1.4783434
123,2023,Cauca,2023-04-17,3,2023-05-08,1.9798883,1.4786596
123,2023,Cauca,2023-04-17,4,2023-05-15,1.7244186,1.5150383
123,2023,Cauca,2023-04-24,1,2023-05-01,2.2353578,1.4294391
123,2023,Cauca,2023-04-24,2,2023-05-08,1.9798883,1.4165492
123,2023,Cauca,2023-04-24,3,2023-05-15,1.7244186,1.4132544
123,2023,Cauca,2023-04-24,4,2023-05-22,1.7882861,1.4365815
123,2023,Cauca,2023-05-01,1,2023-05-08,1.9798883,1.459984
123,2023,Cauca,2023-05-01,2,2023-05-15,1.7244186,1.4478146
123,2023,Cauca,2023-05-01,3,2023-05-22,1.7882861,1.4438466
123,2023,Cauca,2023-05-01,4,2023-05-29,1.4689493,1.4781635
123,2023,Cauca,2023-05-08,1,2023-05-15,1.7244186,1.6399422
123,2023,Cauca,2023-05-08,2,2023-05-22,1.7882861,1.6372792
123,2023,Cauca,2023-05-08,3,2023-05-29,1.4689493,1.6411178
123,2023,Cauca,2023-05-08,4,2023-06-05,1.5328165,1.6925846
123,2023,Cauca,2023-05-15,1,2023-05-22,1.7882861,1.7006719
123,2023,Cauca,2023-05-15,2,2023-05-29,1.4689493,1.7000899
123,2023,Cauca,2023-05-15,3,2023-06-05,1.5328165,1.7074639
123,2023,Cauca,2023-05-15,4,2023-06-12,1.596684,1.7630147
123,2023,Cauca,2023-05-22,1,2023-05-29,1.4689493,1.5994041
123,2023,Cauca,2023-05-22,2,2023-06-05,1.5328165,1.5906765
123,2023,Cauca,2023-05-22,3,2023-06-12,1.596684,1.5960175
123,2023,Cauca,2023-05-22,4,2023-06-19,1.405082,1.6451128
123,2023,Cauca,2023-05-29,1,2023-06-05,1.5328165,1.5315812
123,2023,Cauca,2023-05-29,2,2023-06-12,1.596684,1.5200129
123,2023,Cauca,2023-05-29,3,2023-06-19,1.405082,1.5236663
123,2023,Cauca,2023-05-29,4,2023-06-26,1.0857451,1.5679226
123,2023,Cauca,2023-06-05,1,2023-06-12,1.596684,1.4696423
123,2023,Cauca,2023-06-05,2,2023-06-19,1.405082,1.4559864
123,2023,Cauca,2023-06-05,3,2023-06-26,1.0857451,1.455763
123,2023,Cauca,2023-06-05,4,2023-07-03,1.2134799,1.4936805
123,2023,Cauca,2023-06-12,1,2023-06-19,1.405082,1.4257461
123,2023,Cauca,2023-06-12,2,2023-06-26,1.0857451,1.4105066
123,2023,Cauca,2023-06-12,3,2023-07-03,1.2134799,1.4081072
123,2023,Cauca,2023-06-12,4,2023-07-10,1.4689493,1.4393784
123,2023,Cauca,2023-06-19,1,2023-06-26,1.0857451,1.4281046
123,2023,Cauca,2023-06-19,2,2023-07-03,1.2134799,1.4115524
123,2023,Cauca,2023-06-19,3,2023-07-10,1.4689493,1.4072654
123,2023,Cauca,2023-06-19,4,2023-07-17,1.5328165,1.4385957
123,2023,Cauca,2023-06-26,1,2023-07-03,1.2134799,1.3661433
123,2023,Cauca,2023-06-26,2,2023-07-10,1.4689493,1.3494744
123,2023,Cauca,2023-06-26,3,2023-07-17,1.5328165,1.3446232
123,2023,Cauca,2023-06-26,4,2023-07-24,1.2134799,1.3651624
123,2023,Cauca,2023-07-03,1,2023-07-10,1.4689493,1.2080414
123,2023,Cauca,2023-07-03,2,2023-07-17,1.5328165,1.1922673
123,2023,Cauca,2023-07-03,3,2023-07-24,1.2134799,1.1879188
123,2023,Cauca,2023-07-03,4,2023-07-31,0.95801044,1.1866889
123,2023,Cauca,2023-07-10,1,2023-07-17,1.5328165,1.1067808
123,2023,Cauca,2023-07-10,2,2023-07-24,1.2134799,1.0928019
123,2023,Cauca,2023-07-10,3,2023-07-31,0.95801044,1.0897602
123,2023,Cauca,2023-07-10,4,2023-08-07,1.3412147,1.0823988
123,2023,Cauca,2023-07-17,1,2023-07-24,1.2134799,1.1045446
123,2023,Cauca,2023-07-17,2,2023-07-31,0.95801044,1.0951829
123,2023,Cauca,2023-07-17,3,2023-08-07,1.3412147,1.0935189
123,2023,Cauca,2023-07-17,4,2023-08-14,1.4689493,1.0999445
123,2023,Cauca,2023-07-24,1,2023-07-31,0.95801044,1.1450422
123,2023,Cauca,2023-07-24,2,2023-08-07,1.3412147,1.1405131
123,2023,Cauca,2023-07-24,3,2023-08-14,1.4689493,1.1412423
123,2023,Cauca,2023-07-24,4,2023-08-21,1.0857451,1.168152
123,2023,Cauca,2023-07-31,1,2023-08-07,1.3412147,1.1044095
123,2023,Cauca,2023-07-31,2,2023-08-14,1.4689493,1.1001283
123,2023,Cauca,2023-07-31,3,2023-08-21,1.0857451,1.1016375
123,2023,Cauca,2023-07-31,4,2023-08-28,1.2773472,1.1237111
123,2023,Cauca,2023-08-07,1,2023-08-14,1.4689493,1.0154054
123,2023,Cauca,2023-08-07,2,2023-08-21,1.0857451,1.0091596
123,2023,Cauca,2023-08-07,3,2023-08-28,1.2773472,1.0103778
123,2023,Cauca,2023-08-07,4,2023-09-04,2.3630924,1.0163563
123,2023,Cauca,2023-08-14,1,2023-08-21,1.0857451,1.0003622
123,2023,Cauca,2023-08-14,2,2023-08-28,1.2773472,0.99722815
123,2023,Cauca,2023-08-14,3,2023-09-04,2.3630924,0.9995704
123,2023,Cauca,2023-08-14,4,2023-09-11,1.7244186,1.0109276
123,2023,Cauca,2023-08-21,1,2023-08-28,1.2773472,1.0271424
123,2023,Cauca,2023-08-21,2,2023-09-04,2.3630924,1.0271065
123,2023,Cauca,2023-08-21,3,2023-09-11,1.7244186,1.0301678
123,2023,Cauca,2023-08-21,4,2023-09-18,2.2353578,1.0541679
123,2023,Cauca,2023-08-28,1,2023-09-04,2.3630924,1.0212718
123,2023,Cauca,2023-08-28,2,2023-09-11,1.7244186,1.0212351
123,2023,Cauca,2023-08-28,3,2023-09-18,2.2353578,1.0243323
123,2023,Cauca,2023-08-28,4,2023-09-25,1.7882861,1.0470843
123,2023,Cauca,2023-09-04,1,2023-09-11,1.7244186,1.0847895
123,2023,Cauca,2023-09-04,2,2023-09-18,2.2353578,1.0867915
123,2023,Cauca,2023-09-04,3,2023-09-25,1.7882861,1.0909942
123,2023,Cauca,2023-09-04,4,2023-10-02,2.3630924,1.1262418
123,2023,Cauca,2023-09-11,1,2023-09-18,2.2353578,1.3388455
123,2023,Cauca,2023-09-11,2,2023-09-25,1.7882861,1.3487008
123,2023,Cauca,2023-09-11,3,2023-10-02,2.3630924,1.359743
123,2023,Cauca,2023-09-11,4,2023-10-09,2.2992249,1.4289562
123,2023,Cauca,2023-09-18,1,2023-09-25,1.7882861,1.4308449
123,2023,Cauca,2023-09-18,2,2023-10-02,2.3630924,1.4394826
123,2023,Cauca,2023-09-18,3,2023-10-09,2.2992249,1.4520897
123,2023,Cauca,2023-09-18,4,2023-10-16,3.3211029,1.5202448
123,2023,Cauca,2023-09-25,1,2023-10-02,2.3630924,1.6058297
123,2023,Cauca,2023-09-25,2,2023-10-09,2.2992249,1.6175376
123,2023,Cauca,2023-09-25,3,2023-10-16,3.3211029,1.6321201
123,2023,Cauca,2023-09-25,4,2023-10-23,3.3211029,1.6992391
123,2023,Cauca,2023-10-02,1,2023-10-09,2.2992249,1.6658132
123,2023,Cauca,2023-10-02,2,2023-10-16,3.3211029,1.6718177
123,2023,Cauca,2023-10-02,3,2023-10-23,3.3211029,1.6836241
123,2023,Cauca,2023-10-02,4,2023-10-30,3.38497,1.7429969
123,2023,Cauca,2023-10-09,1,2023-10-16,3.3211029,1.8315997
123,2023,Cauca,2023-10-09,2,2023-10-23,3.3211029,1.8398876
123,2023,Cauca,2023-10-09,3,2023-10-30,3.38497,1.8515348
123,2023,Cauca,2023-10-09,4,2023-11-06,2.4908268,1.9082825
123,2023,Cauca,2023-10-16,1,2023-10-23,3.3211029,2.0260465
123,2023,Cauca,2023-10-16,2,2023-10-30,3.38497,2.0371916
123,2023,Cauca,2023-10-16,3,2023-11-06,2.4908268,2.0487041
123,2023,Cauca,2023-10-16,4,2023-11-13,3.38497,2.1033027
123,2023,Cauca,2023-10-23,1,2023-10-30,3.38497,2.4856458
123,2023,Cauca,2023-10-23,2,2023-11-06,2.4908268,2.5068724
123,2023,Cauca,2023-10-23,3,2023-11-13,3.38497,2.514832
123,2023,Cauca,2023-10-23,4,2023-11-20,4.406848,2.5669205
123,2023,Cauca,2023-10-30,1,2023-11-06,2.4908268,2.783122
123,2023,Cauca,2023-10-30,2,2023-11-13,3.38497,2.7978902
123,2023,Cauca,2023-10-30,3,2023-11-20,4.406848,2.8004422
123,2023,Cauca,2023-10-30,4,2023-11-27,4.917787,2.8476622
123,2023,Cauca,2023-11-06,1,2023-11-13,3.38497,2.8849835
123,2023,Cauca,2023-11-06,2,2023-11-20,4.406848,2.8852525
123,2023,Cauca,2023-11-06,3,2023-11-27,4.917787,2.8822565
123,2023,Cauca,2023-11-06,4,2023-12-04,3.4488373,2.9224577
123,2023,Cauca,2023-11-13,1,2023-11-20,4.406848,2.8439634
123,2023,Cauca,2023-11-13,2,2023-11-27,4.917787,2.8287654
123,2023,Cauca,2023-11-13,3,2023-12-04,3.4488373,2.8224022
123,2023,Cauca,2023-11-13,4,2023-12-11,5.109389,2.852096
123,2023,Cauca,2023-11-20,1,2023-11-27,4.917787,3.0223458
123,2023,Cauca,2023-11-20,2,2023-12-04,3.4488373,3.004544
123,2023,Cauca,2023-11-20,3,2023-12-11,5.109389,2.9967973
123,2023,Cauca,2023-11-20,4,2023-12-18,5.492593,3.0180297
123,2023,Cauca,2023-11-27,1,2023-12-04,3.4488373,3.526143
123,2023,Cauca,2023-11-27,2,2023-12-11,5.109389,3.5103946
123,2023,Cauca,2023-11-27,3,2023-12-18,5.492593,3.4949384
123,2023,Cauca,2023-11-27,4,2023-12-25,4.726185,3.508463
123,2023,Cesar,2023-02-20,1,2023-02-27,2.62384,2.93886
123,2023,Cesar,2023-02-20,2,2023-03-06,2.6947544,2.9037733
123,2023,Cesar,2023-02-20,3,2023-03-13,3.6166444,2.8990517
123,2023,Cesar,2023-02-20,4,2023-03-20,3.4748151,2.9030926
123,2023,Cesar,2023-02-27,1,2023-03-06,2.6947544,2.8922186
123,2023,Cesar,2023-02-27,2,2023-03-13,3.6166444,2.8520226
123,2023,Cesar,2023-02-27,3,2023-03-20,3.4748151,2.8437164
123,2023,Cesar,2023-02-27,4,2023-03-27,5.034936,2.8490055
123,2023,Cesar,2023-03-06,1,2023-03-13,3.6166444,2.7048068
123,2023,Cesar,2023-03-06,2,2023-03-20,3.4748151,2.6577947
123,2023,Cesar,2023-03-06,3,2023-03-27,5.034936,2.644389
123,2023,Cesar,2023-03-06,4,2023-04-03,2.9074986,2.6449711
123,2023,Cesar,2023-03-13,1,2023-03-20,3.4748151,2.7256815
123,2023,Cesar,2023-03-13,2,2023-03-27,5.034936,2.688515
123,2023,Cesar,2023-03-13,3,2023-04-03,2.9074986,2.6767888
123,2023,Cesar,2023-03-13,4,2023-04-10,2.9784129,2.6768646
123,2023,Cesar,2023-03-20,1,2023-03-27,5.034936,3.3466463
123,2023,Cesar,2023-03-20,2,2023-04-03,2.9074986,3.3381479
123,2023,Cesar,2023-03-20,3,2023-04-10,2.9784129,3.3307807
123,2023,Cesar,2023-03-20,4,2023-04-17,4.32579,3.3333876
123,2023,Cesar,2023-03-27,1,2023-04-03,2.9074986,3.8614807
123,2023,Cesar,2023-03-27,2,2023-04-10,2.9784129,3.858721
123,2023,Cesar,2023-03-27,3,2023-04-17,4.32579,3.838861
123,2023,Cesar,2023-03-27,4,2023-04-24,4.183961,3.8449006
123,2023,Cesar,2023-04-03,1,2023-04-10,2.9784129,5.0143332
123,2023,Cesar,2023-04-03,2,2023-04-17,4.32579,5.0252056
123,2023,Cesar,2023-04-03,3,2023-04-24,4.183961,4.978767
123,2023,Cesar,2023-04-03,4,2023-05-01,5.034936,4.9551554
123,2023,Cesar,2023-04-10,1,2023-04-17,4.32579,4.4670553
123,2023,Cesar,2023-04-10,2,2023-04-24,4.183961,4.431723
123,2023,Cesar,2023-04-10,3,2023-05-01,5.034936,4.3657246
123,2023,Cesar,2023-04-10,4,2023-05-08,5.6022525,4.385044
123,2023,Cesar,2023-04-17,1,2023-04-24,4.183961,4.1566396
123,2023,Cesar,2023-04-17,2,2023-05-01,5.034936,4.1086416
123,2023,Cesar,2023-04-17,3,2023-05-08,5.6022525,4.0524693
123,2023,Cesar,2023-04-17,4,2023-05-15,5.8149967,4.0565443
123,2023,Cesar,2023-04-24,1,2023-05-01,5.034936,4.845384
123,2023,Cesar,2023-04-24,2,2023-05-08,5.6022525,4.815542
123,2023,Cesar,2023-04-24,3,2023-05-15,5.8149967,4.752546
123,2023,Cesar,2023-04-24,4,2023-05-22,6.453228,4.7217245
123,2023,Cesar,2023-05-01,1,2023-05-08,5.6022525,5.364311
123,2023,Cesar,2023-05-01,2,2023-05-15,5.8149967,5.3370843
123,2023,Cesar,2023-05-01,3,2023-05-22,6.453228,5.2516108
123,2023,Cesar,2023-05-01,4,2023-05-29,8.155179,5.2187424
123,2023,Cesar,2023-05-08,1,2023-05-15,5.8149967,6.2212324
123,2023,Cesar,2023-05-08,2,2023-05-22,6.453228,6.198594
123,2023,Cesar,2023-05-08,3,2023-05-29,8.155179,6.083037
123,2023,Cesar,2023-05-08,4,2023-06-05,7.800605,6.017577
123,2023,Cesar,2023-05-15,1,2023-05-22,6.453228,6.8522797
123,2023,Cesar,2023-05-15,2,2023-05-29,8.155179,6.821247
123,2023,Cesar,2023-05-15,3,2023-06-05,7.800605,6.6737914
123,2023,Cesar,2023-05-15,4,2023-06-12,8.793409,6.5859876
123,2023,Cesar,2023-05-22,1,2023-05-29,8.155179,6.9097123
123,2023,Cesar,2023-05-22,2,2023-06-05,7.800605,6.850507
123,2023,Cesar,2023-05-22,3,2023-06-12,8.793409,6.6853924
123,2023,Cesar,2023-05-22,4,2023-06-19,9.928042,6.594303
123,2023,Cesar,2023-05-29,1,2023-06-05,7.800605,7.012788
123,2023,Cesar,2023-05-29,2,2023-06-12,8.793409,6.932573
123,2023,Cesar,2023-05-29,3,2023-06-19,9.928042,6.7614956
123,2023,Cesar,2023-05-29,4,2023-06-26,8.438837,6.6454887
123,2023,Cesar,2023-06-05,1,2023-06-12,8.793409,8.130771
123,2023,Cesar,2023-06-05,2,2023-06-19,9.928042,8.03478
123,2023,Cesar,2023-06-05,3,2023-06-26,8.438837,7.852318
123,2023,Cesar,2023-06-05,4,2023-07-03,11.55908,7.631513
123,2023,Cesar,2023-06-12,1,2023-06-19,9.928042,8.65301
123,2023,Cesar,2023-06-12,2,2023-06-26,8.438837,8.5372925
123,2023,Cesar,2023-06-12,3,2023-07-03,11.55908,8.331783
123,2023,Cesar,2023-06-12,4,2023-07-10,8.013349,8.081169
123,2023,Cesar,2023-06-19,1,2023-06-26,8.438837,9.253436
123,2023,Cesar,2023-06-19,2,2023-07-03,11.55908,9.110216
123,2023,Cesar,2023-06-19,3,2023-07-10,8.013349,8.888876
123,2023,Cesar,2023-06-19,4,2023-07-17,9.431642,8.583285
123,2023,Cesar,2023-06-26,1,2023-07-03,11.55908,9.79356
123,2023,Cesar,2023-06-26,2,2023-07-10,8.013349,9.621061
123,2023,Cesar,2023-06-26,3,2023-07-17,9.431642,9.385491
123,2023,Cesar,2023-06-26,4,2023-07-24,10.35353,9.0301485
123,2023,Cesar,2023-07-03,1,2023-07-10,8.013349,8.659376
123,2023,Cesar,2023-07-03,2,2023-07-17,9.431642,8.466898
123,2023,Cesar,2023-07-03,3,2023-07-24,10.35353,8.220097
123,2023,Cesar,2023-07-03,4,2023-07-31,10.495359,7.967854
123,2023,Cesar,2023-07-10,1,2023-07-17,9.431642,9.249445
123,2023,Cesar,2023-07-10,2,2023-07-24,10.35353,9.039302
123,2023,Cesar,2023-07-10,3,2023-07-31,10.495359,8.800512
123,2023,Cesar,2023-07-10,4,2023-08-07,7.5878625,8.4608555
123,2023,Cesar,2023-07-17,1,2023-07-24,10.35353,7.9737787
123,2023,Cesar,2023-07-17,2,2023-07-31,10.495359,7.760381
123,2023,Cesar,2023-07-17,3,2023-08-07,7.5878625,7.522817
123,2023,Cesar,2023-07-17,4,2023-08-14,9.644384,7.3074517
123,2023,Cesar,2023-07-24,1,2023-07-31,10.495359,8.402655
123,2023,Cesar,2023-07-24,2,2023-08-07,7.5878625,8.183999
123,2023,Cesar,2023-07-24,3,2023-08-14,9.644384,7.965853
123,2023,Cesar,2023-07-24,4,2023-08-21,9.360725,7.6819925
123,2023,Cesar,2023-07-31,1,2023-08-07,7.5878625,8.970744
123,2023,Cesar,2023-07-31,2,2023-08-14,9.644384,8.74573
123,2023,Cesar,2023-07-31,3,2023-08-21,9.360725,8.525003
123,2023,Cesar,2023-07-31,4,2023-08-28,9.7153,8.198974
123,2023,Cesar,2023-08-07,1,2023-08-14,9.644384,8.689579
123,2023,Cesar,2023-08-07,2,2023-08-21,9.360725,8.465668
123,2023,Cesar,2023-08-07,3,2023-08-28,9.7153,8.23797
123,2023,Cesar,2023-08-07,4,2023-09-04,9.644384,7.9488006
123,2023,Cesar,2023-08-14,1,2023-08-21,9.360725,6.9838743
123,2023,Cesar,2023-08-14,2,2023-08-28,9.7153,6.7680693
123,2023,Cesar,2023-08-14,3,2023-09-04,9.644384,6.55245
123,2023,Cesar,2023-08-14,4,2023-09-11,8.155179,6.4051647
123,2023,Cesar,2023-08-21,1,2023-08-28,9.7153,7.460616
123,2023,Cesar,2023-08-21,2,2023-09-04,9.644384,7.244004
123,2023,Cesar,2023-08-21,3,2023-09-11,8.155179,7.0514536
123,2023,Cesar,2023-08-21,4,2023-09-18,6.453228,6.824636
123,2023,Cesar,2023-08-28,1,2023-09-04,9.644384,7.7856965
123,2023,Cesar,2023-08-28,2,2023-09-11,8.155179,7.5705457
123,2023,Cesar,2023-08-28,3,2023-09-18,6.453228,7.374894
123,2023,Cesar,2023-08-28,4,2023-09-25,8.084264,7.1304564
123,2023,Cesar,2023-09-04,1,2023-09-11,8.155179,8.612913
123,2023,Cesar,2023-09-04,2,2023-09-18,6.453228,8.397603
123,2023,Cesar,2023-09-04,3,2023-09-25,8.084264,8.200096
123,2023,Cesar,2023-09-04,4,2023-10-02,8.367923,7.8905525
123,2023,Cesar,2023-09-11,1,2023-09-18,6.453228,8.920236
123,2023,Cesar,2023-09-11,2,2023-09-25,8.084264,8.703223
123,2023,Cesar,2023-09-11,3,2023-10-02,8.367923,8.495688
123,2023,Cesar,2023-09-11,4,2023-10-09,7.0914593,8.176718
123,2023,Cesar,2023-09-18,1,2023-09-25,8.084264,7.9722214
123,2023,Cesar,2023-09-18,2,2023-10-02,8.367923,7.75278
123,2023,Cesar,2023-09-18,3,2023-10-09,7.0914593,7.543043
123,2023,Cesar,2023-09-18,4,2023-10-16,8.084264,7.3077927
123,2023,Cesar,2023-09-25,1,2023-10-02,8.367923,6.6772904
123,2023,Cesar,2023-09-25,2,2023-10-09,7.0914593,6.467208
123,2023,Cesar,2023-09-25,3,2023-10-16,8.084264,6.277583
123,2023,Cesar,2023-09-25,4,2023-10-23,7.1623735,6.1318593
123,2023,Cesar,2023-10-02,1,2023-10-09,7.0914593,7.782005
123,2023,Cesar,2023-10-02,2,2023-10-16,8.084264,7.5715265
123,2023,Cesar,2023-10-02,3,2023-10-23,7.1623735,7.4001546
123,2023,Cesar,2023-10-02,4,2023-10-30,7.5878625,7.1313133
123,2023,Cesar,2023-10-09,1,2023-10-16,8.084264,8.466262
123,2023,Cesar,2023-10-09,2,2023-10-23,7.1623735,8.261207
123,2023,Cesar,2023-10-09,3,2023-10-30,7.5878625,8.078346
123,2023,Cesar,2023-10-09,4,2023-11-06,8.580666,7.7767653
123,2023,Cesar,2023-10-16,1,2023-10-23,7.1623735,8.241056
123,2023,Cesar,2023-10-16,2,2023-10-30,7.5878625,8.04657
123,2023,Cesar,2023-10-16,3,2023-11-06,8.580666,7.8588357
123,2023,Cesar,2023-10-16,4,2023-11-13,6.665972,7.593749
123,2023,Cesar,2023-10-23,1,2023-10-30,7.5878625,8.772021
123,2023,Cesar,2023-10-23,2,2023-11-06,8.580666,8.582339
123,2023,Cesar,2023-10-23,3,2023-11-13,6.665972,8.394489
123,2023,Cesar,2023-10-23,4,2023-11-20,8.864325,8.079
123,2023,Cesar,2023-10-30,1,2023-11-06,8.580666,8.298953
123,2023,Cesar,2023-10-30,2,2023-11-13,6.665972,8.113739
123,2023,Cesar,2023-10-30,3,2023-11-20,8.864325,7.9210606
123,2023,Cesar,2023-10-30,4,2023-11-27,7.1623735,7.658601
123,2023,Cesar,2023-11-06,1,2023-11-13,6.665972,8.214648
123,2023,Cesar,2023-11-06,2,2023-11-20,8.864325,8.031553
123,2023,Cesar,2023-11-06,3,2023-11-27,7.1623735,7.841495
123,2023,Cesar,2023-11-06,4,2023-12-04,6.524143,7.576414
123,2023,Cesar,2023-11-13,1,2023-11-20,8.864325,9.23158
123,2023,Cesar,2023-11-13,2,2023-11-27,7.1623735,9.042683
123,2023,Cesar,2023-11-13,3,2023-12-04,6.524143,8.849435
123,2023,Cesar,2023-11-13,4,2023-12-11,6.94963,8.491097
123,2023,Cesar,2023-11-20,1,2023-11-27,7.1623735,8.403516
123,2023,Cesar,2023-11-20,2,2023-12-04,6.524143,8.221549
123,2023,Cesar,2023-11-20,3,2023-12-11,6.94963,8.020877
123,2023,Cesar,2023-11-20,4,2023-12-18,7.871519,7.7609744
123,2023,Cesar,2023-11-27,1,2023-12-04,6.524143,9.036607
123,2023,Cesar,2023-11-27,2,2023-12-11,6.94963,8.844899
123,2023,Cesar,2023-11-27,3,2023-12-18,7.871519,8.646957
123,2023,Cesar,2023-11-27,4,2023-12-25,7.800605,8.312134
123,2023,Choco,2023-02-20,1,2023-02-27,1.5532184,2.8030736
123,2023,Choco,2023-02-20,2,2023-03-06,3.4515963,2.7515826
123,2023,Choco,2023-02-20,3,2023-03-13,3.2790165,2.7293136
123,2023,Choco,2023-02-20,4,2023-03-20,2.5886977,2.7243805
123,2023,Choco,2023-02-27,1,2023-03-06,3.4515963,2.2752748
123,2023,Choco,2023-02-27,2,2023-03-13,3.2790165,2.2153366
123,2023,Choco,2023-02-27,3,2023-03-20,2.5886977,2.1926103
123,2023,Choco,2023-02-27,4,2023-03-27,3.1064367,2.1793022
123,2023,Choco,2023-03-06,1,2023-03-13,3.2790165,2.1387503
123,2023,Choco,2023-03-06,2,2023-03-20,2.5886977,2.088653
123,2023,Choco,2023-03-06,3,2023-03-27,3.1064367,2.0660257
123,2023,Choco,2023-03-06,4,2023-04-03,1.3806386,2.0540357
123,2023,Choco,2023-03-13,1,2023-03-20,2.5886977,2.507028
123,2023,Choco,2023-03-13,2,2023-03-27,3.1064367,2.4947045
123,2023,Choco,2023-03-13,3,2023-04-03,1.3806386,2.4858658
123,2023,Choco,2023-03-13,4,2023-04-10,2.4161174,2.4962437
123,2023,Choco,2023-03-20,1,2023-03-27,3.1064367,2.7934437
123,2023,Choco,2023-03-20,2,2023-04-03,1.3806386,2.7988257
123,2023,Choco,2023-03-20,3,2023-04-10,2.4161174,2.7947083
123,2023,Choco,2023-03-20,4,2023-04-17,4.314496,2.8214545
123,2023,Choco,2023-03-27,1,2023-04-03,1.3806386,2.6364186
123,2023,Choco,2023-03-27,2,2023-04-10,2.4161174,2.6346262
123,2023,Choco,2023-03-27,3,2023-04-17,4.314496,2.6301374
123,2023,Choco,2023-03-27,4,2023-04-24,5.8677144,2.6644187
123,2023,Choco,2023-04-03,1,2023-04-10,2.4161174,2.6505349
123,2023,Choco,2023-04-03,2,2023-04-17,4.314496,2.6439037
123,2023,Choco,2023-04-03,3,2023-04-24,5.8677144,2.6386895
123,2023,Choco,2023-04-03,4,2023-05-01,3.796756,2.6678834
123,2023,Choco,2023-04-10,1,2023-04-17,4.314496,2.2944403
123,2023,Choco,2023-04-10,2,2023-04-24,5.8677144,2.269419
123,2023,Choco,2023-04-10,3,2023-05-01,3.796756,2.257869
123,2023,Choco,2023-04-10,4,2023-05-08,6.5580344,2.276752
123,2023,Choco,2023-04-17,1,2023-04-24,5.8677144,2.3041196
123,2023,Choco,2023-04-17,2,2023-05-01,3.796756,2.2870297
123,2023,Choco,2023-04-17,3,2023-05-08,6.5580344,2.277385
123,2023,Choco,2023-04-17,4,2023-05-15,6.2128744,2.298309
123,2023,Choco,2023-04-24,1,2023-05-01,3.796756,2.8379273
123,2023,Choco,2023-04-24,2,2023-05-08,6.5580344,2.841844
123,2023,Choco,2023-04-24,3,2023-05-15,6.2128744,2.8360426
123,2023,Choco,2023-04-24,4,2023-05-22,9.14673,2.8682785
123,2023,Choco,2023-05-01,1,2023-05-08,6.5580344,3.630663
123,2023,Choco,2023-05-01,2,2023-05-15,6.2128744,3.645334
123,2023,Choco,2023-05-01,3,2023-05-22,9.14673,3.6269886
123,2023,Choco,2023-05-01,4,2023-05-29,7.9386716,3.6583986
123,2023,Choco,2023-05-08,1,2023-05-15,6.2128744,3.4989922
123,2023,Choco,2023-05-08,2,2023-05-22,9.14673,3.4843621
123,2023,Choco,2023-05-08,3,2023-05-29,7.9386716,3.4521382
123,2023,Choco,2023-05-08,4,2023-06-05,5.5225544,3.4954712
123,2023,Choco,2023-05-15,1,2023-05-22,9.14673,4.124318
123,2023,Choco,2023-05-15,2,2023-05-29,7.9386716,4.1149216
123,2023,Choco,2023-05-15,3,2023-06-05,5.5225544,4.072391
123,2023,Choco,2023-05-15,4,2023-06-12,3.2790165,4.0951815
123,2023,Choco,2023-05-22,1,2023-05-29,7.9386716,4.439456
123,2023,Choco,2023-05-22,2,2023-06-05,5.5225544,4.4167323
123,2023,Choco,2023-05-22,3,2023-06-12,3.2790165,4.356119
123,2023,Choco,2023-05-22,4,2023-06-19,4.8322353,4.3789034
123,2023,Choco,2023-05-29,1,2023-06-05,5.5225544,5.5819454
123,2023,Choco,2023-05-29,2,2023-06-12,3.2790165,5.563444
123,2023,Choco,2023-05-29,3,2023-06-19,4.8322353,5.4816813
123,2023,Choco,2023-05-29,4,2023-06-26,7.420933,5.449742
123,2023,Choco,2023-06-05,1,2023-06-12,3.2790165,6.2064223
123,2023,Choco,2023-06-05,2,2023-06-19,4.8322353,6.161451
123,2023,Choco,2023-06-05,3,2023-06-26,7.420933,6.0491133
123,2023,Choco,2023-06-05,4,2023-07-03,7.5935135,5.999611
123,2023,Choco,2023-06-12,1,2023-06-19,4.8322353,5.6350603
123,2023,Choco,2023-06-12,2,2023-06-26,7.420933,5.5395184
123,2023,Choco,2023-06-12,3,2023-07-03,7.5935135,5.413482
123,2023,Choco,2023-06-12,4,2023-07-10,6.9031935,5.406359
123,2023,Choco,2023-06-19,1,2023-06-26,7.420933,4.438862
123,2023,Choco,2023-06-19,2,2023-07-03,7.5935135,4.3145432
123,2023,Choco,2023-06-19,3,2023-07-10,6.9031935,4.206435
123,2023,Choco,2023-06-19,4,2023-07-17,8.974151,4.2240777
123,2023,Choco,2023-06-26,1,2023-07-03,7.5935135,4.4434695
123,2023,Choco,2023-06-26,2,2023-07-10,6.9031935,4.316571
123,2023,Choco,2023-06-26,3,2023-07-17,8.974151,4.231612
123,2023,Choco,2023-06-26,4,2023-07-24,5.8677144,4.2182593
123,2023,Choco,2023-07-03,1,2023-07-10,6.9031935,5.1548
123,2023,Choco,2023-07-03,2,2023-07-17,8.974151,5.036025
123,2023,Choco,2023-07-03,3,2023-07-24,5.8677144,4.948444
123,2023,Choco,2023-07-03,4,2023-07-31,4.6596556,4.9049854
123,2023,Choco,2023-07-10,1,2023-07-17,8.974151,5.6306243
123,2023,Choco,2023-07-10,2,2023-07-24,5.8677144,5.520919
123,2023,Choco,2023-07-10,3,2023-07-31,4.6596556,5.42173
123,2023,Choco,2023-07-10,4,2023-08-07,8.283832,5.37409
123,2023,Choco,2023-07-17,1,2023-07-24,5.8677144,5.551474
123,2023,Choco,2023-07-17,2,2023-07-31,4.6596556,5.4377794
123,2023,Choco,2023-07-17,3,2023-08-07,8.283832,5.3284597
123,2023,Choco,2023-07-17,4,2023-08-14,4.8322353,5.2967653
123,2023,Choco,2023-07-24,1,2023-07-31,4.6596556,6.3280144
123,2023,Choco,2023-07-24,2,2023-08-07,8.283832,6.224838
123,2023,Choco,2023-07-24,3,2023-08-14,4.8322353,6.11213
123,2023,Choco,2023-07-24,4,2023-08-21,5.5225544,6.0284038
123,2023,Choco,2023-07-31,1,2023-08-07,8.283832,5.5210686
123,2023,Choco,2023-07-31,2,2023-08-14,4.8322353,5.4025936
123,2023,Choco,2023-07-31,3,2023-08-21,5.5225544,5.2811966
123,2023,Choco,2023-07-31,4,2023-08-28,8.974151,5.261111
123,2023,Choco,2023-08-07,1,2023-08-14,4.8322353,4.7109275
123,2023,Choco,2023-08-07,2,2023-08-21,5.5225544,4.578534
123,2023,Choco,2023-08-07,3,2023-08-28,8.974151,4.475252
123,2023,Choco,2023-08-07,4,2023-09-04,7.5935135,4.470481
123,2023,Choco,2023-08-14,1,2023-08-21,5.5225544,5.4070373
123,2023,Choco,2023-08-14,2,2023-08-28,8.974151,5.2745624
123,2023,Choco,2023-08-14,3,2023-09-04,7.5935135,5.177568
123,2023,Choco,2023-08-14,4,2023-09-11,9.14673,5.116656
123,2023,Choco,2023-08-21,1,2023-08-28,8.974151,4.7379975
123,2023,Choco,2023-08-21,2,2023-09-04,7.5935135,4.598637
123,2023,Choco,2023-08-21,3,2023-09-11,9.14673,4.5009794
123,2023,Choco,2023-08-21,4,2023-09-18,5.8677144,4.483332
123,2023,Choco,2023-08-28,1,2023-09-04,7.5935135,4.5454984
123,2023,Choco,2023-08-28,2,2023-09-11,9.14673,4.413014
123,2023,Choco,2023-08-28,3,2023-09-18,5.8677144,4.3301888
123,2023,Choco,2023-08-28,4,2023-09-25,6.9031935,4.305915
123,2023,Choco,2023-09-04,1,2023-09-11,9.14673,5.5241446
123,2023,Choco,2023-09-04,2,2023-09-18,5.8677144,5.41433
123,2023,Choco,2023-09-04,3,2023-09-25,6.9031935,5.3297024
123,2023,Choco,2023-09-04,4,2023-10-02,6.0402937,5.2534366
123,2023,Choco,2023-09-11,1,2023-09-18,5.8677144,5.661925
123,2023,Choco,2023-09-11,2,2023-09-25,6.9031935,5.552871
123,2023,Choco,2023-09-11,3,2023-10-02,6.0402937,5.4493613
123,2023,Choco,2023-09-11,4,2023-10-09,5.3499746,5.397593
123,2023,Choco,2023-09-18,1,2023-09-25,6.9031935,6.1547446
123,2023,Choco,2023-09-18,2,2023-10-02,6.0402937,6.056613
123,2023,Choco,2023-09-18,3,2023-10-09,5.3499746,5.9463663
123,2023,Choco,2023-09-18,4,2023-10-16,6.2128744,5.865189
123,2023,Choco,2023-09-25,1,2023-10-02,6.0402937,5.551914
123,2023,Choco,2023-09-25,2,2023-10-09,5.3499746,5.4400315
123,2023,Choco,2023-09-25,3,2023-10-16,6.2128744,5.3226376
123,2023,Choco,2023-09-25,4,2023-10-23,5.004815,5.2889395
123,2023,Choco,2023-10-02,1,2023-10-09,5.3499746,5.615918
123,2023,Choco,2023-10-02,2,2023-10-16,6.2128744,5.5032887
123,2023,Choco,2023-10-02,3,2023-10-23,5.004815,5.3907924
123,2023,Choco,2023-10-02,4,2023-10-30,7.0757732,5.3354955
123,2023,Choco,2023-10-09,1,2023-10-16,6.2128744,5.2615447
123,2023,Choco,2023-10-09,2,2023-10-23,5.004815,5.1519647
123,2023,Choco,2023-10-09,3,2023-10-30,7.0757732,5.0437803
123,2023,Choco,2023-10-09,4,2023-11-06,5.695134,5.0100803
123,2023,Choco,2023-10-16,1,2023-10-23,5.004815,4.8106823
123,2023,Choco,2023-10-16,2,2023-10-30,7.0757732,4.7007065
123,2023,Choco,2023-10-16,3,2023-11-06,5.695134,4.6034765
123,2023,Choco,2023-10-16,4,2023-11-13,9.14673,4.581299
123,2023,Choco,2023-10-23,1,2023-10-30,7.0757732,4.894367
123,2023,Choco,2023-10-23,2,2023-11-06,5.695134,4.795641
123,2023,Choco,2023-10-23,3,2023-11-13,9.14673,4.708117
123,2023,Choco,2023-10-23,4,2023-11-20,7.9386716,4.6671615
123,2023,Choco,2023-10-30,1,2023-11-06,5.695134,4.5390916
123,2023,Choco,2023-10-30,2,2023-11-13,9.14673,4.4517846
123,2023,Choco,2023-10-30,3,2023-11-20,7.9386716,4.3719277
123,2023,Choco,2023-10-30,4,2023-11-27,4.6596556,4.345079
123,2023,Choco,2023-11-06,1,2023-11-13,9.14673,4.946609
123,2023,Choco,2023-11-06,2,2023-11-20,7.9386716,4.8786
123,2023,Choco,2023-11-06,3,2023-11-27,4.6596556,4.8023276
123,2023,Choco,2023-11-06,4,2023-12-04,6.385453,4.750105
123,2023,Choco,2023-11-13,1,2023-11-20,7.9386716,4.847504
123,2023,Choco,2023-11-13,2,2023-11-27,4.6596556,4.7897162
123,2023,Choco,2023-11-13,3,2023-12-04,6.385453,4.7111497
123,2023,Choco,2023-11-13,4,2023-12-11,6.0402937,4.679067
123,2023,Choco,2023-11-20,1,2023-11-27,4.6596556,5.6503034
123,2023,Choco,2023-11-20,2,2023-12-04,6.385453,5.6066427
123,2023,Choco,2023-11-20,3,2023-12-11,6.0402937,5.5218773
123,2023,Choco,2023-11-20,4,2023-12-18,3.9693363,5.444541
123,2023,Choco,2023-11-27,1,2023-12-04,6.385453,6.0311475
123,2023,Choco,2023-11-27,2,2023-12-11,6.0402937,5.9831247
123,2023,Choco,2023-11-27,3,2023-12-18,3.9693363,5.8801274
123,2023,Choco,2023-11-27,4,2023-12-25,6.2128744,5.8019285
123,2023,Cordoba,2023-02-20,1,2023-02-27,4.1672,2.7086897
123,2023,Cordoba,2023-02-20,2,2023-03-06,2.4694524,2.6467595
123,2023,Cordoba,2023-02-20,3,2023-03-13,1.6463014,2.6245904
123,2023,Cordoba,2023-02-20,4,2023-03-20,2.8810277,2.6129994
123,2023,Cordoba,2023-02-27,1,2023-03-06,2.4694524,2.5370672
123,2023,Cordoba,2023-02-27,2,2023-03-13,1.6463014,2.4722679
123,2023,Cordoba,2023-02-27,3,2023-03-20,2.8810277,2.4507937
123,2023,Cordoba,2023-02-27,4,2023-03-27,2.418005,2.435785
123,2023,Cordoba,2023-03-06,1,2023-03-13,1.6463014,2.9939845
123,2023,Cordoba,2023-03-06,2,2023-03-20,2.8810277,2.9541292
123,2023,Cordoba,2023-03-06,3,2023-03-27,2.418005,2.9481008
123,2023,Cordoba,2023-03-06,4,2023-04-03,1.6463014,2.9481676
123,2023,Cordoba,2023-03-13,1,2023-03-20,2.8810277,2.6379137
123,2023,Cordoba,2023-03-13,2,2023-03-27,2.418005,2.5818708
123,2023,Cordoba,2023-03-13,3,2023-04-03,1.6463014,2.5625114
123,2023,Cordoba,2023-03-13,4,2023-04-10,2.6752396,2.5628889
123,2023,Cordoba,2023-03-20,1,2023-03-27,2.418005,2.0544825
123,2023,Cordoba,2023-03-20,2,2023-04-03,1.6463014,1.9842441
123,2023,Cordoba,2023-03-20,3,2023-04-10,2.6752396,1.9610714
123,2023,Cordoba,2023-03-20,4,2023-04-17,2.366558,1.9369755
123,2023,Cordoba,2023-03-27,1,2023-04-03,1.6463014,2.195813
123,2023,Cordoba,2023-03-27,2,2023-04-10,2.6752396,2.1381326
123,2023,Cordoba,2023-03-27,3,2023-04-17,2.366558,2.1144385
123,2023,Cordoba,2023-03-27,4,2023-04-24,1.9549829,2.0980365
123,2023,Cordoba,2023-04-03,1,2023-04-10,2.6752396,2.2486243
123,2023,Cordoba,2023-04-03,2,2023-04-17,2.366558,2.2016468
123,2023,Cordoba,2023-04-03,3,2023-04-24,1.9549829,2.1799526
123,2023,Cordoba,2023-04-03,4,2023-05-01,1.4405137,2.1754708
123,2023,Cordoba,2023-04-10,1,2023-04-17,2.366558,1.9654095
123,2023,Cordoba,2023-04-10,2,2023-04-24,1.9549829,1.9162062
123,2023,Cordoba,2023-04-10,3,2023-05-01,1.4405137,1.8906891
123,2023,Cordoba,2023-04-10,4,2023-05-08,2.9324746,1.8823447
123,2023,Cordoba,2023-04-17,1,2023-04-24,1.9549829,2.28868
123,2023,Cordoba,2023-04-17,2,2023-05-01,1.4405137,2.2639952
123,2023,Cordoba,2023-04-17,3,2023-05-08,2.9324746,2.2489657
123,2023,Cordoba,2023-04-17,4,2023-05-15,1.903536,2.2587826
123,2023,Cordoba,2023-04-24,1,2023-05-01,1.4405137,2.5369294
123,2023,Cordoba,2023-04-24,2,2023-05-08,2.9324746,2.5295117
123,2023,Cordoba,2023-04-24,3,2023-05-15,1.903536,2.5255992
123,2023,Cordoba,2023-04-24,4,2023-05-22,2.1093237,2.5523124
123,2023,Cordoba,2023-05-01,1,2023-05-08,2.9324746,2.5007317
123,2023,Cordoba,2023-05-01,2,2023-05-15,1.903536,2.4912777
123,2023,Cordoba,2023-05-01,3,2023-05-22,2.1093237,2.4887178
123,2023,Cordoba,2023-05-01,4,2023-05-29,1.5434076,2.517233
123,2023,Cordoba,2023-05-08,1,2023-05-15,1.903536,2.2613103
123,2023,Cordoba,2023-05-08,2,2023-05-22,2.1093237,2.2404153
123,2023,Cordoba,2023-05-08,3,2023-05-29,1.5434076,2.2347777
123,2023,Cordoba,2023-05-08,4,2023-06-05,3.086815,2.2533097
123,2023,Cordoba,2023-05-15,1,2023-05-22,2.1093237,2.8533702
123,2023,Cordoba,2023-05-15,2,2023-05-29,1.5434076,2.863113
123,2023,Cordoba,2023-05-15,3,2023-06-05,3.086815,2.868983
123,2023,Cordoba,2023-05-15,4,2023-06-12,2.520899,2.8940663
123,2023,Cordoba,2023-05-22,1,2023-05-29,1.5434076,2.9379802
123,2023,Cordoba,2023-05-22,2,2023-06-05,3.086815,2.942833
123,2023,Cordoba,2023-05-22,3,2023-06-12,2.520899,2.944517
123,2023,Cordoba,2023-05-22,4,2023-06-19,2.1607707,2.9736977
123,2023,Cordoba,2023-05-29,1,2023-06-05,3.086815,2.9201849
123,2023,Cordoba,2023-05-29,2,2023-06-12,2.520899,2.915884
123,2023,Cordoba,2023-05-29,3,2023-06-19,2.1607707,2.91458
123,2023,Cordoba,2023-05-29,4,2023-06-26,3.652731,2.9392333
123,2023,Cordoba,2023-06-05,1,2023-06-12,2.520899,2.6903346
123,2023,Cordoba,2023-06-05,2,2023-06-19,2.1607707,2.6701775
123,2023,Cordoba,2023-06-05,3,2023-06-26,3.652731,2.6638963
123,2023,Cordoba,2023-06-05,4,2023-07-03,2.8295808,2.678559
123,2023,Cordoba,2023-06-12,1,2023-06-19,2.1607707,3.2123897
123,2023,Cordoba,2023-06-12,2,2023-06-26,3.652731,3.2140663
123,2023,Cordoba,2023-06-12,3,2023-07-03,2.8295808,3.2106085
123,2023,Cordoba,2023-06-12,4,2023-07-10,4.2186475,3.2225344
123,2023,Cordoba,2023-06-19,1,2023-06-26,3.652731,3.421135
123,2023,Cordoba,2023-06-19,2,2023-07-03,2.8295808,3.4200015
123,2023,Cordoba,2023-06-19,3,2023-07-10,4.2186475,3.407863
123,2023,Cordoba,2023-06-19,4,2023-07-17,3.9614127,3.4261994
123,2023,Cordoba,2023-06-26,1,2023-07-03,2.8295808,3.2086735
123,2023,Cordoba,2023-06-26,2,2023-07-10,4.2186475,3.1889694
123,2023,Cordoba,2023-06-26,3,2023-07-17,3.9614127,3.175757
123,2023,Cordoba,2023-06-26,4,2023-07-24,4.475882,3.1934674
123,2023,Cordoba,2023-07-03,1,2023-07-10,4.2186475,3.693879
123,2023,Cordoba,2023-07-03,2,2023-07-17,3.9614127,3.6801233
123,2023,Cordoba,2023-07-03,3,2023-07-24,4.475882,3.6602316
123,2023,Cordoba,2023-07-03,4,2023-07-31,4.630223,3.6644316
123,2023,Cordoba,2023-07-10,1,2023-07-17,3.9614127,3.5639985
123,2023,Cordoba,2023-07-10,2,2023-07-24,4.475882,3.5360868
123,2023,Cordoba,2023-07-10,3,2023-07-31,4.630223,3.5121849
123,2023,Cordoba,2023-07-10,4,2023-08-07,3.858519,3.5234482
123,2023,Cordoba,2023-07-17,1,2023-07-24,4.475882,4.1003666
123,2023,Cordoba,2023-07-17,2,2023-07-31,4.630223,4.075796
123,2023,Cordoba,2023-07-17,3,2023-08-07,3.858519,4.041147
123,2023,Cordoba,2023-07-17,4,2023-08-14,4.7845635,4.0362754
123,2023,Cordoba,2023-07-24,1,2023-07-31,4.630223,4.5534244
123,2023,Cordoba,2023-07-24,2,2023-08-07,3.858519,4.524392
123,2023,Cordoba,2023-07-24,3,2023-08-14,4.7845635,4.4709544
123,2023,Cordoba,2023-07-24,4,2023-08-21,5.093245,4.4654746
123,2023,Cordoba,2023-07-31,1,2023-08-07,3.858519,4.835888
123,2023,Cordoba,2023-07-31,2,2023-08-14,4.7845635,4.790692
123,2023,Cordoba,2023-07-31,3,2023-08-21,5.093245,4.7186375
123,2023,Cordoba,2023-07-31,4,2023-08-28,5.2475863,4.710752
123,2023,Cordoba,2023-08-07,1,2023-08-14,4.7845635,4.8885183
123,2023,Cordoba,2023-08-07,2,2023-08-21,5.093245,4.824631
123,2023,Cordoba,2023-08-07,3,2023-08-28,5.2475863,4.7416763
123,2023,Cordoba,2023-08-07,4,2023-09-04,4.270094,4.7320137
123,2023,Cordoba,2023-08-14,1,2023-08-21,5.093245,4.5813713
123,2023,Cordoba,2023-08-14,2,2023-08-28,5.2475863,4.4950314
123,2023,Cordoba,2023-08-14,3,2023-09-04,4.270094,4.414503
123,2023,Cordoba,2023-08-14,4,2023-09-11,4.270094,4.407507
123,2023,Cordoba,2023-08-21,1,2023-08-28,5.2475863,4.8139167
123,2023,Cordoba,2023-08-21,2,2023-09-04,4.270094,4.722308
123,2023,Cordoba,2023-08-21,3,2023-09-11,4.270094,4.642324
123,2023,Cordoba,2023-08-21,4,2023-09-18,4.9389043,4.6126924
123,2023,Cordoba,2023-08-28,1,2023-09-04,4.270094,5.162891
123,2023,Cordoba,2023-08-28,2,2023-09-11,4.270094,5.070974
123,2023,Cordoba,2023-08-28,3,2023-09-18,4.9389043,4.9828744
123,2023,Cordoba,2023-08-28,4,2023-09-25,3.4983907,4.94317
123,2023,Cordoba,2023-09-04,1,2023-09-11,4.270094,5.5040493
123,2023,Cordoba,2023-09-04,2,2023-09-18,4.9389043,5.4073586
123,2023,Cordoba,2023-09-04,3,2023-09-25,3.4983907,5.306674
123,2023,Cordoba,2023-09-04,4,2023-10-02,4.2186475,5.258349
123,2023,Cordoba,2023-09-11,1,2023-09-18,4.9389043,5.131316
123,2023,Cordoba,2023-09-11,2,2023-09-25,3.4983907,5.018248
123,2023,Cordoba,2023-09-11,3,2023-10-02,4.2186475,4.916253
123,2023,Cordoba,2023-09-11,4,2023-10-09,5.144692,4.89441
123,2023,Cordoba,2023-09-18,1,2023-09-25,3.4983907,4.8156457
123,2023,Cordoba,2023-09-18,2,2023-10-02,4.2186475,4.6943355
123,2023,Cordoba,2023-09-18,3,2023-10-09,5.144692,4.6032066
123,2023,Cordoba,2023-09-18,4,2023-10-16,3.3440495,4.5802684
123,2023,Cordoba,2023-09-25,1,2023-10-02,4.2186475,4.992344
123,2023,Cordoba,2023-09-25,2,2023-10-09,5.144692,4.875311
123,2023,Cordoba,2023-09-25,3,2023-10-16,3.3440495,4.7896686
123,2023,Cordoba,2023-09-25,4,2023-10-23,4.7331166,4.7481866
123,2023,Cordoba,2023-10-02,1,2023-10-09,5.144692,4.560759
123,2023,Cordoba,2023-10-02,2,2023-10-16,3.3440495,4.4411592
123,2023,Cordoba,2023-10-02,3,2023-10-23,4.7331166,4.364274
123,2023,Cordoba,2023-10-02,4,2023-10-30,4.8360105,4.3416247
123,2023,Cordoba,2023-10-09,1,2023-10-16,3.3440495,4.6163573
123,2023,Cordoba,2023-10-09,2,2023-10-23,4.7331166,4.5035057
123,2023,Cordoba,2023-10-09,3,2023-10-30,4.8360105,4.4354324
123,2023,Cordoba,2023-10-09,4,2023-11-06,3.807072,4.3999996
123,2023,Cordoba,2023-10-16,1,2023-10-23,4.7331166,5.1130385
123,2023,Cordoba,2023-10-16,2,2023-10-30,4.8360105,5.0125747
123,2023,Cordoba,2023-10-16,3,2023-11-06,3.807072,4.9382014
123,2023,Cordoba,2023-10-16,4,2023-11-13,4.630223,4.8851557
123,2023,Cordoba,2023-10-23,1,2023-10-30,4.8360105,4.552431
123,2023,Cordoba,2023-10-23,2,2023-11-06,3.807072,4.442493
123,2023,Cordoba,2023-10-23,3,2023-11-13,4.630223,4.3676424
123,2023,Cordoba,2023-10-23,4,2023-11-20,5.350479,4.351404
123,2023,Cordoba,2023-10-30,1,2023-11-06,3.807072,4.7575336
123,2023,Cordoba,2023-10-30,2,2023-11-13,4.630223,4.656799
123,2023,Cordoba,2023-10-30,3,2023-11-20,5.350479,4.5876937
123,2023,Cordoba,2023-10-30,4,2023-11-27,5.041798,4.54998
123,2023,Cordoba,2023-11-06,1,2023-11-13,4.630223,4.954365
123,2023,Cordoba,2023-11-06,2,2023-11-20,5.350479,4.85662
123,2023,Cordoba,2023-11-06,3,2023-11-27,5.041798,4.780824
123,2023,Cordoba,2023-11-06,4,2023-12-04,4.475882,4.74086
123,2023,Cordoba,2023-11-13,1,2023-11-20,5.350479,4.7112136
123,2023,Cordoba,2023-11-13,2,2023-11-27,5.041798,4.609068
123,2023,Cordoba,2023-11-13,3,2023-12-04,4.475882,4.53213
123,2023,Cordoba,2023-11-13,4,2023-12-11,5.8649487,4.5080833
123,2023,Cordoba,2023-11-20,1,2023-11-27,5.041798,4.9055924
123,2023,Cordoba,2023-11-20,2,2023-12-04,4.475882,4.8086944
123,2023,Cordoba,2023-11-20,3,2023-12-11,5.8649487,4.7327695
123,2023,Cordoba,2023-11-20,4,2023-12-18,5.5562673,4.6948524
123,2023,Cordoba,2023-11-27,1,2023-12-04,4.475882,5.3290997
123,2023,Cordoba,2023-11-27,2,2023-12-11,5.8649487,5.232903
123,2023,Cordoba,2023-11-27,3,2023-12-18,5.5562673,5.1462083
123,2023,Cordoba,2023-11-27,4,2023-12-25,4.3215413,5.0933466
123,2023,Cundinamarca,2023-02-20,1,2023-02-27,2.2428916,1.7409824
123,2023,Cundinamarca,2023-02-20,2,2023-03-06,2.0363095,1.7213426
123,2023,Cundinamarca,2023-02-20,3,2023-03-13,1.8002157,1.7282001
123,2023,Cundinamarca,2023-02-20,4,2023-03-20,2.1543565,1.7575216
123,2023,Cundinamarca,2023-02-27,1,2023-03-06,2.0363095,1.8053632
123,2023,Cundinamarca,2023-02-27,2,2023-03-13,1.8002157,1.7852454
123,2023,Cundinamarca,2023-02-27,3,2023-03-20,2.1543565,1.7894231
123,2023,Cundinamarca,2023-02-27,4,2023-03-27,2.183868,1.8172547
123,2023,Cundinamarca,2023-03-06,1,2023-03-13,1.8002157,2.0012853
123,2023,Cundinamarca,2023-03-06,2,2023-03-20,2.1543565,1.9890908
123,2023,Cundinamarca,2023-03-06,3,2023-03-27,2.183868,1.9949442
123,2023,Cundinamarca,2023-03-06,4,2023-04-03,2.3314269,2.027848
123,2023,Cundinamarca,2023-03-13,1,2023-03-20,2.1543565,2.113056
123,2023,Cundinamarca,2023-03-13,2,2023-03-27,2.183868,2.1040108
123,2023,Cundinamarca,2023-03-13,3,2023-04-03,2.3314269,2.1099112
123,2023,Cundinamarca,2023-03-13,4,2023-04-10,3.06922,2.1436613
123,2023,Cundinamarca,2023-03-20,1,2023-03-27,2.183868,2.0413337
123,2023,Cundinamarca,2023-03-20,2,2023-04-03,2.3314269,2.0260034
123,2023,Cundinamarca,2023-03-20,3,2023-04-10,3.06922,2.028585
123,2023,Cundinamarca,2023-03-20,4,2023-04-17,3.1872668,2.0564911
123,2023,Cundinamarca,2023-03-27,1,2023-04-03,2.3314269,2.1588035
123,2023,Cundinamarca,2023-03-27,2,2023-04-10,3.06922,2.147348
123,2023,Cundinamarca,2023-03-27,3,2023-04-17,3.1872668,2.1497529
123,2023,Cundinamarca,2023-03-27,4,2023-04-24,1.8297273,2.1782343
123,2023,Cundinamarca,2023-04-03,1,2023-04-10,3.06922,2.3001938
123,2023,Cundinamarca,2023-04-03,2,2023-04-17,3.1872668,2.2923312
123,2023,Cundinamarca,2023-04-03,3,2023-04-24,1.8297273,2.296434
123,2023,Cundinamarca,2023-04-03,4,2023-05-01,1.6526569,2.329062
123,2023,Cundinamarca,2023-04-10,1,2023-04-17,3.1872668,2.4386704
123,2023,Cundinamarca,2023-04-10,2,2023-04-24,1.8297273,2.4334524
123,2023,Cundinamarca,2023-04-10,3,2023-05-01,1.6526569,2.4382846
123,2023,Cundinamarca,2023-04-10,4,2023-05-08,2.21338,2.4732392
123,2023,Cundinamarca,2023-04-17,1,2023-04-24,1.8297273,2.889909
123,2023,Cundinamarca,2023-04-17,2,2023-05-01,1.6526569,2.893536
123,2023,Cundinamarca,2023-04-17,3,2023-05-08,2.21338,2.8971019
123,2023,Cundinamarca,2023-04-17,4,2023-05-15,2.21338,2.9275615
123,2023,Cundinamarca,2023-04-24,1,2023-05-01,1.6526569,3.2331445
123,2023,Cundinamarca,2023-04-24,2,2023-05-08,2.21338,3.2359512
123,2023,Cundinamarca,2023-04-24,3,2023-05-15,2.21338,3.234885
123,2023,Cundinamarca,2023-04-24,4,2023-05-22,1.8002157,3.261369
123,2023,Cundinamarca,2023-05-01,1,2023-05-08,2.21338,2.8889155
123,2023,Cundinamarca,2023-05-01,2,2023-05-15,2.21338,2.8639956
123,2023,Cundinamarca,2023-05-01,3,2023-05-22,1.8002157,2.8601995
123,2023,Cundinamarca,2023-05-01,4,2023-05-29,1.8592392,2.8838046
123,2023,Cundinamarca,2023-05-08,1,2023-05-15,2.21338,2.5368261
123,2023,Cundinamarca,2023-05-08,2,2023-05-22,1.8002157,2.4892604
123,2023,Cundinamarca,2023-05-08,3,2023-05-29,1.8592392,2.4851353
123,2023,Cundinamarca,2023-05-08,4,2023-06-05,1.4460748,2.4842734
123,2023,Cundinamarca,2023-05-15,1,2023-05-22,1.8002157,2.4653263
123,2023,Cundinamarca,2023-05-15,2,2023-05-29,1.8592392,2.4155018
123,2023,Cundinamarca,2023-05-15,3,2023-06-05,1.4460748,2.4115734
123,2023,Cundinamarca,2023-05-15,4,2023-06-12,1.4460748,2.4012213
123,2023,Cundinamarca,2023-05-22,1,2023-05-29,1.8592392,2.3275516
123,2023,Cundinamarca,2023-05-22,2,2023-06-05,1.4460748,2.2781477
123,2023,Cundinamarca,2023-05-22,3,2023-06-12,1.4460748,2.2725317
123,2023,Cundinamarca,2023-05-22,4,2023-06-19,1.0033989,2.2620995
123,2023,Cundinamarca,2023-05-29,1,2023-06-05,1.4460748,2.0724535
123,2023,Cundinamarca,2023-05-29,2,2023-06-12,1.4460748,2.0204651
123,2023,Cundinamarca,2023-05-29,3,2023-06-19,1.0033989,2.0106049
123,2023,Cundinamarca,2023-05-29,4,2023-06-26,1.6821687,1.9982836
123,2023,Cundinamarca,2023-06-05,1,2023-06-12,1.4460748,2.0142505
123,2023,Cundinamarca,2023-06-05,2,2023-06-19,1.0033989,1.9685574
123,2023,Cundinamarca,2023-06-05,3,2023-06-26,1.6821687,1.9597402
123,2023,Cundinamarca,2023-06-05,4,2023-07-03,1.5050983,1.9503047
123,2023,Cundinamarca,2023-06-12,1,2023-06-19,1.0033989,1.9137154
123,2023,Cundinamarca,2023-06-12,2,2023-06-26,1.6821687,1.8718138
123,2023,Cundinamarca,2023-06-12,3,2023-07-03,1.5050983,1.8671858
123,2023,Cundinamarca,2023-06-12,4,2023-07-10,2.0658212,1.8618162
123,2023,Cundinamarca,2023-06-19,1,2023-06-26,1.6821687,1.7234306
123,2023,Cundinamarca,2023-06-19,2,2023-07-03,1.5050983,1.6827849
123,2023,Cundinamarca,2023-06-19,3,2023-07-10,2.0658212,1.677194
123,2023,Cundinamarca,2023-06-19,4,2023-07-17,1.5050983,1.6681646
123,2023,Cundinamarca,2023-06-26,1,2023-07-03,1.5050983,1.4232858
123,2023,Cundinamarca,2023-06-26,2,2023-07-10,2.0658212,1.3866444
123,2023,Cundinamarca,2023-06-26,3,2023-07-17,1.5050983,1.3814391
123,2023,Cundinamarca,2023-06-26,4,2023-07-24,1.7411922,1.3307263
123,2023,Cundinamarca,2023-07-03,1,2023-07-10,2.0658212,1.3879963
123,2023,Cundinamarca,2023-07-03,2,2023-07-17,1.5050983,1.3591504
123,2023,Cundinamarca,2023-07-03,3,2023-07-24,1.7411922,1.3530684
123,2023,Cundinamarca,2023-07-03,4,2023-07-31,1.7707038,1.3181921
123,2023,Cundinamarca,2023-07-10,1,2023-07-17,1.5050983,1.3402995
123,2023,Cundinamarca,2023-07-10,2,2023-07-24,1.7411922,1.3180544
123,2023,Cundinamarca,2023-07-10,3,2023-07-31,1.7707038,1.3142732
123,2023,Cundinamarca,2023-07-10,4,2023-08-07,1.6231452,1.2939423
123,2023,Cundinamarca,2023-07-17,1,2023-07-24,1.7411922,1.4560437
123,2023,Cundinamarca,2023-07-17,2,2023-07-31,1.7707038,1.4399697
123,2023,Cundinamarca,2023-07-17,3,2023-08-07,1.6231452,1.440174
123,2023,Cundinamarca,2023-07-17,4,2023-08-14,1.7116805,1.4565192
123,2023,Cundinamarca,2023-07-24,1,2023-07-31,1.7707038,1.4489082
123,2023,Cundinamarca,2023-07-24,2,2023-08-07,1.6231452,1.43541
123,2023,Cundinamarca,2023-07-24,3,2023-08-14,1.7116805,1.4374841
123,2023,Cundinamarca,2023-07-24,4,2023-08-21,1.3575397,1.4615004
123,2023,Cundinamarca,2023-07-31,1,2023-08-07,1.6231452,1.486192
123,2023,Cundinamarca,2023-07-31,2,2023-08-14,1.7116805,1.4754528
123,2023,Cundinamarca,2023-07-31,3,2023-08-21,1.3575397,1.4810979
123,2023,Cundinamarca,2023-07-31,4,2023-08-28,1.6231452,1.5148265
123,2023,Cundinamarca,2023-08-07,1,2023-08-14,1.7116805,1.5346423
123,2023,Cundinamarca,2023-08-07,2,2023-08-21,1.3575397,1.5248251
123,2023,Cundinamarca,2023-08-07,3,2023-08-28,1.6231452,1.5320526
123,2023,Cundinamarca,2023-08-07,4,2023-09-04,1.9182625,1.5698693
123,2023,Cundinamarca,2023-08-14,1,2023-08-21,1.3575397,1.553783
123,2023,Cundinamarca,2023-08-14,2,2023-08-28,1.6231452,1.5432171
123,2023,Cundinamarca,2023-08-14,3,2023-09-04,1.9182625,1.5499306
123,2023,Cundinamarca,2023-08-14,4,2023-09-11,1.6821687,1.5863191
123,2023,Cundinamarca,2023-08-21,1,2023-08-28,1.6231452,1.6141993
123,2023,Cundinamarca,2023-08-21,2,2023-09-04,1.9182625,1.6029347
123,2023,Cundinamarca,2023-08-21,3,2023-09-11,1.6821687,1.6083363
123,2023,Cundinamarca,2023-08-21,4,2023-09-18,1.8002157,1.6419657
123,2023,Cundinamarca,2023-08-28,1,2023-09-04,1.9182625,1.5038627
123,2023,Cundinamarca,2023-08-28,2,2023-09-11,1.6821687,1.4873508
123,2023,Cundinamarca,2023-08-28,3,2023-09-18,1.8002157,1.4874969
123,2023,Cundinamarca,2023-08-28,4,2023-09-25,1.9477743,1.510187
123,2023,Cundinamarca,2023-09-04,1,2023-09-11,1.6821687,1.5303662
123,2023,Cundinamarca,2023-09-04,2,2023-09-18,1.8002157,1.5152129
123,2023,Cundinamarca,2023-09-04,3,2023-09-25,1.9477743,1.5143166
123,2023,Cundinamarca,2023-09-04,4,2023-10-02,2.1543565,1.5391252
123,2023,Cundinamarca,2023-09-11,1,2023-09-18,1.8002157,1.7517442
123,2023,Cundinamarca,2023-09-11,2,2023-09-25,1.9477743,1.7504843
123,2023,Cundinamarca,2023-09-11,3,2023-10-02,2.1543565,1.7578809
123,2023,Cundinamarca,2023-09-11,4,2023-10-09,1.9477743,1.7979991
123,2023,Cundinamarca,2023-09-18,1,2023-09-25,1.9477743,1.8197353
123,2023,Cundinamarca,2023-09-18,2,2023-10-02,2.1543565,1.8192106
123,2023,Cundinamarca,2023-09-18,3,2023-10-09,1.9477743,1.8286834
123,2023,Cundinamarca,2023-09-18,4,2023-10-16,2.508497,1.8705103
123,2023,Cundinamarca,2023-09-25,1,2023-10-02,2.1543565,1.8518082
123,2023,Cundinamarca,2023-09-25,2,2023-10-09,1.9477743,1.849494
123,2023,Cundinamarca,2023-09-25,3,2023-10-16,2.508497,1.8593415
123,2023,Cundinamarca,2023-09-25,4,2023-10-23,2.8921494,1.8971182
123,2023,Cundinamarca,2023-10-02,1,2023-10-09,1.9477743,1.9274468
123,2023,Cundinamarca,2023-10-02,2,2023-10-16,2.508497,1.9259979
123,2023,Cundinamarca,2023-10-02,3,2023-10-23,2.8921494,1.9358189
123,2023,Cundinamarca,2023-10-02,4,2023-10-30,2.3609388,1.9719212
123,2023,Cundinamarca,2023-10-09,1,2023-10-16,2.508497,2.0694253
123,2023,Cundinamarca,2023-10-09,2,2023-10-23,2.8921494,2.072358
123,2023,Cundinamarca,2023-10-09,3,2023-10-30,2.3609388,2.0826862
123,2023,Cundinamarca,2023-10-09,4,2023-11-06,2.4494736,2.1201994
123,2023,Cundinamarca,2023-10-16,1,2023-10-23,2.8921494,2.1703405
123,2023,Cundinamarca,2023-10-16,2,2023-10-30,2.3609388,2.1742911
123,2023,Cundinamarca,2023-10-16,3,2023-11-06,2.4494736,2.1841898
123,2023,Cundinamarca,2023-10-16,4,2023-11-13,2.419962,2.2207801
123,2023,Cundinamarca,2023-10-23,1,2023-10-30,2.3609388,2.498418
123,2023,Cundinamarca,2023-10-23,2,2023-11-06,2.4494736,2.511603
123,2023,Cundinamarca,2023-10-23,3,2023-11-13,2.419962,2.5211143
123,2023,Cundinamarca,2023-10-23,4,2023-11-20,2.626544,2.5560172
123,2023,Cundinamarca,2023-10-30,1,2023-11-06,2.4494736,2.8953185
123,2023,Cundinamarca,2023-10-30,2,2023-11-13,2.419962,2.9123096
123,2023,Cundinamarca,2023-10-30,3,2023-11-20,2.626544,2.9200008
123,2023,Cundinamarca,2023-10-30,4,2023-11-27,2.9511733,2.949054
123,2023,Cundinamarca,2023-11-06,1,2023-11-13,2.419962,2.8440244
123,2023,Cundinamarca,2023-11-06,2,2023-11-20,2.626544,2.844505
123,2023,Cundinamarca,2023-11-06,3,2023-11-27,2.9511733,2.847705
123,2023,Cundinamarca,2023-11-06,4,2023-12-04,2.538009,2.8731077
123,2023,Cundinamarca,2023-11-13,1,2023-11-20,2.626544,2.968201
123,2023,Cundinamarca,2023-11-13,2,2023-11-27,2.9511733,2.9610975
123,2023,Cundinamarca,2023-11-13,3,2023-12-04,2.538009,2.9639075
123,2023,Cundinamarca,2023-11-13,4,2023-12-11,2.3904505,2.9771645
123,2023,Cundinamarca,2023-11-20,1,2023-11-27,2.9511733,3.1027396
123,2023,Cundinamarca,2023-11-20,2,2023-12-04,2.538009,3.0904028
123,2023,Cundinamarca,2023-11-20,3,2023-12-11,2.3904505,3.0915475
123,2023,Cundinamarca,2023-11-20,4,2023-12-18,2.5675206,3.0992603
123,2023,Cundinamarca,2023-11-27,1,2023-12-04,2.538009,3.252133
123,2023,Cundinamarca,2023-11-27,2,2023-12-11,2.3904505,3.2335508
123,2023,Cundinamarca,2023-11-27,3,2023-12-18,2.5675206,3.2325997
123,2023,Cundinamarca,2023-11-27,4,2023-12-25,3.2167788,3.2364511
123,2023,Guainia,2023-02-20,1,2023-02-27,1.7637619,2.0684655
123,2023,Guainia,2023-02-20,2,2023-03-06,3.5275235,2.1040378
123,2023,Guainia,2023-02-20,3,2023-03-13,7.0550475,2.1261787
123,2023,Guainia,2023-02-20,4,2023-03-20,3.5275235,2.2169688
123,2023,Guainia,2023-02-27,1,2023-03-06,3.5275235,3.8587878
123,2023,Guainia,2023-02-27,2,2023-03-13,7.0550475,3.9347172
123,2023,Guainia,2023-02-27,3,2023-03-20,3.5275235,3.9375563
123,2023,Guainia,2023-02-27,4,2023-03-27,5.291285,3.9870155
123,2023,Guainia,2023-03-06,1,2023-03-13,7.0550475,3.4035678
123,2023,Guainia,2023-03-06,2,2023-03-20,3.5275235,3.408903
123,2023,Guainia,2023-03-06,3,2023-03-27,5.291285,3.3834512
123,2023,Guainia,2023-03-06,4,2023-04-03,3.5275235,3.4518905
123,2023,Guainia,2023-03-13,1,2023-03-20,3.5275235,3.521135
123,2023,Guainia,2023-03-13,2,2023-03-27,5.291285,3.5041413
123,2023,Guainia,2023-03-13,3,2023-04-03,3.5275235,3.4726596
123,2023,Guainia,2023-03-13,4,2023-04-10,3.5275235,3.5092132
123,2023,Guainia,2023-03-20,1,2023-03-27,5.291285,5.0542145
123,2023,Guainia,2023-03-20,2,2023-04-03,3.5275235,5.063277
123,2023,Guainia,2023-03-20,3,2023-04-10,3.5275235,5.007646
123,2023,Guainia,2023-03-20,4,2023-04-17,12.346333,4.9883847
123,2023,Guainia,2023-03-27,1,2023-04-03,3.5275235,4.3407283
123,2023,Guainia,2023-03-27,2,2023-04-10,3.5275235,4.2925286
123,2023,Guainia,2023-03-27,3,2023-04-17,12.346333,4.2136827
123,2023,Guainia,2023-03-27,4,2023-04-24,15.873855,4.252624
123,2023,Guainia,2023-04-03,1,2023-04-10,3.5275235,4.405119
123,2023,Guainia,2023-04-03,2,2023-04-17,12.346333,4.3443947
123,2023,Guainia,2023-04-03,3,2023-04-24,15.873855,4.271266
123,2023,Guainia,2023-04-03,4,2023-05-01,3.5275235,4.280404
123,2023,Guainia,2023-04-10,1,2023-04-17,12.346333,4.124816
123,2023,Guainia,2023-04-10,2,2023-04-24,15.873855,4.051418
123,2023,Guainia,2023-04-10,3,2023-05-01,3.5275235,3.9812083
123,2023,Guainia,2023-04-10,4,2023-05-08,1.7637619,3.9927247
123,2023,Guainia,2023-04-17,1,2023-04-24,15.873855,3.893405
123,2023,Guainia,2023-04-17,2,2023-05-01,3.5275235,3.8110247
123,2023,Guainia,2023-04-17,3,2023-05-08,1.7637619,3.7491798
123,2023,Guainia,2023-04-17,4,2023-05-15,8.8188095,3.751226
123,2023,Guainia,2023-04-24,1,2023-05-01,3.5275235,5.929435
123,2023,Guainia,2023-04-24,2,2023-05-08,1.7637619,5.8917565
123,2023,Guainia,2023-04-24,3,2023-05-15,8.8188095,5.823458
123,2023,Guainia,2023-04-24,4,2023-05-22,1.7637619,5.718968
123,2023,Guainia,2023-05-01,1,2023-05-08,1.7637619,8.773602
123,2023,Guainia,2023-05-01,2,2023-05-15,8.8188095,8.750832
123,2023,Guainia,2023-05-01,3,2023-05-22,1.7637619,8.632634
123,2023,Guainia,2023-05-01,4,2023-05-29,1.7637619,8.360077
123,2023,Guainia,2023-05-08,1,2023-05-15,8.8188095,6.0944705
123,2023,Guainia,2023-05-08,2,2023-05-22,1.7637619,5.970845
123,2023,Guainia,2023-05-08,3,2023-05-29,1.7637619,5.8150396
123,2023,Guainia,2023-05-08,4,2023-06-05,0.0,5.7962904
123,2023,Guainia,2023-05-15,1,2023-05-22,1.7637619,4.146918
123,2023,Guainia,2023-05-15,2,2023-05-29,1.7637619,3.9995453
123,2023,Guainia,2023-05-15,3,2023-06-05,0.0,3.8896701
123,2023,Guainia,2023-05-15,4,2023-06-12,0.0,3.9023464
123,2023,Guainia,2023-05-22,1,2023-05-29,1.7637619,5.3100367
123,2023,Guainia,2023-05-22,2,2023-06-05,0.0,5.1591077
123,2023,Guainia,2023-05-22,3,2023-06-12,0.0,5.067259
123,2023,Guainia,2023-05-22,4,2023-06-19,3.5275235,4.990337
123,2023,Guainia,2023-05-29,1,2023-06-05,0.0,3.8369832
123,2023,Guainia,2023-05-29,2,2023-06-12,0.0,3.6914325
123,2023,Guainia,2023-05-29,3,2023-06-19,3.5275235,3.6042578
123,2023,Guainia,2023-05-29,4,2023-06-26,1.7637619,3.6032171
123,2023,Guainia,2023-06-05,1,2023-06-12,0.0,3.0167327
123,2023,Guainia,2023-06-05,2,2023-06-19,3.5275235,2.8826346
123,2023,Guainia,2023-06-05,3,2023-06-26,1.7637619,2.821602
123,2023,Guainia,2023-06-05,4,2023-07-03,1.7637619,2.7816043
123,2023,Guainia,2023-06-12,1,2023-06-19,3.5275235,1.709236
123,2023,Guainia,2023-06-12,2,2023-06-26,1.7637619,1.6114198
123,2023,Guainia,2023-06-12,3,2023-07-03,1.7637619,1.5795001
123,2023,Guainia,2023-06-12,4,2023-07-10,5.291285,1.4357643
123,2023,Guainia,2023-06-19,1,2023-06-26,1.7637619,1.0976982
123,2023,Guainia,2023-06-19,2,2023-07-03,1.7637619,1.0226065
123,2023,Guainia,2023-06-19,3,2023-07-10,5.291285,1.0073568
123,2023,Guainia,2023-06-19,4,2023-07-17,1.7637619,0.83040655
123,2023,Guainia,2023-06-26,1,2023-07-03,1.7637619,1.2006817
123,2023,Guainia,2023-06-26,2,2023-07-10,5.291285,1.1425529
123,2023,Guainia,2023-06-26,3,2023-07-17,1.7637619,1.1243247
123,2023,Guainia,2023-06-26,4,2023-07-24,0.0,1.031943
123,2023,Guainia,2023-07-03,1,2023-07-10,5.291285,1.1985799
123,2023,Guainia,2023-07-03,2,2023-07-17,1.7637619,1.163573
123,2023,Guainia,2023-07-03,3,2023-07-24,0.0,1.1457072
123,2023,Guainia,2023-07-03,4,2023-07-31,0.0,1.1195989
123,2023,Guainia,2023-07-10,1,2023-07-17,1.7637619,1.1948702
123,2023,Guainia,2023-07-10,2,2023-07-24,0.0,1.1703938
123,2023,Guainia,2023-07-10,3,2023-07-31,0.0,1.1541187
123,2023,Guainia,2023-07-10,4,2023-08-07,5.291285,1.1547381
123,2023,Guainia,2023-07-17,1,2023-07-24,0.0,1.5538473
123,2023,Guainia,2023-07-17,2,2023-07-31,0.0,1.5651264
123,2023,Guainia,2023-07-17,3,2023-08-07,5.291285,1.5718862
123,2023,Guainia,2023-07-17,4,2023-08-14,1.7637619,1.6446735
123,2023,Guainia,2023-07-24,1,2023-07-31,0.0,1.34844
123,2023,Guainia,2023-07-24,2,2023-08-07,5.291285,1.3460203
123,2023,Guainia,2023-07-24,3,2023-08-14,1.7637619,1.3486111
123,2023,Guainia,2023-07-24,4,2023-08-21,3.5275235,1.4167778
123,2023,Guainia,2023-07-31,1,2023-08-07,5.291285,0.9031832
123,2023,Guainia,2023-07-31,2,2023-08-14,1.7637619,0.8836338
123,2023,Guainia,2023-07-31,3,2023-08-21,3.5275235,0.8786689
123,2023,Guainia,2023-07-31,4,2023-08-28,3.5275235,0.86093897
123,2023,Guainia,2023-08-07,1,2023-08-14,1.7637619,0.6727125
123,2023,Guainia,2023-08-07,2,2023-08-21,3.5275235,0.64661527
123,2023,Guainia,2023-08-07,3,2023-08-28,3.5275235,0.63932425
123,2023,Guainia,2023-08-07,4,2023-09-04,3.5275235,0.59441084
123,2023,Guainia,2023-08-14,1,2023-08-21,3.5275235,0.8943628
123,2023,Guainia,2023-08-14,2,2023-08-28,3.5275235,0.87535864
123,2023,Guainia,2023-08-14,3,2023-09-04,3.5275235,0.8634042
123,2023,Guainia,2023-08-14,4,2023-09-11,3.5275235,0.88027346
123,2023,Guainia,2023-08-21,1,2023-08-28,3.5275235,0.89337033
123,2023,Guainia,2023-08-21,2,2023-09-04,3.5275235,0.87946814
123,2023,Guainia,2023-08-21,3,2023-09-11,3.5275235,0.8722158
123,2023,Guainia,2023-08-21,4,2023-09-18,3.5275235,0.90332776
123,2023,Guainia,2023-08-28,1,2023-09-04,3.5275235,1.0570742
123,2023,Guainia,2023-08-28,2,2023-09-11,3.5275235,1.0486735
123,2023,Guainia,2023-08-28,3,2023-09-18,3.5275235,1.0443293
123,2023,Guainia,2023-08-28,4,2023-09-25,3.5275235,1.1025141
123,2023,Guainia,2023-09-04,1,2023-09-11,3.5275235,1.335506
123,2023,Guainia,2023-09-04,2,2023-09-18,3.5275235,1.3334409
123,2023,Guainia,2023-09-04,3,2023-09-25,3.5275235,1.3360031
123,2023,Guainia,2023-09-04,4,2023-10-02,0.0,1.4046113
123,2023,Guainia,2023-09-11,1,2023-09-18,3.5275235,1.5506499
123,2023,Guainia,2023-09-11,2,2023-09-25,3.5275235,1.5607144
123,2023,Guainia,2023-09-11,3,2023-10-02,0.0,1.5726624
123,2023,Guainia,2023-09-11,4,2023-10-09,1.7637619,1.6417285
123,2023,Guainia,2023-09-18,1,2023-09-25,3.5275235,1.8108035
123,2023,Guainia,2023-09-18,2,2023-10-02,0.0,1.825929
123,2023,Guainia,2023-09-18,3,2023-10-09,1.7637619,1.8391433
123,2023,Guainia,2023-09-18,4,2023-10-16,1.7637619,1.9037489
123,2023,Guainia,2023-09-25,1,2023-10-02,0.0,2.095029
123,2023,Guainia,2023-09-25,2,2023-10-09,1.7637619,2.1095064
123,2023,Guainia,2023-09-25,3,2023-10-16,1.7637619,2.117144
123,2023,Guainia,2023-09-25,4,2023-10-23,0.0,2.1720002
123,2023,Guainia,2023-10-02,1,2023-10-09,1.7637619,2.58654
123,2023,Guainia,2023-10-02,2,2023-10-16,1.7637619,2.60131
123,2023,Guainia,2023-10-02,3,2023-10-23,0.0,2.6010573
123,2023,Guainia,2023-10-02,4,2023-10-30,3.5275235,2.6379101
123,2023,Guainia,2023-10-09,1,2023-10-16,1.7637619,1.9718348
123,2023,Guainia,2023-10-09,2,2023-10-23,0.0,1.9457073
123,2023,Guainia,2023-10-09,3,2023-10-30,3.5275235,1.9353206
123,2023,Guainia,2023-10-09,4,2023-11-06,5.291285,1.9462513
123,2023,Guainia,2023-10-16,1,2023-10-23,0.0,1.8294355
123,2023,Guainia,2023-10-16,2,2023-10-30,3.5275235,1.7940947
123,2023,Guainia,2023-10-16,3,2023-11-06,5.291285,1.7780879
123,2023,Guainia,2023-10-16,4,2023-11-13,0.0,1.7633969
123,2023,Guainia,2023-10-23,1,2023-10-30,3.5275235,1.8051181
123,2023,Guainia,2023-10-23,2,2023-11-06,5.291285,1.778217
123,2023,Guainia,2023-10-23,3,2023-11-13,0.0,1.7642231
123,2023,Guainia,2023-10-23,4,2023-11-20,0.0,1.7564706
123,2023,Guainia,2023-10-30,1,2023-11-06,5.291285,1.4736333
123,2023,Guainia,2023-10-30,2,2023-11-13,0.0,1.4509602
123,2023,Guainia,2023-10-30,3,2023-11-20,0.0,1.4381005
123,2023,Guainia,2023-10-30,4,2023-11-27,3.5275235,1.4030328
123,2023,Guainia,2023-11-06,1,2023-11-13,0.0,1.9643934
123,2023,Guainia,2023-11-06,2,2023-11-20,0.0,1.9692918
123,2023,Guainia,2023-11-06,3,2023-11-27,3.5275235,1.9677474
123,2023,Guainia,2023-11-06,4,2023-12-04,1.7637619,1.9907318
123,2023,Guainia,2023-11-13,1,2023-11-20,0.0,3.154285
123,2023,Guainia,2023-11-13,2,2023-11-27,3.5275235,3.2164164
123,2023,Guainia,2023-11-13,3,2023-12-04,1.7637619,3.232098
123,2023,Guainia,2023-11-13,4,2023-12-11,0.0,3.262758
123,2023,Guainia,2023-11-20,1,2023-11-27,3.5275235,2.4644618
123,2023,Guainia,2023-11-20,2,2023-12-04,1.7637619,2.4761808
123,2023,Guainia,2023-11-20,3,2023-12-11,0.0,2.4788826
123,2023,Guainia,2023-11-20,4,2023-12-18,0.0,2.5317824
123,2023,Guainia,2023-11-27,1,2023-12-04,1.7637619,1.9194651
123,2023,Guainia,2023-11-27,2,2023-12-11,0.0,1.8995181
123,2023,Guainia,2023-11-27,3,2023-12-18,0.0,1.8974972
123,2023,Guainia,2023-11-27,4,2023-12-25,3.5275235,1.9138981
123,2023,Guajira,2023-02-20,1,2023-02-27,3.8913758,5.941272
123,2023,Guajira,2023-02-20,2,2023-03-06,3.8913758,5.7733665
123,2023,Guajira,2023-02-20,3,2023-03-13,4.377798,5.6259136
123,2023,Guajira,2023-02-20,4,2023-03-20,4.766936,5.516757
123,2023,Guajira,2023-02-27,1,2023-03-06,3.8913758,5.2641554
123,2023,Guajira,2023-02-27,2,2023-03-13,4.377798,5.105702
123,2023,Guajira,2023-02-27,3,2023-03-20,4.766936,4.976937
123,2023,Guajira,2023-02-27,4,2023-03-27,4.0859447,4.907416
123,2023,Guajira,2023-03-06,1,2023-03-13,4.377798,3.8820117
123,2023,Guajira,2023-03-06,2,2023-03-20,4.766936,3.727666
123,2023,Guajira,2023-03-06,3,2023-03-27,4.0859447,3.637099
123,2023,Guajira,2023-03-06,4,2023-04-03,2.43211,3.5950487
123,2023,Guajira,2023-03-13,1,2023-03-20,4.766936,3.4737203
123,2023,Guajira,2023-03-13,2,2023-03-27,4.0859447,3.3301907
123,2023,Guajira,2023-03-13,3,2023-04-03,2.43211,3.2733011
123,2023,Guajira,2023-03-13,4,2023-04-10,2.723963,3.199435
123,2023,Guajira,2023-03-20,1,2023-03-27,4.0859447,3.754223
123,2023,Guajira,2023-03-20,2,2023-04-03,2.43211,3.6389165
123,2023,Guajira,2023-03-20,3,2023-04-10,2.723963,3.599201
123,2023,Guajira,2023-03-20,4,2023-04-17,3.5995228,3.5365555
123,2023,Guajira,2023-03-27,1,2023-04-03,2.43211,4.12334
123,2023,Guajira,2023-03-27,2,2023-04-10,2.723963,4.039171
123,2023,Guajira,2023-03-27,3,2023-04-17,3.5995228,3.999039
123,2023,Guajira,2023-03-27,4,2023-04-24,3.5022388,3.9436486
123,2023,Guajira,2023-04-03,1,2023-04-10,2.723963,4.014447
123,2023,Guajira,2023-04-03,2,2023-04-17,3.5995228,3.9402406
123,2023,Guajira,2023-04-03,3,2023-04-24,3.5022388,3.8950229
123,2023,Guajira,2023-04-03,4,2023-05-01,4.0859447,3.8633494
123,2023,Guajira,2023-04-10,1,2023-04-17,3.5995228,3.1999626
123,2023,Guajira,2023-04-10,2,2023-04-24,3.5022388,3.116657
123,2023,Guajira,2023-04-10,3,2023-05-01,4.0859447,3.074161
123,2023,Guajira,2023-04-10,4,2023-05-08,3.5995228,3.0519574
123,2023,Guajira,2023-04-17,1,2023-04-24,3.5022388,2.993278
123,2023,Guajira,2023-04-17,2,2023-05-01,4.0859447,2.923016
123,2023,Guajira,2023-04-17,3,2023-05-08,3.5995228,2.8910184
123,2023,Guajira,2023-04-17,4,2023-05-15,3.1131008,2.8558874
123,2023,Guajira,2023-04-24,1,2023-05-01,4.0859447,3.4215586
123,2023,Guajira,2023-04-24,2,2023-05-08,3.5995228,3.3899336
123,2023,Guajira,2023-04-24,3,2023-05-15,3.1131008,3.3724003
123,2023,Guajira,2023-04-24,4,2023-05-22,3.5995228,3.345653
123,2023,Guajira,2023-05-01,1,2023-05-08,3.5995228,3.7293231
123,2023,Guajira,2023-05-01,2,2023-05-15,3.1131008,3.718623
123,2023,Guajira,2023-05-01,3,2023-05-22,3.5995228,3.6954458
123,2023,Guajira,2023-05-01,4,2023-05-29,4.1832294,3.6795666
123,2023,Guajira,2023-05-08,1,2023-05-15,3.1131008,4.158312
123,2023,Guajira,2023-05-08,2,2023-05-22,3.5995228,4.164374
123,2023,Guajira,2023-05-08,3,2023-05-29,4.1832294,4.1289864
123,2023,Guajira,2023-05-08,4,2023-06-05,4.280514,4.113891
123,2023,Guajira,2023-05-15,1,2023-05-22,3.5995228,4.219493
123,2023,Guajira,2023-05-15,2,2023-05-29,4.1832294,4.2224326
123,2023,Guajira,2023-05-15,3,2023-06-05,4.280514,4.1757083
123,2023,Guajira,2023-05-15,4,2023-06-12,3.8913758,4.1707087
123,2023,Guajira,2023-05-22,1,2023-05-29,4.1832294,3.9142797
123,2023,Guajira,2023-05-22,2,2023-06-05,4.280514,3.9013734
123,2023,Guajira,2023-05-22,3,2023-06-12,3.8913758,3.8570654
123,2023,Guajira,2023-05-22,4,2023-06-19,5.253358,3.8570585
123,2023,Guajira,2023-05-29,1,2023-06-05,4.280514,4.016453
123,2023,Guajira,2023-05-29,2,2023-06-12,3.8913758,4.0087566
123,2023,Guajira,2023-05-29,3,2023-06-19,5.253358,3.9671407
123,2023,Guajira,2023-05-29,4,2023-06-26,4.280514,3.9541156
123,2023,Guajira,2023-06-05,1,2023-06-12,3.8913758,4.6005783
123,2023,Guajira,2023-06-05,2,2023-06-19,5.253358,4.611109
123,2023,Guajira,2023-06-05,3,2023-06-26,4.280514,4.557394
123,2023,Guajira,2023-06-05,4,2023-07-03,3.7940917,4.5291405
123,2023,Guajira,2023-06-12,1,2023-06-19,5.253358,5.0605893
123,2023,Guajira,2023-06-12,2,2023-06-26,4.280514,5.077232
123,2023,Guajira,2023-06-12,3,2023-07-03,3.7940917,5.001726
123,2023,Guajira,2023-06-12,4,2023-07-10,6.128917,4.9737
123,2023,Guajira,2023-06-19,1,2023-06-26,4.280514,5.019213
123,2023,Guajira,2023-06-19,2,2023-07-03,3.7940917,5.0173373
123,2023,Guajira,2023-06-19,3,2023-07-10,6.128917,4.9287033
123,2023,Guajira,2023-06-19,4,2023-07-17,4.280514,4.9183655
123,2023,Guajira,2023-06-26,1,2023-07-03,3.7940917,5.4613185
123,2023,Guajira,2023-06-26,2,2023-07-10,6.128917,5.4578557
123,2023,Guajira,2023-06-26,3,2023-07-17,4.280514,5.3579745
123,2023,Guajira,2023-06-26,4,2023-07-24,5.253358,5.322557
123,2023,Guajira,2023-07-03,1,2023-07-10,6.128917,5.2701607
123,2023,Guajira,2023-07-03,2,2023-07-17,4.280514,5.246184
123,2023,Guajira,2023-07-03,3,2023-07-24,5.253358,5.13793
123,2023,Guajira,2023-07-03,4,2023-07-31,4.4750824,5.1239734
123,2023,Guajira,2023-07-10,1,2023-07-17,4.280514,4.8216996
123,2023,Guajira,2023-07-10,2,2023-07-24,5.253358,4.77437
123,2023,Guajira,2023-07-10,3,2023-07-31,4.4750824,4.6748996
123,2023,Guajira,2023-07-10,4,2023-08-07,5.837064,4.671529
123,2023,Guajira,2023-07-17,1,2023-07-24,5.253358,5.729903
123,2023,Guajira,2023-07-17,2,2023-07-31,4.4750824,5.698376
123,2023,Guajira,2023-07-17,3,2023-08-07,5.837064,5.592934
123,2023,Guajira,2023-07-17,4,2023-08-14,5.253358,5.5239425
123,2023,Guajira,2023-07-24,1,2023-07-31,4.4750824,5.297031
123,2023,Guajira,2023-07-24,2,2023-08-07,5.837064,5.2369723
123,2023,Guajira,2023-07-24,3,2023-08-14,5.253358,5.120968
123,2023,Guajira,2023-07-24,4,2023-08-21,4.280514,5.103276
123,2023,Guajira,2023-07-31,1,2023-08-07,5.837064,5.455907
123,2023,Guajira,2023-07-31,2,2023-08-14,5.253358,5.392971
123,2023,Guajira,2023-07-31,3,2023-08-21,4.280514,5.2786245
123,2023,Guajira,2023-07-31,4,2023-08-28,3.210385,5.2393975
123,2023,Guajira,2023-08-07,1,2023-08-14,5.253358,5.119601
123,2023,Guajira,2023-08-07,2,2023-08-21,4.280514,5.0419865
123,2023,Guajira,2023-08-07,3,2023-08-28,3.210385,4.930212
123,2023,Guajira,2023-08-07,4,2023-09-04,4.86422,4.9096193
123,2023,Guajira,2023-08-14,1,2023-08-21,4.280514,5.500172
123,2023,Guajira,2023-08-14,2,2023-08-28,3.210385,5.427676
123,2023,Guajira,2023-08-14,3,2023-09-04,4.86422,5.3164835
123,2023,Guajira,2023-08-14,4,2023-09-11,3.3076699,5.2617154
123,2023,Guajira,2023-08-21,1,2023-08-28,3.210385,5.425607
123,2023,Guajira,2023-08-21,2,2023-09-04,4.86422,5.3446407
123,2023,Guajira,2023-08-21,3,2023-09-11,3.3076699,5.229562
123,2023,Guajira,2023-08-21,4,2023-09-18,3.0158165,5.186796
123,2023,Guajira,2023-08-28,1,2023-09-04,4.86422,5.1226335
123,2023,Guajira,2023-08-28,2,2023-09-11,3.3076699,5.0300136
123,2023,Guajira,2023-08-28,3,2023-09-18,3.0158165,4.921867
123,2023,Guajira,2023-08-28,4,2023-09-25,4.0859447,4.8897724
123,2023,Guajira,2023-09-04,1,2023-09-11,3.3076699,4.4344454
123,2023,Guajira,2023-09-04,2,2023-09-18,3.0158165,4.3270454
123,2023,Guajira,2023-09-04,3,2023-09-25,4.0859447,4.241124
123,2023,Guajira,2023-09-04,4,2023-10-02,3.0158165,4.221211
123,2023,Guajira,2023-09-11,1,2023-09-18,3.0158165,5.1756563
123,2023,Guajira,2023-09-11,2,2023-09-25,4.0859447,5.095229
123,2023,Guajira,2023-09-11,3,2023-10-02,3.0158165,5.0152187
123,2023,Guajira,2023-09-11,4,2023-10-09,3.8913758,4.94349
123,2023,Guajira,2023-09-18,1,2023-09-25,4.0859447,4.687255
123,2023,Guajira,2023-09-18,2,2023-10-02,3.0158165,4.5985317
123,2023,Guajira,2023-09-18,3,2023-10-09,3.8913758,4.518024
123,2023,Guajira,2023-09-18,4,2023-10-16,5.0587893,4.4889617
123,2023,Guajira,2023-09-25,1,2023-10-02,3.0158165,4.2673435
123,2023,Guajira,2023-09-25,2,2023-10-09,3.8913758,4.1784387
123,2023,Guajira,2023-09-25,3,2023-10-16,5.0587893,4.117092
123,2023,Guajira,2023-09-25,4,2023-10-23,3.8913758,4.0867167
123,2023,Guajira,2023-10-02,1,2023-10-09,3.8913758,4.661348
123,2023,Guajira,2023-10-02,2,2023-10-16,5.0587893,4.591543
123,2023,Guajira,2023-10-02,3,2023-10-23,3.8913758,4.5343738
123,2023,Guajira,2023-10-02,4,2023-10-30,4.86422,4.482899
123,2023,Guajira,2023-10-09,1,2023-10-16,5.0587893,4.3174124
123,2023,Guajira,2023-10-09,2,2023-10-23,3.8913758,4.246166
123,2023,Guajira,2023-10-09,3,2023-10-30,4.86422,4.193099
123,2023,Guajira,2023-10-09,4,2023-11-06,5.0587893,4.1645346
123,2023,Guajira,2023-10-16,1,2023-10-23,3.8913758,4.636869
123,2023,Guajira,2023-10-16,2,2023-10-30,4.86422,4.582785
123,2023,Guajira,2023-10-16,3,2023-11-06,5.0587893,4.5296316
123,2023,Guajira,2023-10-16,4,2023-11-13,5.350642,4.4877076
123,2023,Guajira,2023-10-23,1,2023-10-30,4.86422,5.6055784
123,2023,Guajira,2023-10-23,2,2023-11-06,5.0587893,5.5799537
123,2023,Guajira,2023-10-23,3,2023-11-13,5.350642,5.50571
123,2023,Guajira,2023-10-23,4,2023-11-20,6.128917,5.432373
123,2023,Guajira,2023-10-30,1,2023-11-06,5.0587893,5.373247
123,2023,Guajira,2023-10-30,2,2023-11-13,5.350642,5.326188
123,2023,Guajira,2023-10-30,3,2023-11-20,6.128917,5.231695
123,2023,Guajira,2023-10-30,4,2023-11-27,6.226202,5.201953
123,2023,Guajira,2023-11-06,1,2023-11-13,5.350642,5.620082
123,2023,Guajira,2023-11-06,2,2023-11-20,6.128917,5.569249
123,2023,Guajira,2023-11-06,3,2023-11-27,6.226202,5.466714
123,2023,Guajira,2023-11-06,4,2023-12-04,6.8099084,5.4166217
123,2023,Guajira,2023-11-13,1,2023-11-20,6.128917,6.078661
123,2023,Guajira,2023-11-13,2,2023-11-27,6.226202,6.02345
123,2023,Guajira,2023-11-13,3,2023-12-04,6.8099084,5.9055257
123,2023,Guajira,2023-11-13,4,2023-12-11,7.101762,5.831612
123,2023,Guajira,2023-11-20,1,2023-11-27,6.226202,6.3763857
123,2023,Guajira,2023-11-20,2,2023-12-04,6.8099084,6.3101745
123,2023,Guajira,2023-11-20,3,2023-12-11,7.101762,6.176342
123,2023,Guajira,2023-11-20,4,2023-12-18,6.615339,6.0953474
123,2023,Guajira,2023-11-27,1,2023-12-04,6.8099084,6.6863303
123,2023,Guajira,2023-11-27,2,2023-12-11,7.101762,6.609678
123,2023,Guajira,2023-11-27,3,2023-12-18,6.615339,6.460857
123,2023,Guajira,2023-11-27,4,2023-12-25,6.128917,6.364667
123,2023,Guaviare,2023-02-20,1,2023-02-27,46.253464,23.159481
123,2023,Guaviare,2023-02-20,2,2023-03-06,42.695507,22.266628
123,2023,Guaviare,2023-02-20,3,2023-03-13,35.57959,21.774073
123,2023,Guaviare,2023-02-20,4,2023-03-20,21.347757,20.078363
123,2023,Guaviare,2023-02-27,1,2023-03-06,42.695507,27.203264
123,2023,Guaviare,2023-02-27,2,2023-03-13,35.57959,26.100513
123,2023,Guaviare,2023-02-27,3,2023-03-20,21.347757,25.531525
123,2023,Guaviare,2023-02-27,4,2023-03-27,16.603811,23.341518
123,2023,Guaviare,2023-03-06,1,2023-03-13,35.57959,31.658556
123,2023,Guaviare,2023-03-06,2,2023-03-20,21.347757,30.039202
123,2023,Guaviare,2023-03-06,3,2023-03-27,16.603811,29.34945
123,2023,Guaviare,2023-03-06,4,2023-04-03,8.301904,26.686106
123,2023,Guaviare,2023-03-13,1,2023-03-20,21.347757,34.355213
123,2023,Guaviare,2023-03-13,2,2023-03-27,16.603811,32.249302
123,2023,Guaviare,2023-03-13,3,2023-04-03,8.301904,31.485342
123,2023,Guaviare,2023-03-13,4,2023-04-10,26.091702,28.588177
123,2023,Guaviare,2023-03-20,1,2023-03-27,16.603811,34.051468
123,2023,Guaviare,2023-03-20,2,2023-04-03,8.301904,31.85216
123,2023,Guaviare,2023-03-20,3,2023-04-10,26.091702,31.092525
123,2023,Guaviare,2023-03-20,4,2023-04-17,15.417823,28.270948
123,2023,Guaviare,2023-03-27,1,2023-04-03,8.301904,28.440266
123,2023,Guaviare,2023-03-27,2,2023-04-10,26.091702,26.569918
123,2023,Guaviare,2023-03-27,3,2023-04-17,15.417823,25.94338
123,2023,Guaviare,2023-03-27,4,2023-04-24,15.417823,23.756624
123,2023,Guaviare,2023-04-03,1,2023-04-10,26.091702,21.06155
123,2023,Guaviare,2023-04-03,2,2023-04-17,15.417823,19.451958
123,2023,Guaviare,2023-04-03,3,2023-04-24,15.417823,18.94195
123,2023,Guaviare,2023-04-03,4,2023-05-01,30.835644,17.492907
123,2023,Guaviare,2023-04-10,1,2023-04-17,15.417823,10.231062
123,2023,Guaviare,2023-04-10,2,2023-04-24,15.417823,9.300728
123,2023,Guaviare,2023-04-10,3,2023-05-01,30.835644,8.948419
123,2023,Guaviare,2023-04-10,4,2023-05-08,21.347757,8.554825
123,2023,Guaviare,2023-04-17,1,2023-04-24,15.417823,14.294599
123,2023,Guaviare,2023-04-17,2,2023-05-01,30.835644,13.206135
123,2023,Guaviare,2023-04-17,3,2023-05-08,21.347757,12.823489
123,2023,Guaviare,2023-04-17,4,2023-05-15,21.347757,11.897442
123,2023,Guaviare,2023-04-24,1,2023-05-01,30.835644,12.008125
123,2023,Guaviare,2023-04-24,2,2023-05-08,21.347757,11.342389
123,2023,Guaviare,2023-04-24,3,2023-05-15,21.347757,10.97423
123,2023,Guaviare,2023-04-24,4,2023-05-22,27.277685,10.423859
123,2023,Guaviare,2023-05-01,1,2023-05-08,21.347757,9.495358
123,2023,Guaviare,2023-05-01,2,2023-05-15,21.347757,9.182619
123,2023,Guaviare,2023-05-01,3,2023-05-22,27.277685,8.913214
123,2023,Guaviare,2023-05-01,4,2023-05-29,22.53374,8.574032
123,2023,Guaviare,2023-05-08,1,2023-05-15,21.347757,11.478445
123,2023,Guaviare,2023-05-08,2,2023-05-22,27.277685,11.340644
123,2023,Guaviare,2023-05-08,3,2023-05-29,22.53374,11.145601
123,2023,Guaviare,2023-05-08,4,2023-06-05,24.905716,10.560109
123,2023,Guaviare,2023-05-15,1,2023-05-22,27.277685,10.789585
123,2023,Guaviare,2023-05-15,2,2023-05-29,22.53374,10.763913
123,2023,Guaviare,2023-05-15,3,2023-06-05,24.905716,10.561548
123,2023,Guaviare,2023-05-15,4,2023-06-12,22.53374,10.133296
123,2023,Guaviare,2023-05-22,1,2023-05-29,22.53374,11.5402565
123,2023,Guaviare,2023-05-22,2,2023-06-05,24.905716,11.499044
123,2023,Guaviare,2023-05-22,3,2023-06-12,22.53374,11.290285
123,2023,Guaviare,2023-05-22,4,2023-06-19,15.417823,10.769625
123,2023,Guaviare,2023-05-29,1,2023-06-05,24.905716,15.183686
123,2023,Guaviare,2023-05-29,2,2023-06-12,22.53374,15.0321865
123,2023,Guaviare,2023-05-29,3,2023-06-19,15.417823,14.786472
123,2023,Guaviare,2023-05-29,4,2023-06-26,14.231836,13.859855
123,2023,Guaviare,2023-06-05,1,2023-06-12,22.53374,20.305904
123,2023,Guaviare,2023-06-05,2,2023-06-19,15.417823,19.823656
123,2023,Guaviare,2023-06-05,3,2023-06-26,14.231836,19.458605
123,2023,Guaviare,2023-06-05,4,2023-07-03,14.231836,17.97274
123,2023,Guaviare,2023-06-12,1,2023-06-19,15.417823,23.474245
123,2023,Guaviare,2023-06-12,2,2023-06-26,14.231836,22.74467
123,2023,Guaviare,2023-06-12,3,2023-07-03,14.231836,22.280378
123,2023,Guaviare,2023-06-12,4,2023-07-10,10.673877,20.462624
123,2023,Guaviare,2023-06-19,1,2023-06-26,14.231836,24.332571
123,2023,Guaviare,2023-06-19,2,2023-07-03,14.231836,23.120173
123,2023,Guaviare,2023-06-19,3,2023-07-10,10.673877,22.575415
123,2023,Guaviare,2023-06-19,4,2023-07-17,13.045852,20.676678
123,2023,Guaviare,2023-06-26,1,2023-07-03,14.231836,18.310505
123,2023,Guaviare,2023-06-26,2,2023-07-10,10.673877,17.095953
123,2023,Guaviare,2023-06-26,3,2023-07-17,13.045852,16.624199
123,2023,Guaviare,2023-06-26,4,2023-07-24,15.417823,15.433256
123,2023,Guaviare,2023-07-03,1,2023-07-10,10.673877,13.968455
123,2023,Guaviare,2023-07-03,2,2023-07-17,13.045852,13.022316
123,2023,Guaviare,2023-07-03,3,2023-07-24,15.417823,12.601387
123,2023,Guaviare,2023-07-03,4,2023-07-31,8.301904,11.828052
123,2023,Guaviare,2023-07-10,1,2023-07-17,13.045852,10.095207
123,2023,Guaviare,2023-07-10,2,2023-07-24,15.417823,9.473373
123,2023,Guaviare,2023-07-10,3,2023-07-31,8.301904,9.128565
123,2023,Guaviare,2023-07-10,4,2023-08-07,9.487891,8.737179
123,2023,Guaviare,2023-07-17,1,2023-07-24,15.417823,7.1142225
123,2023,Guaviare,2023-07-17,2,2023-07-31,8.301904,6.756099
123,2023,Guaviare,2023-07-17,3,2023-08-07,9.487891,6.5099187
123,2023,Guaviare,2023-07-17,4,2023-08-14,5.929932,6.3692083
123,2023,Guaviare,2023-07-24,1,2023-07-31,8.301904,6.5261993
123,2023,Guaviare,2023-07-24,2,2023-08-07,9.487891,6.3242965
123,2023,Guaviare,2023-07-24,3,2023-08-14,5.929932,6.1381063
123,2023,Guaviare,2023-07-24,4,2023-08-21,9.487891,6.0175786
123,2023,Guaviare,2023-07-31,1,2023-08-07,9.487891,6.553194
123,2023,Guaviare,2023-07-31,2,2023-08-14,5.929932,6.464577
123,2023,Guaviare,2023-07-31,3,2023-08-21,9.487891,6.3006806
123,2023,Guaviare,2023-07-31,4,2023-08-28,9.487891,6.172182
123,2023,Guaviare,2023-08-07,1,2023-08-14,5.929932,5.1989894
123,2023,Guaviare,2023-08-07,2,2023-08-21,9.487891,5.1470904
123,2023,Guaviare,2023-08-07,3,2023-08-28,9.487891,5.013963
123,2023,Guaviare,2023-08-07,4,2023-09-04,5.929932,4.9760995
123,2023,Guaviare,2023-08-14,1,2023-08-21,9.487891,5.3182955
123,2023,Guaviare,2023-08-14,2,2023-08-28,9.487891,5.3067603
123,2023,Guaviare,2023-08-14,3,2023-09-04,5.929932,5.1961937
123,2023,Guaviare,2023-08-14,4,2023-09-11,8.301904,5.122533
123,2023,Guaviare,2023-08-21,1,2023-08-28,9.487891,4.877152
123,2023,Guaviare,2023-08-21,2,2023-09-04,5.929932,4.855252
123,2023,Guaviare,2023-08-21,3,2023-09-11,8.301904,4.745115
123,2023,Guaviare,2023-08-21,4,2023-09-18,8.301904,4.702214
123,2023,Guaviare,2023-08-28,1,2023-09-04,5.929932,5.226912
123,2023,Guaviare,2023-08-28,2,2023-09-11,8.301904,5.2352953
123,2023,Guaviare,2023-08-28,3,2023-09-18,8.301904,5.1339664
123,2023,Guaviare,2023-08-28,4,2023-09-25,4.743945,5.0605736
123,2023,Guaviare,2023-09-04,1,2023-09-11,8.301904,5.7844625
123,2023,Guaviare,2023-09-04,2,2023-09-18,8.301904,5.7870307
123,2023,Guaviare,2023-09-04,3,2023-09-25,4.743945,5.6700563
123,2023,Guaviare,2023-09-04,4,2023-10-02,9.487891,5.576205
123,2023,Guaviare,2023-09-11,1,2023-09-18,8.301904,5.482197
123,2023,Guaviare,2023-09-11,2,2023-09-25,4.743945,5.422492
123,2023,Guaviare,2023-09-11,3,2023-10-02,9.487891,5.2852445
123,2023,Guaviare,2023-09-11,4,2023-10-09,9.487891,5.2271056
123,2023,Guaviare,2023-09-18,1,2023-09-25,4.743945,5.4168167
123,2023,Guaviare,2023-09-18,2,2023-10-02,9.487891,5.351656
123,2023,Guaviare,2023-09-18,3,2023-10-09,9.487891,5.222815
123,2023,Guaviare,2023-09-18,4,2023-10-16,5.929932,5.156934
123,2023,Guaviare,2023-09-25,1,2023-10-02,9.487891,5.4252944
123,2023,Guaviare,2023-09-25,2,2023-10-09,9.487891,5.35754
123,2023,Guaviare,2023-09-25,3,2023-10-16,5.929932,5.232895
123,2023,Guaviare,2023-09-25,4,2023-10-23,3.5579593,5.1680136
123,2023,Guaviare,2023-10-02,1,2023-10-09,9.487891,4.3163004
123,2023,Guaviare,2023-10-02,2,2023-10-16,5.929932,4.2304916
123,2023,Guaviare,2023-10-02,3,2023-10-23,3.5579593,4.1259418
123,2023,Guaviare,2023-10-02,4,2023-10-30,9.487891,4.1152725
123,2023,Guaviare,2023-10-09,1,2023-10-16,5.929932,4.3291507
123,2023,Guaviare,2023-10-09,2,2023-10-23,3.5579593,4.276097
123,2023,Guaviare,2023-10-09,3,2023-10-30,9.487891,4.2009
123,2023,Guaviare,2023-10-09,4,2023-11-06,4.743945,4.1572814
123,2023,Guaviare,2023-10-16,1,2023-10-23,3.5579593,4.4431705
123,2023,Guaviare,2023-10-16,2,2023-10-30,9.487891,4.421815
123,2023,Guaviare,2023-10-16,3,2023-11-06,4.743945,4.352718
123,2023,Guaviare,2023-10-16,4,2023-11-13,3.5579593,4.310653
123,2023,Guaviare,2023-10-23,1,2023-10-30,9.487891,3.6814954
123,2023,Guaviare,2023-10-23,2,2023-11-06,4.743945,3.6496348
123,2023,Guaviare,2023-10-23,3,2023-11-13,3.5579593,3.5916247
123,2023,Guaviare,2023-10-23,4,2023-11-20,5.929932,3.5788555
123,2023,Guaviare,2023-10-30,1,2023-11-06,4.743945,3.0831504
123,2023,Guaviare,2023-10-30,2,2023-11-13,3.5579593,3.0490222
123,2023,Guaviare,2023-10-30,3,2023-11-20,5.929932,3.0013216
123,2023,Guaviare,2023-10-30,4,2023-11-27,21.347757,2.9663134
123,2023,Guaviare,2023-11-06,1,2023-11-13,3.5579593,3.703373
123,2023,Guaviare,2023-11-06,2,2023-11-20,5.929932,3.7152548
123,2023,Guaviare,2023-11-06,3,2023-11-27,21.347757,3.6849122
123,2023,Guaviare,2023-11-06,4,2023-12-04,14.231836,3.6489897
123,2023,Guaviare,2023-11-13,1,2023-11-20,5.929932,3.624172
123,2023,Guaviare,2023-11-13,2,2023-11-27,21.347757,3.6322443
123,2023,Guaviare,2023-11-13,3,2023-12-04,14.231836,3.5952652
123,2023,Guaviare,2023-11-13,4,2023-12-11,7.115917,3.576462
123,2023,Guaviare,2023-11-20,1,2023-11-27,21.347757,3.4789336
123,2023,Guaviare,2023-11-20,2,2023-12-04,14.231836,3.4863288
123,2023,Guaviare,2023-11-20,3,2023-12-11,7.115917,3.4550273
123,2023,Guaviare,2023-11-20,4,2023-12-18,4.743945,3.4354196
123,2023,Guaviare,2023-11-27,1,2023-12-04,14.231836,3.9496422
123,2023,Guaviare,2023-11-27,2,2023-12-11,7.115917,3.9696987
123,2023,Guaviare,2023-11-27,3,2023-12-18,4.743945,3.933899
123,2023,Guaviare,2023-11-27,4,2023-12-25,8.301904,3.8996844
123,2023,Huila,2023-02-20,1,2023-02-27,3.8986952,3.1827886
123,2023,Huila,2023-02-20,2,2023-03-06,5.4242716,3.132866
123,2023,Huila,2023-02-20,3,2023-03-13,4.237712,3.1083539
123,2023,Huila,2023-02-20,4,2023-03-20,2.7968898,3.125765
123,2023,Huila,2023-02-27,1,2023-03-06,5.4242716,3.2899175
123,2023,Huila,2023-02-27,2,2023-03-13,4.237712,3.2386749
123,2023,Huila,2023-02-27,3,2023-03-20,2.7968898,3.2145932
123,2023,Huila,2023-02-27,4,2023-03-27,3.7291863,3.220614
123,2023,Huila,2023-03-06,1,2023-03-13,4.237712,3.7324836
123,2023,Huila,2023-03-06,2,2023-03-20,2.7968898,3.688417
123,2023,Huila,2023-03-06,3,2023-03-27,3.7291863,3.658357
123,2023,Huila,2023-03-06,4,2023-04-03,2.7121356,3.6567562
123,2023,Huila,2023-03-13,1,2023-03-20,2.7968898,4.551934
123,2023,Huila,2023-03-13,2,2023-03-27,3.7291863,4.5193667
123,2023,Huila,2023-03-13,3,2023-04-03,2.7121356,4.4708242
123,2023,Huila,2023-03-13,4,2023-04-10,3.8139408,4.455359
123,2023,Huila,2023-03-20,1,2023-03-27,3.7291863,4.65644
123,2023,Huila,2023-03-20,2,2023-04-03,2.7121356,4.6078887
123,2023,Huila,2023-03-20,3,2023-04-10,3.8139408,4.539469
123,2023,Huila,2023-03-20,4,2023-04-17,3.644432,4.5374217
123,2023,Huila,2023-03-27,1,2023-04-03,2.7121356,4.0253596
123,2023,Huila,2023-03-27,2,2023-04-10,3.8139408,3.950044
123,2023,Huila,2023-03-27,3,2023-04-17,3.644432,3.8859475
123,2023,Huila,2023-03-27,4,2023-04-24,4.661483,3.8980167
123,2023,Huila,2023-04-03,1,2023-04-10,3.8139408,3.993355
123,2023,Huila,2023-04-03,2,2023-04-17,3.644432,3.9117029
123,2023,Huila,2023-04-03,3,2023-04-24,4.661483,3.857801
123,2023,Huila,2023-04-03,4,2023-05-01,4.322466,3.8532965
123,2023,Huila,2023-04-10,1,2023-04-17,3.644432,3.70688
123,2023,Huila,2023-04-10,2,2023-04-24,4.661483,3.6232994
123,2023,Huila,2023-04-10,3,2023-05-01,4.322466,3.5755053
123,2023,Huila,2023-04-10,4,2023-05-08,5.509026,3.5741038
123,2023,Huila,2023-04-17,1,2023-04-24,4.661483,4.009819
123,2023,Huila,2023-04-17,2,2023-05-01,4.322466,3.9403713
123,2023,Huila,2023-04-17,3,2023-05-08,5.509026,3.8947105
123,2023,Huila,2023-04-17,4,2023-05-15,3.3901696,3.881393
123,2023,Huila,2023-04-24,1,2023-05-01,4.322466,4.096738
123,2023,Huila,2023-04-24,2,2023-05-08,5.509026,4.0338335
123,2023,Huila,2023-04-24,3,2023-05-15,3.3901696,3.9848378
123,2023,Huila,2023-04-24,4,2023-05-22,3.7291863,3.9777238
123,2023,Huila,2023-05-01,1,2023-05-08,5.509026,4.4584255
123,2023,Huila,2023-05-01,2,2023-05-15,3.3901696,4.3982167
123,2023,Huila,2023-05-01,3,2023-05-22,3.7291863,4.341851
123,2023,Huila,2023-05-01,4,2023-05-29,7.2888646,4.3268123
123,2023,Huila,2023-05-08,1,2023-05-15,3.3901696,4.5905294
123,2023,Huila,2023-05-08,2,2023-05-22,3.7291863,4.525626
123,2023,Huila,2023-05-08,3,2023-05-29,7.2888646,4.4576445
123,2023,Huila,2023-05-08,4,2023-06-05,4.1529574,4.446297
123,2023,Huila,2023-05-15,1,2023-05-22,3.7291863,4.989316
123,2023,Huila,2023-05-15,2,2023-05-29,7.2888646,4.9214544
123,2023,Huila,2023-05-15,3,2023-06-05,4.1529574,4.842593
123,2023,Huila,2023-05-15,4,2023-06-12,4.322466,4.817956
123,2023,Huila,2023-05-22,1,2023-05-29,7.2888646,4.061633
123,2023,Huila,2023-05-22,2,2023-06-05,4.1529574,3.9618876
123,2023,Huila,2023-05-22,3,2023-06-12,4.322466,3.8900099
123,2023,Huila,2023-05-22,4,2023-06-19,5.254763,3.899549
123,2023,Huila,2023-05-29,1,2023-06-05,4.1529574,3.596614
123,2023,Huila,2023-05-29,2,2023-06-12,4.322466,3.4926934
123,2023,Huila,2023-05-29,3,2023-06-19,5.254763,3.4432817
123,2023,Huila,2023-05-29,4,2023-06-26,6.1023054,3.4319673
123,2023,Huila,2023-06-05,1,2023-06-12,4.322466,5.0109773
123,2023,Huila,2023-06-05,2,2023-06-19,5.254763,4.93267
123,2023,Huila,2023-06-05,3,2023-06-26,6.1023054,4.8766985
123,2023,Huila,2023-06-05,4,2023-07-03,5.0005,4.798833
123,2023,Huila,2023-06-12,1,2023-06-19,5.254763,4.6405997
123,2023,Huila,2023-06-12,2,2023-06-26,6.1023054,4.5477986
123,2023,Huila,2023-06-12,3,2023-07-03,5.0005,4.4707623
123,2023,Huila,2023-06-12,4,2023-07-10,7.9668984,4.4522486
123,2023,Huila,2023-06-19,1,2023-06-26,6.1023054,4.2885394
123,2023,Huila,2023-06-19,2,2023-07-03,5.0005,4.1819277
123,2023,Huila,2023-06-19,3,2023-07-10,7.9668984,4.1091905
123,2023,Huila,2023-06-19,4,2023-07-17,5.254763,4.0953345
123,2023,Huila,2023-06-26,1,2023-07-03,5.0005,4.5726786
123,2023,Huila,2023-06-26,2,2023-07-10,7.9668984,4.4722815
123,2023,Huila,2023-06-26,3,2023-07-17,5.254763,4.4000907
123,2023,Huila,2023-06-26,4,2023-07-24,6.6108303,4.36626
123,2023,Huila,2023-07-03,1,2023-07-10,7.9668984,4.942731
123,2023,Huila,2023-07-03,2,2023-07-17,5.254763,4.8492637
123,2023,Huila,2023-07-03,3,2023-07-24,6.6108303,4.766867
123,2023,Huila,2023-07-03,4,2023-07-31,8.051653,4.724426
123,2023,Huila,2023-07-10,1,2023-07-17,5.254763,4.534114
123,2023,Huila,2023-07-10,2,2023-07-24,6.6108303,4.4298506
123,2023,Huila,2023-07-10,3,2023-07-31,8.051653,4.3485193
123,2023,Huila,2023-07-10,4,2023-08-07,7.7126365,4.330868
123,2023,Huila,2023-07-17,1,2023-07-24,6.6108303,5.5321836
123,2023,Huila,2023-07-17,2,2023-07-31,8.051653,5.438474
123,2023,Huila,2023-07-17,3,2023-08-07,7.7126365,5.351069
123,2023,Huila,2023-07-17,4,2023-08-14,7.2888646,5.267882
123,2023,Huila,2023-07-24,1,2023-07-31,8.051653,5.110757
123,2023,Huila,2023-07-24,2,2023-08-07,7.7126365,5.0032377
123,2023,Huila,2023-07-24,3,2023-08-14,7.2888646,4.9038463
123,2023,Huila,2023-07-24,4,2023-08-21,7.797391,4.8680363
123,2023,Huila,2023-07-31,1,2023-08-07,7.7126365,5.4289846
123,2023,Huila,2023-07-31,2,2023-08-14,7.2888646,5.3246655
123,2023,Huila,2023-07-31,3,2023-08-21,7.797391,5.2263103
123,2023,Huila,2023-07-31,4,2023-08-28,6.0175514,5.1631227
123,2023,Huila,2023-08-07,1,2023-08-14,7.2888646,6.2918544
123,2023,Huila,2023-08-07,2,2023-08-21,7.797391,6.1922297
123,2023,Huila,2023-08-07,3,2023-08-28,6.0175514,6.0780272
123,2023,Huila,2023-08-07,4,2023-09-04,6.187059,5.963494
123,2023,Huila,2023-08-14,1,2023-08-21,7.797391,6.4968863
123,2023,Huila,2023-08-14,2,2023-08-28,6.0175514,6.394274
123,2023,Huila,2023-08-14,3,2023-09-04,6.187059,6.2590356
123,2023,Huila,2023-08-14,4,2023-09-11,6.1023054,6.1433587
123,2023,Huila,2023-08-21,1,2023-08-28,6.0175514,6.3182144
123,2023,Huila,2023-08-21,2,2023-09-04,6.187059,6.2051535
123,2023,Huila,2023-08-21,3,2023-09-11,6.1023054,6.0608716
123,2023,Huila,2023-08-21,4,2023-09-18,5.8480425,5.9551253
123,2023,Huila,2023-08-28,1,2023-09-04,6.187059,6.6023407
123,2023,Huila,2023-08-28,2,2023-09-11,6.1023054,6.4847755
123,2023,Huila,2023-08-28,3,2023-09-18,5.8480425,6.3370194
123,2023,Huila,2023-08-28,4,2023-09-25,7.20411,6.202029
123,2023,Huila,2023-09-04,1,2023-09-11,6.1023054,5.9415116
123,2023,Huila,2023-09-04,2,2023-09-18,5.8480425,5.8154273
123,2023,Huila,2023-09-04,3,2023-09-25,7.20411,5.6669364
123,2023,Huila,2023-09-04,4,2023-10-02,7.6278815,5.583201
123,2023,Huila,2023-09-11,1,2023-09-18,5.8480425,5.905608
123,2023,Huila,2023-09-11,2,2023-09-25,7.20411,5.7793345
123,2023,Huila,2023-09-11,3,2023-10-02,7.6278815,5.6401916
123,2023,Huila,2023-09-11,4,2023-10-09,7.0346017,5.5451546
123,2023,Huila,2023-09-18,1,2023-09-25,7.20411,5.705194
123,2023,Huila,2023-09-18,2,2023-10-02,7.6278815,5.575332
123,2023,Huila,2023-09-18,3,2023-10-09,7.0346017,5.439187
123,2023,Huila,2023-09-18,4,2023-10-16,7.5431266,5.35653
123,2023,Huila,2023-09-25,1,2023-10-02,7.6278815,5.4820437
123,2023,Huila,2023-09-25,2,2023-10-09,7.0346017,5.353908
123,2023,Huila,2023-09-25,3,2023-10-16,7.5431266,5.2263017
123,2023,Huila,2023-09-25,4,2023-10-23,7.20411,5.1519427
123,2023,Huila,2023-10-02,1,2023-10-09,7.0346017,5.8778067
123,2023,Huila,2023-10-02,2,2023-10-16,7.5431266,5.758237
123,2023,Huila,2023-10-02,3,2023-10-23,7.20411,5.6337123
123,2023,Huila,2023-10-02,4,2023-10-30,7.7126365,5.5263786
123,2023,Huila,2023-10-09,1,2023-10-16,7.5431266,6.394315
123,2023,Huila,2023-10-09,2,2023-10-23,7.20411,6.283779
123,2023,Huila,2023-10-09,3,2023-10-30,7.7126365,6.1517916
123,2023,Huila,2023-10-09,4,2023-11-06,9.238213,6.014547
123,2023,Huila,2023-10-16,1,2023-10-23,7.20411,6.3603444
123,2023,Huila,2023-10-16,2,2023-10-30,7.7126365,6.2539225
123,2023,Huila,2023-10-16,3,2023-11-06,9.238213,6.1125193
123,2023,Huila,2023-10-16,4,2023-11-13,10.170508,5.9901
123,2023,Huila,2023-10-23,1,2023-10-30,7.7126365,6.5862374
123,2023,Huila,2023-10-23,2,2023-11-06,9.238213,6.481953
123,2023,Huila,2023-10-23,3,2023-11-13,10.170508,6.337983
123,2023,Huila,2023-10-23,4,2023-11-20,10.679035,6.194769
123,2023,Huila,2023-10-30,1,2023-11-06,9.238213,6.6098647
123,2023,Huila,2023-10-30,2,2023-11-13,10.170508,6.5017476
123,2023,Huila,2023-10-30,3,2023-11-20,10.679035,6.35271
123,2023,Huila,2023-10-30,4,2023-11-27,11.696084,6.2091255
123,2023,Huila,2023-11-06,1,2023-11-13,10.170508,6.7883906
123,2023,Huila,2023-11-06,2,2023-11-20,10.679035,6.675147
123,2023,Huila,2023-11-06,3,2023-11-27,11.696084,6.5227494
123,2023,Huila,2023-11-06,4,2023-12-04,17.459372,6.363439
123,2023,Huila,2023-11-13,1,2023-11-20,10.679035,7.8109
123,2023,Huila,2023-11-13,2,2023-11-27,11.696084,7.6996713
123,2023,Huila,2023-11-13,3,2023-12-04,17.459372,7.540941
123,2023,Huila,2023-11-13,4,2023-12-11,21.697084,7.296158
123,2023,Huila,2023-11-20,1,2023-11-27,11.696084,8.75462
123,2023,Huila,2023-11-20,2,2023-12-04,17.459372,8.6352
123,2023,Huila,2023-11-20,3,2023-12-11,21.697084,8.45727
123,2023,Huila,2023-11-20,4,2023-12-18,19.493475,8.1543255
123,2023,Huila,2023-11-27,1,2023-12-04,17.459372,9.057946
123,2023,Huila,2023-11-27,2,2023-12-11,21.697084,8.918225
123,2023,Huila,2023-11-27,3,2023-12-18,19.493475,8.725337
123,2023,Huila,2023-11-27,4,2023-12-25,17.20511,8.410897
123,2023,Magdalena,2023-02-20,1,2023-02-27,1.527197,1.2015676
123,2023,Magdalena,2023-02-20,2,2023-03-06,0.6639987,1.1623394
123,2023,Magdalena,2023-02-20,3,2023-03-13,1.3279974,1.1494861
123,2023,Magdalena,2023-02-20,4,2023-03-20,0.4647991,1.0773177
123,2023,Magdalena,2023-02-27,1,2023-03-06,0.6639987,1.0066005
123,2023,Magdalena,2023-02-27,2,2023-03-13,1.3279974,0.96975
123,2023,Magdalena,2023-02-27,3,2023-03-20,0.4647991,0.9582187
123,2023,Magdalena,2023-02-27,4,2023-03-27,0.9295982,0.8817195
123,2023,Magdalena,2023-03-06,1,2023-03-13,1.3279974,1.014517
123,2023,Magdalena,2023-03-06,2,2023-03-20,0.4647991,0.98641574
123,2023,Magdalena,2023-03-06,3,2023-03-27,0.9295982,0.972357
123,2023,Magdalena,2023-03-06,4,2023-04-03,0.6639987,0.9288847
123,2023,Magdalena,2023-03-13,1,2023-03-20,0.4647991,0.9186823
123,2023,Magdalena,2023-03-13,2,2023-03-27,0.9295982,0.897008
123,2023,Magdalena,2023-03-13,3,2023-04-03,0.6639987,0.884645
123,2023,Magdalena,2023-03-13,4,2023-04-10,1.1287978,0.8457528
123,2023,Magdalena,2023-03-20,1,2023-03-27,0.9295982,0.9954157
123,2023,Magdalena,2023-03-20,2,2023-04-03,0.6639987,0.9887605
123,2023,Magdalena,2023-03-20,3,2023-04-10,1.1287978,0.9799491
123,2023,Magdalena,2023-03-20,4,2023-04-17,0.79679847,0.9762376
123,2023,Magdalena,2023-03-27,1,2023-04-03,0.6639987,0.96162844
123,2023,Magdalena,2023-03-27,2,2023-04-10,1.1287978,0.9616062
123,2023,Magdalena,2023-03-27,3,2023-04-17,0.79679847,0.9550493
123,2023,Magdalena,2023-03-27,4,2023-04-24,0.73039854,0.9590054
123,2023,Magdalena,2023-04-03,1,2023-04-10,1.1287978,0.9617844
123,2023,Magdalena,2023-04-03,2,2023-04-17,0.79679847,0.96595275
123,2023,Magdalena,2023-04-03,3,2023-04-24,0.73039854,0.9601408
123,2023,Magdalena,2023-04-03,4,2023-05-01,0.86319834,0.9711322
123,2023,Magdalena,2023-04-10,1,2023-04-17,0.79679847,0.9178898
123,2023,Magdalena,2023-04-10,2,2023-04-24,0.73039854,0.9250353
123,2023,Magdalena,2023-04-10,3,2023-05-01,0.86319834,0.92061
123,2023,Magdalena,2023-04-10,4,2023-05-08,0.4647991,0.9290799
123,2023,Magdalena,2023-04-17,1,2023-04-24,0.73039854,0.9791687
123,2023,Magdalena,2023-04-17,2,2023-05-01,0.86319834,0.99622
123,2023,Magdalena,2023-04-17,3,2023-05-08,0.4647991,0.99396354
123,2023,Magdalena,2023-04-17,4,2023-05-15,0.9295982,1.0263239
123,2023,Magdalena,2023-04-24,1,2023-05-01,0.86319834,1.0011635
123,2023,Magdalena,2023-04-24,2,2023-05-08,0.4647991,1.0225604
123,2023,Magdalena,2023-04-24,3,2023-05-15,0.9295982,1.0230805
123,2023,Magdalena,2023-04-24,4,2023-05-22,0.9295982,1.0671769
123,2023,Magdalena,2023-05-01,1,2023-05-08,0.4647991,1.0250614
123,2023,Magdalena,2023-05-01,2,2023-05-15,0.9295982,1.0514691
123,2023,Magdalena,2023-05-01,3,2023-05-22,0.9295982,1.0587757
123,2023,Magdalena,2023-05-01,4,2023-05-29,1.9919963,1.1166337
123,2023,Magdalena,2023-05-08,1,2023-05-15,0.9295982,1.1611692
123,2023,Magdalena,2023-05-08,2,2023-05-22,0.9295982,1.1945828
123,2023,Magdalena,2023-05-08,3,2023-05-29,1.9919963,1.2119603
123,2023,Magdalena,2023-05-08,4,2023-06-05,1.9255965,1.2908194
123,2023,Magdalena,2023-05-15,1,2023-05-22,0.9295982,1.1284901
123,2023,Magdalena,2023-05-15,2,2023-05-29,1.9919963,1.1619014
123,2023,Magdalena,2023-05-15,3,2023-06-05,1.9255965,1.1847245
123,2023,Magdalena,2023-05-15,4,2023-06-12,2.2575955,1.2463471
123,2023,Magdalena,2023-05-22,1,2023-05-29,1.9919963,1.2458476
123,2023,Magdalena,2023-05-22,2,2023-06-05,1.9255965,1.2813361
123,2023,Magdalena,2023-05-22,3,2023-06-12,2.2575955,1.3062791
123,2023,Magdalena,2023-05-22,4,2023-06-19,2.2575955,1.3722024
123,2023,Magdalena,2023-05-29,1,2023-06-05,1.9255965,1.2787033
123,2023,Magdalena,2023-05-29,2,2023-06-12,2.2575955,1.3138635
123,2023,Magdalena,2023-05-29,3,2023-06-19,2.2575955,1.3383894
123,2023,Magdalena,2023-05-29,4,2023-06-26,2.7887948,1.4011143
123,2023,Magdalena,2023-06-05,1,2023-06-12,2.2575955,1.8179879
123,2023,Magdalena,2023-06-05,2,2023-06-19,2.2575955,1.8848445
123,2023,Magdalena,2023-06-05,3,2023-06-26,2.7887948,1.9199241
123,2023,Magdalena,2023-06-05,4,2023-07-03,3.1871939,1.9962938
123,2023,Magdalena,2023-06-12,1,2023-06-19,2.2575955,2.481483
123,2023,Magdalena,2023-06-12,2,2023-06-26,2.7887948,2.5731924
123,2023,Magdalena,2023-06-12,3,2023-07-03,3.1871939,2.6068468
123,2023,Magdalena,2023-06-12,4,2023-07-10,3.8511927,2.6846595
123,2023,Magdalena,2023-06-19,1,2023-06-26,2.7887948,3.2045603
123,2023,Magdalena,2023-06-19,2,2023-07-03,3.1871939,3.3048666
123,2023,Magdalena,2023-06-19,3,2023-07-10,3.8511927,3.3252163
123,2023,Magdalena,2023-06-19,4,2023-07-17,4.8471904,3.3983707
123,2023,Magdalena,2023-06-26,1,2023-07-03,3.1871939,3.5844018
123,2023,Magdalena,2023-06-26,2,2023-07-10,3.8511927,3.6584835
123,2023,Magdalena,2023-06-26,3,2023-07-17,4.8471904,3.6569488
123,2023,Magdalena,2023-06-26,4,2023-07-24,5.31199,3.718763
123,2023,Magdalena,2023-07-03,1,2023-07-10,3.8511927,3.8262482
123,2023,Magdalena,2023-07-03,2,2023-07-17,4.8471904,3.8707533
123,2023,Magdalena,2023-07-03,3,2023-07-24,5.31199,3.851136
123,2023,Magdalena,2023-07-03,4,2023-07-31,7.038386,3.894605
123,2023,Magdalena,2023-07-10,1,2023-07-17,4.8471904,4.1110764
123,2023,Magdalena,2023-07-10,2,2023-07-24,5.31199,4.1278315
123,2023,Magdalena,2023-07-10,3,2023-07-31,7.038386,4.090379
123,2023,Magdalena,2023-07-10,4,2023-08-07,4.8471904,4.1108675
123,2023,Magdalena,2023-07-17,1,2023-07-24,5.31199,4.680675
123,2023,Magdalena,2023-07-17,2,2023-07-31,7.038386,4.682713
123,2023,Magdalena,2023-07-17,3,2023-08-07,4.8471904,4.6220407
123,2023,Magdalena,2023-07-17,4,2023-08-14,7.3703866,4.6195025
123,2023,Magdalena,2023-07-24,1,2023-07-31,7.038386,5.61391
123,2023,Magdalena,2023-07-24,2,2023-08-07,4.8471904,5.6103044
123,2023,Magdalena,2023-07-24,3,2023-08-14,7.3703866,5.5161333
123,2023,Magdalena,2023-07-24,4,2023-08-21,6.241588,5.4824
123,2023,Magdalena,2023-07-31,1,2023-08-07,4.8471904,6.258136
123,2023,Magdalena,2023-07-31,2,2023-08-14,7.3703866,6.236495
123,2023,Magdalena,2023-07-31,3,2023-08-21,6.241588,6.1080117
123,2023,Magdalena,2023-07-31,4,2023-08-28,5.4447894,6.056777
123,2023,Magdalena,2023-08-07,1,2023-08-14,7.3703866,7.0987086
123,2023,Magdalena,2023-08-07,2,2023-08-21,6.241588,7.059412
123,2023,Magdalena,2023-08-07,3,2023-08-28,5.4447894,6.898667
123,2023,Magdalena,2023-08-07,4,2023-09-04,6.042388,6.791052
123,2023,Magdalena,2023-08-14,1,2023-08-21,6.241588,6.051453
123,2023,Magdalena,2023-08-14,2,2023-08-28,5.4447894,5.952734
123,2023,Magdalena,2023-08-14,3,2023-09-04,6.042388,5.7852664
123,2023,Magdalena,2023-08-14,4,2023-09-11,5.710389,5.7560453
123,2023,Magdalena,2023-08-21,1,2023-08-28,5.4447894,6.7535663
123,2023,Magdalena,2023-08-21,2,2023-09-04,6.042388,6.6462984
123,2023,Magdalena,2023-08-21,3,2023-09-11,5.710389,6.4836583
123,2023,Magdalena,2023-08-21,4,2023-09-18,8.698384,6.367457
123,2023,Magdalena,2023-08-28,1,2023-09-04,6.042388,6.864366
123,2023,Magdalena,2023-08-28,2,2023-09-11,5.710389,6.7460904
123,2023,Magdalena,2023-08-28,3,2023-09-18,8.698384,6.5748167
123,2023,Magdalena,2023-08-28,4,2023-09-25,6.241588,6.4574175
123,2023,Magdalena,2023-09-04,1,2023-09-11,5.710389,6.8056083
123,2023,Magdalena,2023-09-04,2,2023-09-18,8.698384,6.676904
123,2023,Magdalena,2023-09-04,3,2023-09-25,6.241588,6.5068126
123,2023,Magdalena,2023-09-04,4,2023-10-02,5.3783894,6.388909
123,2023,Magdalena,2023-09-11,1,2023-09-18,8.698384,7.0056686
123,2023,Magdalena,2023-09-11,2,2023-09-25,6.241588,6.8704696
123,2023,Magdalena,2023-09-11,3,2023-10-02,5.3783894,6.700454
123,2023,Magdalena,2023-09-11,4,2023-10-09,4.9135904,6.5609217
123,2023,Magdalena,2023-09-18,1,2023-09-25,6.241588,6.5932655
123,2023,Magdalena,2023-09-18,2,2023-10-02,5.3783894,6.4478455
123,2023,Magdalena,2023-09-18,3,2023-10-09,4.9135904,6.2786865
123,2023,Magdalena,2023-09-18,4,2023-10-16,5.0463905,6.1681957
123,2023,Magdalena,2023-09-25,1,2023-10-02,5.3783894,7.831568
123,2023,Magdalena,2023-09-25,2,2023-10-09,4.9135904,7.684452
123,2023,Magdalena,2023-09-25,3,2023-10-16,5.0463905,7.516037
123,2023,Magdalena,2023-09-25,4,2023-10-23,6.1087885,7.287995
123,2023,Magdalena,2023-10-02,1,2023-10-09,4.9135904,7.5864844
123,2023,Magdalena,2023-10-02,2,2023-10-16,5.0463905,7.437929
123,2023,Magdalena,2023-10-02,3,2023-10-23,6.1087885,7.2567105
123,2023,Magdalena,2023-10-02,4,2023-10-30,4.515191,7.076613
123,2023,Magdalena,2023-10-09,1,2023-10-16,5.0463905,6.991879
123,2023,Magdalena,2023-10-09,2,2023-10-23,6.1087885,6.8324733
123,2023,Magdalena,2023-10-09,3,2023-10-30,4.515191,6.661055
123,2023,Magdalena,2023-10-09,4,2023-11-06,7.3703866,6.516867
123,2023,Magdalena,2023-10-16,1,2023-10-23,6.1087885,6.585597
123,2023,Magdalena,2023-10-16,2,2023-10-30,4.515191,6.421537
123,2023,Magdalena,2023-10-16,3,2023-11-06,7.3703866,6.26238
123,2023,Magdalena,2023-10-16,4,2023-11-13,6.9719863,6.137466
123,2023,Magdalena,2023-10-23,1,2023-10-30,4.515191,6.4325867
123,2023,Magdalena,2023-10-23,2,2023-11-06,7.3703866,6.2681165
123,2023,Magdalena,2023-10-23,3,2023-11-13,6.9719863,6.118776
123,2023,Magdalena,2023-10-23,4,2023-11-20,7.503186,5.9979854
123,2023,Magdalena,2023-10-30,1,2023-11-06,7.3703866,6.7507257
123,2023,Magdalena,2023-10-30,2,2023-11-13,6.9719863,6.583928
123,2023,Magdalena,2023-10-30,3,2023-11-20,7.503186,6.4384365
123,2023,Magdalena,2023-10-30,4,2023-11-27,7.3039865,6.2903123
123,2023,Magdalena,2023-11-06,1,2023-11-13,6.9719863,5.9006376
123,2023,Magdalena,2023-11-06,2,2023-11-20,7.503186,5.7288117
123,2023,Magdalena,2023-11-06,3,2023-11-27,7.3039865,5.588458
123,2023,Magdalena,2023-11-06,4,2023-12-04,8.565583,5.5071654
123,2023,Magdalena,2023-11-13,1,2023-11-20,7.503186,7.0054264
123,2023,Magdalena,2023-11-13,2,2023-11-27,7.3039865,6.8365602
123,2023,Magdalena,2023-11-13,3,2023-12-04,8.565583,6.7013025
123,2023,Magdalena,2023-11-13,4,2023-12-11,9.561582,6.5194645
123,2023,Magdalena,2023-11-20,1,2023-11-27,7.3039865,7.448683
123,2023,Magdalena,2023-11-20,2,2023-12-04,8.565583,7.2888627
123,2023,Magdalena,2023-11-20,3,2023-12-11,9.561582,7.1355505
123,2023,Magdalena,2023-11-20,4,2023-12-18,8.167185,6.9473653
123,2023,Magdalena,2023-11-27,1,2023-12-04,8.565583,7.7937207
123,2023,Magdalena,2023-11-27,2,2023-12-11,9.561582,7.6324205
123,2023,Magdalena,2023-11-27,3,2023-12-18,8.167185,7.4645605
123,2023,Magdalena,2023-11-27,4,2023-12-25,7.503186,7.256949
123,2023,Meta,2023-02-20,1,2023-02-27,18.917929,14.361369
123,2023,Meta,2023-02-20,2,2023-03-06,19.713543,14.001904
123,2023,Meta,2023-02-20,3,2023-03-13,23.691612,13.752618
123,2023,Meta,2023-02-20,4,2023-03-20,22.630795,13.002622
123,2023,Meta,2023-02-27,1,2023-03-06,19.713543,15.808627
123,2023,Meta,2023-02-27,2,2023-03-13,23.691612,15.301656
123,2023,Meta,2023-02-27,3,2023-03-20,22.630795,15.0356655
123,2023,Meta,2023-02-27,4,2023-03-27,28.28849,14.117038
123,2023,Meta,2023-03-06,1,2023-03-13,23.691612,16.702301
123,2023,Meta,2023-03-06,2,2023-03-20,22.630795,16.019705
123,2023,Meta,2023-03-06,3,2023-03-27,28.28849,15.726793
123,2023,Meta,2023-03-06,4,2023-04-03,19.801947,14.696762
123,2023,Meta,2023-03-13,1,2023-03-20,22.630795,17.108032
123,2023,Meta,2023-03-13,2,2023-03-27,28.28849,16.285765
123,2023,Meta,2023-03-13,3,2023-04-03,19.801947,15.967533
123,2023,Meta,2023-03-13,4,2023-04-10,31.736155,14.885335
123,2023,Meta,2023-03-20,1,2023-03-27,28.28849,19.199366
123,2023,Meta,2023-03-20,2,2023-04-03,19.801947,18.22908
123,2023,Meta,2023-03-20,3,2023-04-10,31.736155,17.882143
123,2023,Meta,2023-03-20,4,2023-04-17,31.559353,16.528275
123,2023,Meta,2023-03-27,1,2023-04-03,19.801947,19.841671
123,2023,Meta,2023-03-27,2,2023-04-10,31.736155,18.787897
123,2023,Meta,2023-03-27,3,2023-04-17,31.559353,18.423721
123,2023,Meta,2023-03-27,4,2023-04-24,34.565,17.000816
123,2023,Meta,2023-04-03,1,2023-04-10,31.736155,22.300407
123,2023,Meta,2023-04-03,2,2023-04-17,31.559353,21.091368
123,2023,Meta,2023-04-03,3,2023-04-24,34.565,20.700579
123,2023,Meta,2023-04-03,4,2023-05-01,37.39385,18.945667
123,2023,Meta,2023-04-10,1,2023-04-17,31.559353,18.817854
123,2023,Meta,2023-04-10,2,2023-04-24,34.565,17.65003
123,2023,Meta,2023-04-10,3,2023-05-01,37.39385,17.274342
123,2023,Meta,2023-04-10,4,2023-05-08,42.521137,15.992139
123,2023,Meta,2023-04-17,1,2023-04-24,34.565,21.16754
123,2023,Meta,2023-04-17,2,2023-05-01,37.39385,19.85267
123,2023,Meta,2023-04-17,3,2023-05-08,42.521137,19.444761
123,2023,Meta,2023-04-17,4,2023-05-15,52.333717,17.806335
123,2023,Meta,2023-04-24,1,2023-05-01,37.39385,23.299759
123,2023,Meta,2023-04-24,2,2023-05-08,42.521137,21.863775
123,2023,Meta,2023-04-24,3,2023-05-15,52.333717,21.41909
123,2023,Meta,2023-04-24,4,2023-05-22,42.60954,19.572287
123,2023,Meta,2023-05-01,1,2023-05-08,42.521137,24.99297
123,2023,Meta,2023-05-01,2,2023-05-15,52.333717,23.42659
123,2023,Meta,2023-05-01,3,2023-05-22,42.60954,22.959293
123,2023,Meta,2023-05-01,4,2023-05-29,45.968796,20.938509
123,2023,Meta,2023-05-08,1,2023-05-15,52.333717,26.189676
123,2023,Meta,2023-05-08,2,2023-05-22,42.60954,24.50324
123,2023,Meta,2023-05-08,3,2023-05-29,45.968796,24.007788
123,2023,Meta,2023-05-08,4,2023-06-05,42.60954,21.860592
123,2023,Meta,2023-05-15,1,2023-05-22,42.60954,28.306017
123,2023,Meta,2023-05-15,2,2023-05-29,45.968796,26.469551
123,2023,Meta,2023-05-15,3,2023-06-05,42.60954,25.92963
123,2023,Meta,2023-05-15,4,2023-06-12,37.924263,23.517603
123,2023,Meta,2023-05-22,1,2023-05-29,45.968796,31.690699
123,2023,Meta,2023-05-22,2,2023-06-05,42.60954,29.629816
123,2023,Meta,2023-05-22,3,2023-06-12,37.924263,29.02234
123,2023,Meta,2023-05-22,4,2023-06-19,30.76374,26.224926
123,2023,Meta,2023-05-29,1,2023-06-05,42.60954,32.78637
123,2023,Meta,2023-05-29,2,2023-06-12,37.924263,30.62587
123,2023,Meta,2023-05-29,3,2023-06-19,30.76374,29.986254
123,2023,Meta,2023-05-29,4,2023-06-26,23.072803,27.135988
123,2023,Meta,2023-06-05,1,2023-06-12,37.924263,33.56862
123,2023,Meta,2023-06-05,2,2023-06-19,30.76374,31.302376
123,2023,Meta,2023-06-05,3,2023-06-26,23.072803,30.644402
123,2023,Meta,2023-06-05,4,2023-07-03,17.061497,27.71731
123,2023,Meta,2023-06-12,1,2023-06-19,30.76374,34.01091
123,2023,Meta,2023-06-12,2,2023-06-26,23.072803,31.679796
123,2023,Meta,2023-06-12,3,2023-07-03,17.061497,31.017408
123,2023,Meta,2023-06-12,4,2023-07-10,24.22202,28.069193
123,2023,Meta,2023-06-19,1,2023-06-26,23.072803,32.388527
123,2023,Meta,2023-06-19,2,2023-07-03,17.061497,30.186455
123,2023,Meta,2023-06-19,3,2023-07-10,24.22202,29.530144
123,2023,Meta,2023-06-19,4,2023-07-17,20.597559,26.728392
123,2023,Meta,2023-06-26,1,2023-07-03,17.061497,29.240017
123,2023,Meta,2023-06-26,2,2023-07-10,24.22202,27.198935
123,2023,Meta,2023-06-26,3,2023-07-17,20.597559,26.616634
123,2023,Meta,2023-06-26,4,2023-07-24,19.006329,24.126024
123,2023,Meta,2023-07-03,1,2023-07-10,24.22202,20.922321
123,2023,Meta,2023-07-03,2,2023-07-17,20.597559,19.134796
123,2023,Meta,2023-07-03,3,2023-07-24,19.006329,18.645256
123,2023,Meta,2023-07-03,4,2023-07-31,18.299118,17.068766
123,2023,Meta,2023-07-10,1,2023-07-17,20.597559,12.407896
123,2023,Meta,2023-07-10,2,2023-07-24,19.006329,11.190551
123,2023,Meta,2023-07-10,3,2023-07-31,18.299118,10.784409
123,2023,Meta,2023-07-10,4,2023-08-07,12.287813,10.07511
123,2023,Meta,2023-07-17,1,2023-07-24,19.006329,13.630841
123,2023,Meta,2023-07-17,2,2023-07-31,18.299118,12.507409
123,2023,Meta,2023-07-17,3,2023-08-07,12.287813,12.100894
123,2023,Meta,2023-07-17,4,2023-08-14,14.055844,11.190734
123,2023,Meta,2023-07-24,1,2023-07-31,18.299118,12.671408
123,2023,Meta,2023-07-24,2,2023-08-07,12.287813,11.827314
123,2023,Meta,2023-07-24,3,2023-08-14,14.055844,11.413449
123,2023,Meta,2023-07-24,4,2023-08-21,13.26023,10.698618
123,2023,Meta,2023-07-31,1,2023-08-07,12.287813,12.623522
123,2023,Meta,2023-07-31,2,2023-08-14,14.055844,11.928223
123,2023,Meta,2023-07-31,3,2023-08-21,13.26023,11.51568
123,2023,Meta,2023-07-31,4,2023-08-28,10.519783,10.851733
123,2023,Meta,2023-08-07,1,2023-08-14,14.055844,12.241482
123,2023,Meta,2023-08-07,2,2023-08-21,13.26023,11.708025
123,2023,Meta,2023-08-07,3,2023-08-28,10.519783,11.3202095
123,2023,Meta,2023-08-07,4,2023-09-04,12.1110115,10.728176
123,2023,Meta,2023-08-14,1,2023-08-21,13.26023,10.98849
123,2023,Meta,2023-08-14,2,2023-08-28,10.519783,10.594439
123,2023,Meta,2023-08-14,3,2023-09-04,12.1110115,10.24652
123,2023,Meta,2023-08-14,4,2023-09-11,10.608185,9.778807
123,2023,Meta,2023-08-21,1,2023-08-28,10.519783,11.358531
123,2023,Meta,2023-08-21,2,2023-09-04,12.1110115,11.031132
123,2023,Meta,2023-08-21,3,2023-09-11,10.608185,10.705493
123,2023,Meta,2023-08-21,4,2023-09-18,10.077775,10.183358
123,2023,Meta,2023-08-28,1,2023-09-04,12.1110115,11.259614
123,2023,Meta,2023-08-28,2,2023-09-11,10.608185,10.990631
123,2023,Meta,2023-08-28,3,2023-09-18,10.077775,10.665719
123,2023,Meta,2023-08-28,4,2023-09-25,9.635769,10.15399
123,2023,Meta,2023-09-04,1,2023-09-11,10.608185,10.74181
123,2023,Meta,2023-09-04,2,2023-09-18,10.077775,10.453363
123,2023,Meta,2023-09-04,3,2023-09-25,9.635769,10.132534
123,2023,Meta,2023-09-04,4,2023-10-02,8.486548,9.666158
123,2023,Meta,2023-09-11,1,2023-09-18,10.077775,10.628581
123,2023,Meta,2023-09-11,2,2023-09-25,9.635769,10.373635
123,2023,Meta,2023-09-11,3,2023-10-02,8.486548,10.07383
123,2023,Meta,2023-09-11,4,2023-10-09,10.34298,9.605891
123,2023,Meta,2023-09-18,1,2023-09-25,9.635769,9.03431
123,2023,Meta,2023-09-18,2,2023-10-02,8.486548,8.780723
123,2023,Meta,2023-09-18,3,2023-10-09,10.34298,8.510275
123,2023,Meta,2023-09-18,4,2023-10-16,6.541713,8.200855
123,2023,Meta,2023-09-25,1,2023-10-02,8.486548,7.7671013
123,2023,Meta,2023-09-25,2,2023-10-09,10.34298,7.525514
123,2023,Meta,2023-09-25,3,2023-10-16,6.541713,7.285103
123,2023,Meta,2023-09-25,4,2023-10-23,3.536062,7.076734
123,2023,Meta,2023-10-02,1,2023-10-09,10.34298,5.983579
123,2023,Meta,2023-10-02,2,2023-10-16,6.541713,5.794198
123,2023,Meta,2023-10-02,3,2023-10-23,3.536062,5.6006274
123,2023,Meta,2023-10-02,4,2023-10-30,6.011305,5.535921
123,2023,Meta,2023-10-09,1,2023-10-16,6.541713,4.954494
123,2023,Meta,2023-10-09,2,2023-10-23,3.536062,4.8063984
123,2023,Meta,2023-10-09,3,2023-10-30,6.011305,4.655962
123,2023,Meta,2023-10-09,4,2023-11-06,3.1824555,4.6330104
123,2023,Meta,2023-10-16,1,2023-10-23,3.536062,4.348084
123,2023,Meta,2023-10-16,2,2023-10-30,6.011305,4.2659245
123,2023,Meta,2023-10-16,3,2023-11-06,3.1824555,4.1584325
123,2023,Meta,2023-10-16,4,2023-11-13,3.7128646,4.135032
123,2023,Meta,2023-10-23,1,2023-10-30,6.011305,3.494197
123,2023,Meta,2023-10-23,2,2023-11-06,3.1824555,3.4419222
123,2023,Meta,2023-10-23,3,2023-11-13,3.7128646,3.3651621
123,2023,Meta,2023-10-23,4,2023-11-20,3.978069,3.3408663
123,2023,Meta,2023-10-30,1,2023-11-06,3.1824555,2.7622406
123,2023,Meta,2023-10-30,2,2023-11-13,3.7128646,2.7145197
123,2023,Meta,2023-10-30,3,2023-11-20,3.978069,2.654272
123,2023,Meta,2023-10-30,4,2023-11-27,3.624463,2.6130798
123,2023,Meta,2023-11-06,1,2023-11-13,3.7128646,2.8602228
123,2023,Meta,2023-11-06,2,2023-11-20,3.978069,2.8513036
123,2023,Meta,2023-11-06,3,2023-11-27,3.624463,2.8131285
123,2023,Meta,2023-11-06,4,2023-12-04,3.8896677,2.7776759
123,2023,Meta,2023-11-13,1,2023-11-20,3.978069,2.7764907
123,2023,Meta,2023-11-13,2,2023-11-27,3.624463,2.7872276
123,2023,Meta,2023-11-13,3,2023-12-04,3.8896677,2.7603118
123,2023,Meta,2023-11-13,4,2023-12-11,3.0056527,2.7377064
123,2023,Meta,2023-11-20,1,2023-11-27,3.624463,2.9378223
123,2023,Meta,2023-11-20,2,2023-12-04,3.8896677,2.9706314
123,2023,Meta,2023-11-20,3,2023-12-11,3.0056527,2.9567494
123,2023,Meta,2023-11-20,4,2023-12-18,2.8288493,2.9432907
123,2023,Meta,2023-11-27,1,2023-12-04,3.8896677,2.9537873
123,2023,Meta,2023-11-27,2,2023-12-11,3.0056527,2.98339
123,2023,Meta,2023-11-27,3,2023-12-18,2.8288493,2.9700875
123,2023,Meta,2023-11-27,4,2023-12-25,2.7404475,2.9548216
123,2023,Narino,2023-02-20,1,2023-02-27,1.1215011,1.1248888
123,2023,Narino,2023-02-20,2,2023-03-06,0.8263692,1.1491932
123,2023,Narino,2023-02-20,3,2023-03-13,1.3576065,1.1731913
123,2023,Narino,2023-02-20,4,2023-03-20,1.4756593,1.2593664
123,2023,Narino,2023-02-27,1,2023-03-06,0.8263692,1.1814463
123,2023,Narino,2023-02-27,2,2023-03-13,1.3576065,1.197394
123,2023,Narino,2023-02-27,3,2023-03-20,1.4756593,1.2170289
123,2023,Narino,2023-02-27,4,2023-03-27,2.3020284,1.2911537
123,2023,Narino,2023-03-06,1,2023-03-13,1.3576065,1.2037104
123,2023,Narino,2023-03-06,2,2023-03-20,1.4756593,1.2133824
123,2023,Narino,2023-03-06,3,2023-03-27,2.3020284,1.2275519
123,2023,Narino,2023-03-06,4,2023-04-03,1.3576065,1.2854552
123,2023,Narino,2023-03-13,1,2023-03-20,1.4756593,1.117597
123,2023,Narino,2023-03-13,2,2023-03-27,2.3020284,1.1218843
123,2023,Narino,2023-03-13,3,2023-04-03,1.3576065,1.1306185
123,2023,Narino,2023-03-13,4,2023-04-10,0.8853955,1.1541572
123,2023,Narino,2023-03-20,1,2023-03-27,2.3020284,1.1491466
123,2023,Narino,2023-03-20,2,2023-04-03,1.3576065,1.1537389
123,2023,Narino,2023-03-20,3,2023-04-10,0.8853955,1.1605045
123,2023,Narino,2023-03-20,4,2023-04-17,1.5346856,1.1869811
123,2023,Narino,2023-03-27,1,2023-04-03,1.3576065,1.250355
123,2023,Narino,2023-03-27,2,2023-04-10,0.8853955,1.2572448
123,2023,Narino,2023-03-27,3,2023-04-17,1.5346856,1.2650197
123,2023,Narino,2023-03-27,4,2023-04-24,1.5346856,1.3124524
123,2023,Narino,2023-04-03,1,2023-04-10,0.8853955,1.5122526
123,2023,Narino,2023-04-03,2,2023-04-17,1.5346856,1.5291742
123,2023,Narino,2023-04-03,3,2023-04-24,1.5346856,1.5453924
123,2023,Narino,2023-04-03,4,2023-05-01,2.1839757,1.6130159
123,2023,Narino,2023-04-10,1,2023-04-17,1.5346856,1.5702261
123,2023,Narino,2023-04-10,2,2023-04-24,1.5346856,1.5815601
123,2023,Narino,2023-04-10,3,2023-05-01,2.1839757,1.5977452
123,2023,Narino,2023-04-10,4,2023-05-08,2.1839757,1.6615527
123,2023,Narino,2023-04-17,1,2023-04-24,1.5346856,1.4161394
123,2023,Narino,2023-04-17,2,2023-05-01,2.1839757,1.4137545
123,2023,Narino,2023-04-17,3,2023-05-08,2.1839757,1.4231167
123,2023,Narino,2023-04-17,4,2023-05-15,1.7117648,1.4720083
123,2023,Narino,2023-04-24,1,2023-05-01,2.1839757,1.4148102
123,2023,Narino,2023-04-24,2,2023-05-08,2.1839757,1.4096354
123,2023,Narino,2023-04-24,3,2023-05-15,1.7117648,1.4155016
123,2023,Narino,2023-04-24,4,2023-05-22,1.8298177,1.4596473
123,2023,Narino,2023-05-01,1,2023-05-08,2.1839757,1.4502617
123,2023,Narino,2023-05-01,2,2023-05-15,1.7117648,1.4440651
123,2023,Narino,2023-05-01,3,2023-05-22,1.8298177,1.4482969
123,2023,Narino,2023-05-01,4,2023-05-29,2.361055,1.495799
123,2023,Narino,2023-05-08,1,2023-05-15,1.7117648,1.6503912
123,2023,Narino,2023-05-08,2,2023-05-22,1.8298177,1.6519303
123,2023,Narino,2023-05-08,3,2023-05-29,2.361055,1.659659
123,2023,Narino,2023-05-08,4,2023-06-05,2.538134,1.7175833
123,2023,Narino,2023-05-15,1,2023-05-22,1.8298177,1.8409461
123,2023,Narino,2023-05-15,2,2023-05-29,2.361055,1.8474685
123,2023,Narino,2023-05-15,3,2023-06-05,2.538134,1.8576152
123,2023,Narino,2023-05-15,4,2023-06-12,2.7742395,1.9222298
123,2023,Narino,2023-05-22,1,2023-05-29,2.361055,1.7972394
123,2023,Narino,2023-05-22,2,2023-06-05,2.538134,1.7924907
123,2023,Narino,2023-05-22,3,2023-06-12,2.7742395,1.7982672
123,2023,Narino,2023-05-22,4,2023-06-19,2.8332658,1.8551697
123,2023,Narino,2023-05-29,1,2023-06-05,2.538134,1.7448827
123,2023,Narino,2023-05-29,2,2023-06-12,2.7742395,1.7353423
123,2023,Narino,2023-05-29,3,2023-06-19,2.8332658,1.7395219
123,2023,Narino,2023-05-29,4,2023-06-26,2.1249495,1.7896386
123,2023,Narino,2023-06-05,1,2023-06-12,2.7742395,1.8519378
123,2023,Narino,2023-06-05,2,2023-06-19,2.8332658,1.8460435
123,2023,Narino,2023-06-05,3,2023-06-26,2.1249495,1.8505204
123,2023,Narino,2023-06-05,4,2023-07-03,2.065923,1.9022781
123,2023,Narino,2023-06-12,1,2023-06-19,2.8332658,2.0320914
123,2023,Narino,2023-06-12,2,2023-06-26,2.1249495,2.0294826
123,2023,Narino,2023-06-12,3,2023-07-03,2.065923,2.0341306
123,2023,Narino,2023-06-12,4,2023-07-10,1.770791,2.0893517
123,2023,Narino,2023-06-19,1,2023-06-26,2.1249495,2.2338436
123,2023,Narino,2023-06-19,2,2023-07-03,2.065923,2.2331586
123,2023,Narino,2023-06-19,3,2023-07-10,1.770791,2.237804
123,2023,Narino,2023-06-19,4,2023-07-17,2.361055,2.296434
123,2023,Narino,2023-06-26,1,2023-07-03,2.065923,2.3647792
123,2023,Narino,2023-06-26,2,2023-07-10,1.770791,2.358516
123,2023,Narino,2023-06-26,3,2023-07-17,2.361055,2.3600578
123,2023,Narino,2023-06-26,4,2023-07-24,2.9513185,2.4150329
123,2023,Narino,2023-07-03,1,2023-07-10,1.770791,2.1733294
123,2023,Narino,2023-07-03,2,2023-07-17,2.361055,2.1482697
123,2023,Narino,2023-07-03,3,2023-07-24,2.9513185,2.1444368
123,2023,Narino,2023-07-03,4,2023-07-31,1.5937121,2.1824658
123,2023,Narino,2023-07-10,1,2023-07-17,2.361055,1.992875
123,2023,Narino,2023-07-10,2,2023-07-24,2.9513185,1.9585761
123,2023,Narino,2023-07-10,3,2023-07-31,1.5937121,1.9515965
123,2023,Narino,2023-07-10,4,2023-08-07,1.5346856,1.9757534
123,2023,Narino,2023-07-17,1,2023-07-24,2.9513185,1.8347194
123,2023,Narino,2023-07-17,2,2023-07-31,1.5937121,1.7962162
123,2023,Narino,2023-07-17,3,2023-08-07,1.5346856,1.7855761
123,2023,Narino,2023-07-17,4,2023-08-14,1.8888438,1.8028752
123,2023,Narino,2023-07-24,1,2023-07-31,1.5937121,1.9018726
123,2023,Narino,2023-07-24,2,2023-08-07,1.5346856,1.8719665
123,2023,Narino,2023-07-24,3,2023-08-14,1.8888438,1.8623303
123,2023,Narino,2023-07-24,4,2023-08-21,2.59716,1.8855444
123,2023,Narino,2023-07-31,1,2023-08-07,1.5346856,2.09704
123,2023,Narino,2023-07-31,2,2023-08-14,1.8888438,2.0798738
123,2023,Narino,2023-07-31,3,2023-08-21,2.59716,2.0747747
123,2023,Narino,2023-07-31,4,2023-08-28,2.1839757,2.1094506
123,2023,Narino,2023-08-07,1,2023-08-14,1.8888438,1.9121208
123,2023,Narino,2023-08-07,2,2023-08-21,2.59716,1.8842201
123,2023,Narino,2023-08-07,3,2023-08-28,2.1839757,1.8769004
123,2023,Narino,2023-08-07,4,2023-09-04,3.187424,1.9060794
123,2023,Narino,2023-08-14,1,2023-08-21,2.59716,1.6975566
123,2023,Narino,2023-08-14,2,2023-08-28,2.1839757,1.663924
123,2023,Narino,2023-08-14,3,2023-09-04,3.187424,1.6541682
123,2023,Narino,2023-08-14,4,2023-09-11,3.4235294,1.6710261
123,2023,Narino,2023-08-21,1,2023-08-28,2.1839757,1.6388235
123,2023,Narino,2023-08-21,2,2023-09-04,3.187424,1.6097741
123,2023,Narino,2023-08-21,3,2023-09-11,3.4235294,1.6005075
123,2023,Narino,2023-08-21,4,2023-09-18,3.010345,1.6192827
123,2023,Narino,2023-08-28,1,2023-09-04,3.187424,1.8270842
123,2023,Narino,2023-08-28,2,2023-09-11,3.4235294,1.8117808
123,2023,Narino,2023-08-28,3,2023-09-18,3.010345,1.808241
123,2023,Narino,2023-08-28,4,2023-09-25,4.6040573,1.8428371
123,2023,Narino,2023-09-04,1,2023-09-11,3.4235294,1.9726337
123,2023,Narino,2023-09-04,2,2023-09-18,3.010345,1.9658931
123,2023,Narino,2023-09-04,3,2023-09-25,4.6040573,1.9662532
123,2023,Narino,2023-09-04,4,2023-10-02,2.8332658,2.009747
123,2023,Narino,2023-09-11,1,2023-09-18,3.010345,2.285836
123,2023,Narino,2023-09-11,2,2023-09-25,4.6040573,2.2902408
123,2023,Narino,2023-09-11,3,2023-10-02,2.8332658,2.2940907
123,2023,Narino,2023-09-11,4,2023-10-09,2.538134,2.3450344
123,2023,Narino,2023-09-18,1,2023-09-25,4.6040573,2.5538075
123,2023,Narino,2023-09-18,2,2023-10-02,2.8332658,2.5579503
123,2023,Narino,2023-09-18,3,2023-10-09,2.538134,2.55932
123,2023,Narino,2023-09-18,4,2023-10-16,3.5415823,2.6082861
123,2023,Narino,2023-09-25,1,2023-10-02,2.8332658,2.6784592
123,2023,Narino,2023-09-25,2,2023-10-09,2.538134,2.6769557
123,2023,Narino,2023-09-25,3,2023-10-16,3.5415823,2.6760862
123,2023,Narino,2023-09-25,4,2023-10-23,3.4825556,2.7199318
123,2023,Narino,2023-10-02,1,2023-10-09,2.538134,3.1856956
123,2023,Narino,2023-10-02,2,2023-10-16,3.5415823,3.187456
123,2023,Narino,2023-10-02,3,2023-10-23,3.4825556,3.1808262
123,2023,Narino,2023-10-02,4,2023-10-30,3.954767,3.2141888
123,2023,Narino,2023-10-09,1,2023-10-16,3.5415823,3.1068304
123,2023,Narino,2023-10-09,2,2023-10-23,3.4825556,3.088643
123,2023,Narino,2023-10-09,3,2023-10-30,3.954767,3.074145
123,2023,Narino,2023-10-09,4,2023-11-06,4.4860044,3.1072133
123,2023,Narino,2023-10-16,1,2023-10-23,3.4825556,2.9323025
123,2023,Narino,2023-10-16,2,2023-10-30,3.954767,2.899227
123,2023,Narino,2023-10-16,3,2023-11-06,4.4860044,2.884595
123,2023,Narino,2023-10-16,4,2023-11-13,3.777688,2.9048629
123,2023,Narino,2023-10-23,1,2023-10-30,3.954767,3.1445324
123,2023,Narino,2023-10-23,2,2023-11-06,4.4860044,3.113699
123,2023,Narino,2023-10-23,3,2023-11-13,3.777688,3.0998735
123,2023,Narino,2023-10-23,4,2023-11-20,5.3713994,3.108508
123,2023,Narino,2023-10-30,1,2023-11-06,4.4860044,3.3024967
123,2023,Narino,2023-10-30,2,2023-11-13,3.777688,3.2703881
123,2023,Narino,2023-10-30,3,2023-11-20,5.3713994,3.2531793
123,2023,Narino,2023-10-30,4,2023-11-27,4.899189,3.2586057
123,2023,Narino,2023-11-06,1,2023-11-13,3.777688,3.47568
123,2023,Narino,2023-11-06,2,2023-11-20,5.3713994,3.4427943
123,2023,Narino,2023-11-06,3,2023-11-27,4.899189,3.4225936
123,2023,Narino,2023-11-06,4,2023-12-04,5.3713994,3.4250927
123,2023,Narino,2023-11-13,1,2023-11-20,5.3713994,3.9226918
123,2023,Narino,2023-11-13,2,2023-11-27,4.899189,3.8948455
123,2023,Narino,2023-11-13,3,2023-12-04,5.3713994,3.8678389
123,2023,Narino,2023-11-13,4,2023-12-11,5.0762677,3.863048
123,2023,Narino,2023-11-20,1,2023-11-27,4.899189,3.9393013
123,2023,Narino,2023-11-20,2,2023-12-04,5.3713994,3.8974183
123,2023,Narino,2023-11-20,3,2023-12-11,5.0762677,3.86187
123,2023,Narino,2023-11-20,4,2023-12-18,4.7811356,3.8644314
123,2023,Narino,2023-11-27,1,2023-12-04,5.3713994,4.423382
123,2023,Narino,2023-11-27,2,2023-12-11,5.0762677,4.380688
123,2023,Narino,2023-11-27,3,2023-12-18,4.7811356,4.3370633
123,2023,Narino,2023-11-27,4,2023-12-25,2.8332658,4.324156
123,2023,Norte De Santander,2023-02-20,1,2023-02-27,1.4302248,1.927183
123,2023,Norte De Santander,2023-02-20,2,2023-03-06,1.1322612,1.8930141
123,2023,Norte De Santander,2023-02-20,3,2023-03-13,1.4898175,1.8904845
123,2023,Norte De Santander,2023-02-20,4,2023-03-20,1.3110393,1.9059415
123,2023,Norte De Santander,2023-02-27,1,2023-03-06,1.1322612,1.880787
123,2023,Norte De Santander,2023-02-27,2,2023-03-13,1.4898175,1.8490297
123,2023,Norte De Santander,2023-02-27,3,2023-03-20,1.3110393,1.8447579
123,2023,Norte De Santander,2023-02-27,4,2023-03-27,1.4302248,1.8645266
123,2023,Norte De Santander,2023-03-06,1,2023-03-13,1.4898175,1.8455251
123,2023,Norte De Santander,2023-03-06,2,2023-03-20,1.3110393,1.8158355
123,2023,Norte De Santander,2023-03-06,3,2023-03-27,1.4302248,1.8101823
123,2023,Norte De Santander,2023-03-06,4,2023-04-03,1.370632,1.8323519
123,2023,Norte De Santander,2023-03-13,1,2023-03-20,1.3110393,1.6973656
123,2023,Norte De Santander,2023-03-13,2,2023-03-27,1.4302248,1.6700505
123,2023,Norte De Santander,2023-03-13,3,2023-04-03,1.370632,1.6612432
123,2023,Norte De Santander,2023-03-13,4,2023-04-10,0.59592694,1.6775366
123,2023,Norte De Santander,2023-03-20,1,2023-03-27,1.4302248,1.6600037
123,2023,Norte De Santander,2023-03-20,2,2023-04-03,1.370632,1.6400126
123,2023,Norte De Santander,2023-03-20,3,2023-04-10,0.59592694,1.63368
123,2023,Norte De Santander,2023-03-20,4,2023-04-17,1.370632,1.6545237
123,2023,Norte De Santander,2023-03-27,1,2023-04-03,1.370632,1.6583806
123,2023,Norte De Santander,2023-03-27,2,2023-04-10,0.59592694,1.6447805
123,2023,Norte De Santander,2023-03-27,3,2023-04-17,1.370632,1.6417152
123,2023,Norte De Santander,2023-03-27,4,2023-04-24,1.5494101,1.6717318
123,2023,Norte De Santander,2023-04-03,1,2023-04-10,0.59592694,1.7298967
123,2023,Norte De Santander,2023-04-03,2,2023-04-17,1.370632,1.725272
123,2023,Norte De Santander,2023-04-03,3,2023-04-24,1.5494101,1.7279364
123,2023,Norte De Santander,2023-04-03,4,2023-05-01,1.4302248,1.7686552
123,2023,Norte De Santander,2023-04-10,1,2023-04-17,1.370632,1.7384617
123,2023,Norte De Santander,2023-04-10,2,2023-04-24,1.5494101,1.7354676
123,2023,Norte De Santander,2023-04-10,3,2023-05-01,1.4302248,1.7394595
123,2023,Norte De Santander,2023-04-10,4,2023-05-08,1.5494101,1.7813157
123,2023,Norte De Santander,2023-04-17,1,2023-04-24,1.5494101,1.4924269
123,2023,Norte De Santander,2023-04-17,2,2023-05-01,1.4302248,1.4848603
123,2023,Norte De Santander,2023-04-17,3,2023-05-08,1.5494101,1.4845864
123,2023,Norte De Santander,2023-04-17,4,2023-05-15,1.8473735,1.5105028
123,2023,Norte De Santander,2023-04-24,1,2023-05-01,1.4302248,1.4984096
123,2023,Norte De Santander,2023-04-24,2,2023-05-08,1.5494101,1.4958063
123,2023,Norte De Santander,2023-04-24,3,2023-05-15,1.8473735,1.4980971
123,2023,Norte De Santander,2023-04-24,4,2023-05-22,1.2514466,1.5279776
123,2023,Norte De Santander,2023-05-01,1,2023-05-08,1.5494101,1.6754558
123,2023,Norte De Santander,2023-05-01,2,2023-05-15,1.8473735,1.6851577
123,2023,Norte De Santander,2023-05-01,3,2023-05-22,1.2514466,1.6983662
123,2023,Norte De Santander,2023-05-01,4,2023-05-29,1.8473735,1.7459313
123,2023,Norte De Santander,2023-05-08,1,2023-05-15,1.8473735,1.8780886
123,2023,Norte De Santander,2023-05-08,2,2023-05-22,1.2514466,1.8974253
123,2023,Norte De Santander,2023-05-08,3,2023-05-29,1.8473735,1.9189514
123,2023,Norte De Santander,2023-05-08,4,2023-06-05,1.966559,1.9748833
123,2023,Norte De Santander,2023-05-15,1,2023-05-22,1.2514466,1.9515918
123,2023,Norte De Santander,2023-05-15,2,2023-05-29,1.8473735,1.966966
123,2023,Norte De Santander,2023-05-15,3,2023-06-05,1.966559,1.9905486
123,2023,Norte De Santander,2023-05-15,4,2023-06-12,1.370632,2.0442035
123,2023,Norte De Santander,2023-05-22,1,2023-05-29,1.8473735,1.9793409
123,2023,Norte De Santander,2023-05-22,2,2023-06-05,1.966559,1.987434
123,2023,Norte De Santander,2023-05-22,3,2023-06-12,1.370632,2.0087729
123,2023,Norte De Santander,2023-05-22,4,2023-06-19,2.5028932,2.055565
123,2023,Norte De Santander,2023-05-29,1,2023-06-05,1.966559,1.7770382
123,2023,Norte De Santander,2023-05-29,2,2023-06-12,1.370632,1.7683505
123,2023,Norte De Santander,2023-05-29,3,2023-06-19,2.5028932,1.7817321
123,2023,Norte De Santander,2023-05-29,4,2023-06-26,2.6220787,1.8138171
123,2023,Norte De Santander,2023-06-05,1,2023-06-12,1.370632,1.8689446
123,2023,Norte De Santander,2023-06-05,2,2023-06-19,2.5028932,1.8654624
123,2023,Norte De Santander,2023-06-05,3,2023-06-26,2.6220787,1.8797438
123,2023,Norte De Santander,2023-06-05,4,2023-07-03,2.3837078,1.9120015
123,2023,Norte De Santander,2023-06-12,1,2023-06-19,2.5028932,2.1925466
123,2023,Norte De Santander,2023-06-12,2,2023-06-26,2.6220787,2.2024739
123,2023,Norte De Santander,2023-06-12,3,2023-07-03,2.3837078,2.2216613
123,2023,Norte De Santander,2023-06-12,4,2023-07-10,3.5159688,2.2629688
123,2023,Norte De Santander,2023-06-19,1,2023-06-26,2.6220787,2.1136613
123,2023,Norte De Santander,2023-06-19,2,2023-07-03,2.3837078,2.1089816
123,2023,Norte De Santander,2023-06-19,3,2023-07-10,3.5159688,2.1232524
123,2023,Norte De Santander,2023-06-19,4,2023-07-17,2.2645223,2.1584938
123,2023,Norte De Santander,2023-06-26,1,2023-07-03,2.3837078,2.3977175
123,2023,Norte De Santander,2023-06-26,2,2023-07-10,3.5159688,2.4016466
123,2023,Norte De Santander,2023-06-26,3,2023-07-17,2.2645223,2.4162033
123,2023,Norte De Santander,2023-06-26,4,2023-07-24,3.8735256,2.452932
123,2023,Norte De Santander,2023-07-03,1,2023-07-10,3.5159688,2.7182753
123,2023,Norte De Santander,2023-07-03,2,2023-07-17,2.2645223,2.7255301
123,2023,Norte De Santander,2023-07-03,3,2023-07-24,3.8735256,2.7357895
123,2023,Norte De Santander,2023-07-03,4,2023-07-31,3.7543397,2.7716835
123,2023,Norte De Santander,2023-07-10,1,2023-07-17,2.2645223,2.7804499
123,2023,Norte De Santander,2023-07-10,2,2023-07-24,3.8735256,2.7758718
123,2023,Norte De Santander,2023-07-10,3,2023-07-31,3.7543397,2.781004
123,2023,Norte De Santander,2023-07-10,4,2023-08-07,3.6351542,2.8131416
123,2023,Norte De Santander,2023-07-17,1,2023-07-24,3.8735256,3.4056923
123,2023,Norte De Santander,2023-07-17,2,2023-07-31,3.7543397,3.4078314
123,2023,Norte De Santander,2023-07-17,3,2023-08-07,3.6351542,3.404284
123,2023,Norte De Santander,2023-07-17,4,2023-08-14,3.9927104,3.426172
123,2023,Norte De Santander,2023-07-24,1,2023-07-31,3.7543397,3.316777
123,2023,Norte De Santander,2023-07-24,2,2023-08-07,3.6351542,3.295594
123,2023,Norte De Santander,2023-07-24,3,2023-08-14,3.9927104,3.281214
123,2023,Norte De Santander,2023-07-24,4,2023-08-21,3.3967838,3.3083422
123,2023,Norte De Santander,2023-07-31,1,2023-08-07,3.6351542,3.889433
123,2023,Norte De Santander,2023-07-31,2,2023-08-14,3.9927104,3.8701856
123,2023,Norte De Santander,2023-07-31,3,2023-08-21,3.3967838,3.844181
123,2023,Norte De Santander,2023-07-31,4,2023-08-28,4.4694524,3.8556662
123,2023,Norte De Santander,2023-08-07,1,2023-08-14,3.9927104,4.2560763
123,2023,Norte De Santander,2023-08-07,2,2023-08-21,3.3967838,4.2287745
123,2023,Norte De Santander,2023-08-07,3,2023-08-28,4.4694524,4.1830597
123,2023,Norte De Santander,2023-08-07,4,2023-09-04,4.8270082,4.192768
123,2023,Norte De Santander,2023-08-14,1,2023-08-21,3.3967838,4.3120284
123,2023,Norte De Santander,2023-08-14,2,2023-08-28,4.4694524,4.2633843
123,2023,Norte De Santander,2023-08-14,3,2023-09-04,4.8270082,4.2052965
123,2023,Norte De Santander,2023-08-14,4,2023-09-11,4.6482306,4.211637
123,2023,Norte De Santander,2023-08-21,1,2023-08-28,4.4694524,4.428204
123,2023,Norte De Santander,2023-08-21,2,2023-09-04,4.8270082,4.36775
123,2023,Norte De Santander,2023-08-21,3,2023-09-11,4.6482306,4.30339
123,2023,Norte De Santander,2023-08-21,4,2023-09-18,4.7674155,4.298853
123,2023,Norte De Santander,2023-08-28,1,2023-09-04,4.8270082,4.3072724
123,2023,Norte De Santander,2023-08-28,2,2023-09-11,4.6482306,4.236044
123,2023,Norte De Santander,2023-08-28,3,2023-09-18,4.7674155,4.1712174
123,2023,Norte De Santander,2023-08-28,4,2023-09-25,5.1249714,4.1661177
123,2023,Norte De Santander,2023-09-04,1,2023-09-11,4.6482306,4.8937855
123,2023,Norte De Santander,2023-09-04,2,2023-09-18,4.7674155,4.8287683
123,2023,Norte De Santander,2023-09-04,3,2023-09-25,5.1249714,4.7563577
123,2023,Norte De Santander,2023-09-04,4,2023-10-02,3.6947474,4.724965
123,2023,Norte De Santander,2023-09-11,1,2023-09-18,4.7674155,5.5443964
123,2023,Norte De Santander,2023-09-11,2,2023-09-25,5.1249714,5.4826
123,2023,Norte De Santander,2023-09-11,3,2023-10-02,3.6947474,5.3898206
123,2023,Norte De Santander,2023-09-11,4,2023-10-09,4.171489,5.340415
123,2023,Norte De Santander,2023-09-18,1,2023-09-25,5.1249714,5.60359
123,2023,Norte De Santander,2023-09-18,2,2023-10-02,3.6947474,5.522664
123,2023,Norte De Santander,2023-09-18,3,2023-10-09,4.171489,5.4102354
123,2023,Norte De Santander,2023-09-18,4,2023-10-16,6.19764,5.371127
123,2023,Norte De Santander,2023-09-25,1,2023-10-02,3.6947474,5.6111426
123,2023,Norte De Santander,2023-09-25,2,2023-10-09,4.171489,5.5182133
123,2023,Norte De Santander,2023-09-25,3,2023-10-16,6.19764,5.3995657
123,2023,Norte De Santander,2023-09-25,4,2023-10-23,5.065379,5.357767
123,2023,Norte De Santander,2023-10-02,1,2023-10-09,4.171489,5.783563
123,2023,Norte De Santander,2023-10-02,2,2023-10-16,6.19764,5.6858234
123,2023,Norte De Santander,2023-10-02,3,2023-10-23,5.065379,5.5646243
123,2023,Norte De Santander,2023-10-02,4,2023-10-30,4.9461937,5.507018
123,2023,Norte De Santander,2023-10-09,1,2023-10-16,6.19764,5.1715264
123,2023,Norte De Santander,2023-10-09,2,2023-10-23,5.065379,5.059132
123,2023,Norte De Santander,2023-10-09,3,2023-10-30,4.9461937,4.94608
123,2023,Norte De Santander,2023-10-09,4,2023-11-06,5.3633423,4.917828
123,2023,Norte De Santander,2023-10-16,1,2023-10-23,5.065379,5.2635236
123,2023,Norte De Santander,2023-10-16,2,2023-10-30,4.9461937,5.1501346
123,2023,Norte De Santander,2023-10-16,3,2023-11-06,5.3633423,5.0469766
123,2023,Norte De Santander,2023-10-16,4,2023-11-13,5.720899,4.998503
123,2023,Norte De Santander,2023-10-23,1,2023-10-30,4.9461937,6.323229
123,2023,Norte De Santander,2023-10-23,2,2023-11-06,5.3633423,6.220121
123,2023,Norte De Santander,2023-10-23,3,2023-11-13,5.720899,6.1071525
123,2023,Norte De Santander,2023-10-23,4,2023-11-20,6.7935677,5.992736
123,2023,Norte De Santander,2023-10-30,1,2023-11-06,5.3633423,6.0896716
123,2023,Norte De Santander,2023-10-30,2,2023-11-13,5.720899,5.9784546
123,2023,Norte De Santander,2023-10-30,3,2023-11-20,6.7935677,5.8491755
123,2023,Norte De Santander,2023-10-30,4,2023-11-27,5.661306,5.771439
123,2023,Norte De Santander,2023-11-06,1,2023-11-13,5.720899,5.681773
123,2023,Norte De Santander,2023-11-06,2,2023-11-20,6.7935677,5.5584965
123,2023,Norte De Santander,2023-11-06,3,2023-11-27,5.661306,5.4326243
123,2023,Norte De Santander,2023-11-06,4,2023-12-04,6.436011,5.3701296
123,2023,Norte De Santander,2023-11-13,1,2023-11-20,6.7935677,6.1297045
123,2023,Norte De Santander,2023-11-13,2,2023-11-27,5.661306,6.006242
123,2023,Norte De Santander,2023-11-13,3,2023-12-04,6.436011,5.881978
123,2023,Norte De Santander,2023-11-13,4,2023-12-11,6.8531594,5.779793
123,2023,Norte De Santander,2023-11-20,1,2023-11-27,5.661306,6.457796
123,2023,Norte De Santander,2023-11-20,2,2023-12-04,6.436011,6.335621
123,2023,Norte De Santander,2023-11-20,3,2023-12-11,6.8531594,6.2011304
123,2023,Norte De Santander,2023-11-20,4,2023-12-18,7.985421,6.0864635
123,2023,Norte De Santander,2023-11-27,1,2023-12-04,6.436011,7.021385
123,2023,Norte De Santander,2023-11-27,2,2023-12-11,6.8531594,6.895442
123,2023,Norte De Santander,2023-11-27,3,2023-12-18,7.985421,6.7477455
123,2023,Norte De Santander,2023-11-27,4,2023-12-25,7.8066435,6.5963783
123,2023,Putumayo,2023-02-20,1,2023-02-27,6.580316,5.248909
123,2023,Putumayo,2023-02-20,2,2023-03-06,7.106741,5.2033153
123,2023,Putumayo,2023-02-20,3,2023-03-13,8.422803,5.114007
123,2023,Putumayo,2023-02-20,4,2023-03-20,6.317103,5.10209
123,2023,Putumayo,2023-02-27,1,2023-03-06,7.106741,6.047594
123,2023,Putumayo,2023-02-27,2,2023-03-13,8.422803,5.99528
123,2023,Putumayo,2023-02-27,3,2023-03-20,6.317103,5.887232
123,2023,Putumayo,2023-02-27,4,2023-03-27,8.422803,5.823722
123,2023,Putumayo,2023-03-06,1,2023-03-13,8.422803,6.417157
123,2023,Putumayo,2023-03-06,2,2023-03-20,6.317103,6.3437705
123,2023,Putumayo,2023-03-06,3,2023-03-27,8.422803,6.2154016
123,2023,Putumayo,2023-03-06,4,2023-04-03,7.106741,6.1421804
123,2023,Putumayo,2023-03-13,1,2023-03-20,6.317103,6.882257
123,2023,Putumayo,2023-03-13,2,2023-03-27,8.422803,6.792553
123,2023,Putumayo,2023-03-13,3,2023-04-03,7.106741,6.6509976
123,2023,Putumayo,2023-03-13,4,2023-04-10,6.580316,6.542701
123,2023,Putumayo,2023-03-20,1,2023-03-27,8.422803,7.8601136
123,2023,Putumayo,2023-03-20,2,2023-04-03,7.106741,7.7600117
123,2023,Putumayo,2023-03-20,3,2023-04-10,6.580316,7.59812
123,2023,Putumayo,2023-03-20,4,2023-04-17,7.8963795,7.4145646
123,2023,Putumayo,2023-03-27,1,2023-04-03,7.106741,6.8398585
123,2023,Putumayo,2023-03-27,2,2023-04-10,6.580316,6.7131968
123,2023,Putumayo,2023-03-27,3,2023-04-17,7.8963795,6.535861
123,2023,Putumayo,2023-03-27,4,2023-04-24,6.580316,6.440535
123,2023,Putumayo,2023-04-03,1,2023-04-10,6.580316,7.002068
123,2023,Putumayo,2023-04-03,2,2023-04-17,7.8963795,6.858685
123,2023,Putumayo,2023-04-03,3,2023-04-24,6.580316,6.6907997
123,2023,Putumayo,2023-04-03,4,2023-05-01,9.475654,6.5543017
123,2023,Putumayo,2023-04-10,1,2023-04-17,7.8963795,6.6555886
123,2023,Putumayo,2023-04-10,2,2023-04-24,6.580316,6.502674
123,2023,Putumayo,2023-04-10,3,2023-05-01,9.475654,6.3326526
123,2023,Putumayo,2023-04-10,4,2023-05-08,6.317103,6.2221365
123,2023,Putumayo,2023-04-17,1,2023-04-24,6.580316,6.562315
123,2023,Putumayo,2023-04-17,2,2023-05-01,9.475654,6.413351
123,2023,Putumayo,2023-04-17,3,2023-05-08,6.317103,6.250837
123,2023,Putumayo,2023-04-17,4,2023-05-15,5.0010395,6.138962
123,2023,Putumayo,2023-04-24,1,2023-05-01,9.475654,6.595994
123,2023,Putumayo,2023-04-24,2,2023-05-08,6.317103,6.4506483
123,2023,Putumayo,2023-04-24,3,2023-05-15,5.0010395,6.292974
123,2023,Putumayo,2023-04-24,4,2023-05-22,5.264252,6.177753
123,2023,Putumayo,2023-05-01,1,2023-05-08,6.317103,5.8398714
123,2023,Putumayo,2023-05-01,2,2023-05-15,5.0010395,5.6852145
123,2023,Putumayo,2023-05-01,3,2023-05-22,5.264252,5.534
123,2023,Putumayo,2023-05-01,4,2023-05-29,6.317103,5.470194
123,2023,Putumayo,2023-05-08,1,2023-05-15,5.0010395,6.860471
123,2023,Putumayo,2023-05-08,2,2023-05-22,5.264252,6.7076197
123,2023,Putumayo,2023-05-08,3,2023-05-29,6.317103,6.562402
123,2023,Putumayo,2023-05-08,4,2023-06-05,4.4746146,6.4015994
123,2023,Putumayo,2023-05-15,1,2023-05-22,5.264252,5.768324
123,2023,Putumayo,2023-05-15,2,2023-05-29,6.317103,5.6123643
123,2023,Putumayo,2023-05-15,3,2023-06-05,4.4746146,5.463438
123,2023,Putumayo,2023-05-15,4,2023-06-12,3.4217641,5.403248
123,2023,Putumayo,2023-05-22,1,2023-05-29,6.317103,4.715225
123,2023,Putumayo,2023-05-22,2,2023-06-05,4.4746146,4.552706
123,2023,Putumayo,2023-05-22,3,2023-06-12,3.4217641,4.436926
123,2023,Putumayo,2023-05-22,4,2023-06-19,5.7906775,4.4059606
123,2023,Putumayo,2023-05-29,1,2023-06-05,4.4746146,4.495855
123,2023,Putumayo,2023-05-29,2,2023-06-12,3.4217641,4.3363376
123,2023,Putumayo,2023-05-29,3,2023-06-19,5.7906775,4.248643
123,2023,Putumayo,2023-05-29,4,2023-06-26,2.8953388,4.200784
123,2023,Putumayo,2023-06-05,1,2023-06-12,3.4217641,4.988232
123,2023,Putumayo,2023-06-05,2,2023-06-19,5.7906775,4.838775
123,2023,Putumayo,2023-06-05,3,2023-06-26,2.8953388,4.757451
123,2023,Putumayo,2023-06-05,4,2023-07-03,3.1585517,4.6895676
123,2023,Putumayo,2023-06-12,1,2023-06-19,5.7906775,4.301639
123,2023,Putumayo,2023-06-12,2,2023-06-26,2.8953388,4.1561904
123,2023,Putumayo,2023-06-12,3,2023-07-03,3.1585517,4.0774283
123,2023,Putumayo,2023-06-12,4,2023-07-10,5.527465,4.0570807
123,2023,Putumayo,2023-06-19,1,2023-06-26,2.8953388,3.3198888
123,2023,Putumayo,2023-06-19,2,2023-07-03,3.1585517,3.1783688
123,2023,Putumayo,2023-06-19,3,2023-07-10,5.527465,3.1155634
123,2023,Putumayo,2023-06-19,4,2023-07-17,4.211402,3.0861795
123,2023,Putumayo,2023-06-26,1,2023-07-03,3.1585517,3.677691
123,2023,Putumayo,2023-06-26,2,2023-07-10,5.527465,3.5638509
123,2023,Putumayo,2023-06-26,3,2023-07-17,4.211402,3.5217388
123,2023,Putumayo,2023-06-26,4,2023-07-24,5.7906775,3.484351
123,2023,Putumayo,2023-07-03,1,2023-07-10,5.527465,3.0734692
123,2023,Putumayo,2023-07-03,2,2023-07-17,4.211402,2.9702399
123,2023,Putumayo,2023-07-03,3,2023-07-24,5.7906775,2.9246662
123,2023,Putumayo,2023-07-03,4,2023-07-31,4.4746146,2.9015145
123,2023,Putumayo,2023-07-10,1,2023-07-17,4.211402,2.562319
123,2023,Putumayo,2023-07-10,2,2023-07-24,5.7906775,2.4712992
123,2023,Putumayo,2023-07-10,3,2023-07-31,4.4746146,2.436483
123,2023,Putumayo,2023-07-10,4,2023-08-07,3.6849763,2.4069893
123,2023,Putumayo,2023-07-17,1,2023-07-24,5.7906775,3.066392
123,2023,Putumayo,2023-07-17,2,2023-07-31,4.4746146,3.0164595
123,2023,Putumayo,2023-07-17,3,2023-08-07,3.6849763,2.9967809
123,2023,Putumayo,2023-07-17,4,2023-08-14,3.1585517,2.983458
123,2023,Putumayo,2023-07-24,1,2023-07-31,4.4746146,2.9788232
123,2023,Putumayo,2023-07-24,2,2023-08-07,3.6849763,2.9414058
123,2023,Putumayo,2023-07-24,3,2023-08-14,3.1585517,2.9206345
123,2023,Putumayo,2023-07-24,4,2023-08-21,2.632126,2.928069
123,2023,Putumayo,2023-07-31,1,2023-08-07,3.6849763,3.088069
123,2023,Putumayo,2023-07-31,2,2023-08-14,3.1585517,3.0612578
123,2023,Putumayo,2023-07-31,3,2023-08-21,2.632126,3.0412068
123,2023,Putumayo,2023-07-31,4,2023-08-28,3.4217641,3.0518749
123,2023,Putumayo,2023-08-07,1,2023-08-14,3.1585517,3.0654798
123,2023,Putumayo,2023-08-07,2,2023-08-21,2.632126,3.039765
123,2023,Putumayo,2023-08-07,3,2023-08-28,3.4217641,3.0184379
123,2023,Putumayo,2023-08-07,4,2023-09-04,1.5792757,3.0325203
123,2023,Putumayo,2023-08-14,1,2023-08-21,2.632126,2.8039386
123,2023,Putumayo,2023-08-14,2,2023-08-28,3.4217641,2.765531
123,2023,Putumayo,2023-08-14,3,2023-09-04,1.5792757,2.7392764
123,2023,Putumayo,2023-08-14,4,2023-09-11,2.1057007,2.7441561
123,2023,Putumayo,2023-08-21,1,2023-08-28,3.4217641,2.5232925
123,2023,Putumayo,2023-08-21,2,2023-09-04,1.5792757,2.4800785
123,2023,Putumayo,2023-08-21,3,2023-09-11,2.1057007,2.4566193
123,2023,Putumayo,2023-08-21,4,2023-09-18,3.1585517,2.454263
123,2023,Putumayo,2023-08-28,1,2023-09-04,1.5792757,2.2702277
123,2023,Putumayo,2023-08-28,2,2023-09-11,2.1057007,2.2198718
123,2023,Putumayo,2023-08-28,3,2023-09-18,3.1585517,2.193906
123,2023,Putumayo,2023-08-28,4,2023-09-25,0.7896378,2.183044
123,2023,Putumayo,2023-09-04,1,2023-09-11,2.1057007,2.4566588
123,2023,Putumayo,2023-09-04,2,2023-09-18,3.1585517,2.4217489
123,2023,Putumayo,2023-09-04,3,2023-09-25,0.7896378,2.3986938
123,2023,Putumayo,2023-09-04,4,2023-10-02,0.7896378,2.3894627
123,2023,Putumayo,2023-09-11,1,2023-09-18,3.1585517,2.1720765
123,2023,Putumayo,2023-09-11,2,2023-09-25,0.7896378,2.136383
123,2023,Putumayo,2023-09-11,3,2023-10-02,0.7896378,2.1161306
123,2023,Putumayo,2023-09-11,4,2023-10-09,3.1585517,2.1104727
123,2023,Putumayo,2023-09-18,1,2023-09-25,0.7896378,1.9483794
123,2023,Putumayo,2023-09-18,2,2023-10-02,0.7896378,1.9083025
123,2023,Putumayo,2023-09-18,3,2023-10-09,3.1585517,1.8879082
123,2023,Putumayo,2023-09-18,4,2023-10-16,3.1585517,1.8772743
123,2023,Putumayo,2023-09-25,1,2023-10-02,0.7896378,2.2805014
123,2023,Putumayo,2023-09-25,2,2023-10-09,3.1585517,2.2706327
123,2023,Putumayo,2023-09-25,3,2023-10-16,3.1585517,2.2600906
123,2023,Putumayo,2023-09-25,4,2023-10-23,2.3689137,2.2657843
123,2023,Putumayo,2023-10-02,1,2023-10-09,3.1585517,1.9491736
123,2023,Putumayo,2023-10-02,2,2023-10-16,3.1585517,1.9293994
123,2023,Putumayo,2023-10-02,3,2023-10-23,2.3689137,1.9181056
123,2023,Putumayo,2023-10-02,4,2023-10-30,5.7906775,1.9280702
123,2023,Putumayo,2023-10-09,1,2023-10-16,3.1585517,1.6567332
123,2023,Putumayo,2023-10-09,2,2023-10-23,2.3689137,1.6320138
123,2023,Putumayo,2023-10-09,3,2023-10-30,5.7906775,1.6174618
123,2023,Putumayo,2023-10-09,4,2023-11-06,3.948189,1.6141682
123,2023,Putumayo,2023-10-16,1,2023-10-23,2.3689137,2.0194545
123,2023,Putumayo,2023-10-16,2,2023-10-30,5.7906775,2.0204034
123,2023,Putumayo,2023-10-16,3,2023-11-06,3.948189,2.016458
123,2023,Putumayo,2023-10-16,4,2023-11-13,3.1585517,2.0379076
123,2023,Putumayo,2023-10-23,1,2023-10-30,5.7906775,2.451838
123,2023,Putumayo,2023-10-23,2,2023-11-06,3.948189,2.4771805
123,2023,Putumayo,2023-10-23,3,2023-11-13,3.1585517,2.48275
123,2023,Putumayo,2023-10-23,4,2023-11-20,5.0010395,2.52192
123,2023,Putumayo,2023-10-30,1,2023-11-06,3.948189,2.4983497
123,2023,Putumayo,2023-10-30,2,2023-11-13,3.1585517,2.5199702
123,2023,Putumayo,2023-10-30,3,2023-11-20,5.0010395,2.5240445
123,2023,Putumayo,2023-10-30,4,2023-11-27,3.4217641,2.5687206
123,2023,Putumayo,2023-11-06,1,2023-11-13,3.1585517,3.2375083
123,2023,Putumayo,2023-11-06,2,2023-11-20,5.0010395,3.2718337
123,2023,Putumayo,2023-11-06,3,2023-11-27,3.4217641,3.2704396
123,2023,Putumayo,2023-11-06,4,2023-12-04,6.8435287,3.3024762
123,2023,Putumayo,2023-11-13,1,2023-11-20,5.0010395,3.6702926
123,2023,Putumayo,2023-11-13,2,2023-11-27,3.4217641,3.696939
123,2023,Putumayo,2023-11-13,3,2023-12-04,6.8435287,3.679402
123,2023,Putumayo,2023-11-13,4,2023-12-11,7.3699536,3.7098112
123,2023,Putumayo,2023-11-20,1,2023-11-27,3.4217641,3.6870806
123,2023,Putumayo,2023-11-20,2,2023-12-04,6.8435287,3.6942158
123,2023,Putumayo,2023-11-20,3,2023-12-11,7.3699536,3.6657774
123,2023,Putumayo,2023-11-20,4,2023-12-18,5.264252,3.698134
123,2023,Putumayo,2023-11-27,1,2023-12-04,6.8435287,4.0915422
123,2023,Putumayo,2023-11-27,2,2023-12-11,7.3699536,4.0851035
123,2023,Putumayo,2023-11-27,3,2023-12-18,5.264252,4.044611
123,2023,Putumayo,2023-11-27,4,2023-12-25,7.3699536,4.0583434
123,2023,Quindio,2023-02-20,1,2023-02-27,0.18014124,0.014481672
123,2023,Quindio,2023-02-20,2,2023-03-06,0.5404237,0.03782199
123,2023,Quindio,2023-02-20,3,2023-03-13,0.5404237,0.05876602
123,2023,Quindio,2023-02-20,4,2023-03-20,0.7205649,0.04233331
123,2023,Quindio,2023-02-27,1,2023-03-06,0.5404237,0.048356887
123,2023,Quindio,2023-02-27,2,2023-03-13,0.5404237,0.073429406
123,2023,Quindio,2023-02-27,3,2023-03-20,0.7205649,0.09112991
123,2023,Quindio,2023-02-27,4,2023-03-27,0.36028248,0.0862331
123,2023,Quindio,2023-03-06,1,2023-03-13,0.5404237,0.07799837
123,2023,Quindio,2023-03-06,2,2023-03-20,0.7205649,0.1005008
123,2023,Quindio,2023-03-06,3,2023-03-27,0.36028248,0.113206625
123,2023,Quindio,2023-03-06,4,2023-04-03,0.7205649,0.118860215
123,2023,Quindio,2023-03-13,1,2023-03-20,0.7205649,0.08294407
123,2023,Quindio,2023-03-13,2,2023-03-27,0.36028248,0.10207619
123,2023,Quindio,2023-03-13,3,2023-04-03,0.7205649,0.11346669
123,2023,Quindio,2023-03-13,4,2023-04-10,0.0,0.117774636
123,2023,Quindio,2023-03-20,1,2023-03-27,0.36028248,0.08545849
123,2023,Quindio,2023-03-20,2,2023-04-03,0.7205649,0.10145222
123,2023,Quindio,2023-03-20,3,2023-04-10,0.0,0.11151496
123,2023,Quindio,2023-03-20,4,2023-04-17,0.18014124,0.11284503
123,2023,Quindio,2023-03-27,1,2023-04-03,0.7205649,0.0959997
123,2023,Quindio,2023-03-27,2,2023-04-10,0.0,0.10955371
123,2023,Quindio,2023-03-27,3,2023-04-17,0.18014124,0.11685343
123,2023,Quindio,2023-03-27,4,2023-04-24,0.5404237,0.1188848
123,2023,Quindio,2023-04-03,1,2023-04-10,0.0,0.11462781
123,2023,Quindio,2023-04-03,2,2023-04-17,0.18014124,0.12359702
123,2023,Quindio,2023-04-03,3,2023-04-24,0.5404237,0.13026236
123,2023,Quindio,2023-04-03,4,2023-05-01,0.5404237,0.13278672
123,2023,Quindio,2023-04-10,1,2023-04-17,0.18014124,0.13858706
123,2023,Quindio,2023-04-10,2,2023-04-24,0.5404237,0.14758377
123,2023,Quindio,2023-04-10,3,2023-05-01,0.5404237,0.15493277
123,2023,Quindio,2023-04-10,4,2023-05-08,0.36028248,0.15733467
123,2023,Quindio,2023-04-17,1,2023-04-24,0.5404237,0.15549326
123,2023,Quindio,2023-04-17,2,2023-05-01,0.5404237,0.1651456
123,2023,Quindio,2023-04-17,3,2023-05-08,0.36028248,0.172478
123,2023,Quindio,2023-04-17,4,2023-05-15,0.36028248,0.17159207
123,2023,Quindio,2023-04-24,1,2023-05-01,0.5404237,0.12758808
123,2023,Quindio,2023-04-24,2,2023-05-08,0.36028248,0.13634095
123,2023,Quindio,2023-04-24,3,2023-05-15,0.36028248,0.14490482
123,2023,Quindio,2023-04-24,4,2023-05-22,0.18014124,0.14738429
123,2023,Quindio,2023-05-01,1,2023-05-08,0.36028248,0.14585619
123,2023,Quindio,2023-05-01,2,2023-05-15,0.36028248,0.15680093
123,2023,Quindio,2023-05-01,3,2023-05-22,0.18014124,0.16623858
123,2023,Quindio,2023-05-01,4,2023-05-29,0.18014124,0.17111304
123,2023,Quindio,2023-05-08,1,2023-05-15,0.36028248,0.17066634
123,2023,Quindio,2023-05-08,2,2023-05-22,0.18014124,0.1890598
123,2023,Quindio,2023-05-08,3,2023-05-29,0.18014124,0.20062473
123,2023,Quindio,2023-05-08,4,2023-06-05,0.36028248,0.21122082
123,2023,Quindio,2023-05-15,1,2023-05-22,0.18014124,0.19607449
123,2023,Quindio,2023-05-15,2,2023-05-29,0.18014124,0.21643095
123,2023,Quindio,2023-05-15,3,2023-06-05,0.36028248,0.22916347
123,2023,Quindio,2023-05-15,4,2023-06-12,0.18014124,0.24287881
123,2023,Quindio,2023-05-22,1,2023-05-29,0.18014124,0.1967011
123,2023,Quindio,2023-05-22,2,2023-06-05,0.36028248,0.21178806
123,2023,Quindio,2023-05-22,3,2023-06-12,0.18014124,0.22305594
123,2023,Quindio,2023-05-22,4,2023-06-19,0.0,0.23048256
123,2023,Quindio,2023-05-29,1,2023-06-05,0.36028248,0.17097507
123,2023,Quindio,2023-05-29,2,2023-06-12,0.18014124,0.17756115
123,2023,Quindio,2023-05-29,3,2023-06-19,0.0,0.18543682
123,2023,Quindio,2023-05-29,4,2023-06-26,0.18014124,0.185443
123,2023,Quindio,2023-06-05,1,2023-06-12,0.18014124,0.14424849
123,2023,Quindio,2023-06-05,2,2023-06-19,0.0,0.14334185
123,2023,Quindio,2023-06-05,3,2023-06-26,0.18014124,0.14862463
123,2023,Quindio,2023-06-05,4,2023-07-03,0.36028248,0.14792095
123,2023,Quindio,2023-06-12,1,2023-06-19,0.0,0.13003932
123,2023,Quindio,2023-06-12,2,2023-06-26,0.18014124,0.13095891
123,2023,Quindio,2023-06-12,3,2023-07-03,0.36028248,0.13522038
123,2023,Quindio,2023-06-12,4,2023-07-10,0.18014124,0.13701265
123,2023,Quindio,2023-06-19,1,2023-06-26,0.18014124,0.13291837
123,2023,Quindio,2023-06-19,2,2023-07-03,0.36028248,0.13512872
123,2023,Quindio,2023-06-19,3,2023-07-10,0.18014124,0.13926966
123,2023,Quindio,2023-06-19,4,2023-07-17,0.18014124,0.14328247
123,2023,Quindio,2023-06-26,1,2023-07-03,0.36028248,0.12061156
123,2023,Quindio,2023-06-26,2,2023-07-10,0.18014124,0.12443975
123,2023,Quindio,2023-06-26,3,2023-07-17,0.18014124,0.12800921
123,2023,Quindio,2023-06-26,4,2023-07-24,0.5404237,0.13043907
123,2023,Quindio,2023-07-03,1,2023-07-10,0.18014124,0.104072794
123,2023,Quindio,2023-07-03,2,2023-07-17,0.18014124,0.108889125
123,2023,Quindio,2023-07-03,3,2023-07-24,0.5404237,0.114557646
123,2023,Quindio,2023-07-03,4,2023-07-31,0.7205649,0.11132018
123,2023,Quindio,2023-07-10,1,2023-07-17,0.18014124,0.08348346
123,2023,Quindio,2023-07-10,2,2023-07-24,0.5404237,0.09166391
123,2023,Quindio,2023-07-10,3,2023-07-31,0.7205649,0.10166395
123,2023,Quindio,2023-07-10,4,2023-08-07,0.18014124,0.093628325
123,2023,Quindio,2023-07-17,1,2023-07-24,0.5404237,0.08104552
123,2023,Quindio,2023-07-17,2,2023-07-31,0.7205649,0.0908625
123,2023,Quindio,2023-07-17,3,2023-08-07,0.18014124,0.1019671
123,2023,Quindio,2023-07-17,4,2023-08-14,0.5404237,0.094445854
123,2023,Quindio,2023-07-24,1,2023-07-31,0.7205649,0.07712405
123,2023,Quindio,2023-07-24,2,2023-08-07,0.18014124,0.08818071
123,2023,Quindio,2023-07-24,3,2023-08-14,0.5404237,0.100437276
123,2023,Quindio,2023-07-24,4,2023-08-21,0.90070623,0.093213625
123,2023,Quindio,2023-07-31,1,2023-08-07,0.18014124,0.08263503
123,2023,Quindio,2023-07-31,2,2023-08-14,0.5404237,0.094911166
123,2023,Quindio,2023-07-31,3,2023-08-21,0.90070623,0.10679711
123,2023,Quindio,2023-07-31,4,2023-08-28,1.0808474,0.10413171
123,2023,Quindio,2023-08-07,1,2023-08-14,0.5404237,0.09790533
123,2023,Quindio,2023-08-07,2,2023-08-21,0.90070623,0.110827446
123,2023,Quindio,2023-08-07,3,2023-08-28,1.0808474,0.120508604
123,2023,Quindio,2023-08-07,4,2023-09-04,0.5404237,0.12675029
123,2023,Quindio,2023-08-14,1,2023-08-21,0.90070623,0.108847365
123,2023,Quindio,2023-08-14,2,2023-08-28,1.0808474,0.12009972
123,2023,Quindio,2023-08-14,3,2023-09-04,0.5404237,0.12760325
123,2023,Quindio,2023-08-14,4,2023-09-11,0.5404237,0.13769819
123,2023,Quindio,2023-08-21,1,2023-08-28,1.0808474,0.12253561
123,2023,Quindio,2023-08-21,2,2023-09-04,0.5404237,0.12970924
123,2023,Quindio,2023-08-21,3,2023-09-11,0.5404237,0.13626388
123,2023,Quindio,2023-08-21,4,2023-09-18,1.2609886,0.14599228
123,2023,Quindio,2023-08-28,1,2023-09-04,0.5404237,0.15891828
123,2023,Quindio,2023-08-28,2,2023-09-11,0.5404237,0.16910431
123,2023,Quindio,2023-08-28,3,2023-09-18,1.2609886,0.17713682
123,2023,Quindio,2023-08-28,4,2023-09-25,1.4411299,0.19087462
123,2023,Quindio,2023-09-04,1,2023-09-11,0.5404237,0.23019229
123,2023,Quindio,2023-09-04,2,2023-09-18,1.2609886,0.253484
123,2023,Quindio,2023-09-04,3,2023-09-25,1.4411299,0.2658854
123,2023,Quindio,2023-09-04,4,2023-10-02,1.6212711,0.29449767
123,2023,Quindio,2023-09-11,1,2023-09-18,1.2609886,0.31758198
123,2023,Quindio,2023-09-11,2,2023-09-25,1.4411299,0.33904338
123,2023,Quindio,2023-09-11,3,2023-10-02,1.6212711,0.35897547
123,2023,Quindio,2023-09-11,4,2023-10-09,1.8014123,0.3910584
123,2023,Quindio,2023-09-18,1,2023-09-25,1.4411299,0.3593754
123,2023,Quindio,2023-09-18,2,2023-10-02,1.6212711,0.37592822
123,2023,Quindio,2023-09-18,3,2023-10-09,1.8014123,0.3960548
123,2023,Quindio,2023-09-18,4,2023-10-16,1.6212711,0.42097887
123,2023,Quindio,2023-09-25,1,2023-10-02,1.6212711,0.45228305
123,2023,Quindio,2023-09-25,2,2023-10-09,1.8014123,0.46937713
123,2023,Quindio,2023-09-25,3,2023-10-16,1.6212711,0.4889368
123,2023,Quindio,2023-09-25,4,2023-10-23,1.4411299,0.5238166
123,2023,Quindio,2023-10-02,1,2023-10-09,1.8014123,0.5953745
123,2023,Quindio,2023-10-02,2,2023-10-16,1.6212711,0.617858
123,2023,Quindio,2023-10-02,3,2023-10-23,1.4411299,0.6390821
123,2023,Quindio,2023-10-02,4,2023-10-30,1.0808474,0.69069004
123,2023,Quindio,2023-10-09,1,2023-10-16,1.6212711,0.7823989
123,2023,Quindio,2023-10-09,2,2023-10-23,1.4411299,0.8084352
123,2023,Quindio,2023-10-09,3,2023-10-30,1.0808474,0.83114874
123,2023,Quindio,2023-10-09,4,2023-11-06,0.7205649,0.89996487
123,2023,Quindio,2023-10-16,1,2023-10-23,1.4411299,1.0101839
123,2023,Quindio,2023-10-16,2,2023-10-30,1.0808474,1.0383843
123,2023,Quindio,2023-10-16,3,2023-11-06,0.7205649,1.065125
123,2023,Quindio,2023-10-16,4,2023-11-13,1.8014123,1.1533549
123,2023,Quindio,2023-10-23,1,2023-10-30,1.0808474,1.2214358
123,2023,Quindio,2023-10-23,2,2023-11-06,0.7205649,1.2548828
123,2023,Quindio,2023-10-23,3,2023-11-13,1.8014123,1.2870928
123,2023,Quindio,2023-10-23,4,2023-11-20,1.6212711,1.3739225
123,2023,Quindio,2023-10-30,1,2023-11-06,0.7205649,1.2884239
123,2023,Quindio,2023-10-30,2,2023-11-13,1.8014123,1.3136837
123,2023,Quindio,2023-10-30,3,2023-11-20,1.6212711,1.3453299
123,2023,Quindio,2023-10-30,4,2023-11-27,2.8822598,1.4208388
123,2023,Quindio,2023-11-06,1,2023-11-13,1.8014123,1.2149702
123,2023,Quindio,2023-11-06,2,2023-11-20,1.6212711,1.2240927
123,2023,Quindio,2023-11-06,3,2023-11-27,2.8822598,1.2454672
123,2023,Quindio,2023-11-06,4,2023-12-04,2.1616945,1.2947805
123,2023,Quindio,2023-11-13,1,2023-11-20,1.6212711,1.1577514
123,2023,Quindio,2023-11-13,2,2023-11-27,2.8822598,1.1618973
123,2023,Quindio,2023-11-13,3,2023-12-04,2.1616945,1.1778786
123,2023,Quindio,2023-11-13,4,2023-12-11,2.341836,1.1948682
123,2023,Quindio,2023-11-20,1,2023-11-27,2.8822598,1.2444345
123,2023,Quindio,2023-11-20,2,2023-12-04,2.1616945,1.2505982
123,2023,Quindio,2023-11-20,3,2023-12-11,2.341836,1.2672508
123,2023,Quindio,2023-11-20,4,2023-12-18,2.1616945,1.3000476
123,2023,Quindio,2023-11-27,1,2023-12-04,2.1616945,1.4936457
123,2023,Quindio,2023-11-27,2,2023-12-11,2.341836,1.5073152
123,2023,Quindio,2023-11-27,3,2023-12-18,2.1616945,1.5326887
123,2023,Quindio,2023-11-27,4,2023-12-25,1.9815537,1.586833
123,2023,Risaralda,2023-02-20,1,2023-02-27,0.0,0.010988117
123,2023,Risaralda,2023-02-20,2,2023-03-06,0.10087377,0.037516028
123,2023,Risaralda,2023-02-20,3,2023-03-13,0.10087377,0.05870307
123,2023,Risaralda,2023-02-20,4,2023-03-20,0.10087377,0.048019532
123,2023,Risaralda,2023-02-27,1,2023-03-06,0.10087377,0.014671215
123,2023,Risaralda,2023-02-27,2,2023-03-13,0.10087377,0.039856575
123,2023,Risaralda,2023-02-27,3,2023-03-20,0.10087377,0.060569078
123,2023,Risaralda,2023-02-27,4,2023-03-27,0.10087377,0.048634287
123,2023,Risaralda,2023-03-06,1,2023-03-13,0.10087377,0.017149879
123,2023,Risaralda,2023-03-06,2,2023-03-20,0.10087377,0.040714737
123,2023,Risaralda,2023-03-06,3,2023-03-27,0.10087377,0.06101964
123,2023,Risaralda,2023-03-06,4,2023-04-03,0.0,0.04753396
123,2023,Risaralda,2023-03-13,1,2023-03-20,0.10087377,0.011776607
123,2023,Risaralda,2023-03-13,2,2023-03-27,0.10087377,0.034204725
123,2023,Risaralda,2023-03-13,3,2023-04-03,0.0,0.054320894
123,2023,Risaralda,2023-03-13,4,2023-04-10,0.10087377,0.039346803
123,2023,Risaralda,2023-03-20,1,2023-03-27,0.10087377,0.006811478
123,2023,Risaralda,2023-03-20,2,2023-04-03,0.0,0.028735103
123,2023,Risaralda,2023-03-20,3,2023-04-10,0.10087377,0.048105493
123,2023,Risaralda,2023-03-20,4,2023-04-17,0.10087377,0.034501296
123,2023,Risaralda,2023-03-27,1,2023-04-03,0.0,0.0042176037
123,2023,Risaralda,2023-03-27,2,2023-04-10,0.10087377,0.026660584
123,2023,Risaralda,2023-03-27,3,2023-04-17,0.10087377,0.046051018
123,2023,Risaralda,2023-03-27,4,2023-04-24,0.10087377,0.03398978
123,2023,Risaralda,2023-04-03,1,2023-04-10,0.10087377,0.0057417625
123,2023,Risaralda,2023-04-03,2,2023-04-17,0.10087377,0.02997268
123,2023,Risaralda,2023-04-03,3,2023-04-24,0.10087377,0.05035997
123,2023,Risaralda,2023-04-03,4,2023-05-01,0.10087377,0.039607376
123,2023,Risaralda,2023-04-10,1,2023-04-17,0.10087377,0.005825759
123,2023,Risaralda,2023-04-10,2,2023-04-24,0.10087377,0.030767042
123,2023,Risaralda,2023-04-10,3,2023-05-01,0.10087377,0.05163642
123,2023,Risaralda,2023-04-10,4,2023-05-08,0.40349504,0.04179844
123,2023,Risaralda,2023-04-17,1,2023-04-24,0.10087377,0.00465368
123,2023,Risaralda,2023-04-17,2,2023-05-01,0.10087377,0.02986278
123,2023,Risaralda,2023-04-17,3,2023-05-08,0.40349504,0.051004946
123,2023,Risaralda,2023-04-17,4,2023-05-15,0.20174754,0.041862354
123,2023,Risaralda,2023-04-24,1,2023-05-01,0.10087377,0.0076606567
123,2023,Risaralda,2023-04-24,2,2023-05-08,0.40349504,0.032749765
123,2023,Risaralda,2023-04-24,3,2023-05-15,0.20174754,0.054047707
123,2023,Risaralda,2023-04-24,4,2023-05-22,0.0,0.04496137
123,2023,Risaralda,2023-05-01,1,2023-05-08,0.40349504,0.014441654
123,2023,Risaralda,2023-05-01,2,2023-05-15,0.20174754,0.039192878
123,2023,Risaralda,2023-05-01,3,2023-05-22,0.0,0.0604703
123,2023,Risaralda,2023-05-01,4,2023-05-29,0.10087377,0.051311918
123,2023,Risaralda,2023-05-08,1,2023-05-15,0.20174754,0.018441461
123,2023,Risaralda,2023-05-08,2,2023-05-22,0.0,0.042894002
123,2023,Risaralda,2023-05-08,3,2023-05-29,0.10087377,0.06415099
123,2023,Risaralda,2023-05-08,4,2023-06-05,0.10087377,0.055566475
123,2023,Risaralda,2023-05-15,1,2023-05-22,0.0,0.033136442
123,2023,Risaralda,2023-05-15,2,2023-05-29,0.10087377,0.05516501
123,2023,Risaralda,2023-05-15,3,2023-06-05,0.10087377,0.075669274
123,2023,Risaralda,2023-05-15,4,2023-06-12,0.10087377,0.06784776
123,2023,Risaralda,2023-05-22,1,2023-05-29,0.10087377,0.04298561
123,2023,Risaralda,2023-05-22,2,2023-06-05,0.10087377,0.062282152
123,2023,Risaralda,2023-05-22,3,2023-06-12,0.10087377,0.08066828
123,2023,Risaralda,2023-05-22,4,2023-06-19,0.20174754,0.07386572
123,2023,Risaralda,2023-05-29,1,2023-06-05,0.10087377,0.03561823
123,2023,Risaralda,2023-05-29,2,2023-06-12,0.10087377,0.054067425
123,2023,Risaralda,2023-05-29,3,2023-06-19,0.20174754,0.07334083
123,2023,Risaralda,2023-05-29,4,2023-06-26,0.20174754,0.06391439
123,2023,Risaralda,2023-06-05,1,2023-06-12,0.10087377,0.033528175
123,2023,Risaralda,2023-06-05,2,2023-06-19,0.20174754,0.050984718
123,2023,Risaralda,2023-06-05,3,2023-06-26,0.20174754,0.07001813
123,2023,Risaralda,2023-06-05,4,2023-07-03,0.10087377,0.058968414
123,2023,Risaralda,2023-06-12,1,2023-06-19,0.20174754,0.03315363
123,2023,Risaralda,2023-06-12,2,2023-06-26,0.20174754,0.05039436
123,2023,Risaralda,2023-06-12,3,2023-07-03,0.10087377,0.069438525
123,2023,Risaralda,2023-06-12,4,2023-07-10,0.40349504,0.057884514
123,2023,Risaralda,2023-06-19,1,2023-06-26,0.20174754,0.034958024
123,2023,Risaralda,2023-06-19,2,2023-07-03,0.10087377,0.052760784
123,2023,Risaralda,2023-06-19,3,2023-07-10,0.40349504,0.07205955
123,2023,Risaralda,2023-06-19,4,2023-07-17,0.0,0.060996827
123,2023,Risaralda,2023-06-26,1,2023-07-03,0.10087377,0.040284783
123,2023,Risaralda,2023-06-26,2,2023-07-10,0.40349504,0.057984423
123,2023,Risaralda,2023-06-26,3,2023-07-17,0.0,0.076719284
123,2023,Risaralda,2023-06-26,4,2023-07-24,0.10087377,0.066941425
123,2023,Risaralda,2023-07-03,1,2023-07-10,0.40349504,0.046243973
123,2023,Risaralda,2023-07-03,2,2023-07-17,0.0,0.06298663
123,2023,Risaralda,2023-07-03,3,2023-07-24,0.10087377,0.08063874
123,2023,Risaralda,2023-07-03,4,2023-07-31,0.10087377,0.07208334
123,2023,Risaralda,2023-07-10,1,2023-07-17,0.0,0.043396275
123,2023,Risaralda,2023-07-10,2,2023-07-24,0.10087377,0.06022734
123,2023,Risaralda,2023-07-10,3,2023-07-31,0.10087377,0.0785922
123,2023,Risaralda,2023-07-10,4,2023-08-07,0.6052426,0.06935462
123,2023,Risaralda,2023-07-17,1,2023-07-24,0.10087377,0.05316461
123,2023,Risaralda,2023-07-17,2,2023-07-31,0.10087377,0.06939501
123,2023,Risaralda,2023-07-17,3,2023-08-07,0.6052426,0.08620905
123,2023,Risaralda,2023-07-17,4,2023-08-14,0.6052426,0.08000925
123,2023,Risaralda,2023-07-24,1,2023-07-31,0.10087377,0.058235127
123,2023,Risaralda,2023-07-24,2,2023-08-07,0.6052426,0.07292915
123,2023,Risaralda,2023-07-24,3,2023-08-14,0.6052426,0.08851046
123,2023,Risaralda,2023-07-24,4,2023-08-21,0.30262133,0.08277606
123,2023,Risaralda,2023-07-31,1,2023-08-07,0.6052426,0.05664537
123,2023,Risaralda,2023-07-31,2,2023-08-14,0.6052426,0.07088129
123,2023,Risaralda,2023-07-31,3,2023-08-21,0.30262133,0.08649408
123,2023,Risaralda,2023-07-31,4,2023-08-28,0.6052426,0.080266126
123,2023,Risaralda,2023-08-07,1,2023-08-14,0.6052426,0.05400508
123,2023,Risaralda,2023-08-07,2,2023-08-21,0.30262133,0.06804841
123,2023,Risaralda,2023-08-07,3,2023-08-28,0.6052426,0.08377196
123,2023,Risaralda,2023-08-07,4,2023-09-04,0.50436884,0.076687805
123,2023,Risaralda,2023-08-14,1,2023-08-21,0.30262133,0.0622401
123,2023,Risaralda,2023-08-14,2,2023-08-28,0.6052426,0.076475136
123,2023,Risaralda,2023-08-14,3,2023-09-04,0.50436884,0.09075622
123,2023,Risaralda,2023-08-14,4,2023-09-11,0.6052426,0.08703215
123,2023,Risaralda,2023-08-21,1,2023-08-28,0.6052426,0.07641194
123,2023,Risaralda,2023-08-21,2,2023-09-04,0.50436884,0.090132
123,2023,Risaralda,2023-08-21,3,2023-09-11,0.6052426,0.10207647
123,2023,Risaralda,2023-08-21,4,2023-09-18,0.8069902,0.10364898
123,2023,Risaralda,2023-08-28,1,2023-09-04,0.50436884,0.0862684
123,2023,Risaralda,2023-08-28,2,2023-09-11,0.6052426,0.09812823
123,2023,Risaralda,2023-08-28,3,2023-09-18,0.8069902,0.10807943
123,2023,Risaralda,2023-08-28,4,2023-09-25,0.40349504,0.1121726
123,2023,Risaralda,2023-09-04,1,2023-09-11,0.6052426,0.10767575
123,2023,Risaralda,2023-09-04,2,2023-09-18,0.8069902,0.11767098
123,2023,Risaralda,2023-09-04,3,2023-09-25,0.40349504,0.124112576
123,2023,Risaralda,2023-09-04,4,2023-10-02,0.8069902,0.13537638
123,2023,Risaralda,2023-09-11,1,2023-09-18,0.8069902,0.13429825
123,2023,Risaralda,2023-09-11,2,2023-09-25,0.40349504,0.14148913
123,2023,Risaralda,2023-09-11,3,2023-10-02,0.8069902,0.15004012
123,2023,Risaralda,2023-09-11,4,2023-10-09,0.70611644,0.16546045
123,2023,Risaralda,2023-09-18,1,2023-09-25,0.40349504,0.16351777
123,2023,Risaralda,2023-09-18,2,2023-10-02,0.8069902,0.17430416
123,2023,Risaralda,2023-09-18,3,2023-10-09,0.70611644,0.18355715
123,2023,Risaralda,2023-09-18,4,2023-10-16,0.40349504,0.19786514
123,2023,Risaralda,2023-09-25,1,2023-10-02,0.8069902,0.20168424
123,2023,Risaralda,2023-09-25,2,2023-10-09,0.70611644,0.21650991
123,2023,Risaralda,2023-09-25,3,2023-10-16,0.40349504,0.22701806
123,2023,Risaralda,2023-09-25,4,2023-10-23,0.40349504,0.24355282
123,2023,Risaralda,2023-10-02,1,2023-10-09,0.70611644,0.23413645
123,2023,Risaralda,2023-10-02,2,2023-10-16,0.40349504,0.24967918
123,2023,Risaralda,2023-10-02,3,2023-10-23,0.40349504,0.26042682
123,2023,Risaralda,2023-10-02,4,2023-10-30,0.70611644,0.27409717
123,2023,Risaralda,2023-10-09,1,2023-10-16,0.40349504,0.25770873
123,2023,Risaralda,2023-10-09,2,2023-10-23,0.40349504,0.27348337
123,2023,Risaralda,2023-10-09,3,2023-10-30,0.70611644,0.2847358
123,2023,Risaralda,2023-10-09,4,2023-11-06,0.9078639,0.29616717
123,2023,Risaralda,2023-10-16,1,2023-10-23,0.40349504,0.2657675
123,2023,Risaralda,2023-10-16,2,2023-10-30,0.70611644,0.28100458
123,2023,Risaralda,2023-10-16,3,2023-11-06,0.9078639,0.2919736
123,2023,Risaralda,2023-10-16,4,2023-11-13,0.8069902,0.30116346
123,2023,Risaralda,2023-10-23,1,2023-10-30,0.70611644,0.26800483
123,2023,Risaralda,2023-10-23,2,2023-11-06,0.9078639,0.28310028
123,2023,Risaralda,2023-10-23,3,2023-11-13,0.8069902,0.29339767
123,2023,Risaralda,2023-10-23,4,2023-11-20,1.1096114,0.30028698
123,2023,Risaralda,2023-10-30,1,2023-11-06,0.9078639,0.25397462
123,2023,Risaralda,2023-10-30,2,2023-11-13,0.8069902,0.26839092
123,2023,Risaralda,2023-10-30,3,2023-11-20,1.1096114,0.2777209
123,2023,Risaralda,2023-10-30,4,2023-11-27,1.2104852,0.28382248
123,2023,Risaralda,2023-11-06,1,2023-11-13,0.8069902,0.26025438
123,2023,Risaralda,2023-11-06,2,2023-11-20,1.1096114,0.2755665
123,2023,Risaralda,2023-11-06,3,2023-11-27,1.2104852,0.28450465
123,2023,Risaralda,2023-11-06,4,2023-12-04,0.8069902,0.29133862
123,2023,Risaralda,2023-11-13,1,2023-11-20,1.1096114,0.30717924
123,2023,Risaralda,2023-11-13,2,2023-11-27,1.2104852,0.32592928
123,2023,Risaralda,2023-11-13,3,2023-12-04,0.8069902,0.3394895
123,2023,Risaralda,2023-11-13,4,2023-12-11,1.0087377,0.3512717
123,2023,Risaralda,2023-11-20,1,2023-11-27,1.2104852,0.34701073
123,2023,Risaralda,2023-11-20,2,2023-12-04,0.8069902,0.36539465
123,2023,Risaralda,2023-11-20,3,2023-12-11,1.0087377,0.38274634
123,2023,Risaralda,2023-11-20,4,2023-12-18,0.8069902,0.40096402
123,2023,Risaralda,2023-11-27,1,2023-12-04,0.8069902,0.46181792
123,2023,Risaralda,2023-11-27,2,2023-12-11,1.0087377,0.48159793
123,2023,Risaralda,2023-11-27,3,2023-12-18,0.8069902,0.5021642
123,2023,Risaralda,2023-11-27,4,2023-12-25,1.311359,0.5380324
123,2023,Santander,2023-02-20,1,2023-02-27,1.9486846,2.1708908
123,2023,Santander,2023-02-20,2,2023-03-06,1.9063215,2.12477
123,2023,Santander,2023-02-20,3,2023-03-13,2.245223,2.1153278
123,2023,Santander,2023-02-20,4,2023-03-20,1.7792336,2.119621
123,2023,Santander,2023-02-27,1,2023-03-06,1.9063215,2.3520887
123,2023,Santander,2023-02-27,2,2023-03-13,2.245223,2.3184624
123,2023,Santander,2023-02-27,3,2023-03-20,1.7792336,2.3126106
123,2023,Santander,2023-02-27,4,2023-03-27,2.711213,2.328349
123,2023,Santander,2023-03-06,1,2023-03-13,2.245223,2.4007032
123,2023,Santander,2023-03-06,2,2023-03-20,1.7792336,2.3723345
123,2023,Santander,2023-03-06,3,2023-03-27,2.711213,2.3691814
123,2023,Santander,2023-03-06,4,2023-04-03,1.6521455,2.3907192
123,2023,Santander,2023-03-13,1,2023-03-20,1.7792336,2.396529
123,2023,Santander,2023-03-13,2,2023-03-27,2.711213,2.3698635
123,2023,Santander,2023-03-13,3,2023-04-03,1.6521455,2.367319
123,2023,Santander,2023-03-13,4,2023-04-10,2.6264877,2.3877633
123,2023,Santander,2023-03-20,1,2023-03-27,2.711213,2.4668543
123,2023,Santander,2023-03-20,2,2023-04-03,1.6521455,2.4452276
123,2023,Santander,2023-03-20,3,2023-04-10,2.6264877,2.4428444
123,2023,Santander,2023-03-20,4,2023-04-17,3.007752,2.46297
123,2023,Santander,2023-03-27,1,2023-04-03,1.6521455,2.430301
123,2023,Santander,2023-03-27,2,2023-04-10,2.6264877,2.4086635
123,2023,Santander,2023-03-27,3,2023-04-17,3.007752,2.40642
123,2023,Santander,2023-03-27,4,2023-04-24,3.6431925,2.4265704
123,2023,Santander,2023-04-03,1,2023-04-10,2.6264877,2.758184
123,2023,Santander,2023-04-03,2,2023-04-17,3.007752,2.748738
123,2023,Santander,2023-04-03,3,2023-04-24,3.6431925,2.7519028
123,2023,Santander,2023-04-03,4,2023-05-01,4.151545,2.7759051
123,2023,Santander,2023-04-10,1,2023-04-17,3.007752,2.5974221
123,2023,Santander,2023-04-10,2,2023-04-24,3.6431925,2.5769846
123,2023,Santander,2023-04-10,3,2023-05-01,4.151545,2.5736895
123,2023,Santander,2023-04-10,4,2023-05-08,4.659897,2.5976007
123,2023,Santander,2023-04-17,1,2023-04-24,3.6431925,2.8639176
123,2023,Santander,2023-04-17,2,2023-05-01,4.151545,2.8553514
123,2023,Santander,2023-04-17,3,2023-05-08,4.659897,2.8566504
123,2023,Santander,2023-04-17,4,2023-05-15,5.2106123,2.8784192
123,2023,Santander,2023-04-24,1,2023-05-01,4.151545,3.2685351
123,2023,Santander,2023-04-24,2,2023-05-08,4.659897,3.2681704
123,2023,Santander,2023-04-24,3,2023-05-15,5.2106123,3.267371
123,2023,Santander,2023-04-24,4,2023-05-22,5.083524,3.2873836
123,2023,Santander,2023-05-01,1,2023-05-08,4.659897,3.9333777
123,2023,Santander,2023-05-01,2,2023-05-15,5.2106123,3.936158
123,2023,Santander,2023-05-01,3,2023-05-22,5.083524,3.9227154
123,2023,Santander,2023-05-01,4,2023-05-29,6.8627577,3.9367511
123,2023,Santander,2023-05-08,1,2023-05-15,5.2106123,4.688092
123,2023,Santander,2023-05-08,2,2023-05-22,5.083524,4.682152
123,2023,Santander,2023-05-08,3,2023-05-29,6.8627577,4.6403904
123,2023,Santander,2023-05-08,4,2023-06-05,6.3967676,4.6423264
123,2023,Santander,2023-05-15,1,2023-05-22,5.083524,5.177464
123,2023,Santander,2023-05-15,2,2023-05-29,6.8627577,5.1468687
123,2023,Santander,2023-05-15,3,2023-06-05,6.3967676,5.0749793
123,2023,Santander,2023-05-15,4,2023-06-12,6.3120427,5.068737
123,2023,Santander,2023-05-22,1,2023-05-29,6.8627577,5.3572874
123,2023,Santander,2023-05-22,2,2023-06-05,6.3967676,5.294451
123,2023,Santander,2023-05-22,3,2023-06-12,6.3120427,5.2017245
123,2023,Santander,2023-05-22,4,2023-06-19,5.591877,5.1865025
123,2023,Santander,2023-05-29,1,2023-06-05,6.3967676,5.3441167
123,2023,Santander,2023-05-29,2,2023-06-12,6.3120427,5.2556
123,2023,Santander,2023-05-29,3,2023-06-19,5.591877,5.1537876
123,2023,Santander,2023-05-29,4,2023-06-26,6.7356706,5.1308074
123,2023,Santander,2023-06-05,1,2023-06-12,6.3120427,6.3395596
123,2023,Santander,2023-06-05,2,2023-06-19,5.591877,6.2415533
123,2023,Santander,2023-06-05,3,2023-06-26,6.7356706,6.124462
123,2023,Santander,2023-06-05,4,2023-07-03,6.6509447,6.025978
123,2023,Santander,2023-06-12,1,2023-06-19,5.591877,6.7448773
123,2023,Santander,2023-06-12,2,2023-06-26,6.7356706,6.6299467
123,2023,Santander,2023-06-12,3,2023-07-03,6.6509447,6.4858375
123,2023,Santander,2023-06-12,4,2023-07-10,8.3878145,6.3749557
123,2023,Santander,2023-06-19,1,2023-06-26,6.7356706,6.742206
123,2023,Santander,2023-06-19,2,2023-07-03,6.6509447,6.6113453
123,2023,Santander,2023-06-19,3,2023-07-10,8.3878145,6.451318
123,2023,Santander,2023-06-19,4,2023-07-17,7.837101,6.3376336
123,2023,Santander,2023-06-26,1,2023-07-03,6.6509447,6.1403704
123,2023,Santander,2023-06-26,2,2023-07-10,8.3878145,5.995833
123,2023,Santander,2023-06-26,3,2023-07-17,7.837101,5.83705
123,2023,Santander,2023-06-26,4,2023-07-24,8.641991,5.7579255
123,2023,Santander,2023-07-03,1,2023-07-10,8.3878145,6.301661
123,2023,Santander,2023-07-03,2,2023-07-17,7.837101,6.1521344
123,2023,Santander,2023-07-03,3,2023-07-24,8.641991,6.000211
123,2023,Santander,2023-07-03,4,2023-07-31,9.701059,5.8905416
123,2023,Santander,2023-07-10,1,2023-07-17,7.837101,6.171151
123,2023,Santander,2023-07-10,2,2023-07-24,8.641991,6.017725
123,2023,Santander,2023-07-10,3,2023-07-31,9.701059,5.865823
123,2023,Santander,2023-07-10,4,2023-08-07,9.9552355,5.764202
123,2023,Santander,2023-07-17,1,2023-07-24,8.641991,7.0584383
123,2023,Santander,2023-07-17,2,2023-07-31,9.701059,6.904341
123,2023,Santander,2023-07-17,3,2023-08-07,9.9552355,6.7528086
123,2023,Santander,2023-07-17,4,2023-08-14,11.268479,6.5733285
123,2023,Santander,2023-07-24,1,2023-07-31,9.701059,7.444979
123,2023,Santander,2023-07-24,2,2023-08-07,9.9552355,7.2884436
123,2023,Santander,2023-07-24,3,2023-08-14,11.268479,7.124835
123,2023,Santander,2023-07-24,4,2023-08-21,11.988645,6.9297857
123,2023,Santander,2023-07-31,1,2023-08-07,9.9552355,7.8708825
123,2023,Santander,2023-07-31,2,2023-08-14,11.268479,7.7040386
123,2023,Santander,2023-07-31,3,2023-08-21,11.988645,7.5325356
123,2023,Santander,2023-07-31,4,2023-08-28,10.3365,7.3033314
123,2023,Santander,2023-08-07,1,2023-08-14,11.268479,8.237249
123,2023,Santander,2023-08-07,2,2023-08-21,11.988645,8.057982
123,2023,Santander,2023-08-07,3,2023-08-28,10.3365,7.874274
123,2023,Santander,2023-08-07,4,2023-09-04,12.920626,7.615349
123,2023,Santander,2023-08-14,1,2023-08-21,11.988645,8.567814
123,2023,Santander,2023-08-14,2,2023-08-28,10.3365,8.372228
123,2023,Santander,2023-08-14,3,2023-09-04,12.920626,8.1794615
123,2023,Santander,2023-08-14,4,2023-09-11,12.835899,7.8909364
123,2023,Santander,2023-08-21,1,2023-08-28,10.3365,9.21634
123,2023,Santander,2023-08-21,2,2023-09-04,12.920626,8.995388
123,2023,Santander,2023-08-21,3,2023-09-11,12.835899,8.796151
123,2023,Santander,2023-08-21,4,2023-09-18,10.717765,8.445906
123,2023,Santander,2023-08-28,1,2023-09-04,12.920626,10.073362
123,2023,Santander,2023-08-28,2,2023-09-11,12.835899,9.818037
123,2023,Santander,2023-08-28,3,2023-09-18,10.717765,9.60797
123,2023,Santander,2023-08-28,4,2023-09-25,14.403317,9.185944
123,2023,Santander,2023-09-04,1,2023-09-11,12.835899,9.949435
123,2023,Santander,2023-09-04,2,2023-09-18,10.717765,9.672408
123,2023,Santander,2023-09-04,3,2023-09-25,14.403317,9.449165
123,2023,Santander,2023-09-04,4,2023-10-02,12.200457,9.050078
123,2023,Santander,2023-09-11,1,2023-09-18,10.717765,10.993605
123,2023,Santander,2023-09-11,2,2023-09-25,14.403317,10.674976
123,2023,Santander,2023-09-11,3,2023-10-02,12.200457,10.4484005
123,2023,Santander,2023-09-11,4,2023-10-09,14.657497,9.94534
123,2023,Santander,2023-09-18,1,2023-09-25,14.403317,10.772574
123,2023,Santander,2023-09-18,2,2023-10-02,12.200457,10.430991
123,2023,Santander,2023-09-18,3,2023-10-09,14.657497,10.186479
123,2023,Santander,2023-09-18,4,2023-10-16,14.276231,9.716682
123,2023,Santander,2023-09-25,1,2023-10-02,12.200457,9.841833
123,2023,Santander,2023-09-25,2,2023-10-09,14.657497,9.498489
123,2023,Santander,2023-09-25,3,2023-10-16,14.276231,9.249575
123,2023,Santander,2023-09-25,4,2023-10-23,12.158097,8.852261
123,2023,Santander,2023-10-02,1,2023-10-09,14.657497,11.321896
123,2023,Santander,2023-10-02,2,2023-10-16,14.276231,10.926433
123,2023,Santander,2023-10-02,3,2023-10-23,12.158097,10.682694
123,2023,Santander,2023-10-02,4,2023-10-30,11.226116,10.124131
123,2023,Santander,2023-10-09,1,2023-10-16,14.276231,10.855226
123,2023,Santander,2023-10-09,2,2023-10-23,12.158097,10.459588
123,2023,Santander,2023-10-09,3,2023-10-30,11.226116,10.202268
123,2023,Santander,2023-10-09,4,2023-11-06,10.378862,9.716812
123,2023,Santander,2023-10-16,1,2023-10-23,12.158097,12.003499
123,2023,Santander,2023-10-16,2,2023-10-30,11.226116,11.562608
123,2023,Santander,2023-10-16,3,2023-11-06,10.378862,11.305044
123,2023,Santander,2023-10-16,4,2023-11-13,11.988645,10.706858
123,2023,Santander,2023-10-23,1,2023-10-30,11.226116,12.422673
123,2023,Santander,2023-10-23,2,2023-11-06,10.378862,11.955072
123,2023,Santander,2023-10-23,3,2023-11-13,11.988645,11.683299
123,2023,Santander,2023-10-23,4,2023-11-20,11.607381,11.075142
123,2023,Santander,2023-10-30,1,2023-11-06,10.378862,11.078067
123,2023,Santander,2023-10-30,2,2023-11-13,11.988645,10.627459
123,2023,Santander,2023-10-30,3,2023-11-20,11.607381,10.346954
123,2023,Santander,2023-10-30,4,2023-11-27,12.158097,9.859982
123,2023,Santander,2023-11-06,1,2023-11-13,11.988645,9.853185
123,2023,Santander,2023-11-06,2,2023-11-20,11.607381,9.430058
123,2023,Santander,2023-11-06,3,2023-11-27,12.158097,9.154194
123,2023,Santander,2023-11-06,4,2023-12-04,11.861558,8.751789
123,2023,Santander,2023-11-13,1,2023-11-20,11.607381,9.65073
123,2023,Santander,2023-11-13,2,2023-11-27,12.158097,9.24861
123,2023,Santander,2023-11-13,3,2023-12-04,11.861558,8.982787
123,2023,Santander,2023-11-13,4,2023-12-11,14.699857,8.582234
123,2023,Santander,2023-11-20,1,2023-11-27,12.158097,10.117789
123,2023,Santander,2023-11-20,2,2023-12-04,11.861558,9.717398
123,2023,Santander,2023-11-20,3,2023-12-11,14.699857,9.454764
123,2023,Santander,2023-11-20,4,2023-12-18,14.318593,9.012962
123,2023,Santander,2023-11-27,1,2023-12-04,11.861558,9.85061
123,2023,Santander,2023-11-27,2,2023-12-11,14.699857,9.475913
123,2023,Santander,2023-11-27,3,2023-12-18,14.318593,9.211908
123,2023,Santander,2023-11-27,4,2023-12-25,13.640789,8.811482
123,2023,Sucre,2023-02-20,1,2023-02-27,6.1742163,6.5715017
123,2023,Sucre,2023-02-20,2,2023-03-06,4.879623,6.45057
123,2023,Sucre,2023-02-20,3,2023-03-13,5.7758794,6.2835317
123,2023,Sucre,2023-02-20,4,2023-03-20,3.9833653,6.150952
123,2023,Sucre,2023-02-27,1,2023-03-06,4.879623,6.0364017
123,2023,Sucre,2023-02-27,2,2023-03-13,5.7758794,5.911481
123,2023,Sucre,2023-02-27,3,2023-03-20,3.9833653,5.756667
123,2023,Sucre,2023-02-27,4,2023-03-27,2.8879397,5.6553664
123,2023,Sucre,2023-03-06,1,2023-03-13,5.7758794,5.542681
123,2023,Sucre,2023-03-06,2,2023-03-20,3.9833653,5.411374
123,2023,Sucre,2023-03-06,3,2023-03-27,2.8879397,5.2735443
123,2023,Sucre,2023-03-06,4,2023-04-03,2.290435,5.1945763
123,2023,Sucre,2023-03-13,1,2023-03-20,3.9833653,4.8475842
123,2023,Sucre,2023-03-13,2,2023-03-27,2.8879397,4.714021
123,2023,Sucre,2023-03-13,3,2023-04-03,2.290435,4.599457
123,2023,Sucre,2023-03-13,4,2023-04-10,5.3775434,4.5494103
123,2023,Sucre,2023-03-20,1,2023-03-27,2.8879397,4.924689
123,2023,Sucre,2023-03-20,2,2023-04-03,2.290435,4.7973795
123,2023,Sucre,2023-03-20,3,2023-04-10,5.3775434,4.702151
123,2023,Sucre,2023-03-20,4,2023-04-17,3.087108,4.6326494
123,2023,Sucre,2023-03-27,1,2023-04-03,2.290435,4.2883987
123,2023,Sucre,2023-03-27,2,2023-04-10,5.3775434,4.16952
123,2023,Sucre,2023-03-27,3,2023-04-17,3.087108,4.0904365
123,2023,Sucre,2023-03-27,4,2023-04-24,3.8837812,4.05167
123,2023,Sucre,2023-04-03,1,2023-04-10,5.3775434,3.4067554
123,2023,Sucre,2023-04-03,2,2023-04-17,3.087108,3.2878885
123,2023,Sucre,2023-04-03,3,2023-04-24,3.8837812,3.2290359
123,2023,Sucre,2023-04-03,4,2023-05-01,2.4896033,3.1780505
123,2023,Sucre,2023-04-10,1,2023-04-17,3.087108,2.697246
123,2023,Sucre,2023-04-10,2,2023-04-24,3.8837812,2.5933793
123,2023,Sucre,2023-04-10,3,2023-05-01,2.4896033,2.557529
123,2023,Sucre,2023-04-10,4,2023-05-08,2.6887717,2.482642
123,2023,Sucre,2023-04-17,1,2023-04-24,3.8837812,3.9615312
123,2023,Sucre,2023-04-17,2,2023-05-01,2.4896033,3.913933
123,2023,Sucre,2023-04-17,3,2023-05-08,2.6887717,3.8951378
123,2023,Sucre,2023-04-17,4,2023-05-15,4.1825337,3.8259041
123,2023,Sucre,2023-04-24,1,2023-05-01,2.4896033,4.0758777
123,2023,Sucre,2023-04-24,2,2023-05-08,2.6887717,4.0446033
123,2023,Sucre,2023-04-24,3,2023-05-15,4.1825337,4.0138044
123,2023,Sucre,2023-04-24,4,2023-05-22,3.385861,3.99073
123,2023,Sucre,2023-05-01,1,2023-05-08,2.6887717,4.491835
123,2023,Sucre,2023-05-01,2,2023-05-15,4.1825337,4.4729943
123,2023,Sucre,2023-05-01,3,2023-05-22,3.385861,4.4328403
123,2023,Sucre,2023-05-01,4,2023-05-29,3.087108,4.4092455
123,2023,Sucre,2023-05-08,1,2023-05-15,4.1825337,4.1982374
123,2023,Sucre,2023-05-08,2,2023-05-22,3.385861,4.1649003
123,2023,Sucre,2023-05-08,3,2023-05-29,3.087108,4.1180677
123,2023,Sucre,2023-05-08,4,2023-06-05,3.4854448,4.118065
123,2023,Sucre,2023-05-15,1,2023-05-22,3.385861,4.080236
123,2023,Sucre,2023-05-15,2,2023-05-29,3.087108,4.046955
123,2023,Sucre,2023-05-15,3,2023-06-05,3.4854448,4.004238
123,2023,Sucre,2023-05-15,4,2023-06-12,4.1825337,3.9990685
123,2023,Sucre,2023-05-22,1,2023-05-29,3.087108,4.871715
123,2023,Sucre,2023-05-22,2,2023-06-05,3.4854448,4.859789
123,2023,Sucre,2023-05-22,3,2023-06-12,4.1825337,4.805026
123,2023,Sucre,2023-05-22,4,2023-06-19,4.282118,4.769295
123,2023,Sucre,2023-05-29,1,2023-06-05,3.4854448,4.9287715
123,2023,Sucre,2023-05-29,2,2023-06-12,4.1825337,4.906676
123,2023,Sucre,2023-05-29,3,2023-06-19,4.282118,4.8345423
123,2023,Sucre,2023-05-29,4,2023-06-26,8.1659,4.8182154
123,2023,Sucre,2023-06-05,1,2023-06-12,4.1825337,4.7096424
123,2023,Sucre,2023-06-05,2,2023-06-19,4.282118,4.6684737
123,2023,Sucre,2023-06-05,3,2023-06-26,8.1659,4.5921197
123,2023,Sucre,2023-06-05,4,2023-07-03,5.8754635,4.5836945
123,2023,Sucre,2023-06-12,1,2023-06-19,4.282118,4.814613
123,2023,Sucre,2023-06-12,2,2023-06-26,8.1659,4.779141
123,2023,Sucre,2023-06-12,3,2023-07-03,5.8754635,4.7010694
123,2023,Sucre,2023-06-12,4,2023-07-10,5.3775434,4.6861706
123,2023,Sucre,2023-06-19,1,2023-06-26,8.1659,5.315762
123,2023,Sucre,2023-06-19,2,2023-07-03,5.8754635,5.291131
123,2023,Sucre,2023-06-19,3,2023-07-10,5.3775434,5.1994357
123,2023,Sucre,2023-06-19,4,2023-07-17,6.9708896,5.168627
123,2023,Sucre,2023-06-26,1,2023-07-03,5.8754635,5.4170246
123,2023,Sucre,2023-06-26,2,2023-07-10,5.3775434,5.388909
123,2023,Sucre,2023-06-26,3,2023-07-17,6.9708896,5.2838163
123,2023,Sucre,2023-06-26,4,2023-07-24,9.560079,5.265589
123,2023,Sucre,2023-07-03,1,2023-07-10,5.3775434,7.0397005
123,2023,Sucre,2023-07-03,2,2023-07-17,6.9708896,7.034582
123,2023,Sucre,2023-07-03,3,2023-07-24,9.560079,6.9026437
123,2023,Sucre,2023-07-03,4,2023-07-31,4.879623,6.769086
123,2023,Sucre,2023-07-10,1,2023-07-17,6.9708896,6.6702228
123,2023,Sucre,2023-07-10,2,2023-07-24,9.560079,6.622647
123,2023,Sucre,2023-07-10,3,2023-07-31,4.879623,6.462335
123,2023,Sucre,2023-07-10,4,2023-08-07,5.8754635,6.3999815
123,2023,Sucre,2023-07-17,1,2023-07-24,9.560079,6.1827035
123,2023,Sucre,2023-07-17,2,2023-07-31,4.879623,6.104588
123,2023,Sucre,2023-07-17,3,2023-08-07,5.8754635,5.9489093
123,2023,Sucre,2023-07-17,4,2023-08-14,6.572552,5.9057546
123,2023,Sucre,2023-07-24,1,2023-07-31,4.879623,6.986561
123,2023,Sucre,2023-07-24,2,2023-08-07,5.8754635,6.904558
123,2023,Sucre,2023-07-24,3,2023-08-14,6.572552,6.7460904
123,2023,Sucre,2023-07-24,4,2023-08-21,5.6762953,6.624499
123,2023,Sucre,2023-07-31,1,2023-08-07,5.8754635,8.15421
123,2023,Sucre,2023-07-31,2,2023-08-14,6.572552,8.068471
123,2023,Sucre,2023-07-31,3,2023-08-21,5.6762953,7.890021
123,2023,Sucre,2023-07-31,4,2023-08-28,3.4854448,7.683837
123,2023,Sucre,2023-08-07,1,2023-08-14,6.572552,6.2948227
123,2023,Sucre,2023-08-07,2,2023-08-21,5.6762953,6.1690016
123,2023,Sucre,2023-08-07,3,2023-08-28,3.4854448,5.9880104
123,2023,Sucre,2023-08-07,4,2023-09-04,3.1866922,5.933449
123,2023,Sucre,2023-08-14,1,2023-08-21,5.6762953,6.0843587
123,2023,Sucre,2023-08-14,2,2023-08-28,3.4854448,5.949677
123,2023,Sucre,2023-08-14,3,2023-09-04,3.1866922,5.7930803
123,2023,Sucre,2023-08-14,4,2023-09-11,3.385861,5.7108707
123,2023,Sucre,2023-08-21,1,2023-08-28,3.4854448,6.137424
123,2023,Sucre,2023-08-21,2,2023-09-04,3.1866922,5.9990225
123,2023,Sucre,2023-08-21,3,2023-09-11,3.385861,5.8497086
123,2023,Sucre,2023-08-21,4,2023-09-18,2.5891874,5.754771
123,2023,Sucre,2023-08-28,1,2023-09-04,3.1866922,5.9323316
123,2023,Sucre,2023-08-28,2,2023-09-11,3.385861,5.7980595
123,2023,Sucre,2023-08-28,3,2023-09-18,2.5891874,5.6569695
123,2023,Sucre,2023-08-28,4,2023-09-25,2.8879397,5.577623
123,2023,Sucre,2023-09-04,1,2023-09-11,3.385861,5.0225577
123,2023,Sucre,2023-09-04,2,2023-09-18,2.5891874,4.8826156
123,2023,Sucre,2023-09-04,3,2023-09-25,2.8879397,4.7643886
123,2023,Sucre,2023-09-04,4,2023-10-02,2.6887717,4.7278743
123,2023,Sucre,2023-09-11,1,2023-09-18,2.5891874,4.3596525
123,2023,Sucre,2023-09-11,2,2023-09-25,2.8879397,4.2165976
123,2023,Sucre,2023-09-11,3,2023-10-02,2.6887717,4.134385
123,2023,Sucre,2023-09-11,4,2023-10-09,2.091267,4.0953536
123,2023,Sucre,2023-09-18,1,2023-09-25,2.8879397,3.8361926
123,2023,Sucre,2023-09-18,2,2023-10-02,2.6887717,3.694372
123,2023,Sucre,2023-09-18,3,2023-10-09,2.091267,3.639564
123,2023,Sucre,2023-09-18,4,2023-10-16,2.5891874,3.5862856
123,2023,Sucre,2023-09-25,1,2023-10-02,2.6887717,3.406103
123,2023,Sucre,2023-09-25,2,2023-10-09,2.091267,3.282561
123,2023,Sucre,2023-09-25,3,2023-10-16,2.5891874,3.2457082
123,2023,Sucre,2023-09-25,4,2023-10-23,3.6846128,3.1798534
123,2023,Sucre,2023-10-02,1,2023-10-09,2.091267,3.4562469
123,2023,Sucre,2023-10-02,2,2023-10-16,2.5891874,3.3671353
123,2023,Sucre,2023-10-02,3,2023-10-23,3.6846128,3.348228
123,2023,Sucre,2023-10-02,4,2023-10-30,2.5891874,3.2927337
123,2023,Sucre,2023-10-09,1,2023-10-16,2.5891874,3.3556924
123,2023,Sucre,2023-10-09,2,2023-10-23,3.6846128,3.2875488
123,2023,Sucre,2023-10-09,3,2023-10-30,2.5891874,3.2736154
123,2023,Sucre,2023-10-09,4,2023-11-06,1.9916828,3.239726
123,2023,Sucre,2023-10-16,1,2023-10-23,3.6846128,3.0249019
123,2023,Sucre,2023-10-16,2,2023-10-30,2.5891874,2.9643738
123,2023,Sucre,2023-10-16,3,2023-11-06,1.9916828,2.9476118
123,2023,Sucre,2023-10-16,4,2023-11-13,1.8920985,2.9231727
123,2023,Sucre,2023-10-23,1,2023-10-30,2.5891874,2.9740772
123,2023,Sucre,2023-10-23,2,2023-11-06,1.9916828,2.9308567
123,2023,Sucre,2023-10-23,3,2023-11-13,1.8920985,2.920906
123,2023,Sucre,2023-10-23,4,2023-11-20,2.290435,2.9091935
123,2023,Sucre,2023-10-30,1,2023-11-06,1.9916828,3.30034
123,2023,Sucre,2023-10-30,2,2023-11-13,1.8920985,3.2763128
123,2023,Sucre,2023-10-30,3,2023-11-20,2.290435,3.2657776
123,2023,Sucre,2023-10-30,4,2023-11-27,2.290435,3.26163
123,2023,Sucre,2023-11-06,1,2023-11-13,1.8920985,3.1172476
123,2023,Sucre,2023-11-06,2,2023-11-20,2.290435,3.0881343
123,2023,Sucre,2023-11-06,3,2023-11-27,2.290435,3.0723042
123,2023,Sucre,2023-11-06,4,2023-12-04,1.8920985,3.0838192
123,2023,Sucre,2023-11-13,1,2023-11-20,2.290435,2.8993084
123,2023,Sucre,2023-11-13,2,2023-11-27,2.290435,2.86666
123,2023,Sucre,2023-11-13,3,2023-12-04,1.8920985,2.8519073
123,2023,Sucre,2023-11-13,4,2023-12-11,2.4896033,2.864393
123,2023,Sucre,2023-11-20,1,2023-11-27,2.290435,2.6755407
123,2023,Sucre,2023-11-20,2,2023-12-04,1.8920985,2.6389549
123,2023,Sucre,2023-11-20,3,2023-12-11,2.4896033,2.6216276
123,2023,Sucre,2023-11-20,4,2023-12-18,1.7925143,2.627555
123,2023,Sucre,2023-11-27,1,2023-12-04,1.8920985,2.6152074
123,2023,Sucre,2023-11-27,2,2023-12-11,2.4896033,2.5859256
123,2023,Sucre,2023-11-27,3,2023-12-18,1.7925143,2.5723248
123,2023,Sucre,2023-11-27,4,2023-12-25,2.290435,2.5804803
123,2023,Tolima,2023-02-20,1,2023-02-27,4.22261,4.9427123
123,2023,Tolima,2023-02-20,2,2023-03-06,4.877843,4.813869
123,2023,Tolima,2023-02-20,3,2023-03-13,5.0962534,4.692371
123,2023,Tolima,2023-02-20,4,2023-03-20,4.22261,4.66466
123,2023,Tolima,2023-02-27,1,2023-03-06,4.877843,4.5507274
123,2023,Tolima,2023-02-27,2,2023-03-13,5.0962534,4.4157557
123,2023,Tolima,2023-02-27,3,2023-03-20,4.22261,4.313596
123,2023,Tolima,2023-02-27,4,2023-03-27,4.0041995,4.283575
123,2023,Tolima,2023-03-06,1,2023-03-13,5.0962534,4.5047407
123,2023,Tolima,2023-03-06,2,2023-03-20,4.22261,4.375638
123,2023,Tolima,2023-03-06,3,2023-03-27,4.0041995,4.2900867
123,2023,Tolima,2023-03-06,4,2023-04-03,4.22261,4.2514734
123,2023,Tolima,2023-03-13,1,2023-03-20,4.22261,4.810637
123,2023,Tolima,2023-03-13,2,2023-03-27,4.0041995,4.695103
123,2023,Tolima,2023-03-13,3,2023-04-03,4.22261,4.6134057
123,2023,Tolima,2023-03-13,4,2023-04-10,5.241861,4.563147
123,2023,Tolima,2023-03-20,1,2023-03-27,4.0041995,5.0248313
123,2023,Tolima,2023-03-20,2,2023-04-03,4.22261,4.9199934
123,2023,Tolima,2023-03-20,3,2023-04-10,5.241861,4.833952
123,2023,Tolima,2023-03-20,4,2023-04-17,4.077003,4.785066
123,2023,Tolima,2023-03-27,1,2023-04-03,4.22261,4.7497005
123,2023,Tolima,2023-03-27,2,2023-04-10,5.241861,4.646456
123,2023,Tolima,2023-03-27,3,2023-04-17,4.077003,4.561281
123,2023,Tolima,2023-03-27,4,2023-04-24,4.877843,4.532209
123,2023,Tolima,2023-04-03,1,2023-04-10,5.241861,4.473408
123,2023,Tolima,2023-04-03,2,2023-04-17,4.077003,4.3654003
123,2023,Tolima,2023-04-03,3,2023-04-24,4.877843,4.2889132
123,2023,Tolima,2023-04-03,4,2023-05-01,4.9506464,4.2663274
123,2023,Tolima,2023-04-10,1,2023-04-17,4.077003,4.4832673
123,2023,Tolima,2023-04-10,2,2023-04-24,4.877843,4.3810363
123,2023,Tolima,2023-04-10,3,2023-05-01,4.9506464,4.3098087
123,2023,Tolima,2023-04-10,4,2023-05-08,5.0962534,4.28131
123,2023,Tolima,2023-04-17,1,2023-04-24,4.877843,4.967415
123,2023,Tolima,2023-04-17,2,2023-05-01,4.9506464,4.878589
123,2023,Tolima,2023-04-17,3,2023-05-08,5.0962534,4.801802
123,2023,Tolima,2023-04-17,4,2023-05-15,5.314665,4.7544975
123,2023,Tolima,2023-04-24,1,2023-05-01,4.9506464,4.692238
123,2023,Tolima,2023-04-24,2,2023-05-08,5.0962534,4.6002007
123,2023,Tolima,2023-04-24,3,2023-05-15,5.314665,4.518873
123,2023,Tolima,2023-04-24,4,2023-05-22,4.9506464,4.4988027
123,2023,Tolima,2023-05-01,1,2023-05-08,5.0962534,4.8926826
123,2023,Tolima,2023-05-01,2,2023-05-15,5.314665,4.7993326
123,2023,Tolima,2023-05-01,3,2023-05-22,4.9506464,4.7156863
123,2023,Tolima,2023-05-01,4,2023-05-29,4.441021,4.681011
123,2023,Tolima,2023-05-08,1,2023-05-15,5.314665,5.066998
123,2023,Tolima,2023-05-08,2,2023-05-22,4.9506464,4.9686723
123,2023,Tolima,2023-05-08,3,2023-05-29,4.441021,4.8747983
123,2023,Tolima,2023-05-08,4,2023-06-05,4.077003,4.8376007
123,2023,Tolima,2023-05-15,1,2023-05-22,4.9506464,5.191295
123,2023,Tolima,2023-05-15,2,2023-05-29,4.441021,5.0882373
123,2023,Tolima,2023-05-15,3,2023-06-05,4.077003,4.987824
123,2023,Tolima,2023-05-15,4,2023-06-12,5.169057,4.9508166
123,2023,Tolima,2023-05-22,1,2023-05-29,4.441021,4.9680414
123,2023,Tolima,2023-05-22,2,2023-06-05,4.077003,4.8575807
123,2023,Tolima,2023-05-22,3,2023-06-12,5.169057,4.7569904
123,2023,Tolima,2023-05-22,4,2023-06-19,4.805039,4.7316885
123,2023,Tolima,2023-05-29,1,2023-06-05,4.077003,4.6167793
123,2023,Tolima,2023-05-29,2,2023-06-12,5.169057,4.5002522
123,2023,Tolima,2023-05-29,3,2023-06-19,4.805039,4.4092655
123,2023,Tolima,2023-05-29,4,2023-06-26,4.805039,4.3877697
123,2023,Tolima,2023-06-05,1,2023-06-12,5.169057,4.489171
123,2023,Tolima,2023-06-05,2,2023-06-19,4.805039,4.375292
123,2023,Tolima,2023-06-05,3,2023-06-26,4.805039,4.2946715
123,2023,Tolima,2023-06-05,4,2023-07-03,4.586628,4.2643814
123,2023,Tolima,2023-06-12,1,2023-06-19,4.805039,4.411734
123,2023,Tolima,2023-06-12,2,2023-06-26,4.805039,4.303578
123,2023,Tolima,2023-06-12,3,2023-07-03,4.586628,4.2289886
123,2023,Tolima,2023-06-12,4,2023-07-10,6.6251297,4.198722
123,2023,Tolima,2023-06-19,1,2023-06-26,4.805039,4.9474893
123,2023,Tolima,2023-06-19,2,2023-07-03,4.586628,4.850393
123,2023,Tolima,2023-06-19,3,2023-07-10,6.6251297,4.766812
123,2023,Tolima,2023-06-19,4,2023-07-17,8.2268095,4.7167525
123,2023,Tolima,2023-06-26,1,2023-07-03,4.586628,4.8510714
123,2023,Tolima,2023-06-26,2,2023-07-10,6.6251297,4.7544794
123,2023,Tolima,2023-06-26,3,2023-07-17,8.2268095,4.6616354
123,2023,Tolima,2023-06-26,4,2023-07-24,7.498774,4.6323147
123,2023,Tolima,2023-07-03,1,2023-07-10,6.6251297,4.56043
123,2023,Tolima,2023-07-03,2,2023-07-17,8.2268095,4.4610114
123,2023,Tolima,2023-07-03,3,2023-07-24,7.498774,4.374911
123,2023,Tolima,2023-07-03,4,2023-07-31,7.280363,4.3521237
123,2023,Tolima,2023-07-10,1,2023-07-17,8.2268095,4.325163
123,2023,Tolima,2023-07-10,2,2023-07-24,7.498774,4.224154
123,2023,Tolima,2023-07-10,3,2023-07-31,7.280363,4.149207
123,2023,Tolima,2023-07-10,4,2023-08-07,7.5715775,4.1218853
123,2023,Tolima,2023-07-17,1,2023-07-24,7.498774,5.1222057
123,2023,Tolima,2023-07-17,2,2023-07-31,7.280363,5.0364714
123,2023,Tolima,2023-07-17,3,2023-08-07,7.5715775,4.957203
123,2023,Tolima,2023-07-17,4,2023-08-14,7.7171845,4.8854165
123,2023,Tolima,2023-07-24,1,2023-07-31,7.280363,6.405592
123,2023,Tolima,2023-07-24,2,2023-08-07,7.5715775,6.3319664
123,2023,Tolima,2023-07-24,3,2023-08-14,7.7171845,6.2268543
123,2023,Tolima,2023-07-24,4,2023-08-21,9.610078,6.094066
123,2023,Tolima,2023-07-31,1,2023-08-07,7.5715775,6.7516236
123,2023,Tolima,2023-07-31,2,2023-08-14,7.7171845,6.6662993
123,2023,Tolima,2023-07-31,3,2023-08-21,9.610078,6.530396
123,2023,Tolima,2023-07-31,4,2023-08-28,10.046901,6.404752
123,2023,Tolima,2023-08-07,1,2023-08-14,7.7171845,6.5611467
123,2023,Tolima,2023-08-07,2,2023-08-21,9.610078,6.4613743
123,2023,Tolima,2023-08-07,3,2023-08-28,10.046901,6.3095617
123,2023,Tolima,2023-08-07,4,2023-09-04,9.755685,6.194853
123,2023,Tolima,2023-08-14,1,2023-08-21,9.610078,6.608421
123,2023,Tolima,2023-08-14,2,2023-08-28,10.046901,6.4978156
123,2023,Tolima,2023-08-14,3,2023-09-04,9.755685,6.340188
123,2023,Tolima,2023-08-14,4,2023-09-11,13.541473,6.209403
123,2023,Tolima,2023-08-21,1,2023-08-28,10.046901,6.7825456
123,2023,Tolima,2023-08-21,2,2023-09-04,9.755685,6.665042
123,2023,Tolima,2023-08-21,3,2023-09-11,13.541473,6.501703
123,2023,Tolima,2023-08-21,4,2023-09-18,12.231008,6.3518867
123,2023,Tolima,2023-08-28,1,2023-09-04,9.755685,7.6836324
123,2023,Tolima,2023-08-28,2,2023-09-11,13.541473,7.561082
123,2023,Tolima,2023-08-28,3,2023-09-18,12.231008,7.3898506
123,2023,Tolima,2023-08-28,4,2023-09-25,11.86699,7.16149
123,2023,Tolima,2023-09-04,1,2023-09-11,13.541473,8.341234
123,2023,Tolima,2023-09-04,2,2023-09-18,12.231008,8.212083
123,2023,Tolima,2023-09-04,3,2023-09-25,11.86699,8.027254
123,2023,Tolima,2023-09-04,4,2023-10-02,10.046901,7.7542553
123,2023,Tolima,2023-09-11,1,2023-09-18,12.231008,8.6371
123,2023,Tolima,2023-09-11,2,2023-09-25,11.86699,8.497979
123,2023,Tolima,2023-09-11,3,2023-10-02,10.046901,8.300053
123,2023,Tolima,2023-09-11,4,2023-10-09,10.702133,8.00882
123,2023,Tolima,2023-09-18,1,2023-09-25,11.86699,9.731719
123,2023,Tolima,2023-09-18,2,2023-10-02,10.046901,9.571553
123,2023,Tolima,2023-09-18,3,2023-10-09,10.702133,9.366522
123,2023,Tolima,2023-09-18,4,2023-10-16,10.847741,8.971436
123,2023,Tolima,2023-09-25,1,2023-10-02,10.046901,9.729928
123,2023,Tolima,2023-09-25,2,2023-10-09,10.702133,9.550417
123,2023,Tolima,2023-09-25,3,2023-10-16,10.847741,9.330042
123,2023,Tolima,2023-09-25,4,2023-10-23,14.269509,8.950812
123,2023,Tolima,2023-10-02,1,2023-10-09,10.702133,9.640699
123,2023,Tolima,2023-10-02,2,2023-10-16,10.847741,9.435029
123,2023,Tolima,2023-10-02,3,2023-10-23,14.269509,9.209902
123,2023,Tolima,2023-10-02,4,2023-10-30,13.177455,8.832659
123,2023,Tolima,2023-10-09,1,2023-10-16,10.847741,8.945627
123,2023,Tolima,2023-10-09,2,2023-10-23,14.269509,8.725383
123,2023,Tolima,2023-10-09,3,2023-10-30,13.177455,8.497101
123,2023,Tolima,2023-10-09,4,2023-11-06,14.70633,8.176661
123,2023,Tolima,2023-10-16,1,2023-10-23,14.269509,9.197811
123,2023,Tolima,2023-10-16,2,2023-10-30,13.177455,8.968201
123,2023,Tolima,2023-10-16,3,2023-11-06,14.70633,8.739314
123,2023,Tolima,2023-10-16,4,2023-11-13,12.959045,8.383485
123,2023,Tolima,2023-10-23,1,2023-10-30,13.177455,9.310972
123,2023,Tolima,2023-10-23,2,2023-11-06,14.70633,9.08251
123,2023,Tolima,2023-10-23,3,2023-11-13,12.959045,8.848709
123,2023,Tolima,2023-10-23,4,2023-11-20,16.162405,8.491127
123,2023,Tolima,2023-10-30,1,2023-11-06,14.70633,10.403734
123,2023,Tolima,2023-10-30,2,2023-11-13,12.959045,10.154565
123,2023,Tolima,2023-10-30,3,2023-11-20,16.162405,9.919197
123,2023,Tolima,2023-10-30,4,2023-11-27,16.016796,9.464593
123,2023,Tolima,2023-11-06,1,2023-11-13,12.959045,9.92064
123,2023,Tolima,2023-11-06,2,2023-11-20,16.162405,9.663582
123,2023,Tolima,2023-11-06,3,2023-11-27,16.016796,9.411314
123,2023,Tolima,2023-11-06,4,2023-12-04,17.036047,9.026609
123,2023,Tolima,2023-11-13,1,2023-11-20,16.162405,10.7735405
123,2023,Tolima,2023-11-13,2,2023-11-27,16.016796,10.492079
123,2023,Tolima,2023-11-13,3,2023-12-04,17.036047,10.244932
123,2023,Tolima,2023-11-13,4,2023-12-11,17.618479,9.765107
123,2023,Tolima,2023-11-20,1,2023-11-27,16.016796,10.616691
123,2023,Tolima,2023-11-20,2,2023-12-04,17.036047,10.327646
123,2023,Tolima,2023-11-20,3,2023-12-11,17.618479,10.071385
123,2023,Tolima,2023-11-20,4,2023-12-18,18.273708,9.62404
123,2023,Tolima,2023-11-27,1,2023-12-04,17.036047,11.613644
123,2023,Tolima,2023-11-27,2,2023-12-11,17.618479,11.279825
123,2023,Tolima,2023-11-27,3,2023-12-18,18.273708,11.024917
123,2023,Tolima,2023-11-27,4,2023-12-25,18.71053,10.477255
123,2023,Valle Del Cauca,2023-02-20,1,2023-02-27,1.5620337,0.9799714
123,2023,Valle Del Cauca,2023-02-20,2,2023-03-06,1.5620337,0.99327075
123,2023,Valle Del Cauca,2023-02-20,3,2023-03-13,1.3908519,1.0076696
123,2023,Valle Del Cauca,2023-02-20,4,2023-03-20,1.540636,1.0207177
123,2023,Valle Del Cauca,2023-02-27,1,2023-03-06,1.5620337,0.9965194
123,2023,Valle Del Cauca,2023-02-27,2,2023-03-13,1.3908519,1.0083215
123,2023,Valle Del Cauca,2023-02-27,3,2023-03-20,1.540636,1.0212419
123,2023,Valle Del Cauca,2023-02-27,4,2023-03-27,1.8188064,1.0329372
123,2023,Valle Del Cauca,2023-03-06,1,2023-03-13,1.3908519,1.1292711
123,2023,Valle Del Cauca,2023-03-06,2,2023-03-20,1.540636,1.1431208
123,2023,Valle Del Cauca,2023-03-06,3,2023-03-27,1.8188064,1.1569933
123,2023,Valle Del Cauca,2023-03-06,4,2023-04-03,1.1768746,1.1905185
123,2023,Valle Del Cauca,2023-03-13,1,2023-03-20,1.540636,1.2657218
123,2023,Valle Del Cauca,2023-03-13,2,2023-03-27,1.8188064,1.2806226
123,2023,Valle Del Cauca,2023-03-13,3,2023-04-03,1.1768746,1.2967597
123,2023,Valle Del Cauca,2023-03-13,4,2023-04-10,2.2681584,1.3473728
123,2023,Valle Del Cauca,2023-03-20,1,2023-03-27,1.8188064,1.3200183
123,2023,Valle Del Cauca,2023-03-20,2,2023-04-03,1.1768746,1.331708
123,2023,Valle Del Cauca,2023-03-20,3,2023-04-10,2.2681584,1.3475441
123,2023,Valle Del Cauca,2023-03-20,4,2023-04-17,2.1183743,1.3945144
123,2023,Valle Del Cauca,2023-03-27,1,2023-04-03,1.1768746,1.3972766
123,2023,Valle Del Cauca,2023-03-27,2,2023-04-10,2.2681584,1.4071254
123,2023,Valle Del Cauca,2023-03-27,3,2023-04-17,2.1183743,1.4237751
123,2023,Valle Del Cauca,2023-03-27,4,2023-04-24,1.6690221,1.4700636
123,2023,Valle Del Cauca,2023-04-03,1,2023-04-10,2.2681584,1.5643791
123,2023,Valle Del Cauca,2023-04-03,2,2023-04-17,2.1183743,1.5759352
123,2023,Valle Del Cauca,2023-04-03,3,2023-04-24,1.6690221,1.5955276
123,2023,Valle Del Cauca,2023-04-03,4,2023-05-01,1.7118177,1.6442888
123,2023,Valle Del Cauca,2023-04-10,1,2023-04-17,2.1183743,1.5213349
123,2023,Valle Del Cauca,2023-04-10,2,2023-04-24,1.6690221,1.523072
123,2023,Valle Del Cauca,2023-04-10,3,2023-05-01,1.7118177,1.5373821
123,2023,Valle Del Cauca,2023-04-10,4,2023-05-08,2.0969768,1.5774491
123,2023,Valle Del Cauca,2023-04-17,1,2023-04-24,1.6690221,1.7577586
123,2023,Valle Del Cauca,2023-04-17,2,2023-05-01,1.7118177,1.7671819
123,2023,Valle Del Cauca,2023-04-17,3,2023-05-08,2.0969768,1.784537
123,2023,Valle Del Cauca,2023-04-17,4,2023-05-15,2.0969768,1.8298331
123,2023,Valle Del Cauca,2023-04-24,1,2023-05-01,1.7118177,2.0169582
123,2023,Valle Del Cauca,2023-04-24,2,2023-05-08,2.0969768,2.0321498
123,2023,Valle Del Cauca,2023-04-24,3,2023-05-15,2.0969768,2.0529437
123,2023,Valle Del Cauca,2023-04-24,4,2023-05-22,2.3109539,2.1030278
123,2023,Valle Del Cauca,2023-05-01,1,2023-05-08,2.0969768,1.9970086
123,2023,Valle Del Cauca,2023-05-01,2,2023-05-15,2.0969768,1.9981813
123,2023,Valle Del Cauca,2023-05-01,3,2023-05-22,2.3109539,2.0147238
123,2023,Valle Del Cauca,2023-05-01,4,2023-05-29,2.8244994,2.0559804
123,2023,Valle Del Cauca,2023-05-08,1,2023-05-15,2.0969768,1.9266094
123,2023,Valle Del Cauca,2023-05-08,2,2023-05-22,2.3109539,1.9157873
123,2023,Valle Del Cauca,2023-05-08,3,2023-05-29,2.8244994,1.9274224
123,2023,Valle Del Cauca,2023-05-08,4,2023-06-05,2.8672945,1.9576592
123,2023,Valle Del Cauca,2023-05-15,1,2023-05-22,2.3109539,1.9918776
123,2023,Valle Del Cauca,2023-05-15,2,2023-05-29,2.8244994,1.9796644
123,2023,Valle Del Cauca,2023-05-15,3,2023-06-05,2.8672945,1.9886943
123,2023,Valle Del Cauca,2023-05-15,4,2023-06-12,4.001374,2.0158424
123,2023,Valle Del Cauca,2023-05-22,1,2023-05-29,2.8244994,2.048319
123,2023,Valle Del Cauca,2023-05-22,2,2023-06-05,2.8672945,2.037202
123,2023,Valle Del Cauca,2023-05-22,3,2023-06-12,4.001374,2.0447767
123,2023,Valle Del Cauca,2023-05-22,4,2023-06-19,4.258147,2.0719225
123,2023,Valle Del Cauca,2023-05-29,1,2023-06-05,2.8672945,2.1466281
123,2023,Valle Del Cauca,2023-05-29,2,2023-06-12,4.001374,2.1393104
123,2023,Valle Del Cauca,2023-05-29,3,2023-06-19,4.258147,2.1473522
123,2023,Valle Del Cauca,2023-05-29,4,2023-06-26,4.7074986,2.1762304
123,2023,Valle Del Cauca,2023-06-05,1,2023-06-12,4.001374,2.4695218
123,2023,Valle Del Cauca,2023-06-05,2,2023-06-19,4.258147,2.4695768
123,2023,Valle Del Cauca,2023-06-05,3,2023-06-26,4.7074986,2.4791484
123,2023,Valle Del Cauca,2023-06-05,4,2023-07-03,5.199646,2.5117538
123,2023,Valle Del Cauca,2023-06-12,1,2023-06-19,4.258147,2.7393918
123,2023,Valle Del Cauca,2023-06-12,2,2023-06-26,4.7074986,2.7368412
123,2023,Valle Del Cauca,2023-06-12,3,2023-07-03,5.199646,2.7450695
123,2023,Valle Del Cauca,2023-06-12,4,2023-07-10,5.884373,2.7760699
123,2023,Valle Del Cauca,2023-06-19,1,2023-06-26,4.7074986,3.3505964
123,2023,Valle Del Cauca,2023-06-19,2,2023-07-03,5.199646,3.348593
123,2023,Valle Del Cauca,2023-06-19,3,2023-07-10,5.884373,3.3499367
123,2023,Valle Del Cauca,2023-06-19,4,2023-07-17,6.012759,3.3733277
123,2023,Valle Del Cauca,2023-06-26,1,2023-07-03,5.199646,3.9056692
123,2023,Valle Del Cauca,2023-06-26,2,2023-07-10,5.884373,3.8921783
123,2023,Valle Del Cauca,2023-06-26,3,2023-07-17,6.012759,3.8757138
123,2023,Valle Del Cauca,2023-06-26,4,2023-07-24,7.146839,3.893069
123,2023,Valle Del Cauca,2023-07-03,1,2023-07-10,5.884373,4.3218017
123,2023,Valle Del Cauca,2023-07-03,2,2023-07-17,6.012759,4.287619
123,2023,Valle Del Cauca,2023-07-03,3,2023-07-24,7.146839,4.250683
123,2023,Valle Del Cauca,2023-07-03,4,2023-07-31,6.6546907,4.25788
123,2023,Valle Del Cauca,2023-07-10,1,2023-07-17,6.012759,4.7744603
123,2023,Valle Del Cauca,2023-07-10,2,2023-07-24,7.146839,4.718181
123,2023,Valle Del Cauca,2023-07-10,3,2023-07-31,6.6546907,4.6608744
123,2023,Valle Del Cauca,2023-07-10,4,2023-08-07,7.3394175,4.650587
123,2023,Valle Del Cauca,2023-07-17,1,2023-07-24,7.146839,5.3309045
123,2023,Valle Del Cauca,2023-07-17,2,2023-07-31,6.6546907,5.2515435
123,2023,Valle Del Cauca,2023-07-17,3,2023-08-07,7.3394175,5.173311
123,2023,Valle Del Cauca,2023-07-17,4,2023-08-14,8.516292,5.138192
123,2023,Valle Del Cauca,2023-07-24,1,2023-07-31,6.6546907,5.811133
123,2023,Valle Del Cauca,2023-07-24,2,2023-08-07,7.3394175,5.7058725
123,2023,Valle Del Cauca,2023-07-24,3,2023-08-14,8.516292,5.6077085
123,2023,Valle Del Cauca,2023-07-24,4,2023-08-21,7.6603847,5.5507226
123,2023,Valle Del Cauca,2023-07-31,1,2023-08-07,7.3394175,6.4980874
123,2023,Valle Del Cauca,2023-07-31,2,2023-08-14,8.516292,6.3729453
123,2023,Valle Del Cauca,2023-07-31,3,2023-08-21,7.6603847,6.2556753
123,2023,Valle Del Cauca,2023-07-31,4,2023-08-28,11.74735,6.152722
123,2023,Valle Del Cauca,2023-08-07,1,2023-08-14,8.516292,6.502302
123,2023,Valle Del Cauca,2023-08-07,2,2023-08-21,7.6603847,6.3597574
123,2023,Valle Del Cauca,2023-08-07,3,2023-08-28,11.74735,6.22489
123,2023,Valle Del Cauca,2023-08-07,4,2023-09-04,10.634668,6.121012
123,2023,Valle Del Cauca,2023-08-14,1,2023-08-21,7.6603847,6.7665396
123,2023,Valle Del Cauca,2023-08-14,2,2023-08-28,11.74735,6.6102295
123,2023,Valle Del Cauca,2023-08-14,3,2023-09-04,10.634668,6.4689155
123,2023,Valle Del Cauca,2023-08-14,4,2023-09-11,11.019826,6.333164
123,2023,Valle Del Cauca,2023-08-21,1,2023-08-28,11.74735,7.3980203
123,2023,Valle Del Cauca,2023-08-21,2,2023-09-04,10.634668,7.2254524
123,2023,Valle Del Cauca,2023-08-21,3,2023-09-11,11.019826,7.0753016
123,2023,Valle Del Cauca,2023-08-21,4,2023-09-18,11.790143,6.8824205
123,2023,Valle Del Cauca,2023-08-28,1,2023-09-04,10.634668,7.35994
123,2023,Valle Del Cauca,2023-08-28,2,2023-09-11,11.019826,7.173222
123,2023,Valle Del Cauca,2023-08-28,3,2023-09-18,11.790143,7.0111465
123,2023,Valle Del Cauca,2023-08-28,4,2023-09-25,12.175303,6.825199
123,2023,Valle Del Cauca,2023-09-04,1,2023-09-11,11.019826,9.122401
123,2023,Valle Del Cauca,2023-09-04,2,2023-09-18,11.790143,8.905004
123,2023,Valle Del Cauca,2023-09-04,3,2023-09-25,12.175303,8.739136
123,2023,Valle Del Cauca,2023-09-04,4,2023-10-02,12.4320755,8.385642
123,2023,Valle Del Cauca,2023-09-11,1,2023-09-18,11.790143,9.4995775
123,2023,Valle Del Cauca,2023-09-11,2,2023-09-25,12.175303,9.256563
123,2023,Valle Del Cauca,2023-09-11,3,2023-10-02,12.4320755,9.064182
123,2023,Valle Del Cauca,2023-09-11,4,2023-10-09,13.373575,8.705824
123,2023,Valle Del Cauca,2023-09-18,1,2023-09-25,12.175303,9.59559
123,2023,Valle Del Cauca,2023-09-18,2,2023-10-02,12.4320755,9.320399
123,2023,Valle Del Cauca,2023-09-18,3,2023-10-09,13.373575,9.116374
123,2023,Valle Del Cauca,2023-09-18,4,2023-10-16,12.988417,8.7425585
123,2023,Valle Del Cauca,2023-09-25,1,2023-10-02,12.4320755,10.127176
123,2023,Valle Del Cauca,2023-09-25,2,2023-10-09,13.373575,9.814437
123,2023,Valle Del Cauca,2023-09-25,3,2023-10-16,12.988417,9.599284
123,2023,Valle Del Cauca,2023-09-25,4,2023-10-23,14.63604,9.170893
123,2023,Valle Del Cauca,2023-10-02,1,2023-10-09,13.373575,10.587223
123,2023,Valle Del Cauca,2023-10-02,2,2023-10-16,12.988417,10.234211
123,2023,Valle Del Cauca,2023-10-02,3,2023-10-23,14.63604,10.005948
123,2023,Valle Del Cauca,2023-10-02,4,2023-10-30,15.449156,9.537958
123,2023,Valle Del Cauca,2023-10-09,1,2023-10-16,12.988417,10.773091
123,2023,Valle Del Cauca,2023-10-09,2,2023-10-23,14.63604,10.383369
123,2023,Valle Del Cauca,2023-10-09,3,2023-10-30,15.449156,10.141923
123,2023,Valle Del Cauca,2023-10-09,4,2023-11-06,13.3093815,9.660018
123,2023,Valle Del Cauca,2023-10-16,1,2023-10-23,14.63604,11.230104
123,2023,Valle Del Cauca,2023-10-16,2,2023-10-30,15.449156,10.7984
123,2023,Valle Del Cauca,2023-10-16,3,2023-11-06,13.3093815,10.544344
123,2023,Valle Del Cauca,2023-10-16,4,2023-11-13,16.305063,10.021501
123,2023,Valle Del Cauca,2023-10-23,1,2023-10-30,15.449156,11.144681
123,2023,Valle Del Cauca,2023-10-23,2,2023-11-06,13.3093815,10.687704
123,2023,Valle Del Cauca,2023-10-23,3,2023-11-13,16.305063,10.421884
123,2023,Valle Del Cauca,2023-10-23,4,2023-11-20,17.867096,9.910163
123,2023,Valle Del Cauca,2023-10-30,1,2023-11-06,13.3093815,11.741822
123,2023,Valle Del Cauca,2023-10-30,2,2023-11-13,16.305063,11.241847
123,2023,Valle Del Cauca,2023-10-30,3,2023-11-20,17.867096,10.969621
123,2023,Valle Del Cauca,2023-10-30,4,2023-11-27,20.028265,10.397453
123,2023,Valle Del Cauca,2023-11-06,1,2023-11-13,16.305063,12.259053
123,2023,Valle Del Cauca,2023-11-06,2,2023-11-20,17.867096,11.718579
123,2023,Valle Del Cauca,2023-11-06,3,2023-11-27,20.028265,11.434076
123,2023,Valle Del Cauca,2023-11-06,4,2023-12-04,19.750095,10.823603
123,2023,Valle Del Cauca,2023-11-13,1,2023-11-20,17.867096,11.908015
123,2023,Valle Del Cauca,2023-11-13,2,2023-11-27,20.028265,11.357019
123,2023,Valle Del Cauca,2023-11-13,3,2023-12-04,19.750095,11.0645895
123,2023,Valle Del Cauca,2023-11-13,4,2023-12-11,22.959757,10.490191
123,2023,Valle Del Cauca,2023-11-20,1,2023-11-27,20.028265,12.534181
123,2023,Valle Del Cauca,2023-11-20,2,2023-12-04,19.750095,11.93946
123,2023,Valle Del Cauca,2023-11-20,3,2023-12-11,22.959757,11.641525
123,2023,Valle Del Cauca,2023-11-20,4,2023-12-18,23.473299,11.000355
123,2023,Valle Del Cauca,2023-11-27,1,2023-12-04,19.750095,13.592819
123,2023,Valle Del Cauca,2023-11-27,2,2023-12-11,22.959757,12.929898
123,2023,Valle Del Cauca,2023-11-27,3,2023-12-18,23.473299,12.619085
123,2023,Valle Del Cauca,2023-11-27,4,2023-12-25,23.772867,11.890147
123,2023,Vaupes,2023-02-20,1,2023-02-27,4.610101,8.613037
123,2023,Vaupes,2023-02-20,2,2023-03-06,13.830301,8.312739
123,2023,Vaupes,2023-02-20,3,2023-03-13,18.440405,8.069066
123,2023,Vaupes,2023-02-20,4,2023-03-20,6.9151506,7.842505
123,2023,Vaupes,2023-02-27,1,2023-03-06,13.830301,9.334379
123,2023,Vaupes,2023-02-27,2,2023-03-13,18.440405,9.020617
123,2023,Vaupes,2023-02-27,3,2023-03-20,6.9151506,8.777666
123,2023,Vaupes,2023-02-27,4,2023-03-27,11.52525,8.481485
123,2023,Vaupes,2023-03-06,1,2023-03-13,18.440405,5.3566875
123,2023,Vaupes,2023-03-06,2,2023-03-20,6.9151506,5.1130614
123,2023,Vaupes,2023-03-06,3,2023-03-27,11.52525,4.9124494
123,2023,Vaupes,2023-03-06,4,2023-04-03,6.9151506,4.919692
123,2023,Vaupes,2023-03-13,1,2023-03-20,6.9151506,6.556818
123,2023,Vaupes,2023-03-13,2,2023-03-27,11.52525,6.3309913
123,2023,Vaupes,2023-03-13,3,2023-04-03,6.9151506,6.1848645
123,2023,Vaupes,2023-03-13,4,2023-04-10,16.135355,6.021967
123,2023,Vaupes,2023-03-20,1,2023-03-27,11.52525,9.049288
123,2023,Vaupes,2023-03-20,2,2023-04-03,6.9151506,8.846502
123,2023,Vaupes,2023-03-20,3,2023-04-10,16.135355,8.688738
123,2023,Vaupes,2023-03-20,4,2023-04-17,6.9151506,8.350397
123,2023,Vaupes,2023-03-27,1,2023-04-03,6.9151506,5.9130893
123,2023,Vaupes,2023-03-27,2,2023-04-10,16.135355,5.7249193
123,2023,Vaupes,2023-03-27,3,2023-04-17,6.9151506,5.5530906
123,2023,Vaupes,2023-03-27,4,2023-04-24,16.135355,5.501646
123,2023,Vaupes,2023-04-03,1,2023-04-10,16.135355,6.5177937
123,2023,Vaupes,2023-04-03,2,2023-04-17,6.9151506,6.3281865
123,2023,Vaupes,2023-04-03,3,2023-04-24,16.135355,6.190072
123,2023,Vaupes,2023-04-03,4,2023-05-01,25.35555,6.0331974
123,2023,Vaupes,2023-04-10,1,2023-04-17,6.9151506,5.1854157
123,2023,Vaupes,2023-04-10,2,2023-04-24,16.135355,5.006843
123,2023,Vaupes,2023-04-10,3,2023-05-01,25.35555,4.876342
123,2023,Vaupes,2023-04-10,4,2023-05-08,9.2202015,4.8144298
123,2023,Vaupes,2023-04-17,1,2023-04-24,16.135355,8.094985
123,2023,Vaupes,2023-04-17,2,2023-05-01,25.35555,7.904441
123,2023,Vaupes,2023-04-17,3,2023-05-08,9.2202015,7.7891703
123,2023,Vaupes,2023-04-17,4,2023-05-15,34.575752,7.467273
123,2023,Vaupes,2023-04-24,1,2023-05-01,25.35555,6.5274234
123,2023,Vaupes,2023-04-24,2,2023-05-08,9.2202015,6.3504353
123,2023,Vaupes,2023-04-24,3,2023-05-15,34.575752,6.1976
123,2023,Vaupes,2023-04-24,4,2023-05-22,18.440405,6.0806656
123,2023,Vaupes,2023-05-01,1,2023-05-08,9.2202015,8.525399
123,2023,Vaupes,2023-05-01,2,2023-05-15,34.575752,8.31599
123,2023,Vaupes,2023-05-01,3,2023-05-22,18.440405,8.168337
123,2023,Vaupes,2023-05-01,4,2023-05-29,13.830301,7.8484983
123,2023,Vaupes,2023-05-08,1,2023-05-15,34.575752,12.669899
123,2023,Vaupes,2023-05-08,2,2023-05-22,18.440405,12.377974
123,2023,Vaupes,2023-05-08,3,2023-05-29,13.830301,12.204911
123,2023,Vaupes,2023-05-08,4,2023-06-05,13.830301,11.542736
123,2023,Vaupes,2023-05-15,1,2023-05-22,18.440405,8.402857
123,2023,Vaupes,2023-05-15,2,2023-05-29,13.830301,8.14575
123,2023,Vaupes,2023-05-15,3,2023-06-05,13.830301,7.931627
123,2023,Vaupes,2023-05-15,4,2023-06-12,16.135355,7.7178726
123,2023,Vaupes,2023-05-22,1,2023-05-29,13.830301,13.288211
123,2023,Vaupes,2023-05-22,2,2023-06-05,13.830301,12.884873
123,2023,Vaupes,2023-05-22,3,2023-06-12,16.135355,12.694579
123,2023,Vaupes,2023-05-22,4,2023-06-19,11.52525,11.928574
123,2023,Vaupes,2023-05-29,1,2023-06-05,13.830301,12.286761
123,2023,Vaupes,2023-05-29,2,2023-06-12,16.135355,11.853642
123,2023,Vaupes,2023-05-29,3,2023-06-19,11.52525,11.614245
123,2023,Vaupes,2023-05-29,4,2023-06-26,20.745451,11.052627
123,2023,Vaupes,2023-06-05,1,2023-06-12,16.135355,10.576239
123,2023,Vaupes,2023-06-05,2,2023-06-19,11.52525,10.173564
123,2023,Vaupes,2023-06-05,3,2023-06-26,20.745451,9.952331
123,2023,Vaupes,2023-06-05,4,2023-07-03,4.610101,9.512224
123,2023,Vaupes,2023-06-12,1,2023-06-19,11.52525,9.597596
123,2023,Vaupes,2023-06-12,2,2023-06-26,20.745451,9.207422
123,2023,Vaupes,2023-06-12,3,2023-07-03,4.610101,8.976168
123,2023,Vaupes,2023-06-12,4,2023-07-10,9.2202015,8.629034
123,2023,Vaupes,2023-06-19,1,2023-06-26,20.745451,9.816648
123,2023,Vaupes,2023-06-19,2,2023-07-03,4.610101,9.431467
123,2023,Vaupes,2023-06-19,3,2023-07-10,9.2202015,9.201099
123,2023,Vaupes,2023-06-19,4,2023-07-17,0.0,8.819802
123,2023,Vaupes,2023-06-26,1,2023-07-03,4.610101,8.221576
123,2023,Vaupes,2023-06-26,2,2023-07-10,9.2202015,7.904719
123,2023,Vaupes,2023-06-26,3,2023-07-17,0.0,7.6844997
123,2023,Vaupes,2023-06-26,4,2023-07-24,16.135355,7.452029
123,2023,Vaupes,2023-07-03,1,2023-07-10,9.2202015,10.235507
123,2023,Vaupes,2023-07-03,2,2023-07-17,0.0,9.9658575
123,2023,Vaupes,2023-07-03,3,2023-07-24,16.135355,9.786318
123,2023,Vaupes,2023-07-03,4,2023-07-31,13.830301,9.348337
123,2023,Vaupes,2023-07-10,1,2023-07-17,0.0,5.0073953
123,2023,Vaupes,2023-07-10,2,2023-07-24,16.135355,4.8076553
123,2023,Vaupes,2023-07-10,3,2023-07-31,13.830301,4.6255383
123,2023,Vaupes,2023-07-10,4,2023-08-07,16.135355,4.63442
123,2023,Vaupes,2023-07-17,1,2023-07-24,16.135355,5.387996
123,2023,Vaupes,2023-07-17,2,2023-07-31,13.830301,5.23904
123,2023,Vaupes,2023-07-17,3,2023-08-07,16.135355,5.120647
123,2023,Vaupes,2023-07-17,4,2023-08-14,18.440405,5.0241313
123,2023,Vaupes,2023-07-24,1,2023-07-31,13.830301,3.0318851
123,2023,Vaupes,2023-07-24,2,2023-08-07,16.135355,2.9004405
123,2023,Vaupes,2023-07-24,3,2023-08-14,18.440405,2.8175788
123,2023,Vaupes,2023-07-24,4,2023-08-21,11.52525,2.754979
123,2023,Vaupes,2023-07-31,1,2023-08-07,16.135355,5.456565
123,2023,Vaupes,2023-07-31,2,2023-08-14,18.440405,5.3581057
123,2023,Vaupes,2023-07-31,3,2023-08-21,11.52525,5.3061137
123,2023,Vaupes,2023-07-31,4,2023-08-28,9.2202015,5.124069
123,2023,Vaupes,2023-08-07,1,2023-08-14,18.440405,6.37398
123,2023,Vaupes,2023-08-07,2,2023-08-21,11.52525,6.346986
123,2023,Vaupes,2023-08-07,3,2023-08-28,9.2202015,6.2544165
123,2023,Vaupes,2023-08-07,4,2023-09-04,6.9151506,6.0931125
123,2023,Vaupes,2023-08-14,1,2023-08-21,11.52525,8.29466
123,2023,Vaupes,2023-08-14,2,2023-08-28,9.2202015,8.30481
123,2023,Vaupes,2023-08-14,3,2023-09-04,6.9151506,8.186665
123,2023,Vaupes,2023-08-14,4,2023-09-11,13.830301,7.901966
123,2023,Vaupes,2023-08-21,1,2023-08-28,9.2202015,10.943435
123,2023,Vaupes,2023-08-21,2,2023-09-04,6.9151506,10.965229
123,2023,Vaupes,2023-08-21,3,2023-09-11,13.830301,10.821233
123,2023,Vaupes,2023-08-21,4,2023-09-18,29.965656,10.328835
123,2023,Vaupes,2023-08-28,1,2023-09-04,6.9151506,9.44579
123,2023,Vaupes,2023-08-28,2,2023-09-11,13.830301,9.392541
123,2023,Vaupes,2023-08-28,3,2023-09-18,29.965656,9.205774
123,2023,Vaupes,2023-08-28,4,2023-09-25,13.830301,8.929869
123,2023,Vaupes,2023-09-04,1,2023-09-11,13.830301,8.128379
123,2023,Vaupes,2023-09-04,2,2023-09-18,29.965656,7.9688573
123,2023,Vaupes,2023-09-04,3,2023-09-25,13.830301,7.7606487
123,2023,Vaupes,2023-09-04,4,2023-10-02,16.135355,7.5649242
123,2023,Vaupes,2023-09-11,1,2023-09-18,29.965656,6.5487814
123,2023,Vaupes,2023-09-11,2,2023-09-25,13.830301,6.374967
123,2023,Vaupes,2023-09-11,3,2023-10-02,16.135355,6.186033
123,2023,Vaupes,2023-09-11,4,2023-10-09,6.9151506,6.0866475
123,2023,Vaupes,2023-09-18,1,2023-09-25,13.830301,8.026312
123,2023,Vaupes,2023-09-18,2,2023-10-02,16.135355,7.845936
123,2023,Vaupes,2023-09-18,3,2023-10-09,6.9151506,7.6623006
123,2023,Vaupes,2023-09-18,4,2023-10-16,0.0,7.395181
123,2023,Vaupes,2023-09-25,1,2023-10-02,16.135355,11.703863
123,2023,Vaupes,2023-09-25,2,2023-10-09,6.9151506,11.48368
123,2023,Vaupes,2023-09-25,3,2023-10-16,0.0,11.29049
123,2023,Vaupes,2023-09-25,4,2023-10-23,6.9151506,10.689036
123,2023,Vaupes,2023-10-02,1,2023-10-09,6.9151506,7.615271
123,2023,Vaupes,2023-10-02,2,2023-10-16,0.0,7.4449973
123,2023,Vaupes,2023-10-02,3,2023-10-23,6.9151506,7.2444835
123,2023,Vaupes,2023-10-02,4,2023-10-30,0.0,7.08722
123,2023,Vaupes,2023-10-09,1,2023-10-16,0.0,7.692471
123,2023,Vaupes,2023-10-09,2,2023-10-23,6.9151506,7.5620046
123,2023,Vaupes,2023-10-09,3,2023-10-30,0.0,7.3940287
123,2023,Vaupes,2023-10-09,4,2023-11-06,6.9151506,7.183061
123,2023,Vaupes,2023-10-16,1,2023-10-23,6.9151506,5.032944
123,2023,Vaupes,2023-10-16,2,2023-10-30,0.0,4.918558
123,2023,Vaupes,2023-10-16,3,2023-11-06,6.9151506,4.7599483
123,2023,Vaupes,2023-10-16,4,2023-11-13,4.610101,4.7640505
123,2023,Vaupes,2023-10-23,1,2023-10-30,0.0,3.2803047
123,2023,Vaupes,2023-10-23,2,2023-11-06,6.9151506,3.1537924
123,2023,Vaupes,2023-10-23,3,2023-11-13,4.610101,3.0512106
123,2023,Vaupes,2023-10-23,4,2023-11-20,4.610101,3.019986
123,2023,Vaupes,2023-10-30,1,2023-11-06,6.9151506,4.0357647
123,2023,Vaupes,2023-10-30,2,2023-11-13,4.610101,3.9553719
123,2023,Vaupes,2023-10-30,3,2023-11-20,4.610101,3.8961363
123,2023,Vaupes,2023-10-30,4,2023-11-27,13.830301,3.8209798
123,2023,Vaupes,2023-11-06,1,2023-11-13,4.610101,3.0673368
123,2023,Vaupes,2023-11-06,2,2023-11-20,4.610101,2.9813943
123,2023,Vaupes,2023-11-06,3,2023-11-27,13.830301,2.9226387
123,2023,Vaupes,2023-11-06,4,2023-12-04,13.830301,2.8592572
123,2023,Vaupes,2023-11-13,1,2023-11-20,4.610101,3.7409043
123,2023,Vaupes,2023-11-13,2,2023-11-27,13.830301,3.7259417
123,2023,Vaupes,2023-11-13,3,2023-12-04,13.830301,3.696411
123,2023,Vaupes,2023-11-13,4,2023-12-11,4.610101,3.6198297
123,2023,Vaupes,2023-11-20,1,2023-11-27,13.830301,4.04026
123,2023,Vaupes,2023-11-20,2,2023-12-04,13.830301,4.0860944
123,2023,Vaupes,2023-11-20,3,2023-12-11,4.610101,4.0579467
123,2023,Vaupes,2023-11-20,4,2023-12-18,18.440405,4.0067396
123,2023,Vaupes,2023-11-27,1,2023-12-04,13.830301,4.08867
123,2023,Vaupes,2023-11-27,2,2023-12-11,4.610101,4.091845
123,2023,Vaupes,2023-11-27,3,2023-12-18,18.440405,4.0450864
123,2023,Vaupes,2023-11-27,4,2023-12-25,23.050505,4.012313
123,2023,Vichada,2023-02-20,1,2023-02-27,1.455297,1.2603843
123,2023,Vichada,2023-02-20,2,2023-03-06,2.1829455,1.273106
123,2023,Vichada,2023-02-20,3,2023-03-13,1.455297,1.2865814
123,2023,Vichada,2023-02-20,4,2023-03-20,1.455297,1.3357214
123,2023,Vichada,2023-02-27,1,2023-03-06,2.1829455,1.3101841
123,2023,Vichada,2023-02-27,2,2023-03-13,1.455297,1.3207514
123,2023,Vichada,2023-02-27,3,2023-03-20,1.455297,1.3335313
123,2023,Vichada,2023-02-27,4,2023-03-27,1.455297,1.383009
123,2023,Vichada,2023-03-06,1,2023-03-13,1.455297,1.3909075
123,2023,Vichada,2023-03-06,2,2023-03-20,1.455297,1.4012921
123,2023,Vichada,2023-03-06,3,2023-03-27,1.455297,1.4126555
123,2023,Vichada,2023-03-06,4,2023-04-03,5.093539,1.4649031
123,2023,Vichada,2023-03-13,1,2023-03-20,1.455297,1.7875539
123,2023,Vichada,2023-03-13,2,2023-03-27,1.455297,1.8198863
123,2023,Vichada,2023-03-13,3,2023-04-03,5.093539,1.8354646
123,2023,Vichada,2023-03-13,4,2023-04-10,0.72764844,1.9025701
123,2023,Vichada,2023-03-20,1,2023-03-27,1.455297,2.0446322
123,2023,Vichada,2023-03-20,2,2023-04-03,5.093539,2.078532
123,2023,Vichada,2023-03-20,3,2023-04-10,0.72764844,2.0887659
123,2023,Vichada,2023-03-20,4,2023-04-17,8.004134,2.1567671
123,2023,Vichada,2023-03-27,1,2023-04-03,5.093539,1.9266356
123,2023,Vichada,2023-03-27,2,2023-04-10,0.72764844,1.9367394
123,2023,Vichada,2023-03-27,3,2023-04-17,8.004134,1.9392697
123,2023,Vichada,2023-03-27,4,2023-04-24,2.1829455,1.9906327
123,2023,Vichada,2023-04-03,1,2023-04-10,0.72764844,1.7751439
123,2023,Vichada,2023-04-03,2,2023-04-17,8.004134,1.7692292
123,2023,Vichada,2023-04-03,3,2023-04-24,2.1829455,1.7643553
123,2023,Vichada,2023-04-03,4,2023-05-01,2.9105935,1.7985169
123,2023,Vichada,2023-04-10,1,2023-04-17,8.004134,2.9407935
123,2023,Vichada,2023-04-10,2,2023-04-24,2.1829455,2.9921956
123,2023,Vichada,2023-04-10,3,2023-05-01,2.9105935,2.9950511
123,2023,Vichada,2023-04-10,4,2023-05-08,3.6382425,3.0390632
123,2023,Vichada,2023-04-17,1,2023-04-24,2.1829455,2.6478136
123,2023,Vichada,2023-04-17,2,2023-05-01,2.9105935,2.6710563
123,2023,Vichada,2023-04-17,3,2023-05-08,3.6382425,2.6631696
123,2023,Vichada,2023-04-17,4,2023-05-15,5.8211875,2.7213418
123,2023,Vichada,2023-04-24,1,2023-05-01,2.9105935,4.31471
123,2023,Vichada,2023-04-24,2,2023-05-08,3.6382425,4.3887672
123,2023,Vichada,2023-04-24,3,2023-05-15,5.8211875,4.367431
123,2023,Vichada,2023-04-24,4,2023-05-22,2.9105935,4.3786263
123,2023,Vichada,2023-05-01,1,2023-05-08,3.6382425,3.97084
123,2023,Vichada,2023-05-01,2,2023-05-15,5.8211875,3.9883034
123,2023,Vichada,2023-05-01,3,2023-05-22,2.9105935,3.9369783
123,2023,Vichada,2023-05-01,4,2023-05-29,3.6382425,3.9928236
123,2023,Vichada,2023-05-08,1,2023-05-15,5.8211875,4.044029
123,2023,Vichada,2023-05-08,2,2023-05-22,2.9105935,4.044099
123,2023,Vichada,2023-05-08,3,2023-05-29,3.6382425,3.9878016
123,2023,Vichada,2023-05-08,4,2023-06-05,2.9105935,4.0237784
123,2023,Vichada,2023-05-15,1,2023-05-22,2.9105935,4.3150826
123,2023,Vichada,2023-05-15,2,2023-05-29,3.6382425,4.306529
123,2023,Vichada,2023-05-15,3,2023-06-05,2.9105935,4.237971
123,2023,Vichada,2023-05-15,4,2023-06-12,3.6382425,4.26102
123,2023,Vichada,2023-05-22,1,2023-05-29,3.6382425,4.7415624
123,2023,Vichada,2023-05-22,2,2023-06-05,2.9105935,4.726462
123,2023,Vichada,2023-05-22,3,2023-06-12,3.6382425,4.6410346
123,2023,Vichada,2023-05-22,4,2023-06-19,1.455297,4.650202
123,2023,Vichada,2023-05-29,1,2023-06-05,2.9105935,3.9819696
123,2023,Vichada,2023-05-29,2,2023-06-12,3.6382425,3.9213219
123,2023,Vichada,2023-05-29,3,2023-06-19,1.455297,3.8413074
123,2023,Vichada,2023-05-29,4,2023-06-26,2.9105935,3.869728
123,2023,Vichada,2023-06-05,1,2023-06-12,3.6382425,4.0418615
123,2023,Vichada,2023-06-05,2,2023-06-19,1.455297,3.9866676
123,2023,Vichada,2023-06-05,3,2023-06-26,2.9105935,3.9197633
123,2023,Vichada,2023-06-05,4,2023-07-03,0.72764844,3.924112
123,2023,Vichada,2023-06-12,1,2023-06-19,1.455297,3.4199293
123,2023,Vichada,2023-06-12,2,2023-06-26,2.9105935,3.339558
123,2023,Vichada,2023-06-12,3,2023-07-03,0.72764844,3.2805383
123,2023,Vichada,2023-06-12,4,2023-07-10,1.455297,3.2840884
123,2023,Vichada,2023-06-19,1,2023-06-26,2.9105935,3.1901379
123,2023,Vichada,2023-06-19,2,2023-07-03,0.72764844,3.1168609
123,2023,Vichada,2023-06-19,3,2023-07-10,1.455297,3.07235
123,2023,Vichada,2023-06-19,4,2023-07-17,0.0,3.058605
123,2023,Vichada,2023-06-26,1,2023-07-03,0.72764844,2.3986688
123,2023,Vichada,2023-06-26,2,2023-07-10,1.455297,2.3088074
123,2023,Vichada,2023-06-26,3,2023-07-17,0.0,2.2773197
123,2023,Vichada,2023-06-26,4,2023-07-24,0.72764844,2.245131
123,2023,Vichada,2023-07-03,1,2023-07-10,1.455297,2.1436417
123,2023,Vichada,2023-07-03,2,2023-07-17,0.0,2.0668204
123,2023,Vichada,2023-07-03,3,2023-07-24,0.72764844,2.0433333
123,2023,Vichada,2023-07-03,4,2023-07-31,2.1829455,2.0122907
123,2023,Vichada,2023-07-10,1,2023-07-17,0.0,1.3936538
123,2023,Vichada,2023-07-10,2,2023-07-24,0.72764844,1.3283045
123,2023,Vichada,2023-07-10,3,2023-07-31,2.1829455,1.3150886
123,2023,Vichada,2023-07-10,4,2023-08-07,2.1829455,1.2066209
123,2023,Vichada,2023-07-17,1,2023-07-24,0.72764844,1.1266618
123,2023,Vichada,2023-07-17,2,2023-07-31,2.1829455,1.075559
123,2023,Vichada,2023-07-17,3,2023-08-07,2.1829455,1.0656041
123,2023,Vichada,2023-07-17,4,2023-08-14,0.0,0.9587749
123,2023,Vichada,2023-07-24,1,2023-07-31,2.1829455,0.81949455
123,2023,Vichada,2023-07-24,2,2023-08-07,2.1829455,0.7775783
123,2023,Vichada,2023-07-24,3,2023-08-14,0.0,0.7711033
123,2023,Vichada,2023-07-24,4,2023-08-21,0.72764844,0.67205906
123,2023,Vichada,2023-07-31,1,2023-08-07,2.1829455,0.62555003
123,2023,Vichada,2023-07-31,2,2023-08-14,0.0,0.59072936
123,2023,Vichada,2023-07-31,3,2023-08-21,0.72764844,0.5880078
123,2023,Vichada,2023-07-31,4,2023-08-28,0.0,0.5072742
123,2023,Vichada,2023-08-07,1,2023-08-14,0.0,0.64298135
123,2023,Vichada,2023-08-07,2,2023-08-21,0.72764844,0.6165064
123,2023,Vichada,2023-08-07,3,2023-08-28,0.0,0.6127278
123,2023,Vichada,2023-08-07,4,2023-09-04,2.1829455,0.57706684
123,2023,Vichada,2023-08-14,1,2023-08-21,0.72764844,0.70002586
123,2023,Vichada,2023-08-14,2,2023-08-28,0.0,0.6846983
123,2023,Vichada,2023-08-14,3,2023-09-04,2.1829455,0.686533
123,2023,Vichada,2023-08-14,4,2023-09-11,0.72764844,0.69019836
123,2023,Vichada,2023-08-21,1,2023-08-28,0.0,0.58129936
123,2023,Vichada,2023-08-21,2,2023-09-04,2.1829455,0.5641326
123,2023,Vichada,2023-08-21,3,2023-09-11,0.72764844,0.56770486
123,2023,Vichada,2023-08-21,4,2023-09-18,0.72764844,0.5544061
123,2023,Vichada,2023-08-28,1,2023-09-04,2.1829455,0.4552976
123,2023,Vichada,2023-08-28,2,2023-09-11,0.72764844,0.44089743
123,2023,Vichada,2023-08-28,3,2023-09-18,0.72764844,0.4395004
123,2023,Vichada,2023-08-28,4,2023-09-25,5.093539,0.42657742
123,2023,Vichada,2023-09-04,1,2023-09-11,0.72764844,0.4195026
123,2023,Vichada,2023-09-04,2,2023-09-18,0.72764844,0.40433696
123,2023,Vichada,2023-09-04,3,2023-09-25,5.093539,0.39920303
123,2023,Vichada,2023-09-04,4,2023-10-02,2.9105935,0.38795328
123,2023,Vichada,2023-09-11,1,2023-09-18,0.72764844,0.45417133
123,2023,Vichada,2023-09-11,2,2023-09-25,5.093539,0.44419035
123,2023,Vichada,2023-09-11,3,2023-10-02,2.9105935,0.44470543
123,2023,Vichada,2023-09-11,4,2023-10-09,0.72764844,0.45007762
123,2023,Vichada,2023-09-18,1,2023-09-25,5.093539,0.48868054
123,2023,Vichada,2023-09-18,2,2023-10-02,2.9105935,0.47850704
123,2023,Vichada,2023-09-18,3,2023-10-09,0.72764844,0.4825521
123,2023,Vichada,2023-09-18,4,2023-10-16,2.9105935,0.49427
123,2023,Vichada,2023-09-25,1,2023-10-02,2.9105935,0.4698348
123,2023,Vichada,2023-09-25,2,2023-10-09,0.72764844,0.46050745
123,2023,Vichada,2023-09-25,3,2023-10-16,2.9105935,0.46493134
123,2023,Vichada,2023-09-25,4,2023-10-23,5.093539,0.47052953
123,2023,Vichada,2023-10-02,1,2023-10-09,0.72764844,0.94585043
123,2023,Vichada,2023-10-02,2,2023-10-16,2.9105935,0.96035534
123,2023,Vichada,2023-10-02,3,2023-10-23,5.093539,0.97580075
123,2023,Vichada,2023-10-02,4,2023-10-30,4.365891,1.0698156
123,2023,Vichada,2023-10-09,1,2023-10-16,2.9105935,1.3333523
123,2023,Vichada,2023-10-09,2,2023-10-23,5.093539,1.3643632
123,2023,Vichada,2023-10-09,3,2023-10-30,4.365891,1.3862488
123,2023,Vichada,2023-10-09,4,2023-11-06,14.552968,1.4839406
123,2023,Vichada,2023-10-16,1,2023-10-23,5.093539,1.2306455
123,2023,Vichada,2023-10-16,2,2023-10-30,4.365891,1.2399365
123,2023,Vichada,2023-10-16,3,2023-11-06,14.552968,1.2557809
123,2023,Vichada,2023-10-16,4,2023-11-13,6.5488353,1.3257127
123,2023,Vichada,2023-10-23,1,2023-10-30,4.365891,1.5528748
123,2023,Vichada,2023-10-23,2,2023-11-06,14.552968,1.5710757
123,2023,Vichada,2023-10-23,3,2023-11-13,6.5488353,1.5879048
123,2023,Vichada,2023-10-23,4,2023-11-20,2.1829455,1.6505626
123,2023,Vichada,2023-10-30,1,2023-11-06,14.552968,2.4891593
123,2023,Vichada,2023-10-30,2,2023-11-13,6.5488353,2.537971
123,2023,Vichada,2023-10-30,3,2023-11-20,2.1829455,2.5523734
123,2023,Vichada,2023-10-30,4,2023-11-27,1.455297,2.6108203
123,2023,Vichada,2023-11-06,1,2023-11-13,6.5488353,2.9582987
123,2023,Vichada,2023-11-06,2,2023-11-20,2.1829455,3.0021837
123,2023,Vichada,2023-11-06,3,2023-11-27,1.455297,3.0029156
123,2023,Vichada,2023-11-06,4,2023-12-04,0.0,3.0590236
123,2023,Vichada,2023-11-13,1,2023-11-20,2.1829455,5.1887717
123,2023,Vichada,2023-11-13,2,2023-11-27,1.455297,5.2734733
123,2023,Vichada,2023-11-13,3,2023-12-04,0.0,5.242445
123,2023,Vichada,2023-11-13,4,2023-12-11,2.1829455,5.207539
123,2023,Vichada,2023-11-20,1,2023-11-27,1.455297,5.2729373
123,2023,Vichada,2023-11-20,2,2023-12-04,0.0,5.2880907
123,2023,Vichada,2023-11-20,3,2023-12-11,2.1829455,5.2024517
123,2023,Vichada,2023-11-20,4,2023-12-18,2.9105935,5.2133284
123,2023,Vichada,2023-11-27,1,2023-12-04,0.0,4.1431103
123,2023,Vichada,2023-11-27,2,2023-12-11,2.1829455,4.0893316
123,2023,Vichada,2023-11-27,3,2023-12-18,2.9105935,4.0039153
123,2023,Vichada,2023-11-27,4,2023-12-25,0.72764844,4.0520687
