seed,test_year,departamento,fecha_base,horizonte,fecha_objetivo,y_true,y_pred
123,2022,Amazonas,2022-02-21,1,2022-02-28,7.3174305,8.122392
123,2022,Amazonas,2022-02-21,2,2022-03-07,10.976146,7.7969084
123,2022,Amazonas,2022-02-21,3,2022-03-14,8.537002,7.505461
123,2022,Amazonas,2022-02-21,4,2022-03-21,15.854431,7.177173
123,2022,Amazonas,2022-02-28,1,2022-03-07,10.976146,7.1040454
123,2022,Amazonas,2022-02-28,2,2022-03-14,8.537002,6.756434
123,2022,Amazonas,2022-02-28,3,2022-03-21,15.854431,6.4767337
123,2022,Amazonas,2022-02-28,4,2022-03-28,14.634862,6.232815
123,2022,Amazonas,2022-03-07,1,2022-03-14,8.537002,6.6909866
123,2022,Amazonas,2022-03-07,2,2022-03-21,15.854431,6.3609867
123,2022,Amazonas,2022-03-07,3,2022-03-28,14.634862,6.094005
123,2022,Amazonas,2022-03-07,4,2022-04-04,8.537002,5.868204
123,2022,Amazonas,2022-03-14,1,2022-03-21,15.854431,7.449275
123,2022,Amazonas,2022-03-14,2,2022-03-28,14.634862,7.1690764
123,2022,Amazonas,2022-03-14,3,2022-04-04,8.537002,6.9141603
123,2022,Amazonas,2022-03-14,4,2022-04-11,3.658715,6.619436
123,2022,Amazonas,2022-03-21,1,2022-03-28,14.634862,7.4358974
123,2022,Amazonas,2022-03-21,2,2022-04-04,8.537002,7.1467266
123,2022,Amazonas,2022-03-21,3,2022-04-11,3.658715,6.892043
123,2022,Amazonas,2022-03-21,4,2022-04-18,6.0978584,6.60786
123,2022,Amazonas,2022-03-28,1,2022-04-04,8.537002,9.114452
123,2022,Amazonas,2022-03-28,2,2022-04-11,3.658715,8.890314
123,2022,Amazonas,2022-03-28,3,2022-04-18,6.0978584,8.632652
123,2022,Amazonas,2022-03-28,4,2022-04-25,13.41529,8.1912985
123,2022,Amazonas,2022-04-04,1,2022-04-11,3.658715,9.692309
123,2022,Amazonas,2022-04-04,2,2022-04-18,6.0978584,9.395479
123,2022,Amazonas,2022-04-04,3,2022-04-25,13.41529,9.088158
123,2022,Amazonas,2022-04-04,4,2022-05-02,15.854431,8.580587
123,2022,Amazonas,2022-04-11,1,2022-04-18,6.0978584,8.2351265
123,2022,Amazonas,2022-04-11,2,2022-04-25,13.41529,7.833737
123,2022,Amazonas,2022-04-11,3,2022-05-02,15.854431,7.4927883
123,2022,Amazonas,2022-04-11,4,2022-05-09,9.756575,7.1317225
123,2022,Amazonas,2022-04-18,1,2022-04-25,13.41529,6.070226
123,2022,Amazonas,2022-04-18,2,2022-05-02,15.854431,5.70608
123,2022,Amazonas,2022-04-18,3,2022-05-09,9.756575,5.421338
123,2022,Amazonas,2022-04-18,4,2022-05-16,3.658715,5.2408533
123,2022,Amazonas,2022-04-25,1,2022-05-02,15.854431,5.688987
123,2022,Amazonas,2022-04-25,2,2022-05-09,9.756575,5.433635
123,2022,Amazonas,2022-04-25,3,2022-05-16,3.658715,5.220494
123,2022,Amazonas,2022-04-25,4,2022-05-23,6.0978584,5.0613956
123,2022,Amazonas,2022-05-02,1,2022-05-09,9.756575,7.264362
123,2022,Amazonas,2022-05-02,2,2022-05-16,3.658715,7.0949073
123,2022,Amazonas,2022-05-02,3,2022-05-23,6.0978584,6.8933735
123,2022,Amazonas,2022-05-02,4,2022-05-30,3.658715,6.6318135
123,2022,Amazonas,2022-05-09,1,2022-05-16,3.658715,8.954262
123,2022,Amazonas,2022-05-09,2,2022-05-23,6.0978584,8.796207
123,2022,Amazonas,2022-05-09,3,2022-05-30,3.658715,8.553745
123,2022,Amazonas,2022-05-09,4,2022-06-06,6.0978584,8.161426
123,2022,Amazonas,2022-05-16,1,2022-05-23,6.0978584,8.281204
123,2022,Amazonas,2022-05-16,2,2022-05-30,3.658715,8.028475
123,2022,Amazonas,2022-05-16,3,2022-06-06,6.0978584,7.7587566
123,2022,Amazonas,2022-05-16,4,2022-06-13,7.3174305,7.4312286
123,2022,Amazonas,2022-05-23,1,2022-05-30,3.658715,5.6116486
123,2022,Amazonas,2022-05-23,2,2022-06-06,6.0978584,5.3200517
123,2022,Amazonas,2022-05-23,3,2022-06-13,7.3174305,5.082293
123,2022,Amazonas,2022-05-23,4,2022-06-20,4.878287,4.947651
123,2022,Amazonas,2022-05-30,1,2022-06-06,6.0978584,5.064406
123,2022,Amazonas,2022-05-30,2,2022-06-13,7.3174305,4.860989
123,2022,Amazonas,2022-05-30,3,2022-06-20,4.878287,4.684517
123,2022,Amazonas,2022-05-30,4,2022-06-27,2.4391434,4.561227
123,2022,Amazonas,2022-06-06,1,2022-06-13,7.3174305,4.3456373
123,2022,Amazonas,2022-06-06,2,2022-06-20,4.878287,4.1964154
123,2022,Amazonas,2022-06-06,3,2022-06-27,2.4391434,4.072661
123,2022,Amazonas,2022-06-06,4,2022-07-04,1.2195716,3.9905813
123,2022,Amazonas,2022-06-13,1,2022-06-20,4.878287,4.476763
123,2022,Amazonas,2022-06-13,2,2022-06-27,2.4391434,4.3835464
123,2022,Amazonas,2022-06-13,3,2022-07-04,1.2195716,4.29174
123,2022,Amazonas,2022-06-13,4,2022-07-11,3.658715,4.208846
123,2022,Amazonas,2022-06-20,1,2022-06-27,2.4391434,4.7789207
123,2022,Amazonas,2022-06-20,2,2022-07-04,1.2195716,4.699393
123,2022,Amazonas,2022-06-20,3,2022-07-11,3.658715,4.6097584
123,2022,Amazonas,2022-06-20,4,2022-07-18,2.4391434,4.519105
123,2022,Amazonas,2022-06-27,1,2022-07-04,1.2195716,4.2876406
123,2022,Amazonas,2022-06-27,2,2022-07-11,3.658715,4.186874
123,2022,Amazonas,2022-06-27,3,2022-07-18,2.4391434,4.09301
123,2022,Amazonas,2022-06-27,4,2022-07-25,6.0978584,4.0211225
123,2022,Amazonas,2022-07-04,1,2022-07-11,3.658715,3.3897305
123,2022,Amazonas,2022-07-04,2,2022-07-18,2.4391434,3.2969236
123,2022,Amazonas,2022-07-04,3,2022-07-25,6.0978584,3.220782
123,2022,Amazonas,2022-07-04,4,2022-08-01,3.658715,3.1818025
123,2022,Amazonas,2022-07-11,1,2022-07-18,2.4391434,2.5185716
123,2022,Amazonas,2022-07-11,2,2022-07-25,6.0978584,2.451443
123,2022,Amazonas,2022-07-11,3,2022-08-01,3.658715,2.3830996
123,2022,Amazonas,2022-07-11,4,2022-08-08,1.2195716,2.3756685
123,2022,Amazonas,2022-07-18,1,2022-07-25,6.0978584,2.401566
123,2022,Amazonas,2022-07-18,2,2022-08-01,3.658715,2.3524728
123,2022,Amazonas,2022-07-18,3,2022-08-08,1.2195716,2.3025837
123,2022,Amazonas,2022-07-18,4,2022-08-15,2.4391434,2.2991965
123,2022,Amazonas,2022-07-25,1,2022-08-01,3.658715,2.03395
123,2022,Amazonas,2022-07-25,2,2022-08-08,1.2195716,1.9790326
123,2022,Amazonas,2022-07-25,3,2022-08-15,2.4391434,1.9303392
123,2022,Amazonas,2022-07-25,4,2022-08-22,0.0,1.9455655
123,2022,Amazonas,2022-08-01,1,2022-08-08,1.2195716,2.2758443
123,2022,Amazonas,2022-08-01,2,2022-08-15,2.4391434,2.248903
123,2022,Amazonas,2022-08-01,3,2022-08-22,0.0,2.2244911
123,2022,Amazonas,2022-08-01,4,2022-08-29,3.658715,2.2353754
123,2022,Amazonas,2022-08-08,1,2022-08-15,2.4391434,2.2002025
123,2022,Amazonas,2022-08-08,2,2022-08-22,0.0,2.1659923
123,2022,Amazonas,2022-08-08,3,2022-08-29,3.658715,2.1376572
123,2022,Amazonas,2022-08-08,4,2022-09-05,0.0,2.1543882
123,2022,Amazonas,2022-08-15,1,2022-08-22,0.0,1.6766372
123,2022,Amazonas,2022-08-15,2,2022-08-29,3.658715,1.6271882
123,2022,Amazonas,2022-08-15,3,2022-09-05,0.0,1.5819005
123,2022,Amazonas,2022-08-15,4,2022-09-12,1.2195716,1.5995743
123,2022,Amazonas,2022-08-22,1,2022-08-29,3.658715,1.4023103
123,2022,Amazonas,2022-08-22,2,2022-09-05,0.0,1.3532397
123,2022,Amazonas,2022-08-22,3,2022-09-12,1.2195716,1.3213177
123,2022,Amazonas,2022-08-22,4,2022-09-19,1.2195716,1.3184141
123,2022,Amazonas,2022-08-29,1,2022-09-05,0.0,1.0459088
123,2022,Amazonas,2022-08-29,2,2022-09-12,1.2195716,0.99824923
123,2022,Amazonas,2022-08-29,3,2022-09-19,1.2195716,0.98084706
123,2022,Amazonas,2022-08-29,4,2022-09-26,1.2195716,0.9575502
123,2022,Amazonas,2022-09-05,1,2022-09-12,1.2195716,1.1580782
123,2022,Amazonas,2022-09-05,2,2022-09-19,1.2195716,1.1126586
123,2022,Amazonas,2022-09-05,3,2022-09-26,1.2195716,1.1073759
123,2022,Amazonas,2022-09-05,4,2022-10-03,3.658715,1.100216
123,2022,Amazonas,2022-09-12,1,2022-09-19,1.2195716,1.0042821
123,2022,Amazonas,2022-09-12,2,2022-09-26,1.2195716,0.9628189
123,2022,Amazonas,2022-09-12,3,2022-10-03,3.658715,0.95473784
123,2022,Amazonas,2022-09-12,4,2022-10-10,4.878287,0.9453762
123,2022,Amazonas,2022-09-19,1,2022-09-26,1.2195716,0.9535657
123,2022,Amazonas,2022-09-19,2,2022-10-03,3.658715,0.9136149
123,2022,Amazonas,2022-09-19,3,2022-10-10,4.878287,0.90423065
123,2022,Amazonas,2022-09-19,4,2022-10-17,1.2195716,0.891004
123,2022,Amazonas,2022-09-26,1,2022-10-03,3.658715,0.917477
123,2022,Amazonas,2022-09-26,2,2022-10-10,4.878287,0.88108045
123,2022,Amazonas,2022-09-26,3,2022-10-17,1.2195716,0.8737081
123,2022,Amazonas,2022-09-26,4,2022-10-24,4.878287,0.8708369
123,2022,Amazonas,2022-10-03,1,2022-10-10,4.878287,0.9252921
123,2022,Amazonas,2022-10-03,2,2022-10-17,1.2195716,0.89408493
123,2022,Amazonas,2022-10-03,3,2022-10-24,4.878287,0.88969463
123,2022,Amazonas,2022-10-03,4,2022-10-31,9.756575,0.8936894
123,2022,Amazonas,2022-10-10,1,2022-10-17,1.2195716,1.3308486
123,2022,Amazonas,2022-10-10,2,2022-10-24,4.878287,1.323153
123,2022,Amazonas,2022-10-10,3,2022-10-31,9.756575,1.3139708
123,2022,Amazonas,2022-10-10,4,2022-11-07,9.756575,1.3612733
123,2022,Amazonas,2022-10-17,1,2022-10-24,4.878287,1.9473006
123,2022,Amazonas,2022-10-17,2,2022-10-31,9.756575,1.9495919
123,2022,Amazonas,2022-10-17,3,2022-11-07,9.756575,1.9307594
123,2022,Amazonas,2022-10-17,4,2022-11-14,7.3174305,1.9844711
123,2022,Amazonas,2022-10-24,1,2022-10-31,9.756575,1.9134876
123,2022,Amazonas,2022-10-24,2,2022-11-07,9.756575,1.9060551
123,2022,Amazonas,2022-10-24,3,2022-11-14,7.3174305,1.8929179
123,2022,Amazonas,2022-10-24,4,2022-11-21,3.658715,1.9422662
123,2022,Amazonas,2022-10-31,1,2022-11-07,9.756575,2.4219892
123,2022,Amazonas,2022-10-31,2,2022-11-14,7.3174305,2.4253497
123,2022,Amazonas,2022-10-31,3,2022-11-21,3.658715,2.4145923
123,2022,Amazonas,2022-10-31,4,2022-11-28,2.4391434,2.453516
123,2022,Amazonas,2022-11-07,1,2022-11-14,7.3174305,4.3826604
123,2022,Amazonas,2022-11-07,2,2022-11-21,3.658715,4.445903
123,2022,Amazonas,2022-11-07,3,2022-11-28,2.4391434,4.424398
123,2022,Amazonas,2022-11-07,4,2022-12-05,9.756575,4.422781
123,2022,Amazonas,2022-11-14,1,2022-11-21,3.658715,5.7090254
123,2022,Amazonas,2022-11-14,2,2022-11-28,2.4391434,5.7733245
123,2022,Amazonas,2022-11-14,3,2022-12-05,9.756575,5.7267537
123,2022,Amazonas,2022-11-14,4,2022-12-12,4.878287,5.684356
123,2022,Amazonas,2022-11-21,1,2022-11-28,2.4391434,6.037634
123,2022,Amazonas,2022-11-21,2,2022-12-05,9.756575,6.060598
123,2022,Amazonas,2022-11-21,3,2022-12-12,4.878287,6.002951
123,2022,Amazonas,2022-11-21,4,2022-12-19,14.634862,5.938984
123,2022,Amazonas,2022-11-28,1,2022-12-05,9.756575,5.2225876
123,2022,Amazonas,2022-11-28,2,2022-12-12,4.878287,5.1714807
123,2022,Amazonas,2022-11-28,3,2022-12-19,14.634862,5.1150556
123,2022,Amazonas,2022-11-28,4,2022-12-26,7.3174305,5.0679674
123,2022,Antioquia,2022-02-21,1,2022-02-28,0.354126,0.098655626
123,2022,Antioquia,2022-02-21,2,2022-03-07,0.39839175,0.102352075
123,2022,Antioquia,2022-02-21,3,2022-03-14,0.45741272,0.09932611
123,2022,Antioquia,2022-02-21,4,2022-03-21,0.354126,0.09631848
123,2022,Antioquia,2022-02-28,1,2022-03-07,0.39839175,0.0956694
123,2022,Antioquia,2022-02-28,2,2022-03-14,0.45741272,0.099764146
123,2022,Antioquia,2022-02-28,3,2022-03-21,0.354126,0.09681462
123,2022,Antioquia,2022-02-28,4,2022-03-28,0.41314697,0.09322088
123,2022,Antioquia,2022-03-07,1,2022-03-14,0.45741272,0.097773954
123,2022,Antioquia,2022-03-07,2,2022-03-21,0.354126,0.10151178
123,2022,Antioquia,2022-03-07,3,2022-03-28,0.41314697,0.09909127
123,2022,Antioquia,2022-03-07,4,2022-04-04,0.32461548,0.09578523
123,2022,Antioquia,2022-03-14,1,2022-03-21,0.354126,0.10519512
123,2022,Antioquia,2022-03-14,2,2022-03-28,0.41314697,0.10731707
123,2022,Antioquia,2022-03-14,3,2022-04-04,0.32461548,0.105869554
123,2022,Antioquia,2022-03-14,4,2022-04-11,0.56069946,0.103360936
123,2022,Antioquia,2022-03-21,1,2022-03-28,0.41314697,0.111996494
123,2022,Antioquia,2022-03-21,2,2022-04-04,0.32461548,0.11273711
123,2022,Antioquia,2022-03-21,3,2022-04-11,0.56069946,0.112325944
123,2022,Antioquia,2022-03-21,4,2022-04-18,0.44265747,0.1104712
123,2022,Antioquia,2022-03-28,1,2022-04-04,0.32461548,0.12964708
123,2022,Antioquia,2022-03-28,2,2022-04-11,0.56069946,0.1278861
123,2022,Antioquia,2022-03-28,3,2022-04-18,0.44265747,0.13030103
123,2022,Antioquia,2022-03-28,4,2022-04-25,0.354126,0.13043532
123,2022,Antioquia,2022-04-04,1,2022-04-11,0.56069946,0.146406
123,2022,Antioquia,2022-04-04,2,2022-04-18,0.44265747,0.14514917
123,2022,Antioquia,2022-04-04,3,2022-04-25,0.354126,0.15085489
123,2022,Antioquia,2022-04-04,4,2022-05-02,0.36888123,0.14898938
123,2022,Antioquia,2022-04-11,1,2022-04-18,0.44265747,0.15491693
123,2022,Antioquia,2022-04-11,2,2022-04-25,0.354126,0.15387076
123,2022,Antioquia,2022-04-11,3,2022-05-02,0.36888123,0.16113321
123,2022,Antioquia,2022-04-11,4,2022-05-09,0.7377625,0.15673399
123,2022,Antioquia,2022-04-18,1,2022-04-25,0.354126,0.1989054
123,2022,Antioquia,2022-04-18,2,2022-05-02,0.36888123,0.19834085
123,2022,Antioquia,2022-04-18,3,2022-05-09,0.7377625,0.21129219
123,2022,Antioquia,2022-04-18,4,2022-05-16,0.5754547,0.20029281
123,2022,Antioquia,2022-04-25,1,2022-05-02,0.36888123,0.23660967
123,2022,Antioquia,2022-04-25,2,2022-05-09,0.7377625,0.23700248
123,2022,Antioquia,2022-04-25,3,2022-05-16,0.5754547,0.25109562
123,2022,Antioquia,2022-04-25,4,2022-05-23,0.78202826,0.24114661
123,2022,Antioquia,2022-05-02,1,2022-05-09,0.7377625,0.27425972
123,2022,Antioquia,2022-05-02,2,2022-05-16,0.5754547,0.27455628
123,2022,Antioquia,2022-05-02,3,2022-05-23,0.78202826,0.2889515
123,2022,Antioquia,2022-05-02,4,2022-05-30,0.98860174,0.28033826
123,2022,Antioquia,2022-05-09,1,2022-05-16,0.5754547,0.2874682
123,2022,Antioquia,2022-05-09,2,2022-05-23,0.78202826,0.28803584
123,2022,Antioquia,2022-05-09,3,2022-05-30,0.98860174,0.30223763
123,2022,Antioquia,2022-05-09,4,2022-06-06,1.2246858,0.29356113
123,2022,Antioquia,2022-05-16,1,2022-05-23,0.78202826,0.32203016
123,2022,Antioquia,2022-05-16,2,2022-05-30,0.98860174,0.3235453
123,2022,Antioquia,2022-05-16,3,2022-06-06,1.2246858,0.3374082
123,2022,Antioquia,2022-05-16,4,2022-06-13,0.78202826,0.33221233
123,2022,Antioquia,2022-05-23,1,2022-05-30,0.98860174,0.34952202
123,2022,Antioquia,2022-05-23,2,2022-06-06,1.2246858,0.3515849
123,2022,Antioquia,2022-05-23,3,2022-06-13,0.78202826,0.3648758
123,2022,Antioquia,2022-05-23,4,2022-06-20,0.7967835,0.3627362
123,2022,Antioquia,2022-05-30,1,2022-06-06,1.2246858,0.41632324
123,2022,Antioquia,2022-05-30,2,2022-06-13,0.78202826,0.42067727
123,2022,Antioquia,2022-05-30,3,2022-06-20,0.7967835,0.43321663
123,2022,Antioquia,2022-05-30,4,2022-06-27,0.7967835,0.43628606
123,2022,Antioquia,2022-06-06,1,2022-06-13,0.78202826,0.55749786
123,2022,Antioquia,2022-06-06,2,2022-06-20,0.7967835,0.56441027
123,2022,Antioquia,2022-06-06,3,2022-06-27,0.7967835,0.58014506
123,2022,Antioquia,2022-06-06,4,2022-07-04,0.78202826,0.5887685
123,2022,Antioquia,2022-06-13,1,2022-06-20,0.7967835,0.72501904
123,2022,Antioquia,2022-06-13,2,2022-06-27,0.7967835,0.7339921
123,2022,Antioquia,2022-06-13,3,2022-07-04,0.78202826,0.7579192
123,2022,Antioquia,2022-06-13,4,2022-07-11,0.94433594,0.77408946
123,2022,Antioquia,2022-06-20,1,2022-06-27,0.7967835,0.8155421
123,2022,Antioquia,2022-06-20,2,2022-07-04,0.78202826,0.8240297
123,2022,Antioquia,2022-06-20,3,2022-07-11,0.94433594,0.84777486
123,2022,Antioquia,2022-06-20,4,2022-07-18,0.6934967,0.8627736
123,2022,Antioquia,2022-06-27,1,2022-07-04,0.78202826,0.8372205
123,2022,Antioquia,2022-06-27,2,2022-07-11,0.94433594,0.84174466
123,2022,Antioquia,2022-06-27,3,2022-07-18,0.6934967,0.86162746
123,2022,Antioquia,2022-06-27,4,2022-07-25,0.64923096,0.8693584
123,2022,Antioquia,2022-07-04,1,2022-07-11,0.94433594,0.7981129
123,2022,Antioquia,2022-07-04,2,2022-07-18,0.6934967,0.7968032
123,2022,Antioquia,2022-07-04,3,2022-07-25,0.64923096,0.81017405
123,2022,Antioquia,2022-07-04,4,2022-08-01,0.59021,0.8088002
123,2022,Antioquia,2022-07-11,1,2022-07-18,0.6934967,0.7745803
123,2022,Antioquia,2022-07-11,2,2022-07-25,0.64923096,0.7688508
123,2022,Antioquia,2022-07-11,3,2022-08-01,0.59021,0.7801372
123,2022,Antioquia,2022-07-11,4,2022-08-08,0.6787415,0.773799
123,2022,Antioquia,2022-07-18,1,2022-07-25,0.64923096,0.7966198
123,2022,Antioquia,2022-07-18,2,2022-08-01,0.59021,0.7878431
123,2022,Antioquia,2022-07-18,3,2022-08-08,0.6787415,0.80080044
123,2022,Antioquia,2022-07-18,4,2022-08-15,0.6344757,0.79290575
123,2022,Antioquia,2022-07-25,1,2022-08-01,0.59021,0.7391347
123,2022,Antioquia,2022-07-25,2,2022-08-08,0.6787415,0.72878444
123,2022,Antioquia,2022-07-25,3,2022-08-15,0.6344757,0.7376261
123,2022,Antioquia,2022-07-25,4,2022-08-22,0.5164338,0.7280352
123,2022,Antioquia,2022-08-01,1,2022-08-08,0.6787415,0.6688348
123,2022,Antioquia,2022-08-01,2,2022-08-15,0.6344757,0.65821755
123,2022,Antioquia,2022-08-01,3,2022-08-22,0.5164338,0.6628181
123,2022,Antioquia,2022-08-01,4,2022-08-29,0.66398627,0.65261227
123,2022,Antioquia,2022-08-08,1,2022-08-15,0.6344757,0.57442975
123,2022,Antioquia,2022-08-08,2,2022-08-22,0.5164338,0.5639216
123,2022,Antioquia,2022-08-08,3,2022-08-29,0.66398627,0.5656023
123,2022,Antioquia,2022-08-08,4,2022-09-05,0.64923096,0.5546817
123,2022,Antioquia,2022-08-15,1,2022-08-22,0.5164338,0.5435954
123,2022,Antioquia,2022-08-15,2,2022-08-29,0.66398627,0.5328678
123,2022,Antioquia,2022-08-15,3,2022-09-05,0.64923096,0.534417
123,2022,Antioquia,2022-08-15,4,2022-09-12,0.47216797,0.5237141
123,2022,Antioquia,2022-08-22,1,2022-08-29,0.66398627,0.51882434
123,2022,Antioquia,2022-08-22,2,2022-09-05,0.64923096,0.50811917
123,2022,Antioquia,2022-08-22,3,2022-09-12,0.47216797,0.509333
123,2022,Antioquia,2022-08-22,4,2022-09-19,0.36888123,0.5000926
123,2022,Antioquia,2022-08-29,1,2022-09-05,0.64923096,0.48954
123,2022,Antioquia,2022-08-29,2,2022-09-12,0.47216797,0.47844958
123,2022,Antioquia,2022-08-29,3,2022-09-19,0.36888123,0.47893336
123,2022,Antioquia,2022-08-29,4,2022-09-26,0.38363647,0.47033167
123,2022,Antioquia,2022-09-05,1,2022-09-12,0.47216797,0.45169166
123,2022,Antioquia,2022-09-05,2,2022-09-19,0.36888123,0.44008812
123,2022,Antioquia,2022-09-05,3,2022-09-26,0.38363647,0.43979567
123,2022,Antioquia,2022-09-05,4,2022-10-03,0.44265747,0.43110865
123,2022,Antioquia,2022-09-12,1,2022-09-19,0.36888123,0.4170355
123,2022,Antioquia,2022-09-12,2,2022-09-26,0.38363647,0.4055462
123,2022,Antioquia,2022-09-12,3,2022-10-03,0.44265747,0.40486315
123,2022,Antioquia,2022-09-12,4,2022-10-10,0.41314697,0.39685562
123,2022,Antioquia,2022-09-19,1,2022-09-26,0.38363647,0.3936286
123,2022,Antioquia,2022-09-19,2,2022-10-03,0.44265747,0.3822886
123,2022,Antioquia,2022-09-19,3,2022-10-10,0.41314697,0.38160825
123,2022,Antioquia,2022-09-19,4,2022-10-17,0.44265747,0.37291783
123,2022,Antioquia,2022-09-26,1,2022-10-03,0.44265747,0.3494908
123,2022,Antioquia,2022-09-26,2,2022-10-10,0.41314697,0.33721098
123,2022,Antioquia,2022-09-26,3,2022-10-17,0.44265747,0.3374459
123,2022,Antioquia,2022-09-26,4,2022-10-24,0.42790222,0.32470137
123,2022,Antioquia,2022-10-03,1,2022-10-10,0.41314697,0.32112688
123,2022,Antioquia,2022-10-03,2,2022-10-17,0.44265747,0.30786154
123,2022,Antioquia,2022-10-03,3,2022-10-24,0.42790222,0.3105077
123,2022,Antioquia,2022-10-03,4,2022-10-31,0.44265747,0.29626733
123,2022,Antioquia,2022-10-10,1,2022-10-17,0.44265747,0.28587776
123,2022,Antioquia,2022-10-10,2,2022-10-24,0.42790222,0.27198794
123,2022,Antioquia,2022-10-10,3,2022-10-31,0.44265747,0.27689078
123,2022,Antioquia,2022-10-10,4,2022-11-07,0.38363647,0.26262632
123,2022,Antioquia,2022-10-17,1,2022-10-24,0.42790222,0.2595025
123,2022,Antioquia,2022-10-17,2,2022-10-31,0.44265747,0.24562109
123,2022,Antioquia,2022-10-17,3,2022-11-07,0.38363647,0.2526323
123,2022,Antioquia,2022-10-17,4,2022-11-14,0.6049652,0.23747559
123,2022,Antioquia,2022-10-24,1,2022-10-31,0.44265747,0.25046602
123,2022,Antioquia,2022-10-24,2,2022-11-07,0.38363647,0.23775955
123,2022,Antioquia,2022-10-24,3,2022-11-14,0.6049652,0.24474274
123,2022,Antioquia,2022-10-24,4,2022-11-21,0.44265747,0.23025876
123,2022,Antioquia,2022-10-31,1,2022-11-07,0.38363647,0.2505762
123,2022,Antioquia,2022-10-31,2,2022-11-14,0.6049652,0.23912354
123,2022,Antioquia,2022-10-31,3,2022-11-21,0.44265747,0.24610491
123,2022,Antioquia,2022-10-31,4,2022-11-28,0.47216797,0.23243612
123,2022,Antioquia,2022-11-07,1,2022-11-14,0.6049652,0.25259754
123,2022,Antioquia,2022-11-07,2,2022-11-21,0.44265747,0.24262303
123,2022,Antioquia,2022-11-07,3,2022-11-28,0.47216797,0.24927829
123,2022,Antioquia,2022-11-07,4,2022-12-05,0.26559448,0.23686826
123,2022,Antioquia,2022-11-14,1,2022-11-21,0.44265747,0.251971
123,2022,Antioquia,2022-11-14,2,2022-11-28,0.47216797,0.24292584
123,2022,Antioquia,2022-11-14,3,2022-12-05,0.26559448,0.24928051
123,2022,Antioquia,2022-11-14,4,2022-12-12,0.22132875,0.23743168
123,2022,Antioquia,2022-11-21,1,2022-11-28,0.47216797,0.28361282
123,2022,Antioquia,2022-11-21,2,2022-12-05,0.26559448,0.27529383
123,2022,Antioquia,2022-11-21,3,2022-12-12,0.22132875,0.28140137
123,2022,Antioquia,2022-11-21,4,2022-12-19,0.39839175,0.2720751
123,2022,Antioquia,2022-11-28,1,2022-12-05,0.26559448,0.29244837
123,2022,Antioquia,2022-11-28,2,2022-12-12,0.22132875,0.28500995
123,2022,Antioquia,2022-11-28,3,2022-12-19,0.39839175,0.29060778
123,2022,Antioquia,2022-11-28,4,2022-12-26,0.39839175,0.2822043
123,2022,Arauca,2022-02-21,1,2022-02-28,0.3638931,0.50019234
123,2022,Arauca,2022-02-21,2,2022-03-07,0.7277861,0.53375
123,2022,Arauca,2022-02-21,3,2022-03-14,1.4555722,0.56345886
123,2022,Arauca,2022-02-21,4,2022-03-21,0.3638931,0.57548076
123,2022,Arauca,2022-02-28,1,2022-03-07,0.7277861,0.44150364
123,2022,Arauca,2022-02-28,2,2022-03-14,1.4555722,0.4660395
123,2022,Arauca,2022-02-28,3,2022-03-21,0.3638931,0.49358267
123,2022,Arauca,2022-02-28,4,2022-03-28,1.0916792,0.49872604
123,2022,Arauca,2022-03-07,1,2022-03-14,1.4555722,0.40370095
123,2022,Arauca,2022-03-07,2,2022-03-21,0.3638931,0.4227496
123,2022,Arauca,2022-03-07,3,2022-03-28,1.0916792,0.44955644
123,2022,Arauca,2022-03-07,4,2022-04-04,1.4555722,0.45214435
123,2022,Arauca,2022-03-14,1,2022-03-21,0.3638931,0.44087538
123,2022,Arauca,2022-03-14,2,2022-03-28,1.0916792,0.46530584
123,2022,Arauca,2022-03-14,3,2022-04-04,1.4555722,0.49699578
123,2022,Arauca,2022-03-14,4,2022-04-11,0.3638931,0.50757176
123,2022,Arauca,2022-03-21,1,2022-03-28,1.0916792,0.78006315
123,2022,Arauca,2022-03-21,2,2022-04-04,1.4555722,0.83972347
123,2022,Arauca,2022-03-21,3,2022-04-11,0.3638931,0.90347946
123,2022,Arauca,2022-03-21,4,2022-04-18,1.8194654,0.9573667
123,2022,Arauca,2022-03-28,1,2022-04-04,1.4555722,0.87838787
123,2022,Arauca,2022-03-28,2,2022-04-11,0.3638931,0.9505915
123,2022,Arauca,2022-03-28,3,2022-04-18,1.8194654,1.0184304
123,2022,Arauca,2022-03-28,4,2022-04-25,3.2750375,1.0798632
123,2022,Arauca,2022-04-04,1,2022-04-11,0.3638931,1.0088571
123,2022,Arauca,2022-04-04,2,2022-04-18,1.8194654,1.0923238
123,2022,Arauca,2022-04-04,3,2022-04-25,3.2750375,1.1655416
123,2022,Arauca,2022-04-04,4,2022-05-02,3.6389308,1.2319374
123,2022,Arauca,2022-04-11,1,2022-04-18,1.8194654,1.2774243
123,2022,Arauca,2022-04-11,2,2022-04-25,3.2750375,1.3724573
123,2022,Arauca,2022-04-11,3,2022-05-02,3.6389308,1.4540668
123,2022,Arauca,2022-04-11,4,2022-05-09,3.2750375,1.5316597
123,2022,Arauca,2022-04-18,1,2022-04-25,3.2750375,1.1646024
123,2022,Arauca,2022-04-18,2,2022-05-02,3.6389308,1.2501403
123,2022,Arauca,2022-04-18,3,2022-05-09,3.2750375,1.3310485
123,2022,Arauca,2022-04-18,4,2022-05-16,3.2750375,1.3895118
123,2022,Arauca,2022-04-25,1,2022-05-02,3.6389308,1.5159538
123,2022,Arauca,2022-04-25,2,2022-05-09,3.2750375,1.6117017
123,2022,Arauca,2022-04-25,3,2022-05-16,3.2750375,1.7034097
123,2022,Arauca,2022-04-25,4,2022-05-23,8.733435,1.7843796
123,2022,Arauca,2022-05-02,1,2022-05-09,3.2750375,2.4228423
123,2022,Arauca,2022-05-02,2,2022-05-16,3.2750375,2.5647357
123,2022,Arauca,2022-05-02,3,2022-05-23,8.733435,2.6778162
123,2022,Arauca,2022-05-02,4,2022-05-30,5.094503,2.759694
123,2022,Arauca,2022-05-09,1,2022-05-16,3.2750375,3.8157797
123,2022,Arauca,2022-05-09,2,2022-05-23,8.733435,4.0360837
123,2022,Arauca,2022-05-09,3,2022-05-30,5.094503,4.170673
123,2022,Arauca,2022-05-09,4,2022-06-06,6.5500755,4.253222
123,2022,Arauca,2022-05-16,1,2022-05-23,8.733435,4.3941274
123,2022,Arauca,2022-05-16,2,2022-05-30,5.094503,4.6043324
123,2022,Arauca,2022-05-16,3,2022-06-06,6.5500755,4.732544
123,2022,Arauca,2022-05-16,4,2022-06-13,7.641755,4.8023443
123,2022,Arauca,2022-05-23,1,2022-05-30,5.094503,4.427635
123,2022,Arauca,2022-05-23,2,2022-06-06,6.5500755,4.5744095
123,2022,Arauca,2022-05-23,3,2022-06-13,7.641755,4.685961
123,2022,Arauca,2022-05-23,4,2022-06-20,6.1861825,4.72717
123,2022,Arauca,2022-05-30,1,2022-06-06,6.5500755,7.0876427
123,2022,Arauca,2022-05-30,2,2022-06-13,7.641755,7.409523
123,2022,Arauca,2022-05-30,3,2022-06-20,6.1861825,7.551074
123,2022,Arauca,2022-05-30,4,2022-06-27,5.8222895,7.5108385
123,2022,Arauca,2022-06-06,1,2022-06-13,7.641755,6.772795
123,2022,Arauca,2022-06-06,2,2022-06-20,6.1861825,6.8874116
123,2022,Arauca,2022-06-06,3,2022-06-27,5.8222895,6.921921
123,2022,Arauca,2022-06-06,4,2022-07-04,2.9111447,6.849438
123,2022,Arauca,2022-06-13,1,2022-06-20,6.1861825,6.8623657
123,2022,Arauca,2022-06-13,2,2022-06-27,5.8222895,6.87917
123,2022,Arauca,2022-06-13,3,2022-07-04,2.9111447,6.8609114
123,2022,Arauca,2022-06-13,4,2022-07-11,6.5500755,6.7295666
123,2022,Arauca,2022-06-20,1,2022-06-27,5.8222895,7.1182127
123,2022,Arauca,2022-06-20,2,2022-07-04,2.9111447,7.036205
123,2022,Arauca,2022-06-20,3,2022-07-11,6.5500755,6.960693
123,2022,Arauca,2022-06-20,4,2022-07-18,6.5500755,6.7621636
123,2022,Arauca,2022-06-27,1,2022-07-04,2.9111447,6.44683
123,2022,Arauca,2022-06-27,2,2022-07-11,6.5500755,6.2442517
123,2022,Arauca,2022-06-27,3,2022-07-18,6.5500755,6.107167
123,2022,Arauca,2022-06-27,4,2022-07-25,5.094503,5.9179373
123,2022,Arauca,2022-07-04,1,2022-07-11,6.5500755,5.653126
123,2022,Arauca,2022-07-04,2,2022-07-18,6.5500755,5.3899865
123,2022,Arauca,2022-07-04,3,2022-07-25,5.094503,5.2282624
123,2022,Arauca,2022-07-04,4,2022-08-01,4.366717,5.055358
123,2022,Arauca,2022-07-11,1,2022-07-18,6.5500755,3.988062
123,2022,Arauca,2022-07-11,2,2022-07-25,5.094503,3.7501328
123,2022,Arauca,2022-07-11,3,2022-08-01,4.366717,3.6157324
123,2022,Arauca,2022-07-11,4,2022-08-08,5.458396,3.5180333
123,2022,Arauca,2022-07-18,1,2022-07-25,5.094503,4.456031
123,2022,Arauca,2022-07-18,2,2022-08-01,4.366717,4.262278
123,2022,Arauca,2022-07-18,3,2022-08-08,5.458396,4.1417346
123,2022,Arauca,2022-07-18,4,2022-08-15,5.458396,3.9955704
123,2022,Arauca,2022-07-25,1,2022-08-01,4.366717,4.7185216
123,2022,Arauca,2022-07-25,2,2022-08-08,5.458396,4.5154095
123,2022,Arauca,2022-07-25,3,2022-08-15,5.458396,4.388378
123,2022,Arauca,2022-07-25,4,2022-08-22,2.1833587,4.2285166
123,2022,Arauca,2022-08-01,1,2022-08-08,5.458396,4.303502
123,2022,Arauca,2022-08-01,2,2022-08-15,5.458396,4.0962524
123,2022,Arauca,2022-08-01,3,2022-08-22,2.1833587,3.9722521
123,2022,Arauca,2022-08-01,4,2022-08-29,4.002824,3.8426065
123,2022,Arauca,2022-08-08,1,2022-08-15,5.458396,3.7041702
123,2022,Arauca,2022-08-08,2,2022-08-22,2.1833587,3.5203326
123,2022,Arauca,2022-08-08,3,2022-08-29,4.002824,3.414565
123,2022,Arauca,2022-08-08,4,2022-09-05,2.9111447,3.3150728
123,2022,Arauca,2022-08-15,1,2022-08-22,2.1833587,3.890776
123,2022,Arauca,2022-08-15,2,2022-08-29,4.002824,3.72867
123,2022,Arauca,2022-08-15,3,2022-09-05,2.9111447,3.6275644
123,2022,Arauca,2022-08-15,4,2022-09-12,1.4555722,3.5147264
123,2022,Arauca,2022-08-22,1,2022-08-29,4.002824,4.2365155
123,2022,Arauca,2022-08-22,2,2022-09-05,2.9111447,4.0789886
123,2022,Arauca,2022-08-22,3,2022-09-12,1.4555722,3.9768853
123,2022,Arauca,2022-08-22,4,2022-09-19,3.2750375,3.8544004
123,2022,Arauca,2022-08-29,1,2022-09-05,2.9111447,2.9449372
123,2022,Arauca,2022-08-29,2,2022-09-12,1.4555722,2.809634
123,2022,Arauca,2022-08-29,3,2022-09-19,3.2750375,2.720899
123,2022,Arauca,2022-08-29,4,2022-09-26,2.9111447,2.6737428
123,2022,Arauca,2022-09-05,1,2022-09-12,1.4555722,2.841378
123,2022,Arauca,2022-09-05,2,2022-09-19,3.2750375,2.7325008
123,2022,Arauca,2022-09-05,3,2022-09-26,2.9111447,2.6587803
123,2022,Arauca,2022-09-05,4,2022-10-03,1.4555722,2.6136472
123,2022,Arauca,2022-09-12,1,2022-09-19,3.2750375,2.727754
123,2022,Arauca,2022-09-12,2,2022-09-26,2.9111447,2.6351001
123,2022,Arauca,2022-09-12,3,2022-10-03,1.4555722,2.5753093
123,2022,Arauca,2022-09-12,4,2022-10-10,1.4555722,2.5393288
123,2022,Arauca,2022-09-19,1,2022-09-26,2.9111447,2.268005
123,2022,Arauca,2022-09-19,2,2022-10-03,1.4555722,2.1692953
123,2022,Arauca,2022-09-19,3,2022-10-10,1.4555722,2.1031177
123,2022,Arauca,2022-09-19,4,2022-10-17,2.1833587,2.0904064
123,2022,Arauca,2022-09-26,1,2022-10-03,1.4555722,2.4284682
123,2022,Arauca,2022-09-26,2,2022-10-10,1.4555722,2.3646429
123,2022,Arauca,2022-09-26,3,2022-10-17,2.1833587,2.3263273
123,2022,Arauca,2022-09-26,4,2022-10-24,1.4555722,2.3138075
123,2022,Arauca,2022-10-03,1,2022-10-10,1.4555722,2.63055
123,2022,Arauca,2022-10-03,2,2022-10-17,2.1833587,2.5902684
123,2022,Arauca,2022-10-03,3,2022-10-24,1.4555722,2.5720916
123,2022,Arauca,2022-10-03,4,2022-10-31,1.8194654,2.5591054
123,2022,Arauca,2022-10-10,1,2022-10-17,2.1833587,2.3885634
123,2022,Arauca,2022-10-10,2,2022-10-24,1.4555722,2.3461223
123,2022,Arauca,2022-10-10,3,2022-10-31,1.8194654,2.3235397
123,2022,Arauca,2022-10-10,4,2022-11-07,2.5472517,2.3258226
123,2022,Arauca,2022-10-17,1,2022-10-24,1.4555722,2.0300553
123,2022,Arauca,2022-10-17,2,2022-10-31,1.8194654,1.9780885
123,2022,Arauca,2022-10-17,3,2022-11-07,2.5472517,1.9482111
123,2022,Arauca,2022-10-17,4,2022-11-14,2.9111447,1.9634497
123,2022,Arauca,2022-10-24,1,2022-10-31,1.8194654,2.060477
123,2022,Arauca,2022-10-24,2,2022-11-07,2.5472517,2.0208943
123,2022,Arauca,2022-10-24,3,2022-11-14,2.9111447,2.0028555
123,2022,Arauca,2022-10-24,4,2022-11-21,3.2750375,2.022538
123,2022,Arauca,2022-10-31,1,2022-11-07,2.5472517,1.9227133
123,2022,Arauca,2022-10-31,2,2022-11-14,2.9111447,1.8879381
123,2022,Arauca,2022-10-31,3,2022-11-21,3.2750375,1.8735417
123,2022,Arauca,2022-10-31,4,2022-11-28,1.4555722,1.8961942
123,2022,Arauca,2022-11-07,1,2022-11-14,2.9111447,1.7828376
123,2022,Arauca,2022-11-07,2,2022-11-21,3.2750375,1.7539936
123,2022,Arauca,2022-11-07,3,2022-11-28,1.4555722,1.7435316
123,2022,Arauca,2022-11-07,4,2022-12-05,0.3638931,1.7647386
123,2022,Arauca,2022-11-14,1,2022-11-21,3.2750375,2.0095105
123,2022,Arauca,2022-11-14,2,2022-11-28,1.4555722,2.0003052
123,2022,Arauca,2022-11-14,3,2022-12-05,0.3638931,2.0044692
123,2022,Arauca,2022-11-14,4,2022-12-12,1.4555722,2.0381756
123,2022,Arauca,2022-11-21,1,2022-11-28,1.4555722,2.337805
123,2022,Arauca,2022-11-21,2,2022-12-05,0.3638931,2.3438938
123,2022,Arauca,2022-11-21,3,2022-12-12,1.4555722,2.345574
123,2022,Arauca,2022-11-21,4,2022-12-19,1.4555722,2.3765194
123,2022,Arauca,2022-11-28,1,2022-12-05,0.3638931,2.7894285
123,2022,Arauca,2022-11-28,2,2022-12-12,1.4555722,2.7991183
123,2022,Arauca,2022-11-28,3,2022-12-19,1.4555722,2.7995074
123,2022,Arauca,2022-11-28,4,2022-12-26,0.3638931,2.8217185
123,2022,Atlantico,2022-02-21,1,2022-02-28,2.9199615,3.8626392
123,2022,Atlantico,2022-02-21,2,2022-03-07,3.2083528,3.741183
123,2022,Atlantico,2022-02-21,3,2022-03-14,2.2350323,3.6427243
123,2022,Atlantico,2022-02-21,4,2022-03-21,1.7663965,3.5571291
123,2022,Atlantico,2022-02-28,1,2022-03-07,3.2083528,3.264992
123,2022,Atlantico,2022-02-28,2,2022-03-14,2.2350323,3.1721373
123,2022,Atlantico,2022-02-28,3,2022-03-21,1.7663965,3.1025875
123,2022,Atlantico,2022-02-28,4,2022-03-28,1.7303478,3.046798
123,2022,Atlantico,2022-03-07,1,2022-03-14,2.2350323,2.6832747
123,2022,Atlantico,2022-03-07,2,2022-03-21,1.7663965,2.5796847
123,2022,Atlantico,2022-03-07,3,2022-03-28,1.7303478,2.510785
123,2022,Atlantico,2022-03-07,4,2022-04-04,1.2256628,2.4816432
123,2022,Atlantico,2022-03-14,1,2022-03-21,1.7663965,2.4184043
123,2022,Atlantico,2022-03-14,2,2022-03-28,1.7303478,2.3315659
123,2022,Atlantico,2022-03-14,3,2022-04-04,1.2256628,2.2836976
123,2022,Atlantico,2022-03-14,4,2022-04-11,1.2977607,2.2533581
123,2022,Atlantico,2022-03-21,1,2022-03-28,1.7303478,2.1796095
123,2022,Atlantico,2022-03-21,2,2022-04-04,1.2256628,2.115696
123,2022,Atlantico,2022-03-21,3,2022-04-11,1.2977607,2.084698
123,2022,Atlantico,2022-03-21,4,2022-04-18,1.1896139,2.04686
123,2022,Atlantico,2022-03-28,1,2022-04-04,1.2256628,1.9317582
123,2022,Atlantico,2022-03-28,2,2022-04-11,1.2977607,1.8849381
123,2022,Atlantico,2022-03-28,3,2022-04-18,1.1896139,1.866568
123,2022,Atlantico,2022-03-28,4,2022-04-25,0.8651738,1.8255347
123,2022,Atlantico,2022-04-04,1,2022-04-11,1.2977607,1.81433
123,2022,Atlantico,2022-04-04,2,2022-04-18,1.1896139,1.7756798
123,2022,Atlantico,2022-04-04,3,2022-04-25,0.8651738,1.772569
123,2022,Atlantico,2022-04-04,4,2022-05-02,1.0814673,1.7391895
123,2022,Atlantico,2022-04-11,1,2022-04-18,1.1896139,1.5775036
123,2022,Atlantico,2022-04-11,2,2022-04-25,0.8651738,1.5436906
123,2022,Atlantico,2022-04-11,3,2022-05-02,1.0814673,1.5501438
123,2022,Atlantico,2022-04-11,4,2022-05-09,1.3338097,1.5149698
123,2022,Atlantico,2022-04-18,1,2022-04-25,0.8651738,1.4765027
123,2022,Atlantico,2022-04-18,2,2022-05-02,1.0814673,1.451292
123,2022,Atlantico,2022-04-18,3,2022-05-09,1.3338097,1.4667543
123,2022,Atlantico,2022-04-18,4,2022-05-16,1.6222008,1.4428066
123,2022,Atlantico,2022-04-25,1,2022-05-02,1.0814673,1.5010012
123,2022,Atlantico,2022-04-25,2,2022-05-09,1.3338097,1.486972
123,2022,Atlantico,2022-04-25,3,2022-05-16,1.6222008,1.5092564
123,2022,Atlantico,2022-04-25,4,2022-05-23,1.9105921,1.5071268
123,2022,Atlantico,2022-05-02,1,2022-05-09,1.3338097,1.4230918
123,2022,Atlantico,2022-05-02,2,2022-05-16,1.6222008,1.414589
123,2022,Atlantico,2022-05-02,3,2022-05-23,1.9105921,1.4390852
123,2022,Atlantico,2022-05-02,4,2022-05-30,2.5594728,1.4407458
123,2022,Atlantico,2022-05-09,1,2022-05-16,1.6222008,1.4239805
123,2022,Atlantico,2022-05-09,2,2022-05-23,1.9105921,1.4262319
123,2022,Atlantico,2022-05-09,3,2022-05-30,2.5594728,1.4577122
123,2022,Atlantico,2022-05-09,4,2022-06-06,2.1989834,1.4751163
123,2022,Atlantico,2022-05-16,1,2022-05-23,1.9105921,1.5676752
123,2022,Atlantico,2022-05-16,2,2022-05-30,2.5594728,1.5928072
123,2022,Atlantico,2022-05-16,3,2022-06-06,2.1989834,1.6287891
123,2022,Atlantico,2022-05-16,4,2022-06-13,2.0908365,1.6772299
123,2022,Atlantico,2022-05-23,1,2022-05-30,2.5594728,1.7974405
123,2022,Atlantico,2022-05-23,2,2022-06-06,2.1989834,1.8418607
123,2022,Atlantico,2022-05-23,3,2022-06-13,2.0908365,1.8824602
123,2022,Atlantico,2022-05-23,4,2022-06-20,2.4873745,1.9559969
123,2022,Atlantico,2022-05-30,1,2022-06-06,2.1989834,2.2031004
123,2022,Atlantico,2022-05-30,2,2022-06-13,2.0908365,2.2755694
123,2022,Atlantico,2022-05-30,3,2022-06-20,2.4873745,2.3271942
123,2022,Atlantico,2022-05-30,4,2022-06-27,3.0281081,2.401635
123,2022,Atlantico,2022-06-06,1,2022-06-13,2.0908365,2.916662
123,2022,Atlantico,2022-06-06,2,2022-06-20,2.4873745,3.0244167
123,2022,Atlantico,2022-06-06,3,2022-06-27,3.0281081,3.091414
123,2022,Atlantico,2022-06-06,4,2022-07-04,3.7130377,3.162317
123,2022,Atlantico,2022-06-13,1,2022-06-20,2.4873745,3.3414078
123,2022,Atlantico,2022-06-13,2,2022-06-27,3.0281081,3.4594865
123,2022,Atlantico,2022-06-13,3,2022-07-04,3.7130377,3.5370138
123,2022,Atlantico,2022-06-13,4,2022-07-11,4.902652,3.6006014
123,2022,Atlantico,2022-06-20,1,2022-06-27,3.0281081,3.4964728
123,2022,Atlantico,2022-06-20,2,2022-07-04,3.7130377,3.6072924
123,2022,Atlantico,2022-06-20,3,2022-07-11,4.902652,3.6953719
123,2022,Atlantico,2022-06-20,4,2022-07-18,5.803875,3.7493029
123,2022,Atlantico,2022-06-27,1,2022-07-04,3.7130377,3.7907016
123,2022,Atlantico,2022-06-27,2,2022-07-11,4.902652,3.9061763
123,2022,Atlantico,2022-06-27,3,2022-07-18,5.803875,4.0076594
123,2022,Atlantico,2022-06-27,4,2022-07-25,7.2097826,4.049613
123,2022,Atlantico,2022-07-04,1,2022-07-11,4.902652,4.2874384
123,2022,Atlantico,2022-07-04,2,2022-07-18,5.803875,4.415449
123,2022,Atlantico,2022-07-04,3,2022-07-25,7.2097826,4.521913
123,2022,Atlantico,2022-07-04,4,2022-08-01,6.9934893,4.547021
123,2022,Atlantico,2022-07-11,1,2022-07-18,5.803875,4.9570403
123,2022,Atlantico,2022-07-11,2,2022-07-25,7.2097826,5.102779
123,2022,Atlantico,2022-07-11,3,2022-08-01,6.9934893,5.2088985
123,2022,Atlantico,2022-07-11,4,2022-08-08,6.416706,5.211779
123,2022,Atlantico,2022-07-18,1,2022-07-25,7.2097826,6.0347285
123,2022,Atlantico,2022-07-18,2,2022-08-01,6.9934893,6.2269797
123,2022,Atlantico,2022-07-18,3,2022-08-08,6.416706,6.332667
123,2022,Atlantico,2022-07-18,4,2022-08-15,5.335239,6.297428
123,2022,Atlantico,2022-07-25,1,2022-08-01,6.9934893,7.143528
123,2022,Atlantico,2022-07-25,2,2022-08-08,6.416706,7.363221
123,2022,Atlantico,2022-07-25,3,2022-08-15,5.335239,7.448016
123,2022,Atlantico,2022-07-25,4,2022-08-22,7.1376843,7.3524847
123,2022,Atlantico,2022-08-01,1,2022-08-08,6.416706,8.40126
123,2022,Atlantico,2022-08-01,2,2022-08-15,5.335239,8.6481905
123,2022,Atlantico,2022-08-01,3,2022-08-22,7.1376843,8.70701
123,2022,Atlantico,2022-08-01,4,2022-08-29,7.2097826,8.519904
123,2022,Atlantico,2022-08-08,1,2022-08-15,5.335239,9.046859
123,2022,Atlantico,2022-08-08,2,2022-08-22,7.1376843,9.237881
123,2022,Atlantico,2022-08-08,3,2022-08-29,7.2097826,9.251764
123,2022,Atlantico,2022-08-08,4,2022-09-05,7.498174,8.985537
123,2022,Atlantico,2022-08-15,1,2022-08-22,7.1376843,8.908372
123,2022,Atlantico,2022-08-15,2,2022-08-29,7.2097826,8.976534
123,2022,Atlantico,2022-08-15,3,2022-09-05,7.498174,8.933409
123,2022,Atlantico,2022-08-15,4,2022-09-12,6.5609016,8.635308
123,2022,Atlantico,2022-08-22,1,2022-08-29,7.2097826,8.02683
123,2022,Atlantico,2022-08-22,2,2022-09-05,7.498174,7.9664774
123,2022,Atlantico,2022-08-22,3,2022-09-12,6.5609016,7.8819447
123,2022,Atlantico,2022-08-22,4,2022-09-19,8.147054,7.6134634
123,2022,Atlantico,2022-08-29,1,2022-09-05,7.498174,8.390353
123,2022,Atlantico,2022-08-29,2,2022-09-12,6.5609016,8.3385
123,2022,Atlantico,2022-08-29,3,2022-09-19,8.147054,8.256478
123,2022,Atlantico,2022-08-29,4,2022-09-26,7.60632,7.934417
123,2022,Atlantico,2022-09-05,1,2022-09-12,6.5609016,8.680871
123,2022,Atlantico,2022-09-05,2,2022-09-19,8.147054,8.598407
123,2022,Atlantico,2022-09-05,3,2022-09-26,7.60632,8.487874
123,2022,Atlantico,2022-09-05,4,2022-10-03,8.723837,8.130553
123,2022,Atlantico,2022-09-12,1,2022-09-19,8.147054,8.957507
123,2022,Atlantico,2022-09-12,2,2022-09-26,7.60632,8.8493595
123,2022,Atlantico,2022-09-12,3,2022-10-03,8.723837,8.708953
123,2022,Atlantico,2022-09-12,4,2022-10-10,8.687788,8.322625
123,2022,Atlantico,2022-09-19,1,2022-09-26,7.60632,8.443127
123,2022,Atlantico,2022-09-19,2,2022-10-03,8.723837,8.263875
123,2022,Atlantico,2022-09-19,3,2022-10-10,8.687788,8.086332
123,2022,Atlantico,2022-09-19,4,2022-10-17,11.175162,7.7418437
123,2022,Atlantico,2022-09-26,1,2022-10-03,8.723837,8.923497
123,2022,Atlantico,2022-09-26,2,2022-10-10,8.687788,8.754683
123,2022,Atlantico,2022-09-26,3,2022-10-17,11.175162,8.563554
123,2022,Atlantico,2022-09-26,4,2022-10-24,12.689217,8.167257
123,2022,Atlantico,2022-10-03,1,2022-10-10,8.687788,8.942941
123,2022,Atlantico,2022-10-03,2,2022-10-17,11.175162,8.724106
123,2022,Atlantico,2022-10-03,3,2022-10-24,12.689217,8.497307
123,2022,Atlantico,2022-10-03,4,2022-10-31,11.896141,8.096805
123,2022,Atlantico,2022-10-10,1,2022-10-17,11.175162,9.5231905
123,2022,Atlantico,2022-10-10,2,2022-10-24,12.689217,9.298943
123,2022,Atlantico,2022-10-10,3,2022-10-31,11.896141,9.050541
123,2022,Atlantico,2022-10-10,4,2022-11-07,13.55439,8.590708
123,2022,Atlantico,2022-10-17,1,2022-10-24,12.689217,9.758198
123,2022,Atlantico,2022-10-17,2,2022-10-31,11.896141,9.47988
123,2022,Atlantico,2022-10-17,3,2022-11-07,13.55439,9.1958685
123,2022,Atlantico,2022-10-17,4,2022-11-14,15.104492,8.705485
123,2022,Atlantico,2022-10-24,1,2022-10-31,11.896141,10.829172
123,2022,Atlantico,2022-10-24,2,2022-11-07,13.55439,10.537366
123,2022,Atlantico,2022-10-24,3,2022-11-14,15.104492,10.22008
123,2022,Atlantico,2022-10-24,4,2022-11-21,16.870892,9.601084
123,2022,Atlantico,2022-10-31,1,2022-11-07,13.55439,12.219575
123,2022,Atlantico,2022-10-31,2,2022-11-14,15.104492,11.883563
123,2022,Atlantico,2022-10-31,3,2022-11-21,16.870892,11.506851
123,2022,Atlantico,2022-10-31,4,2022-11-28,15.969669,10.714952
123,2022,Atlantico,2022-11-07,1,2022-11-14,15.104492,12.763285
123,2022,Atlantico,2022-11-07,2,2022-11-21,16.870892,12.314515
123,2022,Atlantico,2022-11-07,3,2022-11-28,15.969669,11.874392
123,2022,Atlantico,2022-11-07,4,2022-12-05,18.060503,11.004204
123,2022,Atlantico,2022-11-14,1,2022-11-21,16.870892,13.71561
123,2022,Atlantico,2022-11-14,2,2022-11-28,15.969669,13.188682
123,2022,Atlantico,2022-11-14,3,2022-12-05,18.060503,12.707162
123,2022,Atlantico,2022-11-14,4,2022-12-12,17.663967,11.687606
123,2022,Atlantico,2022-11-21,1,2022-11-28,15.969669,15.062198
123,2022,Atlantico,2022-11-21,2,2022-12-05,18.060503,14.4475975
123,2022,Atlantico,2022-11-21,3,2022-12-12,17.663967,13.908837
123,2022,Atlantico,2022-11-21,4,2022-12-19,17.231377,12.69153
123,2022,Atlantico,2022-11-28,1,2022-12-05,18.060503,16.5597
123,2022,Atlantico,2022-11-28,2,2022-12-12,17.663967,15.833817
123,2022,Atlantico,2022-11-28,3,2022-12-19,17.231377,15.224728
123,2022,Atlantico,2022-11-28,4,2022-12-26,18.997774,13.798305
123,2022,Bogota d.c.,2022-02-21,1,2022-02-28,0.0,0.0
123,2022,Bogota d.c.,2022-02-21,2,2022-03-07,0.0,0.0
123,2022,Bogota d.c.,2022-02-21,3,2022-03-14,0.0,0.0
123,2022,Bogota d.c.,2022-02-21,4,2022-03-21,0.0,0.0
123,2022,Bogota d.c.,2022-02-28,1,2022-03-07,0.0,0.0
123,2022,Bogota d.c.,2022-02-28,2,2022-03-14,0.0,0.0
123,2022,Bogota d.c.,2022-02-28,3,2022-03-21,0.0,0.0
123,2022,Bogota d.c.,2022-02-28,4,2022-03-28,0.0,0.0
123,2022,Bogota d.c.,2022-03-07,1,2022-03-14,0.0,0.0
123,2022,Bogota d.c.,2022-03-07,2,2022-03-21,0.0,0.0
123,2022,Bogota d.c.,2022-03-07,3,2022-03-28,0.0,0.0
123,2022,Bogota d.c.,2022-03-07,4,2022-04-04,0.0,0.0
123,2022,Bogota d.c.,2022-03-14,1,2022-03-21,0.0,0.0
123,2022,Bogota d.c.,2022-03-14,2,2022-03-28,0.0,0.0
123,2022,Bogota d.c.,2022-03-14,3,2022-04-04,0.0,0.0
123,2022,Bogota d.c.,2022-03-14,4,2022-04-11,0.0,0.0
123,2022,Bogota d.c.,2022-03-21,1,2022-03-28,0.0,0.0
123,2022,Bogota d.c.,2022-03-21,2,2022-04-04,0.0,0.0
123,2022,Bogota d.c.,2022-03-21,3,2022-04-11,0.0,0.0
123,2022,Bogota d.c.,2022-03-21,4,2022-04-18,0.0,0.0
123,2022,Bogota d.c.,2022-03-28,1,2022-04-04,0.0,0.0
123,2022,Bogota d.c.,2022-03-28,2,2022-04-11,0.0,0.0
123,2022,Bogota d.c.,2022-03-28,3,2022-04-18,0.0,0.0
123,2022,Bogota d.c.,2022-03-28,4,2022-04-25,0.0,0.0
123,2022,Bogota d.c.,2022-04-04,1,2022-04-11,0.0,0.0
123,2022,Bogota d.c.,2022-04-04,2,2022-04-18,0.0,0.0
123,2022,Bogota d.c.,2022-04-04,3,2022-04-25,0.0,0.0
123,2022,Bogota d.c.,2022-04-04,4,2022-05-02,0.0,0.0
123,2022,Bogota d.c.,2022-04-11,1,2022-04-18,0.0,0.0
123,2022,Bogota d.c.,2022-04-11,2,2022-04-25,0.0,0.0
123,2022,Bogota d.c.,2022-04-11,3,2022-05-02,0.0,0.0
123,2022,Bogota d.c.,2022-04-11,4,2022-05-09,0.0,0.0
123,2022,Bogota d.c.,2022-04-18,1,2022-04-25,0.0,0.0
123,2022,Bogota d.c.,2022-04-18,2,2022-05-02,0.0,0.0
123,2022,Bogota d.c.,2022-04-18,3,2022-05-09,0.0,0.0
123,2022,Bogota d.c.,2022-04-18,4,2022-05-16,0.0,0.0
123,2022,Bogota d.c.,2022-04-25,1,2022-05-02,0.0,0.0
123,2022,Bogota d.c.,2022-04-25,2,2022-05-09,0.0,0.0
123,2022,Bogota d.c.,2022-04-25,3,2022-05-16,0.0,0.0
123,2022,Bogota d.c.,2022-04-25,4,2022-05-23,0.0,0.0
123,2022,Bogota d.c.,2022-05-02,1,2022-05-09,0.0,0.0
123,2022,Bogota d.c.,2022-05-02,2,2022-05-16,0.0,0.0
123,2022,Bogota d.c.,2022-05-02,3,2022-05-23,0.0,0.0
123,2022,Bogota d.c.,2022-05-02,4,2022-05-30,0.0,0.0
123,2022,Bogota d.c.,2022-05-09,1,2022-05-16,0.0,0.0
123,2022,Bogota d.c.,2022-05-09,2,2022-05-23,0.0,0.0
123,2022,Bogota d.c.,2022-05-09,3,2022-05-30,0.0,0.0
123,2022,Bogota d.c.,2022-05-09,4,2022-06-06,0.0,0.0
123,2022,Bogota d.c.,2022-05-16,1,2022-05-23,0.0,0.0
123,2022,Bogota d.c.,2022-05-16,2,2022-05-30,0.0,0.0
123,2022,Bogota d.c.,2022-05-16,3,2022-06-06,0.0,0.0
123,2022,Bogota d.c.,2022-05-16,4,2022-06-13,0.0,0.0
123,2022,Bogota d.c.,2022-05-23,1,2022-05-30,0.0,0.0
123,2022,Bogota d.c.,2022-05-23,2,2022-06-06,0.0,0.0
123,2022,Bogota d.c.,2022-05-23,3,2022-06-13,0.0,0.0
123,2022,Bogota d.c.,2022-05-23,4,2022-06-20,0.0,0.0
123,2022,Bogota d.c.,2022-05-30,1,2022-06-06,0.0,0.0
123,2022,Bogota d.c.,2022-05-30,2,2022-06-13,0.0,0.0
123,2022,Bogota d.c.,2022-05-30,3,2022-06-20,0.0,0.0
123,2022,Bogota d.c.,2022-05-30,4,2022-06-27,0.0,0.0
123,2022,Bogota d.c.,2022-06-06,1,2022-06-13,0.0,0.0
123,2022,Bogota d.c.,2022-06-06,2,2022-06-20,0.0,0.0
123,2022,Bogota d.c.,2022-06-06,3,2022-06-27,0.0,0.0
123,2022,Bogota d.c.,2022-06-06,4,2022-07-04,0.0,0.0
123,2022,Bogota d.c.,2022-06-13,1,2022-06-20,0.0,0.0
123,2022,Bogota d.c.,2022-06-13,2,2022-06-27,0.0,0.0
123,2022,Bogota d.c.,2022-06-13,3,2022-07-04,0.0,0.0
123,2022,Bogota d.c.,2022-06-13,4,2022-07-11,0.0,0.0
123,2022,Bogota d.c.,2022-06-20,1,2022-06-27,0.0,0.0
123,2022,Bogota d.c.,2022-06-20,2,2022-07-04,0.0,0.0
123,2022,Bogota d.c.,2022-06-20,3,2022-07-11,0.0,0.0
123,2022,Bogota d.c.,2022-06-20,4,2022-07-18,0.0,0.0
123,2022,Bogota d.c.,2022-06-27,1,2022-07-04,0.0,0.0
123,2022,Bogota d.c.,2022-06-27,2,2022-07-11,0.0,0.0
123,2022,Bogota d.c.,2022-06-27,3,2022-07-18,0.0,0.0
123,2022,Bogota d.c.,2022-06-27,4,2022-07-25,0.0,0.0
123,2022,Bogota d.c.,2022-07-04,1,2022-07-11,0.0,0.0
123,2022,Bogota d.c.,2022-07-04,2,2022-07-18,0.0,0.0
123,2022,Bogota d.c.,2022-07-04,3,2022-07-25,0.0,0.0
123,2022,Bogota d.c.,2022-07-04,4,2022-08-01,0.0,0.0
123,2022,Bogota d.c.,2022-07-11,1,2022-07-18,0.0,0.0
123,2022,Bogota d.c.,2022-07-11,2,2022-07-25,0.0,0.0
123,2022,Bogota d.c.,2022-07-11,3,2022-08-01,0.0,0.0
123,2022,Bogota d.c.,2022-07-11,4,2022-08-08,0.0,0.0
123,2022,Bogota d.c.,2022-07-18,1,2022-07-25,0.0,0.0
123,2022,Bogota d.c.,2022-07-18,2,2022-08-01,0.0,0.0
123,2022,Bogota d.c.,2022-07-18,3,2022-08-08,0.0,0.0
123,2022,Bogota d.c.,2022-07-18,4,2022-08-15,0.0,0.0
123,2022,Bogota d.c.,2022-07-25,1,2022-08-01,0.0,0.0
123,2022,Bogota d.c.,2022-07-25,2,2022-08-08,0.0,0.0
123,2022,Bogota d.c.,2022-07-25,3,2022-08-15,0.0,0.0
123,2022,Bogota d.c.,2022-07-25,4,2022-08-22,0.0,0.0
123,2022,Bogota d.c.,2022-08-01,1,2022-08-08,0.0,0.0
123,2022,Bogota d.c.,2022-08-01,2,2022-08-15,0.0,0.0
123,2022,Bogota d.c.,2022-08-01,3,2022-08-22,0.0,0.0
123,2022,Bogota d.c.,2022-08-01,4,2022-08-29,0.0,0.0
123,2022,Bogota d.c.,2022-08-08,1,2022-08-15,0.0,0.0
123,2022,Bogota d.c.,2022-08-08,2,2022-08-22,0.0,0.0
123,2022,Bogota d.c.,2022-08-08,3,2022-08-29,0.0,0.0
123,2022,Bogota d.c.,2022-08-08,4,2022-09-05,0.0,0.0
123,2022,Bogota d.c.,2022-08-15,1,2022-08-22,0.0,0.0
123,2022,Bogota d.c.,2022-08-15,2,2022-08-29,0.0,0.0
123,2022,Bogota d.c.,2022-08-15,3,2022-09-05,0.0,0.0
123,2022,Bogota d.c.,2022-08-15,4,2022-09-12,0.0,0.0
123,2022,Bogota d.c.,2022-08-22,1,2022-08-29,0.0,0.0
123,2022,Bogota d.c.,2022-08-22,2,2022-09-05,0.0,0.0
123,2022,Bogota d.c.,2022-08-22,3,2022-09-12,0.0,0.0
123,2022,Bogota d.c.,2022-08-22,4,2022-09-19,0.0,0.0
123,2022,Bogota d.c.,2022-08-29,1,2022-09-05,0.0,0.0
123,2022,Bogota d.c.,2022-08-29,2,2022-09-12,0.0,0.0
123,2022,Bogota d.c.,2022-08-29,3,2022-09-19,0.0,0.0
123,2022,Bogota d.c.,2022-08-29,4,2022-09-26,0.0,0.0
123,2022,Bogota d.c.,2022-09-05,1,2022-09-12,0.0,0.0
123,2022,Bogota d.c.,2022-09-05,2,2022-09-19,0.0,0.0
123,2022,Bogota d.c.,2022-09-05,3,2022-09-26,0.0,0.0
123,2022,Bogota d.c.,2022-09-05,4,2022-10-03,0.0,0.0
123,2022,Bogota d.c.,2022-09-12,1,2022-09-19,0.0,0.0
123,2022,Bogota d.c.,2022-09-12,2,2022-09-26,0.0,0.0
123,2022,Bogota d.c.,2022-09-12,3,2022-10-03,0.0,0.0
123,2022,Bogota d.c.,2022-09-12,4,2022-10-10,0.0,0.0
123,2022,Bogota d.c.,2022-09-19,1,2022-09-26,0.0,0.0
123,2022,Bogota d.c.,2022-09-19,2,2022-10-03,0.0,0.0
123,2022,Bogota d.c.,2022-09-19,3,2022-10-10,0.0,0.0
123,2022,Bogota d.c.,2022-09-19,4,2022-10-17,0.0,0.0
123,2022,Bogota d.c.,2022-09-26,1,2022-10-03,0.0,0.0
123,2022,Bogota d.c.,2022-09-26,2,2022-10-10,0.0,0.0
123,2022,Bogota d.c.,2022-09-26,3,2022-10-17,0.0,0.0
123,2022,Bogota d.c.,2022-09-26,4,2022-10-24,0.0,0.0
123,2022,Bogota d.c.,2022-10-03,1,2022-10-10,0.0,0.0
123,2022,Bogota d.c.,2022-10-03,2,2022-10-17,0.0,0.0
123,2022,Bogota d.c.,2022-10-03,3,2022-10-24,0.0,0.0
123,2022,Bogota d.c.,2022-10-03,4,2022-10-31,0.0,0.0
123,2022,Bogota d.c.,2022-10-10,1,2022-10-17,0.0,0.0
123,2022,Bogota d.c.,2022-10-10,2,2022-10-24,0.0,0.0
123,2022,Bogota d.c.,2022-10-10,3,2022-10-31,0.0,0.0
123,2022,Bogota d.c.,2022-10-10,4,2022-11-07,0.0,0.0
123,2022,Bogota d.c.,2022-10-17,1,2022-10-24,0.0,0.0
123,2022,Bogota d.c.,2022-10-17,2,2022-10-31,0.0,0.0
123,2022,Bogota d.c.,2022-10-17,3,2022-11-07,0.0,0.0
123,2022,Bogota d.c.,2022-10-17,4,2022-11-14,0.0,0.0
123,2022,Bogota d.c.,2022-10-24,1,2022-10-31,0.0,0.0
123,2022,Bogota d.c.,2022-10-24,2,2022-11-07,0.0,0.0
123,2022,Bogota d.c.,2022-10-24,3,2022-11-14,0.0,0.0
123,2022,Bogota d.c.,2022-10-24,4,2022-11-21,0.0,0.0
123,2022,Bogota d.c.,2022-10-31,1,2022-11-07,0.0,0.0
123,2022,Bogota d.c.,2022-10-31,2,2022-11-14,0.0,0.0
123,2022,Bogota d.c.,2022-10-31,3,2022-11-21,0.0,0.0
123,2022,Bogota d.c.,2022-10-31,4,2022-11-28,0.0,0.0
123,2022,Bogota d.c.,2022-11-07,1,2022-11-14,0.0,0.0
123,2022,Bogota d.c.,2022-11-07,2,2022-11-21,0.0,0.0
123,2022,Bogota d.c.,2022-11-07,3,2022-11-28,0.0,0.0
123,2022,Bogota d.c.,2022-11-07,4,2022-12-05,0.0,0.0
123,2022,Bogota d.c.,2022-11-14,1,2022-11-21,0.0,0.0
123,2022,Bogota d.c.,2022-11-14,2,2022-11-28,0.0,0.0
123,2022,Bogota d.c.,2022-11-14,3,2022-12-05,0.0,0.0
123,2022,Bogota d.c.,2022-11-14,4,2022-12-12,0.0,0.0
123,2022,Bogota d.c.,2022-11-21,1,2022-11-28,0.0,0.0
123,2022,Bogota d.c.,2022-11-21,2,2022-12-05,0.0,0.0
123,2022,Bogota d.c.,2022-11-21,3,2022-12-12,0.0,0.0
123,2022,Bogota d.c.,2022-11-21,4,2022-12-19,0.0,0.0
123,2022,Bogota d.c.,2022-11-28,1,2022-12-05,0.0,0.0
123,2022,Bogota d.c.,2022-11-28,2,2022-12-12,0.0,0.0
123,2022,Bogota d.c.,2022-11-28,3,2022-12-19,0.0,0.0
123,2022,Bogota d.c.,2022-11-28,4,2022-12-26,0.0,0.0
123,2022,Bolivar,2022-02-21,1,2022-02-28,3.5075333,2.0532522
123,2022,Bolivar,2022-02-21,2,2022-03-07,2.3687236,1.9896963
123,2022,Bolivar,2022-02-21,3,2022-03-14,1.3665713,1.9497114
123,2022,Bolivar,2022-02-21,4,2022-03-21,1.5032285,1.9205828
123,2022,Bolivar,2022-02-28,1,2022-03-07,2.3687236,2.161095
123,2022,Bolivar,2022-02-28,2,2022-03-14,1.3665713,2.1103659
123,2022,Bolivar,2022-02-28,3,2022-03-21,1.5032285,2.088575
123,2022,Bolivar,2022-02-28,4,2022-03-28,2.4142761,2.077841
123,2022,Bolivar,2022-03-07,1,2022-03-14,1.3665713,2.479578
123,2022,Bolivar,2022-03-07,2,2022-03-21,1.5032285,2.462718
123,2022,Bolivar,2022-03-07,3,2022-03-28,2.4142761,2.460602
123,2022,Bolivar,2022-03-07,4,2022-04-04,1.8220954,2.4534423
123,2022,Bolivar,2022-03-14,1,2022-03-21,1.5032285,2.3311038
123,2022,Bolivar,2022-03-14,2,2022-03-28,2.4142761,2.3009095
123,2022,Bolivar,2022-03-14,3,2022-04-04,1.8220954,2.2943423
123,2022,Bolivar,2022-03-14,4,2022-04-11,1.8220954,2.298325
123,2022,Bolivar,2022-03-21,1,2022-03-28,2.4142761,2.0208764
123,2022,Bolivar,2022-03-21,2,2022-04-04,1.8220954,1.9763579
123,2022,Bolivar,2022-03-21,3,2022-04-11,1.8220954,1.9591107
123,2022,Bolivar,2022-03-21,4,2022-04-18,2.2320664,1.9726111
123,2022,Bolivar,2022-03-28,1,2022-04-04,1.8220954,1.8583606
123,2022,Bolivar,2022-03-28,2,2022-04-11,1.8220954,1.8217616
123,2022,Bolivar,2022-03-28,3,2022-04-18,2.2320664,1.8120674
123,2022,Bolivar,2022-03-28,4,2022-04-25,2.5509334,1.8223813
123,2022,Bolivar,2022-04-04,1,2022-04-11,1.8220954,1.9627125
123,2022,Bolivar,2022-04-04,2,2022-04-18,2.2320664,1.9388138
123,2022,Bolivar,2022-04-04,3,2022-04-25,2.5509334,1.9398983
123,2022,Bolivar,2022-04-04,4,2022-05-02,2.4598286,1.9664749
123,2022,Bolivar,2022-04-11,1,2022-04-18,2.2320664,1.9758595
123,2022,Bolivar,2022-04-11,2,2022-04-25,2.5509334,1.9566704
123,2022,Bolivar,2022-04-11,3,2022-05-02,2.4598286,1.9635514
123,2022,Bolivar,2022-04-11,4,2022-05-09,3.4164283,1.9968235
123,2022,Bolivar,2022-04-18,1,2022-04-25,2.5509334,2.115006
123,2022,Bolivar,2022-04-18,2,2022-05-02,2.4598286,2.1152751
123,2022,Bolivar,2022-04-18,3,2022-05-09,3.4164283,2.1386573
123,2022,Bolivar,2022-04-18,4,2022-05-16,4.00861,2.177681
123,2022,Bolivar,2022-04-25,1,2022-05-02,2.4598286,2.4116135
123,2022,Bolivar,2022-04-25,2,2022-05-09,3.4164283,2.440874
123,2022,Bolivar,2022-04-25,3,2022-05-16,4.00861,2.472189
123,2022,Bolivar,2022-04-25,4,2022-05-23,8.336084,2.5124974
123,2022,Bolivar,2022-05-02,1,2022-05-09,3.4164283,2.6447377
123,2022,Bolivar,2022-05-02,2,2022-05-16,4.00861,2.6771684
123,2022,Bolivar,2022-05-02,3,2022-05-23,8.336084,2.7074094
123,2022,Bolivar,2022-05-02,4,2022-05-30,7.015067,2.7467847
123,2022,Bolivar,2022-05-09,1,2022-05-16,4.00861,2.882306
123,2022,Bolivar,2022-05-09,2,2022-05-23,8.336084,2.9175332
123,2022,Bolivar,2022-05-09,3,2022-05-30,7.015067,2.951716
123,2022,Bolivar,2022-05-09,4,2022-06-06,5.602943,2.9878502
123,2022,Bolivar,2022-05-16,1,2022-05-23,8.336084,3.4765348
123,2022,Bolivar,2022-05-16,2,2022-05-30,7.015067,3.5296764
123,2022,Bolivar,2022-05-16,3,2022-06-06,5.602943,3.5691454
123,2022,Bolivar,2022-05-16,4,2022-06-13,4.7829995,3.595481
123,2022,Bolivar,2022-05-23,1,2022-05-30,7.015067,4.1971126
123,2022,Bolivar,2022-05-23,2,2022-06-06,5.602943,4.2659464
123,2022,Bolivar,2022-05-23,3,2022-06-13,4.7829995,4.3007874
123,2022,Bolivar,2022-05-23,4,2022-06-20,3.6897428,4.311413
123,2022,Bolivar,2022-05-30,1,2022-06-06,5.602943,6.47398
123,2022,Bolivar,2022-05-30,2,2022-06-13,4.7829995,6.670113
123,2022,Bolivar,2022-05-30,3,2022-06-20,3.6897428,6.697411
123,2022,Bolivar,2022-05-30,4,2022-06-27,5.0107613,6.648193
123,2022,Bolivar,2022-06-06,1,2022-06-13,4.7829995,7.602662
123,2022,Bolivar,2022-06-06,2,2022-06-20,3.6897428,7.7729955
123,2022,Bolivar,2022-06-06,3,2022-06-27,5.0107613,7.7525506
123,2022,Bolivar,2022-06-06,4,2022-07-04,4.8285522,7.6383605
123,2022,Bolivar,2022-06-13,1,2022-06-20,3.6897428,7.305624
123,2022,Bolivar,2022-06-13,2,2022-06-27,5.0107613,7.3458304
123,2022,Bolivar,2022-06-13,3,2022-07-04,4.8285522,7.2801223
123,2022,Bolivar,2022-06-13,4,2022-07-11,4.6463428,7.141317
123,2022,Bolivar,2022-06-20,1,2022-06-27,5.0107613,6.3873053
123,2022,Bolivar,2022-06-20,2,2022-07-04,4.8285522,6.314049
123,2022,Bolivar,2022-06-20,3,2022-07-11,4.6463428,6.228543
123,2022,Bolivar,2022-06-20,4,2022-07-18,3.8719525,6.1006255
123,2022,Bolivar,2022-06-27,1,2022-07-04,4.8285522,5.334304
123,2022,Bolivar,2022-06-27,2,2022-07-11,4.6463428,5.205057
123,2022,Bolivar,2022-06-27,3,2022-07-18,3.8719525,5.120951
123,2022,Bolivar,2022-06-27,4,2022-07-25,5.9218097,5.014247
123,2022,Bolivar,2022-07-04,1,2022-07-11,4.6463428,5.1779943
123,2022,Bolivar,2022-07-04,2,2022-07-18,3.8719525,5.0503902
123,2022,Bolivar,2022-07-04,3,2022-07-25,5.9218097,4.9713635
123,2022,Bolivar,2022-07-04,4,2022-08-01,4.555238,4.846011
123,2022,Bolivar,2022-07-11,1,2022-07-18,3.8719525,5.0434937
123,2022,Bolivar,2022-07-11,2,2022-07-25,5.9218097,4.906562
123,2022,Bolivar,2022-07-11,3,2022-08-01,4.555238,4.8246417
123,2022,Bolivar,2022-07-11,4,2022-08-08,4.8285522,4.695055
123,2022,Bolivar,2022-07-18,1,2022-07-25,5.9218097,4.881737
123,2022,Bolivar,2022-07-18,2,2022-08-01,4.555238,4.7433023
123,2022,Bolivar,2022-07-18,3,2022-08-08,4.8285522,4.6577864
123,2022,Bolivar,2022-07-18,4,2022-08-15,5.5118375,4.5338707
123,2022,Bolivar,2022-07-25,1,2022-08-01,4.555238,4.374247
123,2022,Bolivar,2022-07-25,2,2022-08-08,4.8285522,4.2361608
123,2022,Bolivar,2022-07-25,3,2022-08-15,5.5118375,4.153025
123,2022,Bolivar,2022-07-25,4,2022-08-22,5.9673615,4.0524316
123,2022,Bolivar,2022-08-01,1,2022-08-08,4.8285522,4.959677
123,2022,Bolivar,2022-08-01,2,2022-08-15,5.5118375,4.8505716
123,2022,Bolivar,2022-08-01,3,2022-08-22,5.9673615,4.76671
123,2022,Bolivar,2022-08-01,4,2022-08-29,4.7829995,4.6369615
123,2022,Bolivar,2022-08-08,1,2022-08-15,5.5118375,4.861987
123,2022,Bolivar,2022-08-08,2,2022-08-22,5.9673615,4.735038
123,2022,Bolivar,2022-08-08,3,2022-08-29,4.7829995,4.641405
123,2022,Bolivar,2022-08-08,4,2022-09-05,5.2840757,4.5249467
123,2022,Bolivar,2022-08-15,1,2022-08-22,5.9673615,4.861172
123,2022,Bolivar,2022-08-15,2,2022-08-29,4.7829995,4.741717
123,2022,Bolivar,2022-08-15,3,2022-09-05,5.2840757,4.6463003
123,2022,Bolivar,2022-08-15,4,2022-09-12,4.8285522,4.534908
123,2022,Bolivar,2022-08-22,1,2022-08-29,4.7829995,5.2066
123,2022,Bolivar,2022-08-22,2,2022-09-05,5.2840757,5.1007137
123,2022,Bolivar,2022-08-22,3,2022-09-12,4.8285522,5.0043025
123,2022,Bolivar,2022-08-22,4,2022-09-19,3.9630573,4.8808565
123,2022,Bolivar,2022-08-29,1,2022-09-05,5.2840757,5.453481
123,2022,Bolivar,2022-08-29,2,2022-09-12,4.8285522,5.3450365
123,2022,Bolivar,2022-08-29,3,2022-09-19,3.9630573,5.240148
123,2022,Bolivar,2022-08-29,4,2022-09-26,4.60079,5.1099234
123,2022,Bolivar,2022-09-05,1,2022-09-12,4.8285522,5.2681212
123,2022,Bolivar,2022-09-05,2,2022-09-19,3.9630573,5.1457934
123,2022,Bolivar,2022-09-05,3,2022-09-26,4.60079,5.0355144
123,2022,Bolivar,2022-09-05,4,2022-10-03,4.60079,4.9189525
123,2022,Bolivar,2022-09-12,1,2022-09-19,3.9630573,5.3550105
123,2022,Bolivar,2022-09-12,2,2022-09-26,4.60079,5.2424636
123,2022,Bolivar,2022-09-12,3,2022-10-03,4.60079,5.135544
123,2022,Bolivar,2022-09-12,4,2022-10-10,6.5139894,5.01535
123,2022,Bolivar,2022-09-19,1,2022-09-26,4.60079,5.262824
123,2022,Bolivar,2022-09-19,2,2022-10-03,4.60079,5.1449203
123,2022,Bolivar,2022-09-19,3,2022-10-10,6.5139894,5.038588
123,2022,Bolivar,2022-09-19,4,2022-10-17,3.8719525,4.924083
123,2022,Bolivar,2022-09-26,1,2022-10-03,4.60079,4.7941613
123,2022,Bolivar,2022-09-26,2,2022-10-10,6.5139894,4.6730857
123,2022,Bolivar,2022-09-26,3,2022-10-17,3.8719525,4.573363
123,2022,Bolivar,2022-09-26,4,2022-10-24,6.195124,4.4825797
123,2022,Bolivar,2022-10-03,1,2022-10-10,6.5139894,4.838904
123,2022,Bolivar,2022-10-03,2,2022-10-17,3.8719525,4.740767
123,2022,Bolivar,2022-10-03,3,2022-10-24,6.195124,4.652663
123,2022,Bolivar,2022-10-03,4,2022-10-31,5.3296285,4.5587487
123,2022,Bolivar,2022-10-10,1,2022-10-17,3.8719525,4.814755
123,2022,Bolivar,2022-10-10,2,2022-10-24,6.195124,4.7224946
123,2022,Bolivar,2022-10-10,3,2022-10-31,5.3296285,4.6388717
123,2022,Bolivar,2022-10-10,4,2022-11-07,4.691895,4.549226
123,2022,Bolivar,2022-10-17,1,2022-10-24,6.195124,5.429019
123,2022,Bolivar,2022-10-17,2,2022-10-31,5.3296285,5.3634796
123,2022,Bolivar,2022-10-17,3,2022-11-07,4.691895,5.275838
123,2022,Bolivar,2022-10-17,4,2022-11-14,4.5096855,5.1625366
123,2022,Bolivar,2022-10-24,1,2022-10-31,5.3296285,4.9226413
123,2022,Bolivar,2022-10-24,2,2022-11-07,4.691895,4.8242183
123,2022,Bolivar,2022-10-24,3,2022-11-14,4.5096855,4.7299924
123,2022,Bolivar,2022-10-24,4,2022-11-21,6.969514,4.64606
123,2022,Bolivar,2022-10-31,1,2022-11-07,4.691895,5.4755816
123,2022,Bolivar,2022-10-31,2,2022-11-14,4.5096855,5.4120693
123,2022,Bolivar,2022-10-31,3,2022-11-21,6.969514,5.3178277
123,2022,Bolivar,2022-10-31,4,2022-11-28,6.104019,5.209254
123,2022,Bolivar,2022-11-07,1,2022-11-14,4.5096855,5.6783524
123,2022,Bolivar,2022-11-07,2,2022-11-21,6.969514,5.603351
123,2022,Bolivar,2022-11-07,3,2022-11-28,6.104019,5.496409
123,2022,Bolivar,2022-11-07,4,2022-12-05,5.6484947,5.3818836
123,2022,Bolivar,2022-11-14,1,2022-11-21,6.969514,5.4839025
123,2022,Bolivar,2022-11-14,2,2022-11-28,6.104019,5.3943925
123,2022,Bolivar,2022-11-14,3,2022-12-05,5.6484947,5.2844067
123,2022,Bolivar,2022-11-14,4,2022-12-12,6.6050944,5.1816077
123,2022,Bolivar,2022-11-21,1,2022-11-28,6.104019,5.2395425
123,2022,Bolivar,2022-11-21,2,2022-12-05,5.6484947,5.145256
123,2022,Bolivar,2022-11-21,3,2022-12-12,6.6050944,5.0406227
123,2022,Bolivar,2022-11-21,4,2022-12-19,6.149571,4.9469447
123,2022,Bolivar,2022-11-28,1,2022-12-05,5.6484947,6.198984
123,2022,Bolivar,2022-11-28,2,2022-12-12,6.6050944,6.151728
123,2022,Bolivar,2022-11-28,3,2022-12-19,6.149571,6.045405
123,2022,Bolivar,2022-11-28,4,2022-12-26,5.9673615,5.903642
123,2022,Boyaca,2022-02-21,1,2022-02-28,0.07884154,0.121383615
123,2022,Boyaca,2022-02-21,2,2022-03-07,0.07884154,0.12674451
123,2022,Boyaca,2022-02-21,3,2022-03-14,0.23652461,0.13139601
123,2022,Boyaca,2022-02-21,4,2022-03-21,0.7884153,0.13311419
123,2022,Boyaca,2022-02-28,1,2022-03-07,0.07884154,0.104908824
123,2022,Boyaca,2022-02-28,2,2022-03-14,0.23652461,0.11339438
123,2022,Boyaca,2022-02-28,3,2022-03-21,0.7884153,0.11621739
123,2022,Boyaca,2022-02-28,4,2022-03-28,0.31536615,0.11770725
123,2022,Boyaca,2022-03-07,1,2022-03-14,0.23652461,0.09079677
123,2022,Boyaca,2022-03-07,2,2022-03-21,0.7884153,0.10162241
123,2022,Boyaca,2022-03-07,3,2022-03-28,0.31536615,0.10258655
123,2022,Boyaca,2022-03-07,4,2022-04-04,0.07884154,0.10302393
123,2022,Boyaca,2022-03-14,1,2022-03-21,0.7884153,0.08214542
123,2022,Boyaca,2022-03-14,2,2022-03-28,0.31536615,0.09407912
123,2022,Boyaca,2022-03-14,3,2022-04-04,0.07884154,0.09435559
123,2022,Boyaca,2022-03-14,4,2022-04-11,0.47304922,0.094204076
123,2022,Boyaca,2022-03-21,1,2022-03-28,0.31536615,0.08619485
123,2022,Boyaca,2022-03-21,2,2022-04-04,0.07884154,0.09723713
123,2022,Boyaca,2022-03-21,3,2022-04-11,0.47304922,0.0986357
123,2022,Boyaca,2022-03-21,4,2022-04-18,0.15768307,0.09977124
123,2022,Boyaca,2022-03-28,1,2022-04-04,0.07884154,0.11588895
123,2022,Boyaca,2022-03-28,2,2022-04-11,0.47304922,0.123169
123,2022,Boyaca,2022-03-28,3,2022-04-18,0.15768307,0.1291265
123,2022,Boyaca,2022-03-28,4,2022-04-25,0.39420766,0.13486063
123,2022,Boyaca,2022-04-04,1,2022-04-11,0.47304922,0.15597916
123,2022,Boyaca,2022-04-04,2,2022-04-18,0.15768307,0.16207735
123,2022,Boyaca,2022-04-04,3,2022-04-25,0.39420766,0.16984923
123,2022,Boyaca,2022-04-04,4,2022-05-02,0.39420766,0.17366794
123,2022,Boyaca,2022-04-11,1,2022-04-18,0.15768307,0.16796993
123,2022,Boyaca,2022-04-11,2,2022-04-25,0.39420766,0.17362191
123,2022,Boyaca,2022-04-11,3,2022-05-02,0.39420766,0.1804431
123,2022,Boyaca,2022-04-11,4,2022-05-09,0.7884153,0.18177696
123,2022,Boyaca,2022-04-18,1,2022-04-25,0.39420766,0.1890959
123,2022,Boyaca,2022-04-18,2,2022-05-02,0.39420766,0.19469492
123,2022,Boyaca,2022-04-18,3,2022-05-09,0.7884153,0.20114116
123,2022,Boyaca,2022-04-18,4,2022-05-16,0.55189073,0.20009927
123,2022,Boyaca,2022-04-25,1,2022-05-02,0.39420766,0.17525758
123,2022,Boyaca,2022-04-25,2,2022-05-09,0.7884153,0.17844048
123,2022,Boyaca,2022-04-25,3,2022-05-16,0.55189073,0.1835469
123,2022,Boyaca,2022-04-25,4,2022-05-23,0.7095738,0.18016063
123,2022,Boyaca,2022-05-02,1,2022-05-09,0.7884153,0.17344026
123,2022,Boyaca,2022-05-02,2,2022-05-16,0.55189073,0.17454626
123,2022,Boyaca,2022-05-02,3,2022-05-23,0.7095738,0.17920367
123,2022,Boyaca,2022-05-02,4,2022-05-30,0.23652461,0.1745925
123,2022,Boyaca,2022-05-09,1,2022-05-16,0.55189073,0.17741697
123,2022,Boyaca,2022-05-09,2,2022-05-23,0.7095738,0.17758217
123,2022,Boyaca,2022-05-09,3,2022-05-30,0.23652461,0.18200086
123,2022,Boyaca,2022-05-09,4,2022-06-06,0.23652461,0.17771505
123,2022,Boyaca,2022-05-16,1,2022-05-23,0.7095738,0.21014526
123,2022,Boyaca,2022-05-16,2,2022-05-30,0.23652461,0.21134388
123,2022,Boyaca,2022-05-16,3,2022-06-06,0.23652461,0.2142994
123,2022,Boyaca,2022-05-16,4,2022-06-13,0.39420766,0.21220934
123,2022,Boyaca,2022-05-23,1,2022-05-30,0.23652461,0.23856845
123,2022,Boyaca,2022-05-23,2,2022-06-06,0.23652461,0.2412438
123,2022,Boyaca,2022-05-23,3,2022-06-13,0.39420766,0.24353139
123,2022,Boyaca,2022-05-23,4,2022-06-20,0.31536615,0.24504347
123,2022,Boyaca,2022-05-30,1,2022-06-06,0.23652461,0.28007728
123,2022,Boyaca,2022-05-30,2,2022-06-13,0.39420766,0.2847909
123,2022,Boyaca,2022-05-30,3,2022-06-20,0.31536615,0.2882523
123,2022,Boyaca,2022-05-30,4,2022-06-27,0.07884154,0.29306868
123,2022,Boyaca,2022-06-06,1,2022-06-13,0.39420766,0.29919758
123,2022,Boyaca,2022-06-06,2,2022-06-20,0.31536615,0.30278116
123,2022,Boyaca,2022-06-06,3,2022-06-27,0.07884154,0.30605528
123,2022,Boyaca,2022-06-06,4,2022-07-04,0.15768307,0.31030732
123,2022,Boyaca,2022-06-13,1,2022-06-20,0.31536615,0.27185765
123,2022,Boyaca,2022-06-13,2,2022-06-27,0.07884154,0.2736489
123,2022,Boyaca,2022-06-13,3,2022-07-04,0.15768307,0.2737692
123,2022,Boyaca,2022-06-13,4,2022-07-11,0.15768307,0.27256006
123,2022,Boyaca,2022-06-20,1,2022-06-27,0.07884154,0.25745833
123,2022,Boyaca,2022-06-20,2,2022-07-04,0.15768307,0.2566259
123,2022,Boyaca,2022-06-20,3,2022-07-11,0.15768307,0.2558439
123,2022,Boyaca,2022-06-20,4,2022-07-18,0.07884154,0.25072265
123,2022,Boyaca,2022-06-27,1,2022-07-04,0.15768307,0.2376129
123,2022,Boyaca,2022-06-27,2,2022-07-11,0.15768307,0.23488
123,2022,Boyaca,2022-06-27,3,2022-07-18,0.07884154,0.23384413
123,2022,Boyaca,2022-06-27,4,2022-07-25,0.55189073,0.22742295
123,2022,Boyaca,2022-07-04,1,2022-07-11,0.15768307,0.20360334
123,2022,Boyaca,2022-07-04,2,2022-07-18,0.07884154,0.19822307
123,2022,Boyaca,2022-07-04,3,2022-07-25,0.55189073,0.19742641
123,2022,Boyaca,2022-07-04,4,2022-08-01,0.47304922,0.19102252
123,2022,Boyaca,2022-07-11,1,2022-07-18,0.07884154,0.16897225
123,2022,Boyaca,2022-07-11,2,2022-07-25,0.55189073,0.16409354
123,2022,Boyaca,2022-07-11,3,2022-08-01,0.47304922,0.16300859
123,2022,Boyaca,2022-07-11,4,2022-08-08,0.23652461,0.16023627
123,2022,Boyaca,2022-07-18,1,2022-07-25,0.55189073,0.15198348
123,2022,Boyaca,2022-07-18,2,2022-08-01,0.47304922,0.14888912
123,2022,Boyaca,2022-07-18,3,2022-08-08,0.23652461,0.14798196
123,2022,Boyaca,2022-07-18,4,2022-08-15,0.0,0.14836842
123,2022,Boyaca,2022-07-25,1,2022-08-01,0.47304922,0.12425718
123,2022,Boyaca,2022-07-25,2,2022-08-08,0.23652461,0.12564899
123,2022,Boyaca,2022-07-25,3,2022-08-15,0.0,0.1240174
123,2022,Boyaca,2022-07-25,4,2022-08-22,0.39420766,0.12661627
123,2022,Boyaca,2022-08-01,1,2022-08-08,0.23652461,0.11373806
123,2022,Boyaca,2022-08-01,2,2022-08-15,0.0,0.11770855
123,2022,Boyaca,2022-08-01,3,2022-08-22,0.39420766,0.11602209
123,2022,Boyaca,2022-08-01,4,2022-08-29,0.55189073,0.12038989
123,2022,Boyaca,2022-08-08,1,2022-08-15,0.0,0.12466096
123,2022,Boyaca,2022-08-08,2,2022-08-22,0.39420766,0.12741649
123,2022,Boyaca,2022-08-08,3,2022-08-29,0.55189073,0.127432
123,2022,Boyaca,2022-08-08,4,2022-09-05,0.31536615,0.13283543
123,2022,Boyaca,2022-08-15,1,2022-08-22,0.39420766,0.141498
123,2022,Boyaca,2022-08-15,2,2022-08-29,0.55189073,0.14163621
123,2022,Boyaca,2022-08-15,3,2022-09-05,0.31536615,0.14165825
123,2022,Boyaca,2022-08-15,4,2022-09-12,0.15768307,0.14749423
123,2022,Boyaca,2022-08-22,1,2022-08-29,0.55189073,0.1278598
123,2022,Boyaca,2022-08-22,2,2022-09-05,0.31536615,0.12996635
123,2022,Boyaca,2022-08-22,3,2022-09-12,0.15768307,0.12944005
123,2022,Boyaca,2022-08-22,4,2022-09-19,0.07884154,0.13440323
123,2022,Boyaca,2022-08-29,1,2022-09-05,0.31536615,0.12828255
123,2022,Boyaca,2022-08-29,2,2022-09-12,0.15768307,0.12961003
123,2022,Boyaca,2022-08-29,3,2022-09-19,0.07884154,0.12923078
123,2022,Boyaca,2022-08-29,4,2022-09-26,0.0,0.13387495
123,2022,Boyaca,2022-09-05,1,2022-09-12,0.15768307,0.13871674
123,2022,Boyaca,2022-09-05,2,2022-09-19,0.07884154,0.13794303
123,2022,Boyaca,2022-09-05,3,2022-09-26,0.0,0.13821734
123,2022,Boyaca,2022-09-05,4,2022-10-03,0.07884154,0.14311665
123,2022,Boyaca,2022-09-12,1,2022-09-19,0.07884154,0.14160746
123,2022,Boyaca,2022-09-12,2,2022-09-26,0.0,0.14056818
123,2022,Boyaca,2022-09-12,3,2022-10-03,0.07884154,0.14094701
123,2022,Boyaca,2022-09-12,4,2022-10-10,0.15768307,0.14623445
123,2022,Boyaca,2022-09-19,1,2022-09-26,0.0,0.14419433
123,2022,Boyaca,2022-09-19,2,2022-10-03,0.07884154,0.14249678
123,2022,Boyaca,2022-09-19,3,2022-10-10,0.15768307,0.14306998
123,2022,Boyaca,2022-09-19,4,2022-10-17,0.15768307,0.14768775
123,2022,Boyaca,2022-09-26,1,2022-10-03,0.07884154,0.13733841
123,2022,Boyaca,2022-09-26,2,2022-10-10,0.15768307,0.13660876
123,2022,Boyaca,2022-09-26,3,2022-10-17,0.15768307,0.13761565
123,2022,Boyaca,2022-09-26,4,2022-10-24,0.07884154,0.14180973
123,2022,Boyaca,2022-10-03,1,2022-10-10,0.15768307,0.122741476
123,2022,Boyaca,2022-10-03,2,2022-10-17,0.15768307,0.12424552
123,2022,Boyaca,2022-10-03,3,2022-10-24,0.07884154,0.124671414
123,2022,Boyaca,2022-10-03,4,2022-10-31,0.15768307,0.12893876
123,2022,Boyaca,2022-10-10,1,2022-10-17,0.15768307,0.10683345
123,2022,Boyaca,2022-10-10,2,2022-10-24,0.07884154,0.111299634
123,2022,Boyaca,2022-10-10,3,2022-10-31,0.15768307,0.110407926
123,2022,Boyaca,2022-10-10,4,2022-11-07,0.07884154,0.11382792
123,2022,Boyaca,2022-10-17,1,2022-10-24,0.07884154,0.10039455
123,2022,Boyaca,2022-10-17,2,2022-10-31,0.15768307,0.10592168
123,2022,Boyaca,2022-10-17,3,2022-11-07,0.07884154,0.10484777
123,2022,Boyaca,2022-10-17,4,2022-11-14,0.15768307,0.107733935
123,2022,Boyaca,2022-10-24,1,2022-10-31,0.15768307,0.09863568
123,2022,Boyaca,2022-10-24,2,2022-11-07,0.07884154,0.104526475
123,2022,Boyaca,2022-10-24,3,2022-11-14,0.15768307,0.1036629
123,2022,Boyaca,2022-10-24,4,2022-11-21,0.15768307,0.10683805
123,2022,Boyaca,2022-10-31,1,2022-11-07,0.07884154,0.0965447
123,2022,Boyaca,2022-10-31,2,2022-11-14,0.15768307,0.102970846
123,2022,Boyaca,2022-10-31,3,2022-11-21,0.15768307,0.101977654
123,2022,Boyaca,2022-10-31,4,2022-11-28,0.15768307,0.10539405
123,2022,Boyaca,2022-11-07,1,2022-11-14,0.15768307,0.094363585
123,2022,Boyaca,2022-11-07,2,2022-11-21,0.15768307,0.10156665
123,2022,Boyaca,2022-11-07,3,2022-11-28,0.15768307,0.100442655
123,2022,Boyaca,2022-11-07,4,2022-12-05,0.07884154,0.104103446
123,2022,Boyaca,2022-11-14,1,2022-11-21,0.15768307,0.08977727
123,2022,Boyaca,2022-11-14,2,2022-11-28,0.15768307,0.09837401
123,2022,Boyaca,2022-11-14,3,2022-12-05,0.07884154,0.0964152
123,2022,Boyaca,2022-11-14,4,2022-12-12,0.07884154,0.1002326
123,2022,Boyaca,2022-11-21,1,2022-11-28,0.15768307,0.09220319
123,2022,Boyaca,2022-11-21,2,2022-12-05,0.07884154,0.10067299
123,2022,Boyaca,2022-11-21,3,2022-12-12,0.07884154,0.09865828
123,2022,Boyaca,2022-11-21,4,2022-12-19,0.55189073,0.10301579
123,2022,Boyaca,2022-11-28,1,2022-12-05,0.07884154,0.104869634
123,2022,Boyaca,2022-11-28,2,2022-12-12,0.07884154,0.111133985
123,2022,Boyaca,2022-11-28,3,2022-12-19,0.55189073,0.11099536
123,2022,Boyaca,2022-11-28,4,2022-12-26,0.31536615,0.11647664
123,2022,Caldas,2022-02-21,1,2022-02-28,0.09604007,0.10118991
123,2022,Caldas,2022-02-21,2,2022-03-07,0.19208014,0.111951
123,2022,Caldas,2022-02-21,3,2022-03-14,0.2881202,0.11654592
123,2022,Caldas,2022-02-21,4,2022-03-21,0.19208014,0.11856443
123,2022,Caldas,2022-02-28,1,2022-03-07,0.19208014,0.08888367
123,2022,Caldas,2022-02-28,2,2022-03-14,0.2881202,0.101703934
123,2022,Caldas,2022-02-28,3,2022-03-21,0.19208014,0.1052512
123,2022,Caldas,2022-02-28,4,2022-03-28,0.0,0.10585163
123,2022,Caldas,2022-03-07,1,2022-03-14,0.2881202,0.07571124
123,2022,Caldas,2022-03-07,2,2022-03-21,0.19208014,0.089659244
123,2022,Caldas,2022-03-07,3,2022-03-28,0.0,0.09192185
123,2022,Caldas,2022-03-07,4,2022-04-04,0.2881202,0.09070303
123,2022,Caldas,2022-03-14,1,2022-03-21,0.19208014,0.068727694
123,2022,Caldas,2022-03-14,2,2022-03-28,0.0,0.082461886
123,2022,Caldas,2022-03-14,3,2022-04-04,0.2881202,0.08431433
123,2022,Caldas,2022-03-14,4,2022-04-11,0.2881202,0.08261429
123,2022,Caldas,2022-03-21,1,2022-03-28,0.0,0.074400544
123,2022,Caldas,2022-03-21,2,2022-04-04,0.2881202,0.087933555
123,2022,Caldas,2022-03-21,3,2022-04-11,0.2881202,0.09087642
123,2022,Caldas,2022-03-21,4,2022-04-18,0.2881202,0.09054942
123,2022,Caldas,2022-03-28,1,2022-04-04,0.2881202,0.07676624
123,2022,Caldas,2022-03-28,2,2022-04-11,0.2881202,0.09093029
123,2022,Caldas,2022-03-28,3,2022-04-18,0.2881202,0.09355401
123,2022,Caldas,2022-03-28,4,2022-04-25,0.67228055,0.095110774
123,2022,Caldas,2022-04-04,1,2022-04-11,0.2881202,0.08791266
123,2022,Caldas,2022-04-04,2,2022-04-18,0.2881202,0.10015991
123,2022,Caldas,2022-04-04,3,2022-04-25,0.67228055,0.104064316
123,2022,Caldas,2022-04-04,4,2022-05-02,0.67228055,0.10614096
123,2022,Caldas,2022-04-11,1,2022-04-18,0.2881202,0.09453198
123,2022,Caldas,2022-04-11,2,2022-04-25,0.67228055,0.10579752
123,2022,Caldas,2022-04-11,3,2022-05-02,0.67228055,0.110431716
123,2022,Caldas,2022-04-11,4,2022-05-09,0.5762404,0.11268882
123,2022,Caldas,2022-04-18,1,2022-04-25,0.67228055,0.106463954
123,2022,Caldas,2022-04-18,2,2022-05-02,0.67228055,0.11576443
123,2022,Caldas,2022-04-18,3,2022-05-09,0.5762404,0.12177041
123,2022,Caldas,2022-04-18,4,2022-05-16,0.2881202,0.12480531
123,2022,Caldas,2022-04-25,1,2022-05-02,0.67228055,0.11609349
123,2022,Caldas,2022-04-25,2,2022-05-09,0.5762404,0.123038076
123,2022,Caldas,2022-04-25,3,2022-05-16,0.2881202,0.12906688
123,2022,Caldas,2022-04-25,4,2022-05-23,0.3841603,0.13216053
123,2022,Caldas,2022-05-02,1,2022-05-09,0.5762404,0.15807946
123,2022,Caldas,2022-05-02,2,2022-05-16,0.2881202,0.16097257
123,2022,Caldas,2022-05-02,3,2022-05-23,0.3841603,0.16948302
123,2022,Caldas,2022-05-02,4,2022-05-30,0.3841603,0.16996707
123,2022,Caldas,2022-05-09,1,2022-05-16,0.2881202,0.22601074
123,2022,Caldas,2022-05-09,2,2022-05-23,0.3841603,0.23056817
123,2022,Caldas,2022-05-09,3,2022-05-30,0.3841603,0.23970428
123,2022,Caldas,2022-05-09,4,2022-06-06,0.2881202,0.23975737
123,2022,Caldas,2022-05-16,1,2022-05-23,0.3841603,0.28207308
123,2022,Caldas,2022-05-16,2,2022-05-30,0.3841603,0.28896886
123,2022,Caldas,2022-05-16,3,2022-06-06,0.2881202,0.29964384
123,2022,Caldas,2022-05-16,4,2022-06-13,0.2881202,0.30265522
123,2022,Caldas,2022-05-23,1,2022-05-30,0.3841603,0.28350034
123,2022,Caldas,2022-05-23,2,2022-06-06,0.2881202,0.28891957
123,2022,Caldas,2022-05-23,3,2022-06-13,0.2881202,0.29839057
123,2022,Caldas,2022-05-23,4,2022-06-20,0.5762404,0.29918352
123,2022,Caldas,2022-05-30,1,2022-06-06,0.2881202,0.27348143
123,2022,Caldas,2022-05-30,2,2022-06-13,0.2881202,0.2780026
123,2022,Caldas,2022-05-30,3,2022-06-20,0.5762404,0.28642014
123,2022,Caldas,2022-05-30,4,2022-06-27,0.67228055,0.28408608
123,2022,Caldas,2022-06-06,1,2022-06-13,0.2881202,0.2682738
123,2022,Caldas,2022-06-06,2,2022-06-20,0.5762404,0.2716346
123,2022,Caldas,2022-06-06,3,2022-06-27,0.67228055,0.27955
123,2022,Caldas,2022-06-06,4,2022-07-04,0.19208014,0.27522957
123,2022,Caldas,2022-06-13,1,2022-06-20,0.5762404,0.23990889
123,2022,Caldas,2022-06-13,2,2022-06-27,0.67228055,0.24250813
123,2022,Caldas,2022-06-13,3,2022-07-04,0.19208014,0.2491114
123,2022,Caldas,2022-06-13,4,2022-07-11,0.3841603,0.24222046
123,2022,Caldas,2022-06-20,1,2022-06-27,0.67228055,0.216477
123,2022,Caldas,2022-06-20,2,2022-07-04,0.19208014,0.21714485
123,2022,Caldas,2022-06-20,3,2022-07-11,0.3841603,0.22370352
123,2022,Caldas,2022-06-20,4,2022-07-18,0.67228055,0.21633795
123,2022,Caldas,2022-06-27,1,2022-07-04,0.19208014,0.22458877
123,2022,Caldas,2022-06-27,2,2022-07-11,0.3841603,0.22569992
123,2022,Caldas,2022-06-27,3,2022-07-18,0.67228055,0.23230784
123,2022,Caldas,2022-06-27,4,2022-07-25,0.2881202,0.22761936
123,2022,Caldas,2022-07-04,1,2022-07-11,0.3841603,0.24939181
123,2022,Caldas,2022-07-04,2,2022-07-18,0.67228055,0.2521444
123,2022,Caldas,2022-07-04,3,2022-07-25,0.2881202,0.25859717
123,2022,Caldas,2022-07-04,4,2022-08-01,0.3841603,0.2571568
123,2022,Caldas,2022-07-11,1,2022-07-18,0.67228055,0.24040627
123,2022,Caldas,2022-07-11,2,2022-07-25,0.2881202,0.24281971
123,2022,Caldas,2022-07-11,3,2022-08-01,0.3841603,0.24834146
123,2022,Caldas,2022-07-11,4,2022-08-08,0.8643607,0.24666439
123,2022,Caldas,2022-07-18,1,2022-07-25,0.2881202,0.25191522
123,2022,Caldas,2022-07-18,2,2022-08-01,0.3841603,0.25381628
123,2022,Caldas,2022-07-18,3,2022-08-08,0.8643607,0.26010337
123,2022,Caldas,2022-07-18,4,2022-08-15,0.5762404,0.2582169
123,2022,Caldas,2022-07-25,1,2022-08-01,0.3841603,0.2738888
123,2022,Caldas,2022-07-25,2,2022-08-08,0.8643607,0.27484587
123,2022,Caldas,2022-07-25,3,2022-08-15,0.5762404,0.28255445
123,2022,Caldas,2022-07-25,4,2022-08-22,0.48020038,0.28198758
123,2022,Caldas,2022-08-01,1,2022-08-08,0.8643607,0.25646308
123,2022,Caldas,2022-08-01,2,2022-08-15,0.5762404,0.25705916
123,2022,Caldas,2022-08-01,3,2022-08-22,0.48020038,0.2631696
123,2022,Caldas,2022-08-01,4,2022-08-29,0.19208014,0.25980222
123,2022,Caldas,2022-08-08,1,2022-08-15,0.5762404,0.24577715
123,2022,Caldas,2022-08-08,2,2022-08-22,0.48020038,0.2455125
123,2022,Caldas,2022-08-08,3,2022-08-29,0.19208014,0.2514802
123,2022,Caldas,2022-08-08,4,2022-09-05,0.76832056,0.24617608
123,2022,Caldas,2022-08-15,1,2022-08-22,0.48020038,0.29790717
123,2022,Caldas,2022-08-15,2,2022-08-29,0.19208014,0.29849103
123,2022,Caldas,2022-08-15,3,2022-09-05,0.76832056,0.30855802
123,2022,Caldas,2022-08-15,4,2022-09-12,0.09604007,0.30963305
123,2022,Caldas,2022-08-22,1,2022-08-29,0.19208014,0.33580738
123,2022,Caldas,2022-08-22,2,2022-09-05,0.76832056,0.33881387
123,2022,Caldas,2022-08-22,3,2022-09-12,0.09604007,0.34878987
123,2022,Caldas,2022-08-22,4,2022-09-19,0.09604007,0.3573854
123,2022,Caldas,2022-08-29,1,2022-09-05,0.76832056,0.33598438
123,2022,Caldas,2022-08-29,2,2022-09-12,0.09604007,0.33813268
123,2022,Caldas,2022-08-29,3,2022-09-19,0.09604007,0.3468875
123,2022,Caldas,2022-08-29,4,2022-09-26,0.3841603,0.35475364
123,2022,Caldas,2022-09-05,1,2022-09-12,0.09604007,0.312823
123,2022,Caldas,2022-09-05,2,2022-09-19,0.09604007,0.3129663
123,2022,Caldas,2022-09-05,3,2022-09-26,0.3841603,0.32117838
123,2022,Caldas,2022-09-05,4,2022-10-03,0.3841603,0.32344046
123,2022,Caldas,2022-09-12,1,2022-09-19,0.09604007,0.33229822
123,2022,Caldas,2022-09-12,2,2022-09-26,0.3841603,0.33387646
123,2022,Caldas,2022-09-12,3,2022-10-03,0.3841603,0.34330034
123,2022,Caldas,2022-09-12,4,2022-10-10,0.3841603,0.3493487
123,2022,Caldas,2022-09-19,1,2022-09-26,0.3841603,0.30466977
123,2022,Caldas,2022-09-19,2,2022-10-03,0.3841603,0.30516002
123,2022,Caldas,2022-09-19,3,2022-10-10,0.3841603,0.31422624
123,2022,Caldas,2022-09-19,4,2022-10-17,0.09604007,0.315488
123,2022,Caldas,2022-09-26,1,2022-10-03,0.3841603,0.2535884
123,2022,Caldas,2022-09-26,2,2022-10-10,0.3841603,0.25096154
123,2022,Caldas,2022-09-26,3,2022-10-17,0.09604007,0.2595876
123,2022,Caldas,2022-09-26,4,2022-10-24,0.19208014,0.25281084
123,2022,Caldas,2022-10-03,1,2022-10-10,0.3841603,0.23211348
123,2022,Caldas,2022-10-03,2,2022-10-17,0.09604007,0.22926477
123,2022,Caldas,2022-10-03,3,2022-10-24,0.19208014,0.23813285
123,2022,Caldas,2022-10-03,4,2022-10-31,0.19208014,0.2309598
123,2022,Caldas,2022-10-10,1,2022-10-17,0.09604007,0.21086216
123,2022,Caldas,2022-10-10,2,2022-10-24,0.19208014,0.20713826
123,2022,Caldas,2022-10-10,3,2022-10-31,0.19208014,0.21551259
123,2022,Caldas,2022-10-10,4,2022-11-07,0.09604007,0.21135803
123,2022,Caldas,2022-10-17,1,2022-10-24,0.19208014,0.1930011
123,2022,Caldas,2022-10-17,2,2022-10-31,0.19208014,0.18902086
123,2022,Caldas,2022-10-17,3,2022-11-07,0.09604007,0.19668613
123,2022,Caldas,2022-10-17,4,2022-11-14,0.09604007,0.19465573
123,2022,Caldas,2022-10-24,1,2022-10-31,0.19208014,0.15805434
123,2022,Caldas,2022-10-24,2,2022-11-07,0.09604007,0.15438466
123,2022,Caldas,2022-10-24,3,2022-11-14,0.09604007,0.16092093
123,2022,Caldas,2022-10-24,4,2022-11-21,0.3841603,0.16101111
123,2022,Caldas,2022-10-31,1,2022-11-07,0.09604007,0.14083578
123,2022,Caldas,2022-10-31,2,2022-11-14,0.09604007,0.13809225
123,2022,Caldas,2022-10-31,3,2022-11-21,0.3841603,0.14337064
123,2022,Caldas,2022-10-31,4,2022-11-28,0.09604007,0.14528847
123,2022,Caldas,2022-11-07,1,2022-11-14,0.09604007,0.13617028
123,2022,Caldas,2022-11-07,2,2022-11-21,0.3841603,0.13480042
123,2022,Caldas,2022-11-07,3,2022-11-28,0.09604007,0.1397805
123,2022,Caldas,2022-11-07,4,2022-12-05,0.5762404,0.14348282
123,2022,Caldas,2022-11-14,1,2022-11-21,0.3841603,0.13652667
123,2022,Caldas,2022-11-14,2,2022-11-28,0.09604007,0.13534133
123,2022,Caldas,2022-11-14,3,2022-12-05,0.5762404,0.13956916
123,2022,Caldas,2022-11-14,4,2022-12-12,0.2881202,0.14324413
123,2022,Caldas,2022-11-21,1,2022-11-28,0.09604007,0.13540772
123,2022,Caldas,2022-11-21,2,2022-12-05,0.5762404,0.13378805
123,2022,Caldas,2022-11-21,3,2022-12-12,0.2881202,0.13677901
123,2022,Caldas,2022-11-21,4,2022-12-19,0.2881202,0.13961522
123,2022,Caldas,2022-11-28,1,2022-12-05,0.5762404,0.15413138
123,2022,Caldas,2022-11-28,2,2022-12-12,0.2881202,0.15078391
123,2022,Caldas,2022-11-28,3,2022-12-19,0.2881202,0.15403502
123,2022,Caldas,2022-11-28,4,2022-12-26,0.0,0.15827368
123,2022,Caqueta,2022-02-21,1,2022-02-28,3.1046705,1.737722
123,2022,Caqueta,2022-02-21,2,2022-03-07,4.5375953,1.758157
123,2022,Caqueta,2022-02-21,3,2022-03-14,5.97052,1.802217
123,2022,Caqueta,2022-02-21,4,2022-03-21,6.4481616,1.8280752
123,2022,Caqueta,2022-02-28,1,2022-03-07,4.5375953,2.0557327
123,2022,Caqueta,2022-02-28,2,2022-03-14,5.97052,2.0994506
123,2022,Caqueta,2022-02-28,3,2022-03-21,6.4481616,2.1568687
123,2022,Caqueta,2022-02-28,4,2022-03-28,5.97052,2.2035313
123,2022,Caqueta,2022-03-07,1,2022-03-14,5.97052,2.5188558
123,2022,Caqueta,2022-03-07,2,2022-03-21,6.4481616,2.5778546
123,2022,Caqueta,2022-03-07,3,2022-03-28,5.97052,2.6365442
123,2022,Caqueta,2022-03-07,4,2022-04-04,10.030473,2.679842
123,2022,Caqueta,2022-03-14,1,2022-03-21,6.4481616,3.5446277
123,2022,Caqueta,2022-03-14,2,2022-03-28,5.97052,3.6340935
123,2022,Caqueta,2022-03-14,3,2022-04-04,10.030473,3.6895287
123,2022,Caqueta,2022-03-14,4,2022-04-11,3.582312,3.7207558
123,2022,Caqueta,2022-03-21,1,2022-03-28,5.97052,5.2902956
123,2022,Caqueta,2022-03-21,2,2022-04-04,10.030473,5.4678025
123,2022,Caqueta,2022-03-21,3,2022-04-11,3.582312,5.521945
123,2022,Caqueta,2022-03-21,4,2022-04-18,7.1646233,5.538828
123,2022,Caqueta,2022-03-28,1,2022-04-04,10.030473,6.583136
123,2022,Caqueta,2022-03-28,2,2022-04-11,3.582312,6.7805696
123,2022,Caqueta,2022-03-28,3,2022-04-18,7.1646233,6.8088617
123,2022,Caqueta,2022-03-28,4,2022-04-25,5.254058,6.7851195
123,2022,Caqueta,2022-04-04,1,2022-04-11,3.582312,6.7747746
123,2022,Caqueta,2022-04-04,2,2022-04-18,7.1646233,6.8802557
123,2022,Caqueta,2022-04-04,3,2022-04-25,5.254058,6.867976
123,2022,Caqueta,2022-04-04,4,2022-05-02,7.881087,6.8062057
123,2022,Caqueta,2022-04-11,1,2022-04-18,7.1646233,8.731741
123,2022,Caqueta,2022-04-11,2,2022-04-25,5.254058,8.902933
123,2022,Caqueta,2022-04-11,3,2022-05-02,7.881087,8.885863
123,2022,Caqueta,2022-04-11,4,2022-05-09,8.597549,8.684742
123,2022,Caqueta,2022-04-18,1,2022-04-25,5.254058,6.7594213
123,2022,Caqueta,2022-04-18,2,2022-05-02,7.881087,6.657027
123,2022,Caqueta,2022-04-18,3,2022-05-09,8.597549,6.544233
123,2022,Caqueta,2022-04-18,4,2022-05-16,8.119908,6.41851
123,2022,Caqueta,2022-04-25,1,2022-05-02,7.881087,6.85852
123,2022,Caqueta,2022-04-25,2,2022-05-09,8.597549,6.7426453
123,2022,Caqueta,2022-04-25,3,2022-05-16,8.119908,6.6278586
123,2022,Caqueta,2022-04-25,4,2022-05-23,7.6422663,6.452613
123,2022,Caqueta,2022-05-02,1,2022-05-09,8.597549,6.0967307
123,2022,Caqueta,2022-05-02,2,2022-05-16,8.119908,5.9042006
123,2022,Caqueta,2022-05-02,3,2022-05-23,7.6422663,5.7668114
123,2022,Caqueta,2022-05-02,4,2022-05-30,9.791653,5.6116185
123,2022,Caqueta,2022-05-09,1,2022-05-16,8.119908,6.7088547
123,2022,Caqueta,2022-05-09,2,2022-05-23,7.6422663,6.536053
123,2022,Caqueta,2022-05-09,3,2022-05-30,9.791653,6.388551
123,2022,Caqueta,2022-05-09,4,2022-06-06,4.7764163,6.1736426
123,2022,Caqueta,2022-05-16,1,2022-05-23,7.6422663,6.8958015
123,2022,Caqueta,2022-05-16,2,2022-05-30,9.791653,6.670526
123,2022,Caqueta,2022-05-16,3,2022-06-06,4.7764163,6.495392
123,2022,Caqueta,2022-05-16,4,2022-06-13,5.4928784,6.249105
123,2022,Caqueta,2022-05-23,1,2022-05-30,9.791653,6.788433
123,2022,Caqueta,2022-05-23,2,2022-06-06,4.7764163,6.5181684
123,2022,Caqueta,2022-05-23,3,2022-06-13,5.4928784,6.320817
123,2022,Caqueta,2022-05-23,4,2022-06-20,6.4481616,6.066468
123,2022,Caqueta,2022-05-30,1,2022-06-06,4.7764163,6.246462
123,2022,Caqueta,2022-05-30,2,2022-06-13,5.4928784,5.9387326
123,2022,Caqueta,2022-05-30,3,2022-06-20,6.4481616,5.728538
123,2022,Caqueta,2022-05-30,4,2022-06-27,2.1493871,5.5028195
123,2022,Caqueta,2022-06-06,1,2022-06-13,5.4928784,7.05572
123,2022,Caqueta,2022-06-06,2,2022-06-20,6.4481616,6.7680435
123,2022,Caqueta,2022-06-06,3,2022-06-27,2.1493871,6.543857
123,2022,Caqueta,2022-06-06,4,2022-07-04,4.2987747,6.2411194
123,2022,Caqueta,2022-06-13,1,2022-06-20,6.4481616,5.4144416
123,2022,Caqueta,2022-06-13,2,2022-06-27,2.1493871,5.087616
123,2022,Caqueta,2022-06-13,3,2022-07-04,4.2987747,4.874979
123,2022,Caqueta,2022-06-13,4,2022-07-11,5.97052,4.6986184
123,2022,Caqueta,2022-06-20,1,2022-06-27,2.1493871,4.661174
123,2022,Caqueta,2022-06-20,2,2022-07-04,4.2987747,4.4003034
123,2022,Caqueta,2022-06-20,3,2022-07-11,5.97052,4.2261953
123,2022,Caqueta,2022-06-20,4,2022-07-18,7.6422663,4.086098
123,2022,Caqueta,2022-06-27,1,2022-07-04,4.2987747,4.8093104
123,2022,Caqueta,2022-06-27,2,2022-07-11,5.97052,4.5867114
123,2022,Caqueta,2022-06-27,3,2022-07-18,7.6422663,4.43093
123,2022,Caqueta,2022-06-27,4,2022-07-25,4.7764163,4.276028
123,2022,Caqueta,2022-07-04,1,2022-07-11,5.97052,3.3025527
123,2022,Caqueta,2022-07-04,2,2022-07-18,7.6422663,3.1277373
123,2022,Caqueta,2022-07-04,3,2022-07-25,4.7764163,3.011907
123,2022,Caqueta,2022-07-04,4,2022-08-01,2.388208,2.9458036
123,2022,Caqueta,2022-07-11,1,2022-07-18,7.6422663,3.0235388
123,2022,Caqueta,2022-07-11,2,2022-07-25,4.7764163,2.8933337
123,2022,Caqueta,2022-07-11,3,2022-08-01,2.388208,2.7908545
123,2022,Caqueta,2022-07-11,4,2022-08-08,2.8658495,2.7314758
123,2022,Caqueta,2022-07-18,1,2022-07-25,4.7764163,3.7720995
123,2022,Caqueta,2022-07-18,2,2022-08-01,2.388208,3.6682336
123,2022,Caqueta,2022-07-18,3,2022-08-08,2.8658495,3.5867896
123,2022,Caqueta,2022-07-18,4,2022-08-15,4.5375953,3.4903958
123,2022,Caqueta,2022-07-25,1,2022-08-01,2.388208,4.5892987
123,2022,Caqueta,2022-07-25,2,2022-08-08,2.8658495,4.4812765
123,2022,Caqueta,2022-07-25,3,2022-08-15,4.5375953,4.384047
123,2022,Caqueta,2022-07-25,4,2022-08-22,3.1046705,4.2634177
123,2022,Caqueta,2022-08-01,1,2022-08-08,2.8658495,4.1846447
123,2022,Caqueta,2022-08-01,2,2022-08-15,4.5375953,4.0518303
123,2022,Caqueta,2022-08-01,3,2022-08-22,3.1046705,3.9462895
123,2022,Caqueta,2022-08-01,4,2022-08-29,1.9105663,3.858775
123,2022,Caqueta,2022-08-08,1,2022-08-15,4.5375953,3.3771136
123,2022,Caqueta,2022-08-08,2,2022-08-22,3.1046705,3.261781
123,2022,Caqueta,2022-08-08,3,2022-08-29,1.9105663,3.1808834
123,2022,Caqueta,2022-08-08,4,2022-09-05,4.7764163,3.134467
123,2022,Caqueta,2022-08-15,1,2022-08-22,3.1046705,2.993307
123,2022,Caqueta,2022-08-15,2,2022-08-29,1.9105663,2.9075997
123,2022,Caqueta,2022-08-15,3,2022-09-05,4.7764163,2.8463998
123,2022,Caqueta,2022-08-15,4,2022-09-12,2.388208,2.8143528
123,2022,Caqueta,2022-08-22,1,2022-08-29,1.9105663,3.0968513
123,2022,Caqueta,2022-08-22,2,2022-09-05,4.7764163,3.034128
123,2022,Caqueta,2022-08-22,3,2022-09-12,2.388208,2.984161
123,2022,Caqueta,2022-08-22,4,2022-09-19,2.1493871,2.952257
123,2022,Caqueta,2022-08-29,1,2022-09-05,4.7764163,2.8765304
123,2022,Caqueta,2022-08-29,2,2022-09-12,2.388208,2.820494
123,2022,Caqueta,2022-08-29,3,2022-09-19,2.1493871,2.7823734
123,2022,Caqueta,2022-08-29,4,2022-09-26,0.71646243,2.7635596
123,2022,Caqueta,2022-09-05,1,2022-09-12,2.388208,2.452974
123,2022,Caqueta,2022-09-05,2,2022-09-19,2.1493871,2.3997827
123,2022,Caqueta,2022-09-05,3,2022-09-26,0.71646243,2.3584082
123,2022,Caqueta,2022-09-05,4,2022-10-03,2.8658495,2.357433
123,2022,Caqueta,2022-09-12,1,2022-09-19,2.1493871,2.9169402
123,2022,Caqueta,2022-09-12,2,2022-09-26,0.71646243,2.885864
123,2022,Caqueta,2022-09-12,3,2022-10-03,2.8658495,2.8588781
123,2022,Caqueta,2022-09-12,4,2022-10-10,2.6270287,2.8424482
123,2022,Caqueta,2022-09-19,1,2022-09-26,0.71646243,2.6999228
123,2022,Caqueta,2022-09-19,2,2022-10-03,2.8658495,2.6560438
123,2022,Caqueta,2022-09-19,3,2022-10-10,2.6270287,2.6257634
123,2022,Caqueta,2022-09-19,4,2022-10-17,5.254058,2.6200948
123,2022,Caqueta,2022-09-26,1,2022-10-03,2.8658495,2.4055572
123,2022,Caqueta,2022-09-26,2,2022-10-10,2.6270287,2.363584
123,2022,Caqueta,2022-09-26,3,2022-10-17,5.254058,2.3350203
123,2022,Caqueta,2022-09-26,4,2022-10-24,4.0599537,2.3403518
123,2022,Caqueta,2022-10-03,1,2022-10-10,2.6270287,2.025732
123,2022,Caqueta,2022-10-03,2,2022-10-17,5.254058,1.9692181
123,2022,Caqueta,2022-10-03,3,2022-10-24,4.0599537,1.9327492
123,2022,Caqueta,2022-10-03,4,2022-10-31,5.254058,1.9512076
123,2022,Caqueta,2022-10-10,1,2022-10-17,5.254058,2.1354222
123,2022,Caqueta,2022-10-10,2,2022-10-24,4.0599537,2.1024919
123,2022,Caqueta,2022-10-10,3,2022-10-31,5.254058,2.085916
123,2022,Caqueta,2022-10-10,4,2022-11-07,5.254058,2.1037667
123,2022,Caqueta,2022-10-17,1,2022-10-24,4.0599537,2.2517707
123,2022,Caqueta,2022-10-17,2,2022-10-31,5.254058,2.2328312
123,2022,Caqueta,2022-10-17,3,2022-11-07,5.254058,2.2283328
123,2022,Caqueta,2022-10-17,4,2022-11-14,1.9105663,2.2465827
123,2022,Caqueta,2022-10-24,1,2022-10-31,5.254058,2.8036911
123,2022,Caqueta,2022-10-24,2,2022-11-07,5.254058,2.7977602
123,2022,Caqueta,2022-10-24,3,2022-11-14,1.9105663,2.7889605
123,2022,Caqueta,2022-10-24,4,2022-11-21,5.4928784,2.7976508
123,2022,Caqueta,2022-10-31,1,2022-11-07,5.254058,3.2165678
123,2022,Caqueta,2022-10-31,2,2022-11-14,1.9105663,3.2041187
123,2022,Caqueta,2022-10-31,3,2022-11-21,5.4928784,3.1872773
123,2022,Caqueta,2022-10-31,4,2022-11-28,4.7764163,3.187696
123,2022,Caqueta,2022-11-07,1,2022-11-14,1.9105663,3.763851
123,2022,Caqueta,2022-11-07,2,2022-11-21,5.4928784,3.7595437
123,2022,Caqueta,2022-11-07,3,2022-11-28,4.7764163,3.7318654
123,2022,Caqueta,2022-11-07,4,2022-12-05,2.6270287,3.7238204
123,2022,Caqueta,2022-11-14,1,2022-11-21,5.4928784,4.3962536
123,2022,Caqueta,2022-11-14,2,2022-11-28,4.7764163,4.3934884
123,2022,Caqueta,2022-11-14,3,2022-12-05,2.6270287,4.3576393
123,2022,Caqueta,2022-11-14,4,2022-12-12,4.7764163,4.3311524
123,2022,Caqueta,2022-11-21,1,2022-11-28,4.7764163,3.7315106
123,2022,Caqueta,2022-11-21,2,2022-12-05,2.6270287,3.6862366
123,2022,Caqueta,2022-11-21,3,2022-12-12,4.7764163,3.6557953
123,2022,Caqueta,2022-11-21,4,2022-12-19,5.4928784,3.6403992
123,2022,Caqueta,2022-11-28,1,2022-12-05,2.6270287,4.4469314
123,2022,Caqueta,2022-11-28,2,2022-12-12,4.7764163,4.434653
123,2022,Caqueta,2022-11-28,3,2022-12-19,5.4928784,4.4169073
123,2022,Caqueta,2022-11-28,4,2022-12-26,4.2987747,4.3743653
123,2022,Casanare,2022-02-21,1,2022-02-28,11.632628,8.3712
123,2022,Casanare,2022-02-21,2,2022-03-07,12.071594,8.281937
123,2022,Casanare,2022-02-21,3,2022-03-14,10.974178,8.13561
123,2022,Casanare,2022-02-21,4,2022-03-21,15.802817,7.849686
123,2022,Casanare,2022-02-28,1,2022-03-07,12.071594,9.425818
123,2022,Casanare,2022-02-28,2,2022-03-14,10.974178,9.34152
123,2022,Casanare,2022-02-28,3,2022-03-21,15.802817,9.176096
123,2022,Casanare,2022-02-28,4,2022-03-28,17.997652,8.795294
123,2022,Casanare,2022-03-07,1,2022-03-14,10.974178,10.186332
123,2022,Casanare,2022-03-07,2,2022-03-21,15.802817,10.043888
123,2022,Casanare,2022-03-07,3,2022-03-28,17.997652,9.831223
123,2022,Casanare,2022-03-07,4,2022-04-04,22.387321,9.365582
123,2022,Casanare,2022-03-14,1,2022-03-21,15.802817,10.7016
123,2022,Casanare,2022-03-14,2,2022-03-28,17.997652,10.492112
123,2022,Casanare,2022-03-14,3,2022-04-04,22.387321,10.23884
123,2022,Casanare,2022-03-14,4,2022-04-11,16.241781,9.699345
123,2022,Casanare,2022-03-21,1,2022-03-28,17.997652,10.982906
123,2022,Casanare,2022-03-21,2,2022-04-04,22.387321,10.697338
123,2022,Casanare,2022-03-21,3,2022-04-11,16.241781,10.407691
123,2022,Casanare,2022-03-21,4,2022-04-18,25.460093,9.818615
123,2022,Casanare,2022-03-28,1,2022-04-04,22.387321,12.687829
123,2022,Casanare,2022-03-28,2,2022-04-11,16.241781,12.40027
123,2022,Casanare,2022-03-28,3,2022-04-18,25.460093,12.08065
123,2022,Casanare,2022-03-28,4,2022-04-25,19.75352,11.255041
123,2022,Casanare,2022-04-04,1,2022-04-11,16.241781,13.812484
123,2022,Casanare,2022-04-04,2,2022-04-18,25.460093,13.412729
123,2022,Casanare,2022-04-04,3,2022-04-25,19.75352,13.0236225
123,2022,Casanare,2022-04-04,4,2022-05-02,20.192488,12.014034
123,2022,Casanare,2022-04-11,1,2022-04-18,25.460093,15.895094
123,2022,Casanare,2022-04-11,2,2022-04-25,19.75352,15.4303255
123,2022,Casanare,2022-04-11,3,2022-05-02,20.192488,14.971358
123,2022,Casanare,2022-04-11,4,2022-05-09,23.265259,13.6361685
123,2022,Casanare,2022-04-18,1,2022-04-25,19.75352,15.780298
123,2022,Casanare,2022-04-18,2,2022-05-02,20.192488,15.057048
123,2022,Casanare,2022-04-18,3,2022-05-09,23.265259,14.507211
123,2022,Casanare,2022-04-18,4,2022-05-16,20.192488,13.14619
123,2022,Casanare,2022-04-25,1,2022-05-02,20.192488,18.092066
123,2022,Casanare,2022-04-25,2,2022-05-09,23.265259,17.315113
123,2022,Casanare,2022-04-25,3,2022-05-16,20.192488,16.72599
123,2022,Casanare,2022-04-25,4,2022-05-23,20.850937,14.996129
123,2022,Casanare,2022-05-02,1,2022-05-09,23.265259,17.774841
123,2022,Casanare,2022-05-02,2,2022-05-16,20.192488,16.702513
123,2022,Casanare,2022-05-02,3,2022-05-23,20.850937,16.002123
123,2022,Casanare,2022-05-02,4,2022-05-30,13.388496,14.2865925
123,2022,Casanare,2022-05-09,1,2022-05-16,20.192488,17.44586
123,2022,Casanare,2022-05-09,2,2022-05-23,20.850937,16.231022
123,2022,Casanare,2022-05-09,3,2022-05-30,13.388496,15.496855
123,2022,Casanare,2022-05-09,4,2022-06-06,21.289904,13.790491
123,2022,Casanare,2022-05-16,1,2022-05-23,20.850937,17.22558
123,2022,Casanare,2022-05-16,2,2022-05-30,13.388496,15.899888
123,2022,Casanare,2022-05-16,3,2022-06-06,21.289904,15.15482
123,2022,Casanare,2022-05-16,4,2022-06-13,16.900234,13.445786
123,2022,Casanare,2022-05-23,1,2022-05-30,13.388496,16.003717
123,2022,Casanare,2022-05-23,2,2022-06-06,21.289904,14.609229
123,2022,Casanare,2022-05-23,3,2022-06-13,16.900234,13.855851
123,2022,Casanare,2022-05-23,4,2022-06-20,11.632628,12.275561
123,2022,Casanare,2022-05-30,1,2022-06-06,21.289904,14.713425
123,2022,Casanare,2022-05-30,2,2022-06-13,16.900234,13.353802
123,2022,Casanare,2022-05-30,3,2022-06-20,11.632628,12.621358
123,2022,Casanare,2022-05-30,4,2022-06-27,13.169014,11.193353
123,2022,Casanare,2022-06-06,1,2022-06-13,16.900234,11.493901
123,2022,Casanare,2022-06-06,2,2022-06-20,11.632628,10.297751
123,2022,Casanare,2022-06-06,3,2022-06-27,13.169014,9.612212
123,2022,Casanare,2022-06-06,4,2022-07-04,9.218308,8.683777
123,2022,Casanare,2022-06-13,1,2022-06-20,11.632628,12.203148
123,2022,Casanare,2022-06-13,2,2022-06-27,13.169014,11.140086
123,2022,Casanare,2022-06-13,3,2022-07-04,9.218308,10.520593
123,2022,Casanare,2022-06-13,4,2022-07-11,9.87676,9.436637
123,2022,Casanare,2022-06-20,1,2022-06-27,13.169014,11.387576
123,2022,Casanare,2022-06-20,2,2022-07-04,9.218308,10.352529
123,2022,Casanare,2022-06-20,3,2022-07-11,9.87676,9.756561
123,2022,Casanare,2022-06-20,4,2022-07-18,5.2676053,8.802038
123,2022,Casanare,2022-06-27,1,2022-07-04,9.218308,9.361563
123,2022,Casanare,2022-06-27,2,2022-07-11,9.87676,8.467585
123,2022,Casanare,2022-06-27,3,2022-07-18,5.2676053,7.91763
123,2022,Casanare,2022-06-27,4,2022-07-25,7.242958,7.2756066
123,2022,Casanare,2022-07-04,1,2022-07-11,9.87676,8.691355
123,2022,Casanare,2022-07-04,2,2022-07-18,5.2676053,7.9261365
123,2022,Casanare,2022-07-04,3,2022-07-25,7.242958,7.44571
123,2022,Casanare,2022-07-04,4,2022-08-01,6.5845065,6.8830256
123,2022,Casanare,2022-07-11,1,2022-07-18,5.2676053,7.026822
123,2022,Casanare,2022-07-11,2,2022-07-25,7.242958,6.3990498
123,2022,Casanare,2022-07-11,3,2022-08-01,6.5845065,5.984705
123,2022,Casanare,2022-07-11,4,2022-08-08,6.5845065,5.630027
123,2022,Casanare,2022-07-18,1,2022-07-25,7.242958,7.2757707
123,2022,Casanare,2022-07-18,2,2022-08-01,6.5845065,6.7852697
123,2022,Casanare,2022-07-18,3,2022-08-08,6.5845065,6.4264417
123,2022,Casanare,2022-07-18,4,2022-08-15,4.6091547,6.051065
123,2022,Casanare,2022-07-25,1,2022-08-01,6.5845065,5.6147857
123,2022,Casanare,2022-07-25,2,2022-08-08,6.5845065,5.2202625
123,2022,Casanare,2022-07-25,3,2022-08-15,4.6091547,4.935822
123,2022,Casanare,2022-07-25,4,2022-08-22,2.1948357,4.7331142
123,2022,Casanare,2022-08-01,1,2022-08-08,6.5845065,5.4832096
123,2022,Casanare,2022-08-01,2,2022-08-15,4.6091547,5.207287
123,2022,Casanare,2022-08-01,3,2022-08-22,2.1948357,4.982443
123,2022,Casanare,2022-08-01,4,2022-08-29,2.853286,4.7920527
123,2022,Casanare,2022-08-08,1,2022-08-15,4.6091547,5.70546
123,2022,Casanare,2022-08-08,2,2022-08-22,2.1948357,5.505955
123,2022,Casanare,2022-08-08,3,2022-08-29,2.853286,5.3198195
123,2022,Casanare,2022-08-08,4,2022-09-05,5.2676053,5.1386333
123,2022,Casanare,2022-08-15,1,2022-08-22,2.1948357,5.4306855
123,2022,Casanare,2022-08-15,2,2022-08-29,2.853286,5.2704268
123,2022,Casanare,2022-08-15,3,2022-09-05,5.2676053,5.107871
123,2022,Casanare,2022-08-15,4,2022-09-12,2.1948357,4.9666214
123,2022,Casanare,2022-08-22,1,2022-08-29,2.853286,5.0039697
123,2022,Casanare,2022-08-22,2,2022-09-05,5.2676053,4.8740826
123,2022,Casanare,2022-08-22,3,2022-09-12,2.1948357,4.733463
123,2022,Casanare,2022-08-22,4,2022-09-19,1.7558686,4.626511
123,2022,Casanare,2022-08-29,1,2022-09-05,5.2676053,3.7263052
123,2022,Casanare,2022-08-29,2,2022-09-12,2.1948357,3.6196034
123,2022,Casanare,2022-08-29,3,2022-09-19,1.7558686,3.5157065
123,2022,Casanare,2022-08-29,4,2022-09-26,3.2922535,3.4705124
123,2022,Casanare,2022-09-05,1,2022-09-12,2.1948357,2.9839158
123,2022,Casanare,2022-09-05,2,2022-09-19,1.7558686,2.9196951
123,2022,Casanare,2022-09-05,3,2022-09-26,3.2922535,2.8510547
123,2022,Casanare,2022-09-05,4,2022-10-03,1.3169013,2.8277025
123,2022,Casanare,2022-09-12,1,2022-09-19,1.7558686,2.932234
123,2022,Casanare,2022-09-12,2,2022-09-26,3.2922535,2.8980367
123,2022,Casanare,2022-09-12,3,2022-10-03,1.3169013,2.8511631
123,2022,Casanare,2022-09-12,4,2022-10-10,2.853286,2.8267348
123,2022,Casanare,2022-09-19,1,2022-09-26,3.2922535,2.3836167
123,2022,Casanare,2022-09-19,2,2022-10-03,1.3169013,2.347169
123,2022,Casanare,2022-09-19,3,2022-10-10,2.853286,2.306226
123,2022,Casanare,2022-09-19,4,2022-10-17,1.5363849,2.3061633
123,2022,Casanare,2022-09-26,1,2022-10-03,1.3169013,1.817783
123,2022,Casanare,2022-09-26,2,2022-10-10,2.853286,1.7734281
123,2022,Casanare,2022-09-26,3,2022-10-17,1.5363849,1.7284024
123,2022,Casanare,2022-09-26,4,2022-10-24,2.4143193,1.730837
123,2022,Casanare,2022-10-03,1,2022-10-10,2.853286,1.7051287
123,2022,Casanare,2022-10-03,2,2022-10-17,1.5363849,1.6664135
123,2022,Casanare,2022-10-03,3,2022-10-24,2.4143193,1.642474
123,2022,Casanare,2022-10-03,4,2022-10-31,1.0974178,1.6503686
123,2022,Casanare,2022-10-10,1,2022-10-17,1.5363849,1.3599342
123,2022,Casanare,2022-10-10,2,2022-10-24,2.4143193,1.3188009
123,2022,Casanare,2022-10-10,3,2022-10-31,1.0974178,1.3048767
123,2022,Casanare,2022-10-10,4,2022-11-07,1.0974178,1.2962955
123,2022,Casanare,2022-10-17,1,2022-10-24,2.4143193,1.3369784
123,2022,Casanare,2022-10-17,2,2022-10-31,1.0974178,1.3012275
123,2022,Casanare,2022-10-17,3,2022-11-07,1.0974178,1.295709
123,2022,Casanare,2022-10-17,4,2022-11-14,3.0727699,1.3020723
123,2022,Casanare,2022-10-24,1,2022-10-31,1.0974178,1.1831096
123,2022,Casanare,2022-10-24,2,2022-11-07,1.0974178,1.1455564
123,2022,Casanare,2022-10-24,3,2022-11-14,3.0727699,1.1426799
123,2022,Casanare,2022-10-24,4,2022-11-21,2.4143193,1.1432016
123,2022,Casanare,2022-10-31,1,2022-11-07,1.0974178,1.1857121
123,2022,Casanare,2022-10-31,2,2022-11-14,3.0727699,1.1475687
123,2022,Casanare,2022-10-31,3,2022-11-21,2.4143193,1.1469296
123,2022,Casanare,2022-10-31,4,2022-11-28,1.7558686,1.1465559
123,2022,Casanare,2022-11-07,1,2022-11-14,3.0727699,0.9950878
123,2022,Casanare,2022-11-07,2,2022-11-21,2.4143193,0.9587205
123,2022,Casanare,2022-11-07,3,2022-11-28,1.7558686,0.9538733
123,2022,Casanare,2022-11-07,4,2022-12-05,2.4143193,0.9489775
123,2022,Casanare,2022-11-14,1,2022-11-21,2.4143193,0.9217819
123,2022,Casanare,2022-11-14,2,2022-11-28,1.7558686,0.88720423
123,2022,Casanare,2022-11-14,3,2022-12-05,2.4143193,0.88337076
123,2022,Casanare,2022-11-14,4,2022-12-12,2.1948357,0.8785156
123,2022,Casanare,2022-11-21,1,2022-11-28,1.7558686,1.2383329
123,2022,Casanare,2022-11-21,2,2022-12-05,2.4143193,1.2120258
123,2022,Casanare,2022-11-21,3,2022-12-12,2.1948357,1.2172725
123,2022,Casanare,2022-11-21,4,2022-12-19,0.21948355,1.2418281
123,2022,Casanare,2022-11-28,1,2022-12-05,2.4143193,1.4759936
123,2022,Casanare,2022-11-28,2,2022-12-12,2.1948357,1.4641856
123,2022,Casanare,2022-11-28,3,2022-12-19,0.21948355,1.4584033
123,2022,Casanare,2022-11-28,4,2022-12-26,1.5363849,1.5146827
123,2022,Cauca,2022-02-21,1,2022-02-28,0.129044,0.41970366
123,2022,Cauca,2022-02-21,2,2022-03-07,0.64522,0.42431533
123,2022,Cauca,2022-02-21,3,2022-03-14,0.32261,0.42328367
123,2022,Cauca,2022-02-21,4,2022-03-21,0.516176,0.4292997
123,2022,Cauca,2022-02-28,1,2022-03-07,0.64522,0.39943224
123,2022,Cauca,2022-02-28,2,2022-03-14,0.32261,0.4033
123,2022,Cauca,2022-02-28,3,2022-03-21,0.516176,0.4016155
123,2022,Cauca,2022-02-28,4,2022-03-28,0.96782994,0.407156
123,2022,Cauca,2022-03-07,1,2022-03-14,0.32261,0.3557898
123,2022,Cauca,2022-03-07,2,2022-03-21,0.516176,0.3570915
123,2022,Cauca,2022-03-07,3,2022-03-28,0.96782994,0.3548787
123,2022,Cauca,2022-03-07,4,2022-04-04,0.64522,0.357672
123,2022,Cauca,2022-03-14,1,2022-03-21,0.516176,0.35649353
123,2022,Cauca,2022-03-14,2,2022-03-28,0.96782994,0.35769168
123,2022,Cauca,2022-03-14,3,2022-04-04,0.64522,0.35561916
123,2022,Cauca,2022-03-14,4,2022-04-11,0.32261,0.36071324
123,2022,Cauca,2022-03-21,1,2022-03-28,0.96782994,0.36109087
123,2022,Cauca,2022-03-21,2,2022-04-04,0.64522,0.36174703
123,2022,Cauca,2022-03-21,3,2022-04-11,0.32261,0.35954684
123,2022,Cauca,2022-03-21,4,2022-04-18,0.7742639,0.36498222
123,2022,Cauca,2022-03-28,1,2022-04-04,0.64522,0.36770833
123,2022,Cauca,2022-03-28,2,2022-04-11,0.32261,0.36822656
123,2022,Cauca,2022-03-28,3,2022-04-18,0.7742639,0.36616427
123,2022,Cauca,2022-03-28,4,2022-04-25,0.387132,0.37190595
123,2022,Cauca,2022-04-04,1,2022-04-11,0.32261,0.42438042
123,2022,Cauca,2022-04-04,2,2022-04-18,0.7742639,0.426419
123,2022,Cauca,2022-04-04,3,2022-04-25,0.387132,0.42509574
123,2022,Cauca,2022-04-04,4,2022-05-02,1.1613959,0.4338165
123,2022,Cauca,2022-04-11,1,2022-04-18,0.7742639,0.44974774
123,2022,Cauca,2022-04-11,2,2022-04-25,0.387132,0.45210263
123,2022,Cauca,2022-04-11,3,2022-05-02,1.1613959,0.45070922
123,2022,Cauca,2022-04-11,4,2022-05-09,0.709742,0.45963153
123,2022,Cauca,2022-04-18,1,2022-04-25,0.387132,0.42029008
123,2022,Cauca,2022-04-18,2,2022-05-02,1.1613959,0.42228895
123,2022,Cauca,2022-04-18,3,2022-05-09,0.709742,0.42034727
123,2022,Cauca,2022-04-18,4,2022-05-16,1.548528,0.42630827
123,2022,Cauca,2022-04-25,1,2022-05-02,1.1613959,0.40424794
123,2022,Cauca,2022-04-25,2,2022-05-09,0.709742,0.40349457
123,2022,Cauca,2022-04-25,3,2022-05-16,1.548528,0.4005657
123,2022,Cauca,2022-04-25,4,2022-05-23,0.451654,0.40360355
123,2022,Cauca,2022-05-02,1,2022-05-09,0.709742,0.3926755
123,2022,Cauca,2022-05-02,2,2022-05-16,1.548528,0.39077365
123,2022,Cauca,2022-05-02,3,2022-05-23,0.451654,0.38764763
123,2022,Cauca,2022-05-02,4,2022-05-30,0.7742639,0.38971055
123,2022,Cauca,2022-05-09,1,2022-05-16,1.548528,0.4307607
123,2022,Cauca,2022-05-09,2,2022-05-23,0.451654,0.4299889
123,2022,Cauca,2022-05-09,3,2022-05-30,0.7742639,0.42722103
123,2022,Cauca,2022-05-09,4,2022-06-06,0.387132,0.43344742
123,2022,Cauca,2022-05-16,1,2022-05-23,0.451654,0.43459493
123,2022,Cauca,2022-05-16,2,2022-05-30,0.7742639,0.43172845
123,2022,Cauca,2022-05-16,3,2022-06-06,0.387132,0.42755166
123,2022,Cauca,2022-05-16,4,2022-06-13,0.516176,0.43286633
123,2022,Cauca,2022-05-23,1,2022-05-30,0.7742639,0.53482074
123,2022,Cauca,2022-05-23,2,2022-06-06,0.387132,0.53283226
123,2022,Cauca,2022-05-23,3,2022-06-13,0.516176,0.5285847
123,2022,Cauca,2022-05-23,4,2022-06-20,0.709742,0.54045814
123,2022,Cauca,2022-05-30,1,2022-06-06,0.387132,0.54569274
123,2022,Cauca,2022-05-30,2,2022-06-13,0.516176,0.54284203
123,2022,Cauca,2022-05-30,3,2022-06-20,0.709742,0.5376532
123,2022,Cauca,2022-05-30,4,2022-06-27,0.32261,0.54818416
123,2022,Cauca,2022-06-06,1,2022-06-13,0.516176,0.5244846
123,2022,Cauca,2022-06-06,2,2022-06-20,0.709742,0.51858044
123,2022,Cauca,2022-06-06,3,2022-06-27,0.32261,0.512467
123,2022,Cauca,2022-06-06,4,2022-07-04,0.90330803,0.51836425
123,2022,Cauca,2022-06-13,1,2022-06-20,0.709742,0.47060344
123,2022,Cauca,2022-06-13,2,2022-06-27,0.32261,0.46182072
123,2022,Cauca,2022-06-13,3,2022-07-04,0.90330803,0.45504445
123,2022,Cauca,2022-06-13,4,2022-07-11,0.7742639,0.45534053
123,2022,Cauca,2022-06-20,1,2022-06-27,0.32261,0.43391716
123,2022,Cauca,2022-06-20,2,2022-07-04,0.90330803,0.42398256
123,2022,Cauca,2022-06-20,3,2022-07-11,0.7742639,0.41755274
123,2022,Cauca,2022-06-20,4,2022-07-18,0.516176,0.416252
123,2022,Cauca,2022-06-27,1,2022-07-04,0.90330803,0.43670768
123,2022,Cauca,2022-06-27,2,2022-07-11,0.7742639,0.42637035
123,2022,Cauca,2022-06-27,3,2022-07-18,0.516176,0.42051616
123,2022,Cauca,2022-06-27,4,2022-07-25,0.709742,0.42049745
123,2022,Cauca,2022-07-04,1,2022-07-11,0.7742639,0.39997503
123,2022,Cauca,2022-07-04,2,2022-07-18,0.516176,0.38940418
123,2022,Cauca,2022-07-04,3,2022-07-25,0.709742,0.38348043
123,2022,Cauca,2022-07-04,4,2022-08-01,0.580698,0.38372305
123,2022,Cauca,2022-07-11,1,2022-07-18,0.516176,0.4114441
123,2022,Cauca,2022-07-11,2,2022-07-25,0.709742,0.40171394
123,2022,Cauca,2022-07-11,3,2022-08-01,0.580698,0.39604685
123,2022,Cauca,2022-07-11,4,2022-08-08,0.64522,0.39959
123,2022,Cauca,2022-07-18,1,2022-07-25,0.709742,0.41420573
123,2022,Cauca,2022-07-18,2,2022-08-01,0.580698,0.4061656
123,2022,Cauca,2022-07-18,3,2022-08-08,0.64522,0.4006424
123,2022,Cauca,2022-07-18,4,2022-08-15,0.193566,0.40771264
123,2022,Cauca,2022-07-25,1,2022-08-01,0.580698,0.40206003
123,2022,Cauca,2022-07-25,2,2022-08-08,0.64522,0.3946521
123,2022,Cauca,2022-07-25,3,2022-08-15,0.193566,0.38918486
123,2022,Cauca,2022-07-25,4,2022-08-22,0.451654,0.3956131
123,2022,Cauca,2022-08-01,1,2022-08-08,0.64522,0.3753212
123,2022,Cauca,2022-08-01,2,2022-08-15,0.193566,0.3675713
123,2022,Cauca,2022-08-01,3,2022-08-22,0.451654,0.36174905
123,2022,Cauca,2022-08-01,4,2022-08-29,0.451654,0.3666534
123,2022,Cauca,2022-08-08,1,2022-08-15,0.193566,0.36091202
123,2022,Cauca,2022-08-08,2,2022-08-22,0.451654,0.35261425
123,2022,Cauca,2022-08-08,3,2022-08-29,0.451654,0.3466685
123,2022,Cauca,2022-08-08,4,2022-09-05,0.258088,0.35082084
123,2022,Cauca,2022-08-15,1,2022-08-22,0.451654,0.3699841
123,2022,Cauca,2022-08-15,2,2022-08-29,0.451654,0.3618114
123,2022,Cauca,2022-08-15,3,2022-09-05,0.258088,0.356225
123,2022,Cauca,2022-08-15,4,2022-09-12,0.7742639,0.3611767
123,2022,Cauca,2022-08-22,1,2022-08-29,0.451654,0.3379627
123,2022,Cauca,2022-08-22,2,2022-09-05,0.258088,0.32893848
123,2022,Cauca,2022-08-22,3,2022-09-12,0.7742639,0.32351837
123,2022,Cauca,2022-08-22,4,2022-09-19,1.032352,0.32586128
123,2022,Cauca,2022-08-29,1,2022-09-05,0.258088,0.3252746
123,2022,Cauca,2022-08-29,2,2022-09-12,0.7742639,0.31536084
123,2022,Cauca,2022-08-29,3,2022-09-19,1.032352,0.31062618
123,2022,Cauca,2022-08-29,4,2022-09-26,0.7742639,0.3112343
123,2022,Cauca,2022-09-05,1,2022-09-12,0.7742639,0.3222299
123,2022,Cauca,2022-09-05,2,2022-09-19,1.032352,0.31330872
123,2022,Cauca,2022-09-05,3,2022-09-26,0.7742639,0.3096992
123,2022,Cauca,2022-09-05,4,2022-10-03,0.580698,0.31161237
123,2022,Cauca,2022-09-12,1,2022-09-19,1.032352,0.30497822
123,2022,Cauca,2022-09-12,2,2022-09-26,0.7742639,0.29706052
123,2022,Cauca,2022-09-12,3,2022-10-03,0.580698,0.2948595
123,2022,Cauca,2022-09-12,4,2022-10-10,0.451654,0.2955292
123,2022,Cauca,2022-09-19,1,2022-09-26,0.7742639,0.3298373
123,2022,Cauca,2022-09-19,2,2022-10-03,0.580698,0.32331875
123,2022,Cauca,2022-09-19,3,2022-10-10,0.451654,0.32113427
123,2022,Cauca,2022-09-19,4,2022-10-17,0.32261,0.3262771
123,2022,Cauca,2022-09-26,1,2022-10-03,0.580698,0.39846814
123,2022,Cauca,2022-09-26,2,2022-10-10,0.451654,0.39457256
123,2022,Cauca,2022-09-26,3,2022-10-17,0.32261,0.39150992
123,2022,Cauca,2022-09-26,4,2022-10-24,1.096874,0.40476215
123,2022,Cauca,2022-10-03,1,2022-10-10,0.451654,0.4550536
123,2022,Cauca,2022-10-03,2,2022-10-17,0.32261,0.4527005
123,2022,Cauca,2022-10-03,3,2022-10-24,1.096874,0.4501198
123,2022,Cauca,2022-10-03,4,2022-10-31,1.93566,0.46524584
123,2022,Cauca,2022-10-10,1,2022-10-17,0.32261,0.43973616
123,2022,Cauca,2022-10-10,2,2022-10-24,1.096874,0.43608174
123,2022,Cauca,2022-10-10,3,2022-10-31,1.93566,0.4323892
123,2022,Cauca,2022-10-10,4,2022-11-07,0.7742639,0.4435227
123,2022,Cauca,2022-10-17,1,2022-10-24,1.096874,0.41517282
123,2022,Cauca,2022-10-17,2,2022-10-31,1.93566,0.41020116
123,2022,Cauca,2022-10-17,3,2022-11-07,0.7742639,0.4062169
123,2022,Cauca,2022-10-17,4,2022-11-14,0.7742639,0.4133129
123,2022,Cauca,2022-10-24,1,2022-10-31,1.93566,0.36660105
123,2022,Cauca,2022-10-24,2,2022-11-07,0.7742639,0.3592545
123,2022,Cauca,2022-10-24,3,2022-11-14,0.7742639,0.35434192
123,2022,Cauca,2022-10-24,4,2022-11-21,1.29044,0.3579528
123,2022,Cauca,2022-10-31,1,2022-11-07,0.7742639,0.3648001
123,2022,Cauca,2022-10-31,2,2022-11-14,0.7742639,0.35479072
123,2022,Cauca,2022-10-31,3,2022-11-21,1.29044,0.34927735
123,2022,Cauca,2022-10-31,4,2022-11-28,0.32261,0.3522948
123,2022,Cauca,2022-11-07,1,2022-11-14,0.7742639,0.5001814
123,2022,Cauca,2022-11-07,2,2022-11-21,1.29044,0.49075454
123,2022,Cauca,2022-11-07,3,2022-11-28,0.32261,0.4858767
123,2022,Cauca,2022-11-07,4,2022-12-05,0.32261,0.49759594
123,2022,Cauca,2022-11-14,1,2022-11-21,1.29044,0.5847506
123,2022,Cauca,2022-11-14,2,2022-11-28,0.32261,0.5760757
123,2022,Cauca,2022-11-14,3,2022-12-05,0.32261,0.5718583
123,2022,Cauca,2022-11-14,4,2022-12-12,1.096874,0.58752227
123,2022,Cauca,2022-11-21,1,2022-11-28,0.32261,0.61304486
123,2022,Cauca,2022-11-21,2,2022-12-05,0.32261,0.6025223
123,2022,Cauca,2022-11-21,3,2022-12-12,1.096874,0.5961716
123,2022,Cauca,2022-11-21,4,2022-12-19,1.29044,0.60906976
123,2022,Cauca,2022-11-28,1,2022-12-05,0.32261,0.74074376
123,2022,Cauca,2022-11-28,2,2022-12-12,1.096874,0.7295154
123,2022,Cauca,2022-11-28,3,2022-12-19,1.29044,0.7275292
123,2022,Cauca,2022-11-28,4,2022-12-26,0.709742,0.74435866
123,2022,Cesar,2022-02-21,1,2022-02-28,2.4650562,2.46643
123,2022,Cesar,2022-02-21,2,2022-03-07,2.247551,2.4431245
123,2022,Cesar,2022-02-21,3,2022-03-14,2.7550626,2.4473171
123,2022,Cesar,2022-02-21,4,2022-03-21,3.5525806,2.4466321
123,2022,Cesar,2022-02-28,1,2022-03-07,2.247551,2.3984835
123,2022,Cesar,2022-02-28,2,2022-03-14,2.7550626,2.3728878
123,2022,Cesar,2022-02-28,3,2022-03-21,3.5525806,2.378457
123,2022,Cesar,2022-02-28,4,2022-03-28,2.247551,2.381099
123,2022,Cesar,2022-03-07,1,2022-03-14,2.7550626,2.3482885
123,2022,Cesar,2022-03-07,2,2022-03-21,3.5525806,2.322408
123,2022,Cesar,2022-03-07,3,2022-03-28,2.247551,2.3317761
123,2022,Cesar,2022-03-07,4,2022-04-04,2.9000661,2.3376408
123,2022,Cesar,2022-03-14,1,2022-03-21,3.5525806,2.1578536
123,2022,Cesar,2022-03-14,2,2022-03-28,2.247551,2.1207113
123,2022,Cesar,2022-03-14,3,2022-04-04,2.9000661,2.1249883
123,2022,Cesar,2022-03-14,4,2022-04-11,1.8125411,2.1382668
123,2022,Cesar,2022-03-21,1,2022-03-28,2.247551,2.4388561
123,2022,Cesar,2022-03-21,2,2022-04-04,2.9000661,2.4405947
123,2022,Cesar,2022-03-21,3,2022-04-11,1.8125411,2.4773471
123,2022,Cesar,2022-03-21,4,2022-04-18,2.6100593,2.4880233
123,2022,Cesar,2022-03-28,1,2022-04-04,2.9000661,3.2548182
123,2022,Cesar,2022-03-28,2,2022-04-11,1.8125411,3.2984483
123,2022,Cesar,2022-03-28,3,2022-04-18,2.6100593,3.3472137
123,2022,Cesar,2022-03-28,4,2022-04-25,3.3350756,3.3483193
123,2022,Cesar,2022-04-04,1,2022-04-11,1.8125411,3.1462262
123,2022,Cesar,2022-04-04,2,2022-04-18,2.6100593,3.1671278
123,2022,Cesar,2022-04-04,3,2022-04-25,3.3350756,3.2150278
123,2022,Cesar,2022-04-04,4,2022-05-02,3.4075775,3.2235548
123,2022,Cesar,2022-04-11,1,2022-04-18,2.6100593,3.084762
123,2022,Cesar,2022-04-11,2,2022-04-25,3.3350756,3.1080208
123,2022,Cesar,2022-04-11,3,2022-05-02,3.4075775,3.1625774
123,2022,Cesar,2022-04-11,4,2022-05-09,6.090138,3.1741703
123,2022,Cesar,2022-04-18,1,2022-04-25,3.3350756,2.894973
123,2022,Cesar,2022-04-18,2,2022-05-02,3.4075775,2.9216108
123,2022,Cesar,2022-04-18,3,2022-05-09,6.090138,2.9854648
123,2022,Cesar,2022-04-18,4,2022-05-16,4.7126074,3.0027223
123,2022,Cesar,2022-04-25,1,2022-05-02,3.4075775,3.1787024
123,2022,Cesar,2022-04-25,2,2022-05-09,6.090138,3.226911
123,2022,Cesar,2022-04-25,3,2022-05-16,4.7126074,3.3006508
123,2022,Cesar,2022-04-25,4,2022-05-23,3.9875903,3.3162177
123,2022,Cesar,2022-05-02,1,2022-05-09,6.090138,3.6443655
123,2022,Cesar,2022-05-02,2,2022-05-16,4.7126074,3.7082505
123,2022,Cesar,2022-05-02,3,2022-05-23,3.9875903,3.7861907
123,2022,Cesar,2022-05-02,4,2022-05-30,4.205096,3.798575
123,2022,Cesar,2022-05-09,1,2022-05-16,4.7126074,4.2323475
123,2022,Cesar,2022-05-09,2,2022-05-23,3.9875903,4.3195734
123,2022,Cesar,2022-05-09,3,2022-05-30,4.205096,4.40138
123,2022,Cesar,2022-05-09,4,2022-06-06,7.250164,4.412908
123,2022,Cesar,2022-05-16,1,2022-05-23,3.9875903,6.0397854
123,2022,Cesar,2022-05-16,2,2022-05-30,4.205096,6.234943
123,2022,Cesar,2022-05-16,3,2022-06-06,7.250164,6.320799
123,2022,Cesar,2022-05-16,4,2022-06-13,5.2201185,6.3010674
123,2022,Cesar,2022-05-23,1,2022-05-30,4.205096,6.216484
123,2022,Cesar,2022-05-23,2,2022-06-06,7.250164,6.327231
123,2022,Cesar,2022-05-23,3,2022-06-13,5.2201185,6.357186
123,2022,Cesar,2022-05-23,4,2022-06-20,4.350099,6.316227
123,2022,Cesar,2022-05-30,1,2022-06-06,7.250164,5.6954265
123,2022,Cesar,2022-05-30,2,2022-06-13,5.2201185,5.711344
123,2022,Cesar,2022-05-30,3,2022-06-20,4.350099,5.7103086
123,2022,Cesar,2022-05-30,4,2022-06-27,5.72763,5.6561193
123,2022,Cesar,2022-06-06,1,2022-06-13,5.2201185,5.439313
123,2022,Cesar,2022-06-06,2,2022-06-20,4.350099,5.414412
123,2022,Cesar,2022-06-06,3,2022-06-27,5.72763,5.4005346
123,2022,Cesar,2022-06-06,4,2022-07-04,5.5101256,5.3277807
123,2022,Cesar,2022-06-13,1,2022-06-20,4.350099,6.525537
123,2022,Cesar,2022-06-13,2,2022-06-27,5.72763,6.5228825
123,2022,Cesar,2022-06-13,3,2022-07-04,5.5101256,6.493857
123,2022,Cesar,2022-06-13,4,2022-07-11,7.1776624,6.3434453
123,2022,Cesar,2022-06-20,1,2022-06-27,5.72763,6.058078
123,2022,Cesar,2022-06-20,2,2022-07-04,5.5101256,5.938172
123,2022,Cesar,2022-06-20,3,2022-07-11,7.1776624,5.8566937
123,2022,Cesar,2022-06-20,4,2022-07-18,6.8151555,5.7106395
123,2022,Cesar,2022-06-27,1,2022-07-04,5.5101256,5.3804994
123,2022,Cesar,2022-06-27,2,2022-07-11,7.1776624,5.217228
123,2022,Cesar,2022-06-27,3,2022-07-18,6.8151555,5.1190143
123,2022,Cesar,2022-06-27,4,2022-07-25,5.945135,4.990102
123,2022,Cesar,2022-07-04,1,2022-07-11,7.1776624,5.358196
123,2022,Cesar,2022-07-04,2,2022-07-18,6.8151555,5.1815577
123,2022,Cesar,2022-07-04,3,2022-07-25,5.945135,5.075143
123,2022,Cesar,2022-07-04,4,2022-08-01,4.350099,4.922
123,2022,Cesar,2022-07-11,1,2022-07-18,6.8151555,5.2634215
123,2022,Cesar,2022-07-11,2,2022-07-25,5.945135,5.0736566
123,2022,Cesar,2022-07-11,3,2022-08-01,4.350099,4.957697
123,2022,Cesar,2022-07-11,4,2022-08-08,6.090138,4.800661
123,2022,Cesar,2022-07-18,1,2022-07-25,5.945135,6.1702185
123,2022,Cesar,2022-07-18,2,2022-08-01,4.350099,6.0122
123,2022,Cesar,2022-07-18,3,2022-08-08,6.090138,5.8890123
123,2022,Cesar,2022-07-18,4,2022-08-15,5.72763,5.675619
123,2022,Cesar,2022-07-25,1,2022-08-01,4.350099,6.458518
123,2022,Cesar,2022-07-25,2,2022-08-08,6.090138,6.273584
123,2022,Cesar,2022-07-25,3,2022-08-15,5.72763,6.1304083
123,2022,Cesar,2022-07-25,4,2022-08-22,5.5101256,5.90476
123,2022,Cesar,2022-08-01,1,2022-08-08,6.090138,6.0267005
123,2022,Cesar,2022-08-01,2,2022-08-15,5.72763,5.8094425
123,2022,Cesar,2022-08-01,3,2022-08-22,5.5101256,5.6534963
123,2022,Cesar,2022-08-01,4,2022-08-29,5.2201185,5.4602704
123,2022,Cesar,2022-08-08,1,2022-08-15,5.72763,4.9457912
123,2022,Cesar,2022-08-08,2,2022-08-22,5.5101256,4.729575
123,2022,Cesar,2022-08-08,3,2022-08-29,5.2201185,4.586495
123,2022,Cesar,2022-08-08,4,2022-09-05,5.437624,4.4572268
123,2022,Cesar,2022-08-15,1,2022-08-22,5.5101256,5.3925447
123,2022,Cesar,2022-08-15,2,2022-08-29,5.2201185,5.229734
123,2022,Cesar,2022-08-15,3,2022-09-05,5.437624,5.104856
123,2022,Cesar,2022-08-15,4,2022-09-12,5.6551285,4.943761
123,2022,Cesar,2022-08-22,1,2022-08-29,5.2201185,5.6281695
123,2022,Cesar,2022-08-22,2,2022-09-05,5.437624,5.468428
123,2022,Cesar,2022-08-22,3,2022-09-12,5.6551285,5.3451543
123,2022,Cesar,2022-08-22,4,2022-09-19,4.5676036,5.177001
123,2022,Cesar,2022-08-29,1,2022-09-05,5.437624,5.333789
123,2022,Cesar,2022-08-29,2,2022-09-12,5.6551285,5.1692686
123,2022,Cesar,2022-08-29,3,2022-09-19,4.5676036,5.045788
123,2022,Cesar,2022-08-29,4,2022-09-26,5.945135,4.902998
123,2022,Cesar,2022-09-05,1,2022-09-12,5.6551285,5.2666125
123,2022,Cesar,2022-09-05,2,2022-09-19,4.5676036,5.117195
123,2022,Cesar,2022-09-05,3,2022-09-26,5.945135,4.99996
123,2022,Cesar,2022-09-05,4,2022-10-03,4.277597,4.8650866
123,2022,Cesar,2022-09-12,1,2022-09-19,4.5676036,5.4101048
123,2022,Cesar,2022-09-12,2,2022-09-26,5.945135,5.2753067
123,2022,Cesar,2022-09-12,3,2022-10-03,4.277597,5.160358
123,2022,Cesar,2022-09-12,4,2022-10-10,4.85761,5.022474
123,2022,Cesar,2022-09-19,1,2022-09-26,5.945135,5.5437117
123,2022,Cesar,2022-09-19,2,2022-10-03,4.277597,5.414214
123,2022,Cesar,2022-09-19,3,2022-10-10,4.85761,5.297465
123,2022,Cesar,2022-09-19,4,2022-10-17,5.437624,5.1579475
123,2022,Cesar,2022-09-26,1,2022-10-03,4.277597,5.2254467
123,2022,Cesar,2022-09-26,2,2022-10-10,4.85761,5.0933623
123,2022,Cesar,2022-09-26,3,2022-10-17,5.437624,4.9809995
123,2022,Cesar,2022-09-26,4,2022-10-24,4.350099,4.866046
123,2022,Cesar,2022-10-03,1,2022-10-10,4.85761,5.700685
123,2022,Cesar,2022-10-03,2,2022-10-17,5.437624,5.603456
123,2022,Cesar,2022-10-03,3,2022-10-24,4.350099,5.499763
123,2022,Cesar,2022-10-03,4,2022-10-31,4.205096,5.363625
123,2022,Cesar,2022-10-10,1,2022-10-17,5.437624,5.261565
123,2022,Cesar,2022-10-10,2,2022-10-24,4.350099,5.1416645
123,2022,Cesar,2022-10-10,3,2022-10-31,4.205096,5.034318
123,2022,Cesar,2022-10-10,4,2022-11-07,4.4226003,4.9264116
123,2022,Cesar,2022-10-17,1,2022-10-24,4.350099,5.0840697
123,2022,Cesar,2022-10-17,2,2022-10-31,4.205096,4.972592
123,2022,Cesar,2022-10-17,3,2022-11-07,4.4226003,4.870802
123,2022,Cesar,2022-10-17,4,2022-11-14,4.205096,4.769307
123,2022,Cesar,2022-10-24,1,2022-10-31,4.205096,5.227696
123,2022,Cesar,2022-10-24,2,2022-11-07,4.4226003,5.126753
123,2022,Cesar,2022-10-24,3,2022-11-14,4.205096,5.026899
123,2022,Cesar,2022-10-24,4,2022-11-21,4.785109,4.918467
123,2022,Cesar,2022-10-31,1,2022-11-07,4.4226003,4.953528
123,2022,Cesar,2022-10-31,2,2022-11-14,4.205096,4.842753
123,2022,Cesar,2022-10-31,3,2022-11-21,4.785109,4.742222
123,2022,Cesar,2022-10-31,4,2022-11-28,2.8275642,4.647415
123,2022,Cesar,2022-11-07,1,2022-11-14,4.205096,4.7212477
123,2022,Cesar,2022-11-07,2,2022-11-21,4.785109,4.6151166
123,2022,Cesar,2022-11-07,3,2022-11-28,2.8275642,4.5199933
123,2022,Cesar,2022-11-07,4,2022-12-05,4.277597,4.4338274
123,2022,Cesar,2022-11-14,1,2022-11-21,4.785109,4.737674
123,2022,Cesar,2022-11-14,2,2022-11-28,2.8275642,4.642562
123,2022,Cesar,2022-11-14,3,2022-12-05,4.277597,4.552954
123,2022,Cesar,2022-11-14,4,2022-12-12,3.915089,4.464824
123,2022,Cesar,2022-11-21,1,2022-11-28,2.8275642,4.6428814
123,2022,Cesar,2022-11-21,2,2022-12-05,4.277597,4.545632
123,2022,Cesar,2022-11-21,3,2022-12-12,3.915089,4.457871
123,2022,Cesar,2022-11-21,4,2022-12-19,3.7700856,4.3729935
123,2022,Cesar,2022-11-28,1,2022-12-05,4.277597,4.945471
123,2022,Cesar,2022-11-28,2,2022-12-12,3.915089,4.8671613
123,2022,Cesar,2022-11-28,3,2022-12-19,3.7700856,4.7819505
123,2022,Cesar,2022-11-28,4,2022-12-26,2.0300462,4.6875577
123,2022,Choco,2022-02-21,1,2022-02-28,1.9222099,1.0964909
123,2022,Choco,2022-02-21,2,2022-03-07,1.3979708,1.086133
123,2022,Choco,2022-02-21,3,2022-03-14,0.69898546,1.0894032
123,2022,Choco,2022-02-21,4,2022-03-21,1.7474636,1.0756434
123,2022,Choco,2022-02-28,1,2022-03-07,1.3979708,1.1258335
123,2022,Choco,2022-02-28,2,2022-03-14,0.69898546,1.1091919
123,2022,Choco,2022-02-28,3,2022-03-21,1.7474636,1.1190125
123,2022,Choco,2022-02-28,4,2022-03-28,2.096956,1.1067982
123,2022,Choco,2022-03-07,1,2022-03-14,0.69898546,1.1826991
123,2022,Choco,2022-03-07,2,2022-03-21,1.7474636,1.1606121
123,2022,Choco,2022-03-07,3,2022-03-28,2.096956,1.173337
123,2022,Choco,2022-03-07,4,2022-04-04,1.0484781,1.1633899
123,2022,Choco,2022-03-14,1,2022-03-21,1.7474636,1.1632376
123,2022,Choco,2022-03-14,2,2022-03-28,2.096956,1.1360817
123,2022,Choco,2022-03-14,3,2022-04-04,1.0484781,1.1465404
123,2022,Choco,2022-03-14,4,2022-04-11,1.7474636,1.136975
123,2022,Choco,2022-03-21,1,2022-03-28,2.096956,1.0692519
123,2022,Choco,2022-03-21,2,2022-04-04,1.0484781,1.0450227
123,2022,Choco,2022-03-21,3,2022-04-11,1.7474636,1.0494668
123,2022,Choco,2022-03-21,4,2022-04-18,3.1454344,1.0422173
123,2022,Choco,2022-03-28,1,2022-04-04,1.0484781,1.0977998
123,2022,Choco,2022-03-28,2,2022-04-11,1.7474636,1.0784181
123,2022,Choco,2022-03-28,3,2022-04-18,3.1454344,1.0853076
123,2022,Choco,2022-03-28,4,2022-04-25,0.87373185,1.086275
123,2022,Choco,2022-04-04,1,2022-04-11,1.7474636,1.2156473
123,2022,Choco,2022-04-04,2,2022-04-18,3.1454344,1.2055898
123,2022,Choco,2022-04-04,3,2022-04-25,0.87373185,1.2109569
123,2022,Choco,2022-04-04,4,2022-05-02,2.7959416,1.2261635
123,2022,Choco,2022-04-11,1,2022-04-18,3.1454344,1.2068726
123,2022,Choco,2022-04-11,2,2022-04-25,0.87373185,1.195416
123,2022,Choco,2022-04-11,3,2022-05-02,2.7959416,1.2021668
123,2022,Choco,2022-04-11,4,2022-05-09,2.096956,1.2130934
123,2022,Choco,2022-04-18,1,2022-04-25,0.87373185,1.2467352
123,2022,Choco,2022-04-18,2,2022-05-02,2.7959416,1.23372
123,2022,Choco,2022-04-18,3,2022-05-09,2.096956,1.2405201
123,2022,Choco,2022-04-18,4,2022-05-16,1.5727172,1.249277
123,2022,Choco,2022-04-25,1,2022-05-02,2.7959416,1.4276042
123,2022,Choco,2022-04-25,2,2022-05-09,2.096956,1.4206896
123,2022,Choco,2022-04-25,3,2022-05-16,1.5727172,1.4211799
123,2022,Choco,2022-04-25,4,2022-05-23,2.096956,1.448253
123,2022,Choco,2022-05-02,1,2022-05-09,2.096956,1.2784934
123,2022,Choco,2022-05-02,2,2022-05-16,1.5727172,1.2582083
123,2022,Choco,2022-05-02,3,2022-05-23,2.096956,1.2571853
123,2022,Choco,2022-05-02,4,2022-05-30,3.1454344,1.2629838
123,2022,Choco,2022-05-09,1,2022-05-16,1.5727172,1.3645012
123,2022,Choco,2022-05-09,2,2022-05-23,2.096956,1.3466607
123,2022,Choco,2022-05-09,3,2022-05-30,3.1454344,1.3460113
123,2022,Choco,2022-05-09,4,2022-06-06,2.4464488,1.3600309
123,2022,Choco,2022-05-16,1,2022-05-23,2.096956,1.3536617
123,2022,Choco,2022-05-16,2,2022-05-30,3.1454344,1.329673
123,2022,Choco,2022-05-16,3,2022-06-06,2.4464488,1.3274629
123,2022,Choco,2022-05-16,4,2022-06-13,3.320181,1.3376552
123,2022,Choco,2022-05-23,1,2022-05-30,3.1454344,1.2651714
123,2022,Choco,2022-05-23,2,2022-06-06,2.4464488,1.2356048
123,2022,Choco,2022-05-23,3,2022-06-13,3.320181,1.2334126
123,2022,Choco,2022-05-23,4,2022-06-20,4.0191665,1.2298528
123,2022,Choco,2022-05-30,1,2022-06-06,2.4464488,1.263445
123,2022,Choco,2022-05-30,2,2022-06-13,3.320181,1.2317358
123,2022,Choco,2022-05-30,3,2022-06-20,4.0191665,1.2301546
123,2022,Choco,2022-05-30,4,2022-06-27,2.7959416,1.226492
123,2022,Choco,2022-06-06,1,2022-06-13,3.320181,1.4501677
123,2022,Choco,2022-06-06,2,2022-06-20,4.0191665,1.4225819
123,2022,Choco,2022-06-06,3,2022-06-27,2.7959416,1.4154772
123,2022,Choco,2022-06-06,4,2022-07-04,3.8444197,1.4280387
123,2022,Choco,2022-06-13,1,2022-06-20,4.0191665,1.5154203
123,2022,Choco,2022-06-13,2,2022-06-27,2.7959416,1.4835142
123,2022,Choco,2022-06-13,3,2022-07-04,3.8444197,1.4720639
123,2022,Choco,2022-06-13,4,2022-07-11,5.9413757,1.4869498
123,2022,Choco,2022-06-20,1,2022-06-27,2.7959416,1.6029747
123,2022,Choco,2022-06-20,2,2022-07-04,3.8444197,1.5712763
123,2022,Choco,2022-06-20,3,2022-07-11,5.9413757,1.5572906
123,2022,Choco,2022-06-20,4,2022-07-18,4.1939125,1.5798578
123,2022,Choco,2022-06-27,1,2022-07-04,3.8444197,1.8351581
123,2022,Choco,2022-06-27,2,2022-07-11,5.9413757,1.800154
123,2022,Choco,2022-06-27,3,2022-07-18,4.1939125,1.7805465
123,2022,Choco,2022-06-27,4,2022-07-25,4.1939125,1.8074902
123,2022,Choco,2022-07-04,1,2022-07-11,5.9413757,1.7722898
123,2022,Choco,2022-07-04,2,2022-07-18,4.1939125,1.731316
123,2022,Choco,2022-07-04,3,2022-07-25,4.1939125,1.7094115
123,2022,Choco,2022-07-04,4,2022-08-01,1.3979708,1.7372603
123,2022,Choco,2022-07-11,1,2022-07-18,4.1939125,1.8822819
123,2022,Choco,2022-07-11,2,2022-07-25,4.1939125,1.8408865
123,2022,Choco,2022-07-11,3,2022-08-01,1.3979708,1.8211024
123,2022,Choco,2022-07-11,4,2022-08-08,4.892898,1.8438241
123,2022,Choco,2022-07-18,1,2022-07-25,4.1939125,2.433843
123,2022,Choco,2022-07-18,2,2022-08-01,1.3979708,2.397587
123,2022,Choco,2022-07-18,3,2022-08-08,4.892898,2.3700643
123,2022,Choco,2022-07-18,4,2022-08-15,1.9222099,2.3757591
123,2022,Choco,2022-07-25,1,2022-08-01,1.3979708,2.5531347
123,2022,Choco,2022-07-25,2,2022-08-08,4.892898,2.5044937
123,2022,Choco,2022-07-25,3,2022-08-15,1.9222099,2.4718692
123,2022,Choco,2022-07-25,4,2022-08-22,2.6211953,2.4722414
123,2022,Choco,2022-08-01,1,2022-08-08,4.892898,2.4840524
123,2022,Choco,2022-08-01,2,2022-08-15,1.9222099,2.4280927
123,2022,Choco,2022-08-01,3,2022-08-22,2.6211953,2.3974829
123,2022,Choco,2022-08-01,4,2022-08-29,3.1454344,2.3959548
123,2022,Choco,2022-08-08,1,2022-08-15,1.9222099,1.9411929
123,2022,Choco,2022-08-08,2,2022-08-22,2.6211953,1.8703332
123,2022,Choco,2022-08-08,3,2022-08-29,3.1454344,1.8248507
123,2022,Choco,2022-08-08,4,2022-09-05,4.0191665,1.8281287
123,2022,Choco,2022-08-15,1,2022-08-22,2.6211953,2.1650217
123,2022,Choco,2022-08-15,2,2022-08-29,3.1454344,2.1043727
123,2022,Choco,2022-08-15,3,2022-09-05,4.0191665,2.0745556
123,2022,Choco,2022-08-15,4,2022-09-12,4.0191665,2.0773065
123,2022,Choco,2022-08-22,1,2022-08-29,3.1454344,1.8795493
123,2022,Choco,2022-08-22,2,2022-09-05,4.0191665,1.8096665
123,2022,Choco,2022-08-22,3,2022-09-12,4.0191665,1.7748466
123,2022,Choco,2022-08-22,4,2022-09-19,2.4464488,1.7688723
123,2022,Choco,2022-08-29,1,2022-09-05,4.0191665,1.6879292
123,2022,Choco,2022-08-29,2,2022-09-12,4.0191665,1.6259196
123,2022,Choco,2022-08-29,3,2022-09-19,2.4464488,1.5921383
123,2022,Choco,2022-08-29,4,2022-09-26,3.8444197,1.5746431
123,2022,Choco,2022-09-05,1,2022-09-12,4.0191665,1.7465674
123,2022,Choco,2022-09-05,2,2022-09-19,2.4464488,1.6853647
123,2022,Choco,2022-09-05,3,2022-09-26,3.8444197,1.6592472
123,2022,Choco,2022-09-05,4,2022-10-03,2.4464488,1.6500511
123,2022,Choco,2022-09-12,1,2022-09-19,2.4464488,1.8958734
123,2022,Choco,2022-09-12,2,2022-09-26,3.8444197,1.842789
123,2022,Choco,2022-09-12,3,2022-10-03,2.4464488,1.8181119
123,2022,Choco,2022-09-12,4,2022-10-10,1.7474636,1.8294452
123,2022,Choco,2022-09-19,1,2022-09-26,3.8444197,2.0074303
123,2022,Choco,2022-09-19,2,2022-10-03,2.4464488,1.9579523
123,2022,Choco,2022-09-19,3,2022-10-10,1.7474636,1.9313133
123,2022,Choco,2022-09-19,4,2022-10-17,4.3686585,1.9458643
123,2022,Choco,2022-09-26,1,2022-10-03,2.4464488,1.7717342
123,2022,Choco,2022-09-26,2,2022-10-10,1.7474636,1.7214493
123,2022,Choco,2022-09-26,3,2022-10-17,4.3686585,1.6926242
123,2022,Choco,2022-09-26,4,2022-10-24,6.989854,1.7093285
123,2022,Choco,2022-10-03,1,2022-10-10,1.7474636,1.9068503
123,2022,Choco,2022-10-03,2,2022-10-17,4.3686585,1.8643419
123,2022,Choco,2022-10-03,3,2022-10-24,6.989854,1.8420562
123,2022,Choco,2022-10-03,4,2022-10-31,3.4949272,1.8633302
123,2022,Choco,2022-10-10,1,2022-10-17,4.3686585,1.7073512
123,2022,Choco,2022-10-10,2,2022-10-24,6.989854,1.6615806
123,2022,Choco,2022-10-10,3,2022-10-31,3.4949272,1.6362854
123,2022,Choco,2022-10-10,4,2022-11-07,3.8444197,1.6510634
123,2022,Choco,2022-10-17,1,2022-10-24,6.989854,1.4821612
123,2022,Choco,2022-10-17,2,2022-10-31,3.4949272,1.4354151
123,2022,Choco,2022-10-17,3,2022-11-07,3.8444197,1.411371
123,2022,Choco,2022-10-17,4,2022-11-14,3.320181,1.4010103
123,2022,Choco,2022-10-24,1,2022-10-31,3.4949272,1.5738896
123,2022,Choco,2022-10-24,2,2022-11-07,3.8444197,1.5285915
123,2022,Choco,2022-10-24,3,2022-11-14,3.320181,1.5106224
123,2022,Choco,2022-10-24,4,2022-11-21,2.970688,1.5118455
123,2022,Choco,2022-10-31,1,2022-11-07,3.8444197,2.3382318
123,2022,Choco,2022-10-31,2,2022-11-14,3.320181,2.3120341
123,2022,Choco,2022-10-31,3,2022-11-21,2.970688,2.287596
123,2022,Choco,2022-10-31,4,2022-11-28,3.320181,2.302315
123,2022,Choco,2022-11-07,1,2022-11-14,3.320181,2.353855
123,2022,Choco,2022-11-07,2,2022-11-21,2.970688,2.3140259
123,2022,Choco,2022-11-07,3,2022-11-28,3.320181,2.2847104
123,2022,Choco,2022-11-07,4,2022-12-05,2.2717025,2.2994199
123,2022,Choco,2022-11-14,1,2022-11-21,2.970688,2.3012671
123,2022,Choco,2022-11-14,2,2022-11-28,3.320181,2.260308
123,2022,Choco,2022-11-14,3,2022-12-05,2.2717025,2.234887
123,2022,Choco,2022-11-14,4,2022-12-12,4.1939125,2.2483113
123,2022,Choco,2022-11-21,1,2022-11-28,3.320181,2.2648246
123,2022,Choco,2022-11-21,2,2022-12-05,2.2717025,2.223657
123,2022,Choco,2022-11-21,3,2022-12-12,4.1939125,2.2031872
123,2022,Choco,2022-11-21,4,2022-12-19,9.261558,2.2138247
123,2022,Choco,2022-11-28,1,2022-12-05,2.2717025,2.2959468
123,2022,Choco,2022-11-28,2,2022-12-12,4.1939125,2.26162
123,2022,Choco,2022-11-28,3,2022-12-19,9.261558,2.244733
123,2022,Choco,2022-11-28,4,2022-12-26,3.4949272,2.255487
123,2022,Cordoba,2022-02-21,1,2022-02-28,1.7729183,2.1256328
123,2022,Cordoba,2022-02-21,2,2022-03-07,1.9293522,2.0799654
123,2022,Cordoba,2022-02-21,3,2022-03-14,2.1379309,2.0586138
123,2022,Cordoba,2022-02-21,4,2022-03-21,2.0857863,2.06615
123,2022,Cordoba,2022-02-28,1,2022-03-07,1.9293522,1.8130511
123,2022,Cordoba,2022-02-28,2,2022-03-14,2.1379309,1.7670298
123,2022,Cordoba,2022-02-28,3,2022-03-21,2.0857863,1.7406778
123,2022,Cordoba,2022-02-28,4,2022-03-28,1.668629,1.733319
123,2022,Cordoba,2022-03-07,1,2022-03-14,2.1379309,1.5484391
123,2022,Cordoba,2022-03-07,2,2022-03-21,2.0857863,1.5064787
123,2022,Cordoba,2022-03-07,3,2022-03-28,1.668629,1.4846315
123,2022,Cordoba,2022-03-07,4,2022-04-04,1.8250631,1.4562014
123,2022,Cordoba,2022-03-14,1,2022-03-21,2.0857863,1.3788154
123,2022,Cordoba,2022-03-14,2,2022-03-28,1.668629,1.3395458
123,2022,Cordoba,2022-03-14,3,2022-04-04,1.8250631,1.327814
123,2022,Cordoba,2022-03-14,4,2022-04-11,1.6164844,1.293457
123,2022,Cordoba,2022-03-21,1,2022-03-28,1.668629,1.5526667
123,2022,Cordoba,2022-03-21,2,2022-04-04,1.8250631,1.5184819
123,2022,Cordoba,2022-03-21,3,2022-04-11,1.6164844,1.5178163
123,2022,Cordoba,2022-03-21,4,2022-04-18,2.4507987,1.5015103
123,2022,Cordoba,2022-03-28,1,2022-04-04,1.8250631,1.7839342
123,2022,Cordoba,2022-03-28,2,2022-04-11,1.6164844,1.7648137
123,2022,Cordoba,2022-03-28,3,2022-04-18,2.4507987,1.7682745
123,2022,Cordoba,2022-03-28,4,2022-04-25,3.02439,1.7833279
123,2022,Cordoba,2022-04-04,1,2022-04-11,1.6164844,1.8411168
123,2022,Cordoba,2022-04-04,2,2022-04-18,2.4507987,1.825503
123,2022,Cordoba,2022-04-04,3,2022-04-25,3.02439,1.8304979
123,2022,Cordoba,2022-04-04,4,2022-05-02,2.294365,1.8563002
123,2022,Cordoba,2022-04-11,1,2022-04-18,2.4507987,1.8548357
123,2022,Cordoba,2022-04-11,2,2022-04-25,3.02439,1.8432148
123,2022,Cordoba,2022-04-11,3,2022-05-02,2.294365,1.852545
123,2022,Cordoba,2022-04-11,4,2022-05-09,3.076535,1.8837048
123,2022,Cordoba,2022-04-18,1,2022-04-25,3.02439,1.9452404
123,2022,Cordoba,2022-04-18,2,2022-05-02,2.294365,1.9432594
123,2022,Cordoba,2022-04-18,3,2022-05-09,3.076535,1.9615932
123,2022,Cordoba,2022-04-18,4,2022-05-16,4.58873,2.0043266
123,2022,Cordoba,2022-04-25,1,2022-05-02,2.294365,2.2967927
123,2022,Cordoba,2022-04-25,2,2022-05-09,3.076535,2.3287284
123,2022,Cordoba,2022-04-25,3,2022-05-16,4.58873,2.3613827
123,2022,Cordoba,2022-04-25,4,2022-05-23,4.2237167,2.404394
123,2022,Cordoba,2022-05-02,1,2022-05-09,3.076535,2.8078656
123,2022,Cordoba,2022-05-02,2,2022-05-16,4.58873,2.8477407
123,2022,Cordoba,2022-05-02,3,2022-05-23,4.2237167,2.8810508
123,2022,Cordoba,2022-05-02,4,2022-05-30,4.7451644,2.9166996
123,2022,Cordoba,2022-05-09,1,2022-05-16,4.58873,2.9319375
123,2022,Cordoba,2022-05-09,2,2022-05-23,4.2237167,2.9617038
123,2022,Cordoba,2022-05-09,3,2022-05-30,4.7451644,2.9938602
123,2022,Cordoba,2022-05-09,4,2022-06-06,4.432296,3.0256436
123,2022,Cordoba,2022-05-16,1,2022-05-23,4.2237167,3.1471095
123,2022,Cordoba,2022-05-16,2,2022-05-30,4.7451644,3.1736946
123,2022,Cordoba,2022-05-16,3,2022-06-06,4.432296,3.204095
123,2022,Cordoba,2022-05-16,4,2022-06-13,3.180824,3.22749
123,2022,Cordoba,2022-05-23,1,2022-05-30,4.7451644,3.8682852
123,2022,Cordoba,2022-05-23,2,2022-06-06,4.432296,3.9091249
123,2022,Cordoba,2022-05-23,3,2022-06-13,3.180824,3.9303372
123,2022,Cordoba,2022-05-23,4,2022-06-20,2.7115223,3.9363558
123,2022,Cordoba,2022-05-30,1,2022-06-06,4.432296,4.398986
123,2022,Cordoba,2022-05-30,2,2022-06-13,3.180824,4.430973
123,2022,Cordoba,2022-05-30,3,2022-06-20,2.7115223,4.439596
123,2022,Cordoba,2022-05-30,4,2022-06-27,3.2851133,4.4278107
123,2022,Cordoba,2022-06-06,1,2022-06-13,3.180824,4.855968
123,2022,Cordoba,2022-06-06,2,2022-06-20,2.7115223,4.8774614
123,2022,Cordoba,2022-06-06,3,2022-06-27,3.2851133,4.872015
123,2022,Cordoba,2022-06-06,4,2022-07-04,5.5794783,4.8392134
123,2022,Cordoba,2022-06-13,1,2022-06-20,2.7115223,4.9162726
123,2022,Cordoba,2022-06-13,2,2022-06-27,3.2851133,4.900229
123,2022,Cordoba,2022-06-13,3,2022-07-04,5.5794783,4.8789625
123,2022,Cordoba,2022-06-13,4,2022-07-11,5.475189,4.8295946
123,2022,Cordoba,2022-06-20,1,2022-06-27,3.2851133,4.1431894
123,2022,Cordoba,2022-06-20,2,2022-07-04,5.5794783,4.073088
123,2022,Cordoba,2022-06-20,3,2022-07-11,5.475189,4.0452704
123,2022,Cordoba,2022-06-20,4,2022-07-18,6.0487804,4.0048037
123,2022,Cordoba,2022-06-27,1,2022-07-04,5.5794783,3.532015
123,2022,Cordoba,2022-06-27,2,2022-07-11,5.475189,3.4583554
123,2022,Cordoba,2022-06-27,3,2022-07-18,6.0487804,3.4385567
123,2022,Cordoba,2022-06-27,4,2022-07-25,6.465937,3.4037511
123,2022,Cordoba,2022-07-04,1,2022-07-11,5.475189,3.310452
123,2022,Cordoba,2022-07-04,2,2022-07-18,6.0487804,3.2442803
123,2022,Cordoba,2022-07-04,3,2022-07-25,6.465937,3.2297266
123,2022,Cordoba,2022-07-04,4,2022-08-01,6.1009254,3.191832
123,2022,Cordoba,2022-07-11,1,2022-07-18,6.0487804,4.0049376
123,2022,Cordoba,2022-07-11,2,2022-07-25,6.465937,3.9525933
123,2022,Cordoba,2022-07-11,3,2022-08-01,6.1009254,3.9300444
123,2022,Cordoba,2022-07-11,4,2022-08-08,5.6837673,3.8637373
123,2022,Cordoba,2022-07-18,1,2022-07-25,6.465937,4.584133
123,2022,Cordoba,2022-07-18,2,2022-08-01,6.1009254,4.525326
123,2022,Cordoba,2022-07-18,3,2022-08-08,5.6837673,4.4823165
123,2022,Cordoba,2022-07-18,4,2022-08-15,5.8923464,4.3996353
123,2022,Cordoba,2022-07-25,1,2022-08-01,6.1009254,5.059602
123,2022,Cordoba,2022-07-25,2,2022-08-08,5.6837673,4.988462
123,2022,Cordoba,2022-07-25,3,2022-08-15,5.8923464,4.9218054
123,2022,Cordoba,2022-07-25,4,2022-08-22,5.735913,4.8219233
123,2022,Cordoba,2022-08-01,1,2022-08-08,5.6837673,5.3961725
123,2022,Cordoba,2022-08-01,2,2022-08-15,5.8923464,5.3053703
123,2022,Cordoba,2022-08-01,3,2022-08-22,5.735913,5.217226
123,2022,Cordoba,2022-08-01,4,2022-08-29,6.0487804,5.099745
123,2022,Cordoba,2022-08-08,1,2022-08-15,5.8923464,5.3905234
123,2022,Cordoba,2022-08-08,2,2022-08-22,5.735913,5.2726583
123,2022,Cordoba,2022-08-08,3,2022-08-29,6.0487804,5.168103
123,2022,Cordoba,2022-08-08,4,2022-09-05,5.0580316,5.0471663
123,2022,Cordoba,2022-08-15,1,2022-08-22,5.735913,5.3222857
123,2022,Cordoba,2022-08-15,2,2022-08-29,6.0487804,5.193306
123,2022,Cordoba,2022-08-15,3,2022-09-05,5.0580316,5.0850205
123,2022,Cordoba,2022-08-15,4,2022-09-12,4.0151386,4.964511
123,2022,Cordoba,2022-08-22,1,2022-08-29,6.0487804,5.4043584
123,2022,Cordoba,2022-08-22,2,2022-09-05,5.0580316,5.2748685
123,2022,Cordoba,2022-08-22,3,2022-09-12,4.0151386,5.165693
123,2022,Cordoba,2022-08-22,4,2022-09-19,3.8065603,5.0385075
123,2022,Cordoba,2022-08-29,1,2022-09-05,5.0580316,5.2711644
123,2022,Cordoba,2022-08-29,2,2022-09-12,4.0151386,5.130984
123,2022,Cordoba,2022-08-29,3,2022-09-19,3.8065603,5.0203505
123,2022,Cordoba,2022-08-29,4,2022-09-26,3.4415472,4.8988085
123,2022,Cordoba,2022-09-05,1,2022-09-12,4.0151386,5.3643026
123,2022,Cordoba,2022-09-05,2,2022-09-19,3.8065603,5.228947
123,2022,Cordoba,2022-09-05,3,2022-09-26,3.4415472,5.11717
123,2022,Cordoba,2022-09-05,4,2022-10-03,3.4415472,4.989203
123,2022,Cordoba,2022-09-12,1,2022-09-19,3.8065603,5.051472
123,2022,Cordoba,2022-09-12,2,2022-09-26,3.4415472,4.90728
123,2022,Cordoba,2022-09-12,3,2022-10-03,3.4415472,4.795664
123,2022,Cordoba,2022-09-12,4,2022-10-10,3.232969,4.6845074
123,2022,Cordoba,2022-09-19,1,2022-09-26,3.4415472,4.4814625
123,2022,Cordoba,2022-09-19,2,2022-10-03,3.4415472,4.3420615
123,2022,Cordoba,2022-09-19,3,2022-10-10,3.232969,4.2433224
123,2022,Cordoba,2022-09-19,4,2022-10-17,3.4415472,4.1579657
123,2022,Cordoba,2022-09-26,1,2022-10-03,3.4415472,4.1358113
123,2022,Cordoba,2022-09-26,2,2022-10-10,3.232969,4.016998
123,2022,Cordoba,2022-09-26,3,2022-10-17,3.4415472,3.935146
123,2022,Cordoba,2022-09-26,4,2022-10-24,3.8065603,3.8629065
123,2022,Cordoba,2022-10-03,1,2022-10-10,3.232969,3.8739898
123,2022,Cordoba,2022-10-03,2,2022-10-17,3.4415472,3.7745526
123,2022,Cordoba,2022-10-03,3,2022-10-24,3.8065603,3.70859
123,2022,Cordoba,2022-10-03,4,2022-10-31,3.4415472,3.6474864
123,2022,Cordoba,2022-10-10,1,2022-10-17,3.4415472,3.6790948
123,2022,Cordoba,2022-10-10,2,2022-10-24,3.8065603,3.5963016
123,2022,Cordoba,2022-10-10,3,2022-10-31,3.4415472,3.5434344
123,2022,Cordoba,2022-10-10,4,2022-11-07,4.0151386,3.4922082
123,2022,Cordoba,2022-10-17,1,2022-10-24,3.8065603,3.50415
123,2022,Cordoba,2022-10-17,2,2022-10-31,3.4415472,3.433986
123,2022,Cordoba,2022-10-17,3,2022-11-07,4.0151386,3.3906868
123,2022,Cordoba,2022-10-17,4,2022-11-14,2.9201007,3.3490875
123,2022,Cordoba,2022-10-24,1,2022-10-31,3.4415472,3.4707117
123,2022,Cordoba,2022-10-24,2,2022-11-07,4.0151386,3.4114122
123,2022,Cordoba,2022-10-24,3,2022-11-14,2.9201007,3.374118
123,2022,Cordoba,2022-10-24,4,2022-11-21,2.7115223,3.337078
123,2022,Cordoba,2022-10-31,1,2022-11-07,4.0151386,3.6031299
123,2022,Cordoba,2022-10-31,2,2022-11-14,2.9201007,3.553144
123,2022,Cordoba,2022-10-31,3,2022-11-21,2.7115223,3.514537
123,2022,Cordoba,2022-10-31,4,2022-11-28,3.180824,3.4773877
123,2022,Cordoba,2022-11-07,1,2022-11-14,2.9201007,3.5669515
123,2022,Cordoba,2022-11-07,2,2022-11-21,2.7115223,3.517039
123,2022,Cordoba,2022-11-07,3,2022-11-28,3.180824,3.4782283
123,2022,Cordoba,2022-11-07,4,2022-12-05,2.398654,3.446809
123,2022,Cordoba,2022-11-14,1,2022-11-21,2.7115223,3.7348526
123,2022,Cordoba,2022-11-14,2,2022-11-28,3.180824,3.6916344
123,2022,Cordoba,2022-11-14,3,2022-12-05,2.398654,3.6531081
123,2022,Cordoba,2022-11-14,4,2022-12-12,3.650126,3.619843
123,2022,Cordoba,2022-11-21,1,2022-11-28,3.180824,3.5106435
123,2022,Cordoba,2022-11-21,2,2022-12-05,2.398654,3.4603903
123,2022,Cordoba,2022-11-21,3,2022-12-12,3.650126,3.4248765
123,2022,Cordoba,2022-11-21,4,2022-12-19,2.0336416,3.4009676
123,2022,Cordoba,2022-11-28,1,2022-12-05,2.398654,3.2828684
123,2022,Cordoba,2022-11-28,2,2022-12-12,3.650126,3.236844
123,2022,Cordoba,2022-11-28,3,2022-12-19,2.0336416,3.209711
123,2022,Cordoba,2022-11-28,4,2022-12-26,3.076535,3.1930676
123,2022,Cundinamarca,2022-02-21,1,2022-02-28,0.1809091,0.12089193
123,2022,Cundinamarca,2022-02-21,2,2022-03-07,0.12060606,0.12768786
123,2022,Cundinamarca,2022-02-21,3,2022-03-14,0.09045454,0.13448219
123,2022,Cundinamarca,2022-02-21,4,2022-03-21,0.30151516,0.13434196
123,2022,Cundinamarca,2022-02-28,1,2022-03-07,0.12060606,0.10913916
123,2022,Cundinamarca,2022-02-28,2,2022-03-14,0.09045454,0.11637637
123,2022,Cundinamarca,2022-02-28,3,2022-03-21,0.30151516,0.12233892
123,2022,Cundinamarca,2022-02-28,4,2022-03-28,0.15075757,0.12292584
123,2022,Cundinamarca,2022-03-07,1,2022-03-14,0.09045454,0.10120667
123,2022,Cundinamarca,2022-03-07,2,2022-03-21,0.30151516,0.10903196
123,2022,Cundinamarca,2022-03-07,3,2022-03-28,0.15075757,0.1140957
123,2022,Cundinamarca,2022-03-07,4,2022-04-04,0.27136362,0.11465019
123,2022,Cundinamarca,2022-03-14,1,2022-03-21,0.30151516,0.095560566
123,2022,Cundinamarca,2022-03-14,2,2022-03-28,0.15075757,0.10430693
123,2022,Cundinamarca,2022-03-14,3,2022-04-04,0.27136362,0.10914118
123,2022,Cundinamarca,2022-03-14,4,2022-04-11,0.030151516,0.1099158
123,2022,Cundinamarca,2022-03-21,1,2022-03-28,0.15075757,0.0985527
123,2022,Cundinamarca,2022-03-21,2,2022-04-04,0.27136362,0.106334895
123,2022,Cundinamarca,2022-03-21,3,2022-04-11,0.030151516,0.112172574
123,2022,Cundinamarca,2022-03-21,4,2022-04-18,0.09045454,0.11348784
123,2022,Cundinamarca,2022-03-28,1,2022-04-04,0.27136362,0.10997161
123,2022,Cundinamarca,2022-03-28,2,2022-04-11,0.030151516,0.11690423
123,2022,Cundinamarca,2022-03-28,3,2022-04-18,0.09045454,0.12491044
123,2022,Cundinamarca,2022-03-28,4,2022-04-25,0.33166665,0.12833245
123,2022,Cundinamarca,2022-04-04,1,2022-04-11,0.030151516,0.12620398
123,2022,Cundinamarca,2022-04-04,2,2022-04-18,0.09045454,0.13388236
123,2022,Cundinamarca,2022-04-04,3,2022-04-25,0.33166665,0.14491534
123,2022,Cundinamarca,2022-04-04,4,2022-05-02,0.15075757,0.14738093
123,2022,Cundinamarca,2022-04-11,1,2022-04-18,0.09045454,0.14458564
123,2022,Cundinamarca,2022-04-11,2,2022-04-25,0.33166665,0.1524501
123,2022,Cundinamarca,2022-04-11,3,2022-05-02,0.15075757,0.16633432
123,2022,Cundinamarca,2022-04-11,4,2022-05-09,0.48242426,0.16635099
123,2022,Cundinamarca,2022-04-18,1,2022-04-25,0.33166665,0.1516038
123,2022,Cundinamarca,2022-04-18,2,2022-05-02,0.15075757,0.15899412
123,2022,Cundinamarca,2022-04-18,3,2022-05-09,0.48242426,0.1732106
123,2022,Cundinamarca,2022-04-18,4,2022-05-16,0.1809091,0.170969
123,2022,Cundinamarca,2022-04-25,1,2022-05-02,0.15075757,0.13491346
123,2022,Cundinamarca,2022-04-25,2,2022-05-09,0.48242426,0.14137012
123,2022,Cundinamarca,2022-04-25,3,2022-05-16,0.1809091,0.15122692
123,2022,Cundinamarca,2022-04-25,4,2022-05-23,0.12060606,0.15041244
123,2022,Cundinamarca,2022-05-02,1,2022-05-09,0.48242426,0.13965346
123,2022,Cundinamarca,2022-05-02,2,2022-05-16,0.1809091,0.14485408
123,2022,Cundinamarca,2022-05-02,3,2022-05-23,0.12060606,0.15498973
123,2022,Cundinamarca,2022-05-02,4,2022-05-30,0.3919697,0.15344074
123,2022,Cundinamarca,2022-05-09,1,2022-05-16,0.1809091,0.14169964
123,2022,Cundinamarca,2022-05-09,2,2022-05-23,0.12060606,0.14648551
123,2022,Cundinamarca,2022-05-09,3,2022-05-30,0.3919697,0.15709518
123,2022,Cundinamarca,2022-05-09,4,2022-06-06,0.2110606,0.15582931
123,2022,Cundinamarca,2022-05-16,1,2022-05-23,0.12060606,0.16802745
123,2022,Cundinamarca,2022-05-16,2,2022-05-30,0.3919697,0.17226042
123,2022,Cundinamarca,2022-05-16,3,2022-06-06,0.2110606,0.18388692
123,2022,Cundinamarca,2022-05-16,4,2022-06-13,0.1809091,0.18183531
123,2022,Cundinamarca,2022-05-23,1,2022-05-30,0.3919697,0.17649043
123,2022,Cundinamarca,2022-05-23,2,2022-06-06,0.2110606,0.18054658
123,2022,Cundinamarca,2022-05-23,3,2022-06-13,0.1809091,0.19079372
123,2022,Cundinamarca,2022-05-23,4,2022-06-20,0.15075757,0.18987335
123,2022,Cundinamarca,2022-05-30,1,2022-06-06,0.2110606,0.17664884
123,2022,Cundinamarca,2022-05-30,2,2022-06-13,0.1809091,0.18054299
123,2022,Cundinamarca,2022-05-30,3,2022-06-20,0.15075757,0.18981868
123,2022,Cundinamarca,2022-05-30,4,2022-06-27,0.15075757,0.18861118
123,2022,Cundinamarca,2022-06-06,1,2022-06-13,0.1809091,0.21184252
123,2022,Cundinamarca,2022-06-06,2,2022-06-20,0.15075757,0.21690062
123,2022,Cundinamarca,2022-06-06,3,2022-06-27,0.15075757,0.22582068
123,2022,Cundinamarca,2022-06-06,4,2022-07-04,0.1809091,0.22490393
123,2022,Cundinamarca,2022-06-13,1,2022-06-20,0.15075757,0.21827844
123,2022,Cundinamarca,2022-06-13,2,2022-06-27,0.15075757,0.22292812
123,2022,Cundinamarca,2022-06-13,3,2022-07-04,0.1809091,0.23078457
123,2022,Cundinamarca,2022-06-13,4,2022-07-11,0.24121211,0.22890577
123,2022,Cundinamarca,2022-06-20,1,2022-06-27,0.15075757,0.21537381
123,2022,Cundinamarca,2022-06-20,2,2022-07-04,0.1809091,0.21828559
123,2022,Cundinamarca,2022-06-20,3,2022-07-11,0.24121211,0.22594327
123,2022,Cundinamarca,2022-06-20,4,2022-07-18,0.27136362,0.22237477
123,2022,Cundinamarca,2022-06-27,1,2022-07-04,0.1809091,0.207478
123,2022,Cundinamarca,2022-06-27,2,2022-07-11,0.24121211,0.20920487
123,2022,Cundinamarca,2022-06-27,3,2022-07-18,0.27136362,0.21695715
123,2022,Cundinamarca,2022-06-27,4,2022-07-25,0.27136362,0.21304515
123,2022,Cundinamarca,2022-07-04,1,2022-07-11,0.24121211,0.19268155
123,2022,Cundinamarca,2022-07-04,2,2022-07-18,0.27136362,0.19271198
123,2022,Cundinamarca,2022-07-04,3,2022-07-25,0.27136362,0.19997814
123,2022,Cundinamarca,2022-07-04,4,2022-08-01,0.27136362,0.1956642
123,2022,Cundinamarca,2022-07-11,1,2022-07-18,0.27136362,0.17127495
123,2022,Cundinamarca,2022-07-11,2,2022-07-25,0.27136362,0.17107376
123,2022,Cundinamarca,2022-07-11,3,2022-08-01,0.27136362,0.17791197
123,2022,Cundinamarca,2022-07-11,4,2022-08-08,0.24121211,0.17530206
123,2022,Cundinamarca,2022-07-18,1,2022-07-25,0.27136362,0.17213911
123,2022,Cundinamarca,2022-07-18,2,2022-08-01,0.27136362,0.17149764
123,2022,Cundinamarca,2022-07-18,3,2022-08-08,0.24121211,0.17889567
123,2022,Cundinamarca,2022-07-18,4,2022-08-15,0.1809091,0.17727643
123,2022,Cundinamarca,2022-07-25,1,2022-08-01,0.27136362,0.16642807
123,2022,Cundinamarca,2022-07-25,2,2022-08-08,0.24121211,0.16571152
123,2022,Cundinamarca,2022-07-25,3,2022-08-15,0.1809091,0.17303362
123,2022,Cundinamarca,2022-07-25,4,2022-08-22,0.42212117,0.17175871
123,2022,Cundinamarca,2022-08-01,1,2022-08-08,0.24121211,0.15164703
123,2022,Cundinamarca,2022-08-01,2,2022-08-15,0.1809091,0.15187217
123,2022,Cundinamarca,2022-08-01,3,2022-08-22,0.42212117,0.15857631
123,2022,Cundinamarca,2022-08-01,4,2022-08-29,0.48242426,0.15952122
123,2022,Cundinamarca,2022-08-08,1,2022-08-15,0.1809091,0.15148978
123,2022,Cundinamarca,2022-08-08,2,2022-08-22,0.42212117,0.15190072
123,2022,Cundinamarca,2022-08-08,3,2022-08-29,0.48242426,0.15858486
123,2022,Cundinamarca,2022-08-08,4,2022-09-05,0.4522727,0.15975893
123,2022,Cundinamarca,2022-08-15,1,2022-08-22,0.42212117,0.16388026
123,2022,Cundinamarca,2022-08-15,2,2022-08-29,0.48242426,0.16379802
123,2022,Cundinamarca,2022-08-15,3,2022-09-05,0.4522727,0.1710669
123,2022,Cundinamarca,2022-08-15,4,2022-09-12,0.4522727,0.17107157
123,2022,Cundinamarca,2022-08-22,1,2022-08-29,0.48242426,0.16261108
123,2022,Cundinamarca,2022-08-22,2,2022-09-05,0.4522727,0.16249362
123,2022,Cundinamarca,2022-08-22,3,2022-09-12,0.4522727,0.16933957
123,2022,Cundinamarca,2022-08-22,4,2022-09-19,0.48242426,0.16976812
123,2022,Cundinamarca,2022-08-29,1,2022-09-05,0.4522727,0.17642388
123,2022,Cundinamarca,2022-08-29,2,2022-09-12,0.4522727,0.1751566
123,2022,Cundinamarca,2022-08-29,3,2022-09-19,0.48242426,0.18236348
123,2022,Cundinamarca,2022-08-29,4,2022-09-26,0.4522727,0.18241094
123,2022,Cundinamarca,2022-09-05,1,2022-09-12,0.4522727,0.19948149
123,2022,Cundinamarca,2022-09-05,2,2022-09-19,0.48242426,0.19806617
123,2022,Cundinamarca,2022-09-05,3,2022-09-26,0.4522727,0.20582996
123,2022,Cundinamarca,2022-09-05,4,2022-10-03,0.36181816,0.2049787
123,2022,Cundinamarca,2022-09-12,1,2022-09-19,0.48242426,0.22144982
123,2022,Cundinamarca,2022-09-12,2,2022-09-26,0.4522727,0.22152743
123,2022,Cundinamarca,2022-09-12,3,2022-10-03,0.36181816,0.22923033
123,2022,Cundinamarca,2022-09-12,4,2022-10-10,0.3919697,0.22871922
123,2022,Cundinamarca,2022-09-19,1,2022-09-26,0.4522727,0.25054
123,2022,Cundinamarca,2022-09-19,2,2022-10-03,0.36181816,0.25240546
123,2022,Cundinamarca,2022-09-19,3,2022-10-10,0.3919697,0.26104778
123,2022,Cundinamarca,2022-09-19,4,2022-10-17,0.78393936,0.261313
123,2022,Cundinamarca,2022-09-26,1,2022-10-03,0.36181816,0.28017724
123,2022,Cundinamarca,2022-09-26,2,2022-10-10,0.3919697,0.28339475
123,2022,Cundinamarca,2022-09-26,3,2022-10-17,0.78393936,0.2932761
123,2022,Cundinamarca,2022-09-26,4,2022-10-24,0.36181816,0.2963787
123,2022,Cundinamarca,2022-10-03,1,2022-10-10,0.3919697,0.3074924
123,2022,Cundinamarca,2022-10-03,2,2022-10-17,0.78393936,0.31200093
123,2022,Cundinamarca,2022-10-03,3,2022-10-24,0.36181816,0.3222841
123,2022,Cundinamarca,2022-10-03,4,2022-10-31,0.7537879,0.32911062
123,2022,Cundinamarca,2022-10-10,1,2022-10-17,0.78393936,0.30777907
123,2022,Cundinamarca,2022-10-10,2,2022-10-24,0.36181816,0.31213576
123,2022,Cundinamarca,2022-10-10,3,2022-10-31,0.7537879,0.3218989
123,2022,Cundinamarca,2022-10-10,4,2022-11-07,0.3919697,0.32812873
123,2022,Cundinamarca,2022-10-17,1,2022-10-24,0.36181816,0.30645055
123,2022,Cundinamarca,2022-10-17,2,2022-10-31,0.7537879,0.3102859
123,2022,Cundinamarca,2022-10-17,3,2022-11-07,0.3919697,0.3197483
123,2022,Cundinamarca,2022-10-17,4,2022-11-14,0.51257575,0.32470804
123,2022,Cundinamarca,2022-10-24,1,2022-10-31,0.7537879,0.34098986
123,2022,Cundinamarca,2022-10-24,2,2022-11-07,0.3919697,0.3466139
123,2022,Cundinamarca,2022-10-24,3,2022-11-14,0.51257575,0.35723072
123,2022,Cundinamarca,2022-10-24,4,2022-11-21,0.48242426,0.36848813
123,2022,Cundinamarca,2022-10-31,1,2022-11-07,0.3919697,0.3462238
123,2022,Cundinamarca,2022-10-31,2,2022-11-14,0.51257575,0.35178885
123,2022,Cundinamarca,2022-10-31,3,2022-11-21,0.48242426,0.36210278
123,2022,Cundinamarca,2022-10-31,4,2022-11-28,0.7537879,0.37342334
123,2022,Cundinamarca,2022-11-07,1,2022-11-14,0.51257575,0.38132063
123,2022,Cundinamarca,2022-11-07,2,2022-11-21,0.48242426,0.38911977
123,2022,Cundinamarca,2022-11-07,3,2022-11-28,0.7537879,0.40099975
123,2022,Cundinamarca,2022-11-07,4,2022-12-05,0.6331818,0.41588643
123,2022,Cundinamarca,2022-11-14,1,2022-11-21,0.48242426,0.40446362
123,2022,Cundinamarca,2022-11-14,2,2022-11-28,0.7537879,0.41376537
123,2022,Cundinamarca,2022-11-14,3,2022-12-05,0.6331818,0.4256158
123,2022,Cundinamarca,2022-11-14,4,2022-12-12,1.0251515,0.44154644
123,2022,Cundinamarca,2022-11-21,1,2022-11-28,0.7537879,0.43833873
123,2022,Cundinamarca,2022-11-21,2,2022-12-05,0.6331818,0.4482605
123,2022,Cundinamarca,2022-11-21,3,2022-12-12,1.0251515,0.45931122
123,2022,Cundinamarca,2022-11-21,4,2022-12-19,1.2362121,0.4763539
123,2022,Cundinamarca,2022-11-28,1,2022-12-05,0.6331818,0.48197073
123,2022,Cundinamarca,2022-11-28,2,2022-12-12,1.0251515,0.49355745
123,2022,Cundinamarca,2022-11-28,3,2022-12-19,1.2362121,0.5057834
123,2022,Cundinamarca,2022-11-28,4,2022-12-26,1.2663636,0.5241938
123,2022,Guainia,2022-02-21,1,2022-02-28,3.6278546,6.1905127
123,2022,Guainia,2022-02-21,2,2022-03-07,7.2557087,6.1045804
123,2022,Guainia,2022-02-21,3,2022-03-14,5.4417825,5.988257
123,2022,Guainia,2022-02-21,4,2022-03-21,18.139273,5.9006276
123,2022,Guainia,2022-02-28,1,2022-03-07,7.2557087,11.510991
123,2022,Guainia,2022-02-28,2,2022-03-14,5.4417825,11.803412
123,2022,Guainia,2022-02-28,3,2022-03-21,18.139273,11.712841
123,2022,Guainia,2022-02-28,4,2022-03-28,1.8139275,11.303698
123,2022,Guainia,2022-03-07,1,2022-03-14,5.4417825,6.8464127
123,2022,Guainia,2022-03-07,2,2022-03-21,18.139273,6.6582794
123,2022,Guainia,2022-03-07,3,2022-03-28,1.8139275,6.4780097
123,2022,Guainia,2022-03-07,4,2022-04-04,3.6278546,6.393171
123,2022,Guainia,2022-03-14,1,2022-03-21,18.139273,5.5275993
123,2022,Guainia,2022-03-14,2,2022-03-28,1.8139275,5.3947387
123,2022,Guainia,2022-03-14,3,2022-04-04,3.6278546,5.313069
123,2022,Guainia,2022-03-14,4,2022-04-11,1.8139275,5.272761
123,2022,Guainia,2022-03-21,1,2022-03-28,1.8139275,5.0883737
123,2022,Guainia,2022-03-21,2,2022-04-04,3.6278546,4.952912
123,2022,Guainia,2022-03-21,3,2022-04-11,1.8139275,4.9062586
123,2022,Guainia,2022-03-21,4,2022-04-18,5.4417825,4.8467073
123,2022,Guainia,2022-03-28,1,2022-04-04,3.6278546,9.18803
123,2022,Guainia,2022-03-28,2,2022-04-11,1.8139275,9.284672
123,2022,Guainia,2022-03-28,3,2022-04-18,5.4417825,9.2550745
123,2022,Guainia,2022-03-28,4,2022-04-25,5.4417825,8.972905
123,2022,Guainia,2022-04-04,1,2022-04-11,1.8139275,4.9417214
123,2022,Guainia,2022-04-04,2,2022-04-18,5.4417825,4.7372417
123,2022,Guainia,2022-04-04,3,2022-04-25,5.4417825,4.6080627
123,2022,Guainia,2022-04-04,4,2022-05-02,0.0,4.5389543
123,2022,Guainia,2022-04-11,1,2022-04-18,5.4417825,3.5540793
123,2022,Guainia,2022-04-11,2,2022-04-25,5.4417825,3.41928
123,2022,Guainia,2022-04-11,3,2022-05-02,0.0,3.3226736
123,2022,Guainia,2022-04-11,4,2022-05-09,3.6278546,3.2736785
123,2022,Guainia,2022-04-18,1,2022-04-25,5.4417825,2.3096197
123,2022,Guainia,2022-04-18,2,2022-05-02,0.0,2.1937892
123,2022,Guainia,2022-04-18,3,2022-05-09,3.6278546,2.0798068
123,2022,Guainia,2022-04-18,4,2022-05-16,1.8139275,2.0109086
123,2022,Guainia,2022-04-25,1,2022-05-02,0.0,2.7557435
123,2022,Guainia,2022-04-25,2,2022-05-09,3.6278546,2.6563103
123,2022,Guainia,2022-04-25,3,2022-05-16,1.8139275,2.5755079
123,2022,Guainia,2022-04-25,4,2022-05-23,0.0,2.530195
123,2022,Guainia,2022-05-02,1,2022-05-09,3.6278546,3.3748612
123,2022,Guainia,2022-05-02,2,2022-05-16,1.8139275,3.31172
123,2022,Guainia,2022-05-02,3,2022-05-23,0.0,3.2472796
123,2022,Guainia,2022-05-02,4,2022-05-30,0.0,3.1852727
123,2022,Guainia,2022-05-09,1,2022-05-16,1.8139275,2.5757644
123,2022,Guainia,2022-05-09,2,2022-05-23,0.0,2.4789116
123,2022,Guainia,2022-05-09,3,2022-05-30,0.0,2.406742
123,2022,Guainia,2022-05-09,4,2022-06-06,7.2557087,2.3946981
123,2022,Guainia,2022-05-16,1,2022-05-23,0.0,2.8180976
123,2022,Guainia,2022-05-16,2,2022-05-30,0.0,2.7628767
123,2022,Guainia,2022-05-16,3,2022-06-06,7.2557087,2.7195787
123,2022,Guainia,2022-05-16,4,2022-06-13,7.2557087,2.7036922
123,2022,Guainia,2022-05-23,1,2022-05-30,0.0,2.2148898
123,2022,Guainia,2022-05-23,2,2022-06-06,7.2557087,2.1458848
123,2022,Guainia,2022-05-23,3,2022-06-13,7.2557087,2.086172
123,2022,Guainia,2022-05-23,4,2022-06-20,9.069635,2.0994124
123,2022,Guainia,2022-05-30,1,2022-06-06,7.2557087,1.3438773
123,2022,Guainia,2022-05-30,2,2022-06-13,7.2557087,1.2906744
123,2022,Guainia,2022-05-30,3,2022-06-20,9.069635,1.2486538
123,2022,Guainia,2022-05-30,4,2022-06-27,1.8139275,1.2052877
123,2022,Guainia,2022-06-06,1,2022-06-13,7.2557087,0.86730766
123,2022,Guainia,2022-06-06,2,2022-06-20,9.069635,0.81672335
123,2022,Guainia,2022-06-06,3,2022-06-27,1.8139275,0.79225963
123,2022,Guainia,2022-06-06,4,2022-07-04,1.8139275,0.7402275
123,2022,Guainia,2022-06-13,1,2022-06-20,9.069635,1.4955196
123,2022,Guainia,2022-06-13,2,2022-06-27,1.8139275,1.4695827
123,2022,Guainia,2022-06-13,3,2022-07-04,1.8139275,1.4593854
123,2022,Guainia,2022-06-13,4,2022-07-11,1.8139275,1.4730276
123,2022,Guainia,2022-06-20,1,2022-06-27,1.8139275,2.2503297
123,2022,Guainia,2022-06-20,2,2022-07-04,1.8139275,2.24474
123,2022,Guainia,2022-06-20,3,2022-07-11,1.8139275,2.2095084
123,2022,Guainia,2022-06-20,4,2022-07-18,5.4417825,2.2424462
123,2022,Guainia,2022-06-27,1,2022-07-04,1.8139275,2.456566
123,2022,Guainia,2022-06-27,2,2022-07-11,1.8139275,2.4305897
123,2022,Guainia,2022-06-27,3,2022-07-18,5.4417825,2.3830388
123,2022,Guainia,2022-06-27,4,2022-07-25,1.8139275,2.4092214
123,2022,Guainia,2022-07-04,1,2022-07-11,1.8139275,2.009246
123,2022,Guainia,2022-07-04,2,2022-07-18,5.4417825,1.968802
123,2022,Guainia,2022-07-04,3,2022-07-25,1.8139275,1.9301995
123,2022,Guainia,2022-07-04,4,2022-08-01,1.8139275,1.9592632
123,2022,Guainia,2022-07-11,1,2022-07-18,5.4417825,1.5211114
123,2022,Guainia,2022-07-11,2,2022-07-25,1.8139275,1.4768707
123,2022,Guainia,2022-07-11,3,2022-08-01,1.8139275,1.4283476
123,2022,Guainia,2022-07-11,4,2022-08-08,1.8139275,1.4388163
123,2022,Guainia,2022-07-18,1,2022-07-25,1.8139275,1.3060267
123,2022,Guainia,2022-07-18,2,2022-08-01,1.8139275,1.2565632
123,2022,Guainia,2022-07-18,3,2022-08-08,1.8139275,1.2303588
123,2022,Guainia,2022-07-18,4,2022-08-15,0.0,1.2125965
123,2022,Guainia,2022-07-25,1,2022-08-01,1.8139275,1.5012089
123,2022,Guainia,2022-07-25,2,2022-08-08,1.8139275,1.4496036
123,2022,Guainia,2022-07-25,3,2022-08-15,0.0,1.4327024
123,2022,Guainia,2022-07-25,4,2022-08-22,1.8139275,1.4356265
123,2022,Guainia,2022-08-01,1,2022-08-08,1.8139275,1.4262468
123,2022,Guainia,2022-08-01,2,2022-08-15,0.0,1.36971
123,2022,Guainia,2022-08-01,3,2022-08-22,1.8139275,1.3543345
123,2022,Guainia,2022-08-01,4,2022-08-29,1.8139275,1.3448993
123,2022,Guainia,2022-08-08,1,2022-08-15,0.0,1.2037443
123,2022,Guainia,2022-08-08,2,2022-08-22,1.8139275,1.1473373
123,2022,Guainia,2022-08-08,3,2022-08-29,1.8139275,1.1361595
123,2022,Guainia,2022-08-08,4,2022-09-05,0.0,1.1153384
123,2022,Guainia,2022-08-15,1,2022-08-22,1.8139275,1.1115353
123,2022,Guainia,2022-08-15,2,2022-08-29,1.8139275,1.0574485
123,2022,Guainia,2022-08-15,3,2022-09-05,0.0,1.0484666
123,2022,Guainia,2022-08-15,4,2022-09-12,3.6278546,1.0389065
123,2022,Guainia,2022-08-22,1,2022-08-29,1.8139275,0.8584612
123,2022,Guainia,2022-08-22,2,2022-09-05,0.0,0.8112002
123,2022,Guainia,2022-08-22,3,2022-09-12,3.6278546,0.7934113
123,2022,Guainia,2022-08-22,4,2022-09-19,3.6278546,0.77799696
123,2022,Guainia,2022-08-29,1,2022-09-05,0.0,0.75325024
123,2022,Guainia,2022-08-29,2,2022-09-12,3.6278546,0.712639
123,2022,Guainia,2022-08-29,3,2022-09-19,3.6278546,0.69741905
123,2022,Guainia,2022-08-29,4,2022-09-26,1.8139275,0.6910607
123,2022,Guainia,2022-09-05,1,2022-09-12,3.6278546,0.9180746
123,2022,Guainia,2022-09-05,2,2022-09-19,3.6278546,0.87576073
123,2022,Guainia,2022-09-05,3,2022-09-26,1.8139275,0.869896
123,2022,Guainia,2022-09-05,4,2022-10-03,1.8139275,0.85902154
123,2022,Guainia,2022-09-12,1,2022-09-19,3.6278546,0.8047523
123,2022,Guainia,2022-09-12,2,2022-09-26,1.8139275,0.76796144
123,2022,Guainia,2022-09-12,3,2022-10-03,1.8139275,0.75745153
123,2022,Guainia,2022-09-12,4,2022-10-10,3.6278546,0.7489366
123,2022,Guainia,2022-09-19,1,2022-09-26,1.8139275,0.91477674
123,2022,Guainia,2022-09-19,2,2022-10-03,1.8139275,0.882582
123,2022,Guainia,2022-09-19,3,2022-10-10,3.6278546,0.882005
123,2022,Guainia,2022-09-19,4,2022-10-17,0.0,0.89023155
123,2022,Guainia,2022-09-26,1,2022-10-03,1.8139275,1.1910338
123,2022,Guainia,2022-09-26,2,2022-10-10,3.6278546,1.1803378
123,2022,Guainia,2022-09-26,3,2022-10-17,0.0,1.1707325
123,2022,Guainia,2022-09-26,4,2022-10-24,0.0,1.2159233
123,2022,Guainia,2022-10-03,1,2022-10-10,3.6278546,1.2719461
123,2022,Guainia,2022-10-03,2,2022-10-17,0.0,1.260586
123,2022,Guainia,2022-10-03,3,2022-10-24,0.0,1.2497245
123,2022,Guainia,2022-10-03,4,2022-10-31,0.0,1.2931882
123,2022,Guainia,2022-10-10,1,2022-10-17,0.0,1.1864454
123,2022,Guainia,2022-10-10,2,2022-10-24,0.0,1.1726749
123,2022,Guainia,2022-10-10,3,2022-10-31,0.0,1.1686276
123,2022,Guainia,2022-10-10,4,2022-11-07,3.6278546,1.1996441
123,2022,Guainia,2022-10-17,1,2022-10-24,0.0,1.5710564
123,2022,Guainia,2022-10-17,2,2022-10-31,0.0,1.5712903
123,2022,Guainia,2022-10-17,3,2022-11-07,3.6278546,1.5668687
123,2022,Guainia,2022-10-17,4,2022-11-14,0.0,1.6227251
123,2022,Guainia,2022-10-24,1,2022-10-31,0.0,1.3948454
123,2022,Guainia,2022-10-24,2,2022-11-07,3.6278546,1.3807765
123,2022,Guainia,2022-10-24,3,2022-11-14,0.0,1.374789
123,2022,Guainia,2022-10-24,4,2022-11-21,0.0,1.4001192
123,2022,Guainia,2022-10-31,1,2022-11-07,3.6278546,1.2028663
123,2022,Guainia,2022-10-31,2,2022-11-14,0.0,1.18313
123,2022,Guainia,2022-10-31,3,2022-11-21,0.0,1.1819525
123,2022,Guainia,2022-10-31,4,2022-11-28,0.0,1.1766602
123,2022,Guainia,2022-11-07,1,2022-11-14,0.0,1.1094396
123,2022,Guainia,2022-11-07,2,2022-11-21,0.0,1.0841932
123,2022,Guainia,2022-11-07,3,2022-11-28,0.0,1.0894881
123,2022,Guainia,2022-11-07,4,2022-12-05,0.0,1.069382
123,2022,Guainia,2022-11-14,1,2022-11-21,0.0,1.4631977
123,2022,Guainia,2022-11-14,2,2022-11-28,0.0,1.4526469
123,2022,Guainia,2022-11-14,3,2022-12-05,0.0,1.4612658
123,2022,Guainia,2022-11-14,4,2022-12-12,0.0,1.4846438
123,2022,Guainia,2022-11-21,1,2022-11-28,0.0,1.2727422
123,2022,Guainia,2022-11-21,2,2022-12-05,0.0,1.2528114
123,2022,Guainia,2022-11-21,3,2022-12-12,0.0,1.2599231
123,2022,Guainia,2022-11-21,4,2022-12-19,0.0,1.2685767
123,2022,Guainia,2022-11-28,1,2022-12-05,0.0,0.97940665
123,2022,Guainia,2022-11-28,2,2022-12-12,0.0,0.96223116
123,2022,Guainia,2022-11-28,3,2022-12-19,0.0,0.9653448
123,2022,Guainia,2022-11-28,4,2022-12-26,0.0,0.9595733
123,2022,Guajira,2022-02-21,1,2022-02-28,4.76389,3.410134
123,2022,Guajira,2022-02-21,2,2022-03-07,4.1684036,3.2970347
123,2022,Guajira,2022-02-21,3,2022-03-14,3.7714128,3.2224147
123,2022,Guajira,2022-02-21,4,2022-03-21,3.374422,3.1624534
123,2022,Guajira,2022-02-28,1,2022-03-07,4.1684036,3.5565112
123,2022,Guajira,2022-02-28,2,2022-03-14,3.7714128,3.4734612
123,2022,Guajira,2022-02-28,3,2022-03-21,3.374422,3.419924
123,2022,Guajira,2022-02-28,4,2022-03-28,2.8781834,3.3528998
123,2022,Guajira,2022-03-07,1,2022-03-14,3.7714128,4.0036473
123,2022,Guajira,2022-03-07,2,2022-03-21,3.374422,3.9365087
123,2022,Guajira,2022-03-07,3,2022-03-28,2.8781834,3.8888137
123,2022,Guajira,2022-03-07,4,2022-04-04,2.9774308,3.8113678
123,2022,Guajira,2022-03-14,1,2022-03-21,3.374422,4.00847
123,2022,Guajira,2022-03-14,2,2022-03-28,2.8781834,3.9349337
123,2022,Guajira,2022-03-14,3,2022-04-04,2.9774308,3.8882802
123,2022,Guajira,2022-03-14,4,2022-04-11,3.0766788,3.8219156
123,2022,Guajira,2022-03-21,1,2022-03-28,2.8781834,3.9583595
123,2022,Guajira,2022-03-21,2,2022-04-04,2.9774308,3.8934288
123,2022,Guajira,2022-03-21,3,2022-04-11,3.0766788,3.8549907
123,2022,Guajira,2022-03-21,4,2022-04-18,3.0766788,3.79929
123,2022,Guajira,2022-03-28,1,2022-04-04,2.9774308,3.7653334
123,2022,Guajira,2022-03-28,2,2022-04-11,3.0766788,3.706065
123,2022,Guajira,2022-03-28,3,2022-04-18,3.0766788,3.6792681
123,2022,Guajira,2022-03-28,4,2022-04-25,2.0842016,3.6344874
123,2022,Guajira,2022-04-04,1,2022-04-11,3.0766788,3.3452418
123,2022,Guajira,2022-04-04,2,2022-04-18,3.0766788,3.2947671
123,2022,Guajira,2022-04-04,3,2022-04-25,2.0842016,3.28246
123,2022,Guajira,2022-04-04,4,2022-05-02,2.3819447,3.2536376
123,2022,Guajira,2022-04-11,1,2022-04-18,3.0766788,3.2034214
123,2022,Guajira,2022-04-11,2,2022-04-25,2.0842016,3.1704023
123,2022,Guajira,2022-04-11,3,2022-05-02,2.3819447,3.1721258
123,2022,Guajira,2022-04-11,4,2022-05-09,2.9774308,3.1492596
123,2022,Guajira,2022-04-18,1,2022-04-25,2.0842016,3.300474
123,2022,Guajira,2022-04-18,2,2022-05-02,2.3819447,3.2797415
123,2022,Guajira,2022-04-18,3,2022-05-09,2.9774308,3.2890983
123,2022,Guajira,2022-04-18,4,2022-05-16,4.6646423,3.2663324
123,2022,Guajira,2022-04-25,1,2022-05-02,2.3819447,3.3792431
123,2022,Guajira,2022-04-25,2,2022-05-09,2.9774308,3.3624728
123,2022,Guajira,2022-04-25,3,2022-05-16,4.6646423,3.3737545
123,2022,Guajira,2022-04-25,4,2022-05-23,2.7789357,3.3533192
123,2022,Guajira,2022-05-02,1,2022-05-09,2.9774308,3.0114481
123,2022,Guajira,2022-05-02,2,2022-05-16,4.6646423,2.9890368
123,2022,Guajira,2022-05-02,3,2022-05-23,2.7789357,3.002831
123,2022,Guajira,2022-05-02,4,2022-05-30,3.2751741,2.9960027
123,2022,Guajira,2022-05-09,1,2022-05-16,4.6646423,2.9587998
123,2022,Guajira,2022-05-09,2,2022-05-23,2.7789357,2.9479072
123,2022,Guajira,2022-05-09,3,2022-05-30,3.2751741,2.9689088
123,2022,Guajira,2022-05-09,4,2022-06-06,5.6571193,2.966523
123,2022,Guajira,2022-05-16,1,2022-05-23,2.7789357,3.2539902
123,2022,Guajira,2022-05-16,2,2022-05-30,3.2751741,3.2590933
123,2022,Guajira,2022-05-16,3,2022-06-06,5.6571193,3.283162
123,2022,Guajira,2022-05-16,4,2022-06-13,4.6646423,3.2786574
123,2022,Guajira,2022-05-23,1,2022-05-30,3.2751741,3.9803996
123,2022,Guajira,2022-05-23,2,2022-06-06,5.6571193,4.006242
123,2022,Guajira,2022-05-23,3,2022-06-13,4.6646423,4.025354
123,2022,Guajira,2022-05-23,4,2022-06-20,3.8706605,4.010361
123,2022,Guajira,2022-05-30,1,2022-06-06,5.6571193,3.8158379
123,2022,Guajira,2022-05-30,2,2022-06-13,4.6646423,3.8115506
123,2022,Guajira,2022-05-30,3,2022-06-20,3.8706605,3.8202386
123,2022,Guajira,2022-05-30,4,2022-06-27,4.6646423,3.810706
123,2022,Guajira,2022-06-06,1,2022-06-13,4.6646423,3.7348893
123,2022,Guajira,2022-06-06,2,2022-06-20,3.8706605,3.72645
123,2022,Guajira,2022-06-06,3,2022-06-27,4.6646423,3.7364073
123,2022,Guajira,2022-06-06,4,2022-07-04,5.7563667,3.7262785
123,2022,Guajira,2022-06-13,1,2022-06-20,3.8706605,4.699012
123,2022,Guajira,2022-06-13,2,2022-06-27,4.6646423,4.731999
123,2022,Guajira,2022-06-13,3,2022-07-04,5.7563667,4.742347
123,2022,Guajira,2022-06-13,4,2022-07-11,5.855614,4.705179
123,2022,Guajira,2022-06-20,1,2022-06-27,4.6646423,4.8490887
123,2022,Guajira,2022-06-20,2,2022-07-04,5.7563667,4.8455567
123,2022,Guajira,2022-06-20,3,2022-07-11,5.855614,4.836705
123,2022,Guajira,2022-06-20,4,2022-07-18,5.557871,4.7912602
123,2022,Guajira,2022-06-27,1,2022-07-04,5.7563667,4.672553
123,2022,Guajira,2022-06-27,2,2022-07-11,5.855614,4.643226
123,2022,Guajira,2022-06-27,3,2022-07-18,5.557871,4.628257
123,2022,Guajira,2022-06-27,4,2022-07-25,6.4511013,4.582591
123,2022,Guajira,2022-07-04,1,2022-07-11,5.855614,4.9239483
123,2022,Guajira,2022-07-04,2,2022-07-18,5.557871,4.8963914
123,2022,Guajira,2022-07-04,3,2022-07-25,6.4511013,4.882113
123,2022,Guajira,2022-07-04,4,2022-08-01,6.550349,4.8183446
123,2022,Guajira,2022-07-11,1,2022-07-18,5.557871,5.409836
123,2022,Guajira,2022-07-11,2,2022-07-25,6.4511013,5.382829
123,2022,Guajira,2022-07-11,3,2022-08-01,6.550349,5.360711
123,2022,Guajira,2022-07-11,4,2022-08-08,4.962385,5.2701783
123,2022,Guajira,2022-07-18,1,2022-07-25,6.4511013,5.736258
123,2022,Guajira,2022-07-18,2,2022-08-01,6.550349,5.700713
123,2022,Guajira,2022-07-18,3,2022-08-08,4.962385,5.6661057
123,2022,Guajira,2022-07-18,4,2022-08-15,5.458624,5.5579405
123,2022,Guajira,2022-07-25,1,2022-08-01,6.550349,5.72819
123,2022,Guajira,2022-07-25,2,2022-08-08,4.962385,5.671937
123,2022,Guajira,2022-07-25,3,2022-08-15,5.458624,5.627122
123,2022,Guajira,2022-07-25,4,2022-08-22,3.8706605,5.515397
123,2022,Guajira,2022-08-01,1,2022-08-08,4.962385,6.0902305
123,2022,Guajira,2022-08-01,2,2022-08-15,5.458624,6.040403
123,2022,Guajira,2022-08-01,3,2022-08-22,3.8706605,5.991267
123,2022,Guajira,2022-08-01,4,2022-08-29,7.4435782,5.8550534
123,2022,Guajira,2022-08-08,1,2022-08-15,5.458624,6.3672023
123,2022,Guajira,2022-08-08,2,2022-08-22,3.8706605,6.3079796
123,2022,Guajira,2022-08-08,3,2022-08-29,7.4435782,6.2451315
123,2022,Guajira,2022-08-08,4,2022-09-05,4.6646423,6.0907874
123,2022,Guajira,2022-08-15,1,2022-08-22,3.8706605,5.8897405
123,2022,Guajira,2022-08-15,2,2022-08-29,7.4435782,5.790616
123,2022,Guajira,2022-08-15,3,2022-09-05,4.6646423,5.7134576
123,2022,Guajira,2022-08-15,4,2022-09-12,3.7714128,5.586332
123,2022,Guajira,2022-08-22,1,2022-08-29,7.4435782,5.810006
123,2022,Guajira,2022-08-22,2,2022-09-05,4.6646423,5.7167463
123,2022,Guajira,2022-08-22,3,2022-09-12,3.7714128,5.6465564
123,2022,Guajira,2022-08-22,4,2022-09-19,4.962385,5.5195904
123,2022,Guajira,2022-08-29,1,2022-09-05,4.6646423,4.9921246
123,2022,Guajira,2022-08-29,2,2022-09-12,3.7714128,4.872003
123,2022,Guajira,2022-08-29,3,2022-09-19,4.962385,4.803238
123,2022,Guajira,2022-08-29,4,2022-09-26,6.3518534,4.7151527
123,2022,Guajira,2022-09-05,1,2022-09-12,3.7714128,6.1330276
123,2022,Guajira,2022-09-05,2,2022-09-19,4.962385,6.096449
123,2022,Guajira,2022-09-05,3,2022-09-26,6.3518534,6.042834
123,2022,Guajira,2022-09-05,4,2022-10-03,6.7488427,5.896418
123,2022,Guajira,2022-09-12,1,2022-09-19,4.962385,5.8203297
123,2022,Guajira,2022-09-12,2,2022-09-26,6.3518534,5.7349515
123,2022,Guajira,2022-09-12,3,2022-10-03,6.7488427,5.660228
123,2022,Guajira,2022-09-12,4,2022-10-10,5.557871,5.5423737
123,2022,Guajira,2022-09-19,1,2022-09-26,6.3518534,4.9993315
123,2022,Guajira,2022-09-19,2,2022-10-03,6.7488427,4.8970337
123,2022,Guajira,2022-09-19,3,2022-10-10,5.557871,4.8274245
123,2022,Guajira,2022-09-19,4,2022-10-17,6.05411,4.750531
123,2022,Guajira,2022-09-26,1,2022-10-03,6.7488427,5.268559
123,2022,Guajira,2022-09-26,2,2022-10-10,5.557871,5.210047
123,2022,Guajira,2022-09-26,3,2022-10-17,6.05411,5.1582627
123,2022,Guajira,2022-09-26,4,2022-10-24,8.336808,5.0689425
123,2022,Guajira,2022-10-03,1,2022-10-10,5.557871,6.0586185
123,2022,Guajira,2022-10-03,2,2022-10-17,6.05411,6.0378375
123,2022,Guajira,2022-10-03,3,2022-10-24,8.336808,5.9860015
123,2022,Guajira,2022-10-03,4,2022-10-31,9.428533,5.8657155
123,2022,Guajira,2022-10-10,1,2022-10-17,6.05411,6.667122
123,2022,Guajira,2022-10-10,2,2022-10-24,8.336808,6.6455197
123,2022,Guajira,2022-10-10,3,2022-10-31,9.428533,6.5716586
123,2022,Guajira,2022-10-10,4,2022-11-07,8.733799,6.4246926
123,2022,Guajira,2022-10-17,1,2022-10-24,8.336808,6.39456
123,2022,Guajira,2022-10-17,2,2022-10-31,9.428533,6.3101444
123,2022,Guajira,2022-10-17,3,2022-11-07,8.733799,6.2056165
123,2022,Guajira,2022-10-17,4,2022-11-14,7.0465865,6.070882
123,2022,Guajira,2022-10-24,1,2022-10-31,9.428533,6.336436
123,2022,Guajira,2022-10-24,2,2022-11-07,8.733799,6.224842
123,2022,Guajira,2022-10-24,3,2022-11-14,7.0465865,6.105211
123,2022,Guajira,2022-10-24,4,2022-11-21,10.024018,5.9604106
123,2022,Guajira,2022-10-31,1,2022-11-07,8.733799,7.119854
123,2022,Guajira,2022-10-31,2,2022-11-14,7.0465865,7.01517
123,2022,Guajira,2022-10-31,3,2022-11-21,10.024018,6.8759847
123,2022,Guajira,2022-10-31,4,2022-11-28,8.932293,6.665005
123,2022,Guajira,2022-11-07,1,2022-11-14,7.0465865,7.7399282
123,2022,Guajira,2022-11-07,2,2022-11-21,10.024018,7.6041822
123,2022,Guajira,2022-11-07,3,2022-11-28,8.932293,7.4313755
123,2022,Guajira,2022-11-07,4,2022-12-05,10.32176,7.16307
123,2022,Guajira,2022-11-14,1,2022-11-21,10.024018,7.868197
123,2022,Guajira,2022-11-14,2,2022-11-28,8.932293,7.6806226
123,2022,Guajira,2022-11-14,3,2022-12-05,10.32176,7.4752893
123,2022,Guajira,2022-11-14,4,2022-12-12,14.589414,7.185916
123,2022,Guajira,2022-11-21,1,2022-11-28,8.932293,7.3372326
123,2022,Guajira,2022-11-21,2,2022-12-05,10.32176,7.0919666
123,2022,Guajira,2022-11-21,3,2022-12-12,14.589414,6.8672595
123,2022,Guajira,2022-11-21,4,2022-12-19,13.795429,6.60962
123,2022,Guajira,2022-11-28,1,2022-12-05,10.32176,8.077301
123,2022,Guajira,2022-11-28,2,2022-12-12,14.589414,7.844896
123,2022,Guajira,2022-11-28,3,2022-12-19,13.795429,7.6070585
123,2022,Guajira,2022-11-28,4,2022-12-26,10.520255,7.271265
123,2022,Guaviare,2022-02-21,1,2022-02-28,0.0,3.333798
123,2022,Guaviare,2022-02-21,2,2022-03-07,3.566885,3.457827
123,2022,Guaviare,2022-02-21,3,2022-03-14,0.0,3.4767628
123,2022,Guaviare,2022-02-21,4,2022-03-21,5.944808,3.5510466
123,2022,Guaviare,2022-02-28,1,2022-03-07,3.566885,2.7266805
123,2022,Guaviare,2022-02-28,2,2022-03-14,0.0,2.7880318
123,2022,Guaviare,2022-02-28,3,2022-03-21,5.944808,2.8278003
123,2022,Guaviare,2022-02-28,4,2022-03-28,3.566885,2.8844147
123,2022,Guaviare,2022-03-07,1,2022-03-14,0.0,1.8401719
123,2022,Guaviare,2022-03-07,2,2022-03-21,5.944808,1.8611264
123,2022,Guaviare,2022-03-07,3,2022-03-28,3.566885,1.8907216
123,2022,Guaviare,2022-03-07,4,2022-04-04,5.944808,1.9205369
123,2022,Guaviare,2022-03-14,1,2022-03-21,5.944808,2.3099651
123,2022,Guaviare,2022-03-14,2,2022-03-28,3.566885,2.3614972
123,2022,Guaviare,2022-03-14,3,2022-04-04,5.944808,2.4312978
123,2022,Guaviare,2022-03-14,4,2022-04-11,3.566885,2.475239
123,2022,Guaviare,2022-03-21,1,2022-03-28,3.566885,2.130673
123,2022,Guaviare,2022-03-21,2,2022-04-04,5.944808,2.153218
123,2022,Guaviare,2022-03-21,3,2022-04-11,3.566885,2.215179
123,2022,Guaviare,2022-03-21,4,2022-04-18,1.1889616,2.2634
123,2022,Guaviare,2022-03-28,1,2022-04-04,5.944808,3.5409534
123,2022,Guaviare,2022-03-28,2,2022-04-11,3.566885,3.6566834
123,2022,Guaviare,2022-03-28,3,2022-04-18,1.1889616,3.7480223
123,2022,Guaviare,2022-03-28,4,2022-04-25,0.0,3.7896028
123,2022,Guaviare,2022-04-04,1,2022-04-11,3.566885,4.3357677
123,2022,Guaviare,2022-04-04,2,2022-04-18,1.1889616,4.4408374
123,2022,Guaviare,2022-04-04,3,2022-04-25,0.0,4.511023
123,2022,Guaviare,2022-04-04,4,2022-05-02,8.322732,4.5385737
123,2022,Guaviare,2022-04-11,1,2022-04-18,1.1889616,5.2992783
123,2022,Guaviare,2022-04-11,2,2022-04-25,0.0,5.428735
123,2022,Guaviare,2022-04-11,3,2022-05-02,8.322732,5.4714136
123,2022,Guaviare,2022-04-11,4,2022-05-09,4.7558465,5.483574
123,2022,Guaviare,2022-04-18,1,2022-04-25,0.0,5.0158124
123,2022,Guaviare,2022-04-18,2,2022-05-02,8.322732,5.0636997
123,2022,Guaviare,2022-04-18,3,2022-05-09,4.7558465,5.0720644
123,2022,Guaviare,2022-04-18,4,2022-05-16,8.322732,5.069885
123,2022,Guaviare,2022-04-25,1,2022-05-02,8.322732,3.5039814
123,2022,Guaviare,2022-04-25,2,2022-05-09,4.7558465,3.471448
123,2022,Guaviare,2022-04-25,3,2022-05-16,8.322732,3.4824579
123,2022,Guaviare,2022-04-25,4,2022-05-23,10.700655,3.487023
123,2022,Guaviare,2022-05-02,1,2022-05-09,4.7558465,2.145432
123,2022,Guaviare,2022-05-02,2,2022-05-16,8.322732,2.0889304
123,2022,Guaviare,2022-05-02,3,2022-05-23,10.700655,2.0648253
123,2022,Guaviare,2022-05-02,4,2022-05-30,9.511693,2.0511785
123,2022,Guaviare,2022-05-09,1,2022-05-16,8.322732,3.673017
123,2022,Guaviare,2022-05-09,2,2022-05-23,10.700655,3.7026048
123,2022,Guaviare,2022-05-09,3,2022-05-30,9.511693,3.7158422
123,2022,Guaviare,2022-05-09,4,2022-06-06,15.456503,3.690663
123,2022,Guaviare,2022-05-16,1,2022-05-23,10.700655,4.0704856
123,2022,Guaviare,2022-05-16,2,2022-05-30,9.511693,4.0341434
123,2022,Guaviare,2022-05-16,3,2022-06-06,15.456503,4.0123696
123,2022,Guaviare,2022-05-16,4,2022-06-13,4.7558465,3.9629543
123,2022,Guaviare,2022-05-23,1,2022-05-30,9.511693,4.993586
123,2022,Guaviare,2022-05-23,2,2022-06-06,15.456503,4.9391527
123,2022,Guaviare,2022-05-23,3,2022-06-13,4.7558465,4.8822
123,2022,Guaviare,2022-05-23,4,2022-06-20,3.566885,4.7878785
123,2022,Guaviare,2022-05-30,1,2022-06-06,15.456503,6.162863
123,2022,Guaviare,2022-05-30,2,2022-06-13,4.7558465,6.0676346
123,2022,Guaviare,2022-05-30,3,2022-06-20,3.566885,5.960046
123,2022,Guaviare,2022-05-30,4,2022-06-27,11.889616,5.793086
123,2022,Guaviare,2022-06-06,1,2022-06-13,4.7558465,6.580311
123,2022,Guaviare,2022-06-06,2,2022-06-20,3.566885,6.413957
123,2022,Guaviare,2022-06-06,3,2022-06-27,11.889616,6.253504
123,2022,Guaviare,2022-06-06,4,2022-07-04,8.322732,6.0458426
123,2022,Guaviare,2022-06-13,1,2022-06-20,3.566885,8.563952
123,2022,Guaviare,2022-06-13,2,2022-06-27,11.889616,8.393307
123,2022,Guaviare,2022-06-13,3,2022-07-04,8.322732,8.1841545
123,2022,Guaviare,2022-06-13,4,2022-07-11,9.511693,7.7885375
123,2022,Guaviare,2022-06-20,1,2022-06-27,11.889616,5.927987
123,2022,Guaviare,2022-06-20,2,2022-07-04,8.322732,5.592716
123,2022,Guaviare,2022-06-20,3,2022-07-11,9.511693,5.369645
123,2022,Guaviare,2022-06-20,4,2022-07-18,20.212349,5.1787963
123,2022,Guaviare,2022-06-27,1,2022-07-04,8.322732,4.399141
123,2022,Guaviare,2022-06-27,2,2022-07-11,9.511693,4.1493387
123,2022,Guaviare,2022-06-27,3,2022-07-18,20.212349,3.991663
123,2022,Guaviare,2022-06-27,4,2022-07-25,10.700655,3.8837636
123,2022,Guaviare,2022-07-04,1,2022-07-11,9.511693,6.0933456
123,2022,Guaviare,2022-07-04,2,2022-07-18,20.212349,5.91104
123,2022,Guaviare,2022-07-04,3,2022-07-25,10.700655,5.751152
123,2022,Guaviare,2022-07-04,4,2022-08-01,15.456503,5.521828
123,2022,Guaviare,2022-07-11,1,2022-07-18,20.212349,5.9549413
123,2022,Guaviare,2022-07-11,2,2022-07-25,10.700655,5.716426
123,2022,Guaviare,2022-07-11,3,2022-08-01,15.456503,5.5380125
123,2022,Guaviare,2022-07-11,4,2022-08-08,29.724043,5.335339
123,2022,Guaviare,2022-07-18,1,2022-07-25,10.700655,6.280409
123,2022,Guaviare,2022-07-18,2,2022-08-01,15.456503,6.0584774
123,2022,Guaviare,2022-07-18,3,2022-08-08,29.724043,5.8810344
123,2022,Guaviare,2022-07-18,4,2022-08-15,22.59027,5.6579995
123,2022,Guaviare,2022-07-25,1,2022-08-01,15.456503,8.496773
123,2022,Guaviare,2022-07-25,2,2022-08-08,29.724043,8.314155
123,2022,Guaviare,2022-07-25,3,2022-08-15,22.59027,8.10271
123,2022,Guaviare,2022-07-25,4,2022-08-22,15.456503,7.6844397
123,2022,Guaviare,2022-08-01,1,2022-08-08,29.724043,7.547723
123,2022,Guaviare,2022-08-01,2,2022-08-15,22.59027,7.2243285
123,2022,Guaviare,2022-08-01,3,2022-08-22,15.456503,6.963144
123,2022,Guaviare,2022-08-01,4,2022-08-29,21.40131,6.6405306
123,2022,Guaviare,2022-08-08,1,2022-08-15,22.59027,8.744573
123,2022,Guaviare,2022-08-08,2,2022-08-22,15.456503,8.444845
123,2022,Guaviare,2022-08-08,3,2022-08-29,21.40131,8.161708
123,2022,Guaviare,2022-08-08,4,2022-09-05,21.40131,7.715393
123,2022,Guaviare,2022-08-15,1,2022-08-22,15.456503,11.369662
123,2022,Guaviare,2022-08-15,2,2022-08-29,21.40131,11.127201
123,2022,Guaviare,2022-08-15,3,2022-09-05,21.40131,10.803996
123,2022,Guaviare,2022-08-15,4,2022-09-12,10.700655,10.076536
123,2022,Guaviare,2022-08-22,1,2022-08-29,21.40131,12.21809
123,2022,Guaviare,2022-08-22,2,2022-09-05,21.40131,11.870104
123,2022,Guaviare,2022-08-22,3,2022-09-12,10.700655,11.483382
123,2022,Guaviare,2022-08-22,4,2022-09-19,22.59027,10.667844
123,2022,Guaviare,2022-08-29,1,2022-09-05,21.40131,12.997017
123,2022,Guaviare,2022-08-29,2,2022-09-12,10.700655,12.426971
123,2022,Guaviare,2022-08-29,3,2022-09-19,22.59027,11.929083
123,2022,Guaviare,2022-08-29,4,2022-09-26,23.779234,11.049432
123,2022,Guaviare,2022-09-05,1,2022-09-12,10.700655,14.991659
123,2022,Guaviare,2022-09-05,2,2022-09-19,22.59027,14.326502
123,2022,Guaviare,2022-09-05,3,2022-09-26,23.779234,13.807282
123,2022,Guaviare,2022-09-05,4,2022-10-03,20.212349,12.628557
123,2022,Guaviare,2022-09-12,1,2022-09-19,22.59027,17.165184
123,2022,Guaviare,2022-09-12,2,2022-09-26,23.779234,16.330572
123,2022,Guaviare,2022-09-12,3,2022-10-03,20.212349,15.719808
123,2022,Guaviare,2022-09-12,4,2022-10-10,19.02339,14.33963
123,2022,Guaviare,2022-09-19,1,2022-09-26,23.779234,14.244824
123,2022,Guaviare,2022-09-19,2,2022-10-03,20.212349,13.10603
123,2022,Guaviare,2022-09-19,3,2022-10-10,19.02339,12.341258
123,2022,Guaviare,2022-09-19,4,2022-10-17,23.779234,11.387352
123,2022,Guaviare,2022-09-26,1,2022-10-03,20.212349,16.69436
123,2022,Guaviare,2022-09-26,2,2022-10-10,19.02339,15.770023
123,2022,Guaviare,2022-09-26,3,2022-10-17,23.779234,15.139983
123,2022,Guaviare,2022-09-26,4,2022-10-24,26.157154,13.838358
123,2022,Guaviare,2022-10-03,1,2022-10-10,19.02339,18.302828
123,2022,Guaviare,2022-10-03,2,2022-10-17,23.779234,17.368248
123,2022,Guaviare,2022-10-03,3,2022-10-24,26.157154,16.686039
123,2022,Guaviare,2022-10-03,4,2022-10-31,42.80262,15.224867
123,2022,Guaviare,2022-10-10,1,2022-10-17,23.779234,16.955206
123,2022,Guaviare,2022-10-10,2,2022-10-24,26.157154,15.867886
123,2022,Guaviare,2022-10-10,3,2022-10-31,42.80262,15.138575
123,2022,Guaviare,2022-10-10,4,2022-11-07,28.535078,13.681543
123,2022,Guaviare,2022-10-17,1,2022-10-24,26.157154,14.923896
123,2022,Guaviare,2022-10-17,2,2022-10-31,42.80262,13.877984
123,2022,Guaviare,2022-10-17,3,2022-11-07,28.535078,13.236729
123,2022,Guaviare,2022-10-17,4,2022-11-14,27.346117,11.889019
123,2022,Guaviare,2022-10-24,1,2022-10-31,42.80262,16.575207
123,2022,Guaviare,2022-10-24,2,2022-11-07,28.535078,15.62137
123,2022,Guaviare,2022-10-24,3,2022-11-14,27.346117,14.999634
123,2022,Guaviare,2022-10-24,4,2022-11-21,42.80262,13.434601
123,2022,Guaviare,2022-10-31,1,2022-11-07,28.535078,22.103325
123,2022,Guaviare,2022-10-31,2,2022-11-14,27.346117,21.192112
123,2022,Guaviare,2022-10-31,3,2022-11-21,42.80262,20.391813
123,2022,Guaviare,2022-10-31,4,2022-11-28,43.99158,18.419249
123,2022,Guaviare,2022-11-07,1,2022-11-14,27.346117,30.21766
123,2022,Guaviare,2022-11-07,2,2022-11-21,42.80262,29.752462
123,2022,Guaviare,2022-11-07,3,2022-11-28,43.99158,28.214043
123,2022,Guaviare,2022-11-07,4,2022-12-05,33.290928,26.338768
123,2022,Guaviare,2022-11-14,1,2022-11-21,42.80262,36.168896
123,2022,Guaviare,2022-11-14,2,2022-11-28,43.99158,36.063618
123,2022,Guaviare,2022-11-14,3,2022-12-05,33.290928,33.43211
123,2022,Guaviare,2022-11-14,4,2022-12-12,35.668846,32.46604
123,2022,Guaviare,2022-11-21,1,2022-11-28,43.99158,40.369156
123,2022,Guaviare,2022-11-21,2,2022-12-05,33.290928,40.549572
123,2022,Guaviare,2022-11-21,3,2022-12-12,35.668846,36.683483
123,2022,Guaviare,2022-11-21,4,2022-12-19,28.535078,36.886387
123,2022,Guaviare,2022-11-28,1,2022-12-05,33.290928,44.97214
123,2022,Guaviare,2022-11-28,2,2022-12-12,35.668846,45.563877
123,2022,Guaviare,2022-11-28,3,2022-12-19,28.535078,41.03111
123,2022,Guaviare,2022-11-28,4,2022-12-26,33.290928,41.753017
123,2022,Huila,2022-02-21,1,2022-02-28,3.2586052,2.1726615
123,2022,Huila,2022-02-21,2,2022-03-07,2.4868305,2.176013
123,2022,Huila,2022-02-21,3,2022-03-14,1.6293027,2.2113316
123,2022,Huila,2022-02-21,4,2022-03-21,1.9723138,2.2327838
123,2022,Huila,2022-02-28,1,2022-03-07,2.4868305,1.9164381
123,2022,Huila,2022-02-28,2,2022-03-14,1.6293027,1.9047972
123,2022,Huila,2022-02-28,3,2022-03-21,1.9723138,1.9320109
123,2022,Huila,2022-02-28,4,2022-03-28,3.0870998,1.9398334
123,2022,Huila,2022-03-07,1,2022-03-14,1.6293027,2.4037352
123,2022,Huila,2022-03-07,2,2022-03-21,1.9723138,2.4288235
123,2022,Huila,2022-03-07,3,2022-03-28,3.0870998,2.475181
123,2022,Huila,2022-03-07,4,2022-04-04,1.9723138,2.4932735
123,2022,Huila,2022-03-14,1,2022-03-21,1.9723138,2.7621891
123,2022,Huila,2022-03-14,2,2022-03-28,3.0870998,2.783952
123,2022,Huila,2022-03-14,3,2022-04-04,1.9723138,2.8248053
123,2022,Huila,2022-03-14,4,2022-04-11,2.4868305,2.8354025
123,2022,Huila,2022-03-21,1,2022-03-28,3.0870998,2.6266003
123,2022,Huila,2022-03-21,2,2022-04-04,1.9723138,2.6365902
123,2022,Huila,2022-03-21,3,2022-04-11,2.4868305,2.6722639
123,2022,Huila,2022-03-21,4,2022-04-18,2.658336,2.6863818
123,2022,Huila,2022-03-28,1,2022-04-04,1.9723138,2.5923238
123,2022,Huila,2022-03-28,2,2022-04-11,2.4868305,2.598734
123,2022,Huila,2022-03-28,3,2022-04-18,2.658336,2.633923
123,2022,Huila,2022-03-28,4,2022-04-25,2.1438193,2.6454756
123,2022,Huila,2022-04-04,1,2022-04-11,2.4868305,2.962103
123,2022,Huila,2022-04-04,2,2022-04-18,2.658336,2.9711316
123,2022,Huila,2022-04-04,3,2022-04-25,2.1438193,3.001589
123,2022,Huila,2022-04-04,4,2022-05-02,1.6293027,3.000752
123,2022,Huila,2022-04-11,1,2022-04-18,2.658336,2.887231
123,2022,Huila,2022-04-11,2,2022-04-25,2.1438193,2.8844116
123,2022,Huila,2022-04-11,3,2022-05-02,1.6293027,2.9105933
123,2022,Huila,2022-04-11,4,2022-05-09,2.0580668,2.9096515
123,2022,Huila,2022-04-18,1,2022-04-25,2.1438193,2.9298165
123,2022,Huila,2022-04-18,2,2022-05-02,1.6293027,2.9245918
123,2022,Huila,2022-04-18,3,2022-05-09,2.0580668,2.9511085
123,2022,Huila,2022-04-18,4,2022-05-16,1.8865612,2.9463015
123,2022,Huila,2022-04-25,1,2022-05-02,1.6293027,2.9506295
123,2022,Huila,2022-04-25,2,2022-05-09,2.0580668,2.9347677
123,2022,Huila,2022-04-25,3,2022-05-16,1.8865612,2.957394
123,2022,Huila,2022-04-25,4,2022-05-23,1.3720443,2.9460874
123,2022,Huila,2022-05-02,1,2022-05-09,2.0580668,2.750817
123,2022,Huila,2022-05-02,2,2022-05-16,1.8865612,2.7299988
123,2022,Huila,2022-05-02,3,2022-05-23,1.3720443,2.749745
123,2022,Huila,2022-05-02,4,2022-05-30,3.0013473,2.7413542
123,2022,Huila,2022-05-09,1,2022-05-16,1.8865612,2.4346483
123,2022,Huila,2022-05-09,2,2022-05-23,1.3720443,2.3998425
123,2022,Huila,2022-05-09,3,2022-05-30,3.0013473,2.4068964
123,2022,Huila,2022-05-09,4,2022-06-06,1.9723138,2.4067457
123,2022,Huila,2022-05-16,1,2022-05-23,1.3720443,2.2332444
123,2022,Huila,2022-05-16,2,2022-05-30,3.0013473,2.1849277
123,2022,Huila,2022-05-16,3,2022-06-06,1.9723138,2.1822815
123,2022,Huila,2022-05-16,4,2022-06-13,2.5725834,2.1862633
123,2022,Huila,2022-05-23,1,2022-05-30,3.0013473,2.0582194
123,2022,Huila,2022-05-23,2,2022-06-06,1.9723138,2.0106153
123,2022,Huila,2022-05-23,3,2022-06-13,2.5725834,2.0075142
123,2022,Huila,2022-05-23,4,2022-06-20,1.3720443,2.0036647
123,2022,Huila,2022-05-30,1,2022-06-06,1.9723138,1.7768296
123,2022,Huila,2022-05-30,2,2022-06-13,2.5725834,1.7385482
123,2022,Huila,2022-05-30,3,2022-06-20,1.3720443,1.7319939
123,2022,Huila,2022-05-30,4,2022-06-27,0.77177495,1.7185197
123,2022,Huila,2022-06-06,1,2022-06-13,2.5725834,2.1329243
123,2022,Huila,2022-06-06,2,2022-06-20,1.3720443,2.1114082
123,2022,Huila,2022-06-06,3,2022-06-27,0.77177495,2.1235662
123,2022,Huila,2022-06-06,4,2022-07-04,0.9432806,2.1371267
123,2022,Huila,2022-06-13,1,2022-06-20,1.3720443,2.1254628
123,2022,Huila,2022-06-13,2,2022-06-27,0.77177495,2.1033037
123,2022,Huila,2022-06-13,3,2022-07-04,0.9432806,2.1101444
123,2022,Huila,2022-06-13,4,2022-07-11,1.2862916,2.1254938
123,2022,Huila,2022-06-20,1,2022-06-27,0.77177495,2.1412098
123,2022,Huila,2022-06-20,2,2022-07-04,0.9432806,2.1208212
123,2022,Huila,2022-06-20,3,2022-07-11,1.2862916,2.1261191
123,2022,Huila,2022-06-20,4,2022-07-18,1.4577973,2.1412616
123,2022,Huila,2022-06-27,1,2022-07-04,0.9432806,1.9396979
123,2022,Huila,2022-06-27,2,2022-07-11,1.2862916,1.90531
123,2022,Huila,2022-06-27,3,2022-07-18,1.4577973,1.898877
123,2022,Huila,2022-06-27,4,2022-07-25,1.0290333,1.9160745
123,2022,Huila,2022-07-04,1,2022-07-11,1.2862916,1.4648981
123,2022,Huila,2022-07-04,2,2022-07-18,1.4577973,1.4337602
123,2022,Huila,2022-07-04,3,2022-07-25,1.0290333,1.4204838
123,2022,Huila,2022-07-04,4,2022-08-01,0.9432806,1.3995202
123,2022,Huila,2022-07-11,1,2022-07-18,1.4577973,1.1934005
123,2022,Huila,2022-07-11,2,2022-07-25,1.0290333,1.1639429
123,2022,Huila,2022-07-11,3,2022-08-01,0.9432806,1.1623634
123,2022,Huila,2022-07-11,4,2022-08-08,2.4868305,1.130403
123,2022,Huila,2022-07-18,1,2022-07-25,1.0290333,1.1462483
123,2022,Huila,2022-07-18,2,2022-08-01,0.9432806,1.1184964
123,2022,Huila,2022-07-18,3,2022-08-08,2.4868305,1.127251
123,2022,Huila,2022-07-18,4,2022-08-15,1.3720443,1.1022967
123,2022,Huila,2022-07-25,1,2022-08-01,0.9432806,1.1889623
123,2022,Huila,2022-07-25,2,2022-08-08,2.4868305,1.1641092
123,2022,Huila,2022-07-25,3,2022-08-15,1.3720443,1.1790363
123,2022,Huila,2022-07-25,4,2022-08-22,1.2005389,1.1664679
123,2022,Huila,2022-08-01,1,2022-08-08,2.4868305,1.0762578
123,2022,Huila,2022-08-01,2,2022-08-15,1.3720443,1.0572621
123,2022,Huila,2022-08-01,3,2022-08-22,1.2005389,1.069065
123,2022,Huila,2022-08-01,4,2022-08-29,1.2862916,1.0636979
123,2022,Huila,2022-08-08,1,2022-08-15,1.3720443,0.994917
123,2022,Huila,2022-08-08,2,2022-08-22,1.2005389,0.9805295
123,2022,Huila,2022-08-08,3,2022-08-29,1.2862916,0.9893356
123,2022,Huila,2022-08-08,4,2022-09-05,1.4577973,0.9879657
123,2022,Huila,2022-08-15,1,2022-08-22,1.2005389,1.3213784
123,2022,Huila,2022-08-15,2,2022-08-29,1.2862916,1.3255094
123,2022,Huila,2022-08-15,3,2022-09-05,1.4577973,1.339148
123,2022,Huila,2022-08-15,4,2022-09-12,1.2005389,1.3737398
123,2022,Huila,2022-08-22,1,2022-08-29,1.2862916,1.411299
123,2022,Huila,2022-08-22,2,2022-09-05,1.4577973,1.4181265
123,2022,Huila,2022-08-22,3,2022-09-12,1.2005389,1.4286172
123,2022,Huila,2022-08-22,4,2022-09-19,1.0290333,1.472091
123,2022,Huila,2022-08-29,1,2022-09-05,1.4577973,1.3060709
123,2022,Huila,2022-08-29,2,2022-09-12,1.2005389,1.3057798
123,2022,Huila,2022-08-29,3,2022-09-19,1.0290333,1.3118901
123,2022,Huila,2022-08-29,4,2022-09-26,1.3720443,1.3391461
123,2022,Huila,2022-09-05,1,2022-09-12,1.2005389,1.2965001
123,2022,Huila,2022-09-05,2,2022-09-19,1.0290333,1.2957877
123,2022,Huila,2022-09-05,3,2022-09-26,1.3720443,1.3060468
123,2022,Huila,2022-09-05,4,2022-10-03,0.68602216,1.3282664
123,2022,Huila,2022-09-12,1,2022-09-19,1.0290333,1.3735931
123,2022,Huila,2022-09-12,2,2022-09-26,1.3720443,1.3752933
123,2022,Huila,2022-09-12,3,2022-10-03,0.68602216,1.3910191
123,2022,Huila,2022-09-12,4,2022-10-10,0.85752773,1.4178872
123,2022,Huila,2022-09-19,1,2022-09-26,1.3720443,1.3344173
123,2022,Huila,2022-09-19,2,2022-10-03,0.68602216,1.3354585
123,2022,Huila,2022-09-19,3,2022-10-10,0.85752773,1.3515753
123,2022,Huila,2022-09-19,4,2022-10-17,0.9432806,1.3722265
123,2022,Huila,2022-09-26,1,2022-10-03,0.68602216,1.2738231
123,2022,Huila,2022-09-26,2,2022-10-10,0.85752773,1.2732363
123,2022,Huila,2022-09-26,3,2022-10-17,0.9432806,1.2911898
123,2022,Huila,2022-09-26,4,2022-10-24,0.85752773,1.3040171
123,2022,Huila,2022-10-03,1,2022-10-10,0.85752773,1.3607866
123,2022,Huila,2022-10-03,2,2022-10-17,0.9432806,1.362461
123,2022,Huila,2022-10-03,3,2022-10-24,0.85752773,1.3871706
123,2022,Huila,2022-10-03,4,2022-10-31,0.51451665,1.4069254
123,2022,Huila,2022-10-10,1,2022-10-17,0.9432806,1.216818
123,2022,Huila,2022-10-10,2,2022-10-24,0.85752773,1.2200091
123,2022,Huila,2022-10-10,3,2022-10-31,0.51451665,1.2401041
123,2022,Huila,2022-10-10,4,2022-11-07,2.2295723,1.2549196
123,2022,Huila,2022-10-17,1,2022-10-24,0.85752773,1.1022304
123,2022,Huila,2022-10-17,2,2022-10-31,0.51451665,1.1042104
123,2022,Huila,2022-10-17,3,2022-11-07,2.2295723,1.1253436
123,2022,Huila,2022-10-17,4,2022-11-14,1.6293027,1.1330999
123,2022,Huila,2022-10-24,1,2022-10-31,0.51451665,1.0109135
123,2022,Huila,2022-10-24,2,2022-11-07,2.2295723,1.0103095
123,2022,Huila,2022-10-24,3,2022-11-14,1.6293027,1.031451
123,2022,Huila,2022-10-24,4,2022-11-21,1.4577973,1.0356437
123,2022,Huila,2022-10-31,1,2022-11-07,2.2295723,0.91842395
123,2022,Huila,2022-10-31,2,2022-11-14,1.6293027,0.91516995
123,2022,Huila,2022-10-31,3,2022-11-21,1.4577973,0.9321319
123,2022,Huila,2022-10-31,4,2022-11-28,1.114786,0.9337073
123,2022,Huila,2022-11-07,1,2022-11-14,1.6293027,0.82964927
123,2022,Huila,2022-11-07,2,2022-11-21,1.4577973,0.82551295
123,2022,Huila,2022-11-07,3,2022-11-28,1.114786,0.8390925
123,2022,Huila,2022-11-07,4,2022-12-05,1.2862916,0.84055376
123,2022,Huila,2022-11-14,1,2022-11-21,1.4577973,1.1072644
123,2022,Huila,2022-11-14,2,2022-11-28,1.114786,1.1080705
123,2022,Huila,2022-11-14,3,2022-12-05,1.2862916,1.1373097
123,2022,Huila,2022-11-14,4,2022-12-12,0.9432806,1.1617765
123,2022,Huila,2022-11-21,1,2022-11-28,1.114786,1.3650591
123,2022,Huila,2022-11-21,2,2022-12-05,1.2862916,1.3779114
123,2022,Huila,2022-11-21,3,2022-12-12,0.9432806,1.3950293
123,2022,Huila,2022-11-21,4,2022-12-19,1.7150555,1.4441212
123,2022,Huila,2022-11-28,1,2022-12-05,1.2862916,1.4753364
123,2022,Huila,2022-11-28,2,2022-12-12,0.9432806,1.4858948
123,2022,Huila,2022-11-28,3,2022-12-19,1.7150555,1.499106
123,2022,Huila,2022-11-28,4,2022-12-26,1.8008083,1.551438
123,2022,Magdalena,2022-02-21,1,2022-02-28,0.74054426,0.5934381
123,2022,Magdalena,2022-02-21,2,2022-03-07,0.67322206,0.58129585
123,2022,Magdalena,2022-02-21,3,2022-03-14,0.6058999,0.580877
123,2022,Magdalena,2022-02-21,4,2022-03-21,0.80786645,0.5623308
123,2022,Magdalena,2022-02-28,1,2022-03-07,0.67322206,0.58838564
123,2022,Magdalena,2022-02-28,2,2022-03-14,0.6058999,0.57870287
123,2022,Magdalena,2022-02-28,3,2022-03-21,0.80786645,0.58237207
123,2022,Magdalena,2022-02-28,4,2022-03-28,0.5385776,0.56877166
123,2022,Magdalena,2022-03-07,1,2022-03-14,0.6058999,0.5560024
123,2022,Magdalena,2022-03-07,2,2022-03-21,0.80786645,0.5486295
123,2022,Magdalena,2022-03-07,3,2022-03-28,0.5385776,0.5551665
123,2022,Magdalena,2022-03-07,4,2022-04-04,1.0098331,0.544753
123,2022,Magdalena,2022-03-14,1,2022-03-21,0.80786645,0.48525873
123,2022,Magdalena,2022-03-14,2,2022-03-28,0.5385776,0.47923735
123,2022,Magdalena,2022-03-14,3,2022-04-04,1.0098331,0.48779082
123,2022,Magdalena,2022-03-14,4,2022-04-11,0.87518865,0.47799525
123,2022,Magdalena,2022-03-21,1,2022-03-28,0.5385776,0.49283096
123,2022,Magdalena,2022-03-21,2,2022-04-04,1.0098331,0.4904832
123,2022,Magdalena,2022-03-21,3,2022-04-11,0.87518865,0.5029369
123,2022,Magdalena,2022-03-21,4,2022-04-18,1.0771552,0.498015
123,2022,Magdalena,2022-03-28,1,2022-04-04,1.0098331,0.5695014
123,2022,Magdalena,2022-03-28,2,2022-04-11,0.87518865,0.57620937
123,2022,Magdalena,2022-03-28,3,2022-04-18,1.0771552,0.59407574
123,2022,Magdalena,2022-03-28,4,2022-04-25,0.6058999,0.60172516
123,2022,Magdalena,2022-04-04,1,2022-04-11,0.87518865,0.6262518
123,2022,Magdalena,2022-04-04,2,2022-04-18,1.0771552,0.64146626
123,2022,Magdalena,2022-04-04,3,2022-04-25,0.6058999,0.6652505
123,2022,Magdalena,2022-04-04,4,2022-05-02,1.1444775,0.67977214
123,2022,Magdalena,2022-04-11,1,2022-04-18,1.0771552,0.6848213
123,2022,Magdalena,2022-04-11,2,2022-04-25,0.6058999,0.7058706
123,2022,Magdalena,2022-04-11,3,2022-05-02,1.1444775,0.7367915
123,2022,Magdalena,2022-04-11,4,2022-05-09,1.2117997,0.755249
123,2022,Magdalena,2022-04-18,1,2022-04-25,0.6058999,0.81015563
123,2022,Magdalena,2022-04-18,2,2022-05-02,1.1444775,0.83978397
123,2022,Magdalena,2022-04-18,3,2022-05-09,1.2117997,0.8831862
123,2022,Magdalena,2022-04-18,4,2022-05-16,1.952344,0.9139124
123,2022,Magdalena,2022-04-25,1,2022-05-02,1.1444775,1.0438176
123,2022,Magdalena,2022-04-25,2,2022-05-09,1.2117997,1.0921066
123,2022,Magdalena,2022-04-25,3,2022-05-16,1.952344,1.1468627
123,2022,Magdalena,2022-04-25,4,2022-05-23,1.4137664,1.2028196
123,2022,Magdalena,2022-05-02,1,2022-05-09,1.2117997,1.0541191
123,2022,Magdalena,2022-05-02,2,2022-05-16,1.952344,1.0992541
123,2022,Magdalena,2022-05-02,3,2022-05-23,1.4137664,1.1550854
123,2022,Magdalena,2022-05-02,4,2022-05-30,1.6157329,1.2040697
123,2022,Magdalena,2022-05-09,1,2022-05-16,1.952344,1.1898615
123,2022,Magdalena,2022-05-09,2,2022-05-23,1.4137664,1.2443117
123,2022,Magdalena,2022-05-09,3,2022-05-30,1.6157329,1.3038625
123,2022,Magdalena,2022-05-09,4,2022-06-06,1.6157329,1.3663508
123,2022,Magdalena,2022-05-16,1,2022-05-23,1.4137664,1.4089527
123,2022,Magdalena,2022-05-16,2,2022-05-30,1.6157329,1.4770865
123,2022,Magdalena,2022-05-16,3,2022-06-06,1.6157329,1.5431044
123,2022,Magdalena,2022-05-16,4,2022-06-13,1.2791219,1.6221054
123,2022,Magdalena,2022-05-23,1,2022-05-30,1.6157329,1.8178567
123,2022,Magdalena,2022-05-23,2,2022-06-06,1.6157329,1.9087929
123,2022,Magdalena,2022-05-23,3,2022-06-13,1.2791219,1.982975
123,2022,Magdalena,2022-05-23,4,2022-06-20,1.5484108,2.073494
123,2022,Magdalena,2022-05-30,1,2022-06-06,1.6157329,2.0997522
123,2022,Magdalena,2022-05-30,2,2022-06-13,1.2791219,2.1935277
123,2022,Magdalena,2022-05-30,3,2022-06-20,1.5484108,2.2760544
123,2022,Magdalena,2022-05-30,4,2022-06-27,1.1444775,2.3563192
123,2022,Magdalena,2022-06-06,1,2022-06-13,1.2791219,2.2301145
123,2022,Magdalena,2022-06-06,2,2022-06-20,1.5484108,2.3150876
123,2022,Magdalena,2022-06-06,3,2022-06-27,1.1444775,2.3990633
123,2022,Magdalena,2022-06-06,4,2022-07-04,1.8850217,2.4678252
123,2022,Magdalena,2022-06-13,1,2022-06-20,1.5484108,2.220399
123,2022,Magdalena,2022-06-13,2,2022-06-27,1.1444775,2.286352
123,2022,Magdalena,2022-06-13,3,2022-07-04,1.8850217,2.3645093
123,2022,Magdalena,2022-06-13,4,2022-07-11,2.8275328,2.4196284
123,2022,Magdalena,2022-06-20,1,2022-06-27,1.1444775,2.052563
123,2022,Magdalena,2022-06-20,2,2022-07-04,1.8850217,2.0771916
123,2022,Magdalena,2022-06-20,3,2022-07-11,2.8275328,2.1372385
123,2022,Magdalena,2022-06-20,4,2022-07-18,2.6255658,2.1820872
123,2022,Magdalena,2022-06-27,1,2022-07-04,1.8850217,2.0327024
123,2022,Magdalena,2022-06-27,2,2022-07-11,2.8275328,2.040833
123,2022,Magdalena,2022-06-27,3,2022-07-18,2.6255658,2.092411
123,2022,Magdalena,2022-06-27,4,2022-07-25,2.4909217,2.1276217
123,2022,Magdalena,2022-07-04,1,2022-07-11,2.8275328,1.8045042
123,2022,Magdalena,2022-07-04,2,2022-07-18,2.6255658,1.7932042
123,2022,Magdalena,2022-07-04,3,2022-07-25,2.4909217,1.8291093
123,2022,Magdalena,2022-07-04,4,2022-08-01,2.288955,1.8360345
123,2022,Magdalena,2022-07-11,1,2022-07-18,2.6255658,1.8871272
123,2022,Magdalena,2022-07-11,2,2022-07-25,2.4909217,1.8760421
123,2022,Magdalena,2022-07-11,3,2022-08-01,2.288955,1.912225
123,2022,Magdalena,2022-07-11,4,2022-08-08,2.3562772,1.9224547
123,2022,Magdalena,2022-07-18,1,2022-07-25,2.4909217,2.4344554
123,2022,Magdalena,2022-07-18,2,2022-08-01,2.288955,2.4606423
123,2022,Magdalena,2022-07-18,3,2022-08-08,2.3562772,2.5035694
123,2022,Magdalena,2022-07-18,4,2022-08-15,2.6255658,2.51944
123,2022,Magdalena,2022-07-25,1,2022-08-01,2.288955,2.7810998
123,2022,Magdalena,2022-07-25,2,2022-08-08,2.3562772,2.802125
123,2022,Magdalena,2022-07-25,3,2022-08-15,2.6255658,2.8335476
123,2022,Magdalena,2022-07-25,4,2022-08-22,2.1543107,2.8401756
123,2022,Magdalena,2022-08-01,1,2022-08-08,2.3562772,2.8348105
123,2022,Magdalena,2022-08-01,2,2022-08-15,2.6255658,2.8461146
123,2022,Magdalena,2022-08-01,3,2022-08-22,2.1543107,2.8736155
123,2022,Magdalena,2022-08-01,4,2022-08-29,2.7602105,2.876588
123,2022,Magdalena,2022-08-08,1,2022-08-15,2.6255658,2.736788
123,2022,Magdalena,2022-08-08,2,2022-08-22,2.1543107,2.7409527
123,2022,Magdalena,2022-08-08,3,2022-08-29,2.7602105,2.7709632
123,2022,Magdalena,2022-08-08,4,2022-09-05,1.952344,2.7729268
123,2022,Magdalena,2022-08-15,1,2022-08-22,2.1543107,2.7187152
123,2022,Magdalena,2022-08-15,2,2022-08-29,2.7602105,2.7208037
123,2022,Magdalena,2022-08-15,3,2022-09-05,1.952344,2.7516425
123,2022,Magdalena,2022-08-15,4,2022-09-12,1.6830552,2.7515888
123,2022,Magdalena,2022-08-22,1,2022-08-29,2.7602105,2.7935212
123,2022,Magdalena,2022-08-22,2,2022-09-05,1.952344,2.7981963
123,2022,Magdalena,2022-08-22,3,2022-09-12,1.6830552,2.8303738
123,2022,Magdalena,2022-08-22,4,2022-09-19,1.8850217,2.8289266
123,2022,Magdalena,2022-08-29,1,2022-09-05,1.952344,2.6108007
123,2022,Magdalena,2022-08-29,2,2022-09-12,1.6830552,2.6105473
123,2022,Magdalena,2022-08-29,3,2022-09-19,1.8850217,2.6441317
123,2022,Magdalena,2022-08-29,4,2022-09-26,1.5484108,2.6497753
123,2022,Magdalena,2022-09-05,1,2022-09-12,1.6830552,2.7548451
123,2022,Magdalena,2022-09-05,2,2022-09-19,1.8850217,2.7597063
123,2022,Magdalena,2022-09-05,3,2022-09-26,1.5484108,2.7933333
123,2022,Magdalena,2022-09-05,4,2022-10-03,1.7503772,2.796066
123,2022,Magdalena,2022-09-12,1,2022-09-19,1.8850217,2.6159587
123,2022,Magdalena,2022-09-12,2,2022-09-26,1.5484108,2.6187518
123,2022,Magdalena,2022-09-12,3,2022-10-03,1.7503772,2.6500797
123,2022,Magdalena,2022-09-12,4,2022-10-10,2.2216327,2.6598444
123,2022,Magdalena,2022-09-19,1,2022-09-26,1.5484108,2.3636768
123,2022,Magdalena,2022-09-19,2,2022-10-03,1.7503772,2.3577766
123,2022,Magdalena,2022-09-19,3,2022-10-10,2.2216327,2.3830767
123,2022,Magdalena,2022-09-19,4,2022-10-17,1.2117997,2.4022698
123,2022,Magdalena,2022-09-26,1,2022-10-03,1.7503772,2.2318144
123,2022,Magdalena,2022-09-26,2,2022-10-10,2.2216327,2.2231
123,2022,Magdalena,2022-09-26,3,2022-10-17,1.2117997,2.2453942
123,2022,Magdalena,2022-09-26,4,2022-10-24,1.8850217,2.270637
123,2022,Magdalena,2022-10-03,1,2022-10-10,2.2216327,2.1082072
123,2022,Magdalena,2022-10-03,2,2022-10-17,1.2117997,2.095241
123,2022,Magdalena,2022-10-03,3,2022-10-24,1.8850217,2.1138146
123,2022,Magdalena,2022-10-03,4,2022-10-31,2.0869882,2.1443107
123,2022,Magdalena,2022-10-10,1,2022-10-17,1.2117997,2.0141206
123,2022,Magdalena,2022-10-10,2,2022-10-24,1.8850217,2.0028567
123,2022,Magdalena,2022-10-10,3,2022-10-31,2.0869882,2.0210538
123,2022,Magdalena,2022-10-10,4,2022-11-07,1.5484108,2.049658
123,2022,Magdalena,2022-10-17,1,2022-10-24,1.8850217,2.0583713
123,2022,Magdalena,2022-10-17,2,2022-10-31,2.0869882,2.0533812
123,2022,Magdalena,2022-10-17,3,2022-11-07,1.5484108,2.0734508
123,2022,Magdalena,2022-10-17,4,2022-11-14,1.952344,2.1091714
123,2022,Magdalena,2022-10-24,1,2022-10-31,2.0869882,1.8274957
123,2022,Magdalena,2022-10-24,2,2022-11-07,1.5484108,1.8108048
123,2022,Magdalena,2022-10-24,3,2022-11-14,1.952344,1.821058
123,2022,Magdalena,2022-10-24,4,2022-11-21,1.8176994,1.8405007
123,2022,Magdalena,2022-10-31,1,2022-11-07,1.5484108,1.7690192
123,2022,Magdalena,2022-10-31,2,2022-11-14,1.952344,1.7557651
123,2022,Magdalena,2022-10-31,3,2022-11-21,1.8176994,1.7660136
123,2022,Magdalena,2022-10-31,4,2022-11-28,3.029499,1.7861347
123,2022,Magdalena,2022-11-07,1,2022-11-14,1.952344,1.8933724
123,2022,Magdalena,2022-11-07,2,2022-11-21,1.8176994,1.8890686
123,2022,Magdalena,2022-11-07,3,2022-11-28,3.029499,1.9037887
123,2022,Magdalena,2022-11-07,4,2022-12-05,2.4909217,1.9395808
123,2022,Magdalena,2022-11-14,1,2022-11-21,1.8176994,1.819214
123,2022,Magdalena,2022-11-14,2,2022-11-28,3.029499,1.8116266
123,2022,Magdalena,2022-11-14,3,2022-12-05,2.4909217,1.8230159
123,2022,Magdalena,2022-11-14,4,2022-12-12,2.6928883,1.8552262
123,2022,Magdalena,2022-11-21,1,2022-11-28,3.029499,1.8604481
123,2022,Magdalena,2022-11-21,2,2022-12-05,2.4909217,1.8559121
123,2022,Magdalena,2022-11-21,3,2022-12-12,2.6928883,1.8694354
123,2022,Magdalena,2022-11-21,4,2022-12-19,2.4235995,1.9059505
123,2022,Magdalena,2022-11-28,1,2022-12-05,2.4909217,2.0294573
123,2022,Magdalena,2022-11-28,2,2022-12-12,2.6928883,2.0417767
123,2022,Magdalena,2022-11-28,3,2022-12-19,2.4235995,2.059967
123,2022,Magdalena,2022-11-28,4,2022-12-26,1.6830552,2.0999591
123,2022,Meta,2022-02-21,1,2022-02-28,2.9507782,1.8470275
123,2022,Meta,2022-02-21,2,2022-03-07,2.3248556,1.9194636
123,2022,Meta,2022-02-21,3,2022-03-14,3.4872835,1.9964942
123,2022,Meta,2022-02-21,4,2022-03-21,2.7719433,2.0532439
123,2022,Meta,2022-02-28,1,2022-03-07,2.3248556,2.665714
123,2022,Meta,2022-02-28,2,2022-03-14,3.4872835,2.7753942
123,2022,Meta,2022-02-28,3,2022-03-21,2.7719433,2.8725939
123,2022,Meta,2022-02-28,4,2022-03-28,4.023789,2.921853
123,2022,Meta,2022-03-07,1,2022-03-14,3.4872835,3.1801891
123,2022,Meta,2022-03-07,2,2022-03-21,2.7719433,3.2992873
123,2022,Meta,2022-03-07,3,2022-03-28,4.023789,3.4026084
123,2022,Meta,2022-03-07,4,2022-04-04,4.3814588,3.446143
123,2022,Meta,2022-03-14,1,2022-03-21,2.7719433,3.1200838
123,2022,Meta,2022-03-14,2,2022-03-28,4.023789,3.2159324
123,2022,Meta,2022-03-14,3,2022-04-04,4.3814588,3.323171
123,2022,Meta,2022-03-14,4,2022-04-11,2.7719433,3.3621616
123,2022,Meta,2022-03-21,1,2022-03-28,4.023789,4.1598043
123,2022,Meta,2022-03-21,2,2022-04-04,4.3814588,4.3237376
123,2022,Meta,2022-03-21,3,2022-04-11,2.7719433,4.4594355
123,2022,Meta,2022-03-21,4,2022-04-18,3.8449538,4.49736
123,2022,Meta,2022-03-28,1,2022-04-04,4.3814588,4.426107
123,2022,Meta,2022-03-28,2,2022-04-11,2.7719433,4.5773263
123,2022,Meta,2022-03-28,3,2022-04-18,3.8449538,4.702266
123,2022,Meta,2022-03-28,4,2022-04-25,4.2026234,4.738029
123,2022,Meta,2022-04-04,1,2022-04-11,2.7719433,4.9794345
123,2022,Meta,2022-04-04,2,2022-04-18,3.8449538,5.1505017
123,2022,Meta,2022-04-04,3,2022-04-25,4.2026234,5.2845955
123,2022,Meta,2022-04-04,4,2022-05-02,3.8449538,5.3145094
123,2022,Meta,2022-04-11,1,2022-04-18,3.8449538,5.6845155
123,2022,Meta,2022-04-11,2,2022-04-25,4.2026234,5.880432
123,2022,Meta,2022-04-11,3,2022-05-02,3.8449538,6.016555
123,2022,Meta,2022-04-11,4,2022-05-09,5.0967984,6.0325146
123,2022,Meta,2022-04-18,1,2022-04-25,4.2026234,4.9937363
123,2022,Meta,2022-04-18,2,2022-05-02,3.8449538,5.0901976
123,2022,Meta,2022-04-18,3,2022-05-09,5.0967984,5.180548
123,2022,Meta,2022-04-18,4,2022-05-16,5.2756343,5.194771
123,2022,Meta,2022-04-25,1,2022-05-02,3.8449538,5.04956
123,2022,Meta,2022-04-25,2,2022-05-09,5.0967984,5.126903
123,2022,Meta,2022-04-25,3,2022-05-16,5.2756343,5.2053432
123,2022,Meta,2022-04-25,4,2022-05-23,3.9343712,5.1945386
123,2022,Meta,2022-05-02,1,2022-05-09,5.0967984,5.0072327
123,2022,Meta,2022-05-02,2,2022-05-16,5.2756343,5.0351357
123,2022,Meta,2022-05-02,3,2022-05-23,3.9343712,5.0793166
123,2022,Meta,2022-05-02,4,2022-05-30,5.6333046,5.04476
123,2022,Meta,2022-05-09,1,2022-05-16,5.2756343,4.8855953
123,2022,Meta,2022-05-09,2,2022-05-23,3.9343712,4.870488
123,2022,Meta,2022-05-09,3,2022-05-30,5.6333046,4.8870997
123,2022,Meta,2022-05-09,4,2022-06-06,5.6333046,4.8367734
123,2022,Meta,2022-05-16,1,2022-05-23,3.9343712,5.0586014
123,2022,Meta,2022-05-16,2,2022-05-30,5.6333046,5.0021987
123,2022,Meta,2022-05-16,3,2022-06-06,5.6333046,4.987046
123,2022,Meta,2022-05-16,4,2022-06-13,6.259227,4.9019094
123,2022,Meta,2022-05-23,1,2022-05-30,5.6333046,4.9915304
123,2022,Meta,2022-05-23,2,2022-06-06,5.6333046,4.8731837
123,2022,Meta,2022-05-23,3,2022-06-13,6.259227,4.8167086
123,2022,Meta,2022-05-23,4,2022-06-20,4.292041,4.70793
123,2022,Meta,2022-05-30,1,2022-06-06,5.6333046,4.27169
123,2022,Meta,2022-05-30,2,2022-06-13,6.259227,4.1093507
123,2022,Meta,2022-05-30,3,2022-06-20,4.292041,4.0298705
123,2022,Meta,2022-05-30,4,2022-06-27,4.3814588,3.9323287
123,2022,Meta,2022-06-06,1,2022-06-13,6.259227,4.6319656
123,2022,Meta,2022-06-06,2,2022-06-20,4.292041,4.472557
123,2022,Meta,2022-06-06,3,2022-06-27,4.3814588,4.379774
123,2022,Meta,2022-06-06,4,2022-07-04,3.8449538,4.2458334
123,2022,Meta,2022-06-13,1,2022-06-20,4.292041,4.6503234
123,2022,Meta,2022-06-13,2,2022-06-27,4.3814588,4.457262
123,2022,Meta,2022-06-13,3,2022-07-04,3.8449538,4.3459425
123,2022,Meta,2022-06-13,4,2022-07-11,4.5602937,4.2013855
123,2022,Meta,2022-06-20,1,2022-06-27,4.3814588,4.8274574
123,2022,Meta,2022-06-20,2,2022-07-04,3.8449538,4.6229305
123,2022,Meta,2022-06-20,3,2022-07-11,4.5602937,4.4978113
123,2022,Meta,2022-06-20,4,2022-07-18,3.5767012,4.3404417
123,2022,Meta,2022-06-27,1,2022-07-04,3.8449538,4.195161
123,2022,Meta,2022-06-27,2,2022-07-11,4.5602937,3.9800873
123,2022,Meta,2022-06-27,3,2022-07-18,3.5767012,3.855037
123,2022,Meta,2022-06-27,4,2022-07-25,6.3486447,3.7320323
123,2022,Meta,2022-07-04,1,2022-07-11,4.5602937,3.6527166
123,2022,Meta,2022-07-04,2,2022-07-18,3.5767012,3.4619596
123,2022,Meta,2022-07-04,3,2022-07-25,6.3486447,3.3509834
123,2022,Meta,2022-07-04,4,2022-08-01,4.649711,3.2490602
123,2022,Meta,2022-07-11,1,2022-07-18,3.5767012,3.1913674
123,2022,Meta,2022-07-11,2,2022-07-25,6.3486447,3.0300694
123,2022,Meta,2022-07-11,3,2022-08-01,4.649711,2.9321063
123,2022,Meta,2022-07-11,4,2022-08-08,3.7555363,2.8516722
123,2022,Meta,2022-07-18,1,2022-07-25,6.3486447,3.3958993
123,2022,Meta,2022-07-18,2,2022-08-01,4.649711,3.2594974
123,2022,Meta,2022-07-18,3,2022-08-08,3.7555363,3.1743157
123,2022,Meta,2022-07-18,4,2022-08-15,3.4872835,3.0812426
123,2022,Meta,2022-07-25,1,2022-08-01,4.649711,3.187062
123,2022,Meta,2022-07-25,2,2022-08-08,3.7555363,3.0588906
123,2022,Meta,2022-07-25,3,2022-08-15,3.4872835,2.983857
123,2022,Meta,2022-07-25,4,2022-08-22,3.1296134,2.9100106
123,2022,Meta,2022-08-01,1,2022-08-08,3.7555363,4.0044327
123,2022,Meta,2022-08-01,2,2022-08-15,3.4872835,3.8942876
123,2022,Meta,2022-08-01,3,2022-08-22,3.1296134,3.8130932
123,2022,Meta,2022-08-01,4,2022-08-29,3.7555363,3.7064745
123,2022,Meta,2022-08-08,1,2022-08-15,3.4872835,4.0665793
123,2022,Meta,2022-08-08,2,2022-08-22,3.1296134,3.939459
123,2022,Meta,2022-08-08,3,2022-08-29,3.7555363,3.8487442
123,2022,Meta,2022-08-08,4,2022-09-05,3.3084483,3.7527645
123,2022,Meta,2022-08-15,1,2022-08-22,3.1296134,3.782786
123,2022,Meta,2022-08-15,2,2022-08-29,3.7555363,3.6585696
123,2022,Meta,2022-08-15,3,2022-09-05,3.3084483,3.5701964
123,2022,Meta,2022-08-15,4,2022-09-12,2.7719433,3.4941316
123,2022,Meta,2022-08-22,1,2022-08-29,3.7555363,3.5877542
123,2022,Meta,2022-08-22,2,2022-09-05,3.3084483,3.4794168
123,2022,Meta,2022-08-22,3,2022-09-12,2.7719433,3.4044833
123,2022,Meta,2022-08-22,4,2022-09-19,2.3248556,3.3406672
123,2022,Meta,2022-08-29,1,2022-09-05,3.3084483,3.1628578
123,2022,Meta,2022-08-29,2,2022-09-12,2.7719433,3.0705037
123,2022,Meta,2022-08-29,3,2022-09-19,2.3248556,3.012062
123,2022,Meta,2022-08-29,4,2022-09-26,4.292041,2.9683633
123,2022,Meta,2022-09-05,1,2022-09-12,2.7719433,3.1893504
123,2022,Meta,2022-09-05,2,2022-09-19,2.3248556,3.1168656
123,2022,Meta,2022-09-05,3,2022-09-26,4.292041,3.0696688
123,2022,Meta,2022-09-05,4,2022-10-03,3.6661184,3.0259216
123,2022,Meta,2022-09-12,1,2022-09-19,2.3248556,3.184254
123,2022,Meta,2022-09-12,2,2022-09-26,4.292041,3.1222913
123,2022,Meta,2022-09-12,3,2022-10-03,3.6661184,3.083566
123,2022,Meta,2022-09-12,4,2022-10-10,2.9507782,3.0448873
123,2022,Meta,2022-09-19,1,2022-09-26,4.292041,3.0175886
123,2022,Meta,2022-09-19,2,2022-10-03,3.6661184,2.9590912
123,2022,Meta,2022-09-19,3,2022-10-10,2.9507782,2.9257045
123,2022,Meta,2022-09-19,4,2022-10-17,3.3978658,2.8964803
123,2022,Meta,2022-09-26,1,2022-10-03,3.6661184,2.784037
123,2022,Meta,2022-09-26,2,2022-10-10,2.9507782,2.7328346
123,2022,Meta,2022-09-26,3,2022-10-17,3.3978658,2.7044244
123,2022,Meta,2022-09-26,4,2022-10-24,3.9343712,2.6862776
123,2022,Meta,2022-10-03,1,2022-10-10,2.9507782,3.3356364
123,2022,Meta,2022-10-03,2,2022-10-17,3.3978658,3.3046012
123,2022,Meta,2022-10-03,3,2022-10-24,3.9343712,3.2821288
123,2022,Meta,2022-10-03,4,2022-10-31,3.1296134,3.2487335
123,2022,Meta,2022-10-10,1,2022-10-17,3.3978658,3.6173587
123,2022,Meta,2022-10-10,2,2022-10-24,3.9343712,3.5834599
123,2022,Meta,2022-10-10,3,2022-10-31,3.1296134,3.5578253
123,2022,Meta,2022-10-10,4,2022-11-07,2.5931084,3.5221274
123,2022,Meta,2022-10-17,1,2022-10-24,3.9343712,3.447935
123,2022,Meta,2022-10-17,2,2022-10-31,3.1296134,3.4083548
123,2022,Meta,2022-10-17,3,2022-11-07,2.5931084,3.3858938
123,2022,Meta,2022-10-17,4,2022-11-14,5.007381,3.3610916
123,2022,Meta,2022-10-24,1,2022-10-31,3.1296134,3.4981155
123,2022,Meta,2022-10-24,2,2022-11-07,2.5931084,3.465633
123,2022,Meta,2022-10-24,3,2022-11-14,5.007381,3.4477947
123,2022,Meta,2022-10-24,4,2022-11-21,3.8449538,3.422527
123,2022,Meta,2022-10-31,1,2022-11-07,2.5931084,3.703629
123,2022,Meta,2022-10-31,2,2022-11-14,5.007381,3.6765056
123,2022,Meta,2022-10-31,3,2022-11-21,3.8449538,3.6573703
123,2022,Meta,2022-10-31,4,2022-11-28,3.1296134,3.628903
123,2022,Meta,2022-11-07,1,2022-11-14,5.007381,3.5795293
123,2022,Meta,2022-11-07,2,2022-11-21,3.8449538,3.5449734
123,2022,Meta,2022-11-07,3,2022-11-28,3.1296134,3.523259
123,2022,Meta,2022-11-07,4,2022-12-05,3.4872835,3.5004354
123,2022,Meta,2022-11-14,1,2022-11-21,3.8449538,3.4635537
123,2022,Meta,2022-11-14,2,2022-11-28,3.1296134,3.4316254
123,2022,Meta,2022-11-14,3,2022-12-05,3.4872835,3.4174893
123,2022,Meta,2022-11-14,4,2022-12-12,2.9507782,3.398136
123,2022,Meta,2022-11-21,1,2022-11-28,3.1296134,4.2719083
123,2022,Meta,2022-11-21,2,2022-12-05,3.4872835,4.267784
123,2022,Meta,2022-11-21,3,2022-12-12,2.9507782,4.2521267
123,2022,Meta,2022-11-21,4,2022-12-19,3.2190309,4.208102
123,2022,Meta,2022-11-28,1,2022-12-05,3.4872835,4.4237313
123,2022,Meta,2022-11-28,2,2022-12-12,2.9507782,4.3949113
123,2022,Meta,2022-11-28,3,2022-12-19,3.2190309,4.3647957
123,2022,Meta,2022-11-28,4,2022-12-26,3.040196,4.3163714
123,2022,Narino,2022-02-21,1,2022-02-28,1.8405468,0.36946616
123,2022,Narino,2022-02-21,2,2022-03-07,0.59372485,0.37607494
123,2022,Narino,2022-02-21,3,2022-03-14,0.83121467,0.37791237
123,2022,Narino,2022-02-21,4,2022-03-21,1.1874496,0.38278693
123,2022,Narino,2022-02-28,1,2022-03-07,0.59372485,0.3673261
123,2022,Narino,2022-02-28,2,2022-03-14,0.83121467,0.37319896
123,2022,Narino,2022-02-28,3,2022-03-21,1.1874496,0.37462935
123,2022,Narino,2022-02-28,4,2022-03-28,0.83121467,0.38142425
123,2022,Narino,2022-03-07,1,2022-03-14,0.83121467,0.5298319
123,2022,Narino,2022-03-07,2,2022-03-21,1.1874496,0.5409098
123,2022,Narino,2022-03-07,3,2022-03-28,0.83121467,0.54555166
123,2022,Narino,2022-03-07,4,2022-04-04,0.6530973,0.5660529
123,2022,Narino,2022-03-14,1,2022-03-21,1.1874496,0.6049778
123,2022,Narino,2022-03-14,2,2022-03-28,0.83121467,0.6170287
123,2022,Narino,2022-03-14,3,2022-04-04,0.6530973,0.6217196
123,2022,Narino,2022-03-14,4,2022-04-11,0.53435236,0.6455706
123,2022,Narino,2022-03-21,1,2022-03-28,0.83121467,0.64685583
123,2022,Narino,2022-03-21,2,2022-04-04,0.6530973,0.65796286
123,2022,Narino,2022-03-21,3,2022-04-11,0.53435236,0.6612412
123,2022,Narino,2022-03-21,4,2022-04-18,0.83121467,0.6830202
123,2022,Narino,2022-03-28,1,2022-04-04,0.6530973,0.74197847
123,2022,Narino,2022-03-28,2,2022-04-11,0.53435236,0.7526999
123,2022,Narino,2022-03-28,3,2022-04-18,0.83121467,0.7586145
123,2022,Narino,2022-03-28,4,2022-04-25,1.0687046,0.7815244
123,2022,Narino,2022-04-04,1,2022-04-11,0.53435236,0.7595456
123,2022,Narino,2022-04-04,2,2022-04-18,0.83121467,0.7673797
123,2022,Narino,2022-04-04,3,2022-04-25,1.0687046,0.7718961
123,2022,Narino,2022-04-04,4,2022-05-02,1.246822,0.7883075
123,2022,Narino,2022-04-11,1,2022-04-18,0.83121467,0.6992995
123,2022,Narino,2022-04-11,2,2022-04-25,1.0687046,0.7023951
123,2022,Narino,2022-04-11,3,2022-05-02,1.246822,0.70273817
123,2022,Narino,2022-04-11,4,2022-05-09,0.17811745,0.70779514
123,2022,Narino,2022-04-18,1,2022-04-25,1.0687046,0.63052315
123,2022,Narino,2022-04-18,2,2022-05-02,1.246822,0.6284736
123,2022,Narino,2022-04-18,3,2022-05-09,0.17811745,0.62694484
123,2022,Narino,2022-04-18,4,2022-05-16,0.83121467,0.6244729
123,2022,Narino,2022-04-25,1,2022-05-02,1.246822,0.61144185
123,2022,Narino,2022-04-25,2,2022-05-09,0.17811745,0.60554075
123,2022,Narino,2022-04-25,3,2022-05-16,0.83121467,0.6031144
123,2022,Narino,2022-04-25,4,2022-05-23,0.83121467,0.59916514
123,2022,Narino,2022-05-02,1,2022-05-09,0.17811745,0.6278227
123,2022,Narino,2022-05-02,2,2022-05-16,0.83121467,0.6221303
123,2022,Narino,2022-05-02,3,2022-05-23,0.83121467,0.619987
123,2022,Narino,2022-05-02,4,2022-05-30,1.246822,0.62161565
123,2022,Narino,2022-05-09,1,2022-05-16,0.83121467,0.6940244
123,2022,Narino,2022-05-09,2,2022-05-23,0.83121467,0.6896336
123,2022,Narino,2022-05-09,3,2022-05-30,1.246822,0.68976873
123,2022,Narino,2022-05-09,4,2022-06-06,0.6530973,0.6985404
123,2022,Narino,2022-05-16,1,2022-05-23,0.83121467,0.61460674
123,2022,Narino,2022-05-16,2,2022-05-30,1.246822,0.6084057
123,2022,Narino,2022-05-16,3,2022-06-06,0.6530973,0.6029759
123,2022,Narino,2022-05-16,4,2022-06-13,0.9499597,0.60598886
123,2022,Narino,2022-05-23,1,2022-05-30,1.246822,0.5840984
123,2022,Narino,2022-05-23,2,2022-06-06,0.6530973,0.57581234
123,2022,Narino,2022-05-23,3,2022-06-13,0.9499597,0.56966764
123,2022,Narino,2022-05-23,4,2022-06-20,0.83121467,0.5712568
123,2022,Narino,2022-05-30,1,2022-06-06,0.6530973,0.583926
123,2022,Narino,2022-05-30,2,2022-06-13,0.9499597,0.57562
123,2022,Narino,2022-05-30,3,2022-06-20,0.83121467,0.5699637
123,2022,Narino,2022-05-30,4,2022-06-27,0.59372485,0.57254213
123,2022,Narino,2022-06-06,1,2022-06-13,0.9499597,0.60907954
123,2022,Narino,2022-06-06,2,2022-06-20,0.83121467,0.6006359
123,2022,Narino,2022-06-06,3,2022-06-27,0.59372485,0.5951075
123,2022,Narino,2022-06-06,4,2022-07-04,0.6530973,0.59983295
123,2022,Narino,2022-06-13,1,2022-06-20,0.83121467,0.5950642
123,2022,Narino,2022-06-13,2,2022-06-27,0.59372485,0.5837085
123,2022,Narino,2022-06-13,3,2022-07-04,0.6530973,0.5769762
123,2022,Narino,2022-06-13,4,2022-07-11,0.23748992,0.5795495
123,2022,Narino,2022-06-20,1,2022-06-27,0.59372485,0.60787815
123,2022,Narino,2022-06-20,2,2022-07-04,0.6530973,0.5965939
123,2022,Narino,2022-06-20,3,2022-07-11,0.23748992,0.589812
123,2022,Narino,2022-06-20,4,2022-07-18,0.35623488,0.5941641
123,2022,Narino,2022-06-27,1,2022-07-04,0.6530973,0.6134293
123,2022,Narino,2022-06-27,2,2022-07-11,0.23748992,0.60139143
123,2022,Narino,2022-06-27,3,2022-07-18,0.35623488,0.59418267
123,2022,Narino,2022-06-27,4,2022-07-25,0.6530973,0.5989916
123,2022,Narino,2022-07-04,1,2022-07-11,0.23748992,0.5726935
123,2022,Narino,2022-07-04,2,2022-07-18,0.35623488,0.5595692
123,2022,Narino,2022-07-04,3,2022-07-25,0.6530973,0.55225545
123,2022,Narino,2022-07-04,4,2022-08-01,0.71246976,0.55532634
123,2022,Narino,2022-07-11,1,2022-07-18,0.35623488,0.54617745
123,2022,Narino,2022-07-11,2,2022-07-25,0.6530973,0.53288305
123,2022,Narino,2022-07-11,3,2022-08-01,0.71246976,0.5261366
123,2022,Narino,2022-07-11,4,2022-08-08,0.83121467,0.5281368
123,2022,Narino,2022-07-18,1,2022-07-25,0.6530973,0.5013647
123,2022,Narino,2022-07-18,2,2022-08-01,0.71246976,0.48846692
123,2022,Narino,2022-07-18,3,2022-08-08,0.83121467,0.48225254
123,2022,Narino,2022-07-18,4,2022-08-15,0.77184224,0.48297855
123,2022,Narino,2022-07-25,1,2022-08-01,0.71246976,0.444293
123,2022,Narino,2022-07-25,2,2022-08-08,0.83121467,0.43200156
123,2022,Narino,2022-07-25,3,2022-08-15,0.77184224,0.4262591
123,2022,Narino,2022-07-25,4,2022-08-22,0.59372485,0.42568266
123,2022,Narino,2022-08-01,1,2022-08-08,0.83121467,0.38017732
123,2022,Narino,2022-08-01,2,2022-08-15,0.77184224,0.36829156
123,2022,Narino,2022-08-01,3,2022-08-22,0.59372485,0.3625677
123,2022,Narino,2022-08-01,4,2022-08-29,0.53435236,0.3608321
123,2022,Narino,2022-08-08,1,2022-08-15,0.77184224,0.36109045
123,2022,Narino,2022-08-08,2,2022-08-22,0.59372485,0.35066518
123,2022,Narino,2022-08-08,3,2022-08-29,0.53435236,0.34543282
123,2022,Narino,2022-08-08,4,2022-09-05,0.77184224,0.3461814
123,2022,Narino,2022-08-15,1,2022-08-22,0.59372485,0.37645844
123,2022,Narino,2022-08-15,2,2022-08-29,0.53435236,0.3686956
123,2022,Narino,2022-08-15,3,2022-09-05,0.77184224,0.36416504
123,2022,Narino,2022-08-15,4,2022-09-12,0.8905873,0.37005448
123,2022,Narino,2022-08-22,1,2022-08-29,0.53435236,0.3888895
123,2022,Narino,2022-08-22,2,2022-09-05,0.77184224,0.3817442
123,2022,Narino,2022-08-22,3,2022-09-12,0.8905873,0.37671715
123,2022,Narino,2022-08-22,4,2022-09-19,0.53435236,0.38586438
123,2022,Narino,2022-08-29,1,2022-09-05,0.77184224,0.40038738
123,2022,Narino,2022-08-29,2,2022-09-12,0.8905873,0.39334238
123,2022,Narino,2022-08-29,3,2022-09-19,0.53435236,0.38832444
123,2022,Narino,2022-08-29,4,2022-09-26,0.83121467,0.3981831
123,2022,Narino,2022-09-05,1,2022-09-12,0.8905873,0.39789054
123,2022,Narino,2022-09-05,2,2022-09-19,0.53435236,0.39161462
123,2022,Narino,2022-09-05,3,2022-09-26,0.83121467,0.38705882
123,2022,Narino,2022-09-05,4,2022-10-03,1.3061945,0.39664647
123,2022,Narino,2022-09-12,1,2022-09-19,0.53435236,0.42578238
123,2022,Narino,2022-09-12,2,2022-09-26,0.83121467,0.4209526
123,2022,Narino,2022-09-12,3,2022-10-03,1.3061945,0.41745034
123,2022,Narino,2022-09-12,4,2022-10-10,1.3655671,0.4284247
123,2022,Narino,2022-09-19,1,2022-09-26,0.83121467,0.47551045
123,2022,Narino,2022-09-19,2,2022-10-03,1.3061945,0.4716066
123,2022,Narino,2022-09-19,3,2022-10-10,1.3655671,0.46890202
123,2022,Narino,2022-09-19,4,2022-10-17,0.6530973,0.48210844
123,2022,Narino,2022-09-26,1,2022-10-03,1.3061945,0.48193708
123,2022,Narino,2022-09-26,2,2022-10-10,1.3655671,0.47740006
123,2022,Narino,2022-09-26,3,2022-10-17,0.6530973,0.47468424
123,2022,Narino,2022-09-26,4,2022-10-24,0.47497988,0.48567644
123,2022,Narino,2022-10-03,1,2022-10-10,1.3655671,0.49868685
123,2022,Narino,2022-10-03,2,2022-10-17,0.6530973,0.49447486
123,2022,Narino,2022-10-03,3,2022-10-24,0.47497988,0.49216443
123,2022,Narino,2022-10-03,4,2022-10-31,1.0093322,0.50276
123,2022,Narino,2022-10-10,1,2022-10-17,0.6530973,0.56275046
123,2022,Narino,2022-10-10,2,2022-10-24,0.47497988,0.5612313
123,2022,Narino,2022-10-10,3,2022-10-31,1.0093322,0.55968314
123,2022,Narino,2022-10-10,4,2022-11-07,0.83121467,0.5748456
123,2022,Narino,2022-10-17,1,2022-10-24,0.47497988,0.6777545
123,2022,Narino,2022-10-17,2,2022-10-31,1.0093322,0.6785835
123,2022,Narino,2022-10-17,3,2022-11-07,0.83121467,0.681737
123,2022,Narino,2022-10-17,4,2022-11-14,0.83121467,0.7049429
123,2022,Narino,2022-10-24,1,2022-10-31,1.0093322,0.665542
123,2022,Narino,2022-10-24,2,2022-11-07,0.83121467,0.66485965
123,2022,Narino,2022-10-24,3,2022-11-14,0.83121467,0.66445297
123,2022,Narino,2022-10-24,4,2022-11-21,0.71246976,0.6820233
123,2022,Narino,2022-10-31,1,2022-11-07,0.83121467,0.62133545
123,2022,Narino,2022-10-31,2,2022-11-14,0.83121467,0.6168206
123,2022,Narino,2022-10-31,3,2022-11-21,0.71246976,0.61311674
123,2022,Narino,2022-10-31,4,2022-11-28,0.6530973,0.62240505
123,2022,Narino,2022-11-07,1,2022-11-14,0.83121467,0.66701096
123,2022,Narino,2022-11-07,2,2022-11-21,0.71246976,0.6618425
123,2022,Narino,2022-11-07,3,2022-11-28,0.6530973,0.660922
123,2022,Narino,2022-11-07,4,2022-12-05,0.53435236,0.6718774
123,2022,Narino,2022-11-14,1,2022-11-21,0.71246976,0.71290904
123,2022,Narino,2022-11-14,2,2022-11-28,0.6530973,0.7081168
123,2022,Narino,2022-11-14,3,2022-12-05,0.53435236,0.70915073
123,2022,Narino,2022-11-14,4,2022-12-12,0.47497988,0.72232574
123,2022,Narino,2022-11-21,1,2022-11-28,0.6530973,0.7677596
123,2022,Narino,2022-11-21,2,2022-12-05,0.53435236,0.7627404
123,2022,Narino,2022-11-21,3,2022-12-12,0.47497988,0.7657873
123,2022,Narino,2022-11-21,4,2022-12-19,0.17811745,0.7804183
123,2022,Narino,2022-11-28,1,2022-12-05,0.53435236,0.8255894
123,2022,Narino,2022-11-28,2,2022-12-12,0.47497988,0.8217432
123,2022,Narino,2022-11-28,3,2022-12-19,0.17811745,0.82741696
123,2022,Narino,2022-11-28,4,2022-12-26,0.35623488,0.8442109
123,2022,Norte De Santander,2022-02-21,1,2022-02-28,2.10867,2.9694405
123,2022,Norte De Santander,2022-02-21,2,2022-03-07,1.9279267,2.948431
123,2022,Norte De Santander,2022-02-21,3,2022-03-14,2.048422,2.9609652
123,2022,Norte De Santander,2022-02-21,4,2022-03-21,1.8676791,2.9435093
123,2022,Norte De Santander,2022-02-28,1,2022-03-07,1.9279267,2.479158
123,2022,Norte De Santander,2022-02-28,2,2022-03-14,2.048422,2.4371376
123,2022,Norte De Santander,2022-02-28,3,2022-03-21,1.8676791,2.4315755
123,2022,Norte De Santander,2022-02-28,4,2022-03-28,1.8074313,2.4322786
123,2022,Norte De Santander,2022-03-07,1,2022-03-14,2.048422,2.2504227
123,2022,Norte De Santander,2022-03-07,2,2022-03-21,1.8676791,2.2041702
123,2022,Norte De Santander,2022-03-07,3,2022-03-28,1.8074313,2.1961415
123,2022,Norte De Santander,2022-03-07,4,2022-04-04,2.10867,2.205392
123,2022,Norte De Santander,2022-03-14,1,2022-03-21,1.8676791,2.1214597
123,2022,Norte De Santander,2022-03-14,2,2022-03-28,1.8074313,2.0834029
123,2022,Norte De Santander,2022-03-14,3,2022-04-04,2.10867,2.0833826
123,2022,Norte De Santander,2022-03-14,4,2022-04-11,1.9279267,2.0896163
123,2022,Norte De Santander,2022-03-21,1,2022-03-28,1.8074313,2.2578504
123,2022,Norte De Santander,2022-03-21,2,2022-04-04,2.10867,2.244096
123,2022,Norte De Santander,2022-03-21,3,2022-04-11,1.9279267,2.2621536
123,2022,Norte De Santander,2022-03-21,4,2022-04-18,2.2894135,2.2808087
123,2022,Norte De Santander,2022-03-28,1,2022-04-04,2.10867,2.3816319
123,2022,Norte De Santander,2022-03-28,2,2022-04-11,1.9279267,2.386861
123,2022,Norte De Santander,2022-03-28,3,2022-04-18,2.2894135,2.4196846
123,2022,Norte De Santander,2022-03-28,4,2022-04-25,2.2894135,2.4393342
123,2022,Norte De Santander,2022-04-04,1,2022-04-11,1.9279267,2.403865
123,2022,Norte De Santander,2022-04-04,2,2022-04-18,2.2894135,2.4107845
123,2022,Norte De Santander,2022-04-04,3,2022-04-25,2.2894135,2.4463966
123,2022,Norte De Santander,2022-04-04,4,2022-05-02,2.3496609,2.4673982
123,2022,Norte De Santander,2022-04-11,1,2022-04-18,2.2894135,2.408199
123,2022,Norte De Santander,2022-04-11,2,2022-04-25,2.2894135,2.421088
123,2022,Norte De Santander,2022-04-11,3,2022-05-02,2.3496609,2.4599693
123,2022,Norte De Santander,2022-04-11,4,2022-05-09,2.168918,2.4820712
123,2022,Norte De Santander,2022-04-18,1,2022-04-25,2.2894135,2.4104633
123,2022,Norte De Santander,2022-04-18,2,2022-05-02,2.3496609,2.4252713
123,2022,Norte De Santander,2022-04-18,3,2022-05-09,2.168918,2.4673305
123,2022,Norte De Santander,2022-04-18,4,2022-05-16,2.048422,2.48983
123,2022,Norte De Santander,2022-04-25,1,2022-05-02,2.3496609,2.5019593
123,2022,Norte De Santander,2022-04-25,2,2022-05-09,2.168918,2.5196576
123,2022,Norte De Santander,2022-04-25,3,2022-05-16,2.048422,2.5636785
123,2022,Norte De Santander,2022-04-25,4,2022-05-23,1.8676791,2.5832934
123,2022,Norte De Santander,2022-05-02,1,2022-05-09,2.168918,2.5036056
123,2022,Norte De Santander,2022-05-02,2,2022-05-16,2.048422,2.5114
123,2022,Norte De Santander,2022-05-02,3,2022-05-23,1.8676791,2.5505495
123,2022,Norte De Santander,2022-05-02,4,2022-05-30,1.9279267,2.5673525
123,2022,Norte De Santander,2022-05-09,1,2022-05-16,2.048422,2.6313741
123,2022,Norte De Santander,2022-05-09,2,2022-05-23,1.8676791,2.64152
123,2022,Norte De Santander,2022-05-09,3,2022-05-30,1.9279267,2.676553
123,2022,Norte De Santander,2022-05-09,4,2022-06-06,2.4701562,2.6898828
123,2022,Norte De Santander,2022-05-16,1,2022-05-23,1.8676791,2.6355786
123,2022,Norte De Santander,2022-05-16,2,2022-05-30,1.9279267,2.6362746
123,2022,Norte De Santander,2022-05-16,3,2022-06-06,2.4701562,2.6613822
123,2022,Norte De Santander,2022-05-16,4,2022-06-13,2.3496609,2.6723173
123,2022,Norte De Santander,2022-05-23,1,2022-05-30,1.9279267,2.4291902
123,2022,Norte De Santander,2022-05-23,2,2022-06-06,2.4701562,2.4126663
123,2022,Norte De Santander,2022-05-23,3,2022-06-13,2.3496609,2.4292269
123,2022,Norte De Santander,2022-05-23,4,2022-06-20,3.2533765,2.4414685
123,2022,Norte De Santander,2022-05-30,1,2022-06-06,2.4701562,2.346614
123,2022,Norte De Santander,2022-05-30,2,2022-06-13,2.3496609,2.3267326
123,2022,Norte De Santander,2022-05-30,3,2022-06-20,3.2533765,2.3391285
123,2022,Norte De Santander,2022-05-30,4,2022-06-27,1.686936,2.3515148
123,2022,Norte De Santander,2022-06-06,1,2022-06-13,2.3496609,2.220081
123,2022,Norte De Santander,2022-06-06,2,2022-06-20,3.2533765,2.1915596
123,2022,Norte De Santander,2022-06-06,3,2022-06-27,1.686936,2.1979864
123,2022,Norte De Santander,2022-06-06,4,2022-07-04,1.265202,2.2126129
123,2022,Norte De Santander,2022-06-13,1,2022-06-20,3.2533765,2.2453268
123,2022,Norte De Santander,2022-06-13,2,2022-06-27,1.686936,2.2194488
123,2022,Norte De Santander,2022-06-13,3,2022-07-04,1.265202,2.2286057
123,2022,Norte De Santander,2022-06-13,4,2022-07-11,3.193129,2.2398708
123,2022,Norte De Santander,2022-06-20,1,2022-06-27,1.686936,2.304285
123,2022,Norte De Santander,2022-06-20,2,2022-07-04,1.265202,2.280469
123,2022,Norte De Santander,2022-06-20,3,2022-07-11,3.193129,2.2932925
123,2022,Norte De Santander,2022-06-20,4,2022-07-18,3.193129,2.3004632
123,2022,Norte De Santander,2022-06-27,1,2022-07-04,1.265202,2.7628224
123,2022,Norte De Santander,2022-06-27,2,2022-07-11,3.193129,2.7511878
123,2022,Norte De Santander,2022-06-27,3,2022-07-18,3.193129,2.7618175
123,2022,Norte De Santander,2022-06-27,4,2022-07-25,4.2775874,2.752512
123,2022,Norte De Santander,2022-07-04,1,2022-07-11,3.193129,2.5534306
123,2022,Norte De Santander,2022-07-04,2,2022-07-18,3.193129,2.5223212
123,2022,Norte De Santander,2022-07-04,3,2022-07-25,4.2775874,2.5263717
123,2022,Norte De Santander,2022-07-04,4,2022-08-01,2.10867,2.5206056
123,2022,Norte De Santander,2022-07-11,1,2022-07-18,3.193129,2.0309005
123,2022,Norte De Santander,2022-07-11,2,2022-07-25,4.2775874,1.9735872
123,2022,Norte De Santander,2022-07-11,3,2022-08-01,2.10867,1.9537492
123,2022,Norte De Santander,2022-07-11,4,2022-08-08,2.5304039,1.9529821
123,2022,Norte De Santander,2022-07-18,1,2022-07-25,4.2775874,2.4035351
123,2022,Norte De Santander,2022-07-18,2,2022-08-01,2.10867,2.3820443
123,2022,Norte De Santander,2022-07-18,3,2022-08-08,2.5304039,2.3938515
123,2022,Norte De Santander,2022-07-18,4,2022-08-15,1.6266884,2.3921638
123,2022,Norte De Santander,2022-07-25,1,2022-08-01,2.10867,2.8279448
123,2022,Norte De Santander,2022-07-25,2,2022-08-08,2.5304039,2.8179312
123,2022,Norte De Santander,2022-07-25,3,2022-08-15,1.6266884,2.8273945
123,2022,Norte De Santander,2022-07-25,4,2022-08-22,2.2894135,2.8159168
123,2022,Norte De Santander,2022-08-01,1,2022-08-08,2.5304039,3.58653
123,2022,Norte De Santander,2022-08-01,2,2022-08-15,1.6266884,3.5866973
123,2022,Norte De Santander,2022-08-01,3,2022-08-22,2.2894135,3.5876088
123,2022,Norte De Santander,2022-08-01,4,2022-08-29,2.5304039,3.5576203
123,2022,Norte De Santander,2022-08-08,1,2022-08-15,1.6266884,3.1912105
123,2022,Norte De Santander,2022-08-08,2,2022-08-22,2.2894135,3.1577659
123,2022,Norte De Santander,2022-08-08,3,2022-08-29,2.5304039,3.1521096
123,2022,Norte De Santander,2022-08-08,4,2022-09-05,1.9279267,3.1330633
123,2022,Norte De Santander,2022-08-15,1,2022-08-22,2.2894135,2.9817948
123,2022,Norte De Santander,2022-08-15,2,2022-08-29,2.5304039,2.9473834
123,2022,Norte De Santander,2022-08-15,3,2022-09-05,1.9279267,2.9464602
123,2022,Norte De Santander,2022-08-15,4,2022-09-12,2.4099088,2.9281635
123,2022,Norte De Santander,2022-08-22,1,2022-08-29,2.5304039,2.4584563
123,2022,Norte De Santander,2022-08-22,2,2022-09-05,1.9279267,2.4133332
123,2022,Norte De Santander,2022-08-22,3,2022-09-12,2.4099088,2.4020615
123,2022,Norte De Santander,2022-08-22,4,2022-09-19,1.7471836,2.397685
123,2022,Norte De Santander,2022-08-29,1,2022-09-05,1.9279267,2.2478137
123,2022,Norte De Santander,2022-08-29,2,2022-09-12,2.4099088,2.1930416
123,2022,Norte De Santander,2022-08-29,3,2022-09-19,1.7471836,2.1781268
123,2022,Norte De Santander,2022-08-29,4,2022-09-26,1.686936,2.17958
123,2022,Norte De Santander,2022-09-05,1,2022-09-12,2.4099088,2.416027
123,2022,Norte De Santander,2022-09-05,2,2022-09-19,1.7471836,2.383761
123,2022,Norte De Santander,2022-09-05,3,2022-09-26,1.686936,2.3915746
123,2022,Norte De Santander,2022-09-05,4,2022-10-03,2.048422,2.3892574
123,2022,Norte De Santander,2022-09-12,1,2022-09-19,1.7471836,2.4711795
123,2022,Norte De Santander,2022-09-12,2,2022-09-26,1.686936,2.454259
123,2022,Norte De Santander,2022-09-12,3,2022-10-03,2.048422,2.471305
123,2022,Norte De Santander,2022-09-12,4,2022-10-10,1.6266884,2.4721918
123,2022,Norte De Santander,2022-09-19,1,2022-09-26,1.686936,2.5259027
123,2022,Norte De Santander,2022-09-19,2,2022-10-03,2.048422,2.5148072
123,2022,Norte De Santander,2022-09-19,3,2022-10-10,1.6266884,2.5316257
123,2022,Norte De Santander,2022-09-19,4,2022-10-17,1.2049543,2.5336843
123,2022,Norte De Santander,2022-09-26,1,2022-10-03,2.048422,2.3775575
123,2022,Norte De Santander,2022-09-26,2,2022-10-10,1.6266884,2.3638234
123,2022,Norte De Santander,2022-09-26,3,2022-10-17,1.2049543,2.379515
123,2022,Norte De Santander,2022-09-26,4,2022-10-24,2.048422,2.3895116
123,2022,Norte De Santander,2022-10-03,1,2022-10-10,1.6266884,2.199209
123,2022,Norte De Santander,2022-10-03,2,2022-10-17,1.2049543,2.1756084
123,2022,Norte De Santander,2022-10-03,3,2022-10-24,2.048422,2.1844213
123,2022,Norte De Santander,2022-10-03,4,2022-10-31,1.6266884,2.2013335
123,2022,Norte De Santander,2022-10-10,1,2022-10-17,1.2049543,2.180426
123,2022,Norte De Santander,2022-10-10,2,2022-10-24,2.048422,2.1648693
123,2022,Norte De Santander,2022-10-10,3,2022-10-31,1.6266884,2.179071
123,2022,Norte De Santander,2022-10-10,4,2022-11-07,1.6266884,2.198666
123,2022,Norte De Santander,2022-10-17,1,2022-10-24,2.048422,1.9901158
123,2022,Norte De Santander,2022-10-17,2,2022-10-31,1.6266884,1.9628474
123,2022,Norte De Santander,2022-10-17,3,2022-11-07,1.6266884,1.9674829
123,2022,Norte De Santander,2022-10-17,4,2022-11-14,1.3856975,1.9820873
123,2022,Norte De Santander,2022-10-24,1,2022-10-31,1.6266884,1.6960821
123,2022,Norte De Santander,2022-10-24,2,2022-11-07,1.6266884,1.6682774
123,2022,Norte De Santander,2022-10-24,3,2022-11-14,1.3856975,1.6628882
123,2022,Norte De Santander,2022-10-24,4,2022-11-21,2.7111473,1.6574773
123,2022,Norte De Santander,2022-10-31,1,2022-11-07,1.6266884,1.6588025
123,2022,Norte De Santander,2022-10-31,2,2022-11-14,1.3856975,1.6303258
123,2022,Norte De Santander,2022-10-31,3,2022-11-21,2.7111473,1.6321342
123,2022,Norte De Santander,2022-10-31,4,2022-11-28,1.5061929,1.6286466
123,2022,Norte De Santander,2022-11-07,1,2022-11-14,1.3856975,1.6608982
123,2022,Norte De Santander,2022-11-07,2,2022-11-21,2.7111473,1.6327122
123,2022,Norte De Santander,2022-11-07,3,2022-11-28,1.5061929,1.6368719
123,2022,Norte De Santander,2022-11-07,4,2022-12-05,1.8074313,1.6383455
123,2022,Norte De Santander,2022-11-14,1,2022-11-21,2.7111473,1.602848
123,2022,Norte De Santander,2022-11-14,2,2022-11-28,1.5061929,1.5760094
123,2022,Norte De Santander,2022-11-14,3,2022-12-05,1.8074313,1.5791334
123,2022,Norte De Santander,2022-11-14,4,2022-12-12,1.7471836,1.5833887
123,2022,Norte De Santander,2022-11-21,1,2022-11-28,1.5061929,1.5097495
123,2022,Norte De Santander,2022-11-21,2,2022-12-05,1.8074313,1.4817107
123,2022,Norte De Santander,2022-11-21,3,2022-12-12,1.7471836,1.4830416
123,2022,Norte De Santander,2022-11-21,4,2022-12-19,1.3856975,1.4836407
123,2022,Norte De Santander,2022-11-28,1,2022-12-05,1.8074313,2.0268602
123,2022,Norte De Santander,2022-11-28,2,2022-12-12,1.7471836,2.0270221
123,2022,Norte De Santander,2022-11-28,3,2022-12-19,1.3856975,2.034525
123,2022,Norte De Santander,2022-11-28,4,2022-12-26,1.5061929,2.0651135
123,2022,Putumayo,2022-02-21,1,2022-02-28,4.5410833,4.6526937
123,2022,Putumayo,2022-02-21,2,2022-03-07,6.1438184,4.6776085
123,2022,Putumayo,2022-02-21,3,2022-03-14,4.5410833,4.679492
123,2022,Putumayo,2022-02-21,4,2022-03-21,3.739716,4.6531663
123,2022,Putumayo,2022-02-28,1,2022-03-07,6.1438184,4.7686954
123,2022,Putumayo,2022-02-28,2,2022-03-14,4.5410833,4.769027
123,2022,Putumayo,2022-02-28,3,2022-03-21,3.739716,4.7659354
123,2022,Putumayo,2022-02-28,4,2022-03-28,6.1438184,4.7317953
123,2022,Putumayo,2022-03-07,1,2022-03-14,4.5410833,4.734731
123,2022,Putumayo,2022-03-07,2,2022-03-21,3.739716,4.712095
123,2022,Putumayo,2022-03-07,3,2022-03-28,6.1438184,4.7040462
123,2022,Putumayo,2022-03-07,4,2022-04-04,6.9451866,4.661134
123,2022,Putumayo,2022-03-14,1,2022-03-21,3.739716,5.299544
123,2022,Putumayo,2022-03-14,2,2022-03-28,6.1438184,5.286956
123,2022,Putumayo,2022-03-14,3,2022-04-04,6.9451866,5.2716136
123,2022,Putumayo,2022-03-14,4,2022-04-11,3.739716,5.2003765
123,2022,Putumayo,2022-03-21,1,2022-03-28,6.1438184,5.417712
123,2022,Putumayo,2022-03-21,2,2022-04-04,6.9451866,5.382999
123,2022,Putumayo,2022-03-21,3,2022-04-11,3.739716,5.353436
123,2022,Putumayo,2022-03-21,4,2022-04-18,3.739716,5.2744975
123,2022,Putumayo,2022-03-28,1,2022-04-04,6.9451866,4.9175267
123,2022,Putumayo,2022-03-28,2,2022-04-11,3.739716,4.8450475
123,2022,Putumayo,2022-03-28,3,2022-04-18,3.739716,4.8042455
123,2022,Putumayo,2022-03-28,4,2022-04-25,3.2054708,4.7358103
123,2022,Putumayo,2022-04-04,1,2022-04-11,3.739716,5.3584256
123,2022,Putumayo,2022-04-04,2,2022-04-18,3.739716,5.291033
123,2022,Putumayo,2022-04-04,3,2022-04-25,3.2054708,5.2408934
123,2022,Putumayo,2022-04-04,4,2022-05-02,3.739716,5.14178
123,2022,Putumayo,2022-04-11,1,2022-04-18,3.739716,5.881588
123,2022,Putumayo,2022-04-11,2,2022-04-25,3.2054708,5.7981277
123,2022,Putumayo,2022-04-11,3,2022-05-02,3.739716,5.7233486
123,2022,Putumayo,2022-04-11,4,2022-05-09,2.6712255,5.5907755
123,2022,Putumayo,2022-04-18,1,2022-04-25,3.2054708,4.984141
123,2022,Putumayo,2022-04-18,2,2022-05-02,3.739716,4.8424664
123,2022,Putumayo,2022-04-18,3,2022-05-09,2.6712255,4.749752
123,2022,Putumayo,2022-04-18,4,2022-05-16,0.8013677,4.6546226
123,2022,Putumayo,2022-04-25,1,2022-05-02,3.739716,4.263191
123,2022,Putumayo,2022-04-25,2,2022-05-09,2.6712255,4.125289
123,2022,Putumayo,2022-04-25,3,2022-05-16,0.8013677,4.044893
123,2022,Putumayo,2022-04-25,4,2022-05-23,3.739716,3.9689991
123,2022,Putumayo,2022-05-02,1,2022-05-09,2.6712255,3.6535044
123,2022,Putumayo,2022-05-02,2,2022-05-16,0.8013677,3.5323772
123,2022,Putumayo,2022-05-02,3,2022-05-23,3.739716,3.4675221
123,2022,Putumayo,2022-05-02,4,2022-05-30,2.9383483,3.407143
123,2022,Putumayo,2022-05-09,1,2022-05-16,0.8013677,3.4388
123,2022,Putumayo,2022-05-09,2,2022-05-23,3.739716,3.33965
123,2022,Putumayo,2022-05-09,3,2022-05-30,2.9383483,3.285092
123,2022,Putumayo,2022-05-09,4,2022-06-06,3.4725935,3.2275167
123,2022,Putumayo,2022-05-16,1,2022-05-23,3.739716,2.8243525
123,2022,Putumayo,2022-05-16,2,2022-05-30,2.9383483,2.727356
123,2022,Putumayo,2022-05-16,3,2022-06-06,3.4725935,2.6709266
123,2022,Putumayo,2022-05-16,4,2022-06-13,0.26712254,2.637917
123,2022,Putumayo,2022-05-23,1,2022-05-30,2.9383483,1.8558093
123,2022,Putumayo,2022-05-23,2,2022-06-06,3.4725935,1.7713094
123,2022,Putumayo,2022-05-23,3,2022-06-13,0.26712254,1.7068455
123,2022,Putumayo,2022-05-23,4,2022-06-20,2.6712255,1.6464826
123,2022,Putumayo,2022-05-30,1,2022-06-06,3.4725935,1.8592634
123,2022,Putumayo,2022-05-30,2,2022-06-13,0.26712254,1.7805681
123,2022,Putumayo,2022-05-30,3,2022-06-20,2.6712255,1.7302091
123,2022,Putumayo,2022-05-30,4,2022-06-27,2.4041028,1.6836202
123,2022,Putumayo,2022-06-06,1,2022-06-13,0.26712254,1.9479159
123,2022,Putumayo,2022-06-06,2,2022-06-20,2.6712255,1.8741395
123,2022,Putumayo,2022-06-06,3,2022-06-27,2.4041028,1.83747
123,2022,Putumayo,2022-06-06,4,2022-07-04,1.6027353,1.815619
123,2022,Putumayo,2022-06-13,1,2022-06-20,2.6712255,2.0152223
123,2022,Putumayo,2022-06-13,2,2022-06-27,2.4041028,1.9496865
123,2022,Putumayo,2022-06-13,3,2022-07-04,1.6027353,1.9128141
123,2022,Putumayo,2022-06-13,4,2022-07-11,2.1369805,1.9147645
123,2022,Putumayo,2022-06-20,1,2022-06-27,2.4041028,1.4171743
123,2022,Putumayo,2022-06-20,2,2022-07-04,1.6027353,1.3546913
123,2022,Putumayo,2022-06-20,3,2022-07-11,2.1369805,1.3176628
123,2022,Putumayo,2022-06-20,4,2022-07-18,1.3356128,1.2880609
123,2022,Putumayo,2022-06-27,1,2022-07-04,1.6027353,1.3244628
123,2022,Putumayo,2022-06-27,2,2022-07-11,2.1369805,1.2680522
123,2022,Putumayo,2022-06-27,3,2022-07-18,1.3356128,1.2448604
123,2022,Putumayo,2022-06-27,4,2022-07-25,0.53424513,1.2179123
123,2022,Putumayo,2022-07-04,1,2022-07-11,2.1369805,1.3242787
123,2022,Putumayo,2022-07-04,2,2022-07-18,1.3356128,1.2728748
123,2022,Putumayo,2022-07-04,3,2022-07-25,0.53424513,1.2554157
123,2022,Putumayo,2022-07-04,4,2022-08-01,2.9383483,1.2447428
123,2022,Putumayo,2022-07-11,1,2022-07-18,1.3356128,1.1235639
123,2022,Putumayo,2022-07-11,2,2022-07-25,0.53424513,1.0744913
123,2022,Putumayo,2022-07-11,3,2022-08-01,2.9383483,1.061216
123,2022,Putumayo,2022-07-11,4,2022-08-08,0.8013677,1.0408261
123,2022,Putumayo,2022-07-18,1,2022-07-25,0.53424513,1.0597162
123,2022,Putumayo,2022-07-18,2,2022-08-01,2.9383483,1.0120442
123,2022,Putumayo,2022-07-18,3,2022-08-08,0.8013677,1.0024586
123,2022,Putumayo,2022-07-18,4,2022-08-15,0.26712254,0.984015
123,2022,Putumayo,2022-07-25,1,2022-08-01,2.9383483,0.94060653
123,2022,Putumayo,2022-07-25,2,2022-08-08,0.8013677,0.8966893
123,2022,Putumayo,2022-07-25,3,2022-08-15,0.26712254,0.8843421
123,2022,Putumayo,2022-07-25,4,2022-08-22,0.53424513,0.8704129
123,2022,Putumayo,2022-08-01,1,2022-08-08,0.8013677,0.7635975
123,2022,Putumayo,2022-08-01,2,2022-08-15,0.26712254,0.72276187
123,2022,Putumayo,2022-08-01,3,2022-08-22,0.53424513,0.7046295
123,2022,Putumayo,2022-08-01,4,2022-08-29,1.0684903,0.6905116
123,2022,Putumayo,2022-08-08,1,2022-08-15,0.26712254,0.7688056
123,2022,Putumayo,2022-08-08,2,2022-08-22,0.53424513,0.7298632
123,2022,Putumayo,2022-08-08,3,2022-08-29,1.0684903,0.71693027
123,2022,Putumayo,2022-08-08,4,2022-09-05,0.8013677,0.7106049
123,2022,Putumayo,2022-08-15,1,2022-08-22,0.53424513,0.7778708
123,2022,Putumayo,2022-08-15,2,2022-08-29,1.0684903,0.74036777
123,2022,Putumayo,2022-08-15,3,2022-09-05,0.8013677,0.7298089
123,2022,Putumayo,2022-08-15,4,2022-09-12,0.53424513,0.72643596
123,2022,Putumayo,2022-08-22,1,2022-08-29,1.0684903,0.6830726
123,2022,Putumayo,2022-08-22,2,2022-09-05,0.8013677,0.649156
123,2022,Putumayo,2022-08-22,3,2022-09-12,0.53424513,0.63587976
123,2022,Putumayo,2022-08-22,4,2022-09-19,1.3356128,0.63289815
123,2022,Putumayo,2022-08-29,1,2022-09-05,0.8013677,0.61155087
123,2022,Putumayo,2022-08-29,2,2022-09-12,0.53424513,0.57904285
123,2022,Putumayo,2022-08-29,3,2022-09-19,1.3356128,0.56733775
123,2022,Putumayo,2022-08-29,4,2022-09-26,1.6027353,0.56364566
123,2022,Putumayo,2022-09-05,1,2022-09-12,0.53424513,0.5920261
123,2022,Putumayo,2022-09-05,2,2022-09-19,1.3356128,0.56140244
123,2022,Putumayo,2022-09-05,3,2022-09-26,1.6027353,0.5515855
123,2022,Putumayo,2022-09-05,4,2022-10-03,1.0684903,0.54908246
123,2022,Putumayo,2022-09-12,1,2022-09-19,1.3356128,0.57942176
123,2022,Putumayo,2022-09-12,2,2022-09-26,1.6027353,0.5545099
123,2022,Putumayo,2022-09-12,3,2022-10-03,1.0684903,0.5466356
123,2022,Putumayo,2022-09-12,4,2022-10-10,1.8698579,0.54996693
123,2022,Putumayo,2022-09-19,1,2022-09-26,1.6027353,0.55376226
123,2022,Putumayo,2022-09-19,2,2022-10-03,1.0684903,0.53185314
123,2022,Putumayo,2022-09-19,3,2022-10-10,1.8698579,0.5252183
123,2022,Putumayo,2022-09-19,4,2022-10-17,0.8013677,0.528006
123,2022,Putumayo,2022-09-26,1,2022-10-03,1.0684903,0.6367695
123,2022,Putumayo,2022-09-26,2,2022-10-10,1.8698579,0.6207407
123,2022,Putumayo,2022-09-26,3,2022-10-17,0.8013677,0.61712956
123,2022,Putumayo,2022-09-26,4,2022-10-24,1.8698579,0.62768966
123,2022,Putumayo,2022-10-03,1,2022-10-10,1.8698579,0.6884262
123,2022,Putumayo,2022-10-03,2,2022-10-17,0.8013677,0.6760875
123,2022,Putumayo,2022-10-03,3,2022-10-24,1.8698579,0.67492664
123,2022,Putumayo,2022-10-03,4,2022-10-31,1.3356128,0.69233245
123,2022,Putumayo,2022-10-10,1,2022-10-17,0.8013677,0.74605495
123,2022,Putumayo,2022-10-10,2,2022-10-24,1.8698579,0.7371878
123,2022,Putumayo,2022-10-10,3,2022-10-31,1.3356128,0.7381694
123,2022,Putumayo,2022-10-10,4,2022-11-07,1.6027353,0.75699854
123,2022,Putumayo,2022-10-17,1,2022-10-24,1.8698579,0.9079658
123,2022,Putumayo,2022-10-17,2,2022-10-31,1.3356128,0.903226
123,2022,Putumayo,2022-10-17,3,2022-11-07,1.6027353,0.9149918
123,2022,Putumayo,2022-10-17,4,2022-11-14,2.9383483,0.9409368
123,2022,Putumayo,2022-10-24,1,2022-10-31,1.3356128,0.88680166
123,2022,Putumayo,2022-10-24,2,2022-11-07,1.6027353,0.88144654
123,2022,Putumayo,2022-10-24,3,2022-11-14,2.9383483,0.88738364
123,2022,Putumayo,2022-10-24,4,2022-11-21,1.8698579,0.90714705
123,2022,Putumayo,2022-10-31,1,2022-11-07,1.6027353,0.9399855
123,2022,Putumayo,2022-10-31,2,2022-11-14,2.9383483,0.932792
123,2022,Putumayo,2022-10-31,3,2022-11-21,1.8698579,0.942029
123,2022,Putumayo,2022-10-31,4,2022-11-28,3.4725935,0.9604647
123,2022,Putumayo,2022-11-07,1,2022-11-14,2.9383483,1.0112532
123,2022,Putumayo,2022-11-07,2,2022-11-21,1.8698579,1.0028956
123,2022,Putumayo,2022-11-07,3,2022-11-28,3.4725935,1.0162284
123,2022,Putumayo,2022-11-07,4,2022-12-05,4.0068383,1.0339727
123,2022,Putumayo,2022-11-14,1,2022-11-21,1.8698579,1.1558373
123,2022,Putumayo,2022-11-14,2,2022-11-28,3.4725935,1.1478251
123,2022,Putumayo,2022-11-14,3,2022-12-05,4.0068383,1.1658862
123,2022,Putumayo,2022-11-14,4,2022-12-12,3.2054708,1.1880534
123,2022,Putumayo,2022-11-21,1,2022-11-28,3.4725935,1.5076973
123,2022,Putumayo,2022-11-21,2,2022-12-05,4.0068383,1.5156165
123,2022,Putumayo,2022-11-21,3,2022-12-12,3.2054708,1.523389
123,2022,Putumayo,2022-11-21,4,2022-12-19,2.6712255,1.580082
123,2022,Putumayo,2022-11-28,1,2022-12-05,4.0068383,1.6638262
123,2022,Putumayo,2022-11-28,2,2022-12-12,3.2054708,1.6655788
123,2022,Putumayo,2022-11-28,3,2022-12-19,2.6712255,1.6701707
123,2022,Putumayo,2022-11-28,4,2022-12-26,2.9383483,1.7250563
123,2022,Quindio,2022-02-21,1,2022-02-28,0.0,0.015646962
123,2022,Quindio,2022-02-21,2,2022-03-07,0.0,0.03191038
123,2022,Quindio,2022-02-21,3,2022-03-14,0.0,0.03047226
123,2022,Quindio,2022-02-21,4,2022-03-21,0.36063263,0.025442267
123,2022,Quindio,2022-02-28,1,2022-03-07,0.0,0.0133862505
123,2022,Quindio,2022-02-28,2,2022-03-14,0.0,0.029600164
123,2022,Quindio,2022-02-28,3,2022-03-21,0.36063263,0.028525522
123,2022,Quindio,2022-02-28,4,2022-03-28,0.0,0.023630794
123,2022,Quindio,2022-03-07,1,2022-03-14,0.0,0.009916071
123,2022,Quindio,2022-03-07,2,2022-03-21,0.36063263,0.0256826
123,2022,Quindio,2022-03-07,3,2022-03-28,0.0,0.024784572
123,2022,Quindio,2022-03-07,4,2022-04-04,0.18031631,0.02035476
123,2022,Quindio,2022-03-14,1,2022-03-21,0.36063263,0.009602546
123,2022,Quindio,2022-03-14,2,2022-03-28,0.0,0.02466226
123,2022,Quindio,2022-03-14,3,2022-04-04,0.18031631,0.024312085
123,2022,Quindio,2022-03-14,4,2022-04-11,0.0,0.020002335
123,2022,Quindio,2022-03-21,1,2022-03-28,0.0,0.010078319
123,2022,Quindio,2022-03-21,2,2022-04-04,0.18031631,0.024873905
123,2022,Quindio,2022-03-21,3,2022-04-11,0.0,0.024756549
123,2022,Quindio,2022-03-21,4,2022-04-18,0.18031631,0.020310273
123,2022,Quindio,2022-03-28,1,2022-04-04,0.18031631,0.010768177
123,2022,Quindio,2022-03-28,2,2022-04-11,0.0,0.026106363
123,2022,Quindio,2022-03-28,3,2022-04-18,0.18031631,0.025890974
123,2022,Quindio,2022-03-28,4,2022-04-25,0.0,0.02193333
123,2022,Quindio,2022-04-04,1,2022-04-11,0.0,0.015350259
123,2022,Quindio,2022-04-04,2,2022-04-18,0.18031631,0.030945364
123,2022,Quindio,2022-04-04,3,2022-04-25,0.0,0.030073524
123,2022,Quindio,2022-04-04,4,2022-05-02,0.18031631,0.025866335
123,2022,Quindio,2022-04-11,1,2022-04-18,0.18031631,0.016678125
123,2022,Quindio,2022-04-11,2,2022-04-25,0.0,0.031780496
123,2022,Quindio,2022-04-11,3,2022-05-02,0.18031631,0.0309798
123,2022,Quindio,2022-04-11,4,2022-05-09,0.0,0.026676625
123,2022,Quindio,2022-04-18,1,2022-04-25,0.0,0.018616168
123,2022,Quindio,2022-04-18,2,2022-05-02,0.18031631,0.033519875
123,2022,Quindio,2022-04-18,3,2022-05-09,0.0,0.032727703
123,2022,Quindio,2022-04-18,4,2022-05-16,0.18031631,0.028500326
123,2022,Quindio,2022-04-25,1,2022-05-02,0.18031631,0.01773005
123,2022,Quindio,2022-04-25,2,2022-05-09,0.0,0.032571197
123,2022,Quindio,2022-04-25,3,2022-05-16,0.18031631,0.03128713
123,2022,Quindio,2022-04-25,4,2022-05-23,0.0,0.02747741
123,2022,Quindio,2022-05-02,1,2022-05-09,0.0,0.019099582
123,2022,Quindio,2022-05-02,2,2022-05-16,0.18031631,0.033620145
123,2022,Quindio,2022-05-02,3,2022-05-23,0.0,0.032402392
123,2022,Quindio,2022-05-02,4,2022-05-30,0.0,0.02838157
123,2022,Quindio,2022-05-09,1,2022-05-16,0.18031631,0.01947695
123,2022,Quindio,2022-05-09,2,2022-05-23,0.0,0.033841323
123,2022,Quindio,2022-05-09,3,2022-05-30,0.0,0.032801125
123,2022,Quindio,2022-05-09,4,2022-06-06,0.0,0.028614843
123,2022,Quindio,2022-05-16,1,2022-05-23,0.0,0.021546323
123,2022,Quindio,2022-05-16,2,2022-05-30,0.0,0.035433706
123,2022,Quindio,2022-05-16,3,2022-06-06,0.0,0.034649152
123,2022,Quindio,2022-05-16,4,2022-06-13,0.0,0.030108437
123,2022,Quindio,2022-05-23,1,2022-05-30,0.0,0.02484854
123,2022,Quindio,2022-05-23,2,2022-06-06,0.0,0.038083136
123,2022,Quindio,2022-05-23,3,2022-06-13,0.0,0.037571874
123,2022,Quindio,2022-05-23,4,2022-06-20,0.0,0.03293775
123,2022,Quindio,2022-05-30,1,2022-06-06,0.0,0.023993291
123,2022,Quindio,2022-05-30,2,2022-06-13,0.0,0.037135854
123,2022,Quindio,2022-05-30,3,2022-06-20,0.0,0.036492474
123,2022,Quindio,2022-05-30,4,2022-06-27,0.0,0.03172551
123,2022,Quindio,2022-06-06,1,2022-06-13,0.0,0.021033417
123,2022,Quindio,2022-06-06,2,2022-06-20,0.0,0.033989288
123,2022,Quindio,2022-06-06,3,2022-06-27,0.0,0.032954752
123,2022,Quindio,2022-06-06,4,2022-07-04,0.36063263,0.028180556
123,2022,Quindio,2022-06-13,1,2022-06-20,0.0,0.016611006
123,2022,Quindio,2022-06-13,2,2022-06-27,0.0,0.029788315
123,2022,Quindio,2022-06-13,3,2022-07-04,0.36063263,0.028253678
123,2022,Quindio,2022-06-13,4,2022-07-11,0.0,0.023739927
123,2022,Quindio,2022-06-20,1,2022-06-27,0.0,0.014464783
123,2022,Quindio,2022-06-20,2,2022-07-04,0.36063263,0.025867192
123,2022,Quindio,2022-06-20,3,2022-07-11,0.0,0.02526675
123,2022,Quindio,2022-06-20,4,2022-07-18,0.18031631,0.020252302
123,2022,Quindio,2022-06-27,1,2022-07-04,0.36063263,0.012959544
123,2022,Quindio,2022-06-27,2,2022-07-11,0.0,0.02269073
123,2022,Quindio,2022-06-27,3,2022-07-18,0.18031631,0.023208635
123,2022,Quindio,2022-06-27,4,2022-07-25,0.0,0.017807843
123,2022,Quindio,2022-07-04,1,2022-07-11,0.0,0.011714232
123,2022,Quindio,2022-07-04,2,2022-07-18,0.18031631,0.02019749
123,2022,Quindio,2022-07-04,3,2022-07-25,0.0,0.021679316
123,2022,Quindio,2022-07-04,4,2022-08-01,0.0,0.015853604
123,2022,Quindio,2022-07-11,1,2022-07-18,0.18031631,0.012160316
123,2022,Quindio,2022-07-11,2,2022-07-25,0.0,0.021198897
123,2022,Quindio,2022-07-11,3,2022-08-01,0.0,0.022640154
123,2022,Quindio,2022-07-11,4,2022-08-08,0.18031631,0.017671725
123,2022,Quindio,2022-07-18,1,2022-07-25,0.0,0.014010749
123,2022,Quindio,2022-07-18,2,2022-08-01,0.0,0.024777621
123,2022,Quindio,2022-07-18,3,2022-08-08,0.18031631,0.025019255
123,2022,Quindio,2022-07-18,4,2022-08-15,0.0,0.02129235
123,2022,Quindio,2022-07-25,1,2022-08-01,0.0,0.016691124
123,2022,Quindio,2022-07-25,2,2022-08-08,0.18031631,0.028880427
123,2022,Quindio,2022-07-25,3,2022-08-15,0.0,0.027667101
123,2022,Quindio,2022-07-25,4,2022-08-22,0.18031631,0.024404591
123,2022,Quindio,2022-08-01,1,2022-08-08,0.18031631,0.018000066
123,2022,Quindio,2022-08-01,2,2022-08-15,0.0,0.030203275
123,2022,Quindio,2022-08-01,3,2022-08-22,0.18031631,0.028361226
123,2022,Quindio,2022-08-01,4,2022-08-29,0.0,0.024774857
123,2022,Quindio,2022-08-08,1,2022-08-15,0.0,0.018036883
123,2022,Quindio,2022-08-08,2,2022-08-22,0.18031631,0.029868735
123,2022,Quindio,2022-08-08,3,2022-08-29,0.0,0.028074063
123,2022,Quindio,2022-08-08,4,2022-09-05,0.0,0.024003636
123,2022,Quindio,2022-08-15,1,2022-08-22,0.18031631,0.018473377
123,2022,Quindio,2022-08-15,2,2022-08-29,0.0,0.029887786
123,2022,Quindio,2022-08-15,3,2022-09-05,0.0,0.028434504
123,2022,Quindio,2022-08-15,4,2022-09-12,0.18031631,0.023775447
123,2022,Quindio,2022-08-22,1,2022-08-29,0.0,0.016517028
123,2022,Quindio,2022-08-22,2,2022-09-05,0.0,0.027672324
123,2022,Quindio,2022-08-22,3,2022-09-12,0.18031631,0.026398279
123,2022,Quindio,2022-08-22,4,2022-09-19,0.18031631,0.021662232
123,2022,Quindio,2022-08-29,1,2022-09-05,0.0,0.01738567
123,2022,Quindio,2022-08-29,2,2022-09-12,0.18031631,0.028988153
123,2022,Quindio,2022-08-29,3,2022-09-19,0.18031631,0.027414382
123,2022,Quindio,2022-08-29,4,2022-09-26,0.0,0.023152554
123,2022,Quindio,2022-09-05,1,2022-09-12,0.18031631,0.017048132
123,2022,Quindio,2022-09-05,2,2022-09-19,0.18031631,0.029045653
123,2022,Quindio,2022-09-05,3,2022-09-26,0.0,0.027157562
123,2022,Quindio,2022-09-05,4,2022-10-03,0.0,0.023411445
123,2022,Quindio,2022-09-12,1,2022-09-19,0.18031631,0.015312133
123,2022,Quindio,2022-09-12,2,2022-09-26,0.0,0.027684828
123,2022,Quindio,2022-09-12,3,2022-10-03,0.0,0.025810512
123,2022,Quindio,2022-09-12,4,2022-10-10,0.5409489,0.02231391
123,2022,Quindio,2022-09-19,1,2022-09-26,0.0,0.017104246
123,2022,Quindio,2022-09-19,2,2022-10-03,0.0,0.029392926
123,2022,Quindio,2022-09-19,3,2022-10-10,0.5409489,0.027329626
123,2022,Quindio,2022-09-19,4,2022-10-17,0.36063263,0.023953155
123,2022,Quindio,2022-09-26,1,2022-10-03,0.0,0.018781027
123,2022,Quindio,2022-09-26,2,2022-10-10,0.5409489,0.030538362
123,2022,Quindio,2022-09-26,3,2022-10-17,0.36063263,0.028682398
123,2022,Quindio,2022-09-26,4,2022-10-24,0.0,0.025092168
123,2022,Quindio,2022-10-03,1,2022-10-10,0.5409489,0.019620322
123,2022,Quindio,2022-10-03,2,2022-10-17,0.36063263,0.031173127
123,2022,Quindio,2022-10-03,3,2022-10-24,0.0,0.029413559
123,2022,Quindio,2022-10-03,4,2022-10-31,0.0,0.025906133
123,2022,Quindio,2022-10-10,1,2022-10-17,0.36063263,0.016577391
123,2022,Quindio,2022-10-10,2,2022-10-24,0.0,0.028034912
123,2022,Quindio,2022-10-10,3,2022-10-31,0.0,0.025855532
123,2022,Quindio,2022-10-10,4,2022-11-07,0.0,0.02243229
123,2022,Quindio,2022-10-17,1,2022-10-24,0.0,0.017027779
123,2022,Quindio,2022-10-17,2,2022-10-31,0.0,0.028745096
123,2022,Quindio,2022-10-17,3,2022-11-07,0.0,0.026502384
123,2022,Quindio,2022-10-17,4,2022-11-14,0.36063263,0.023686292
123,2022,Quindio,2022-10-24,1,2022-10-31,0.0,0.018442191
123,2022,Quindio,2022-10-24,2,2022-11-07,0.0,0.030446237
123,2022,Quindio,2022-10-24,3,2022-11-14,0.36063263,0.027895741
123,2022,Quindio,2022-10-24,4,2022-11-21,0.18031631,0.026033496
123,2022,Quindio,2022-10-31,1,2022-11-07,0.0,0.021598894
123,2022,Quindio,2022-10-31,2,2022-11-14,0.36063263,0.033583235
123,2022,Quindio,2022-10-31,3,2022-11-21,0.18031631,0.03092211
123,2022,Quindio,2022-10-31,4,2022-11-28,0.18031631,0.029284967
123,2022,Quindio,2022-11-07,1,2022-11-14,0.36063263,0.02589733
123,2022,Quindio,2022-11-07,2,2022-11-21,0.18031631,0.037809327
123,2022,Quindio,2022-11-07,3,2022-11-28,0.18031631,0.035209183
123,2022,Quindio,2022-11-07,4,2022-12-05,0.0,0.033581287
123,2022,Quindio,2022-11-14,1,2022-11-21,0.18031631,0.0293837
123,2022,Quindio,2022-11-14,2,2022-11-28,0.18031631,0.041026294
123,2022,Quindio,2022-11-14,3,2022-12-05,0.0,0.03815501
123,2022,Quindio,2022-11-14,4,2022-12-12,0.0,0.036219295
123,2022,Quindio,2022-11-21,1,2022-11-28,0.18031631,0.03883617
123,2022,Quindio,2022-11-21,2,2022-12-05,0.0,0.0518186
123,2022,Quindio,2022-11-21,3,2022-12-12,0.0,0.048070032
123,2022,Quindio,2022-11-21,4,2022-12-19,0.0,0.046865456
123,2022,Quindio,2022-11-28,1,2022-12-05,0.0,0.046605956
123,2022,Quindio,2022-11-28,2,2022-12-12,0.0,0.06158243
123,2022,Quindio,2022-11-28,3,2022-12-19,0.0,0.056869157
123,2022,Quindio,2022-11-28,4,2022-12-26,0.0,0.05721058
123,2022,Risaralda,2022-02-21,1,2022-02-28,0.0,0.04431663
123,2022,Risaralda,2022-02-21,2,2022-03-07,0.0,0.06390683
123,2022,Risaralda,2022-02-21,3,2022-03-14,0.3039526,0.061290834
123,2022,Risaralda,2022-02-21,4,2022-03-21,0.3039526,0.06024233
123,2022,Risaralda,2022-02-28,1,2022-03-07,0.0,0.03844889
123,2022,Risaralda,2022-02-28,2,2022-03-14,0.3039526,0.057348955
123,2022,Risaralda,2022-02-28,3,2022-03-21,0.3039526,0.055185053
123,2022,Risaralda,2022-02-28,4,2022-03-28,0.10131753,0.053055584
123,2022,Risaralda,2022-03-07,1,2022-03-14,0.3039526,0.033004638
123,2022,Risaralda,2022-03-07,2,2022-03-21,0.3039526,0.05037164
123,2022,Risaralda,2022-03-07,3,2022-03-28,0.10131753,0.04878183
123,2022,Risaralda,2022-03-07,4,2022-04-04,0.0,0.04567616
123,2022,Risaralda,2022-03-14,1,2022-03-21,0.3039526,0.03039932
123,2022,Risaralda,2022-03-14,2,2022-03-28,0.10131753,0.046749413
123,2022,Risaralda,2022-03-14,3,2022-04-04,0.0,0.04548949
123,2022,Risaralda,2022-03-14,4,2022-04-11,0.10131753,0.04190341
123,2022,Risaralda,2022-03-21,1,2022-03-28,0.10131753,0.034229122
123,2022,Risaralda,2022-03-21,2,2022-04-04,0.0,0.051188964
123,2022,Risaralda,2022-03-21,3,2022-04-11,0.10131753,0.04965892
123,2022,Risaralda,2022-03-21,4,2022-04-18,0.0,0.046900433
123,2022,Risaralda,2022-03-28,1,2022-04-04,0.0,0.038111888
123,2022,Risaralda,2022-03-28,2,2022-04-11,0.10131753,0.05566603
123,2022,Risaralda,2022-03-28,3,2022-04-18,0.0,0.053756036
123,2022,Risaralda,2022-03-28,4,2022-04-25,0.20263508,0.052044384
123,2022,Risaralda,2022-04-04,1,2022-04-11,0.10131753,0.044907294
123,2022,Risaralda,2022-04-04,2,2022-04-18,0.0,0.06309183
123,2022,Risaralda,2022-04-04,3,2022-04-25,0.20263508,0.060742818
123,2022,Risaralda,2022-04-04,4,2022-05-02,0.20263508,0.059951797
123,2022,Risaralda,2022-04-11,1,2022-04-18,0.0,0.04354314
123,2022,Risaralda,2022-04-11,2,2022-04-25,0.20263508,0.06126064
123,2022,Risaralda,2022-04-11,3,2022-05-02,0.20263508,0.0589064
123,2022,Risaralda,2022-04-11,4,2022-05-09,0.10131753,0.057462238
123,2022,Risaralda,2022-04-18,1,2022-04-25,0.20263508,0.041424837
123,2022,Risaralda,2022-04-18,2,2022-05-02,0.20263508,0.05874598
123,2022,Risaralda,2022-04-18,3,2022-05-09,0.10131753,0.05642309
123,2022,Risaralda,2022-04-18,4,2022-05-16,0.0,0.054535665
123,2022,Risaralda,2022-04-25,1,2022-05-02,0.20263508,0.04024266
123,2022,Risaralda,2022-04-25,2,2022-05-09,0.10131753,0.056645
123,2022,Risaralda,2022-04-25,3,2022-05-16,0.0,0.054546684
123,2022,Risaralda,2022-04-25,4,2022-05-23,0.0,0.05174336
123,2022,Risaralda,2022-05-02,1,2022-05-09,0.10131753,0.03999725
123,2022,Risaralda,2022-05-02,2,2022-05-16,0.0,0.055985585
123,2022,Risaralda,2022-05-02,3,2022-05-23,0.0,0.054033976
123,2022,Risaralda,2022-05-02,4,2022-05-30,0.10131753,0.051276956
123,2022,Risaralda,2022-05-09,1,2022-05-16,0.0,0.04222761
123,2022,Risaralda,2022-05-09,2,2022-05-23,0.0,0.05863816
123,2022,Risaralda,2022-05-09,3,2022-05-30,0.10131753,0.056477893
123,2022,Risaralda,2022-05-09,4,2022-06-06,0.3039526,0.054578844
123,2022,Risaralda,2022-05-16,1,2022-05-23,0.0,0.043520108
123,2022,Risaralda,2022-05-16,2,2022-05-30,0.10131753,0.05989185
123,2022,Risaralda,2022-05-16,3,2022-06-06,0.3039526,0.05743759
123,2022,Risaralda,2022-05-16,4,2022-06-13,0.10131753,0.055772975
123,2022,Risaralda,2022-05-23,1,2022-05-30,0.10131753,0.042655095
123,2022,Risaralda,2022-05-23,2,2022-06-06,0.3039526,0.058533162
123,2022,Risaralda,2022-05-23,3,2022-06-13,0.10131753,0.056046247
123,2022,Risaralda,2022-05-23,4,2022-06-20,0.20263508,0.054108106
123,2022,Risaralda,2022-05-30,1,2022-06-06,0.3039526,0.039304517
123,2022,Risaralda,2022-05-30,2,2022-06-13,0.10131753,0.05416361
123,2022,Risaralda,2022-05-30,3,2022-06-20,0.20263508,0.051982567
123,2022,Risaralda,2022-05-30,4,2022-06-27,0.20263508,0.049233016
123,2022,Risaralda,2022-06-06,1,2022-06-13,0.10131753,0.039476227
123,2022,Risaralda,2022-06-06,2,2022-06-20,0.20263508,0.053914536
123,2022,Risaralda,2022-06-06,3,2022-06-27,0.20263508,0.051715594
123,2022,Risaralda,2022-06-06,4,2022-07-04,0.10131753,0.0487951
123,2022,Risaralda,2022-06-13,1,2022-06-20,0.20263508,0.03805136
123,2022,Risaralda,2022-06-13,2,2022-06-27,0.20263508,0.05208277
123,2022,Risaralda,2022-06-13,3,2022-07-04,0.10131753,0.049851816
123,2022,Risaralda,2022-06-13,4,2022-07-11,0.0,0.0473133
123,2022,Risaralda,2022-06-20,1,2022-06-27,0.20263508,0.03823765
123,2022,Risaralda,2022-06-20,2,2022-07-04,0.10131753,0.052160885
123,2022,Risaralda,2022-06-20,3,2022-07-11,0.0,0.04976646
123,2022,Risaralda,2022-06-20,4,2022-07-18,0.20263508,0.047475424
123,2022,Risaralda,2022-06-27,1,2022-07-04,0.10131753,0.039138604
123,2022,Risaralda,2022-06-27,2,2022-07-11,0.0,0.05318219
123,2022,Risaralda,2022-06-27,3,2022-07-18,0.20263508,0.050529502
123,2022,Risaralda,2022-06-27,4,2022-07-25,0.20263508,0.04873955
123,2022,Risaralda,2022-07-04,1,2022-07-11,0.0,0.040379938
123,2022,Risaralda,2022-07-04,2,2022-07-18,0.20263508,0.054730482
123,2022,Risaralda,2022-07-04,3,2022-07-25,0.20263508,0.051698696
123,2022,Risaralda,2022-07-04,4,2022-08-01,0.0,0.050533738
123,2022,Risaralda,2022-07-11,1,2022-07-18,0.20263508,0.039776843
123,2022,Risaralda,2022-07-11,2,2022-07-25,0.20263508,0.053893905
123,2022,Risaralda,2022-07-11,3,2022-08-01,0.0,0.050812252
123,2022,Risaralda,2022-07-11,4,2022-08-08,0.20263508,0.049509216
123,2022,Risaralda,2022-07-18,1,2022-07-25,0.20263508,0.038206454
123,2022,Risaralda,2022-07-18,2,2022-08-01,0.0,0.051817503
123,2022,Risaralda,2022-07-18,3,2022-08-08,0.20263508,0.048879042
123,2022,Risaralda,2022-07-18,4,2022-08-15,0.10131753,0.046973877
123,2022,Risaralda,2022-07-25,1,2022-08-01,0.0,0.039388575
123,2022,Risaralda,2022-07-25,2,2022-08-08,0.20263508,0.0528327
123,2022,Risaralda,2022-07-25,3,2022-08-15,0.10131753,0.049799655
123,2022,Risaralda,2022-07-25,4,2022-08-22,0.10131753,0.047645923
123,2022,Risaralda,2022-08-01,1,2022-08-08,0.20263508,0.040389154
123,2022,Risaralda,2022-08-01,2,2022-08-15,0.10131753,0.05382648
123,2022,Risaralda,2022-08-01,3,2022-08-22,0.10131753,0.05059222
123,2022,Risaralda,2022-08-01,4,2022-08-29,0.10131753,0.048689663
123,2022,Risaralda,2022-08-08,1,2022-08-15,0.10131753,0.038926087
123,2022,Risaralda,2022-08-08,2,2022-08-22,0.10131753,0.051840786
123,2022,Risaralda,2022-08-08,3,2022-08-29,0.10131753,0.048687443
123,2022,Risaralda,2022-08-08,4,2022-09-05,0.0,0.046477545
123,2022,Risaralda,2022-08-15,1,2022-08-22,0.10131753,0.03758763
123,2022,Risaralda,2022-08-15,2,2022-08-29,0.10131753,0.050298285
123,2022,Risaralda,2022-08-15,3,2022-09-05,0.0,0.047324076
123,2022,Risaralda,2022-08-15,4,2022-09-12,0.3039526,0.044932414
123,2022,Risaralda,2022-08-22,1,2022-08-29,0.10131753,0.03676664
123,2022,Risaralda,2022-08-22,2,2022-09-05,0.0,0.049292706
123,2022,Risaralda,2022-08-22,3,2022-09-12,0.3039526,0.046280302
123,2022,Risaralda,2022-08-22,4,2022-09-19,0.10131753,0.04402116
123,2022,Risaralda,2022-08-29,1,2022-09-05,0.0,0.035271287
123,2022,Risaralda,2022-08-29,2,2022-09-12,0.3039526,0.047559
123,2022,Risaralda,2022-08-29,3,2022-09-19,0.10131753,0.04454702
123,2022,Risaralda,2022-08-29,4,2022-09-26,0.10131753,0.042402036
123,2022,Risaralda,2022-09-05,1,2022-09-12,0.3039526,0.035249747
123,2022,Risaralda,2022-09-05,2,2022-09-19,0.10131753,0.047593378
123,2022,Risaralda,2022-09-05,3,2022-09-26,0.10131753,0.044621937
123,2022,Risaralda,2022-09-05,4,2022-10-03,0.5065876,0.042437132
123,2022,Risaralda,2022-09-12,1,2022-09-19,0.10131753,0.033058714
123,2022,Risaralda,2022-09-12,2,2022-09-26,0.10131753,0.045082502
123,2022,Risaralda,2022-09-12,3,2022-10-03,0.5065876,0.04235968
123,2022,Risaralda,2022-09-12,4,2022-10-10,0.5065876,0.039938238
123,2022,Risaralda,2022-09-19,1,2022-09-26,0.10131753,0.034674183
123,2022,Risaralda,2022-09-19,2,2022-10-03,0.5065876,0.0471338
123,2022,Risaralda,2022-09-19,3,2022-10-10,0.5065876,0.04423397
123,2022,Risaralda,2022-09-19,4,2022-10-17,0.20263508,0.042343423
123,2022,Risaralda,2022-09-26,1,2022-10-03,0.5065876,0.035629258
123,2022,Risaralda,2022-09-26,2,2022-10-10,0.5065876,0.048239525
123,2022,Risaralda,2022-09-26,3,2022-10-17,0.20263508,0.04518685
123,2022,Risaralda,2022-09-26,4,2022-10-24,0.3039526,0.043496292
123,2022,Risaralda,2022-10-03,1,2022-10-10,0.5065876,0.035826176
123,2022,Risaralda,2022-10-03,2,2022-10-17,0.20263508,0.048567057
123,2022,Risaralda,2022-10-03,3,2022-10-24,0.3039526,0.045491185
123,2022,Risaralda,2022-10-03,4,2022-10-31,0.10131753,0.043812174
123,2022,Risaralda,2022-10-10,1,2022-10-17,0.20263508,0.0388572
123,2022,Risaralda,2022-10-10,2,2022-10-24,0.3039526,0.052498356
123,2022,Risaralda,2022-10-10,3,2022-10-31,0.10131753,0.04897111
123,2022,Risaralda,2022-10-10,4,2022-11-07,0.10131753,0.048477393
123,2022,Risaralda,2022-10-17,1,2022-10-24,0.3039526,0.04288714
123,2022,Risaralda,2022-10-17,2,2022-10-31,0.10131753,0.057810906
123,2022,Risaralda,2022-10-17,3,2022-11-07,0.10131753,0.053579576
123,2022,Risaralda,2022-10-17,4,2022-11-14,0.10131753,0.05460554
123,2022,Risaralda,2022-10-24,1,2022-10-31,0.10131753,0.04729591
123,2022,Risaralda,2022-10-24,2,2022-11-07,0.10131753,0.06335004
123,2022,Risaralda,2022-10-24,3,2022-11-14,0.10131753,0.05837902
123,2022,Risaralda,2022-10-24,4,2022-11-21,0.0,0.060188703
123,2022,Risaralda,2022-10-31,1,2022-11-07,0.10131753,0.055819433
123,2022,Risaralda,2022-10-31,2,2022-11-14,0.10131753,0.07250281
123,2022,Risaralda,2022-10-31,3,2022-11-21,0.0,0.06721559
123,2022,Risaralda,2022-10-31,4,2022-11-28,0.0,0.070770256
123,2022,Risaralda,2022-11-07,1,2022-11-14,0.10131753,0.06523964
123,2022,Risaralda,2022-11-07,2,2022-11-21,0.0,0.081778474
123,2022,Risaralda,2022-11-07,3,2022-11-28,0.0,0.07752447
123,2022,Risaralda,2022-11-07,4,2022-12-05,0.0,0.08211336
123,2022,Risaralda,2022-11-14,1,2022-11-21,0.0,0.06986581
123,2022,Risaralda,2022-11-14,2,2022-11-28,0.0,0.086146556
123,2022,Risaralda,2022-11-14,3,2022-12-05,0.0,0.08243306
123,2022,Risaralda,2022-11-14,4,2022-12-12,0.10131753,0.08698309
123,2022,Risaralda,2022-11-21,1,2022-11-28,0.0,0.07577231
123,2022,Risaralda,2022-11-21,2,2022-12-05,0.0,0.09109645
123,2022,Risaralda,2022-11-21,3,2022-12-12,0.10131753,0.08862011
123,2022,Risaralda,2022-11-21,4,2022-12-19,0.10131753,0.09263483
123,2022,Risaralda,2022-11-28,1,2022-12-05,0.0,0.07726746
123,2022,Risaralda,2022-11-28,2,2022-12-12,0.10131753,0.09210773
123,2022,Risaralda,2022-11-28,3,2022-12-19,0.10131753,0.09059989
123,2022,Risaralda,2022-11-28,4,2022-12-26,0.0,0.09382285
123,2022,Santander,2022-02-21,1,2022-02-28,0.46987304,0.47231272
123,2022,Santander,2022-02-21,2,2022-03-07,0.6407359,0.49985206
123,2022,Santander,2022-02-21,3,2022-03-14,0.68345165,0.52246964
123,2022,Santander,2022-02-21,4,2022-03-21,0.8970303,0.5334944
123,2022,Santander,2022-02-28,1,2022-03-07,0.6407359,0.50977314
123,2022,Santander,2022-02-28,2,2022-03-14,0.68345165,0.5429059
123,2022,Santander,2022-02-28,3,2022-03-21,0.8970303,0.56902957
123,2022,Santander,2022-02-28,4,2022-03-28,0.34172586,0.5850439
123,2022,Santander,2022-03-07,1,2022-03-14,0.68345165,0.4815376
123,2022,Santander,2022-03-07,2,2022-03-21,0.8970303,0.5115596
123,2022,Santander,2022-03-07,3,2022-03-28,0.34172586,0.53499556
123,2022,Santander,2022-03-07,4,2022-04-04,0.9397461,0.54725254
123,2022,Santander,2022-03-14,1,2022-03-21,0.8970303,0.46270552
123,2022,Santander,2022-03-14,2,2022-03-28,0.34172586,0.48909536
123,2022,Santander,2022-03-14,3,2022-04-04,0.9397461,0.5113675
123,2022,Santander,2022-03-14,4,2022-04-11,0.51258874,0.52082396
123,2022,Santander,2022-03-21,1,2022-03-28,0.34172586,0.52190435
123,2022,Santander,2022-03-21,2,2022-04-04,0.9397461,0.55467427
123,2022,Santander,2022-03-21,3,2022-04-11,0.51258874,0.5818544
123,2022,Santander,2022-03-21,4,2022-04-18,1.1533247,0.5988737
123,2022,Santander,2022-03-28,1,2022-04-04,0.9397461,0.645487
123,2022,Santander,2022-03-28,2,2022-04-11,0.51258874,0.6855794
123,2022,Santander,2022-03-28,3,2022-04-18,1.1533247,0.72024125
123,2022,Santander,2022-03-28,4,2022-04-25,1.0251775,0.7498519
123,2022,Santander,2022-04-04,1,2022-04-11,0.51258874,0.6518807
123,2022,Santander,2022-04-04,2,2022-04-18,1.1533247,0.6911209
123,2022,Santander,2022-04-04,3,2022-04-25,1.0251775,0.7241324
123,2022,Santander,2022-04-04,4,2022-05-02,0.68345165,0.7495074
123,2022,Santander,2022-04-11,1,2022-04-18,1.1533247,0.70813245
123,2022,Santander,2022-04-11,2,2022-04-25,1.0251775,0.7480123
123,2022,Santander,2022-04-11,3,2022-05-02,0.68345165,0.7848035
123,2022,Santander,2022-04-11,4,2022-05-09,1.4523348,0.81121975
123,2022,Santander,2022-04-18,1,2022-04-25,1.0251775,0.74218035
123,2022,Santander,2022-04-18,2,2022-05-02,0.68345165,0.78233874
123,2022,Santander,2022-04-18,3,2022-05-09,1.4523348,0.82135516
123,2022,Santander,2022-04-18,4,2022-05-16,0.9824618,0.84778553
123,2022,Santander,2022-04-25,1,2022-05-02,0.68345165,0.8526285
123,2022,Santander,2022-04-25,2,2022-05-09,1.4523348,0.8938517
123,2022,Santander,2022-04-25,3,2022-05-16,0.9824618,0.93888
123,2022,Santander,2022-04-25,4,2022-05-23,1.6659135,0.97148263
123,2022,Santander,2022-05-02,1,2022-05-09,1.4523348,1.020487
123,2022,Santander,2022-05-02,2,2022-05-16,0.9824618,1.0616807
123,2022,Santander,2022-05-02,3,2022-05-23,1.6659135,1.1144217
123,2022,Santander,2022-05-02,4,2022-05-30,1.1533247,1.1537572
123,2022,Santander,2022-05-09,1,2022-05-16,0.9824618,1.0828973
123,2022,Santander,2022-05-09,2,2022-05-23,1.6659135,1.1225495
123,2022,Santander,2022-05-09,3,2022-05-30,1.1533247,1.1737044
123,2022,Santander,2022-05-09,4,2022-06-06,1.8794923,1.2111834
123,2022,Santander,2022-05-16,1,2022-05-23,1.6659135,1.2427944
123,2022,Santander,2022-05-16,2,2022-05-30,1.1533247,1.2875047
123,2022,Santander,2022-05-16,3,2022-06-06,1.8794923,1.3335389
123,2022,Santander,2022-05-16,4,2022-06-13,1.1960404,1.3800153
123,2022,Santander,2022-05-23,1,2022-05-30,1.1533247,1.260507
123,2022,Santander,2022-05-23,2,2022-06-06,1.8794923,1.2975663
123,2022,Santander,2022-05-23,3,2022-06-13,1.1960404,1.338886
123,2022,Santander,2022-05-23,4,2022-06-20,0.9397461,1.3794808
123,2022,Santander,2022-05-30,1,2022-06-06,1.8794923,1.496973
123,2022,Santander,2022-05-30,2,2022-06-13,1.1960404,1.5382528
123,2022,Santander,2022-05-30,3,2022-06-20,0.9397461,1.5810677
123,2022,Santander,2022-05-30,4,2022-06-27,1.7940607,1.6288791
123,2022,Santander,2022-06-06,1,2022-06-13,1.1960404,1.5904295
123,2022,Santander,2022-06-06,2,2022-06-20,0.9397461,1.6236298
123,2022,Santander,2022-06-06,3,2022-06-27,1.7940607,1.6640028
123,2022,Santander,2022-06-06,4,2022-07-04,1.0251775,1.7088596
123,2022,Santander,2022-06-13,1,2022-06-20,0.9397461,1.7721277
123,2022,Santander,2022-06-13,2,2022-06-27,1.7940607,1.8042829
123,2022,Santander,2022-06-13,3,2022-07-04,1.0251775,1.83906
123,2022,Santander,2022-06-13,4,2022-07-11,1.8794923,1.8894569
123,2022,Santander,2022-06-20,1,2022-06-27,1.7940607,1.7233416
123,2022,Santander,2022-06-20,2,2022-07-04,1.0251775,1.7383262
123,2022,Santander,2022-06-20,3,2022-07-11,1.8794923,1.7722471
123,2022,Santander,2022-06-20,4,2022-07-18,0.7688831,1.8072182
123,2022,Santander,2022-06-27,1,2022-07-04,1.0251775,1.5611068
123,2022,Santander,2022-06-27,2,2022-07-11,1.8794923,1.5642166
123,2022,Santander,2022-06-27,3,2022-07-18,0.7688831,1.5884273
123,2022,Santander,2022-06-27,4,2022-07-25,1.3241876,1.6027635
123,2022,Santander,2022-07-04,1,2022-07-11,1.8794923,1.6547629
123,2022,Santander,2022-07-04,2,2022-07-18,0.7688831,1.6545452
123,2022,Santander,2022-07-04,3,2022-07-25,1.3241876,1.6818018
123,2022,Santander,2022-07-04,4,2022-08-01,1.5804819,1.6972944
123,2022,Santander,2022-07-11,1,2022-07-18,0.7688831,1.5430657
123,2022,Santander,2022-07-11,2,2022-07-25,1.3241876,1.5377876
123,2022,Santander,2022-07-11,3,2022-08-01,1.5804819,1.5587009
123,2022,Santander,2022-07-11,4,2022-08-08,1.281472,1.5660882
123,2022,Santander,2022-07-18,1,2022-07-25,1.3241876,1.713309
123,2022,Santander,2022-07-18,2,2022-08-01,1.5804819,1.7146671
123,2022,Santander,2022-07-18,3,2022-08-08,1.281472,1.7418854
123,2022,Santander,2022-07-18,4,2022-08-15,2.0076394,1.7636037
123,2022,Santander,2022-07-25,1,2022-08-01,1.5804819,1.5092319
123,2022,Santander,2022-07-25,2,2022-08-08,1.281472,1.5044429
123,2022,Santander,2022-07-25,3,2022-08-15,2.0076394,1.5211471
123,2022,Santander,2022-07-25,4,2022-08-22,1.4950504,1.5312514
123,2022,Santander,2022-08-01,1,2022-08-08,1.281472,1.4100133
123,2022,Santander,2022-08-01,2,2022-08-15,2.0076394,1.4065303
123,2022,Santander,2022-08-01,3,2022-08-22,1.4950504,1.4220482
123,2022,Santander,2022-08-01,4,2022-08-29,1.5804819,1.4261819
123,2022,Santander,2022-08-08,1,2022-08-15,2.0076394,1.4582722
123,2022,Santander,2022-08-08,2,2022-08-22,1.4950504,1.4578724
123,2022,Santander,2022-08-08,3,2022-08-29,1.5804819,1.4790282
123,2022,Santander,2022-08-08,4,2022-09-05,1.5377662,1.492058
123,2022,Santander,2022-08-15,1,2022-08-22,1.4950504,1.4758247
123,2022,Santander,2022-08-15,2,2022-08-29,1.5804819,1.4780047
123,2022,Santander,2022-08-15,3,2022-09-05,1.5377662,1.4988986
123,2022,Santander,2022-08-15,4,2022-09-12,1.0251775,1.5164293
123,2022,Santander,2022-08-22,1,2022-08-29,1.5804819,1.6723511
123,2022,Santander,2022-08-22,2,2022-09-05,1.5377662,1.6832225
123,2022,Santander,2022-08-22,3,2022-09-12,1.0251775,1.7067027
123,2022,Santander,2022-08-22,4,2022-09-19,1.6231978,1.7415576
123,2022,Santander,2022-08-29,1,2022-09-05,1.5377662,1.6321132
123,2022,Santander,2022-08-29,2,2022-09-12,1.0251775,1.637275
123,2022,Santander,2022-08-29,3,2022-09-19,1.6231978,1.6551805
123,2022,Santander,2022-08-29,4,2022-09-26,1.3669034,1.6866807
123,2022,Santander,2022-09-05,1,2022-09-12,1.0251775,1.6512628
123,2022,Santander,2022-09-05,2,2022-09-19,1.6231978,1.6533569
123,2022,Santander,2022-09-05,3,2022-09-26,1.3669034,1.669747
123,2022,Santander,2022-09-05,4,2022-10-03,1.4523348,1.6976908
123,2022,Santander,2022-09-12,1,2022-09-19,1.6231978,1.644105
123,2022,Santander,2022-09-12,2,2022-09-26,1.3669034,1.6460686
123,2022,Santander,2022-09-12,3,2022-10-03,1.4523348,1.6619896
123,2022,Santander,2022-09-12,4,2022-10-10,1.3669034,1.6894549
123,2022,Santander,2022-09-19,1,2022-09-26,1.3669034,1.5101104
123,2022,Santander,2022-09-19,2,2022-10-03,1.4523348,1.5060204
123,2022,Santander,2022-09-19,3,2022-10-10,1.3669034,1.5165612
123,2022,Santander,2022-09-19,4,2022-10-17,1.5804819,1.5296091
123,2022,Santander,2022-09-26,1,2022-10-03,1.4523348,1.5376674
123,2022,Santander,2022-09-26,2,2022-10-10,1.3669034,1.5336022
123,2022,Santander,2022-09-26,3,2022-10-17,1.5804819,1.5499952
123,2022,Santander,2022-09-26,4,2022-10-24,1.4096191,1.5646265
123,2022,Santander,2022-10-03,1,2022-10-10,1.3669034,1.5653087
123,2022,Santander,2022-10-03,2,2022-10-17,1.5804819,1.563717
123,2022,Santander,2022-10-03,3,2022-10-24,1.4096191,1.5826672
123,2022,Santander,2022-10-03,4,2022-10-31,2.3066492,1.6006697
123,2022,Santander,2022-10-10,1,2022-10-17,1.5804819,1.5695724
123,2022,Santander,2022-10-10,2,2022-10-24,1.4096191,1.567356
123,2022,Santander,2022-10-10,3,2022-10-31,2.3066492,1.5857863
123,2022,Santander,2022-10-10,4,2022-11-07,1.7086293,1.6040505
123,2022,Santander,2022-10-17,1,2022-10-24,1.4096191,1.5106243
123,2022,Santander,2022-10-17,2,2022-10-31,2.3066492,1.5068974
123,2022,Santander,2022-10-17,3,2022-11-07,1.7086293,1.5234582
123,2022,Santander,2022-10-17,4,2022-11-14,2.3066492,1.5390263
123,2022,Santander,2022-10-24,1,2022-10-31,2.3066492,1.550109
123,2022,Santander,2022-10-24,2,2022-11-07,1.7086293,1.5473909
123,2022,Santander,2022-10-24,3,2022-11-14,2.3066492,1.5653496
123,2022,Santander,2022-10-24,4,2022-11-21,2.0930707,1.5831057
123,2022,Santander,2022-10-31,1,2022-11-07,1.7086293,1.5234836
123,2022,Santander,2022-10-31,2,2022-11-14,2.3066492,1.5176716
123,2022,Santander,2022-10-31,3,2022-11-21,2.0930707,1.5326207
123,2022,Santander,2022-10-31,4,2022-11-28,1.5804819,1.5477009
123,2022,Santander,2022-11-07,1,2022-11-14,2.3066492,1.7961185
123,2022,Santander,2022-11-07,2,2022-11-21,2.0930707,1.8044252
123,2022,Santander,2022-11-07,3,2022-11-28,1.5804819,1.8208915
123,2022,Santander,2022-11-07,4,2022-12-05,1.4096191,1.8601409
123,2022,Santander,2022-11-14,1,2022-11-21,2.0930707,1.9535503
123,2022,Santander,2022-11-14,2,2022-11-28,1.5804819,1.9646037
123,2022,Santander,2022-11-14,3,2022-12-05,1.4096191,1.9781361
123,2022,Santander,2022-11-14,4,2022-12-12,1.3241876,2.0201018
123,2022,Santander,2022-11-21,1,2022-11-28,1.5804819,2.0994756
123,2022,Santander,2022-11-21,2,2022-12-05,1.4096191,2.1080735
123,2022,Santander,2022-11-21,3,2022-12-12,1.3241876,2.119232
123,2022,Santander,2022-11-21,4,2022-12-19,1.5804819,2.1543481
123,2022,Santander,2022-11-28,1,2022-12-05,1.4096191,2.386472
123,2022,Santander,2022-11-28,2,2022-12-12,1.3241876,2.398111
123,2022,Santander,2022-11-28,3,2022-12-19,1.5804819,2.4103084
123,2022,Santander,2022-11-28,4,2022-12-26,2.050355,2.4364696
123,2022,Sucre,2022-02-21,1,2022-02-28,3.4385736,1.9281452
123,2022,Sucre,2022-02-21,2,2022-03-07,2.9329011,1.9005998
123,2022,Sucre,2022-02-21,3,2022-03-14,3.0340357,1.893201
123,2022,Sucre,2022-02-21,4,2022-03-21,3.2363048,1.9021891
123,2022,Sucre,2022-02-28,1,2022-03-07,2.9329011,2.02569
123,2022,Sucre,2022-02-28,2,2022-03-14,3.0340357,1.9997115
123,2022,Sucre,2022-02-28,3,2022-03-21,3.2363048,1.9940776
123,2022,Sucre,2022-02-28,4,2022-03-28,4.955592,2.0103548
123,2022,Sucre,2022-03-07,1,2022-03-14,3.0340357,2.3541944
123,2022,Sucre,2022-03-07,2,2022-03-21,3.2363048,2.3508606
123,2022,Sucre,2022-03-07,3,2022-03-28,4.955592,2.3612845
123,2022,Sucre,2022-03-07,4,2022-04-04,4.045381,2.3708189
123,2022,Sucre,2022-03-14,1,2022-03-21,3.2363048,2.4222856
123,2022,Sucre,2022-03-14,2,2022-03-28,4.955592,2.414088
123,2022,Sucre,2022-03-14,3,2022-04-04,4.045381,2.4248924
123,2022,Sucre,2022-03-14,4,2022-04-11,3.640843,2.4334855
123,2022,Sucre,2022-03-21,1,2022-03-28,4.955592,2.6756918
123,2022,Sucre,2022-03-21,2,2022-04-04,4.045381,2.6737096
123,2022,Sucre,2022-03-21,3,2022-04-11,3.640843,2.6892772
123,2022,Sucre,2022-03-21,4,2022-04-18,3.1351702,2.6944654
123,2022,Sucre,2022-03-28,1,2022-04-04,4.045381,3.1359062
123,2022,Sucre,2022-03-28,2,2022-04-11,3.640843,3.1455593
123,2022,Sucre,2022-03-28,3,2022-04-18,3.1351702,3.1674483
123,2022,Sucre,2022-03-28,4,2022-04-25,4.955592,3.167088
123,2022,Sucre,2022-04-04,1,2022-04-11,3.640843,4.1786194
123,2022,Sucre,2022-04-04,2,2022-04-18,3.1351702,4.2269344
123,2022,Sucre,2022-04-04,3,2022-04-25,4.955592,4.2524867
123,2022,Sucre,2022-04-04,4,2022-05-02,7.4839544,4.24053
123,2022,Sucre,2022-04-11,1,2022-04-18,3.1351702,4.5387635
123,2022,Sucre,2022-04-11,2,2022-04-25,4.955592,4.5767536
123,2022,Sucre,2022-04-11,3,2022-05-02,7.4839544,4.599366
123,2022,Sucre,2022-04-11,4,2022-05-09,5.8658023,4.587984
123,2022,Sucre,2022-04-18,1,2022-04-25,4.955592,4.6920347
123,2022,Sucre,2022-04-18,2,2022-05-02,7.4839544,4.7335052
123,2022,Sucre,2022-04-18,3,2022-05-09,5.8658023,4.762292
123,2022,Sucre,2022-04-18,4,2022-05-16,9.911184,4.7535834
123,2022,Sucre,2022-04-25,1,2022-05-02,7.4839544,4.6110606
123,2022,Sucre,2022-04-25,2,2022-05-09,5.8658023,4.6417804
123,2022,Sucre,2022-04-25,3,2022-05-16,9.911184,4.6726623
123,2022,Sucre,2022-04-25,4,2022-05-23,11.832741,4.664183
123,2022,Sucre,2022-05-02,1,2022-05-09,5.8658023,5.1769485
123,2022,Sucre,2022-05-02,2,2022-05-16,9.911184,5.234283
123,2022,Sucre,2022-05-02,3,2022-05-23,11.832741,5.2662826
123,2022,Sucre,2022-05-02,4,2022-05-30,12.237277,5.2402678
123,2022,Sucre,2022-05-09,1,2022-05-16,9.911184,6.8062205
123,2022,Sucre,2022-05-09,2,2022-05-23,11.832741,6.9517207
123,2022,Sucre,2022-05-09,3,2022-05-30,12.237277,6.9806657
123,2022,Sucre,2022-05-09,4,2022-06-06,10.72026,6.9007463
123,2022,Sucre,2022-05-16,1,2022-05-23,11.832741,7.143202
123,2022,Sucre,2022-05-16,2,2022-05-30,12.237277,7.227939
123,2022,Sucre,2022-05-16,3,2022-06-06,10.72026,7.2117596
123,2022,Sucre,2022-05-16,4,2022-06-13,11.023664,7.1087728
123,2022,Sucre,2022-05-23,1,2022-05-30,12.237277,8.764972
123,2022,Sucre,2022-05-23,2,2022-06-06,10.72026,8.889413
123,2022,Sucre,2022-05-23,3,2022-06-13,11.023664,8.843491
123,2022,Sucre,2022-05-23,4,2022-06-20,5.966937,8.614554
123,2022,Sucre,2022-05-30,1,2022-06-06,10.72026,10.311637
123,2022,Sucre,2022-05-30,2,2022-06-13,11.023664,10.3879
123,2022,Sucre,2022-05-30,3,2022-06-20,5.966937,10.263243
123,2022,Sucre,2022-05-30,4,2022-06-27,11.023664,9.866798
123,2022,Sucre,2022-06-06,1,2022-06-13,11.023664,11.228965
123,2022,Sucre,2022-06-06,2,2022-06-20,5.966937,11.171557
123,2022,Sucre,2022-06-06,3,2022-06-27,11.023664,10.953906
123,2022,Sucre,2022-06-06,4,2022-07-04,11.124799,10.408298
123,2022,Sucre,2022-06-13,1,2022-06-20,5.966937,11.004639
123,2022,Sucre,2022-06-13,2,2022-06-27,11.023664,10.743383
123,2022,Sucre,2022-06-13,3,2022-07-04,11.124799,10.444869
123,2022,Sucre,2022-06-13,4,2022-07-11,11.428203,9.854551
123,2022,Sucre,2022-06-20,1,2022-06-27,11.023664,10.576666
123,2022,Sucre,2022-06-20,2,2022-07-04,11.124799,10.164028
123,2022,Sucre,2022-06-20,3,2022-07-11,11.428203,9.815605
123,2022,Sucre,2022-06-20,4,2022-07-18,11.124799,9.210044
123,2022,Sucre,2022-06-27,1,2022-07-04,11.124799,7.4422755
123,2022,Sucre,2022-06-27,2,2022-07-11,11.428203,6.9251947
123,2022,Sucre,2022-06-27,3,2022-07-18,11.124799,6.5698013
123,2022,Sucre,2022-06-27,4,2022-07-25,11.529337,6.258923
123,2022,Sucre,2022-07-04,1,2022-07-11,11.428203,8.082215
123,2022,Sucre,2022-07-04,2,2022-07-18,11.124799,7.6594906
123,2022,Sucre,2022-07-04,3,2022-07-25,11.529337,7.339278
123,2022,Sucre,2022-07-04,4,2022-08-01,10.113454,6.927325
123,2022,Sucre,2022-07-11,1,2022-07-18,11.124799,8.313727
123,2022,Sucre,2022-07-11,2,2022-07-25,11.529337,7.8663726
123,2022,Sucre,2022-07-11,3,2022-08-01,10.113454,7.5383515
123,2022,Sucre,2022-07-11,4,2022-08-08,10.821393,7.0975347
123,2022,Sucre,2022-07-18,1,2022-07-25,11.529337,8.502054
123,2022,Sucre,2022-07-18,2,2022-08-01,10.113454,8.05104
123,2022,Sucre,2022-07-18,3,2022-08-08,10.821393,7.712279
123,2022,Sucre,2022-07-18,4,2022-08-15,10.315721,7.249344
123,2022,Sucre,2022-07-25,1,2022-08-01,10.113454,8.5537815
123,2022,Sucre,2022-07-25,2,2022-08-08,10.821393,8.090042
123,2022,Sucre,2022-07-25,3,2022-08-15,10.315721,7.7429023
123,2022,Sucre,2022-07-25,4,2022-08-22,9.60778,7.2708335
123,2022,Sucre,2022-08-01,1,2022-08-08,10.821393,8.590714
123,2022,Sucre,2022-08-01,2,2022-08-15,10.315721,8.116713
123,2022,Sucre,2022-08-01,3,2022-08-22,9.60778,7.764313
123,2022,Sucre,2022-08-01,4,2022-08-29,8.697571,7.2843266
123,2022,Sucre,2022-08-08,1,2022-08-15,10.315721,8.09785
123,2022,Sucre,2022-08-08,2,2022-08-22,9.60778,7.6065683
123,2022,Sucre,2022-08-08,3,2022-08-29,8.697571,7.2480674
123,2022,Sucre,2022-08-08,4,2022-09-05,12.641817,6.8247237
123,2022,Sucre,2022-08-15,1,2022-08-22,9.60778,8.345411
123,2022,Sucre,2022-08-15,2,2022-08-29,8.697571,7.8800325
123,2022,Sucre,2022-08-15,3,2022-09-05,12.641817,7.5205374
123,2022,Sucre,2022-08-15,4,2022-09-12,7.787358,7.0736747
123,2022,Sucre,2022-08-22,1,2022-08-29,8.697571,8.405944
123,2022,Sucre,2022-08-22,2,2022-09-05,12.641817,7.943722
123,2022,Sucre,2022-08-22,3,2022-09-12,7.787358,7.584986
123,2022,Sucre,2022-08-22,4,2022-09-19,7.8884926,7.1394734
123,2022,Sucre,2022-08-29,1,2022-09-05,12.641817,8.088445
123,2022,Sucre,2022-08-29,2,2022-09-12,7.787358,7.620693
123,2022,Sucre,2022-08-29,3,2022-09-19,7.8884926,7.2597055
123,2022,Sucre,2022-08-29,4,2022-09-26,8.293031,6.8576245
123,2022,Sucre,2022-09-05,1,2022-09-12,7.787358,7.677473
123,2022,Sucre,2022-09-05,2,2022-09-19,7.8884926,7.2325015
123,2022,Sucre,2022-09-05,3,2022-09-26,8.293031,6.8859677
123,2022,Sucre,2022-09-05,4,2022-10-03,7.0794168,6.529615
123,2022,Sucre,2022-09-12,1,2022-09-19,7.8884926,8.870809
123,2022,Sucre,2022-09-12,2,2022-09-26,8.293031,8.4839115
123,2022,Sucre,2022-09-12,3,2022-10-03,7.0794168,8.1407995
123,2022,Sucre,2022-09-12,4,2022-10-10,8.8998375,7.6617184
123,2022,Sucre,2022-09-19,1,2022-09-26,8.293031,7.786702
123,2022,Sucre,2022-09-19,2,2022-10-03,7.0794168,7.348676
123,2022,Sucre,2022-09-19,3,2022-10-10,8.8998375,7.0012684
123,2022,Sucre,2022-09-19,4,2022-10-17,6.674878,6.6519246
123,2022,Sucre,2022-09-26,1,2022-10-03,7.0794168,7.2506714
123,2022,Sucre,2022-09-26,2,2022-10-10,8.8998375,6.8667703
123,2022,Sucre,2022-09-26,3,2022-10-17,6.674878,6.5489273
123,2022,Sucre,2022-09-26,4,2022-10-24,8.8998375,6.2548003
123,2022,Sucre,2022-10-03,1,2022-10-10,8.8998375,7.4032054
123,2022,Sucre,2022-10-03,2,2022-10-17,6.674878,7.077585
123,2022,Sucre,2022-10-03,3,2022-10-24,8.8998375,6.7882643
123,2022,Sucre,2022-10-03,4,2022-10-31,8.596435,6.484588
123,2022,Sucre,2022-10-10,1,2022-10-17,6.674878,6.851965
123,2022,Sucre,2022-10-10,2,2022-10-24,8.8998375,6.5518703
123,2022,Sucre,2022-10-10,3,2022-10-31,8.596435,6.2865157
123,2022,Sucre,2022-10-10,4,2022-11-07,9.102108,6.0421243
123,2022,Sucre,2022-10-17,1,2022-10-24,8.8998375,7.1429806
123,2022,Sucre,2022-10-17,2,2022-10-31,8.596435,6.9030523
123,2022,Sucre,2022-10-17,3,2022-11-07,9.102108,6.6602774
123,2022,Sucre,2022-10-17,4,2022-11-14,6.1692066,6.3982563
123,2022,Sucre,2022-10-24,1,2022-10-31,8.596435,6.61809
123,2022,Sucre,2022-10-24,2,2022-11-07,9.102108,6.389278
123,2022,Sucre,2022-10-24,3,2022-11-14,6.1692066,6.1663175
123,2022,Sucre,2022-10-24,4,2022-11-21,6.068072,5.9577284
123,2022,Sucre,2022-10-31,1,2022-11-07,9.102108,6.9827914
123,2022,Sucre,2022-10-31,2,2022-11-14,6.1692066,6.803701
123,2022,Sucre,2022-10-31,3,2022-11-21,6.068072,6.596324
123,2022,Sucre,2022-10-31,4,2022-11-28,5.6635337,6.3645477
123,2022,Sucre,2022-11-07,1,2022-11-14,6.1692066,7.2505336
123,2022,Sucre,2022-11-07,2,2022-11-21,6.068072,7.0734706
123,2022,Sucre,2022-11-07,3,2022-11-28,5.6635337,6.859592
123,2022,Sucre,2022-11-07,4,2022-12-05,8.090762,6.611772
123,2022,Sucre,2022-11-14,1,2022-11-21,6.068072,7.3580446
123,2022,Sucre,2022-11-14,2,2022-11-28,5.6635337,7.183233
123,2022,Sucre,2022-11-14,3,2022-12-05,8.090762,6.971726
123,2022,Sucre,2022-11-14,4,2022-12-12,7.9896274,6.7171
123,2022,Sucre,2022-11-21,1,2022-11-28,5.6635337,6.5358825
123,2022,Sucre,2022-11-21,2,2022-12-05,8.090762,6.338083
123,2022,Sucre,2022-11-21,3,2022-12-12,7.9896274,6.1356544
123,2022,Sucre,2022-11-21,4,2022-12-19,8.495301,5.94631
123,2022,Sucre,2022-11-28,1,2022-12-05,8.090762,6.175355
123,2022,Sucre,2022-11-28,2,2022-12-12,7.9896274,5.998141
123,2022,Sucre,2022-11-28,3,2022-12-19,8.495301,5.812751
123,2022,Sucre,2022-11-28,4,2022-12-26,8.697571,5.6500053
123,2022,Tolima,2022-02-21,1,2022-02-28,0.65772885,0.4814623
123,2022,Tolima,2022-02-21,2,2022-03-07,0.7308098,0.5005141
123,2022,Tolima,2022-02-21,3,2022-03-14,0.5115669,0.52426136
123,2022,Tolima,2022-02-21,4,2022-03-21,0.8038908,0.519884
123,2022,Tolima,2022-02-28,1,2022-03-07,0.7308098,0.48732474
123,2022,Tolima,2022-02-28,2,2022-03-14,0.5115669,0.5074806
123,2022,Tolima,2022-02-28,3,2022-03-21,0.8038908,0.5321984
123,2022,Tolima,2022-02-28,4,2022-03-28,0.8038908,0.5351154
123,2022,Tolima,2022-03-07,1,2022-03-14,0.5115669,0.487645
123,2022,Tolima,2022-03-07,2,2022-03-21,0.8038908,0.50788
123,2022,Tolima,2022-03-07,3,2022-03-28,0.8038908,0.5319606
123,2022,Tolima,2022-03-07,4,2022-04-04,0.7308098,0.5388638
123,2022,Tolima,2022-03-14,1,2022-03-21,0.8038908,0.5187967
123,2022,Tolima,2022-03-14,2,2022-03-28,0.8038908,0.54239064
123,2022,Tolima,2022-03-14,3,2022-04-04,0.7308098,0.56721365
123,2022,Tolima,2022-03-14,4,2022-04-11,0.9500528,0.58145666
123,2022,Tolima,2022-03-21,1,2022-03-28,0.8038908,0.57027465
123,2022,Tolima,2022-03-21,2,2022-04-04,0.7308098,0.59666294
123,2022,Tolima,2022-03-21,3,2022-04-11,0.9500528,0.62407315
123,2022,Tolima,2022-03-21,4,2022-04-18,1.4616197,0.6431522
123,2022,Tolima,2022-03-28,1,2022-04-04,0.7308098,0.6312458
123,2022,Tolima,2022-03-28,2,2022-04-11,0.9500528,0.65904576
123,2022,Tolima,2022-03-28,3,2022-04-18,1.4616197,0.6880829
123,2022,Tolima,2022-03-28,4,2022-04-25,1.2423768,0.71007144
123,2022,Tolima,2022-04-04,1,2022-04-11,0.9500528,0.7210803
123,2022,Tolima,2022-04-04,2,2022-04-18,1.4616197,0.7491274
123,2022,Tolima,2022-04-04,3,2022-04-25,1.2423768,0.7824198
123,2022,Tolima,2022-04-04,4,2022-05-02,1.8270245,0.8067441
123,2022,Tolima,2022-04-11,1,2022-04-18,1.4616197,0.7708755
123,2022,Tolima,2022-04-11,2,2022-04-25,1.2423768,0.7991382
123,2022,Tolima,2022-04-11,3,2022-05-02,1.8270245,0.8336348
123,2022,Tolima,2022-04-11,4,2022-05-09,1.5347006,0.85592324
123,2022,Tolima,2022-04-18,1,2022-04-25,1.2423768,0.85995233
123,2022,Tolima,2022-04-18,2,2022-05-02,1.8270245,0.8859501
123,2022,Tolima,2022-04-18,3,2022-05-09,1.5347006,0.9232804
123,2022,Tolima,2022-04-18,4,2022-05-16,1.1692957,0.9446509
123,2022,Tolima,2022-04-25,1,2022-05-02,1.8270245,0.96207815
123,2022,Tolima,2022-04-25,2,2022-05-09,1.5347006,0.98394895
123,2022,Tolima,2022-04-25,3,2022-05-16,1.1692957,1.0221326
123,2022,Tolima,2022-04-25,4,2022-05-23,1.4616197,1.043011
123,2022,Tolima,2022-05-02,1,2022-05-09,1.5347006,1.0979086
123,2022,Tolima,2022-05-02,2,2022-05-16,1.1692957,1.1156793
123,2022,Tolima,2022-05-02,3,2022-05-23,1.4616197,1.1546087
123,2022,Tolima,2022-05-02,4,2022-05-30,1.5347006,1.1769673
123,2022,Tolima,2022-05-09,1,2022-05-16,1.1692957,1.4202956
123,2022,Tolima,2022-05-09,2,2022-05-23,1.4616197,1.4524838
123,2022,Tolima,2022-05-09,3,2022-05-30,1.5347006,1.4873211
123,2022,Tolima,2022-05-09,4,2022-06-06,1.1692957,1.5324404
123,2022,Tolima,2022-05-16,1,2022-05-23,1.4616197,1.587331
123,2022,Tolima,2022-05-16,2,2022-05-30,1.5347006,1.6127298
123,2022,Tolima,2022-05-16,3,2022-06-06,1.1692957,1.6422259
123,2022,Tolima,2022-05-16,4,2022-06-13,1.3885387,1.6882463
123,2022,Tolima,2022-05-23,1,2022-05-30,1.5347006,1.433434
123,2022,Tolima,2022-05-23,2,2022-06-06,1.1692957,1.4374344
123,2022,Tolima,2022-05-23,3,2022-06-13,1.3885387,1.4599977
123,2022,Tolima,2022-05-23,4,2022-06-20,1.1692957,1.4796281
123,2022,Tolima,2022-05-30,1,2022-06-06,1.1692957,1.4991813
123,2022,Tolima,2022-05-30,2,2022-06-13,1.3885387,1.5002071
123,2022,Tolima,2022-05-30,3,2022-06-20,1.1692957,1.5262793
123,2022,Tolima,2022-05-30,4,2022-06-27,1.3885387,1.5428845
123,2022,Tolima,2022-06-06,1,2022-06-13,1.3885387,1.5895243
123,2022,Tolima,2022-06-06,2,2022-06-20,1.1692957,1.5876865
123,2022,Tolima,2022-06-06,3,2022-06-27,1.3885387,1.6156024
123,2022,Tolima,2022-06-06,4,2022-07-04,2.4116726,1.6319574
123,2022,Tolima,2022-06-13,1,2022-06-20,1.1692957,1.464104
123,2022,Tolima,2022-06-13,2,2022-06-27,1.3885387,1.4552262
123,2022,Tolima,2022-06-13,3,2022-07-04,2.4116726,1.4724214
123,2022,Tolima,2022-06-13,4,2022-07-11,2.1924295,1.4753485
123,2022,Tolima,2022-06-20,1,2022-06-27,1.3885387,1.4037313
123,2022,Tolima,2022-06-20,2,2022-07-04,2.4116726,1.3915963
123,2022,Tolima,2022-06-20,3,2022-07-11,2.1924295,1.4107476
123,2022,Tolima,2022-06-20,4,2022-07-18,2.0462677,1.4055765
123,2022,Tolima,2022-06-27,1,2022-07-04,2.4116726,1.4116611
123,2022,Tolima,2022-06-27,2,2022-07-11,2.1924295,1.3993548
123,2022,Tolima,2022-06-27,3,2022-07-18,2.0462677,1.42096
123,2022,Tolima,2022-06-27,4,2022-07-25,1.6077816,1.4179301
123,2022,Tolima,2022-07-04,1,2022-07-11,2.1924295,1.3901166
123,2022,Tolima,2022-07-04,2,2022-07-18,2.0462677,1.3788083
123,2022,Tolima,2022-07-04,3,2022-07-25,1.6077816,1.3985486
123,2022,Tolima,2022-07-04,4,2022-08-01,1.4616197,1.3986261
123,2022,Tolima,2022-07-11,1,2022-07-18,2.0462677,1.6993188
123,2022,Tolima,2022-07-11,2,2022-07-25,1.6077816,1.7034264
123,2022,Tolima,2022-07-11,3,2022-08-01,1.4616197,1.7289957
123,2022,Tolima,2022-07-11,4,2022-08-08,1.4616197,1.75862
123,2022,Tolima,2022-07-18,1,2022-07-25,1.6077816,2.092208
123,2022,Tolima,2022-07-18,2,2022-08-01,1.4616197,2.1063526
123,2022,Tolima,2022-07-18,3,2022-08-08,1.4616197,2.128462
123,2022,Tolima,2022-07-18,4,2022-08-15,1.4616197,2.158247
123,2022,Tolima,2022-07-25,1,2022-08-01,1.4616197,2.185927
123,2022,Tolima,2022-07-25,2,2022-08-08,1.4616197,2.1954944
123,2022,Tolima,2022-07-25,3,2022-08-15,1.4616197,2.2165701
123,2022,Tolima,2022-07-25,4,2022-08-22,1.3885387,2.2419496
123,2022,Tolima,2022-08-01,1,2022-08-08,1.4616197,2.0068166
123,2022,Tolima,2022-08-01,2,2022-08-15,1.4616197,2.011796
123,2022,Tolima,2022-08-01,3,2022-08-22,1.3885387,2.035307
123,2022,Tolima,2022-08-01,4,2022-08-29,1.6077816,2.0627933
123,2022,Tolima,2022-08-08,1,2022-08-15,1.4616197,1.8186008
123,2022,Tolima,2022-08-08,2,2022-08-22,1.3885387,1.8079548
123,2022,Tolima,2022-08-08,3,2022-08-29,1.6077816,1.8236629
123,2022,Tolima,2022-08-08,4,2022-09-05,1.6077816,1.8429446
123,2022,Tolima,2022-08-15,1,2022-08-22,1.3885387,1.7949802
123,2022,Tolima,2022-08-15,2,2022-08-29,1.6077816,1.78703
123,2022,Tolima,2022-08-15,3,2022-09-05,1.6077816,1.8086194
123,2022,Tolima,2022-08-15,4,2022-09-12,1.4616197,1.8236059
123,2022,Tolima,2022-08-22,1,2022-08-29,1.6077816,1.7666146
123,2022,Tolima,2022-08-22,2,2022-09-05,1.6077816,1.7613034
123,2022,Tolima,2022-08-22,3,2022-09-12,1.4616197,1.7858279
123,2022,Tolima,2022-08-22,4,2022-09-19,2.1193485,1.80084
123,2022,Tolima,2022-08-29,1,2022-09-05,1.6077816,1.6765759
123,2022,Tolima,2022-08-29,2,2022-09-12,1.4616197,1.6704983
123,2022,Tolima,2022-08-29,3,2022-09-19,2.1193485,1.6960083
123,2022,Tolima,2022-08-29,4,2022-09-26,1.8270245,1.7068179
123,2022,Tolima,2022-09-05,1,2022-09-12,1.4616197,1.7296937
123,2022,Tolima,2022-09-05,2,2022-09-19,2.1193485,1.732963
123,2022,Tolima,2022-09-05,3,2022-09-26,1.8270245,1.7649363
123,2022,Tolima,2022-09-05,4,2022-10-03,2.1924295,1.7866615
123,2022,Tolima,2022-09-12,1,2022-09-19,2.1193485,1.8239985
123,2022,Tolima,2022-09-12,2,2022-09-26,1.8270245,1.837894
123,2022,Tolima,2022-09-12,3,2022-10-03,2.1924295,1.8770123
123,2022,Tolima,2022-09-12,4,2022-10-10,2.7770774,1.9141003
123,2022,Tolima,2022-09-19,1,2022-09-26,1.8270245,1.7910343
123,2022,Tolima,2022-09-19,2,2022-10-03,2.1924295,1.8053521
123,2022,Tolima,2022-09-19,3,2022-10-10,2.7770774,1.8443266
123,2022,Tolima,2022-09-19,4,2022-10-17,2.5578344,1.8799807
123,2022,Tolima,2022-09-26,1,2022-10-03,2.1924295,1.9962687
123,2022,Tolima,2022-09-26,2,2022-10-10,2.7770774,2.0278807
123,2022,Tolima,2022-09-26,3,2022-10-17,2.5578344,2.0770211
123,2022,Tolima,2022-09-26,4,2022-10-24,3.4348063,2.1155396
123,2022,Tolima,2022-10-03,1,2022-10-10,2.7770774,2.170024
123,2022,Tolima,2022-10-03,2,2022-10-17,2.5578344,2.2064884
123,2022,Tolima,2022-10-03,3,2022-10-24,3.4348063,2.2592697
123,2022,Tolima,2022-10-03,4,2022-10-31,2.9232395,2.2955432
123,2022,Tolima,2022-10-10,1,2022-10-17,2.5578344,2.3124993
123,2022,Tolima,2022-10-10,2,2022-10-24,3.4348063,2.3484051
123,2022,Tolima,2022-10-10,3,2022-10-31,2.9232395,2.4000971
123,2022,Tolima,2022-10-10,4,2022-11-07,2.9232395,2.4327857
123,2022,Tolima,2022-10-17,1,2022-10-24,3.4348063,2.5807543
123,2022,Tolima,2022-10-17,2,2022-10-31,2.9232395,2.6170368
123,2022,Tolima,2022-10-17,3,2022-11-07,2.9232395,2.6687136
123,2022,Tolima,2022-10-17,4,2022-11-14,2.2655106,2.6943285
123,2022,Tolima,2022-10-24,1,2022-10-31,2.9232395,2.6960166
123,2022,Tolima,2022-10-24,2,2022-11-07,2.9232395,2.7249057
123,2022,Tolima,2022-10-24,3,2022-11-14,2.2655106,2.7732048
123,2022,Tolima,2022-10-24,4,2022-11-21,2.8501582,2.7939725
123,2022,Tolima,2022-10-31,1,2022-11-07,2.9232395,3.0003839
123,2022,Tolima,2022-10-31,2,2022-11-14,2.2655106,3.0237625
123,2022,Tolima,2022-10-31,3,2022-11-21,2.8501582,3.0654283
123,2022,Tolima,2022-10-31,4,2022-11-28,2.5578344,3.075185
123,2022,Tolima,2022-11-07,1,2022-11-14,2.2655106,3.266368
123,2022,Tolima,2022-11-07,2,2022-11-21,2.8501582,3.281282
123,2022,Tolima,2022-11-07,3,2022-11-28,2.5578344,3.3155637
123,2022,Tolima,2022-11-07,4,2022-12-05,3.2155635,3.3159027
123,2022,Tolima,2022-11-14,1,2022-11-21,2.8501582,3.4881198
123,2022,Tolima,2022-11-14,2,2022-11-28,2.5578344,3.4878907
123,2022,Tolima,2022-11-14,3,2022-12-05,3.2155635,3.512778
123,2022,Tolima,2022-11-14,4,2022-12-12,2.1193485,3.5000453
123,2022,Tolima,2022-11-21,1,2022-11-28,2.5578344,3.1634862
123,2022,Tolima,2022-11-21,2,2022-12-05,3.2155635,3.1349034
123,2022,Tolima,2022-11-21,3,2022-12-12,2.1193485,3.151095
123,2022,Tolima,2022-11-21,4,2022-12-19,2.9963205,3.1366389
123,2022,Tolima,2022-11-28,1,2022-12-05,3.2155635,3.3417199
123,2022,Tolima,2022-11-28,2,2022-12-12,2.1193485,3.3172586
123,2022,Tolima,2022-11-28,3,2022-12-19,2.9963205,3.3352132
123,2022,Tolima,2022-11-28,4,2022-12-26,2.4116726,3.3089764
123,2022,Valle Del Cauca,2022-02-21,1,2022-02-28,1.1805587,1.4073012
123,2022,Valle Del Cauca,2022-02-21,2,2022-03-07,1.3093469,1.413037
123,2022,Valle Del Cauca,2022-02-21,3,2022-03-14,1.008841,1.4308833
123,2022,Valle Del Cauca,2022-02-21,4,2022-03-21,1.4381353,1.4420425
123,2022,Valle Del Cauca,2022-02-28,1,2022-03-07,1.3093469,1.3103889
123,2022,Valle Del Cauca,2022-02-28,2,2022-03-14,1.008841,1.3139383
123,2022,Valle Del Cauca,2022-02-28,3,2022-03-21,1.4381353,1.3326676
123,2022,Valle Del Cauca,2022-02-28,4,2022-03-28,1.3308116,1.3361391
123,2022,Valle Del Cauca,2022-03-07,1,2022-03-14,1.008841,1.2692982
123,2022,Valle Del Cauca,2022-03-07,2,2022-03-21,1.4381353,1.2693263
123,2022,Valle Del Cauca,2022-03-07,3,2022-03-28,1.3308116,1.2896862
123,2022,Valle Del Cauca,2022-03-07,4,2022-04-04,1.2449529,1.2871913
123,2022,Valle Del Cauca,2022-03-14,1,2022-03-21,1.4381353,1.2963954
123,2022,Valle Del Cauca,2022-03-14,2,2022-03-28,1.3308116,1.2952361
123,2022,Valle Del Cauca,2022-03-14,3,2022-04-04,1.2449529,1.3188454
123,2022,Valle Del Cauca,2022-03-14,4,2022-04-11,1.0517706,1.3178378
123,2022,Valle Del Cauca,2022-03-21,1,2022-03-28,1.3308116,1.2518303
123,2022,Valle Del Cauca,2022-03-21,2,2022-04-04,1.2449529,1.2519892
123,2022,Valle Del Cauca,2022-03-21,3,2022-04-11,1.0517706,1.274432
123,2022,Valle Del Cauca,2022-03-21,4,2022-04-18,1.0946999,1.2743394
123,2022,Valle Del Cauca,2022-03-28,1,2022-04-04,1.2449529,1.3183591
123,2022,Valle Del Cauca,2022-03-28,2,2022-04-11,1.0517706,1.321349
123,2022,Valle Del Cauca,2022-03-28,3,2022-04-18,1.0946999,1.347265
123,2022,Valle Del Cauca,2022-03-28,4,2022-04-25,1.1161646,1.3541827
123,2022,Valle Del Cauca,2022-04-04,1,2022-04-11,1.0517706,1.3577777
123,2022,Valle Del Cauca,2022-04-04,2,2022-04-18,1.0946999,1.3639808
123,2022,Valle Del Cauca,2022-04-04,3,2022-04-25,1.1161646,1.3904798
123,2022,Valle Del Cauca,2022-04-04,4,2022-05-02,1.0732353,1.4009714
123,2022,Valle Del Cauca,2022-04-11,1,2022-04-18,1.0946999,1.3541733
123,2022,Valle Del Cauca,2022-04-11,2,2022-04-25,1.1161646,1.3622965
123,2022,Valle Del Cauca,2022-04-11,3,2022-05-02,1.0732353,1.3884046
123,2022,Valle Del Cauca,2022-04-11,4,2022-05-09,1.1805587,1.398781
123,2022,Valle Del Cauca,2022-04-18,1,2022-04-25,1.1161646,1.3251171
123,2022,Valle Del Cauca,2022-04-18,2,2022-05-02,1.0732353,1.3320032
123,2022,Valle Del Cauca,2022-04-18,3,2022-05-09,1.1805587,1.3575261
123,2022,Valle Del Cauca,2022-04-18,4,2022-05-16,1.2878822,1.3635702
123,2022,Valle Del Cauca,2022-04-25,1,2022-05-02,1.0732353,1.3013114
123,2022,Valle Del Cauca,2022-04-25,2,2022-05-09,1.1805587,1.3054532
123,2022,Valle Del Cauca,2022-04-25,3,2022-05-16,1.2878822,1.330828
123,2022,Valle Del Cauca,2022-04-25,4,2022-05-23,1.2020234,1.3330364
123,2022,Valle Del Cauca,2022-05-02,1,2022-05-09,1.1805587,1.2765188
123,2022,Valle Del Cauca,2022-05-02,2,2022-05-16,1.2878822,1.2788725
123,2022,Valle Del Cauca,2022-05-02,3,2022-05-23,1.2020234,1.3052193
123,2022,Valle Del Cauca,2022-05-02,4,2022-05-30,0.944447,1.3053793
123,2022,Valle Del Cauca,2022-05-09,1,2022-05-16,1.2878822,1.2408869
123,2022,Valle Del Cauca,2022-05-09,2,2022-05-23,1.2020234,1.2439859
123,2022,Valle Del Cauca,2022-05-09,3,2022-05-30,0.944447,1.2712697
123,2022,Valle Del Cauca,2022-05-09,4,2022-06-06,1.2664175,1.2723825
123,2022,Valle Del Cauca,2022-05-16,1,2022-05-23,1.2020234,1.248997
123,2022,Valle Del Cauca,2022-05-16,2,2022-05-30,0.944447,1.2525915
123,2022,Valle Del Cauca,2022-05-16,3,2022-06-06,1.2664175,1.281113
123,2022,Valle Del Cauca,2022-05-16,4,2022-06-13,0.9873764,1.2851808
123,2022,Valle Del Cauca,2022-05-23,1,2022-05-30,0.944447,1.311638
123,2022,Valle Del Cauca,2022-05-23,2,2022-06-06,1.2664175,1.3191588
123,2022,Valle Del Cauca,2022-05-23,3,2022-06-13,0.9873764,1.3490019
123,2022,Valle Del Cauca,2022-05-23,4,2022-06-20,1.2234882,1.3606983
123,2022,Valle Del Cauca,2022-05-30,1,2022-06-06,1.2664175,1.3881998
123,2022,Valle Del Cauca,2022-05-30,2,2022-06-13,0.9873764,1.4015429
123,2022,Valle Del Cauca,2022-05-30,3,2022-06-20,1.2234882,1.4295498
123,2022,Valle Del Cauca,2022-05-30,4,2022-06-27,0.8800529,1.4477388
123,2022,Valle Del Cauca,2022-06-06,1,2022-06-13,0.9873764,1.3630706
123,2022,Valle Del Cauca,2022-06-06,2,2022-06-20,1.2234882,1.3727357
123,2022,Valle Del Cauca,2022-06-06,3,2022-06-27,0.8800529,1.4003456
123,2022,Valle Del Cauca,2022-06-06,4,2022-07-04,0.9873764,1.4151462
123,2022,Valle Del Cauca,2022-06-13,1,2022-06-20,1.2234882,1.3681011
123,2022,Valle Del Cauca,2022-06-13,2,2022-06-27,0.8800529,1.3770632
123,2022,Valle Del Cauca,2022-06-13,3,2022-07-04,0.9873764,1.4045973
123,2022,Valle Del Cauca,2022-06-13,4,2022-07-11,1.2449529,1.4182426
123,2022,Valle Del Cauca,2022-06-20,1,2022-06-27,0.8800529,1.315799
123,2022,Valle Del Cauca,2022-06-20,2,2022-07-04,0.9873764,1.3216592
123,2022,Valle Del Cauca,2022-06-20,3,2022-07-11,1.2449529,1.347271
123,2022,Valle Del Cauca,2022-06-20,4,2022-07-18,1.0946999,1.3553369
123,2022,Valle Del Cauca,2022-06-27,1,2022-07-04,0.9873764,1.3040392
123,2022,Valle Del Cauca,2022-06-27,2,2022-07-11,1.2449529,1.307594
123,2022,Valle Del Cauca,2022-06-27,3,2022-07-18,1.0946999,1.3334684
123,2022,Valle Del Cauca,2022-06-27,4,2022-07-25,1.1161646,1.3395835
123,2022,Valle Del Cauca,2022-07-04,1,2022-07-11,1.2449529,1.250444
123,2022,Valle Del Cauca,2022-07-04,2,2022-07-18,1.0946999,1.2517267
123,2022,Valle Del Cauca,2022-07-04,3,2022-07-25,1.1161646,1.2758719
123,2022,Valle Del Cauca,2022-07-04,4,2022-08-01,0.8371235,1.279025
123,2022,Valle Del Cauca,2022-07-11,1,2022-07-18,1.0946999,1.2182574
123,2022,Valle Del Cauca,2022-07-11,2,2022-07-25,1.1161646,1.2193831
123,2022,Valle Del Cauca,2022-07-11,3,2022-08-01,0.8371235,1.2440622
123,2022,Valle Del Cauca,2022-07-11,4,2022-08-08,1.0517706,1.2477807
123,2022,Valle Del Cauca,2022-07-18,1,2022-07-25,1.1161646,1.2884468
123,2022,Valle Del Cauca,2022-07-18,2,2022-08-01,0.8371235,1.2936249
123,2022,Valle Del Cauca,2022-07-18,3,2022-08-08,1.0517706,1.321194
123,2022,Valle Del Cauca,2022-07-18,4,2022-08-15,1.008841,1.3348145
123,2022,Valle Del Cauca,2022-07-25,1,2022-08-01,0.8371235,1.2862961
123,2022,Valle Del Cauca,2022-07-25,2,2022-08-08,1.0517706,1.2944442
123,2022,Valle Del Cauca,2022-07-25,3,2022-08-15,1.008841,1.3206893
123,2022,Valle Del Cauca,2022-07-25,4,2022-08-22,1.008841,1.338669
123,2022,Valle Del Cauca,2022-08-01,1,2022-08-08,1.0517706,1.2633325
123,2022,Valle Del Cauca,2022-08-01,2,2022-08-15,1.008841,1.2724978
123,2022,Valle Del Cauca,2022-08-01,3,2022-08-22,1.008841,1.2972281
123,2022,Valle Del Cauca,2022-08-01,4,2022-08-29,1.1590941,1.31388
123,2022,Valle Del Cauca,2022-08-08,1,2022-08-15,1.008841,1.1628393
123,2022,Valle Del Cauca,2022-08-08,2,2022-08-22,1.008841,1.1694478
123,2022,Valle Del Cauca,2022-08-08,3,2022-08-29,1.1590941,1.1912978
123,2022,Valle Del Cauca,2022-08-08,4,2022-09-05,1.3093469,1.2000035
123,2022,Valle Del Cauca,2022-08-15,1,2022-08-22,1.008841,1.1192834
123,2022,Valle Del Cauca,2022-08-15,2,2022-08-29,1.1590941,1.1237601
123,2022,Valle Del Cauca,2022-08-15,3,2022-09-05,1.3093469,1.1466174
123,2022,Valle Del Cauca,2022-08-15,4,2022-09-12,1.4810646,1.1517094
123,2022,Valle Del Cauca,2022-08-22,1,2022-08-29,1.1590941,1.10453
123,2022,Valle Del Cauca,2022-08-22,2,2022-09-05,1.3093469,1.1084051
123,2022,Valle Del Cauca,2022-08-22,3,2022-09-12,1.4810646,1.1324893
123,2022,Valle Del Cauca,2022-08-22,4,2022-09-19,0.944447,1.1390647
123,2022,Valle Del Cauca,2022-08-29,1,2022-09-05,1.3093469,1.0976874
123,2022,Valle Del Cauca,2022-08-29,2,2022-09-12,1.4810646,1.1013168
123,2022,Valle Del Cauca,2022-08-29,3,2022-09-19,0.944447,1.1260134
123,2022,Valle Del Cauca,2022-08-29,4,2022-09-26,0.944447,1.1355786
123,2022,Valle Del Cauca,2022-09-05,1,2022-09-12,1.4810646,1.1242241
123,2022,Valle Del Cauca,2022-09-05,2,2022-09-19,0.944447,1.1295638
123,2022,Valle Del Cauca,2022-09-05,3,2022-09-26,0.944447,1.1554238
123,2022,Valle Del Cauca,2022-09-05,4,2022-10-03,1.0303059,1.1697816
123,2022,Valle Del Cauca,2022-09-12,1,2022-09-19,0.944447,1.2015175
123,2022,Valle Del Cauca,2022-09-12,2,2022-09-26,0.944447,1.212684
123,2022,Valle Del Cauca,2022-09-12,3,2022-10-03,1.0303059,1.2391632
123,2022,Valle Del Cauca,2022-09-12,4,2022-10-10,0.944447,1.2638545
123,2022,Valle Del Cauca,2022-09-19,1,2022-09-26,0.944447,1.3404001
123,2022,Valle Del Cauca,2022-09-19,2,2022-10-03,1.0303059,1.3597021
123,2022,Valle Del Cauca,2022-09-19,3,2022-10-10,0.944447,1.385493
123,2022,Valle Del Cauca,2022-09-19,4,2022-10-17,1.0946999,1.4191238
123,2022,Valle Del Cauca,2022-09-26,1,2022-10-03,1.0303059,1.3087671
123,2022,Valle Del Cauca,2022-09-26,2,2022-10-10,0.944447,1.3225931
123,2022,Valle Del Cauca,2022-09-26,3,2022-10-17,1.0946999,1.3438873
123,2022,Valle Del Cauca,2022-09-26,4,2022-10-24,0.944447,1.3727016
123,2022,Valle Del Cauca,2022-10-03,1,2022-10-10,0.944447,1.2362602
123,2022,Valle Del Cauca,2022-10-03,2,2022-10-17,1.0946999,1.2450798
123,2022,Valle Del Cauca,2022-10-03,3,2022-10-24,0.944447,1.2644573
123,2022,Valle Del Cauca,2022-10-03,4,2022-10-31,1.1805587,1.2808913
123,2022,Valle Del Cauca,2022-10-10,1,2022-10-17,1.0946999,1.1682652
123,2022,Valle Del Cauca,2022-10-10,2,2022-10-24,0.944447,1.1728394
123,2022,Valle Del Cauca,2022-10-10,3,2022-10-31,1.1805587,1.1932201
123,2022,Valle Del Cauca,2022-10-10,4,2022-11-07,1.1590941,1.2016547
123,2022,Valle Del Cauca,2022-10-17,1,2022-10-24,0.944447,1.0799458
123,2022,Valle Del Cauca,2022-10-17,2,2022-10-31,1.1805587,1.0810093
123,2022,Valle Del Cauca,2022-10-17,3,2022-11-07,1.1590941,1.100515
123,2022,Valle Del Cauca,2022-10-17,4,2022-11-14,0.81565875,1.1027086
123,2022,Valle Del Cauca,2022-10-24,1,2022-10-31,1.1805587,1.0484707
123,2022,Valle Del Cauca,2022-10-24,2,2022-11-07,1.1590941,1.0477829
123,2022,Valle Del Cauca,2022-10-24,3,2022-11-14,0.81565875,1.0681791
123,2022,Valle Del Cauca,2022-10-24,4,2022-11-21,1.3308116,1.0699593
123,2022,Valle Del Cauca,2022-10-31,1,2022-11-07,1.1590941,1.0106161
123,2022,Valle Del Cauca,2022-10-31,2,2022-11-14,0.81565875,1.0081261
123,2022,Valle Del Cauca,2022-10-31,3,2022-11-21,1.3308116,1.0270716
123,2022,Valle Del Cauca,2022-10-31,4,2022-11-28,0.85858816,1.0274744
123,2022,Valle Del Cauca,2022-11-07,1,2022-11-14,0.81565875,1.0643232
123,2022,Valle Del Cauca,2022-11-07,2,2022-11-21,1.3308116,1.062699
123,2022,Valle Del Cauca,2022-11-07,3,2022-11-28,0.85858816,1.0870395
123,2022,Valle Del Cauca,2022-11-07,4,2022-12-05,0.944447,1.0927123
123,2022,Valle Del Cauca,2022-11-14,1,2022-11-21,1.3308116,1.1571268
123,2022,Valle Del Cauca,2022-11-14,2,2022-11-28,0.85858816,1.1600468
123,2022,Valle Del Cauca,2022-11-14,3,2022-12-05,0.944447,1.1877501
123,2022,Valle Del Cauca,2022-11-14,4,2022-12-12,1.0517706,1.2026054
123,2022,Valle Del Cauca,2022-11-21,1,2022-11-28,0.85858816,1.1780266
123,2022,Valle Del Cauca,2022-11-21,2,2022-12-05,0.944447,1.1793422
123,2022,Valle Del Cauca,2022-11-21,3,2022-12-12,1.0517706,1.2048955
123,2022,Valle Del Cauca,2022-11-21,4,2022-12-19,0.81565875,1.2194062
123,2022,Valle Del Cauca,2022-11-28,1,2022-12-05,0.944447,1.2957855
123,2022,Valle Del Cauca,2022-11-28,2,2022-12-12,1.0517706,1.3058597
123,2022,Valle Del Cauca,2022-11-28,3,2022-12-19,0.81565875,1.3302137
123,2022,Valle Del Cauca,2022-11-28,4,2022-12-26,0.96591175,1.3527437
123,2022,Vaupes,2022-02-21,1,2022-02-28,0.0,0.06602281
123,2022,Vaupes,2022-02-21,2,2022-03-07,0.0,0.08163623
123,2022,Vaupes,2022-02-21,3,2022-03-14,0.0,0.08115169
123,2022,Vaupes,2022-02-21,4,2022-03-21,0.0,0.08078944
123,2022,Vaupes,2022-02-28,1,2022-03-07,0.0,0.062766634
123,2022,Vaupes,2022-02-28,2,2022-03-14,0.0,0.07856499
123,2022,Vaupes,2022-02-28,3,2022-03-21,0.0,0.07822621
123,2022,Vaupes,2022-02-28,4,2022-03-28,0.0,0.0781591
123,2022,Vaupes,2022-03-07,1,2022-03-14,0.0,0.04985929
123,2022,Vaupes,2022-03-07,2,2022-03-21,0.0,0.06634869
123,2022,Vaupes,2022-03-07,3,2022-03-28,0.0,0.06472301
123,2022,Vaupes,2022-03-07,4,2022-04-04,0.0,0.06418459
123,2022,Vaupes,2022-03-14,1,2022-03-21,0.0,0.046470776
123,2022,Vaupes,2022-03-14,2,2022-03-28,0.0,0.06284764
123,2022,Vaupes,2022-03-14,3,2022-04-04,0.0,0.06101611
123,2022,Vaupes,2022-03-14,4,2022-04-11,0.0,0.060652215
123,2022,Vaupes,2022-03-21,1,2022-03-28,0.0,0.058526173
123,2022,Vaupes,2022-03-21,2,2022-04-04,0.0,0.07502179
123,2022,Vaupes,2022-03-21,3,2022-04-11,0.0,0.07470563
123,2022,Vaupes,2022-03-21,4,2022-04-18,0.0,0.07676164
123,2022,Vaupes,2022-03-28,1,2022-04-04,0.0,0.06850305
123,2022,Vaupes,2022-03-28,2,2022-04-11,0.0,0.084223896
123,2022,Vaupes,2022-03-28,3,2022-04-18,0.0,0.085055046
123,2022,Vaupes,2022-03-28,4,2022-04-25,0.0,0.088901296
123,2022,Vaupes,2022-04-04,1,2022-04-11,0.0,0.07141023
123,2022,Vaupes,2022-04-04,2,2022-04-18,0.0,0.08646056
123,2022,Vaupes,2022-04-04,3,2022-04-25,0.0,0.087099254
123,2022,Vaupes,2022-04-04,4,2022-05-02,0.0,0.09069021
123,2022,Vaupes,2022-04-11,1,2022-04-18,0.0,0.061601084
123,2022,Vaupes,2022-04-11,2,2022-04-25,0.0,0.07714636
123,2022,Vaupes,2022-04-11,3,2022-05-02,0.0,0.07668544
123,2022,Vaupes,2022-04-11,4,2022-05-09,0.0,0.0788401
123,2022,Vaupes,2022-04-18,1,2022-04-25,0.0,0.069063686
123,2022,Vaupes,2022-04-18,2,2022-05-02,0.0,0.08336119
123,2022,Vaupes,2022-04-18,3,2022-05-09,0.0,0.08326176
123,2022,Vaupes,2022-04-18,4,2022-05-16,0.0,0.085973956
123,2022,Vaupes,2022-04-25,1,2022-05-02,0.0,0.069084905
123,2022,Vaupes,2022-04-25,2,2022-05-09,0.0,0.0820397
123,2022,Vaupes,2022-04-25,3,2022-05-16,0.0,0.08076607
123,2022,Vaupes,2022-04-25,4,2022-05-23,0.0,0.08230713
123,2022,Vaupes,2022-05-02,1,2022-05-09,0.0,0.06134988
123,2022,Vaupes,2022-05-02,2,2022-05-16,0.0,0.07429228
123,2022,Vaupes,2022-05-02,3,2022-05-23,0.0,0.07196406
123,2022,Vaupes,2022-05-02,4,2022-05-30,0.0,0.072337575
123,2022,Vaupes,2022-05-09,1,2022-05-16,0.0,0.058494646
123,2022,Vaupes,2022-05-09,2,2022-05-23,0.0,0.070940755
123,2022,Vaupes,2022-05-09,3,2022-05-30,0.0,0.06781448
123,2022,Vaupes,2022-05-09,4,2022-06-06,0.0,0.06768874
123,2022,Vaupes,2022-05-16,1,2022-05-23,0.0,0.04535739
123,2022,Vaupes,2022-05-16,2,2022-05-30,0.0,0.057091206
123,2022,Vaupes,2022-05-16,3,2022-06-06,0.0,0.05352053
123,2022,Vaupes,2022-05-16,4,2022-06-13,0.0,0.050248
123,2022,Vaupes,2022-05-23,1,2022-05-30,0.0,0.03450956
123,2022,Vaupes,2022-05-23,2,2022-06-06,0.0,0.044093866
123,2022,Vaupes,2022-05-23,3,2022-06-13,0.0,0.04102724
123,2022,Vaupes,2022-05-23,4,2022-06-20,0.0,0.037459165
123,2022,Vaupes,2022-05-30,1,2022-06-06,0.0,0.035833955
123,2022,Vaupes,2022-05-30,2,2022-06-13,0.0,0.04448359
123,2022,Vaupes,2022-05-30,3,2022-06-20,0.0,0.04127478
123,2022,Vaupes,2022-05-30,4,2022-06-27,0.0,0.037618738
123,2022,Vaupes,2022-06-06,1,2022-06-13,0.0,0.03561251
123,2022,Vaupes,2022-06-06,2,2022-06-20,0.0,0.043733094
123,2022,Vaupes,2022-06-06,3,2022-06-27,0.0,0.04078331
123,2022,Vaupes,2022-06-06,4,2022-07-04,0.0,0.037364375
123,2022,Vaupes,2022-06-13,1,2022-06-20,0.0,0.030151451
123,2022,Vaupes,2022-06-13,2,2022-06-27,0.0,0.037880372
123,2022,Vaupes,2022-06-13,3,2022-07-04,0.0,0.03474985
123,2022,Vaupes,2022-06-13,4,2022-07-11,0.0,0.032023147
123,2022,Vaupes,2022-06-20,1,2022-06-27,0.0,0.035690494
123,2022,Vaupes,2022-06-20,2,2022-07-04,0.0,0.043275446
123,2022,Vaupes,2022-06-20,3,2022-07-11,0.0,0.040221624
123,2022,Vaupes,2022-06-20,4,2022-07-18,0.0,0.037976682
123,2022,Vaupes,2022-06-27,1,2022-07-04,0.0,0.038123846
123,2022,Vaupes,2022-06-27,2,2022-07-11,0.0,0.04536901
123,2022,Vaupes,2022-06-27,3,2022-07-18,0.0,0.04210989
123,2022,Vaupes,2022-06-27,4,2022-07-25,0.0,0.039810486
123,2022,Vaupes,2022-07-04,1,2022-07-11,0.0,0.03612886
123,2022,Vaupes,2022-07-04,2,2022-07-18,0.0,0.043295287
123,2022,Vaupes,2022-07-04,3,2022-07-25,0.0,0.03989827
123,2022,Vaupes,2022-07-04,4,2022-08-01,0.0,0.03749655
123,2022,Vaupes,2022-07-11,1,2022-07-18,0.0,0.03757936
123,2022,Vaupes,2022-07-11,2,2022-07-25,0.0,0.04437238
123,2022,Vaupes,2022-07-11,3,2022-08-01,0.0,0.04113444
123,2022,Vaupes,2022-07-11,4,2022-08-08,0.0,0.0383941
123,2022,Vaupes,2022-07-18,1,2022-07-25,0.0,0.03608019
123,2022,Vaupes,2022-07-18,2,2022-08-01,0.0,0.042411692
123,2022,Vaupes,2022-07-18,3,2022-08-08,0.0,0.039328475
123,2022,Vaupes,2022-07-18,4,2022-08-15,0.0,0.036536627
123,2022,Vaupes,2022-07-25,1,2022-08-01,0.0,0.035931025
123,2022,Vaupes,2022-07-25,2,2022-08-08,0.0,0.04202103
123,2022,Vaupes,2022-07-25,3,2022-08-15,0.0,0.039062362
123,2022,Vaupes,2022-07-25,4,2022-08-22,0.0,0.036106545
123,2022,Vaupes,2022-08-01,1,2022-08-08,0.0,0.033690363
123,2022,Vaupes,2022-08-01,2,2022-08-15,0.0,0.0394063
123,2022,Vaupes,2022-08-01,3,2022-08-22,0.0,0.03648844
123,2022,Vaupes,2022-08-01,4,2022-08-29,0.0,0.03330123
123,2022,Vaupes,2022-08-08,1,2022-08-15,0.0,0.03165887
123,2022,Vaupes,2022-08-08,2,2022-08-22,0.0,0.03690555
123,2022,Vaupes,2022-08-08,3,2022-08-29,0.0,0.034170363
123,2022,Vaupes,2022-08-08,4,2022-09-05,0.0,0.030924436
123,2022,Vaupes,2022-08-15,1,2022-08-22,0.0,0.03080942
123,2022,Vaupes,2022-08-15,2,2022-08-29,0.0,0.03594586
123,2022,Vaupes,2022-08-15,3,2022-09-05,0.0,0.033438083
123,2022,Vaupes,2022-08-15,4,2022-09-12,0.0,0.030278234
123,2022,Vaupes,2022-08-22,1,2022-08-29,0.0,0.030477492
123,2022,Vaupes,2022-08-22,2,2022-09-05,0.0,0.035423245
123,2022,Vaupes,2022-08-22,3,2022-09-12,0.0,0.033075936
123,2022,Vaupes,2022-08-22,4,2022-09-19,0.0,0.030324457
123,2022,Vaupes,2022-08-29,1,2022-09-05,0.0,0.03398164
123,2022,Vaupes,2022-08-29,2,2022-09-12,0.0,0.040335517
123,2022,Vaupes,2022-08-29,3,2022-09-19,0.0,0.037188645
123,2022,Vaupes,2022-08-29,4,2022-09-26,0.0,0.034874924
123,2022,Vaupes,2022-09-05,1,2022-09-12,0.0,0.0349372
123,2022,Vaupes,2022-09-05,2,2022-09-19,0.0,0.041566327
123,2022,Vaupes,2022-09-05,3,2022-09-26,0.0,0.03827443
123,2022,Vaupes,2022-09-05,4,2022-10-03,0.0,0.036168322
123,2022,Vaupes,2022-09-12,1,2022-09-19,0.0,0.033019148
123,2022,Vaupes,2022-09-12,2,2022-09-26,0.0,0.040087152
123,2022,Vaupes,2022-09-12,3,2022-10-03,0.0,0.0366599
123,2022,Vaupes,2022-09-12,4,2022-10-10,0.0,0.034860797
123,2022,Vaupes,2022-09-19,1,2022-09-26,0.0,0.034059912
123,2022,Vaupes,2022-09-19,2,2022-10-03,0.0,0.041397687
123,2022,Vaupes,2022-09-19,3,2022-10-10,0.0,0.03811841
123,2022,Vaupes,2022-09-19,4,2022-10-17,0.0,0.03617276
123,2022,Vaupes,2022-09-26,1,2022-10-03,0.0,0.034590237
123,2022,Vaupes,2022-09-26,2,2022-10-10,0.0,0.04230623
123,2022,Vaupes,2022-09-26,3,2022-10-17,0.0,0.039258093
123,2022,Vaupes,2022-09-26,4,2022-10-24,0.0,0.037324514
123,2022,Vaupes,2022-10-03,1,2022-10-10,0.0,0.03638745
123,2022,Vaupes,2022-10-03,2,2022-10-17,0.0,0.044736907
123,2022,Vaupes,2022-10-03,3,2022-10-24,0.0,0.04184088
123,2022,Vaupes,2022-10-03,4,2022-10-31,0.0,0.04023544
123,2022,Vaupes,2022-10-10,1,2022-10-17,0.0,0.03698088
123,2022,Vaupes,2022-10-10,2,2022-10-24,0.0,0.046161953
123,2022,Vaupes,2022-10-10,3,2022-10-31,0.0,0.04328581
123,2022,Vaupes,2022-10-10,4,2022-11-07,0.0,0.042182438
123,2022,Vaupes,2022-10-17,1,2022-10-24,0.0,0.035350487
123,2022,Vaupes,2022-10-17,2,2022-10-31,0.0,0.045736834
123,2022,Vaupes,2022-10-17,3,2022-11-07,0.0,0.042741958
123,2022,Vaupes,2022-10-17,4,2022-11-14,2.3250947,0.042608615
123,2022,Vaupes,2022-10-24,1,2022-10-31,0.0,0.038205896
123,2022,Vaupes,2022-10-24,2,2022-11-07,0.0,0.049396243
123,2022,Vaupes,2022-10-24,3,2022-11-14,2.3250947,0.0464158
123,2022,Vaupes,2022-10-24,4,2022-11-21,2.3250947,0.046660814
123,2022,Vaupes,2022-10-31,1,2022-11-07,0.0,0.039803196
123,2022,Vaupes,2022-10-31,2,2022-11-14,2.3250947,0.051426582
123,2022,Vaupes,2022-10-31,3,2022-11-21,2.3250947,0.04858131
123,2022,Vaupes,2022-10-31,4,2022-11-28,4.6501894,0.0487978
123,2022,Vaupes,2022-11-07,1,2022-11-14,2.3250947,0.04131545
123,2022,Vaupes,2022-11-07,2,2022-11-21,2.3250947,0.0537308
123,2022,Vaupes,2022-11-07,3,2022-11-28,4.6501894,0.050986875
123,2022,Vaupes,2022-11-07,4,2022-12-05,4.6501894,0.051405333
123,2022,Vaupes,2022-11-14,1,2022-11-21,2.3250947,0.042808834
123,2022,Vaupes,2022-11-14,2,2022-11-28,4.6501894,0.0559762
123,2022,Vaupes,2022-11-14,3,2022-12-05,4.6501894,0.053238574
123,2022,Vaupes,2022-11-14,4,2022-12-12,0.0,0.05411237
123,2022,Vaupes,2022-11-21,1,2022-11-28,4.6501894,0.07575268
123,2022,Vaupes,2022-11-21,2,2022-12-05,4.6501894,0.09154702
123,2022,Vaupes,2022-11-21,3,2022-12-12,0.0,0.09007507
123,2022,Vaupes,2022-11-21,4,2022-12-19,0.0,0.098556384
123,2022,Vaupes,2022-11-28,1,2022-12-05,4.6501894,0.24250737
123,2022,Vaupes,2022-11-28,2,2022-12-12,0.0,0.25064462
123,2022,Vaupes,2022-11-28,3,2022-12-19,0.0,0.25874782
123,2022,Vaupes,2022-11-28,4,2022-12-26,6.9752846,0.2787904
123,2022,Vichada,2022-02-21,1,2022-02-28,0.0,0.23576488
123,2022,Vichada,2022-02-21,2,2022-03-07,1.5171744,0.22953133
123,2022,Vichada,2022-02-21,3,2022-03-14,0.0,0.24477972
123,2022,Vichada,2022-02-21,4,2022-03-21,0.0,0.22817676
123,2022,Vichada,2022-02-28,1,2022-03-07,1.5171744,0.35475364
123,2022,Vichada,2022-02-28,2,2022-03-14,0.0,0.35844156
123,2022,Vichada,2022-02-28,3,2022-03-21,0.0,0.37234342
123,2022,Vichada,2022-02-28,4,2022-03-28,0.0,0.3744051
123,2022,Vichada,2022-03-07,1,2022-03-14,0.0,0.37240818
123,2022,Vichada,2022-03-07,2,2022-03-21,0.0,0.3811102
123,2022,Vichada,2022-03-07,3,2022-03-28,0.0,0.3956139
123,2022,Vichada,2022-03-07,4,2022-04-04,1.5171744,0.40591562
123,2022,Vichada,2022-03-14,1,2022-03-21,0.0,0.592619
123,2022,Vichada,2022-03-14,2,2022-03-28,0.0,0.6241373
123,2022,Vichada,2022-03-14,3,2022-04-04,1.5171744,0.65567476
123,2022,Vichada,2022-03-14,4,2022-04-11,0.0,0.6923945
123,2022,Vichada,2022-03-21,1,2022-03-28,0.0,0.7648349
123,2022,Vichada,2022-03-21,2,2022-04-04,1.5171744,0.80959916
123,2022,Vichada,2022-03-21,3,2022-04-11,0.0,0.8549099
123,2022,Vichada,2022-03-21,4,2022-04-18,0.7585872,0.9071194
123,2022,Vichada,2022-03-28,1,2022-04-04,1.5171744,0.7150505
123,2022,Vichada,2022-03-28,2,2022-04-11,0.0,0.7620945
123,2022,Vichada,2022-03-28,3,2022-04-18,0.7585872,0.8028353
123,2022,Vichada,2022-03-28,4,2022-04-25,2.2757616,0.84474325
123,2022,Vichada,2022-04-04,1,2022-04-11,0.0,0.7218631
123,2022,Vichada,2022-04-04,2,2022-04-18,0.7585872,0.76838696
123,2022,Vichada,2022-04-04,3,2022-04-25,2.2757616,0.8104261
123,2022,Vichada,2022-04-04,4,2022-05-02,1.5171744,0.8446679
123,2022,Vichada,2022-04-11,1,2022-04-18,0.7585872,0.96316856
123,2022,Vichada,2022-04-11,2,2022-04-25,2.2757616,1.0183513
123,2022,Vichada,2022-04-11,3,2022-05-02,1.5171744,1.079448
123,2022,Vichada,2022-04-11,4,2022-05-09,2.2757616,1.1352344
123,2022,Vichada,2022-04-18,1,2022-04-25,2.2757616,1.0355712
123,2022,Vichada,2022-04-18,2,2022-05-02,1.5171744,1.0915426
123,2022,Vichada,2022-04-18,3,2022-05-09,2.2757616,1.1523055
123,2022,Vichada,2022-04-18,4,2022-05-16,0.0,1.2070763
123,2022,Vichada,2022-04-25,1,2022-05-02,1.5171744,1.0475721
123,2022,Vichada,2022-04-25,2,2022-05-09,2.2757616,1.1028508
123,2022,Vichada,2022-04-25,3,2022-05-16,0.0,1.1601508
123,2022,Vichada,2022-04-25,4,2022-05-23,1.5171744,1.2098761
123,2022,Vichada,2022-05-02,1,2022-05-09,2.2757616,1.452413
123,2022,Vichada,2022-05-02,2,2022-05-16,0.0,1.5216618
123,2022,Vichada,2022-05-02,3,2022-05-23,1.5171744,1.5822566
123,2022,Vichada,2022-05-02,4,2022-05-30,0.7585872,1.6633004
123,2022,Vichada,2022-05-09,1,2022-05-16,0.0,1.6767006
123,2022,Vichada,2022-05-09,2,2022-05-23,1.5171744,1.746476
123,2022,Vichada,2022-05-09,3,2022-05-30,0.7585872,1.8026118
123,2022,Vichada,2022-05-09,4,2022-06-06,1.5171744,1.8881985
123,2022,Vichada,2022-05-16,1,2022-05-23,1.5171744,1.9191728
123,2022,Vichada,2022-05-16,2,2022-05-30,0.7585872,1.9851133
123,2022,Vichada,2022-05-16,3,2022-06-06,1.5171744,2.0417302
123,2022,Vichada,2022-05-16,4,2022-06-13,0.7585872,2.1177654
123,2022,Vichada,2022-05-23,1,2022-05-30,0.7585872,1.3159993
123,2022,Vichada,2022-05-23,2,2022-06-06,1.5171744,1.3408396
123,2022,Vichada,2022-05-23,3,2022-06-13,0.7585872,1.3654131
123,2022,Vichada,2022-05-23,4,2022-06-20,1.5171744,1.3908173
123,2022,Vichada,2022-05-30,1,2022-06-06,1.5171744,1.1423522
123,2022,Vichada,2022-05-30,2,2022-06-13,0.7585872,1.1424973
123,2022,Vichada,2022-05-30,3,2022-06-20,1.5171744,1.1640569
123,2022,Vichada,2022-05-30,4,2022-06-27,1.5171744,1.1607459
123,2022,Vichada,2022-06-06,1,2022-06-13,0.7585872,0.92010844
123,2022,Vichada,2022-06-06,2,2022-06-20,1.5171744,0.90657216
123,2022,Vichada,2022-06-06,3,2022-06-27,1.5171744,0.91472346
123,2022,Vichada,2022-06-06,4,2022-07-04,0.0,0.8984172
123,2022,Vichada,2022-06-13,1,2022-06-20,1.5171744,0.84003174
123,2022,Vichada,2022-06-13,2,2022-06-27,1.5171744,0.81529194
123,2022,Vichada,2022-06-13,3,2022-07-04,0.0,0.8169547
123,2022,Vichada,2022-06-13,4,2022-07-11,3.0343487,0.7966217
123,2022,Vichada,2022-06-20,1,2022-06-27,1.5171744,0.72373635
123,2022,Vichada,2022-06-20,2,2022-07-04,0.0,0.6919773
123,2022,Vichada,2022-06-20,3,2022-07-11,3.0343487,0.6859214
123,2022,Vichada,2022-06-20,4,2022-07-18,1.5171744,0.6634333
123,2022,Vichada,2022-06-27,1,2022-07-04,0.0,0.6838236
123,2022,Vichada,2022-06-27,2,2022-07-11,3.0343487,0.6510241
123,2022,Vichada,2022-06-27,3,2022-07-18,1.5171744,0.64224994
123,2022,Vichada,2022-06-27,4,2022-07-25,0.0,0.6256254
123,2022,Vichada,2022-07-04,1,2022-07-11,3.0343487,0.69267434
123,2022,Vichada,2022-07-04,2,2022-07-18,1.5171744,0.65724576
123,2022,Vichada,2022-07-04,3,2022-07-25,0.0,0.6467414
123,2022,Vichada,2022-07-04,4,2022-08-01,3.792936,0.632268
123,2022,Vichada,2022-07-11,1,2022-07-18,1.5171744,0.5542887
123,2022,Vichada,2022-07-11,2,2022-07-25,0.0,0.5228523
123,2022,Vichada,2022-07-11,3,2022-08-01,3.792936,0.50848323
123,2022,Vichada,2022-07-11,4,2022-08-08,0.7585872,0.49279904
123,2022,Vichada,2022-07-18,1,2022-07-25,0.0,0.71038634
123,2022,Vichada,2022-07-18,2,2022-08-01,3.792936,0.6745105
123,2022,Vichada,2022-07-18,3,2022-08-08,0.7585872,0.66653585
123,2022,Vichada,2022-07-18,4,2022-08-15,0.7585872,0.6582928
123,2022,Vichada,2022-07-25,1,2022-08-01,3.792936,0.7663636
123,2022,Vichada,2022-07-25,2,2022-08-08,0.7585872,0.7320217
123,2022,Vichada,2022-07-25,3,2022-08-15,0.7585872,0.7239864
123,2022,Vichada,2022-07-25,4,2022-08-22,0.7585872,0.7200111
123,2022,Vichada,2022-08-01,1,2022-08-08,0.7585872,0.5602733
123,2022,Vichada,2022-08-01,2,2022-08-15,0.7585872,0.5276919
123,2022,Vichada,2022-08-01,3,2022-08-22,0.7585872,0.5114293
123,2022,Vichada,2022-08-01,4,2022-08-29,1.5171744,0.49843752
123,2022,Vichada,2022-08-08,1,2022-08-15,0.7585872,0.67906326
123,2022,Vichada,2022-08-08,2,2022-08-22,0.7585872,0.6444369
123,2022,Vichada,2022-08-08,3,2022-08-29,1.5171744,0.6326909
123,2022,Vichada,2022-08-08,4,2022-09-05,0.0,0.62836164
123,2022,Vichada,2022-08-15,1,2022-08-22,0.7585872,0.63899064
123,2022,Vichada,2022-08-15,2,2022-08-29,1.5171744,0.60494256
123,2022,Vichada,2022-08-15,3,2022-09-05,0.0,0.5891324
123,2022,Vichada,2022-08-15,4,2022-09-12,1.5171744,0.58373773
123,2022,Vichada,2022-08-22,1,2022-08-29,1.5171744,0.54367685
123,2022,Vichada,2022-08-22,2,2022-09-05,0.0,0.51123923
123,2022,Vichada,2022-08-22,3,2022-09-12,1.5171744,0.49500167
123,2022,Vichada,2022-08-22,4,2022-09-19,2.2757616,0.48716807
123,2022,Vichada,2022-08-29,1,2022-09-05,0.0,0.46002448
123,2022,Vichada,2022-08-29,2,2022-09-12,1.5171744,0.4290086
123,2022,Vichada,2022-08-29,3,2022-09-19,2.2757616,0.41457388
123,2022,Vichada,2022-08-29,4,2022-09-26,1.5171744,0.40590018
123,2022,Vichada,2022-09-05,1,2022-09-12,1.5171744,0.50123686
123,2022,Vichada,2022-09-05,2,2022-09-19,2.2757616,0.46978977
123,2022,Vichada,2022-09-05,3,2022-09-26,1.5171744,0.45625186
123,2022,Vichada,2022-09-05,4,2022-10-03,0.0,0.44971862
123,2022,Vichada,2022-09-12,1,2022-09-19,2.2757616,0.44245064
123,2022,Vichada,2022-09-12,2,2022-09-26,1.5171744,0.41430706
123,2022,Vichada,2022-09-12,3,2022-10-03,0.0,0.40128288
123,2022,Vichada,2022-09-12,4,2022-10-10,0.0,0.39627072
123,2022,Vichada,2022-09-19,1,2022-09-26,1.5171744,0.4890596
123,2022,Vichada,2022-09-19,2,2022-10-03,0.0,0.46380952
123,2022,Vichada,2022-09-19,3,2022-10-10,0.0,0.45209792
123,2022,Vichada,2022-09-19,4,2022-10-17,0.0,0.45168746
123,2022,Vichada,2022-09-26,1,2022-10-03,0.0,0.6849865
123,2022,Vichada,2022-09-26,2,2022-10-10,0.0,0.6611769
123,2022,Vichada,2022-09-26,3,2022-10-17,0.0,0.6573318
123,2022,Vichada,2022-09-26,4,2022-10-24,0.0,0.6674094
123,2022,Vichada,2022-10-03,1,2022-10-10,0.0,0.7433188
123,2022,Vichada,2022-10-03,2,2022-10-17,0.0,0.725499
123,2022,Vichada,2022-10-03,3,2022-10-24,0.0,0.72142154
123,2022,Vichada,2022-10-03,4,2022-10-31,0.7585872,0.73970723
123,2022,Vichada,2022-10-10,1,2022-10-17,0.0,0.6470467
123,2022,Vichada,2022-10-10,2,2022-10-24,0.0,0.63079846
123,2022,Vichada,2022-10-10,3,2022-10-31,0.7585872,0.62029314
123,2022,Vichada,2022-10-10,4,2022-11-07,1.5171744,0.6268567
123,2022,Vichada,2022-10-17,1,2022-10-24,0.0,0.52112824
123,2022,Vichada,2022-10-17,2,2022-10-31,0.7585872,0.5030892
123,2022,Vichada,2022-10-17,3,2022-11-07,1.5171744,0.49390104
123,2022,Vichada,2022-10-17,4,2022-11-14,0.0,0.49054864
123,2022,Vichada,2022-10-24,1,2022-10-31,0.7585872,0.4552699
123,2022,Vichada,2022-10-24,2,2022-11-07,1.5171744,0.43724805
123,2022,Vichada,2022-10-24,3,2022-11-14,0.0,0.42973453
123,2022,Vichada,2022-10-24,4,2022-11-21,1.5171744,0.4231045
123,2022,Vichada,2022-10-31,1,2022-11-07,1.5171744,0.38701174
123,2022,Vichada,2022-10-31,2,2022-11-14,0.0,0.37042463
123,2022,Vichada,2022-10-31,3,2022-11-21,1.5171744,0.36454892
123,2022,Vichada,2022-10-31,4,2022-11-28,0.0,0.35903573
123,2022,Vichada,2022-11-07,1,2022-11-14,0.0,0.39603204
123,2022,Vichada,2022-11-07,2,2022-11-21,1.5171744,0.38053423
123,2022,Vichada,2022-11-07,3,2022-11-28,0.0,0.37622687
123,2022,Vichada,2022-11-07,4,2022-12-05,0.0,0.37363508
123,2022,Vichada,2022-11-14,1,2022-11-21,1.5171744,0.5179256
123,2022,Vichada,2022-11-14,2,2022-11-28,0.0,0.5059316
123,2022,Vichada,2022-11-14,3,2022-12-05,0.0,0.5034895
123,2022,Vichada,2022-11-14,4,2022-12-12,0.7585872,0.51402783
123,2022,Vichada,2022-11-21,1,2022-11-28,0.0,0.5007808
123,2022,Vichada,2022-11-21,2,2022-12-05,0.0,0.49329424
123,2022,Vichada,2022-11-21,3,2022-12-12,0.7585872,0.49017105
123,2022,Vichada,2022-11-21,4,2022-12-19,4.551523,0.50366086
123,2022,Vichada,2022-11-28,1,2022-12-05,0.0,0.60447204
123,2022,Vichada,2022-11-28,2,2022-12-12,0.7585872,0.6033514
123,2022,Vichada,2022-11-28,3,2022-12-19,4.551523,0.6043793
123,2022,Vichada,2022-11-28,4,2022-12-26,1.5171744,0.6268535
