seed,test_year,departamento,fecha_base,horizonte,fecha_objetivo,y_true,y_pred
2024,2024,Amazonas,2024-04-15,1,2024-04-22,4.7557335,6.608974
2024,2024,Amazonas,2024-04-15,2,2024-04-29,10.7004,6.1864643
2024,2024,Amazonas,2024-04-15,3,2024-05-06,9.511468,6.105656
2024,2024,Amazonas,2024-04-15,4,2024-05-13,2.3778667,6.3427916
2024,2024,Amazonas,2024-04-22,1,2024-04-29,10.7004,5.102759
2024,2024,Amazonas,2024-04-22,2,2024-05-06,9.511468,4.778018
2024,2024,Amazonas,2024-04-22,3,2024-05-13,2.3778667,4.6107044
2024,2024,Amazonas,2024-04-22,4,2024-05-20,1.1889335,4.6687202
2024,2024,Amazonas,2024-04-29,1,2024-05-06,9.511468,4.5785856
2024,2024,Amazonas,2024-04-29,2,2024-05-13,2.3778667,4.274701
2024,2024,Amazonas,2024-04-29,3,2024-05-20,1.1889335,4.1461754
2024,2024,Amazonas,2024-04-29,4,2024-05-27,3.5668,4.125227
2024,2024,Amazonas,2024-05-06,1,2024-05-13,2.3778667,6.397291
2024,2024,Amazonas,2024-05-06,2,2024-05-20,1.1889335,6.215922
2024,2024,Amazonas,2024-05-06,3,2024-05-27,3.5668,6.2384567
2024,2024,Amazonas,2024-05-06,4,2024-06-03,0.0,6.33885
2024,2024,Amazonas,2024-05-13,1,2024-05-20,1.1889335,7.0296054
2024,2024,Amazonas,2024-05-13,2,2024-05-27,3.5668,6.5840654
2024,2024,Amazonas,2024-05-13,3,2024-06-03,0.0,6.557899
2024,2024,Amazonas,2024-05-13,4,2024-06-10,1.1889335,6.7581153
2024,2024,Amazonas,2024-05-20,1,2024-05-27,3.5668,4.2917533
2024,2024,Amazonas,2024-05-20,2,2024-06-03,0.0,4.0767174
2024,2024,Amazonas,2024-05-20,3,2024-06-10,1.1889335,4.085413
2024,2024,Amazonas,2024-05-20,4,2024-06-17,0.0,4.218317
2024,2024,Amazonas,2024-05-27,1,2024-06-03,0.0,3.0623438
2024,2024,Amazonas,2024-05-27,2,2024-06-10,1.1889335,2.8664713
2024,2024,Amazonas,2024-05-27,3,2024-06-17,0.0,2.811655
2024,2024,Amazonas,2024-05-27,4,2024-06-24,0.0,2.7592733
2024,2024,Amazonas,2024-06-03,1,2024-06-10,1.1889335,2.7915752
2024,2024,Amazonas,2024-06-03,2,2024-06-17,0.0,2.698826
2024,2024,Amazonas,2024-06-03,3,2024-06-24,0.0,2.6431527
2024,2024,Amazonas,2024-06-03,4,2024-07-01,1.1889335,2.5117927
2024,2024,Amazonas,2024-06-10,1,2024-06-17,0.0,1.648129
2024,2024,Amazonas,2024-06-10,2,2024-06-24,0.0,1.6655343
2024,2024,Amazonas,2024-06-10,3,2024-07-01,1.1889335,1.6330748
2024,2024,Amazonas,2024-06-10,4,2024-07-08,1.1889335,1.5838003
2024,2024,Amazonas,2024-06-17,1,2024-06-24,0.0,1.4323913
2024,2024,Amazonas,2024-06-17,2,2024-07-01,1.1889335,1.3991272
2024,2024,Amazonas,2024-06-17,3,2024-07-08,1.1889335,1.332321
2024,2024,Amazonas,2024-06-17,4,2024-07-15,1.1889335,1.3039885
2024,2024,Amazonas,2024-06-24,1,2024-07-01,1.1889335,1.1077126
2024,2024,Amazonas,2024-06-24,2,2024-07-08,1.1889335,1.0683465
2024,2024,Amazonas,2024-06-24,3,2024-07-15,1.1889335,1.0509977
2024,2024,Amazonas,2024-06-24,4,2024-07-22,2.3778667,1.0206802
2024,2024,Amazonas,2024-07-01,1,2024-07-08,1.1889335,0.84717584
2024,2024,Amazonas,2024-07-01,2,2024-07-15,1.1889335,0.8362236
2024,2024,Amazonas,2024-07-01,3,2024-07-22,2.3778667,0.78696185
2024,2024,Amazonas,2024-07-01,4,2024-07-29,1.1889335,0.7466066
2024,2024,Amazonas,2024-07-08,1,2024-07-15,1.1889335,0.71813095
2024,2024,Amazonas,2024-07-08,2,2024-07-22,2.3778667,0.66785663
2024,2024,Amazonas,2024-07-08,3,2024-07-29,1.1889335,0.6014328
2024,2024,Amazonas,2024-07-08,4,2024-08-05,2.3778667,0.5709538
2024,2024,Amazonas,2024-07-15,1,2024-07-22,2.3778667,0.6514544
2024,2024,Amazonas,2024-07-15,2,2024-07-29,1.1889335,0.61776143
2024,2024,Amazonas,2024-07-15,3,2024-08-05,2.3778667,0.5425898
2024,2024,Amazonas,2024-07-15,4,2024-08-12,2.3778667,0.52480745
2024,2024,Amazonas,2024-07-22,1,2024-07-29,1.1889335,0.7442529
2024,2024,Amazonas,2024-07-22,2,2024-08-05,2.3778667,0.682708
2024,2024,Amazonas,2024-07-22,3,2024-08-12,2.3778667,0.6424509
2024,2024,Amazonas,2024-07-22,4,2024-08-19,1.1889335,0.65539354
2024,2024,Amazonas,2024-07-29,1,2024-08-05,2.3778667,0.972687
2024,2024,Amazonas,2024-07-29,2,2024-08-12,2.3778667,0.85272175
2024,2024,Amazonas,2024-07-29,3,2024-08-19,1.1889335,0.8026733
2024,2024,Amazonas,2024-07-29,4,2024-08-26,1.1889335,0.8508266
2024,2024,Amazonas,2024-08-05,1,2024-08-12,2.3778667,0.8247036
2024,2024,Amazonas,2024-08-05,2,2024-08-19,1.1889335,0.7267255
2024,2024,Amazonas,2024-08-05,3,2024-08-26,1.1889335,0.6990071
2024,2024,Amazonas,2024-08-05,4,2024-09-02,1.1889335,0.7202537
2024,2024,Amazonas,2024-08-12,1,2024-08-19,1.1889335,0.87899
2024,2024,Amazonas,2024-08-12,2,2024-08-26,1.1889335,0.80903924
2024,2024,Amazonas,2024-08-12,3,2024-09-02,1.1889335,0.7933167
2024,2024,Amazonas,2024-08-12,4,2024-09-09,2.3778667,0.8307995
2024,2024,Amazonas,2024-08-19,1,2024-08-26,1.1889335,1.0759195
2024,2024,Amazonas,2024-08-19,2,2024-09-02,1.1889335,1.0153998
2024,2024,Amazonas,2024-08-19,3,2024-09-09,2.3778667,1.0226834
2024,2024,Amazonas,2024-08-19,4,2024-09-16,0.0,1.0470322
2024,2024,Amazonas,2024-08-26,1,2024-09-02,1.1889335,0.9426692
2024,2024,Amazonas,2024-08-26,2,2024-09-09,2.3778667,0.8738902
2024,2024,Amazonas,2024-08-26,3,2024-09-16,0.0,0.8810691
2024,2024,Amazonas,2024-08-26,4,2024-09-23,0.0,0.90682447
2024,2024,Amazonas,2024-09-02,1,2024-09-09,2.3778667,0.9520585
2024,2024,Amazonas,2024-09-02,2,2024-09-16,0.0,0.8654878
2024,2024,Amazonas,2024-09-02,3,2024-09-23,0.0,0.8701645
2024,2024,Amazonas,2024-09-02,4,2024-09-30,1.1889335,0.9175024
2024,2024,Amazonas,2024-09-09,1,2024-09-16,0.0,0.89421386
2024,2024,Amazonas,2024-09-09,2,2024-09-23,0.0,0.84615296
2024,2024,Amazonas,2024-09-09,3,2024-09-30,1.1889335,0.8710294
2024,2024,Amazonas,2024-09-09,4,2024-10-07,0.0,0.9091583
2024,2024,Amazonas,2024-09-16,1,2024-09-23,0.0,1.1042609
2024,2024,Amazonas,2024-09-16,2,2024-09-30,1.1889335,1.0409497
2024,2024,Amazonas,2024-09-16,3,2024-10-07,0.0,1.0813477
2024,2024,Amazonas,2024-09-16,4,2024-10-14,2.3778667,1.1185852
2024,2024,Amazonas,2024-09-23,1,2024-09-30,1.1889335,0.8349781
2024,2024,Amazonas,2024-09-23,2,2024-10-07,0.0,0.8199213
2024,2024,Amazonas,2024-09-23,3,2024-10-14,2.3778667,0.84324867
2024,2024,Amazonas,2024-09-23,4,2024-10-21,2.3778667,0.8668239
2024,2024,Amazonas,2024-09-30,1,2024-10-07,0.0,0.6902153
2024,2024,Amazonas,2024-09-30,2,2024-10-14,2.3778667,0.66237926
2024,2024,Amazonas,2024-09-30,3,2024-10-21,2.3778667,0.6890112
2024,2024,Amazonas,2024-09-30,4,2024-10-28,3.5668,0.7372889
2024,2024,Amazonas,2024-10-07,1,2024-10-14,2.3778667,0.78879607
2024,2024,Amazonas,2024-10-07,2,2024-10-21,2.3778667,0.7477702
2024,2024,Amazonas,2024-10-07,3,2024-10-28,3.5668,0.8093207
2024,2024,Amazonas,2024-10-07,4,2024-11-04,2.3778667,0.8593549
2024,2024,Amazonas,2024-10-14,1,2024-10-21,2.3778667,0.6394965
2024,2024,Amazonas,2024-10-14,2,2024-10-28,3.5668,0.63974965
2024,2024,Amazonas,2024-10-14,3,2024-11-04,2.3778667,0.686212
2024,2024,Amazonas,2024-10-14,4,2024-11-11,2.3778667,0.7316499
2024,2024,Amazonas,2024-10-21,1,2024-10-28,3.5668,0.94093555
2024,2024,Amazonas,2024-10-21,2,2024-11-04,2.3778667,0.9214917
2024,2024,Amazonas,2024-10-21,3,2024-11-11,2.3778667,0.99779123
2024,2024,Amazonas,2024-10-21,4,2024-11-18,1.1889335,1.1031517
2024,2024,Amazonas,2024-10-28,1,2024-11-04,2.3778667,1.3355846
2024,2024,Amazonas,2024-10-28,2,2024-11-11,2.3778667,1.3666741
2024,2024,Amazonas,2024-10-28,3,2024-11-18,1.1889335,1.44017
2024,2024,Amazonas,2024-10-28,4,2024-11-25,3.5668,1.575037
2024,2024,Amazonas,2024-11-04,1,2024-11-11,2.3778667,2.0474024
2024,2024,Amazonas,2024-11-04,2,2024-11-18,1.1889335,2.1224587
2024,2024,Amazonas,2024-11-04,3,2024-11-25,3.5668,2.2298684
2024,2024,Amazonas,2024-11-04,4,2024-12-02,0.0,2.4086614
2024,2024,Amazonas,2024-11-11,1,2024-11-18,1.1889335,2.2489731
2024,2024,Amazonas,2024-11-11,2,2024-11-25,3.5668,2.3925338
2024,2024,Amazonas,2024-11-11,3,2024-12-02,0.0,2.5252352
2024,2024,Amazonas,2024-11-11,4,2024-12-09,2.3778667,2.739605
2024,2024,Amazonas,2024-11-18,1,2024-11-25,3.5668,2.3969512
2024,2024,Amazonas,2024-11-18,2,2024-12-02,0.0,2.6148136
2024,2024,Amazonas,2024-11-18,3,2024-12-09,2.3778667,2.7624798
2024,2024,Amazonas,2024-11-18,4,2024-12-16,2.3778667,3.0000534
2024,2024,Antioquia,2024-04-15,1,2024-04-22,3.6187658,2.9144554
2024,2024,Antioquia,2024-04-15,2,2024-04-29,2.5433095,2.9860697
2024,2024,Antioquia,2024-04-15,3,2024-05-06,3.037438,3.2788992
2024,2024,Antioquia,2024-04-15,4,2024-05-13,3.240903,3.4441462
2024,2024,Antioquia,2024-04-22,1,2024-04-29,2.5433095,3.1089866
2024,2024,Antioquia,2024-04-22,2,2024-05-06,3.037438,3.1094558
2024,2024,Antioquia,2024-04-22,3,2024-05-13,3.240903,3.435887
2024,2024,Antioquia,2024-04-22,4,2024-05-20,4.5052905,3.5737417
2024,2024,Antioquia,2024-04-29,1,2024-05-06,3.037438,3.4544466
2024,2024,Antioquia,2024-04-29,2,2024-05-13,3.240903,3.5549405
2024,2024,Antioquia,2024-04-29,3,2024-05-20,4.5052905,3.9993577
2024,2024,Antioquia,2024-04-29,4,2024-05-27,5.086619,4.222774
2024,2024,Antioquia,2024-05-06,1,2024-05-13,3.240903,3.162911
2024,2024,Antioquia,2024-05-06,2,2024-05-20,4.5052905,3.3125885
2024,2024,Antioquia,2024-05-06,3,2024-05-27,5.086619,3.6483963
2024,2024,Antioquia,2024-05-06,4,2024-06-03,4.3454256,3.8508584
2024,2024,Antioquia,2024-05-13,1,2024-05-20,4.5052905,3.3559644
2024,2024,Antioquia,2024-05-13,2,2024-05-27,5.086619,3.5284715
2024,2024,Antioquia,2024-05-13,3,2024-06-03,4.3454256,3.8665392
2024,2024,Antioquia,2024-05-13,4,2024-06-10,5.4790144,4.0880356
2024,2024,Antioquia,2024-05-20,1,2024-05-27,5.086619,3.5482829
2024,2024,Antioquia,2024-05-20,2,2024-06-03,4.3454256,3.7800493
2024,2024,Antioquia,2024-05-20,3,2024-06-10,5.4790144,4.08633
2024,2024,Antioquia,2024-05-20,4,2024-06-17,5.871411,4.2904654
2024,2024,Antioquia,2024-05-27,1,2024-06-03,4.3454256,4.35922
2024,2024,Antioquia,2024-05-27,2,2024-06-10,5.4790144,4.6616936
2024,2024,Antioquia,2024-05-27,3,2024-06-17,5.871411,5.054304
2024,2024,Antioquia,2024-05-27,4,2024-06-24,5.6970134,5.2261105
2024,2024,Antioquia,2024-06-03,1,2024-06-10,5.4790144,5.3703175
2024,2024,Antioquia,2024-06-03,2,2024-06-17,5.871411,5.7307763
2024,2024,Antioquia,2024-06-03,3,2024-06-24,5.6970134,6.1530013
2024,2024,Antioquia,2024-06-03,4,2024-07-01,6.176608,6.1784835
2024,2024,Antioquia,2024-06-10,1,2024-06-17,5.871411,5.231556
2024,2024,Antioquia,2024-06-10,2,2024-06-24,5.6970134,5.5691295
2024,2024,Antioquia,2024-06-10,3,2024-07-01,6.176608,5.7709074
2024,2024,Antioquia,2024-06-10,4,2024-07-08,7.019534,5.747458
2024,2024,Antioquia,2024-06-17,1,2024-06-24,5.6970134,5.4700074
2024,2024,Antioquia,2024-06-17,2,2024-07-01,6.176608,5.786587
2024,2024,Antioquia,2024-06-17,3,2024-07-08,7.019534,5.9203577
2024,2024,Antioquia,2024-06-17,4,2024-07-15,6.612605,5.8487673
2024,2024,Antioquia,2024-06-24,1,2024-07-01,6.176608,5.848021
2024,2024,Antioquia,2024-06-24,2,2024-07-08,7.019534,6.2647214
2024,2024,Antioquia,2024-06-24,3,2024-07-15,6.612605,6.364457
2024,2024,Antioquia,2024-06-24,4,2024-07-22,7.644461,6.3040366
2024,2024,Antioquia,2024-07-01,1,2024-07-08,7.019534,5.94491
2024,2024,Antioquia,2024-07-01,2,2024-07-15,6.612605,6.288871
2024,2024,Antioquia,2024-07-01,3,2024-07-22,7.644461,6.310417
2024,2024,Antioquia,2024-07-01,4,2024-07-29,7.615394,6.209298
2024,2024,Antioquia,2024-07-08,1,2024-07-15,6.612605,6.4597898
2024,2024,Antioquia,2024-07-08,2,2024-07-22,7.644461,6.6459627
2024,2024,Antioquia,2024-07-08,3,2024-07-29,7.615394,6.501107
2024,2024,Antioquia,2024-07-08,4,2024-08-05,6.7870016,6.2699704
2024,2024,Antioquia,2024-07-15,1,2024-07-22,7.644461,6.838186
2024,2024,Antioquia,2024-07-15,2,2024-07-29,7.615394,7.130726
2024,2024,Antioquia,2024-07-15,3,2024-08-05,6.7870016,6.83356
2024,2024,Antioquia,2024-07-15,4,2024-08-12,6.481805,6.485859
2024,2024,Antioquia,2024-07-22,1,2024-07-29,7.615394,6.603271
2024,2024,Antioquia,2024-07-22,2,2024-08-05,6.7870016,6.830718
2024,2024,Antioquia,2024-07-22,3,2024-08-12,6.481805,6.4709888
2024,2024,Antioquia,2024-07-22,4,2024-08-19,5.929544,6.0752535
2024,2024,Antioquia,2024-07-29,1,2024-08-05,6.7870016,6.931733
2024,2024,Antioquia,2024-07-29,2,2024-08-12,6.481805,7.238323
2024,2024,Antioquia,2024-07-29,3,2024-08-19,5.929544,6.8950934
2024,2024,Antioquia,2024-07-29,4,2024-08-26,7.0922003,6.449893
2024,2024,Antioquia,2024-08-05,1,2024-08-12,6.481805,6.8638372
2024,2024,Antioquia,2024-08-05,2,2024-08-19,5.929544,7.336879
2024,2024,Antioquia,2024-08-05,3,2024-08-26,7.0922003,7.000124
2024,2024,Antioquia,2024-08-05,4,2024-09-02,6.1184754,6.495006
2024,2024,Antioquia,2024-08-12,1,2024-08-19,5.929544,6.3435426
2024,2024,Antioquia,2024-08-12,2,2024-08-26,7.0922003,6.6181607
2024,2024,Antioquia,2024-08-12,3,2024-09-02,6.1184754,6.259124
2024,2024,Antioquia,2024-08-12,4,2024-09-09,5.987677,5.8283086
2024,2024,Antioquia,2024-08-19,1,2024-08-26,7.0922003,5.978344
2024,2024,Antioquia,2024-08-19,2,2024-09-02,6.1184754,6.147134
2024,2024,Antioquia,2024-08-19,3,2024-09-09,5.987677,5.7968535
2024,2024,Antioquia,2024-08-19,4,2024-09-16,6.3800735,5.460398
2024,2024,Antioquia,2024-08-26,1,2024-09-02,6.1184754,5.4686394
2024,2024,Antioquia,2024-08-26,2,2024-09-09,5.987677,5.536413
2024,2024,Antioquia,2024-08-26,3,2024-09-16,6.3800735,5.204761
2024,2024,Antioquia,2024-08-26,4,2024-09-23,6.2492743,4.92874
2024,2024,Antioquia,2024-09-02,1,2024-09-09,5.987677,5.7051706
2024,2024,Antioquia,2024-09-02,2,2024-09-16,6.3800735,5.7661896
2024,2024,Antioquia,2024-09-02,3,2024-09-23,6.2492743,5.447799
2024,2024,Antioquia,2024-09-02,4,2024-09-30,5.246484,5.147774
2024,2024,Antioquia,2024-09-09,1,2024-09-16,6.3800735,5.3083124
2024,2024,Antioquia,2024-09-09,2,2024-09-23,6.2492743,5.3426585
2024,2024,Antioquia,2024-09-09,3,2024-09-30,5.246484,5.0660076
2024,2024,Antioquia,2024-09-09,4,2024-10-07,4.9412866,4.791043
2024,2024,Antioquia,2024-09-16,1,2024-09-23,6.2492743,5.0582943
2024,2024,Antioquia,2024-09-16,2,2024-09-30,5.246484,5.0231752
2024,2024,Antioquia,2024-09-16,3,2024-10-07,4.9412866,4.7500405
2024,2024,Antioquia,2024-09-16,4,2024-10-14,4.7232885,4.521108
2024,2024,Antioquia,2024-09-23,1,2024-09-30,5.246484,5.2485223
2024,2024,Antioquia,2024-09-23,2,2024-10-07,4.9412866,5.3394833
2024,2024,Antioquia,2024-09-23,3,2024-10-14,4.7232885,5.1030602
2024,2024,Antioquia,2024-09-23,4,2024-10-21,4.839555,4.916674
2024,2024,Antioquia,2024-09-30,1,2024-10-07,4.9412866,5.4005766
2024,2024,Antioquia,2024-09-30,2,2024-10-14,4.7232885,5.48585
2024,2024,Antioquia,2024-09-30,3,2024-10-21,4.839555,5.3430896
2024,2024,Antioquia,2024-09-30,4,2024-10-28,4.447158,5.234411
2024,2024,Antioquia,2024-10-07,1,2024-10-14,4.7232885,4.792784
2024,2024,Antioquia,2024-10-07,2,2024-10-21,4.839555,4.886803
2024,2024,Antioquia,2024-10-07,3,2024-10-28,4.447158,4.774353
2024,2024,Antioquia,2024-10-07,4,2024-11-04,4.4180913,4.688574
2024,2024,Antioquia,2024-10-14,1,2024-10-21,4.839555,4.740684
2024,2024,Antioquia,2024-10-14,2,2024-10-28,4.447158,4.687828
2024,2024,Antioquia,2024-10-14,3,2024-11-04,4.4180913,4.5845056
2024,2024,Antioquia,2024-10-14,4,2024-11-11,3.560633,4.503193
2024,2024,Antioquia,2024-10-21,1,2024-10-28,4.447158,4.468448
2024,2024,Antioquia,2024-10-21,2,2024-11-04,4.4180913,4.3310704
2024,2024,Antioquia,2024-10-21,3,2024-11-11,3.560633,4.177356
2024,2024,Antioquia,2024-10-21,4,2024-11-18,3.633299,4.080186
2024,2024,Antioquia,2024-10-28,1,2024-11-04,4.4180913,4.3586173
2024,2024,Antioquia,2024-10-28,2,2024-11-11,3.560633,4.239083
2024,2024,Antioquia,2024-10-28,3,2024-11-18,3.633299,4.13205
2024,2024,Antioquia,2024-10-28,4,2024-11-25,3.6187658,4.0740366
2024,2024,Antioquia,2024-11-04,1,2024-11-11,3.560633,4.0420494
2024,2024,Antioquia,2024-11-04,2,2024-11-18,3.633299,3.9260225
2024,2024,Antioquia,2024-11-04,3,2024-11-25,3.6187658,3.86635
2024,2024,Antioquia,2024-11-04,4,2024-12-02,3.5315669,3.8412404
2024,2024,Antioquia,2024-11-11,1,2024-11-18,3.633299,4.1706033
2024,2024,Antioquia,2024-11-11,2,2024-11-25,3.6187658,4.001339
2024,2024,Antioquia,2024-11-11,3,2024-12-02,3.5315669,3.9454665
2024,2024,Antioquia,2024-11-11,4,2024-12-09,3.953029,3.9191926
2024,2024,Antioquia,2024-11-18,1,2024-11-25,3.6187658,3.6254208
2024,2024,Antioquia,2024-11-18,2,2024-12-02,3.5315669,3.4819734
2024,2024,Antioquia,2024-11-18,3,2024-12-09,3.953029,3.3782742
2024,2024,Antioquia,2024-11-18,4,2024-12-16,3.4153013,3.3601036
2024,2024,Arauca,2024-04-15,1,2024-04-22,7.5571375,6.9372344
2024,2024,Arauca,2024-04-15,2,2024-04-29,10.436048,7.872653
2024,2024,Arauca,2024-04-15,3,2024-05-06,9.356455,8.485646
2024,2024,Arauca,2024-04-15,4,2024-05-13,10.436048,8.901337
2024,2024,Arauca,2024-04-22,1,2024-04-29,10.436048,9.160658
2024,2024,Arauca,2024-04-22,2,2024-05-06,9.356455,10.04169
2024,2024,Arauca,2024-04-22,3,2024-05-13,10.436048,10.851419
2024,2024,Arauca,2024-04-22,4,2024-05-20,19.072775,11.522635
2024,2024,Arauca,2024-04-29,1,2024-05-06,9.356455,8.777587
2024,2024,Arauca,2024-04-29,2,2024-05-13,10.436048,9.862105
2024,2024,Arauca,2024-04-29,3,2024-05-20,19.072775,10.543648
2024,2024,Arauca,2024-04-29,4,2024-05-27,19.432636,11.160097
2024,2024,Arauca,2024-05-06,1,2024-05-13,10.436048,9.877263
2024,2024,Arauca,2024-05-06,2,2024-05-20,19.072775,11.130966
2024,2024,Arauca,2024-05-06,3,2024-05-27,19.432636,12.063799
2024,2024,Arauca,2024-05-06,4,2024-06-03,27.349638,12.862972
2024,2024,Arauca,2024-05-13,1,2024-05-20,19.072775,10.954819
2024,2024,Arauca,2024-05-13,2,2024-05-27,19.432636,11.938022
2024,2024,Arauca,2024-05-13,3,2024-06-03,27.349638,12.656403
2024,2024,Arauca,2024-05-13,4,2024-06-10,19.432636,13.287329
2024,2024,Arauca,2024-05-20,1,2024-05-27,19.432636,11.400912
2024,2024,Arauca,2024-05-20,2,2024-06-03,27.349638,12.502512
2024,2024,Arauca,2024-05-20,3,2024-06-10,19.432636,13.230091
2024,2024,Arauca,2024-05-20,4,2024-06-17,21.591824,13.65414
2024,2024,Arauca,2024-05-27,1,2024-06-03,27.349638,14.924021
2024,2024,Arauca,2024-05-27,2,2024-06-10,19.432636,16.38052
2024,2024,Arauca,2024-05-27,3,2024-06-17,21.591824,17.234673
2024,2024,Arauca,2024-05-27,4,2024-06-24,21.231958,17.302153
2024,2024,Arauca,2024-06-03,1,2024-06-10,19.432636,16.7823
2024,2024,Arauca,2024-06-03,2,2024-06-17,21.591824,17.637579
2024,2024,Arauca,2024-06-03,3,2024-06-24,21.231958,18.685596
2024,2024,Arauca,2024-06-03,4,2024-07-01,21.591824,19.097359
2024,2024,Arauca,2024-06-10,1,2024-06-17,21.591824,19.599983
2024,2024,Arauca,2024-06-10,2,2024-06-24,21.231958,20.733099
2024,2024,Arauca,2024-06-10,3,2024-07-01,21.591824,21.323484
2024,2024,Arauca,2024-06-10,4,2024-07-08,18.712914,20.57185
2024,2024,Arauca,2024-06-17,1,2024-06-24,21.231958,16.571909
2024,2024,Arauca,2024-06-17,2,2024-07-01,21.591824,16.526302
2024,2024,Arauca,2024-06-17,3,2024-07-08,18.712914,16.789925
2024,2024,Arauca,2024-06-17,4,2024-07-15,8.996592,16.705158
2024,2024,Arauca,2024-06-24,1,2024-07-01,21.591824,16.299099
2024,2024,Arauca,2024-06-24,2,2024-07-08,18.712914,16.885695
2024,2024,Arauca,2024-06-24,3,2024-07-15,8.996592,16.900652
2024,2024,Arauca,2024-06-24,4,2024-07-22,9.356455,16.626884
2024,2024,Arauca,2024-07-01,1,2024-07-08,18.712914,14.992109
2024,2024,Arauca,2024-07-01,2,2024-07-15,8.996592,15.870786
2024,2024,Arauca,2024-07-01,3,2024-07-22,9.356455,15.442325
2024,2024,Arauca,2024-07-01,4,2024-07-29,15.834002,14.862767
2024,2024,Arauca,2024-07-08,1,2024-07-15,8.996592,15.006933
2024,2024,Arauca,2024-07-08,2,2024-07-22,9.356455,15.345077
2024,2024,Arauca,2024-07-08,3,2024-07-29,15.834002,14.164081
2024,2024,Arauca,2024-07-08,4,2024-08-05,6.8374104,13.266123
2024,2024,Arauca,2024-07-15,1,2024-07-22,9.356455,12.946471
2024,2024,Arauca,2024-07-15,2,2024-07-29,15.834002,13.131064
2024,2024,Arauca,2024-07-15,3,2024-08-05,6.8374104,11.62288
2024,2024,Arauca,2024-07-15,4,2024-08-12,10.436048,10.659749
2024,2024,Arauca,2024-07-22,1,2024-07-29,15.834002,7.663346
2024,2024,Arauca,2024-07-22,2,2024-08-05,6.8374104,7.230378
2024,2024,Arauca,2024-07-22,3,2024-08-12,10.436048,6.2705193
2024,2024,Arauca,2024-07-22,4,2024-08-19,9.356455,5.7414684
2024,2024,Arauca,2024-07-29,1,2024-08-05,6.8374104,6.064697
2024,2024,Arauca,2024-07-29,2,2024-08-12,10.436048,5.6489296
2024,2024,Arauca,2024-07-29,3,2024-08-19,9.356455,4.9213533
2024,2024,Arauca,2024-07-29,4,2024-08-26,6.8374104,4.4448605
2024,2024,Arauca,2024-08-05,1,2024-08-12,10.436048,8.6319475
2024,2024,Arauca,2024-08-05,2,2024-08-19,9.356455,8.287028
2024,2024,Arauca,2024-08-05,3,2024-08-26,6.8374104,7.3436856
2024,2024,Arauca,2024-08-05,4,2024-09-02,7.917001,6.734634
2024,2024,Arauca,2024-08-12,1,2024-08-19,9.356455,6.07495
2024,2024,Arauca,2024-08-12,2,2024-08-26,6.8374104,5.635726
2024,2024,Arauca,2024-08-12,3,2024-09-02,7.917001,5.2037544
2024,2024,Arauca,2024-08-12,4,2024-09-09,7.917001,4.9462223
2024,2024,Arauca,2024-08-19,1,2024-08-26,6.8374104,7.072901
2024,2024,Arauca,2024-08-19,2,2024-09-02,7.917001,6.6939855
2024,2024,Arauca,2024-08-19,3,2024-09-09,7.917001,6.361068
2024,2024,Arauca,2024-08-19,4,2024-09-16,8.276864,5.926963
2024,2024,Arauca,2024-08-26,1,2024-09-02,7.917001,6.98793
2024,2024,Arauca,2024-08-26,2,2024-09-09,7.917001,6.5109015
2024,2024,Arauca,2024-08-26,3,2024-09-16,8.276864,6.44238
2024,2024,Arauca,2024-08-26,4,2024-09-23,5.038091,5.9792714
2024,2024,Arauca,2024-09-02,1,2024-09-09,7.917001,6.2250476
2024,2024,Arauca,2024-09-02,2,2024-09-16,8.276864,5.913644
2024,2024,Arauca,2024-09-02,3,2024-09-23,5.038091,5.8394117
2024,2024,Arauca,2024-09-02,4,2024-09-30,5.757819,5.479595
2024,2024,Arauca,2024-09-09,1,2024-09-16,8.276864,6.48505
2024,2024,Arauca,2024-09-09,2,2024-09-23,5.038091,6.157626
2024,2024,Arauca,2024-09-09,3,2024-09-30,5.757819,6.1695337
2024,2024,Arauca,2024-09-09,4,2024-10-07,7.917001,5.8107085
2024,2024,Arauca,2024-09-16,1,2024-09-23,5.038091,6.825274
2024,2024,Arauca,2024-09-16,2,2024-09-30,5.757819,6.578361
2024,2024,Arauca,2024-09-16,3,2024-10-07,7.917001,6.526113
2024,2024,Arauca,2024-09-16,4,2024-10-14,2.519046,6.188594
2024,2024,Arauca,2024-09-23,1,2024-09-30,5.757819,6.747099
2024,2024,Arauca,2024-09-23,2,2024-10-07,7.917001,6.680128
2024,2024,Arauca,2024-09-23,3,2024-10-14,2.519046,6.5379815
2024,2024,Arauca,2024-09-23,4,2024-10-21,6.8374104,6.170486
2024,2024,Arauca,2024-09-30,1,2024-10-07,7.917001,5.72809
2024,2024,Arauca,2024-09-30,2,2024-10-14,2.519046,5.581362
2024,2024,Arauca,2024-09-30,3,2024-10-21,6.8374104,5.522907
2024,2024,Arauca,2024-09-30,4,2024-10-28,4.6782274,5.2622952
2024,2024,Arauca,2024-10-07,1,2024-10-14,2.519046,5.5108986
2024,2024,Arauca,2024-10-07,2,2024-10-21,6.8374104,5.444146
2024,2024,Arauca,2024-10-07,3,2024-10-28,4.6782274,5.194847
2024,2024,Arauca,2024-10-07,4,2024-11-04,5.3979554,4.896441
2024,2024,Arauca,2024-10-14,1,2024-10-21,6.8374104,6.0727944
2024,2024,Arauca,2024-10-14,2,2024-10-28,4.6782274,5.9392233
2024,2024,Arauca,2024-10-14,3,2024-11-04,5.3979554,5.6791644
2024,2024,Arauca,2024-10-14,4,2024-11-11,4.3183646,5.502302
2024,2024,Arauca,2024-10-21,1,2024-10-28,4.6782274,3.8852
2024,2024,Arauca,2024-10-21,2,2024-11-04,5.3979554,3.8144498
2024,2024,Arauca,2024-10-21,3,2024-11-11,4.3183646,3.5949326
2024,2024,Arauca,2024-10-21,4,2024-11-18,5.757819,3.4499686
2024,2024,Arauca,2024-10-28,1,2024-11-04,5.3979554,4.4985523
2024,2024,Arauca,2024-10-28,2,2024-11-11,4.3183646,4.405543
2024,2024,Arauca,2024-10-28,3,2024-11-18,5.757819,4.1261272
2024,2024,Arauca,2024-10-28,4,2024-11-25,6.477546,4.203961
2024,2024,Arauca,2024-11-04,1,2024-11-11,4.3183646,3.8850162
2024,2024,Arauca,2024-11-04,2,2024-11-18,5.757819,3.7794693
2024,2024,Arauca,2024-11-04,3,2024-11-25,6.477546,3.572586
2024,2024,Arauca,2024-11-04,4,2024-12-02,5.757819,3.6792498
2024,2024,Arauca,2024-11-11,1,2024-11-18,5.757819,3.6117191
2024,2024,Arauca,2024-11-11,2,2024-11-25,6.477546,3.6100893
2024,2024,Arauca,2024-11-11,3,2024-12-02,5.757819,3.4570222
2024,2024,Arauca,2024-11-11,4,2024-12-09,9.356455,3.6365426
2024,2024,Arauca,2024-11-18,1,2024-11-25,6.477546,3.3143008
2024,2024,Arauca,2024-11-18,2,2024-12-02,5.757819,3.2250843
2024,2024,Arauca,2024-11-18,3,2024-12-09,9.356455,3.1390324
2024,2024,Arauca,2024-11-18,4,2024-12-16,7.1972747,3.3253396
2024,2024,Atlantico,2024-04-15,1,2024-04-22,1.5862972,1.6374778
2024,2024,Atlantico,2024-04-15,2,2024-04-29,1.7978036,1.5234576
2024,2024,Atlantico,2024-04-15,3,2024-05-06,2.00931,1.5225554
2024,2024,Atlantico,2024-04-15,4,2024-05-13,2.1150627,1.5140408
2024,2024,Atlantico,2024-04-22,1,2024-04-29,1.7978036,1.7249452
2024,2024,Atlantico,2024-04-22,2,2024-05-06,2.00931,1.6843855
2024,2024,Atlantico,2024-04-22,3,2024-05-13,2.1150627,1.7570217
2024,2024,Atlantico,2024-04-22,4,2024-05-20,1.9740586,1.8080586
2024,2024,Atlantico,2024-04-29,1,2024-05-06,2.00931,1.8259513
2024,2024,Atlantico,2024-04-29,2,2024-05-13,2.1150627,1.7900027
2024,2024,Atlantico,2024-04-29,3,2024-05-20,1.9740586,1.9341486
2024,2024,Atlantico,2024-04-29,4,2024-05-27,2.5733266,2.0604947
2024,2024,Atlantico,2024-05-06,1,2024-05-13,2.1150627,1.9674758
2024,2024,Atlantico,2024-05-06,2,2024-05-20,1.9740586,1.992307
2024,2024,Atlantico,2024-05-06,3,2024-05-27,2.5733266,2.1739724
2024,2024,Atlantico,2024-05-06,4,2024-06-03,3.0668414,2.345898
2024,2024,Atlantico,2024-05-13,1,2024-05-20,1.9740586,2.3370438
2024,2024,Atlantico,2024-05-13,2,2024-05-27,2.5733266,2.3863358
2024,2024,Atlantico,2024-05-13,3,2024-06-03,3.0668414,2.618448
2024,2024,Atlantico,2024-05-13,4,2024-06-10,3.1373432,2.8907616
2024,2024,Atlantico,2024-05-20,1,2024-05-27,2.5733266,2.8040698
2024,2024,Atlantico,2024-05-20,2,2024-06-03,3.0668414,2.992165
2024,2024,Atlantico,2024-05-20,3,2024-06-10,3.1373432,3.277565
2024,2024,Atlantico,2024-05-20,4,2024-06-17,3.7718623,3.6426396
2024,2024,Atlantico,2024-05-27,1,2024-06-03,3.0668414,3.0519583
2024,2024,Atlantico,2024-05-27,2,2024-06-10,3.1373432,3.3360639
2024,2024,Atlantico,2024-05-27,3,2024-06-17,3.7718623,3.6496122
2024,2024,Atlantico,2024-05-27,4,2024-06-24,2.784833,4.083659
2024,2024,Atlantico,2024-06-03,1,2024-06-10,3.1373432,3.6532736
2024,2024,Atlantico,2024-06-03,2,2024-06-17,3.7718623,3.993932
2024,2024,Atlantico,2024-06-03,3,2024-06-24,2.784833,4.401581
2024,2024,Atlantico,2024-06-03,4,2024-07-01,3.9481177,4.9703035
2024,2024,Atlantico,2024-06-10,1,2024-06-17,3.7718623,4.29919
2024,2024,Atlantico,2024-06-10,2,2024-06-24,2.784833,4.781522
2024,2024,Atlantico,2024-06-10,3,2024-07-01,3.9481177,5.23197
2024,2024,Atlantico,2024-06-10,4,2024-07-08,4.0538707,5.8682017
2024,2024,Atlantico,2024-06-17,1,2024-06-24,2.784833,4.717433
2024,2024,Atlantico,2024-06-17,2,2024-07-01,3.9481177,5.1911774
2024,2024,Atlantico,2024-06-17,3,2024-07-08,4.0538707,5.6521873
2024,2024,Atlantico,2024-06-17,4,2024-07-15,5.6754193,6.3488936
2024,2024,Atlantico,2024-06-24,1,2024-07-01,3.9481177,5.4574575
2024,2024,Atlantico,2024-06-24,2,2024-07-08,4.0538707,6.113998
2024,2024,Atlantico,2024-06-24,3,2024-07-15,5.6754193,6.627186
2024,2024,Atlantico,2024-06-24,4,2024-07-22,8.918516,7.3912773
2024,2024,Atlantico,2024-07-01,1,2024-07-08,4.0538707,4.7446985
2024,2024,Atlantico,2024-07-01,2,2024-07-15,5.6754193,5.35716
2024,2024,Atlantico,2024-07-01,3,2024-07-22,8.918516,5.7654166
2024,2024,Atlantico,2024-07-01,4,2024-07-29,7.332219,6.40128
2024,2024,Atlantico,2024-07-08,1,2024-07-15,5.6754193,5.4555764
2024,2024,Atlantico,2024-07-08,2,2024-07-22,8.918516,5.9551826
2024,2024,Atlantico,2024-07-08,3,2024-07-29,7.332219,6.3699374
2024,2024,Atlantico,2024-07-08,4,2024-08-05,5.922176,6.9377055
2024,2024,Atlantico,2024-07-15,1,2024-07-22,8.918516,5.5207834
2024,2024,Atlantico,2024-07-15,2,2024-07-29,7.332219,6.0624433
2024,2024,Atlantico,2024-07-15,3,2024-08-05,5.922176,6.3543663
2024,2024,Atlantico,2024-07-15,4,2024-08-12,6.4156914,6.7005773
2024,2024,Atlantico,2024-07-22,1,2024-07-29,7.332219,6.579879
2024,2024,Atlantico,2024-07-22,2,2024-08-05,5.922176,6.9975095
2024,2024,Atlantico,2024-07-22,3,2024-08-12,6.4156914,7.2213273
2024,2024,Atlantico,2024-07-22,4,2024-08-19,5.6754193,7.492916
2024,2024,Atlantico,2024-07-29,1,2024-08-05,5.922176,8.981673
2024,2024,Atlantico,2024-07-29,2,2024-08-12,6.4156914,9.579621
2024,2024,Atlantico,2024-07-29,3,2024-08-19,5.6754193,9.671131
2024,2024,Atlantico,2024-07-29,4,2024-08-26,6.4156914,9.896274
2024,2024,Atlantico,2024-08-05,1,2024-08-12,6.4156914,9.096729
2024,2024,Atlantico,2024-08-05,2,2024-08-19,5.6754193,9.66374
2024,2024,Atlantico,2024-08-05,3,2024-08-26,6.4156914,9.681822
2024,2024,Atlantico,2024-08-05,4,2024-09-02,4.512134,10.017344
2024,2024,Atlantico,2024-08-12,1,2024-08-19,5.6754193,8.154775
2024,2024,Atlantico,2024-08-12,2,2024-08-26,6.4156914,8.41863
2024,2024,Atlantico,2024-08-12,3,2024-09-02,4.512134,8.398699
2024,2024,Atlantico,2024-08-12,4,2024-09-09,5.569666,8.546425
2024,2024,Atlantico,2024-08-19,1,2024-08-26,6.4156914,7.8933616
2024,2024,Atlantico,2024-08-19,2,2024-09-02,4.512134,8.127313
2024,2024,Atlantico,2024-08-19,3,2024-09-09,5.569666,7.9920325
2024,2024,Atlantico,2024-08-19,4,2024-09-16,4.406381,7.9873195
2024,2024,Atlantico,2024-08-26,1,2024-09-02,4.512134,7.163594
2024,2024,Atlantico,2024-08-26,2,2024-09-09,5.569666,7.388063
2024,2024,Atlantico,2024-08-26,3,2024-09-16,4.406381,7.18705
2024,2024,Atlantico,2024-08-26,4,2024-09-23,5.6401677,7.113284
2024,2024,Atlantico,2024-09-02,1,2024-09-09,5.569666,7.4042234
2024,2024,Atlantico,2024-09-02,2,2024-09-16,4.406381,7.5588326
2024,2024,Atlantico,2024-09-02,3,2024-09-23,5.6401677,7.352244
2024,2024,Atlantico,2024-09-02,4,2024-09-30,5.745921,7.335732
2024,2024,Atlantico,2024-09-09,1,2024-09-16,4.406381,6.0592422
2024,2024,Atlantico,2024-09-09,2,2024-09-23,5.6401677,6.194553
2024,2024,Atlantico,2024-09-09,3,2024-09-30,5.745921,5.934288
2024,2024,Atlantico,2024-09-09,4,2024-10-07,5.2524066,5.8709598
2024,2024,Atlantico,2024-09-16,1,2024-09-23,5.6401677,5.913706
2024,2024,Atlantico,2024-09-16,2,2024-09-30,5.745921,6.0756273
2024,2024,Atlantico,2024-09-16,3,2024-10-07,5.2524066,5.7746058
2024,2024,Atlantico,2024-09-16,4,2024-10-14,5.005649,5.5994425
2024,2024,Atlantico,2024-09-23,1,2024-09-30,5.745921,5.331282
2024,2024,Atlantico,2024-09-23,2,2024-10-07,5.2524066,5.4965253
2024,2024,Atlantico,2024-09-23,3,2024-10-14,5.005649,5.2131996
2024,2024,Atlantico,2024-09-23,4,2024-10-21,6.627197,5.0418377
2024,2024,Atlantico,2024-09-30,1,2024-10-07,5.2524066,6.051581
2024,2024,Atlantico,2024-09-30,2,2024-10-14,5.005649,6.1840363
2024,2024,Atlantico,2024-09-30,3,2024-10-21,6.627197,6.0003834
2024,2024,Atlantico,2024-09-30,4,2024-10-28,6.944457,5.9234905
2024,2024,Atlantico,2024-10-07,1,2024-10-14,5.005649,6.4360285
2024,2024,Atlantico,2024-10-07,2,2024-10-21,6.627197,6.6066904
2024,2024,Atlantico,2024-10-07,3,2024-10-28,6.944457,6.455318
2024,2024,Atlantico,2024-10-07,4,2024-11-04,7.5437255,6.411571
2024,2024,Atlantico,2024-10-14,1,2024-10-21,6.627197,6.5155644
2024,2024,Atlantico,2024-10-14,2,2024-10-28,6.944457,6.554316
2024,2024,Atlantico,2024-10-14,3,2024-11-04,7.5437255,6.446947
2024,2024,Atlantico,2024-10-14,4,2024-11-11,8.918516,6.495587
2024,2024,Atlantico,2024-10-21,1,2024-10-28,6.944457,6.226338
2024,2024,Atlantico,2024-10-21,2,2024-11-04,7.5437255,6.2633343
2024,2024,Atlantico,2024-10-21,3,2024-11-11,8.918516,6.088223
2024,2024,Atlantico,2024-10-21,4,2024-11-18,8.319247,6.10128
2024,2024,Atlantico,2024-10-28,1,2024-11-04,7.5437255,7.2725706
2024,2024,Atlantico,2024-10-28,2,2024-11-11,8.918516,7.4640217
2024,2024,Atlantico,2024-10-28,3,2024-11-18,8.319247,7.2760863
2024,2024,Atlantico,2024-10-28,4,2024-11-25,8.495502,7.313247
2024,2024,Atlantico,2024-11-04,1,2024-11-11,8.918516,7.9079933
2024,2024,Atlantico,2024-11-04,2,2024-11-18,8.319247,8.050675
2024,2024,Atlantico,2024-11-04,3,2024-11-25,8.495502,7.850222
2024,2024,Atlantico,2024-11-04,4,2024-12-02,10.0818,8.023882
2024,2024,Atlantico,2024-11-11,1,2024-11-18,8.319247,8.664437
2024,2024,Atlantico,2024-11-11,2,2024-11-25,8.495502,8.914247
2024,2024,Atlantico,2024-11-11,3,2024-12-02,10.0818,8.738142
2024,2024,Atlantico,2024-11-11,4,2024-12-09,12.7608795,8.982397
2024,2024,Atlantico,2024-11-18,1,2024-11-25,8.495502,9.855286
2024,2024,Atlantico,2024-11-18,2,2024-12-02,10.0818,10.34604
2024,2024,Atlantico,2024-11-18,3,2024-12-09,12.7608795,10.118131
2024,2024,Atlantico,2024-11-18,4,2024-12-16,13.183892,10.291862
2024,2024,Bogota d.c.,2024-04-15,1,2024-04-22,0.0,0.04039896
2024,2024,Bogota d.c.,2024-04-15,2,2024-04-29,0.0,0.041010067
2024,2024,Bogota d.c.,2024-04-15,3,2024-05-06,0.0,0.048996452
2024,2024,Bogota d.c.,2024-04-15,4,2024-05-13,0.0,0.036580026
2024,2024,Bogota d.c.,2024-04-22,1,2024-04-29,0.0,0.04825087
2024,2024,Bogota d.c.,2024-04-22,2,2024-05-06,0.0,0.0635558
2024,2024,Bogota d.c.,2024-04-22,3,2024-05-13,0.0,0.07775485
2024,2024,Bogota d.c.,2024-04-22,4,2024-05-20,0.0,0.07084158
2024,2024,Bogota d.c.,2024-04-29,1,2024-05-06,0.0,0.03497519
2024,2024,Bogota d.c.,2024-04-29,2,2024-05-13,0.0,0.05178175
2024,2024,Bogota d.c.,2024-04-29,3,2024-05-20,0.0,0.060270853
2024,2024,Bogota d.c.,2024-04-29,4,2024-05-27,0.0,0.04880417
2024,2024,Bogota d.c.,2024-05-06,1,2024-05-13,0.0,0.028453767
2024,2024,Bogota d.c.,2024-05-06,2,2024-05-20,0.0,0.046662673
2024,2024,Bogota d.c.,2024-05-06,3,2024-05-27,0.0,0.04890187
2024,2024,Bogota d.c.,2024-05-06,4,2024-06-03,0.0,0.030627225
2024,2024,Bogota d.c.,2024-05-13,1,2024-05-20,0.0,0.03293414
2024,2024,Bogota d.c.,2024-05-13,2,2024-05-27,0.0,0.044529844
2024,2024,Bogota d.c.,2024-05-13,3,2024-06-03,0.0,0.051998015
2024,2024,Bogota d.c.,2024-05-13,4,2024-06-10,0.0,0.036642577
2024,2024,Bogota d.c.,2024-05-20,1,2024-05-27,0.0,0.02656584
2024,2024,Bogota d.c.,2024-05-20,2,2024-06-03,0.0,0.041879777
2024,2024,Bogota d.c.,2024-05-20,3,2024-06-10,0.0,0.05078773
2024,2024,Bogota d.c.,2024-05-20,4,2024-06-17,0.0,0.035509676
2024,2024,Bogota d.c.,2024-05-27,1,2024-06-03,0.0,0.0018548041
2024,2024,Bogota d.c.,2024-05-27,2,2024-06-10,0.0,0.03501064
2024,2024,Bogota d.c.,2024-05-27,3,2024-06-17,0.0,0.02455397
2024,2024,Bogota d.c.,2024-05-27,4,2024-06-24,0.0,0.0
2024,2024,Bogota d.c.,2024-06-03,1,2024-06-10,0.0,0.027770288
2024,2024,Bogota d.c.,2024-06-03,2,2024-06-17,0.0,0.045984466
2024,2024,Bogota d.c.,2024-06-03,3,2024-06-24,0.0,0.040861364
2024,2024,Bogota d.c.,2024-06-03,4,2024-07-01,0.0,0.022070512
2024,2024,Bogota d.c.,2024-06-10,1,2024-06-17,0.0,0.087978356
2024,2024,Bogota d.c.,2024-06-10,2,2024-06-24,0.0,0.08294199
2024,2024,Bogota d.c.,2024-06-10,3,2024-07-01,0.0,0.103373356
2024,2024,Bogota d.c.,2024-06-10,4,2024-07-08,0.0,0.10476506
2024,2024,Bogota d.c.,2024-06-17,1,2024-06-24,0.0,0.08847476
2024,2024,Bogota d.c.,2024-06-17,2,2024-07-01,0.0,0.083394565
2024,2024,Bogota d.c.,2024-06-17,3,2024-07-08,0.0,0.10698541
2024,2024,Bogota d.c.,2024-06-17,4,2024-07-15,0.0,0.103206374
2024,2024,Bogota d.c.,2024-06-24,1,2024-07-01,0.0,0.056332912
2024,2024,Bogota d.c.,2024-06-24,2,2024-07-08,0.0,0.059997354
2024,2024,Bogota d.c.,2024-06-24,3,2024-07-15,0.0,0.07279185
2024,2024,Bogota d.c.,2024-06-24,4,2024-07-22,0.0,0.081677884
2024,2024,Bogota d.c.,2024-07-01,1,2024-07-08,0.0,0.055035386
2024,2024,Bogota d.c.,2024-07-01,2,2024-07-15,0.0,0.054745007
2024,2024,Bogota d.c.,2024-07-01,3,2024-07-22,0.0,0.06545675
2024,2024,Bogota d.c.,2024-07-01,4,2024-07-29,0.0,0.07033555
2024,2024,Bogota d.c.,2024-07-08,1,2024-07-15,0.0,0.055914693
2024,2024,Bogota d.c.,2024-07-08,2,2024-07-22,0.0,0.05924975
2024,2024,Bogota d.c.,2024-07-08,3,2024-07-29,0.0,0.076168075
2024,2024,Bogota d.c.,2024-07-08,4,2024-08-05,0.0,0.05137276
2024,2024,Bogota d.c.,2024-07-15,1,2024-07-22,0.0,0.060672604
2024,2024,Bogota d.c.,2024-07-15,2,2024-07-29,0.0,0.06741685
2024,2024,Bogota d.c.,2024-07-15,3,2024-08-05,0.0,0.08246277
2024,2024,Bogota d.c.,2024-07-15,4,2024-08-12,0.0,0.06575404
2024,2024,Bogota d.c.,2024-07-22,1,2024-07-29,0.0,0.040523622
2024,2024,Bogota d.c.,2024-07-22,2,2024-08-05,0.0,0.05726917
2024,2024,Bogota d.c.,2024-07-22,3,2024-08-12,0.0,0.062258996
2024,2024,Bogota d.c.,2024-07-22,4,2024-08-19,0.0,0.045696255
2024,2024,Bogota d.c.,2024-07-29,1,2024-08-05,0.0,0.06208644
2024,2024,Bogota d.c.,2024-07-29,2,2024-08-12,0.0,0.06561794
2024,2024,Bogota d.c.,2024-07-29,3,2024-08-19,0.0,0.08071289
2024,2024,Bogota d.c.,2024-07-29,4,2024-08-26,0.0,0.07870297
2024,2024,Bogota d.c.,2024-08-05,1,2024-08-12,0.0,0.06884559
2024,2024,Bogota d.c.,2024-08-05,2,2024-08-19,0.0,0.06547941
2024,2024,Bogota d.c.,2024-08-05,3,2024-08-26,0.0,0.081583865
2024,2024,Bogota d.c.,2024-08-05,4,2024-09-02,0.0,0.0867141
2024,2024,Bogota d.c.,2024-08-12,1,2024-08-19,0.0,0.054605827
2024,2024,Bogota d.c.,2024-08-12,2,2024-08-26,0.0,0.059016246
2024,2024,Bogota d.c.,2024-08-12,3,2024-09-02,0.0,0.07533923
2024,2024,Bogota d.c.,2024-08-12,4,2024-09-09,0.0,0.06499176
2024,2024,Bogota d.c.,2024-08-19,1,2024-08-26,0.0,0.049712054
2024,2024,Bogota d.c.,2024-08-19,2,2024-09-02,0.0,0.05534481
2024,2024,Bogota d.c.,2024-08-19,3,2024-09-09,0.0,0.06661722
2024,2024,Bogota d.c.,2024-08-19,4,2024-09-16,0.0,0.05604057
2024,2024,Bogota d.c.,2024-08-26,1,2024-09-02,0.0,0.03751835
2024,2024,Bogota d.c.,2024-08-26,2,2024-09-09,0.0,0.05114013
2024,2024,Bogota d.c.,2024-08-26,3,2024-09-16,0.0,0.05478555
2024,2024,Bogota d.c.,2024-08-26,4,2024-09-23,0.0,0.036312483
2024,2024,Bogota d.c.,2024-09-02,1,2024-09-09,0.0,0.054680992
2024,2024,Bogota d.c.,2024-09-02,2,2024-09-16,0.0,0.053565465
2024,2024,Bogota d.c.,2024-09-02,3,2024-09-23,0.0,0.068587825
2024,2024,Bogota d.c.,2024-09-02,4,2024-09-30,0.0,0.054594286
2024,2024,Bogota d.c.,2024-09-09,1,2024-09-16,0.0,0.04928223
2024,2024,Bogota d.c.,2024-09-09,2,2024-09-23,0.0,0.05935428
2024,2024,Bogota d.c.,2024-09-09,3,2024-09-30,0.0,0.07045982
2024,2024,Bogota d.c.,2024-09-09,4,2024-10-07,0.0,0.044923652
2024,2024,Bogota d.c.,2024-09-16,1,2024-09-23,0.0,0.030639745
2024,2024,Bogota d.c.,2024-09-16,2,2024-09-30,0.0,0.045406785
2024,2024,Bogota d.c.,2024-09-16,3,2024-10-07,0.0,0.055249885
2024,2024,Bogota d.c.,2024-09-16,4,2024-10-14,0.0,0.020286068
2024,2024,Bogota d.c.,2024-09-23,1,2024-09-30,0.0,0.031028159
2024,2024,Bogota d.c.,2024-09-23,2,2024-10-07,0.0,0.043993622
2024,2024,Bogota d.c.,2024-09-23,3,2024-10-14,0.0,0.053752303
2024,2024,Bogota d.c.,2024-09-23,4,2024-10-21,0.0,0.025433633
2024,2024,Bogota d.c.,2024-09-30,1,2024-10-07,0.0,0.024648564
2024,2024,Bogota d.c.,2024-09-30,2,2024-10-14,0.0,0.034300096
2024,2024,Bogota d.c.,2024-09-30,3,2024-10-21,0.0,0.04370989
2024,2024,Bogota d.c.,2024-09-30,4,2024-10-28,0.0,0.023794834
2024,2024,Bogota d.c.,2024-10-07,1,2024-10-14,0.0,0.021753937
2024,2024,Bogota d.c.,2024-10-07,2,2024-10-21,0.0,0.037185393
2024,2024,Bogota d.c.,2024-10-07,3,2024-10-28,0.0,0.043809492
2024,2024,Bogota d.c.,2024-10-07,4,2024-11-04,0.0,0.021113342
2024,2024,Bogota d.c.,2024-10-14,1,2024-10-21,0.0,0.03219911
2024,2024,Bogota d.c.,2024-10-14,2,2024-10-28,0.0,0.026840478
2024,2024,Bogota d.c.,2024-10-14,3,2024-11-04,0.0,0.047467906
2024,2024,Bogota d.c.,2024-10-14,4,2024-11-11,0.0,0.022050401
2024,2024,Bogota d.c.,2024-10-21,1,2024-10-28,0.0,0.027757483
2024,2024,Bogota d.c.,2024-10-21,2,2024-11-04,0.0,0.016935937
2024,2024,Bogota d.c.,2024-10-21,3,2024-11-11,0.0,0.0374065
2024,2024,Bogota d.c.,2024-10-21,4,2024-11-18,0.0,0.017711304
2024,2024,Bogota d.c.,2024-10-28,1,2024-11-04,0.0,0.027932063
2024,2024,Bogota d.c.,2024-10-28,2,2024-11-11,0.0,0.015245263
2024,2024,Bogota d.c.,2024-10-28,3,2024-11-18,0.0,0.038109925
2024,2024,Bogota d.c.,2024-10-28,4,2024-11-25,0.0,0.010695508
2024,2024,Bogota d.c.,2024-11-04,1,2024-11-11,0.0,0.03470315
2024,2024,Bogota d.c.,2024-11-04,2,2024-11-18,0.0,0.023908967
2024,2024,Bogota d.c.,2024-11-04,3,2024-11-25,0.0,0.047515456
2024,2024,Bogota d.c.,2024-11-04,4,2024-12-02,0.0,0.023353046
2024,2024,Bogota d.c.,2024-11-11,1,2024-11-18,0.0,0.036838066
2024,2024,Bogota d.c.,2024-11-11,2,2024-11-25,0.0,0.020516094
2024,2024,Bogota d.c.,2024-11-11,3,2024-12-02,0.0,0.049873255
2024,2024,Bogota d.c.,2024-11-11,4,2024-12-09,0.0,0.027239777
2024,2024,Bogota d.c.,2024-11-18,1,2024-11-25,0.0,0.054477356
2024,2024,Bogota d.c.,2024-11-18,2,2024-12-02,0.0,0.020336028
2024,2024,Bogota d.c.,2024-11-18,3,2024-12-09,0.0,0.05122867
2024,2024,Bogota d.c.,2024-11-18,4,2024-12-16,0.0,0.06090135
2024,2024,Bolivar,2024-04-15,1,2024-04-22,2.2898903,4.136639
2024,2024,Bolivar,2024-04-15,2,2024-04-29,3.2327864,3.9922166
2024,2024,Bolivar,2024-04-15,3,2024-05-06,4.534881,4.035503
2024,2024,Bolivar,2024-04-15,4,2024-05-13,3.771584,3.9461758
2024,2024,Bolivar,2024-04-22,1,2024-04-29,3.2327864,3.9761806
2024,2024,Bolivar,2024-04-22,2,2024-05-06,4.534881,3.8685915
2024,2024,Bolivar,2024-04-22,3,2024-05-13,3.771584,3.9941177
2024,2024,Bolivar,2024-04-22,4,2024-05-20,5.836975,4.106699
2024,2024,Bolivar,2024-04-29,1,2024-05-06,4.534881,3.3903785
2024,2024,Bolivar,2024-04-29,2,2024-05-13,3.771584,3.2937484
2024,2024,Bolivar,2024-04-29,3,2024-05-20,5.836975,3.4401026
2024,2024,Bolivar,2024-04-29,4,2024-05-27,6.420672,3.605286
2024,2024,Bolivar,2024-05-06,1,2024-05-13,3.771584,3.5876312
2024,2024,Bolivar,2024-05-06,2,2024-05-20,5.836975,3.5142055
2024,2024,Bolivar,2024-05-06,3,2024-05-27,6.420672,3.6992474
2024,2024,Bolivar,2024-05-06,4,2024-06-03,6.82477,3.9178746
2024,2024,Bolivar,2024-05-13,1,2024-05-20,5.836975,4.7340374
2024,2024,Bolivar,2024-05-13,2,2024-05-27,6.420672,4.675005
2024,2024,Bolivar,2024-05-13,3,2024-06-03,6.82477,4.832193
2024,2024,Bolivar,2024-05-13,4,2024-06-10,6.7349715,5.1798873
2024,2024,Bolivar,2024-05-20,1,2024-05-27,6.420672,5.078392
2024,2024,Bolivar,2024-05-20,2,2024-06-03,6.82477,5.1420903
2024,2024,Bolivar,2024-05-20,3,2024-06-10,6.7349715,5.3119674
2024,2024,Bolivar,2024-05-20,4,2024-06-17,6.77987,5.687572
2024,2024,Bolivar,2024-05-27,1,2024-06-03,6.82477,6.7415543
2024,2024,Bolivar,2024-05-27,2,2024-06-10,6.7349715,6.7163053
2024,2024,Bolivar,2024-05-27,3,2024-06-17,6.77987,6.936298
2024,2024,Bolivar,2024-05-27,4,2024-06-24,7.3635683,7.4283547
2024,2024,Bolivar,2024-06-03,1,2024-06-10,6.7349715,8.068744
2024,2024,Bolivar,2024-06-03,2,2024-06-17,6.77987,7.8148756
2024,2024,Bolivar,2024-06-03,3,2024-06-24,7.3635683,8.099101
2024,2024,Bolivar,2024-06-03,4,2024-07-01,7.273768,8.748361
2024,2024,Bolivar,2024-06-10,1,2024-06-17,6.77987,8.122117
2024,2024,Bolivar,2024-06-10,2,2024-06-24,7.3635683,7.9690046
2024,2024,Bolivar,2024-06-10,3,2024-07-01,7.273768,8.11946
2024,2024,Bolivar,2024-06-10,4,2024-07-08,8.979962,8.569361
2024,2024,Bolivar,2024-06-17,1,2024-06-24,7.3635683,7.641737
2024,2024,Bolivar,2024-06-17,2,2024-07-01,7.273768,7.4305534
2024,2024,Bolivar,2024-06-17,3,2024-07-08,8.979962,7.453216
2024,2024,Bolivar,2024-06-17,4,2024-07-15,9.877958,7.769758
2024,2024,Bolivar,2024-06-24,1,2024-07-01,7.273768,7.713812
2024,2024,Bolivar,2024-06-24,2,2024-07-08,8.979962,7.7546186
2024,2024,Bolivar,2024-06-24,3,2024-07-15,9.877958,7.7362285
2024,2024,Bolivar,2024-06-24,4,2024-07-22,10.371857,7.995249
2024,2024,Bolivar,2024-07-01,1,2024-07-08,8.979962,7.794855
2024,2024,Bolivar,2024-07-01,2,2024-07-15,9.877958,7.8223524
2024,2024,Bolivar,2024-07-01,3,2024-07-22,10.371857,7.7361555
2024,2024,Bolivar,2024-07-01,4,2024-07-29,9.563659,7.9249387
2024,2024,Bolivar,2024-07-08,1,2024-07-15,9.877958,7.7362785
2024,2024,Bolivar,2024-07-08,2,2024-07-22,10.371857,7.6957603
2024,2024,Bolivar,2024-07-08,3,2024-07-29,9.563659,7.513266
2024,2024,Bolivar,2024-07-08,4,2024-08-05,9.024862,7.552381
2024,2024,Bolivar,2024-07-15,1,2024-07-22,10.371857,8.168042
2024,2024,Bolivar,2024-07-15,2,2024-07-29,9.563659,8.480674
2024,2024,Bolivar,2024-07-15,3,2024-08-05,9.024862,8.23663
2024,2024,Bolivar,2024-07-15,4,2024-08-12,9.743259,8.065334
2024,2024,Bolivar,2024-07-22,1,2024-07-29,9.563659,8.8126
2024,2024,Bolivar,2024-07-22,2,2024-08-05,9.024862,9.075392
2024,2024,Bolivar,2024-07-22,3,2024-08-12,9.743259,8.734038
2024,2024,Bolivar,2024-07-22,4,2024-08-19,9.922858,8.526792
2024,2024,Bolivar,2024-07-29,1,2024-08-05,9.024862,9.363851
2024,2024,Bolivar,2024-07-29,2,2024-08-12,9.743259,9.609948
2024,2024,Bolivar,2024-07-29,3,2024-08-19,9.922858,9.124279
2024,2024,Bolivar,2024-07-29,4,2024-08-26,9.743259,8.976382
2024,2024,Bolivar,2024-08-05,1,2024-08-12,9.743259,9.001128
2024,2024,Bolivar,2024-08-05,2,2024-08-19,9.922858,9.416012
2024,2024,Bolivar,2024-08-05,3,2024-08-26,9.743259,8.999478
2024,2024,Bolivar,2024-08-05,4,2024-09-02,12.527045,8.90793
2024,2024,Bolivar,2024-08-12,1,2024-08-19,9.922858,8.864042
2024,2024,Bolivar,2024-08-12,2,2024-08-26,9.743259,8.983906
2024,2024,Bolivar,2024-08-12,3,2024-09-02,12.527045,8.588067
2024,2024,Bolivar,2024-08-12,4,2024-09-09,12.571945,8.508114
2024,2024,Bolivar,2024-08-19,1,2024-08-26,9.743259,9.27224
2024,2024,Bolivar,2024-08-19,2,2024-09-02,12.527045,9.402461
2024,2024,Bolivar,2024-08-19,3,2024-09-09,12.571945,8.862533
2024,2024,Bolivar,2024-08-19,4,2024-09-16,11.539249,8.681453
2024,2024,Bolivar,2024-08-26,1,2024-09-02,12.527045,9.450164
2024,2024,Bolivar,2024-08-26,2,2024-09-09,12.571945,9.535961
2024,2024,Bolivar,2024-08-26,3,2024-09-16,11.539249,8.894816
2024,2024,Bolivar,2024-08-26,4,2024-09-23,12.841344,8.7057705
2024,2024,Bolivar,2024-09-02,1,2024-09-09,12.571945,9.366756
2024,2024,Bolivar,2024-09-02,2,2024-09-16,11.539249,9.2740135
2024,2024,Bolivar,2024-09-02,3,2024-09-23,12.841344,8.759283
2024,2024,Bolivar,2024-09-02,4,2024-09-30,11.94335,8.73599
2024,2024,Bolivar,2024-09-09,1,2024-09-16,11.539249,10.863157
2024,2024,Bolivar,2024-09-09,2,2024-09-23,12.841344,10.882595
2024,2024,Bolivar,2024-09-09,3,2024-09-30,11.94335,10.392644
2024,2024,Bolivar,2024-09-09,4,2024-10-07,13.245444,10.467955
2024,2024,Bolivar,2024-09-16,1,2024-09-23,12.841344,11.748617
2024,2024,Bolivar,2024-09-16,2,2024-09-30,11.94335,11.721555
2024,2024,Bolivar,2024-09-16,3,2024-10-07,13.245444,11.192656
2024,2024,Bolivar,2024-09-16,4,2024-10-14,15.445536,11.263082
2024,2024,Bolivar,2024-09-23,1,2024-09-30,11.94335,12.041725
2024,2024,Bolivar,2024-09-23,2,2024-10-07,13.245444,12.0267935
2024,2024,Bolivar,2024-09-23,3,2024-10-14,15.445536,11.553003
2024,2024,Bolivar,2024-09-23,4,2024-10-21,20.070213,11.692695
2024,2024,Bolivar,2024-09-30,1,2024-10-07,13.245444,12.704493
2024,2024,Bolivar,2024-09-30,2,2024-10-14,15.445536,12.654954
2024,2024,Bolivar,2024-09-30,3,2024-10-21,20.070213,12.348566
2024,2024,Bolivar,2024-09-30,4,2024-10-28,13.245444,12.509422
2024,2024,Bolivar,2024-10-07,1,2024-10-14,15.445536,12.257744
2024,2024,Bolivar,2024-10-07,2,2024-10-21,20.070213,12.352306
2024,2024,Bolivar,2024-10-07,3,2024-10-28,13.245444,12.089177
2024,2024,Bolivar,2024-10-07,4,2024-11-04,17.241526,12.129774
2024,2024,Bolivar,2024-10-14,1,2024-10-21,20.070213,13.17826
2024,2024,Bolivar,2024-10-14,2,2024-10-28,13.245444,13.105388
2024,2024,Bolivar,2024-10-14,3,2024-11-04,17.241526,12.858584
2024,2024,Bolivar,2024-10-14,4,2024-11-11,17.466026,12.874241
2024,2024,Bolivar,2024-10-21,1,2024-10-28,13.245444,14.450312
2024,2024,Bolivar,2024-10-21,2,2024-11-04,17.241526,14.378629
2024,2024,Bolivar,2024-10-21,3,2024-11-11,17.466026,14.102455
2024,2024,Bolivar,2024-10-21,4,2024-11-18,19.172218,14.036298
2024,2024,Bolivar,2024-10-28,1,2024-11-04,17.241526,16.964334
2024,2024,Bolivar,2024-10-28,2,2024-11-11,17.466026,17.28692
2024,2024,Bolivar,2024-10-28,3,2024-11-18,19.172218,16.960428
2024,2024,Bolivar,2024-10-28,4,2024-11-25,16.43333,16.729177
2024,2024,Bolivar,2024-11-04,1,2024-11-11,17.466026,14.827064
2024,2024,Bolivar,2024-11-04,2,2024-11-18,19.172218,14.751455
2024,2024,Bolivar,2024-11-04,3,2024-11-25,16.43333,14.493024
2024,2024,Bolivar,2024-11-04,4,2024-12-02,19.217115,14.472301
2024,2024,Bolivar,2024-11-11,1,2024-11-18,19.172218,16.031843
2024,2024,Bolivar,2024-11-11,2,2024-11-25,16.43333,15.902769
2024,2024,Bolivar,2024-11-11,3,2024-12-02,19.217115,15.710543
2024,2024,Bolivar,2024-11-11,4,2024-12-09,21.596806,15.587842
2024,2024,Bolivar,2024-11-18,1,2024-11-25,16.43333,16.026175
2024,2024,Bolivar,2024-11-18,2,2024-12-02,19.217115,16.509237
2024,2024,Bolivar,2024-11-18,3,2024-12-09,21.596806,16.04515
2024,2024,Bolivar,2024-11-18,4,2024-12-16,25.503088,15.488384
2024,2024,Boyaca,2024-04-15,1,2024-04-22,4.05229,3.1409254
2024,2024,Boyaca,2024-04-15,2,2024-04-29,3.4288607,3.3437061
2024,2024,Boyaca,2024-04-15,3,2024-05-06,4.2860765,3.5258398
2024,2024,Boyaca,2024-04-15,4,2024-05-13,5.1432915,3.5719743
2024,2024,Boyaca,2024-04-22,1,2024-04-29,3.4288607,3.3191442
2024,2024,Boyaca,2024-04-22,2,2024-05-06,4.2860765,3.4957535
2024,2024,Boyaca,2024-04-22,3,2024-05-13,5.1432915,3.6578488
2024,2024,Boyaca,2024-04-22,4,2024-05-20,5.532934,3.6671648
2024,2024,Boyaca,2024-04-29,1,2024-05-06,4.2860765,3.391133
2024,2024,Boyaca,2024-04-29,2,2024-05-13,5.1432915,3.6803215
2024,2024,Boyaca,2024-04-29,3,2024-05-20,5.532934,3.845646
2024,2024,Boyaca,2024-04-29,4,2024-05-27,7.325293,3.882632
2024,2024,Boyaca,2024-05-06,1,2024-05-13,5.1432915,3.3680382
2024,2024,Boyaca,2024-05-06,2,2024-05-20,5.532934,3.6362832
2024,2024,Boyaca,2024-05-06,3,2024-05-27,7.325293,3.7610226
2024,2024,Boyaca,2024-05-06,4,2024-06-03,7.0135784,3.8201804
2024,2024,Boyaca,2024-05-13,1,2024-05-20,5.532934,3.8768003
2024,2024,Boyaca,2024-05-13,2,2024-05-27,7.325293,4.134722
2024,2024,Boyaca,2024-05-13,3,2024-06-03,7.0135784,4.2535534
2024,2024,Boyaca,2024-05-13,4,2024-06-10,4.831577,4.331242
2024,2024,Boyaca,2024-05-20,1,2024-05-27,7.325293,4.400256
2024,2024,Boyaca,2024-05-20,2,2024-06-03,7.0135784,4.716355
2024,2024,Boyaca,2024-05-20,3,2024-06-10,4.831577,4.7736335
2024,2024,Boyaca,2024-05-20,4,2024-06-17,3.9743617,4.7804613
2024,2024,Boyaca,2024-05-27,1,2024-06-03,7.0135784,4.6581993
2024,2024,Boyaca,2024-05-27,2,2024-06-10,4.831577,4.9714274
2024,2024,Boyaca,2024-05-27,3,2024-06-17,3.9743617,4.985356
2024,2024,Boyaca,2024-05-27,4,2024-06-24,4.1302185,4.99547
2024,2024,Boyaca,2024-06-03,1,2024-06-10,4.831577,5.645882
2024,2024,Boyaca,2024-06-03,2,2024-06-17,3.9743617,6.0295167
2024,2024,Boyaca,2024-06-03,3,2024-06-24,4.1302185,5.9917717
2024,2024,Boyaca,2024-06-03,4,2024-07-01,4.597791,5.9419575
2024,2024,Boyaca,2024-06-10,1,2024-06-17,3.9743617,5.8685145
2024,2024,Boyaca,2024-06-10,2,2024-06-24,4.1302185,6.150599
2024,2024,Boyaca,2024-06-10,3,2024-07-01,4.597791,6.0571876
2024,2024,Boyaca,2024-06-10,4,2024-07-08,2.9612892,6.0100946
2024,2024,Boyaca,2024-06-17,1,2024-06-24,4.1302185,4.8367295
2024,2024,Boyaca,2024-06-17,2,2024-07-01,4.597791,4.9043064
2024,2024,Boyaca,2024-06-17,3,2024-07-08,2.9612892,4.9306974
2024,2024,Boyaca,2024-06-17,4,2024-07-15,3.4288607,5.008573
2024,2024,Boyaca,2024-06-24,1,2024-07-01,4.597791,4.1279516
2024,2024,Boyaca,2024-06-24,2,2024-07-08,2.9612892,4.2574215
2024,2024,Boyaca,2024-06-24,3,2024-07-15,3.4288607,4.330152
2024,2024,Boyaca,2024-06-24,4,2024-07-22,2.8833601,4.4660563
2024,2024,Boyaca,2024-07-01,1,2024-07-08,2.9612892,3.8541234
2024,2024,Boyaca,2024-07-01,2,2024-07-15,3.4288607,4.007284
2024,2024,Boyaca,2024-07-01,3,2024-07-22,2.8833601,4.0847607
2024,2024,Boyaca,2024-07-01,4,2024-07-29,3.5067897,4.16755
2024,2024,Boyaca,2024-07-08,1,2024-07-15,3.4288607,3.9858968
2024,2024,Boyaca,2024-07-08,2,2024-07-22,2.8833601,4.082309
2024,2024,Boyaca,2024-07-08,3,2024-07-29,3.5067897,4.1338496
2024,2024,Boyaca,2024-07-08,4,2024-08-05,3.8964329,4.170904
2024,2024,Boyaca,2024-07-15,1,2024-07-22,2.8833601,3.2235394
2024,2024,Boyaca,2024-07-15,2,2024-07-29,3.5067897,3.3006773
2024,2024,Boyaca,2024-07-15,3,2024-08-05,3.8964329,3.3761828
2024,2024,Boyaca,2024-07-15,4,2024-08-12,3.5847185,3.4037926
2024,2024,Boyaca,2024-07-22,1,2024-07-29,3.5067897,2.9647799
2024,2024,Boyaca,2024-07-22,2,2024-08-05,3.8964329,3.0808835
2024,2024,Boyaca,2024-07-22,3,2024-08-12,3.5847185,3.147146
2024,2024,Boyaca,2024-07-22,4,2024-08-19,2.8833601,3.1476226
2024,2024,Boyaca,2024-07-29,1,2024-08-05,3.8964329,2.7686017
2024,2024,Boyaca,2024-07-29,2,2024-08-12,3.5847185,2.9310558
2024,2024,Boyaca,2024-07-29,3,2024-08-19,2.8833601,2.9820085
2024,2024,Boyaca,2024-07-29,4,2024-08-26,1.8702877,2.9772687
2024,2024,Boyaca,2024-08-05,1,2024-08-12,3.5847185,2.937922
2024,2024,Boyaca,2024-08-05,2,2024-08-19,2.8833601,3.0388355
2024,2024,Boyaca,2024-08-05,3,2024-08-26,1.8702877,3.0745022
2024,2024,Boyaca,2024-08-05,4,2024-09-02,1.7144303,3.0641234
2024,2024,Boyaca,2024-08-12,1,2024-08-19,2.8833601,3.2590332
2024,2024,Boyaca,2024-08-12,2,2024-08-26,1.8702877,3.3282573
2024,2024,Boyaca,2024-08-12,3,2024-09-02,1.7144303,3.3527057
2024,2024,Boyaca,2024-08-12,4,2024-09-09,2.727503,3.3392496
2024,2024,Boyaca,2024-08-19,1,2024-08-26,1.8702877,3.3942823
2024,2024,Boyaca,2024-08-19,2,2024-09-02,1.7144303,3.4765732
2024,2024,Boyaca,2024-08-19,3,2024-09-09,2.727503,3.4988797
2024,2024,Boyaca,2024-08-19,4,2024-09-16,2.4157884,3.5008607
2024,2024,Boyaca,2024-08-26,1,2024-09-02,1.7144303,3.0059578
2024,2024,Boyaca,2024-08-26,2,2024-09-09,2.727503,3.0696905
2024,2024,Boyaca,2024-08-26,3,2024-09-16,2.4157884,3.0960813
2024,2024,Boyaca,2024-08-26,4,2024-09-23,2.6495743,3.110597
2024,2024,Boyaca,2024-09-02,1,2024-09-09,2.727503,2.4750295
2024,2024,Boyaca,2024-09-02,2,2024-09-16,2.4157884,2.5139074
2024,2024,Boyaca,2024-09-02,3,2024-09-23,2.6495743,2.5484836
2024,2024,Boyaca,2024-09-02,4,2024-09-30,3.1171465,2.5780044
2024,2024,Boyaca,2024-09-09,1,2024-09-16,2.4157884,2.1338513
2024,2024,Boyaca,2024-09-09,2,2024-09-23,2.6495743,2.215344
2024,2024,Boyaca,2024-09-09,3,2024-09-30,3.1171465,2.2731676
2024,2024,Boyaca,2024-09-09,4,2024-10-07,1.4027158,2.2849069
2024,2024,Boyaca,2024-09-16,1,2024-09-23,2.6495743,2.3535895
2024,2024,Boyaca,2024-09-16,2,2024-09-30,3.1171465,2.4555407
2024,2024,Boyaca,2024-09-16,3,2024-10-07,1.4027158,2.528732
2024,2024,Boyaca,2024-09-16,4,2024-10-14,2.1820023,2.538077
2024,2024,Boyaca,2024-09-23,1,2024-09-30,3.1171465,2.3748047
2024,2024,Boyaca,2024-09-23,2,2024-10-07,1.4027158,2.5149183
2024,2024,Boyaca,2024-09-23,3,2024-10-14,2.1820023,2.556489
2024,2024,Boyaca,2024-09-23,4,2024-10-21,1.7923592,2.6003473
2024,2024,Boyaca,2024-09-30,1,2024-10-07,1.4027158,2.3608875
2024,2024,Boyaca,2024-09-30,2,2024-10-14,2.1820023,2.5208154
2024,2024,Boyaca,2024-09-30,3,2024-10-21,1.7923592,2.5666323
2024,2024,Boyaca,2024-09-30,4,2024-10-28,2.1820023,2.6044505
2024,2024,Boyaca,2024-10-07,1,2024-10-14,2.1820023,2.5083246
2024,2024,Boyaca,2024-10-07,2,2024-10-21,1.7923592,2.707714
2024,2024,Boyaca,2024-10-07,3,2024-10-28,2.1820023,2.771456
2024,2024,Boyaca,2024-10-07,4,2024-11-04,1.7923592,2.8054254
2024,2024,Boyaca,2024-10-14,1,2024-10-21,1.7923592,2.1172047
2024,2024,Boyaca,2024-10-14,2,2024-10-28,2.1820023,2.2745523
2024,2024,Boyaca,2024-10-14,3,2024-11-04,1.7923592,2.3506572
2024,2024,Boyaca,2024-10-14,4,2024-11-11,1.5585731,2.37094
2024,2024,Boyaca,2024-10-21,1,2024-10-28,2.1820023,2.0854461
2024,2024,Boyaca,2024-10-21,2,2024-11-04,1.7923592,2.2339792
2024,2024,Boyaca,2024-10-21,3,2024-11-11,1.5585731,2.316585
2024,2024,Boyaca,2024-10-21,4,2024-11-18,1.3247871,2.35638
2024,2024,Boyaca,2024-10-28,1,2024-11-04,1.7923592,2.0302281
2024,2024,Boyaca,2024-10-28,2,2024-11-11,1.5585731,2.195194
2024,2024,Boyaca,2024-10-28,3,2024-11-18,1.3247871,2.2718928
2024,2024,Boyaca,2024-10-28,4,2024-11-25,1.4806445,2.3221335
2024,2024,Boyaca,2024-11-04,1,2024-11-11,1.5585731,2.045006
2024,2024,Boyaca,2024-11-04,2,2024-11-18,1.3247871,2.2286427
2024,2024,Boyaca,2024-11-04,3,2024-11-25,1.4806445,2.2824585
2024,2024,Boyaca,2024-11-04,4,2024-12-02,1.2468585,2.3499835
2024,2024,Boyaca,2024-11-11,1,2024-11-18,1.3247871,1.9927307
2024,2024,Boyaca,2024-11-11,2,2024-11-25,1.4806445,2.1633708
2024,2024,Boyaca,2024-11-11,3,2024-12-02,1.2468585,2.219468
2024,2024,Boyaca,2024-11-11,4,2024-12-09,1.3247871,2.2849739
2024,2024,Boyaca,2024-11-18,1,2024-11-25,1.4806445,1.864794
2024,2024,Boyaca,2024-11-18,2,2024-12-02,1.2468585,2.0333068
2024,2024,Boyaca,2024-11-18,3,2024-12-09,1.3247871,2.1021602
2024,2024,Boyaca,2024-11-18,4,2024-12-16,2.259931,2.1685803
2024,2024,Caldas,2024-04-15,1,2024-04-22,6.28496,6.4959173
2024,2024,Caldas,2024-04-15,2,2024-04-29,5.7136,7.143243
2024,2024,Caldas,2024-04-15,3,2024-05-06,8.284719,7.414099
2024,2024,Caldas,2024-04-15,4,2024-05-13,7.046773,7.545669
2024,2024,Caldas,2024-04-22,1,2024-04-29,5.7136,7.036234
2024,2024,Caldas,2024-04-22,2,2024-05-06,8.284719,7.691331
2024,2024,Caldas,2024-04-22,3,2024-05-13,7.046773,7.941664
2024,2024,Caldas,2024-04-22,4,2024-05-20,5.904053,8.083235
2024,2024,Caldas,2024-04-29,1,2024-05-06,8.284719,6.3870974
2024,2024,Caldas,2024-04-29,2,2024-05-13,7.046773,7.091531
2024,2024,Caldas,2024-04-29,3,2024-05-20,5.904053,7.4731297
2024,2024,Caldas,2024-04-29,4,2024-05-27,4.6661067,7.7855544
2024,2024,Caldas,2024-05-06,1,2024-05-13,7.046773,6.2065606
2024,2024,Caldas,2024-05-06,2,2024-05-20,5.904053,6.8226585
2024,2024,Caldas,2024-05-06,3,2024-05-27,4.6661067,7.2675962
2024,2024,Caldas,2024-05-06,4,2024-06-03,6.5706406,7.6436715
2024,2024,Caldas,2024-05-13,1,2024-05-20,5.904053,7.4629016
2024,2024,Caldas,2024-05-13,2,2024-05-27,4.6661067,8.206457
2024,2024,Caldas,2024-05-13,3,2024-06-03,6.5706406,8.4881115
2024,2024,Caldas,2024-05-13,4,2024-06-10,5.237467,8.795289
2024,2024,Caldas,2024-05-20,1,2024-05-27,4.6661067,7.260121
2024,2024,Caldas,2024-05-20,2,2024-06-03,6.5706406,8.018475
2024,2024,Caldas,2024-05-20,3,2024-06-10,5.237467,8.124847
2024,2024,Caldas,2024-05-20,4,2024-06-17,5.6183734,8.379718
2024,2024,Caldas,2024-05-27,1,2024-06-03,6.5706406,6.377994
2024,2024,Caldas,2024-05-27,2,2024-06-10,5.237467,6.9959726
2024,2024,Caldas,2024-05-27,3,2024-06-17,5.6183734,7.0934215
2024,2024,Caldas,2024-05-27,4,2024-06-24,5.7136,7.3469305
2024,2024,Caldas,2024-06-03,1,2024-06-10,5.237467,5.4987426
2024,2024,Caldas,2024-06-03,2,2024-06-17,5.6183734,6.0097857
2024,2024,Caldas,2024-06-03,3,2024-06-24,5.7136,6.0793986
2024,2024,Caldas,2024-06-03,4,2024-07-01,5.42792,6.200395
2024,2024,Caldas,2024-06-10,1,2024-06-17,5.6183734,5.8591065
2024,2024,Caldas,2024-06-10,2,2024-06-24,5.7136,6.272446
2024,2024,Caldas,2024-06-10,3,2024-07-01,5.42792,6.238026
2024,2024,Caldas,2024-06-10,4,2024-07-08,6.5706406,6.187893
2024,2024,Caldas,2024-06-17,1,2024-06-24,5.7136,5.3508973
2024,2024,Caldas,2024-06-17,2,2024-07-01,5.42792,5.6032443
2024,2024,Caldas,2024-06-17,3,2024-07-08,6.5706406,5.5881376
2024,2024,Caldas,2024-06-17,4,2024-07-15,6.1897335,5.609155
2024,2024,Caldas,2024-06-24,1,2024-07-01,5.42792,5.3810387
2024,2024,Caldas,2024-06-24,2,2024-07-08,6.5706406,5.74199
2024,2024,Caldas,2024-06-24,3,2024-07-15,6.1897335,5.730117
2024,2024,Caldas,2024-06-24,4,2024-07-22,5.523147,5.8937883
2024,2024,Caldas,2024-07-01,1,2024-07-08,6.5706406,5.4093146
2024,2024,Caldas,2024-07-01,2,2024-07-15,6.1897335,5.6859016
2024,2024,Caldas,2024-07-01,3,2024-07-22,5.523147,5.6411705
2024,2024,Caldas,2024-07-01,4,2024-07-29,9.141761,5.7383623
2024,2024,Caldas,2024-07-08,1,2024-07-15,6.1897335,5.56929
2024,2024,Caldas,2024-07-08,2,2024-07-22,5.523147,5.5906763
2024,2024,Caldas,2024-07-08,3,2024-07-29,9.141761,5.526567
2024,2024,Caldas,2024-07-08,4,2024-08-05,5.7136,5.6041875
2024,2024,Caldas,2024-07-15,1,2024-07-22,5.523147,5.8341246
2024,2024,Caldas,2024-07-15,2,2024-07-29,9.141761,6.0427275
2024,2024,Caldas,2024-07-15,3,2024-08-05,5.7136,5.9431467
2024,2024,Caldas,2024-07-15,4,2024-08-12,6.28496,5.8920817
2024,2024,Caldas,2024-07-22,1,2024-07-29,9.141761,5.881261
2024,2024,Caldas,2024-07-22,2,2024-08-05,5.7136,6.080165
2024,2024,Caldas,2024-07-22,3,2024-08-12,6.28496,6.0015254
2024,2024,Caldas,2024-07-22,4,2024-08-19,6.761094,5.8865676
2024,2024,Caldas,2024-07-29,1,2024-08-05,5.7136,5.642063
2024,2024,Caldas,2024-07-29,2,2024-08-12,6.28496,5.819362
2024,2024,Caldas,2024-07-29,3,2024-08-19,6.761094,5.7471275
2024,2024,Caldas,2024-07-29,4,2024-08-26,8.760854,5.67888
2024,2024,Caldas,2024-08-05,1,2024-08-12,6.28496,7.1048975
2024,2024,Caldas,2024-08-05,2,2024-08-19,6.761094,7.5082335
2024,2024,Caldas,2024-08-05,3,2024-08-26,8.760854,7.427647
2024,2024,Caldas,2024-08-05,4,2024-09-02,6.856321,7.3146667
2024,2024,Caldas,2024-08-12,1,2024-08-19,6.761094,6.2871027
2024,2024,Caldas,2024-08-12,2,2024-08-26,8.760854,6.497469
2024,2024,Caldas,2024-08-12,3,2024-09-02,6.856321,6.4821258
2024,2024,Caldas,2024-08-12,4,2024-09-09,6.856321,6.499187
2024,2024,Caldas,2024-08-19,1,2024-08-26,8.760854,6.322225
2024,2024,Caldas,2024-08-19,2,2024-09-02,6.856321,6.6414523
2024,2024,Caldas,2024-08-19,3,2024-09-09,6.856321,6.6279807
2024,2024,Caldas,2024-08-19,4,2024-09-16,6.951546,6.6106434
2024,2024,Caldas,2024-08-26,1,2024-09-02,6.856321,6.3751097
2024,2024,Caldas,2024-08-26,2,2024-09-09,6.856321,6.66976
2024,2024,Caldas,2024-08-26,3,2024-09-16,6.951546,6.640833
2024,2024,Caldas,2024-08-26,4,2024-09-23,3.8090665,6.501726
2024,2024,Caldas,2024-09-02,1,2024-09-09,6.856321,7.2125154
2024,2024,Caldas,2024-09-02,2,2024-09-16,6.951546,7.528279
2024,2024,Caldas,2024-09-02,3,2024-09-23,3.8090665,7.509451
2024,2024,Caldas,2024-09-02,4,2024-09-30,5.0470133,7.507623
2024,2024,Caldas,2024-09-09,1,2024-09-16,6.951546,6.7476497
2024,2024,Caldas,2024-09-09,2,2024-09-23,3.8090665,7.050816
2024,2024,Caldas,2024-09-09,3,2024-09-30,5.0470133,7.162315
2024,2024,Caldas,2024-09-09,4,2024-10-07,3.9042933,7.3735623
2024,2024,Caldas,2024-09-16,1,2024-09-23,3.8090665,6.6181135
2024,2024,Caldas,2024-09-16,2,2024-09-30,5.0470133,6.9708576
2024,2024,Caldas,2024-09-16,3,2024-10-07,3.9042933,7.190623
2024,2024,Caldas,2024-09-16,4,2024-10-14,4.4756536,7.42992
2024,2024,Caldas,2024-09-23,1,2024-09-30,5.0470133,6.4811645
2024,2024,Caldas,2024-09-23,2,2024-10-07,3.9042933,7.2031846
2024,2024,Caldas,2024-09-23,3,2024-10-14,4.4756536,7.3306003
2024,2024,Caldas,2024-09-23,4,2024-10-21,5.14224,7.5447764
2024,2024,Caldas,2024-09-30,1,2024-10-07,3.9042933,4.8799396
2024,2024,Caldas,2024-09-30,2,2024-10-14,4.4756536,5.3228984
2024,2024,Caldas,2024-09-30,3,2024-10-21,5.14224,5.5211964
2024,2024,Caldas,2024-09-30,4,2024-10-28,2.4758933,5.772543
2024,2024,Caldas,2024-10-07,1,2024-10-14,4.4756536,4.747495
2024,2024,Caldas,2024-10-07,2,2024-10-21,5.14224,5.231898
2024,2024,Caldas,2024-10-07,3,2024-10-28,2.4758933,5.454838
2024,2024,Caldas,2024-10-07,4,2024-11-04,1.8093069,5.6941733
2024,2024,Caldas,2024-10-14,1,2024-10-21,5.14224,4.6212773
2024,2024,Caldas,2024-10-14,2,2024-10-28,2.4758933,5.048731
2024,2024,Caldas,2024-10-14,3,2024-11-04,1.8093069,5.228877
2024,2024,Caldas,2024-10-14,4,2024-11-11,2.4758933,5.3940144
2024,2024,Caldas,2024-10-21,1,2024-10-28,2.4758933,4.4509172
2024,2024,Caldas,2024-10-21,2,2024-11-04,1.8093069,4.882516
2024,2024,Caldas,2024-10-21,3,2024-11-11,2.4758933,4.9218802
2024,2024,Caldas,2024-10-21,4,2024-11-18,1.8093069,5.0040584
2024,2024,Caldas,2024-10-28,1,2024-11-04,1.8093069,4.9756966
2024,2024,Caldas,2024-10-28,2,2024-11-11,2.4758933,5.413736
2024,2024,Caldas,2024-10-28,3,2024-11-18,1.8093069,5.464174
2024,2024,Caldas,2024-10-28,4,2024-11-25,1.3331734,5.611297
2024,2024,Caldas,2024-11-04,1,2024-11-11,2.4758933,3.6565764
2024,2024,Caldas,2024-11-04,2,2024-11-18,1.8093069,4.0354366
2024,2024,Caldas,2024-11-04,3,2024-11-25,1.3331734,4.076171
2024,2024,Caldas,2024-11-04,4,2024-12-02,1.5236267,4.1967697
2024,2024,Caldas,2024-11-11,1,2024-11-18,1.8093069,2.9773574
2024,2024,Caldas,2024-11-11,2,2024-11-25,1.3331734,3.25035
2024,2024,Caldas,2024-11-11,3,2024-12-02,1.5236267,3.264015
2024,2024,Caldas,2024-11-11,4,2024-12-09,1.0474933,3.3190124
2024,2024,Caldas,2024-11-18,1,2024-11-25,1.3331734,2.840102
2024,2024,Caldas,2024-11-18,2,2024-12-02,1.5236267,3.1533713
2024,2024,Caldas,2024-11-18,3,2024-12-09,1.0474933,3.1367824
2024,2024,Caldas,2024-11-18,4,2024-12-16,1.3331734,3.2172499
2024,2024,Caqueta,2024-04-15,1,2024-04-22,12.681206,15.553878
2024,2024,Caqueta,2024-04-15,2,2024-04-29,21.135344,15.976573
2024,2024,Caqueta,2024-04-15,3,2024-05-06,19.726322,15.7699795
2024,2024,Caqueta,2024-04-15,4,2024-05-13,23.24888,15.501287
2024,2024,Caqueta,2024-04-22,1,2024-04-29,21.135344,13.113236
2024,2024,Caqueta,2024-04-22,2,2024-05-06,19.726322,12.677971
2024,2024,Caqueta,2024-04-22,3,2024-05-13,23.24888,12.358999
2024,2024,Caqueta,2024-04-22,4,2024-05-20,19.491482,12.469295
2024,2024,Caqueta,2024-04-29,1,2024-05-06,19.726322,11.241385
2024,2024,Caqueta,2024-04-29,2,2024-05-13,23.24888,10.521351
2024,2024,Caqueta,2024-04-29,3,2024-05-20,19.491482,10.445903
2024,2024,Caqueta,2024-04-29,4,2024-05-27,20.900505,10.274798
2024,2024,Caqueta,2024-05-06,1,2024-05-13,23.24888,14.29423
2024,2024,Caqueta,2024-05-06,2,2024-05-20,19.491482,14.42884
2024,2024,Caqueta,2024-05-06,3,2024-05-27,20.900505,14.449796
2024,2024,Caqueta,2024-05-06,4,2024-06-03,11.976693,14.084326
2024,2024,Caqueta,2024-05-13,1,2024-05-20,19.491482,15.733171
2024,2024,Caqueta,2024-05-13,2,2024-05-27,20.900505,15.684248
2024,2024,Caqueta,2024-05-13,3,2024-06-03,11.976693,15.41911
2024,2024,Caqueta,2024-05-13,4,2024-06-10,13.620554,14.74939
2024,2024,Caqueta,2024-05-20,1,2024-05-27,20.900505,17.14324
2024,2024,Caqueta,2024-05-20,2,2024-06-03,11.976693,16.938972
2024,2024,Caqueta,2024-05-20,3,2024-06-10,13.620554,16.525827
2024,2024,Caqueta,2024-05-20,4,2024-06-17,9.158649,15.701876
2024,2024,Caqueta,2024-05-27,1,2024-06-03,11.976693,15.497523
2024,2024,Caqueta,2024-05-27,2,2024-06-10,13.620554,14.902816
2024,2024,Caqueta,2024-05-27,3,2024-06-17,9.158649,14.409374
2024,2024,Caqueta,2024-05-27,4,2024-06-24,11.037346,13.718701
2024,2024,Caqueta,2024-06-03,1,2024-06-10,13.620554,15.640743
2024,2024,Caqueta,2024-06-03,2,2024-06-17,9.158649,15.403565
2024,2024,Caqueta,2024-06-03,3,2024-06-24,11.037346,14.765766
2024,2024,Caqueta,2024-06-03,4,2024-07-01,20.195995,13.821736
2024,2024,Caqueta,2024-06-10,1,2024-06-17,9.158649,10.905472
2024,2024,Caqueta,2024-06-10,2,2024-06-24,11.037346,9.91647
2024,2024,Caqueta,2024-06-10,3,2024-07-01,20.195995,9.392454
2024,2024,Caqueta,2024-06-10,4,2024-07-08,9.158649,8.687153
2024,2024,Caqueta,2024-06-17,1,2024-06-24,11.037346,11.229338
2024,2024,Caqueta,2024-06-17,2,2024-07-01,20.195995,10.098149
2024,2024,Caqueta,2024-06-17,3,2024-07-08,9.158649,9.737345
2024,2024,Caqueta,2024-06-17,4,2024-07-15,8.923812,9.183516
2024,2024,Caqueta,2024-06-24,1,2024-07-01,20.195995,7.8273916
2024,2024,Caqueta,2024-06-24,2,2024-07-08,9.158649,7.2872977
2024,2024,Caqueta,2024-06-24,3,2024-07-15,8.923812,6.9138017
2024,2024,Caqueta,2024-06-24,4,2024-07-22,7.514788,6.398071
2024,2024,Caqueta,2024-07-01,1,2024-07-08,9.158649,7.654141
2024,2024,Caqueta,2024-07-01,2,2024-07-15,8.923812,7.2270665
2024,2024,Caqueta,2024-07-01,3,2024-07-22,7.514788,7.0317535
2024,2024,Caqueta,2024-07-01,4,2024-07-29,8.2193,6.850258
2024,2024,Caqueta,2024-07-08,1,2024-07-15,8.923812,10.757032
2024,2024,Caqueta,2024-07-08,2,2024-07-22,7.514788,10.257025
2024,2024,Caqueta,2024-07-08,3,2024-07-29,8.2193,9.886082
2024,2024,Caqueta,2024-07-08,4,2024-08-05,8.454139,9.365143
2024,2024,Caqueta,2024-07-15,1,2024-07-22,7.514788,8.903289
2024,2024,Caqueta,2024-07-15,2,2024-07-29,8.2193,8.263698
2024,2024,Caqueta,2024-07-15,3,2024-08-05,8.454139,8.020157
2024,2024,Caqueta,2024-07-15,4,2024-08-12,7.749625,7.9239874
2024,2024,Caqueta,2024-07-22,1,2024-07-29,8.2193,7.4059305
2024,2024,Caqueta,2024-07-22,2,2024-08-05,8.454139,7.01428
2024,2024,Caqueta,2024-07-22,3,2024-08-12,7.749625,6.844355
2024,2024,Caqueta,2024-07-22,4,2024-08-19,6.1057653,6.5397806
2024,2024,Caqueta,2024-07-29,1,2024-08-05,8.454139,7.0685887
2024,2024,Caqueta,2024-07-29,2,2024-08-12,7.749625,6.6109896
2024,2024,Caqueta,2024-07-29,3,2024-08-19,6.1057653,6.4205003
2024,2024,Caqueta,2024-07-29,4,2024-08-26,4.227069,6.005961
2024,2024,Caqueta,2024-08-05,1,2024-08-12,7.749625,6.6470766
2024,2024,Caqueta,2024-08-05,2,2024-08-19,6.1057653,6.4826183
2024,2024,Caqueta,2024-08-05,3,2024-08-26,4.227069,6.2524915
2024,2024,Caqueta,2024-08-05,4,2024-09-02,6.340603,5.905511
2024,2024,Caqueta,2024-08-12,1,2024-08-19,6.1057653,6.580889
2024,2024,Caqueta,2024-08-12,2,2024-08-26,4.227069,6.4478064
2024,2024,Caqueta,2024-08-12,3,2024-09-02,6.340603,6.350864
2024,2024,Caqueta,2024-08-12,4,2024-09-09,6.340603,6.0778217
2024,2024,Caqueta,2024-08-19,1,2024-08-26,4.227069,6.45751
2024,2024,Caqueta,2024-08-19,2,2024-09-02,6.340603,6.3543544
2024,2024,Caqueta,2024-08-19,3,2024-09-09,6.340603,6.106244
2024,2024,Caqueta,2024-08-19,4,2024-09-16,2.8180459,5.6734962
2024,2024,Caqueta,2024-08-26,1,2024-09-02,6.340603,5.7570205
2024,2024,Caqueta,2024-08-26,2,2024-09-09,6.340603,5.717667
2024,2024,Caqueta,2024-08-26,3,2024-09-16,2.8180459,5.3973994
2024,2024,Caqueta,2024-08-26,4,2024-09-23,7.0451155,4.9316006
2024,2024,Caqueta,2024-09-02,1,2024-09-09,6.340603,4.8654156
2024,2024,Caqueta,2024-09-02,2,2024-09-16,2.8180459,4.6860948
2024,2024,Caqueta,2024-09-02,3,2024-09-23,7.0451155,4.48806
2024,2024,Caqueta,2024-09-02,4,2024-09-30,7.749625,4.203
2024,2024,Caqueta,2024-09-09,1,2024-09-16,2.8180459,4.886344
2024,2024,Caqueta,2024-09-09,2,2024-09-23,7.0451155,4.8354974
2024,2024,Caqueta,2024-09-09,3,2024-09-30,7.749625,4.636402
2024,2024,Caqueta,2024-09-09,4,2024-10-07,6.340603,4.367482
2024,2024,Caqueta,2024-09-16,1,2024-09-23,7.0451155,4.365587
2024,2024,Caqueta,2024-09-16,2,2024-09-30,7.749625,4.2573876
2024,2024,Caqueta,2024-09-16,3,2024-10-07,6.340603,4.020061
2024,2024,Caqueta,2024-09-16,4,2024-10-14,6.57544,3.895569
2024,2024,Caqueta,2024-09-23,1,2024-09-30,7.749625,3.1489522
2024,2024,Caqueta,2024-09-23,2,2024-10-07,6.340603,3.2269537
2024,2024,Caqueta,2024-09-23,3,2024-10-14,6.57544,3.0268695
2024,2024,Caqueta,2024-09-23,4,2024-10-21,7.0451155,2.981307
2024,2024,Caqueta,2024-09-30,1,2024-10-07,6.340603,3.591368
2024,2024,Caqueta,2024-09-30,2,2024-10-14,6.57544,3.538069
2024,2024,Caqueta,2024-09-30,3,2024-10-21,7.0451155,3.2758045
2024,2024,Caqueta,2024-09-30,4,2024-10-28,5.870929,3.2786043
2024,2024,Caqueta,2024-10-07,1,2024-10-14,6.57544,3.989046
2024,2024,Caqueta,2024-10-07,2,2024-10-21,7.0451155,3.8248227
2024,2024,Caqueta,2024-10-07,3,2024-10-28,5.870929,3.6412652
2024,2024,Caqueta,2024-10-07,4,2024-11-04,7.749625,3.8483517
2024,2024,Caqueta,2024-10-14,1,2024-10-21,7.0451155,3.668996
2024,2024,Caqueta,2024-10-14,2,2024-10-28,5.870929,3.489245
2024,2024,Caqueta,2024-10-14,3,2024-11-04,7.749625,3.329467
2024,2024,Caqueta,2024-10-14,4,2024-11-11,7.749625,3.5842304
2024,2024,Caqueta,2024-10-21,1,2024-10-28,5.870929,4.3169174
2024,2024,Caqueta,2024-10-21,2,2024-11-04,7.749625,4.0431633
2024,2024,Caqueta,2024-10-21,3,2024-11-11,7.749625,3.9360292
2024,2024,Caqueta,2024-10-21,4,2024-11-18,9.393487,4.2674503
2024,2024,Caqueta,2024-10-28,1,2024-11-04,7.749625,4.804149
2024,2024,Caqueta,2024-10-28,2,2024-11-11,7.749625,4.512624
2024,2024,Caqueta,2024-10-28,3,2024-11-18,9.393487,4.3354373
2024,2024,Caqueta,2024-10-28,4,2024-11-25,8.923812,4.690412
2024,2024,Caqueta,2024-11-04,1,2024-11-11,7.749625,5.079337
2024,2024,Caqueta,2024-11-04,2,2024-11-18,9.393487,4.90694
2024,2024,Caqueta,2024-11-04,3,2024-11-25,8.923812,4.7602096
2024,2024,Caqueta,2024-11-04,4,2024-12-02,7.0451155,5.124439
2024,2024,Caqueta,2024-11-11,1,2024-11-18,9.393487,5.494658
2024,2024,Caqueta,2024-11-11,2,2024-11-25,8.923812,5.2892303
2024,2024,Caqueta,2024-11-11,3,2024-12-02,7.0451155,5.1468086
2024,2024,Caqueta,2024-11-11,4,2024-12-09,12.916043,5.547263
2024,2024,Caqueta,2024-11-18,1,2024-11-25,8.923812,5.1295705
2024,2024,Caqueta,2024-11-18,2,2024-12-02,7.0451155,4.853847
2024,2024,Caqueta,2024-11-18,3,2024-12-09,12.916043,4.5563173
2024,2024,Caqueta,2024-11-18,4,2024-12-16,10.097999,4.919892
2024,2024,Casanare,2024-04-15,1,2024-04-22,17.323795,12.789232
2024,2024,Casanare,2024-04-15,2,2024-04-29,26.948126,14.52804
2024,2024,Casanare,2024-04-15,3,2024-05-06,31.225607,15.504482
2024,2024,Casanare,2024-04-15,4,2024-05-13,34.219837,15.856886
2024,2024,Casanare,2024-04-22,1,2024-04-29,26.948126,13.940898
2024,2024,Casanare,2024-04-22,2,2024-05-06,31.225607,15.556944
2024,2024,Casanare,2024-04-22,3,2024-05-13,34.219837,16.593842
2024,2024,Casanare,2024-04-22,4,2024-05-20,31.439476,17.441801
2024,2024,Casanare,2024-04-29,1,2024-05-06,31.225607,15.927817
2024,2024,Casanare,2024-04-29,2,2024-05-13,34.219837,18.326157
2024,2024,Casanare,2024-04-29,3,2024-05-20,31.439476,19.420511
2024,2024,Casanare,2024-04-29,4,2024-05-27,35.71696,19.891092
2024,2024,Casanare,2024-05-06,1,2024-05-13,34.219837,19.709593
2024,2024,Casanare,2024-05-06,2,2024-05-20,31.439476,23.434034
2024,2024,Casanare,2024-05-06,3,2024-05-27,35.71696,25.150108
2024,2024,Casanare,2024-05-06,4,2024-06-03,32.29497,25.451677
2024,2024,Casanare,2024-05-13,1,2024-05-20,31.439476,23.67903
2024,2024,Casanare,2024-05-13,2,2024-05-27,35.71696,27.478426
2024,2024,Casanare,2024-05-13,3,2024-06-03,32.29497,29.29934
2024,2024,Casanare,2024-05-13,4,2024-06-10,32.0811,29.082413
2024,2024,Casanare,2024-05-20,1,2024-05-27,35.71696,25.846064
2024,2024,Casanare,2024-05-20,2,2024-06-03,32.29497,29.64512
2024,2024,Casanare,2024-05-20,3,2024-06-10,32.0811,31.486588
2024,2024,Casanare,2024-05-20,4,2024-06-17,24.381638,31.032793
2024,2024,Casanare,2024-05-27,1,2024-06-03,32.29497,24.114914
2024,2024,Casanare,2024-05-27,2,2024-06-10,32.0811,26.359816
2024,2024,Casanare,2024-05-27,3,2024-06-17,24.381638,27.8755
2024,2024,Casanare,2024-05-27,4,2024-06-24,25.02326,27.698269
2024,2024,Casanare,2024-06-03,1,2024-06-10,32.0811,24.510143
2024,2024,Casanare,2024-06-03,2,2024-06-17,24.381638,27.585295
2024,2024,Casanare,2024-06-03,3,2024-06-24,25.02326,29.06301
2024,2024,Casanare,2024-06-03,4,2024-07-01,25.237133,27.754457
2024,2024,Casanare,2024-06-10,1,2024-06-17,24.381638,23.614367
2024,2024,Casanare,2024-06-10,2,2024-06-24,25.02326,25.886013
2024,2024,Casanare,2024-06-10,3,2024-07-01,25.237133,26.330973
2024,2024,Casanare,2024-06-10,4,2024-07-08,18.60704,24.044834
2024,2024,Casanare,2024-06-17,1,2024-06-24,25.02326,25.05391
2024,2024,Casanare,2024-06-17,2,2024-07-01,25.237133,26.915382
2024,2024,Casanare,2024-06-17,3,2024-07-08,18.60704,27.264076
2024,2024,Casanare,2024-06-17,4,2024-07-15,16.896048,24.998318
2024,2024,Casanare,2024-06-24,1,2024-07-01,25.237133,19.49029
2024,2024,Casanare,2024-06-24,2,2024-07-08,18.60704,21.04154
2024,2024,Casanare,2024-06-24,3,2024-07-15,16.896048,20.74737
2024,2024,Casanare,2024-06-24,4,2024-07-22,11.549196,18.529846
2024,2024,Casanare,2024-07-01,1,2024-07-08,18.60704,19.796413
2024,2024,Casanare,2024-07-01,2,2024-07-15,16.896048,21.677132
2024,2024,Casanare,2024-07-01,3,2024-07-22,11.549196,21.568604
2024,2024,Casanare,2024-07-01,4,2024-07-29,10.693699,19.264925
2024,2024,Casanare,2024-07-08,1,2024-07-15,16.896048,19.697844
2024,2024,Casanare,2024-07-08,2,2024-07-22,11.549196,21.23315
2024,2024,Casanare,2024-07-08,3,2024-07-29,10.693699,20.629082
2024,2024,Casanare,2024-07-08,4,2024-08-05,9.624331,17.759142
2024,2024,Casanare,2024-07-15,1,2024-07-22,11.549196,16.796955
2024,2024,Casanare,2024-07-15,2,2024-07-29,10.693699,17.312668
2024,2024,Casanare,2024-07-15,3,2024-08-05,9.624331,16.711472
2024,2024,Casanare,2024-07-15,4,2024-08-12,5.5607243,14.131422
2024,2024,Casanare,2024-07-22,1,2024-07-29,10.693699,14.075938
2024,2024,Casanare,2024-07-22,2,2024-08-05,9.624331,13.096566
2024,2024,Casanare,2024-07-22,3,2024-08-12,5.5607243,12.667363
2024,2024,Casanare,2024-07-22,4,2024-08-19,5.988472,10.531827
2024,2024,Casanare,2024-07-29,1,2024-08-05,9.624331,10.12914
2024,2024,Casanare,2024-07-29,2,2024-08-12,5.5607243,9.23371
2024,2024,Casanare,2024-07-29,3,2024-08-19,5.988472,9.149365
2024,2024,Casanare,2024-07-29,4,2024-08-26,6.41622,7.707038
2024,2024,Casanare,2024-08-05,1,2024-08-12,5.5607243,7.8599486
2024,2024,Casanare,2024-08-05,2,2024-08-19,5.988472,7.2190285
2024,2024,Casanare,2024-08-05,3,2024-08-26,6.41622,7.3659954
2024,2024,Casanare,2024-08-05,4,2024-09-02,3.6358583,6.531166
2024,2024,Casanare,2024-08-12,1,2024-08-19,5.988472,7.604615
2024,2024,Casanare,2024-08-12,2,2024-08-26,6.41622,7.0637236
2024,2024,Casanare,2024-08-12,3,2024-09-02,3.6358583,7.480365
2024,2024,Casanare,2024-08-12,4,2024-09-09,2.994236,6.812521
2024,2024,Casanare,2024-08-19,1,2024-08-26,6.41622,5.9301033
2024,2024,Casanare,2024-08-19,2,2024-09-02,3.6358583,5.7605705
2024,2024,Casanare,2024-08-19,3,2024-09-09,2.994236,6.1205215
2024,2024,Casanare,2024-08-19,4,2024-09-16,2.7803621,5.69741
2024,2024,Casanare,2024-08-26,1,2024-09-02,3.6358583,5.775084
2024,2024,Casanare,2024-08-26,2,2024-09-09,2.994236,5.742681
2024,2024,Casanare,2024-08-26,3,2024-09-16,2.7803621,6.0290885
2024,2024,Casanare,2024-08-26,4,2024-09-23,3.20811,5.5404234
2024,2024,Casanare,2024-09-02,1,2024-09-09,2.994236,5.884322
2024,2024,Casanare,2024-09-02,2,2024-09-16,2.7803621,5.7924805
2024,2024,Casanare,2024-09-02,3,2024-09-23,3.20811,6.007893
2024,2024,Casanare,2024-09-02,4,2024-09-30,3.421984,5.601873
2024,2024,Casanare,2024-09-09,1,2024-09-16,2.7803621,4.7507515
2024,2024,Casanare,2024-09-09,2,2024-09-23,3.20811,4.641877
2024,2024,Casanare,2024-09-09,3,2024-09-30,3.421984,4.6103406
2024,2024,Casanare,2024-09-09,4,2024-10-07,1.9248662,4.268462
2024,2024,Casanare,2024-09-16,1,2024-09-23,3.20811,4.1883535
2024,2024,Casanare,2024-09-16,2,2024-09-30,3.421984,4.0768766
2024,2024,Casanare,2024-09-16,3,2024-10-07,1.9248662,3.7922318
2024,2024,Casanare,2024-09-16,4,2024-10-14,1.4971181,3.4810684
2024,2024,Casanare,2024-09-23,1,2024-09-30,3.421984,3.5684419
2024,2024,Casanare,2024-09-23,2,2024-10-07,1.9248662,3.493329
2024,2024,Casanare,2024-09-23,3,2024-10-14,1.4971181,3.1433125
2024,2024,Casanare,2024-09-23,4,2024-10-21,4.27748,2.7526476
2024,2024,Casanare,2024-09-30,1,2024-10-07,1.9248662,3.1803875
2024,2024,Casanare,2024-09-30,2,2024-10-14,1.4971181,3.0196471
2024,2024,Casanare,2024-09-30,3,2024-10-21,4.27748,2.7603726
2024,2024,Casanare,2024-09-30,4,2024-10-28,2.3526142,2.4792893
2024,2024,Casanare,2024-10-07,1,2024-10-14,1.4971181,2.7794473
2024,2024,Casanare,2024-10-07,2,2024-10-21,4.27748,2.5299885
2024,2024,Casanare,2024-10-07,3,2024-10-28,2.3526142,2.2410781
2024,2024,Casanare,2024-10-07,4,2024-11-04,2.5664883,2.112355
2024,2024,Casanare,2024-10-14,1,2024-10-21,4.27748,2.184086
2024,2024,Casanare,2024-10-14,2,2024-10-28,2.3526142,1.8552612
2024,2024,Casanare,2024-10-14,3,2024-11-04,2.5664883,1.6103188
2024,2024,Casanare,2024-10-14,4,2024-11-11,2.5664883,1.5706341
2024,2024,Casanare,2024-10-21,1,2024-10-28,2.3526142,1.7253292
2024,2024,Casanare,2024-10-21,2,2024-11-04,2.5664883,1.4441526
2024,2024,Casanare,2024-10-21,3,2024-11-11,2.5664883,1.244769
2024,2024,Casanare,2024-10-21,4,2024-11-18,1.0693702,1.2052174
2024,2024,Casanare,2024-10-28,1,2024-11-04,2.5664883,1.842152
2024,2024,Casanare,2024-10-28,2,2024-11-11,2.5664883,1.5900909
2024,2024,Casanare,2024-10-28,3,2024-11-18,1.0693702,1.4112333
2024,2024,Casanare,2024-10-28,4,2024-11-25,2.3526142,1.5023727
2024,2024,Casanare,2024-11-04,1,2024-11-11,2.5664883,1.5399832
2024,2024,Casanare,2024-11-04,2,2024-11-18,1.0693702,1.3683733
2024,2024,Casanare,2024-11-04,3,2024-11-25,2.3526142,1.2939396
2024,2024,Casanare,2024-11-04,4,2024-12-02,2.994236,1.3559045
2024,2024,Casanare,2024-11-11,1,2024-11-18,1.0693702,1.6426839
2024,2024,Casanare,2024-11-11,2,2024-11-25,2.3526142,1.482637
2024,2024,Casanare,2024-11-11,3,2024-12-02,2.994236,1.4285184
2024,2024,Casanare,2024-11-11,4,2024-12-09,1.710992,1.5240924
2024,2024,Casanare,2024-11-18,1,2024-11-25,2.3526142,1.7503202
2024,2024,Casanare,2024-11-18,2,2024-12-02,2.994236,1.6009594
2024,2024,Casanare,2024-11-18,3,2024-12-09,1.710992,1.5597638
2024,2024,Casanare,2024-11-18,4,2024-12-16,2.3526142,1.670953
2024,2024,Cauca,2024-04-15,1,2024-04-22,20.845243,11.939305
2024,2024,Cauca,2024-04-15,2,2024-04-29,20.908411,12.661662
2024,2024,Cauca,2024-04-15,3,2024-05-06,24.572123,12.291568
2024,2024,Cauca,2024-04-15,4,2024-05-13,17.371035,12.398932
2024,2024,Cauca,2024-04-22,1,2024-04-29,20.908411,13.101538
2024,2024,Cauca,2024-04-22,2,2024-05-06,24.572123,13.563985
2024,2024,Cauca,2024-04-22,3,2024-05-13,17.371035,13.234349
2024,2024,Cauca,2024-04-22,4,2024-05-20,22.613932,13.266184
2024,2024,Cauca,2024-04-29,1,2024-05-06,24.572123,13.634309
2024,2024,Cauca,2024-04-29,2,2024-05-13,17.371035,14.053762
2024,2024,Cauca,2024-04-29,3,2024-05-20,22.613932,13.725128
2024,2024,Cauca,2024-04-29,4,2024-05-27,20.97158,13.716174
2024,2024,Cauca,2024-05-06,1,2024-05-13,17.371035,14.065665
2024,2024,Cauca,2024-05-06,2,2024-05-20,22.613932,14.283907
2024,2024,Cauca,2024-05-06,3,2024-05-27,20.97158,14.043878
2024,2024,Cauca,2024-05-06,4,2024-06-03,20.592575,14.078713
2024,2024,Cauca,2024-05-13,1,2024-05-20,22.613932,15.582974
2024,2024,Cauca,2024-05-13,2,2024-05-27,20.97158,15.751537
2024,2024,Cauca,2024-05-13,3,2024-06-03,20.592575,15.326354
2024,2024,Cauca,2024-05-13,4,2024-06-10,17.750042,14.969961
2024,2024,Cauca,2024-05-20,1,2024-05-27,20.97158,12.876385
2024,2024,Cauca,2024-05-20,2,2024-06-03,20.592575,12.233617
2024,2024,Cauca,2024-05-20,3,2024-06-10,17.750042,11.699572
2024,2024,Cauca,2024-05-20,4,2024-06-17,17.686874,11.40538
2024,2024,Cauca,2024-05-27,1,2024-06-03,20.592575,14.7994175
2024,2024,Cauca,2024-05-27,2,2024-06-10,17.750042,14.131317
2024,2024,Cauca,2024-05-27,3,2024-06-17,17.686874,13.477386
2024,2024,Cauca,2024-05-27,4,2024-06-24,12.822981,12.893537
2024,2024,Cauca,2024-06-03,1,2024-06-10,17.750042,14.422482
2024,2024,Cauca,2024-06-03,2,2024-06-17,17.686874,13.839745
2024,2024,Cauca,2024-06-03,3,2024-06-24,12.822981,13.080578
2024,2024,Cauca,2024-06-03,4,2024-07-01,12.570314,12.258582
2024,2024,Cauca,2024-06-10,1,2024-06-17,17.686874,14.737104
2024,2024,Cauca,2024-06-10,2,2024-06-24,12.822981,13.971382
2024,2024,Cauca,2024-06-10,3,2024-07-01,12.570314,13.164417
2024,2024,Cauca,2024-06-10,4,2024-07-08,10.864792,12.310395
2024,2024,Cauca,2024-06-17,1,2024-06-24,12.822981,13.421047
2024,2024,Cauca,2024-06-17,2,2024-07-01,12.570314,12.454534
2024,2024,Cauca,2024-06-17,3,2024-07-08,10.864792,11.67821
2024,2024,Cauca,2024-06-17,4,2024-07-15,10.296286,10.875929
2024,2024,Cauca,2024-06-24,1,2024-07-01,12.570314,12.956476
2024,2024,Cauca,2024-06-24,2,2024-07-08,10.864792,12.29837
2024,2024,Cauca,2024-06-24,3,2024-07-15,10.296286,11.5627
2024,2024,Cauca,2024-06-24,4,2024-07-22,11.0542965,10.767655
2024,2024,Cauca,2024-07-01,1,2024-07-08,10.864792,9.6622095
2024,2024,Cauca,2024-07-01,2,2024-07-15,10.296286,8.830461
2024,2024,Cauca,2024-07-01,3,2024-07-22,11.0542965,8.233533
2024,2024,Cauca,2024-07-01,4,2024-07-29,10.043617,7.6434016
2024,2024,Cauca,2024-07-08,1,2024-07-15,10.296286,9.404426
2024,2024,Cauca,2024-07-08,2,2024-07-22,11.0542965,8.500185
2024,2024,Cauca,2024-07-08,3,2024-07-29,10.043617,8.015435
2024,2024,Cauca,2024-07-08,4,2024-08-05,9.664612,7.6013474
2024,2024,Cauca,2024-07-15,1,2024-07-22,11.0542965,7.497641
2024,2024,Cauca,2024-07-15,2,2024-07-29,10.043617,6.916302
2024,2024,Cauca,2024-07-15,3,2024-08-05,9.664612,6.4556823
2024,2024,Cauca,2024-07-15,4,2024-08-12,8.148596,6.0819454
2024,2024,Cauca,2024-07-22,1,2024-07-29,10.043617,6.9448514
2024,2024,Cauca,2024-07-22,2,2024-08-05,9.664612,6.5794578
2024,2024,Cauca,2024-07-22,3,2024-08-12,8.148596,6.2068653
2024,2024,Cauca,2024-07-22,4,2024-08-19,8.085427,5.8843317
2024,2024,Cauca,2024-07-29,1,2024-08-05,9.664612,7.0103426
2024,2024,Cauca,2024-07-29,2,2024-08-12,8.148596,6.756867
2024,2024,Cauca,2024-07-29,3,2024-08-19,8.085427,6.3992176
2024,2024,Cauca,2024-07-29,4,2024-08-26,7.51692,6.0352917
2024,2024,Cauca,2024-08-05,1,2024-08-12,8.148596,6.9297724
2024,2024,Cauca,2024-08-05,2,2024-08-19,8.085427,6.8062615
2024,2024,Cauca,2024-08-05,3,2024-08-26,7.51692,6.382012
2024,2024,Cauca,2024-08-05,4,2024-09-02,5.3060617,5.98163
2024,2024,Cauca,2024-08-12,1,2024-08-19,8.085427,6.666729
2024,2024,Cauca,2024-08-12,2,2024-08-26,7.51692,6.5061774
2024,2024,Cauca,2024-08-12,3,2024-09-02,5.3060617,6.2195206
2024,2024,Cauca,2024-08-12,4,2024-09-09,6.8220787,5.840838
2024,2024,Cauca,2024-08-19,1,2024-08-26,7.51692,6.263349
2024,2024,Cauca,2024-08-19,2,2024-09-02,5.3060617,6.1131654
2024,2024,Cauca,2024-08-19,3,2024-09-09,6.8220787,5.8091125
2024,2024,Cauca,2024-08-19,4,2024-09-16,5.3692293,5.3371696
2024,2024,Cauca,2024-08-26,1,2024-09-02,5.3060617,6.0931587
2024,2024,Cauca,2024-08-26,2,2024-09-09,6.8220787,5.9675317
2024,2024,Cauca,2024-08-26,3,2024-09-16,5.3692293,5.6154337
2024,2024,Cauca,2024-08-26,4,2024-09-23,5.3060617,5.1622977
2024,2024,Cauca,2024-09-02,1,2024-09-09,6.8220787,5.8341475
2024,2024,Cauca,2024-09-02,2,2024-09-16,5.3692293,5.672502
2024,2024,Cauca,2024-09-02,3,2024-09-23,5.3060617,5.229694
2024,2024,Cauca,2024-09-02,4,2024-09-30,4.1690483,4.8100653
2024,2024,Cauca,2024-09-09,1,2024-09-16,5.3692293,4.663371
2024,2024,Cauca,2024-09-09,2,2024-09-23,5.3060617,4.5551496
2024,2024,Cauca,2024-09-09,3,2024-09-30,4.1690483,4.242254
2024,2024,Cauca,2024-09-09,4,2024-10-07,3.1583703,3.878511
2024,2024,Cauca,2024-09-16,1,2024-09-23,5.3060617,4.6876545
2024,2024,Cauca,2024-09-16,2,2024-09-30,4.1690483,4.5639057
2024,2024,Cauca,2024-09-16,3,2024-10-07,3.1583703,4.1908903
2024,2024,Cauca,2024-09-16,4,2024-10-14,3.095203,3.8829749
2024,2024,Cauca,2024-09-23,1,2024-09-30,4.1690483,3.8309267
2024,2024,Cauca,2024-09-23,2,2024-10-07,3.1583703,3.7023807
2024,2024,Cauca,2024-09-23,3,2024-10-14,3.095203,3.438015
2024,2024,Cauca,2024-09-23,4,2024-10-21,4.1690483,3.2021887
2024,2024,Cauca,2024-09-30,1,2024-10-07,3.1583703,3.5304568
2024,2024,Cauca,2024-09-30,2,2024-10-14,3.095203,3.4500237
2024,2024,Cauca,2024-09-30,3,2024-10-21,4.1690483,3.2812734
2024,2024,Cauca,2024-09-30,4,2024-10-28,3.1583703,3.1764834
2024,2024,Cauca,2024-10-07,1,2024-10-14,3.095203,3.0346494
2024,2024,Cauca,2024-10-07,2,2024-10-21,4.1690483,2.8970091
2024,2024,Cauca,2024-10-07,3,2024-10-28,3.1583703,2.7510352
2024,2024,Cauca,2024-10-07,4,2024-11-04,3.6005418,2.6640346
2024,2024,Cauca,2024-10-14,1,2024-10-21,4.1690483,2.601584
2024,2024,Cauca,2024-10-14,2,2024-10-28,3.1583703,2.4698172
2024,2024,Cauca,2024-10-14,3,2024-11-04,3.6005418,2.391272
2024,2024,Cauca,2024-10-14,4,2024-11-11,4.9270577,2.31879
2024,2024,Cauca,2024-10-21,1,2024-10-28,3.1583703,2.3729126
2024,2024,Cauca,2024-10-21,2,2024-11-04,3.6005418,2.1999938
2024,2024,Cauca,2024-10-21,3,2024-11-11,4.9270577,2.1248236
2024,2024,Cauca,2024-10-21,4,2024-11-18,3.4110398,2.1280403
2024,2024,Cauca,2024-10-28,1,2024-11-04,3.6005418,2.4383502
2024,2024,Cauca,2024-10-28,2,2024-11-11,4.9270577,2.2656558
2024,2024,Cauca,2024-10-28,3,2024-11-18,3.4110398,2.194197
2024,2024,Cauca,2024-10-28,4,2024-11-25,3.9795465,2.2626033
2024,2024,Cauca,2024-11-04,1,2024-11-11,4.9270577,2.2183483
2024,2024,Cauca,2024-11-04,2,2024-11-18,3.4110398,2.073825
2024,2024,Cauca,2024-11-04,3,2024-11-25,3.9795465,2.0313509
2024,2024,Cauca,2024-11-04,4,2024-12-02,3.4742072,2.1060784
2024,2024,Cauca,2024-11-11,1,2024-11-18,3.4110398,2.363884
2024,2024,Cauca,2024-11-11,2,2024-11-25,3.9795465,2.2382965
2024,2024,Cauca,2024-11-11,3,2024-12-02,3.4742072,2.2329612
2024,2024,Cauca,2024-11-11,4,2024-12-09,3.1583703,2.3895347
2024,2024,Cauca,2024-11-18,1,2024-11-25,3.9795465,2.8820405
2024,2024,Cauca,2024-11-18,2,2024-12-02,3.4742072,2.848392
2024,2024,Cauca,2024-11-18,3,2024-12-09,3.1583703,2.843765
2024,2024,Cauca,2024-11-18,4,2024-12-16,3.7900443,3.0485394
2024,2024,Cesar,2024-04-15,1,2024-04-22,4.512372,3.7928722
2024,2024,Cesar,2024-04-15,2,2024-04-29,2.9156866,3.7514718
2024,2024,Cesar,2024-04-15,3,2024-05-06,2.9156866,3.9794984
2024,2024,Cesar,2024-04-15,4,2024-05-13,4.0264244,4.0588627
2024,2024,Cesar,2024-04-22,1,2024-04-29,2.9156866,4.289912
2024,2024,Cesar,2024-04-22,2,2024-05-06,2.9156866,4.407793
2024,2024,Cesar,2024-04-22,3,2024-05-13,4.0264244,4.7050962
2024,2024,Cesar,2024-04-22,4,2024-05-20,4.0264244,4.8416815
2024,2024,Cesar,2024-04-29,1,2024-05-06,2.9156866,4.639936
2024,2024,Cesar,2024-04-29,2,2024-05-13,4.0264244,4.796486
2024,2024,Cesar,2024-04-29,3,2024-05-20,4.0264244,5.1252394
2024,2024,Cesar,2024-04-29,4,2024-05-27,3.887582,5.3755245
2024,2024,Cesar,2024-05-06,1,2024-05-13,4.0264244,4.118866
2024,2024,Cesar,2024-05-06,2,2024-05-20,4.0264244,4.250485
2024,2024,Cesar,2024-05-06,3,2024-05-27,3.887582,4.576133
2024,2024,Cesar,2024-05-06,4,2024-06-03,4.304109,4.8609133
2024,2024,Cesar,2024-05-13,1,2024-05-20,4.0264244,4.2871723
2024,2024,Cesar,2024-05-13,2,2024-05-27,3.887582,4.397241
2024,2024,Cesar,2024-05-13,3,2024-06-03,4.304109,4.659646
2024,2024,Cesar,2024-05-13,4,2024-06-10,4.512372,4.9121404
2024,2024,Cesar,2024-05-20,1,2024-05-27,3.887582,5.1332946
2024,2024,Cesar,2024-05-20,2,2024-06-03,4.304109,5.374066
2024,2024,Cesar,2024-05-20,3,2024-06-10,4.512372,5.671665
2024,2024,Cesar,2024-05-20,4,2024-06-17,4.99832,5.955847
2024,2024,Cesar,2024-05-27,1,2024-06-03,4.304109,5.5034842
2024,2024,Cesar,2024-05-27,2,2024-06-10,4.512372,5.635533
2024,2024,Cesar,2024-05-27,3,2024-06-17,4.99832,5.9513435
2024,2024,Cesar,2024-05-27,4,2024-06-24,4.5817933,6.2383757
2024,2024,Cesar,2024-06-03,1,2024-06-10,4.512372,5.7522955
2024,2024,Cesar,2024-06-03,2,2024-06-17,4.99832,5.775402
2024,2024,Cesar,2024-06-03,3,2024-06-24,4.5817933,6.0935216
2024,2024,Cesar,2024-06-03,4,2024-07-01,4.9288993,6.4694304
2024,2024,Cesar,2024-06-10,1,2024-06-17,4.99832,5.741893
2024,2024,Cesar,2024-06-10,2,2024-06-24,4.5817933,5.7865415
2024,2024,Cesar,2024-06-10,3,2024-07-01,4.9288993,5.92822
2024,2024,Cesar,2024-06-10,4,2024-07-08,5.1371617,6.168087
2024,2024,Cesar,2024-06-17,1,2024-06-24,4.5817933,5.3530297
2024,2024,Cesar,2024-06-17,2,2024-07-01,4.9288993,5.385972
2024,2024,Cesar,2024-06-17,3,2024-07-08,5.1371617,5.410984
2024,2024,Cesar,2024-06-17,4,2024-07-15,4.5817933,5.542579
2024,2024,Cesar,2024-06-24,1,2024-07-01,4.9288993,5.527285
2024,2024,Cesar,2024-06-24,2,2024-07-08,5.1371617,5.7141547
2024,2024,Cesar,2024-06-24,3,2024-07-15,4.5817933,5.76584
2024,2024,Cesar,2024-06-24,4,2024-07-22,5.692531,5.90244
2024,2024,Cesar,2024-07-01,1,2024-07-08,5.1371617,5.4050236
2024,2024,Cesar,2024-07-01,2,2024-07-15,4.5817933,5.478291
2024,2024,Cesar,2024-07-01,3,2024-07-22,5.692531,5.548014
2024,2024,Cesar,2024-07-01,4,2024-07-29,5.4148464,5.7161336
2024,2024,Cesar,2024-07-08,1,2024-07-15,4.5817933,5.678318
2024,2024,Cesar,2024-07-08,2,2024-07-22,5.692531,5.589082
2024,2024,Cesar,2024-07-08,3,2024-07-29,5.4148464,5.591439
2024,2024,Cesar,2024-07-08,4,2024-08-05,5.553689,5.6075673
2024,2024,Cesar,2024-07-15,1,2024-07-22,5.692531,5.283353
2024,2024,Cesar,2024-07-15,2,2024-07-29,5.4148464,5.382317
2024,2024,Cesar,2024-07-15,3,2024-08-05,5.553689,5.3399034
2024,2024,Cesar,2024-07-15,4,2024-08-12,4.234688,5.15206
2024,2024,Cesar,2024-07-22,1,2024-07-29,5.4148464,4.7487707
2024,2024,Cesar,2024-07-22,2,2024-08-05,5.553689,4.8017673
2024,2024,Cesar,2024-07-22,3,2024-08-12,4.234688,4.756115
2024,2024,Cesar,2024-07-22,4,2024-08-19,3.887582,4.553796
2024,2024,Cesar,2024-07-29,1,2024-08-05,5.553689,5.1347094
2024,2024,Cesar,2024-07-29,2,2024-08-12,4.234688,5.280445
2024,2024,Cesar,2024-07-29,3,2024-08-19,3.887582,5.2356277
2024,2024,Cesar,2024-07-29,4,2024-08-26,4.9288993,5.0013995
2024,2024,Cesar,2024-08-05,1,2024-08-12,4.234688,5.112546
2024,2024,Cesar,2024-08-05,2,2024-08-19,3.887582,5.269588
2024,2024,Cesar,2024-08-05,3,2024-08-26,4.9288993,5.237068
2024,2024,Cesar,2024-08-05,4,2024-09-02,3.193371,5.05592
2024,2024,Cesar,2024-08-12,1,2024-08-19,3.887582,5.391368
2024,2024,Cesar,2024-08-12,2,2024-08-26,4.9288993,5.4511967
2024,2024,Cesar,2024-08-12,3,2024-09-02,3.193371,5.42453
2024,2024,Cesar,2024-08-12,4,2024-09-09,4.0264244,5.251103
2024,2024,Cesar,2024-08-19,1,2024-08-26,4.9288993,4.6928754
2024,2024,Cesar,2024-08-19,2,2024-09-02,3.193371,4.771193
2024,2024,Cesar,2024-08-19,3,2024-09-09,4.0264244,4.7427244
2024,2024,Cesar,2024-08-19,4,2024-09-16,3.5404766,4.55589
2024,2024,Cesar,2024-08-26,1,2024-09-02,3.193371,4.096425
2024,2024,Cesar,2024-08-26,2,2024-09-09,4.0264244,4.1458673
2024,2024,Cesar,2024-08-26,3,2024-09-16,3.5404766,4.168318
2024,2024,Cesar,2024-08-26,4,2024-09-23,3.3322132,4.0260496
2024,2024,Cesar,2024-09-02,1,2024-09-09,4.0264244,4.4930396
2024,2024,Cesar,2024-09-02,2,2024-09-16,3.5404766,4.501003
2024,2024,Cesar,2024-09-02,3,2024-09-23,3.3322132,4.515408
2024,2024,Cesar,2024-09-02,4,2024-09-30,3.887582,4.385004
2024,2024,Cesar,2024-09-09,1,2024-09-16,3.5404766,3.7780087
2024,2024,Cesar,2024-09-09,2,2024-09-23,3.3322132,3.7671375
2024,2024,Cesar,2024-09-09,3,2024-09-30,3.887582,3.8144166
2024,2024,Cesar,2024-09-09,4,2024-10-07,3.679319,3.7794619
2024,2024,Cesar,2024-09-16,1,2024-09-23,3.3322132,3.9440205
2024,2024,Cesar,2024-09-16,2,2024-09-30,3.887582,3.9528472
2024,2024,Cesar,2024-09-16,3,2024-10-07,3.679319,4.0290217
2024,2024,Cesar,2024-09-16,4,2024-10-14,3.74874,4.008801
2024,2024,Cesar,2024-09-23,1,2024-09-30,3.887582,3.873252
2024,2024,Cesar,2024-09-23,2,2024-10-07,3.679319,4.0271544
2024,2024,Cesar,2024-09-23,3,2024-10-14,3.74874,4.1232033
2024,2024,Cesar,2024-09-23,4,2024-10-21,3.4710555,4.1781077
2024,2024,Cesar,2024-09-30,1,2024-10-07,3.679319,3.6761515
2024,2024,Cesar,2024-09-30,2,2024-10-14,3.74874,3.8531895
2024,2024,Cesar,2024-09-30,3,2024-10-21,3.4710555,3.9551852
2024,2024,Cesar,2024-09-30,4,2024-10-28,3.12395,4.0431695
2024,2024,Cesar,2024-10-07,1,2024-10-14,3.74874,3.8200517
2024,2024,Cesar,2024-10-07,2,2024-10-21,3.4710555,4.0238876
2024,2024,Cesar,2024-10-07,3,2024-10-28,3.12395,4.1830525
2024,2024,Cesar,2024-10-07,4,2024-11-04,4.5817933,4.3079467
2024,2024,Cesar,2024-10-14,1,2024-10-21,3.4710555,4.0502195
2024,2024,Cesar,2024-10-14,2,2024-10-28,3.12395,4.2629037
2024,2024,Cesar,2024-10-14,3,2024-11-04,4.5817933,4.399321
2024,2024,Cesar,2024-10-14,4,2024-11-11,2.8462653,4.544162
2024,2024,Cesar,2024-10-21,1,2024-10-28,3.12395,4.0678887
2024,2024,Cesar,2024-10-21,2,2024-11-04,4.5817933,4.2961764
2024,2024,Cesar,2024-10-21,3,2024-11-11,2.8462653,4.3803654
2024,2024,Cesar,2024-10-21,4,2024-11-18,2.9851077,4.4835176
2024,2024,Cesar,2024-10-28,1,2024-11-04,4.5817933,3.9542224
2024,2024,Cesar,2024-10-28,2,2024-11-11,2.8462653,4.1540008
2024,2024,Cesar,2024-10-28,3,2024-11-18,2.9851077,4.1935644
2024,2024,Cesar,2024-10-28,4,2024-11-25,3.74874,4.28261
2024,2024,Cesar,2024-11-04,1,2024-11-11,2.8462653,3.5201414
2024,2024,Cesar,2024-11-04,2,2024-11-18,2.9851077,3.722378
2024,2024,Cesar,2024-11-04,3,2024-11-25,3.74874,3.7716017
2024,2024,Cesar,2024-11-04,4,2024-12-02,4.0958457,3.8813987
2024,2024,Cesar,2024-11-11,1,2024-11-18,2.9851077,4.0435066
2024,2024,Cesar,2024-11-11,2,2024-11-25,3.74874,4.1997
2024,2024,Cesar,2024-11-11,3,2024-12-02,4.0958457,4.242674
2024,2024,Cesar,2024-11-11,4,2024-12-09,4.442951,4.3583345
2024,2024,Cesar,2024-11-18,1,2024-11-25,3.74874,3.4933693
2024,2024,Cesar,2024-11-18,2,2024-12-02,4.0958457,3.6869624
2024,2024,Cesar,2024-11-18,3,2024-12-09,4.442951,3.7425034
2024,2024,Cesar,2024-11-18,4,2024-12-16,4.0264244,3.858648
2024,2024,Choco,2024-04-15,1,2024-04-22,6.8244476,7.0594277
2024,2024,Choco,2024-04-15,2,2024-04-29,9.213004,6.5786643
2024,2024,Choco,2024-04-15,3,2024-05-06,6.6538367,6.4531016
2024,2024,Choco,2024-04-15,4,2024-05-13,7.677504,6.72583
2024,2024,Choco,2024-04-22,1,2024-04-29,9.213004,7.6220107
2024,2024,Choco,2024-04-22,2,2024-05-06,6.6538367,7.053277
2024,2024,Choco,2024-04-22,3,2024-05-13,7.677504,6.958541
2024,2024,Choco,2024-04-22,4,2024-05-20,9.213004,7.359354
2024,2024,Choco,2024-04-29,1,2024-05-06,6.6538367,6.5574
2024,2024,Choco,2024-04-29,2,2024-05-13,7.677504,5.959648
2024,2024,Choco,2024-04-29,3,2024-05-20,9.213004,5.8891025
2024,2024,Choco,2024-04-29,4,2024-05-27,6.483225,6.2840066
2024,2024,Choco,2024-05-06,1,2024-05-13,7.677504,6.7139235
2024,2024,Choco,2024-05-06,2,2024-05-20,9.213004,6.150101
2024,2024,Choco,2024-05-06,3,2024-05-27,6.483225,6.0445056
2024,2024,Choco,2024-05-06,4,2024-06-03,8.701171,6.265559
2024,2024,Choco,2024-05-13,1,2024-05-20,9.213004,6.361707
2024,2024,Choco,2024-05-13,2,2024-05-27,6.483225,5.7929444
2024,2024,Choco,2024-05-13,3,2024-06-03,8.701171,5.6251125
2024,2024,Choco,2024-05-13,4,2024-06-10,5.9713917,5.8383117
2024,2024,Choco,2024-05-20,1,2024-05-27,6.483225,6.1228366
2024,2024,Choco,2024-05-20,2,2024-06-03,8.701171,5.5574307
2024,2024,Choco,2024-05-20,3,2024-06-10,5.9713917,5.4230547
2024,2024,Choco,2024-05-20,4,2024-06-17,7.506893,5.5979643
2024,2024,Choco,2024-05-27,1,2024-06-03,8.701171,6.422036
2024,2024,Choco,2024-05-27,2,2024-06-10,5.9713917,5.8196898
2024,2024,Choco,2024-05-27,3,2024-06-17,7.506893,5.629505
2024,2024,Choco,2024-05-27,4,2024-06-24,6.6538367,5.725968
2024,2024,Choco,2024-06-03,1,2024-06-10,5.9713917,5.546596
2024,2024,Choco,2024-06-03,2,2024-06-17,7.506893,5.057699
2024,2024,Choco,2024-06-03,3,2024-06-24,6.6538367,4.8870664
2024,2024,Choco,2024-06-03,4,2024-07-01,5.288947,5.029208
2024,2024,Choco,2024-06-10,1,2024-06-17,7.506893,5.730258
2024,2024,Choco,2024-06-10,2,2024-06-24,6.6538367,5.264178
2024,2024,Choco,2024-06-10,3,2024-07-01,5.288947,5.015304
2024,2024,Choco,2024-06-10,4,2024-07-08,7.165671,5.0500484
2024,2024,Choco,2024-06-17,1,2024-06-24,6.6538367,5.026269
2024,2024,Choco,2024-06-17,2,2024-07-01,5.288947,4.4341125
2024,2024,Choco,2024-06-17,3,2024-07-08,7.165671,4.19236
2024,2024,Choco,2024-06-17,4,2024-07-15,8.359948,4.1867533
2024,2024,Choco,2024-06-24,1,2024-07-01,5.288947,4.953024
2024,2024,Choco,2024-06-24,2,2024-07-08,7.165671,4.547366
2024,2024,Choco,2024-06-24,3,2024-07-15,8.359948,4.3219857
2024,2024,Choco,2024-06-24,4,2024-07-22,5.1183357,4.3572707
2024,2024,Choco,2024-07-01,1,2024-07-08,7.165671,4.978032
2024,2024,Choco,2024-07-01,2,2024-07-15,8.359948,4.4981523
2024,2024,Choco,2024-07-01,3,2024-07-22,5.1183357,4.3334103
2024,2024,Choco,2024-07-01,4,2024-07-29,3.2416127,4.3836036
2024,2024,Choco,2024-07-08,1,2024-07-15,8.359948,4.396395
2024,2024,Choco,2024-07-08,2,2024-07-22,5.1183357,4.0478997
2024,2024,Choco,2024-07-08,3,2024-07-29,3.2416127,3.8679624
2024,2024,Choco,2024-07-08,4,2024-08-05,3.5828354,3.8830214
2024,2024,Choco,2024-07-15,1,2024-07-22,5.1183357,4.5826635
2024,2024,Choco,2024-07-15,2,2024-07-29,3.2416127,4.2598124
2024,2024,Choco,2024-07-15,3,2024-08-05,3.5828354,4.1002316
2024,2024,Choco,2024-07-15,4,2024-08-12,3.9240575,3.9904969
2024,2024,Choco,2024-07-22,1,2024-07-29,3.2416127,4.8524213
2024,2024,Choco,2024-07-22,2,2024-08-05,3.5828354,4.427949
2024,2024,Choco,2024-07-22,3,2024-08-12,3.9240575,4.2929273
2024,2024,Choco,2024-07-22,4,2024-08-19,2.9003901,4.218644
2024,2024,Choco,2024-07-29,1,2024-08-05,3.5828354,3.9837208
2024,2024,Choco,2024-07-29,2,2024-08-12,3.9240575,3.6569161
2024,2024,Choco,2024-07-29,3,2024-08-19,2.9003901,3.5387528
2024,2024,Choco,2024-07-29,4,2024-08-26,2.9003901,3.5259974
2024,2024,Choco,2024-08-05,1,2024-08-12,3.9240575,3.1865466
2024,2024,Choco,2024-08-05,2,2024-08-19,2.9003901,2.9632285
2024,2024,Choco,2024-08-05,3,2024-08-26,2.9003901,2.9030168
2024,2024,Choco,2024-08-05,4,2024-09-02,5.1183357,2.9170713
2024,2024,Choco,2024-08-12,1,2024-08-19,2.9003901,3.0770845
2024,2024,Choco,2024-08-12,2,2024-08-26,2.9003901,2.8509634
2024,2024,Choco,2024-08-12,3,2024-09-02,5.1183357,2.7932591
2024,2024,Choco,2024-08-12,4,2024-09-09,4.2652802,2.784713
2024,2024,Choco,2024-08-19,1,2024-08-26,2.9003901,2.8498783
2024,2024,Choco,2024-08-19,2,2024-09-02,5.1183357,2.6736276
2024,2024,Choco,2024-08-19,3,2024-09-09,4.2652802,2.5987785
2024,2024,Choco,2024-08-19,4,2024-09-16,4.2652802,2.5680523
2024,2024,Choco,2024-08-26,1,2024-09-02,5.1183357,2.3439631
2024,2024,Choco,2024-08-26,2,2024-09-09,4.2652802,2.1600604
2024,2024,Choco,2024-08-26,3,2024-09-16,4.2652802,2.0627801
2024,2024,Choco,2024-08-26,4,2024-09-23,3.7534466,2.0828698
2024,2024,Choco,2024-09-02,1,2024-09-09,4.2652802,2.0297098
2024,2024,Choco,2024-09-02,2,2024-09-16,4.2652802,1.8616047
2024,2024,Choco,2024-09-02,3,2024-09-23,3.7534466,1.7720071
2024,2024,Choco,2024-09-02,4,2024-09-30,4.435891,1.7857438
2024,2024,Choco,2024-09-09,1,2024-09-16,4.2652802,2.410094
2024,2024,Choco,2024-09-09,2,2024-09-23,3.7534466,2.2305408
2024,2024,Choco,2024-09-09,3,2024-09-30,4.435891,2.1753862
2024,2024,Choco,2024-09-09,4,2024-10-07,3.4122238,2.1976087
2024,2024,Choco,2024-09-16,1,2024-09-23,3.7534466,2.3903983
2024,2024,Choco,2024-09-16,2,2024-09-30,4.435891,2.1376593
2024,2024,Choco,2024-09-16,3,2024-10-07,3.4122238,2.0480952
2024,2024,Choco,2024-09-16,4,2024-10-14,2.7297792,2.098767
2024,2024,Choco,2024-09-23,1,2024-09-30,4.435891,2.361866
2024,2024,Choco,2024-09-23,2,2024-10-07,3.4122238,2.1018505
2024,2024,Choco,2024-09-23,3,2024-10-14,2.7297792,2.031925
2024,2024,Choco,2024-09-23,4,2024-10-21,4.606502,2.111858
2024,2024,Choco,2024-09-30,1,2024-10-07,3.4122238,2.4101672
2024,2024,Choco,2024-09-30,2,2024-10-14,2.7297792,2.15529
2024,2024,Choco,2024-09-30,3,2024-10-21,4.606502,2.1002812
2024,2024,Choco,2024-09-30,4,2024-10-28,6.312615,2.2040372
2024,2024,Choco,2024-10-07,1,2024-10-14,2.7297792,2.5105119
2024,2024,Choco,2024-10-07,2,2024-10-21,4.606502,2.2965162
2024,2024,Choco,2024-10-07,3,2024-10-28,6.312615,2.2326243
2024,2024,Choco,2024-10-07,4,2024-11-04,2.559168,2.353867
2024,2024,Choco,2024-10-14,1,2024-10-21,4.606502,2.328382
2024,2024,Choco,2024-10-14,2,2024-10-28,6.312615,2.1064873
2024,2024,Choco,2024-10-14,3,2024-11-04,2.559168,2.0628633
2024,2024,Choco,2024-10-14,4,2024-11-11,2.0473344,2.1783688
2024,2024,Choco,2024-10-21,1,2024-10-28,6.312615,2.0251002
2024,2024,Choco,2024-10-21,2,2024-11-04,2.559168,1.810513
2024,2024,Choco,2024-10-21,3,2024-11-11,2.0473344,1.7745981
2024,2024,Choco,2024-10-21,4,2024-11-18,3.2416127,1.8881799
2024,2024,Choco,2024-10-28,1,2024-11-04,2.559168,2.284307
2024,2024,Choco,2024-10-28,2,2024-11-11,2.0473344,2.0773585
2024,2024,Choco,2024-10-28,3,2024-11-18,3.2416127,2.0471687
2024,2024,Choco,2024-10-28,4,2024-11-25,2.388557,2.159479
2024,2024,Choco,2024-11-04,1,2024-11-11,2.0473344,2.7513711
2024,2024,Choco,2024-11-04,2,2024-11-18,3.2416127,2.474548
2024,2024,Choco,2024-11-04,3,2024-11-25,2.388557,2.4188972
2024,2024,Choco,2024-11-04,4,2024-12-02,4.9477243,2.5370357
2024,2024,Choco,2024-11-11,1,2024-11-18,3.2416127,2.3997045
2024,2024,Choco,2024-11-11,2,2024-11-25,2.388557,2.1020966
2024,2024,Choco,2024-11-11,3,2024-12-02,4.9477243,2.0589218
2024,2024,Choco,2024-11-11,4,2024-12-09,2.9003901,2.2116995
2024,2024,Choco,2024-11-18,1,2024-11-25,2.388557,2.153644
2024,2024,Choco,2024-11-18,2,2024-12-02,4.9477243,1.9760894
2024,2024,Choco,2024-11-18,3,2024-12-09,2.9003901,2.0031786
2024,2024,Choco,2024-11-18,4,2024-12-16,2.7297792,2.160363
2024,2024,Cordoba,2024-04-15,1,2024-04-22,3.6564782,3.0195403
2024,2024,Cordoba,2024-04-15,2,2024-04-29,2.793143,3.006238
2024,2024,Cordoba,2024-04-15,3,2024-05-06,3.554909,3.0808806
2024,2024,Cordoba,2024-04-15,4,2024-05-13,4.316675,3.0086348
2024,2024,Cordoba,2024-04-22,1,2024-04-29,2.793143,3.7379723
2024,2024,Cordoba,2024-04-22,2,2024-05-06,3.554909,3.756553
2024,2024,Cordoba,2024-04-22,3,2024-05-13,4.316675,3.9490652
2024,2024,Cordoba,2024-04-22,4,2024-05-20,5.63707,4.0580525
2024,2024,Cordoba,2024-04-29,1,2024-05-06,3.554909,4.1466618
2024,2024,Cordoba,2024-04-29,2,2024-05-13,4.316675,4.19679
2024,2024,Cordoba,2024-04-29,3,2024-05-20,5.63707,4.3863273
2024,2024,Cordoba,2024-04-29,4,2024-05-27,4.9260883,4.5670977
2024,2024,Cordoba,2024-05-06,1,2024-05-13,4.316675,3.7685611
2024,2024,Cordoba,2024-05-06,2,2024-05-20,5.63707,3.845408
2024,2024,Cordoba,2024-05-06,3,2024-05-27,4.9260883,4.045958
2024,2024,Cordoba,2024-05-06,4,2024-06-03,4.8245196,4.215914
2024,2024,Cordoba,2024-05-13,1,2024-05-20,5.63707,4.2800007
2024,2024,Cordoba,2024-05-13,2,2024-05-27,4.9260883,4.3409643
2024,2024,Cordoba,2024-05-13,3,2024-06-03,4.8245196,4.4970407
2024,2024,Cordoba,2024-05-13,4,2024-06-10,4.36746,4.7021194
2024,2024,Cordoba,2024-05-20,1,2024-05-27,4.9260883,5.1134257
2024,2024,Cordoba,2024-05-20,2,2024-06-03,4.8245196,5.2869554
2024,2024,Cordoba,2024-05-20,3,2024-06-10,4.36746,5.460601
2024,2024,Cordoba,2024-05-20,4,2024-06-17,5.3323636,5.732151
2024,2024,Cordoba,2024-05-27,1,2024-06-03,4.8245196,6.177308
2024,2024,Cordoba,2024-05-27,2,2024-06-10,4.36746,6.26068
2024,2024,Cordoba,2024-05-27,3,2024-06-17,5.3323636,6.39456
2024,2024,Cordoba,2024-05-27,4,2024-06-24,6.652758,6.7031407
2024,2024,Cordoba,2024-06-03,1,2024-06-10,4.36746,6.2692585
2024,2024,Cordoba,2024-06-03,2,2024-06-17,5.3323636,6.223648
2024,2024,Cordoba,2024-06-03,3,2024-06-24,6.652758,6.361984
2024,2024,Cordoba,2024-06-03,4,2024-07-01,7.668447,6.7153196
2024,2024,Cordoba,2024-06-10,1,2024-06-17,5.3323636,5.6895785
2024,2024,Cordoba,2024-06-10,2,2024-06-24,6.652758,5.6926885
2024,2024,Cordoba,2024-06-10,3,2024-07-01,7.668447,5.7370377
2024,2024,Cordoba,2024-06-10,4,2024-07-08,7.9223685,5.8534913
2024,2024,Cordoba,2024-06-17,1,2024-06-24,6.652758,5.195627
2024,2024,Cordoba,2024-06-17,2,2024-07-01,7.668447,5.136937
2024,2024,Cordoba,2024-06-17,3,2024-07-08,7.9223685,5.0487323
2024,2024,Cordoba,2024-06-17,4,2024-07-15,10.867865,5.1302323
2024,2024,Cordoba,2024-06-24,1,2024-07-01,7.668447,5.550594
2024,2024,Cordoba,2024-06-24,2,2024-07-08,7.9223685,5.482308
2024,2024,Cordoba,2024-06-24,3,2024-07-15,10.867865,5.372958
2024,2024,Cordoba,2024-06-24,4,2024-07-22,8.1762905,5.482117
2024,2024,Cordoba,2024-07-01,1,2024-07-08,7.9223685,6.1554976
2024,2024,Cordoba,2024-07-01,2,2024-07-15,10.867865,5.970681
2024,2024,Cordoba,2024-07-01,3,2024-07-22,8.1762905,5.7000084
2024,2024,Cordoba,2024-07-01,4,2024-07-29,7.9223685,5.8271413
2024,2024,Cordoba,2024-07-08,1,2024-07-15,10.867865,6.8043017
2024,2024,Cordoba,2024-07-08,2,2024-07-22,8.1762905,6.563031
2024,2024,Cordoba,2024-07-08,3,2024-07-29,7.9223685,6.217112
2024,2024,Cordoba,2024-07-08,4,2024-08-05,7.059034,6.236167
2024,2024,Cordoba,2024-07-15,1,2024-07-22,8.1762905,7.0275955
2024,2024,Cordoba,2024-07-15,2,2024-07-29,7.9223685,6.944427
2024,2024,Cordoba,2024-07-15,3,2024-08-05,7.059034,6.578603
2024,2024,Cordoba,2024-07-15,4,2024-08-12,6.5004044,6.489706
2024,2024,Cordoba,2024-07-22,1,2024-07-29,7.9223685,8.423192
2024,2024,Cordoba,2024-07-22,2,2024-08-05,7.059034,8.308984
2024,2024,Cordoba,2024-07-22,3,2024-08-12,6.5004044,7.863568
2024,2024,Cordoba,2024-07-22,4,2024-08-19,7.2621713,7.732855
2024,2024,Cordoba,2024-07-29,1,2024-08-05,7.059034,7.7114334
2024,2024,Cordoba,2024-07-29,2,2024-08-12,6.5004044,7.653404
2024,2024,Cordoba,2024-07-29,3,2024-08-19,7.2621713,7.2355933
2024,2024,Cordoba,2024-07-29,4,2024-08-26,7.9223685,7.222852
2024,2024,Cordoba,2024-08-05,1,2024-08-12,6.5004044,7.3899527
2024,2024,Cordoba,2024-08-05,2,2024-08-19,7.2621713,7.392624
2024,2024,Cordoba,2024-08-05,3,2024-08-26,7.9223685,7.075914
2024,2024,Cordoba,2024-08-05,4,2024-09-02,6.1956987,7.06157
2024,2024,Cordoba,2024-08-12,1,2024-08-19,7.2621713,6.691559
2024,2024,Cordoba,2024-08-12,2,2024-08-26,7.9223685,6.7001038
2024,2024,Cordoba,2024-08-12,3,2024-09-02,6.1956987,6.413227
2024,2024,Cordoba,2024-08-12,4,2024-09-09,7.109819,6.3286276
2024,2024,Cordoba,2024-08-19,1,2024-08-26,7.9223685,6.2604055
2024,2024,Cordoba,2024-08-19,2,2024-09-02,6.1956987,6.2567205
2024,2024,Cordoba,2024-08-19,3,2024-09-09,7.109819,5.9509106
2024,2024,Cordoba,2024-08-19,4,2024-09-16,7.668447,5.8982663
2024,2024,Cordoba,2024-08-26,1,2024-09-02,6.1956987,6.32767
2024,2024,Cordoba,2024-08-26,2,2024-09-09,7.109819,6.396741
2024,2024,Cordoba,2024-08-26,3,2024-09-16,7.668447,6.054282
2024,2024,Cordoba,2024-08-26,4,2024-09-23,6.957465,6.0060263
2024,2024,Cordoba,2024-09-02,1,2024-09-09,7.109819,6.6929674
2024,2024,Cordoba,2024-09-02,2,2024-09-16,7.668447,6.6512146
2024,2024,Cordoba,2024-09-02,3,2024-09-23,6.957465,6.315383
2024,2024,Cordoba,2024-09-02,4,2024-09-30,6.8051114,6.324513
2024,2024,Cordoba,2024-09-09,1,2024-09-16,7.668447,6.08436
2024,2024,Cordoba,2024-09-09,2,2024-09-23,6.957465,6.036799
2024,2024,Cordoba,2024-09-09,3,2024-09-30,6.8051114,5.7633314
2024,2024,Cordoba,2024-09-09,4,2024-10-07,7.871585,5.859863
2024,2024,Cordoba,2024-09-16,1,2024-09-23,6.957465,6.5860744
2024,2024,Cordoba,2024-09-16,2,2024-09-30,6.8051114,6.4730053
2024,2024,Cordoba,2024-09-16,3,2024-10-07,7.871585,6.264635
2024,2024,Cordoba,2024-09-16,4,2024-10-14,8.988841,6.3750024
2024,2024,Cordoba,2024-09-23,1,2024-09-30,6.8051114,7.1803083
2024,2024,Cordoba,2024-09-23,2,2024-10-07,7.871585,7.099417
2024,2024,Cordoba,2024-09-23,3,2024-10-14,8.988841,6.8871126
2024,2024,Cordoba,2024-09-23,4,2024-10-21,8.785705,7.0263724
2024,2024,Cordoba,2024-09-30,1,2024-10-07,7.871585,6.9780364
2024,2024,Cordoba,2024-09-30,2,2024-10-14,8.988841,6.8622756
2024,2024,Cordoba,2024-09-30,3,2024-10-21,8.785705,6.6922665
2024,2024,Cordoba,2024-09-30,4,2024-10-28,8.836488,6.881156
2024,2024,Cordoba,2024-10-07,1,2024-10-14,8.988841,6.8095655
2024,2024,Cordoba,2024-10-07,2,2024-10-21,8.785705,6.7125955
2024,2024,Cordoba,2024-10-07,3,2024-10-28,8.836488,6.6067047
2024,2024,Cordoba,2024-10-07,4,2024-11-04,8.836488,6.814751
2024,2024,Cordoba,2024-10-14,1,2024-10-21,8.785705,7.326444
2024,2024,Cordoba,2024-10-14,2,2024-10-28,8.836488,7.2156587
2024,2024,Cordoba,2024-10-14,3,2024-11-04,8.836488,7.0465827
2024,2024,Cordoba,2024-10-14,4,2024-11-11,10.91865,7.240113
2024,2024,Cordoba,2024-10-21,1,2024-10-28,8.836488,8.140071
2024,2024,Cordoba,2024-10-21,2,2024-11-04,8.836488,8.043986
2024,2024,Cordoba,2024-10-21,3,2024-11-11,10.91865,7.813724
2024,2024,Cordoba,2024-10-21,4,2024-11-18,8.125506,8.059017
2024,2024,Cordoba,2024-10-28,1,2024-11-04,8.836488,8.491087
2024,2024,Cordoba,2024-10-28,2,2024-11-11,10.91865,8.466099
2024,2024,Cordoba,2024-10-28,3,2024-11-18,8.125506,8.280616
2024,2024,Cordoba,2024-10-28,4,2024-11-25,7.8208003,8.639738
2024,2024,Cordoba,2024-11-04,1,2024-11-11,10.91865,8.8299465
2024,2024,Cordoba,2024-11-04,2,2024-11-18,8.125506,8.772972
2024,2024,Cordoba,2024-11-04,3,2024-11-25,7.8208003,8.587971
2024,2024,Cordoba,2024-11-04,4,2024-12-02,9.445902,8.986891
2024,2024,Cordoba,2024-11-11,1,2024-11-18,8.125506,8.894325
2024,2024,Cordoba,2024-11-11,2,2024-11-25,7.8208003,8.846232
2024,2024,Cordoba,2024-11-11,3,2024-12-02,9.445902,8.636872
2024,2024,Cordoba,2024-11-11,4,2024-12-09,8.531783,8.976149
2024,2024,Cordoba,2024-11-18,1,2024-11-25,7.8208003,9.81577
2024,2024,Cordoba,2024-11-18,2,2024-12-02,9.445902,9.9119835
2024,2024,Cordoba,2024-11-18,3,2024-12-09,8.531783,9.671008
2024,2024,Cordoba,2024-11-18,4,2024-12-16,9.598255,9.984056
2024,2024,Cundinamarca,2024-04-15,1,2024-04-22,11.204146,11.813227
2024,2024,Cundinamarca,2024-04-15,2,2024-04-29,8.951766,13.176756
2024,2024,Cundinamarca,2024-04-15,3,2024-05-06,9.182779,13.352764
2024,2024,Cundinamarca,2024-04-15,4,2024-05-13,8.836258,13.334349
2024,2024,Cundinamarca,2024-04-22,1,2024-04-29,8.951766,11.109811
2024,2024,Cundinamarca,2024-04-22,2,2024-05-06,9.182779,11.964976
2024,2024,Cundinamarca,2024-04-22,3,2024-05-13,8.836258,12.151728
2024,2024,Cundinamarca,2024-04-22,4,2024-05-20,10.077954,12.297162
2024,2024,Cundinamarca,2024-04-29,1,2024-05-06,9.182779,10.132311
2024,2024,Cundinamarca,2024-04-29,2,2024-05-13,8.836258,10.917078
2024,2024,Cundinamarca,2024-04-29,3,2024-05-20,10.077954,11.236997
2024,2024,Cundinamarca,2024-04-29,4,2024-05-27,10.020203,11.419426
2024,2024,Cundinamarca,2024-05-06,1,2024-05-13,8.836258,8.932301
2024,2024,Cundinamarca,2024-05-06,2,2024-05-20,10.077954,9.49062
2024,2024,Cundinamarca,2024-05-06,3,2024-05-27,10.020203,9.771469
2024,2024,Cundinamarca,2024-05-06,4,2024-06-03,8.92289,9.947906
2024,2024,Cundinamarca,2024-05-13,1,2024-05-20,10.077954,9.118437
2024,2024,Cundinamarca,2024-05-13,2,2024-05-27,10.020203,9.513232
2024,2024,Cundinamarca,2024-05-13,3,2024-06-03,8.92289,9.716406
2024,2024,Cundinamarca,2024-05-13,4,2024-06-10,10.655488,9.88942
2024,2024,Cundinamarca,2024-05-20,1,2024-05-27,10.020203,9.001448
2024,2024,Cundinamarca,2024-05-20,2,2024-06-03,8.92289,9.306723
2024,2024,Cundinamarca,2024-05-20,3,2024-06-10,10.655488,9.337322
2024,2024,Cundinamarca,2024-05-20,4,2024-06-17,9.125025,9.311887
2024,2024,Cundinamarca,2024-05-27,1,2024-06-03,8.92289,9.054561
2024,2024,Cundinamarca,2024-05-27,2,2024-06-10,10.655488,9.547457
2024,2024,Cundinamarca,2024-05-27,3,2024-06-17,9.125025,9.386315
2024,2024,Cundinamarca,2024-05-27,4,2024-06-24,8.31648,9.299024
2024,2024,Cundinamarca,2024-06-03,1,2024-06-10,10.655488,8.83797
2024,2024,Cundinamarca,2024-06-03,2,2024-06-17,9.125025,9.280975
2024,2024,Cundinamarca,2024-06-03,3,2024-06-24,8.31648,9.021704
2024,2024,Cundinamarca,2024-06-03,4,2024-07-01,7.1902885,8.773508
2024,2024,Cundinamarca,2024-06-10,1,2024-06-17,9.125025,8.503377
2024,2024,Cundinamarca,2024-06-10,2,2024-06-24,8.31648,8.627955
2024,2024,Cundinamarca,2024-06-10,3,2024-07-01,7.1902885,8.364571
2024,2024,Cundinamarca,2024-06-10,4,2024-07-08,9.558175,8.116978
2024,2024,Cundinamarca,2024-06-17,1,2024-06-24,8.31648,8.990249
2024,2024,Cundinamarca,2024-06-17,2,2024-07-01,7.1902885,9.120917
2024,2024,Cundinamarca,2024-06-17,3,2024-07-08,9.558175,8.887643
2024,2024,Cundinamarca,2024-06-17,4,2024-07-15,8.691875,8.64857
2024,2024,Cundinamarca,2024-06-24,1,2024-07-01,7.1902885,8.583281
2024,2024,Cundinamarca,2024-06-24,2,2024-07-08,9.558175,8.641844
2024,2024,Cundinamarca,2024-06-24,3,2024-07-15,8.691875,8.4526825
2024,2024,Cundinamarca,2024-06-24,4,2024-07-22,8.691875,8.285195
2024,2024,Cundinamarca,2024-07-01,1,2024-07-08,9.558175,7.8695736
2024,2024,Cundinamarca,2024-07-01,2,2024-07-15,8.691875,7.7004657
2024,2024,Cundinamarca,2024-07-01,3,2024-07-22,8.691875,7.592151
2024,2024,Cundinamarca,2024-07-01,4,2024-07-29,8.114344,7.5299625
2024,2024,Cundinamarca,2024-07-08,1,2024-07-15,8.691875,7.2115364
2024,2024,Cundinamarca,2024-07-08,2,2024-07-22,8.691875,6.8762345
2024,2024,Cundinamarca,2024-07-08,3,2024-07-29,8.114344,6.7099996
2024,2024,Cundinamarca,2024-07-08,4,2024-08-05,7.01703,6.512879
2024,2024,Cundinamarca,2024-07-15,1,2024-07-22,8.691875,7.695074
2024,2024,Cundinamarca,2024-07-15,2,2024-07-29,8.114344,7.643985
2024,2024,Cundinamarca,2024-07-15,3,2024-08-05,7.01703,7.339278
2024,2024,Cundinamarca,2024-07-15,4,2024-08-12,6.84377,7.064212
2024,2024,Cundinamarca,2024-07-22,1,2024-07-29,8.114344,7.5148187
2024,2024,Cundinamarca,2024-07-22,2,2024-08-05,7.01703,7.5615187
2024,2024,Cundinamarca,2024-07-22,3,2024-08-12,6.84377,7.222233
2024,2024,Cundinamarca,2024-07-22,4,2024-08-19,6.006346,6.867228
2024,2024,Cundinamarca,2024-07-29,1,2024-08-05,7.01703,7.534507
2024,2024,Cundinamarca,2024-07-29,2,2024-08-12,6.84377,7.6308565
2024,2024,Cundinamarca,2024-07-29,3,2024-08-19,6.006346,7.2857485
2024,2024,Cundinamarca,2024-07-29,4,2024-08-26,6.7571387,6.9500675
2024,2024,Cundinamarca,2024-08-05,1,2024-08-12,6.84377,6.969664
2024,2024,Cundinamarca,2024-08-05,2,2024-08-19,6.006346,7.113126
2024,2024,Cundinamarca,2024-08-05,3,2024-08-26,6.7571387,6.7819777
2024,2024,Cundinamarca,2024-08-05,4,2024-09-02,6.583879,6.3708186
2024,2024,Cundinamarca,2024-08-12,1,2024-08-19,6.006346,6.312865
2024,2024,Cundinamarca,2024-08-12,2,2024-08-26,6.7571387,6.195789
2024,2024,Cundinamarca,2024-08-12,3,2024-09-02,6.583879,5.98077
2024,2024,Cundinamarca,2024-08-12,4,2024-09-09,5.9774694,5.6648707
2024,2024,Cundinamarca,2024-08-19,1,2024-08-26,6.7571387,5.9073887
2024,2024,Cundinamarca,2024-08-19,2,2024-09-02,6.583879,5.881059
2024,2024,Cundinamarca,2024-08-19,3,2024-09-09,5.9774694,5.6671333
2024,2024,Cundinamarca,2024-08-19,4,2024-09-16,5.9485927,5.2535977
2024,2024,Cundinamarca,2024-08-26,1,2024-09-02,6.583879,5.250892
2024,2024,Cundinamarca,2024-08-26,2,2024-09-09,5.9774694,5.166846
2024,2024,Cundinamarca,2024-08-26,3,2024-09-16,5.9485927,5.0470004
2024,2024,Cundinamarca,2024-08-26,4,2024-09-23,5.053416,4.6660104
2024,2024,Cundinamarca,2024-09-02,1,2024-09-09,5.9774694,5.548933
2024,2024,Cundinamarca,2024-09-02,2,2024-09-16,5.9485927,5.3486886
2024,2024,Cundinamarca,2024-09-02,3,2024-09-23,5.053416,5.215081
2024,2024,Cundinamarca,2024-09-02,4,2024-09-30,5.544319,4.925013
2024,2024,Cundinamarca,2024-09-09,1,2024-09-16,5.9485927,5.4083967
2024,2024,Cundinamarca,2024-09-09,2,2024-09-23,5.053416,5.276861
2024,2024,Cundinamarca,2024-09-09,3,2024-09-30,5.544319,5.142999
2024,2024,Cundinamarca,2024-09-09,4,2024-10-07,4.4181294,4.8875055
2024,2024,Cundinamarca,2024-09-16,1,2024-09-23,5.053416,5.2524567
2024,2024,Cundinamarca,2024-09-16,2,2024-09-30,5.544319,5.0841737
2024,2024,Cundinamarca,2024-09-16,3,2024-10-07,4.4181294,4.9856114
2024,2024,Cundinamarca,2024-09-16,4,2024-10-14,5.024539,4.798907
2024,2024,Cundinamarca,2024-09-23,1,2024-09-30,5.544319,5.0510383
2024,2024,Cundinamarca,2024-09-23,2,2024-10-07,4.4181294,5.058311
2024,2024,Cundinamarca,2024-09-23,3,2024-10-14,5.024539,5.017922
2024,2024,Cundinamarca,2024-09-23,4,2024-10-21,6.092976,4.8998103
2024,2024,Cundinamarca,2024-09-30,1,2024-10-07,4.4181294,4.542731
2024,2024,Cundinamarca,2024-09-30,2,2024-10-14,5.024539,4.507183
2024,2024,Cundinamarca,2024-09-30,3,2024-10-21,6.092976,4.558125
2024,2024,Cundinamarca,2024-09-30,4,2024-10-28,5.1689224,4.54901
2024,2024,Cundinamarca,2024-10-07,1,2024-10-14,5.024539,4.466236
2024,2024,Cundinamarca,2024-10-07,2,2024-10-21,6.092976,4.5219183
2024,2024,Cundinamarca,2024-10-07,3,2024-10-28,5.1689224,4.618328
2024,2024,Cundinamarca,2024-10-07,4,2024-11-04,5.544319,4.627714
2024,2024,Cundinamarca,2024-10-14,1,2024-10-21,6.092976,4.3009095
2024,2024,Cundinamarca,2024-10-14,2,2024-10-28,5.1689224,4.2982187
2024,2024,Cundinamarca,2024-10-14,3,2024-11-04,5.544319,4.418849
2024,2024,Cundinamarca,2024-10-14,4,2024-11-11,6.006346,4.440786
2024,2024,Cundinamarca,2024-10-21,1,2024-10-28,5.1689224,4.445689
2024,2024,Cundinamarca,2024-10-21,2,2024-11-04,5.544319,4.5472345
2024,2024,Cundinamarca,2024-10-21,3,2024-11-11,6.006346,4.670781
2024,2024,Cundinamarca,2024-10-21,4,2024-11-18,4.0716095,4.746208
2024,2024,Cundinamarca,2024-10-28,1,2024-11-04,5.544319,5.2501016
2024,2024,Cundinamarca,2024-10-28,2,2024-11-11,6.006346,5.454444
2024,2024,Cundinamarca,2024-10-28,3,2024-11-18,4.0716095,5.546894
2024,2024,Cundinamarca,2024-10-28,4,2024-11-25,4.7357726,5.613671
2024,2024,Cundinamarca,2024-11-04,1,2024-11-11,6.006346,4.736697
2024,2024,Cundinamarca,2024-11-04,2,2024-11-18,4.0716095,5.033891
2024,2024,Cundinamarca,2024-11-04,3,2024-11-25,4.7357726,5.202549
2024,2024,Cundinamarca,2024-11-04,4,2024-12-02,4.1293626,5.3580966
2024,2024,Cundinamarca,2024-11-11,1,2024-11-18,4.0716095,5.113478
2024,2024,Cundinamarca,2024-11-11,2,2024-11-25,4.7357726,5.39445
2024,2024,Cundinamarca,2024-11-11,3,2024-12-02,4.1293626,5.5893803
2024,2024,Cundinamarca,2024-11-11,4,2024-12-09,4.995663,5.8125596
2024,2024,Cundinamarca,2024-11-18,1,2024-11-25,4.7357726,5.7255783
2024,2024,Cundinamarca,2024-11-18,2,2024-12-02,4.1293626,6.153709
2024,2024,Cundinamarca,2024-11-18,3,2024-12-09,4.995663,6.3906226
2024,2024,Cundinamarca,2024-11-18,4,2024-12-16,5.342182,6.7149496
2024,2024,Guainia,2024-04-15,1,2024-04-22,13.736264,1.9905272
2024,2024,Guainia,2024-04-15,2,2024-04-29,18.887362,2.1486118
2024,2024,Guainia,2024-04-15,3,2024-05-06,30.906593,2.1790025
2024,2024,Guainia,2024-04-15,4,2024-05-13,22.321428,2.2344477
2024,2024,Guainia,2024-04-22,1,2024-04-29,18.887362,2.4958212
2024,2024,Guainia,2024-04-22,2,2024-05-06,30.906593,2.5764616
2024,2024,Guainia,2024-04-22,3,2024-05-13,22.321428,2.6134925
2024,2024,Guainia,2024-04-22,4,2024-05-20,27.472527,2.622711
2024,2024,Guainia,2024-04-29,1,2024-05-06,30.906593,5.444439
2024,2024,Guainia,2024-04-29,2,2024-05-13,22.321428,5.562533
2024,2024,Guainia,2024-04-29,3,2024-05-20,27.472527,5.558172
2024,2024,Guainia,2024-04-29,4,2024-05-27,10.3021965,5.3970466
2024,2024,Guainia,2024-05-06,1,2024-05-13,22.321428,8.23752
2024,2024,Guainia,2024-05-06,2,2024-05-20,27.472527,8.013251
2024,2024,Guainia,2024-05-06,3,2024-05-27,10.3021965,7.9797306
2024,2024,Guainia,2024-05-06,4,2024-06-03,25.755493,8.000661
2024,2024,Guainia,2024-05-13,1,2024-05-20,27.472527,13.106088
2024,2024,Guainia,2024-05-13,2,2024-05-27,10.3021965,11.811125
2024,2024,Guainia,2024-05-13,3,2024-06-03,25.755493,12.141133
2024,2024,Guainia,2024-05-13,4,2024-06-10,6.868132,11.642224
2024,2024,Guainia,2024-05-20,1,2024-05-27,10.3021965,14.268061
2024,2024,Guainia,2024-05-20,2,2024-06-03,25.755493,12.578587
2024,2024,Guainia,2024-05-20,3,2024-06-10,6.868132,12.87525
2024,2024,Guainia,2024-05-20,4,2024-06-17,25.755493,12.761292
2024,2024,Guainia,2024-05-27,1,2024-06-03,25.755493,16.264215
2024,2024,Guainia,2024-05-27,2,2024-06-10,6.868132,15.353749
2024,2024,Guainia,2024-05-27,3,2024-06-17,25.755493,15.916553
2024,2024,Guainia,2024-05-27,4,2024-06-24,17.17033,16.073784
2024,2024,Guainia,2024-06-03,1,2024-06-10,6.868132,8.673894
2024,2024,Guainia,2024-06-03,2,2024-06-17,25.755493,8.558119
2024,2024,Guainia,2024-06-03,3,2024-06-24,17.17033,8.340738
2024,2024,Guainia,2024-06-03,4,2024-07-01,18.887362,8.148022
2024,2024,Guainia,2024-06-10,1,2024-06-17,25.755493,14.031451
2024,2024,Guainia,2024-06-10,2,2024-06-24,17.17033,14.50143
2024,2024,Guainia,2024-06-10,3,2024-07-01,18.887362,14.508272
2024,2024,Guainia,2024-06-10,4,2024-07-08,20.604395,13.994115
2024,2024,Guainia,2024-06-17,1,2024-06-24,17.17033,6.8125043
2024,2024,Guainia,2024-06-17,2,2024-07-01,18.887362,7.170245
2024,2024,Guainia,2024-06-17,3,2024-07-08,20.604395,6.596297
2024,2024,Guainia,2024-06-17,4,2024-07-15,18.887362,5.9504576
2024,2024,Guainia,2024-06-24,1,2024-07-01,18.887362,12.505406
2024,2024,Guainia,2024-06-24,2,2024-07-08,20.604395,13.221564
2024,2024,Guainia,2024-06-24,3,2024-07-15,18.887362,12.907873
2024,2024,Guainia,2024-06-24,4,2024-07-22,13.736264,11.960655
2024,2024,Guainia,2024-07-01,1,2024-07-08,20.604395,10.703844
2024,2024,Guainia,2024-07-01,2,2024-07-15,18.887362,11.6993475
2024,2024,Guainia,2024-07-01,3,2024-07-22,13.736264,10.345761
2024,2024,Guainia,2024-07-01,4,2024-07-29,10.3021965,8.848348
2024,2024,Guainia,2024-07-08,1,2024-07-15,18.887362,12.840842
2024,2024,Guainia,2024-07-08,2,2024-07-22,13.736264,12.97226
2024,2024,Guainia,2024-07-08,3,2024-07-29,10.3021965,12.002603
2024,2024,Guainia,2024-07-08,4,2024-08-05,18.887362,11.408685
2024,2024,Guainia,2024-07-15,1,2024-07-22,13.736264,14.126625
2024,2024,Guainia,2024-07-15,2,2024-07-29,10.3021965,14.126344
2024,2024,Guainia,2024-07-15,3,2024-08-05,18.887362,13.113603
2024,2024,Guainia,2024-07-15,4,2024-08-12,8.585164,11.993451
2024,2024,Guainia,2024-07-22,1,2024-07-29,10.3021965,14.09612
2024,2024,Guainia,2024-07-22,2,2024-08-05,18.887362,13.4970255
2024,2024,Guainia,2024-07-22,3,2024-08-12,8.585164,13.116029
2024,2024,Guainia,2024-07-22,4,2024-08-19,6.868132,12.217479
2024,2024,Guainia,2024-07-29,1,2024-08-05,18.887362,10.521634
2024,2024,Guainia,2024-07-29,2,2024-08-12,8.585164,9.072409
2024,2024,Guainia,2024-07-29,3,2024-08-19,6.868132,8.838932
2024,2024,Guainia,2024-07-29,4,2024-08-26,0.0,8.225437
2024,2024,Guainia,2024-08-05,1,2024-08-12,8.585164,9.133828
2024,2024,Guainia,2024-08-05,2,2024-08-19,6.868132,7.7419143
2024,2024,Guainia,2024-08-05,3,2024-08-26,0.0,7.7392864
2024,2024,Guainia,2024-08-05,4,2024-09-02,1.7170329,7.3523355
2024,2024,Guainia,2024-08-12,1,2024-08-19,6.868132,10.066941
2024,2024,Guainia,2024-08-12,2,2024-08-26,0.0,9.456111
2024,2024,Guainia,2024-08-12,3,2024-09-02,1.7170329,9.689867
2024,2024,Guainia,2024-08-12,4,2024-09-09,17.17033,9.363245
2024,2024,Guainia,2024-08-19,1,2024-08-26,0.0,8.370368
2024,2024,Guainia,2024-08-19,2,2024-09-02,1.7170329,7.636783
2024,2024,Guainia,2024-08-19,3,2024-09-09,17.17033,7.6056776
2024,2024,Guainia,2024-08-19,4,2024-09-16,1.7170329,7.3763137
2024,2024,Guainia,2024-08-26,1,2024-09-02,1.7170329,5.968032
2024,2024,Guainia,2024-08-26,2,2024-09-09,17.17033,5.292669
2024,2024,Guainia,2024-08-26,3,2024-09-16,1.7170329,5.4545116
2024,2024,Guainia,2024-08-26,4,2024-09-23,3.4340658,5.384687
2024,2024,Guainia,2024-09-02,1,2024-09-09,17.17033,2.967735
2024,2024,Guainia,2024-09-02,2,2024-09-16,1.7170329,2.632229
2024,2024,Guainia,2024-09-02,3,2024-09-23,3.4340658,2.5469544
2024,2024,Guainia,2024-09-02,4,2024-09-30,18.887362,2.3672197
2024,2024,Guainia,2024-09-09,1,2024-09-16,1.7170329,2.8203628
2024,2024,Guainia,2024-09-09,2,2024-09-23,3.4340658,2.571194
2024,2024,Guainia,2024-09-09,3,2024-09-30,18.887362,2.6264946
2024,2024,Guainia,2024-09-09,4,2024-10-07,12.01923,2.6965308
2024,2024,Guainia,2024-09-16,1,2024-09-23,3.4340658,6.542654
2024,2024,Guainia,2024-09-16,2,2024-09-30,18.887362,6.4788213
2024,2024,Guainia,2024-09-16,3,2024-10-07,12.01923,6.483741
2024,2024,Guainia,2024-09-16,4,2024-10-14,20.604395,6.2790422
2024,2024,Guainia,2024-09-23,1,2024-09-30,18.887362,3.954154
2024,2024,Guainia,2024-09-23,2,2024-10-07,12.01923,3.8473444
2024,2024,Guainia,2024-09-23,3,2024-10-14,20.604395,3.7745407
2024,2024,Guainia,2024-09-23,4,2024-10-21,12.01923,3.7695618
2024,2024,Guainia,2024-09-30,1,2024-10-07,12.01923,3.607367
2024,2024,Guainia,2024-09-30,2,2024-10-14,20.604395,3.910413
2024,2024,Guainia,2024-09-30,3,2024-10-21,12.01923,3.7389126
2024,2024,Guainia,2024-09-30,4,2024-10-28,10.3021965,3.6624532
2024,2024,Guainia,2024-10-07,1,2024-10-14,20.604395,6.938033
2024,2024,Guainia,2024-10-07,2,2024-10-21,12.01923,6.82289
2024,2024,Guainia,2024-10-07,3,2024-10-28,10.3021965,6.4384756
2024,2024,Guainia,2024-10-07,4,2024-11-04,5.1510987,6.2139277
2024,2024,Guainia,2024-10-14,1,2024-10-21,12.01923,6.9013057
2024,2024,Guainia,2024-10-14,2,2024-10-28,10.3021965,6.4677153
2024,2024,Guainia,2024-10-14,3,2024-11-04,5.1510987,6.352876
2024,2024,Guainia,2024-10-14,4,2024-11-11,0.0,6.7105327
2024,2024,Guainia,2024-10-21,1,2024-10-28,10.3021965,7.3331966
2024,2024,Guainia,2024-10-21,2,2024-11-04,5.1510987,6.418878
2024,2024,Guainia,2024-10-21,3,2024-11-11,0.0,6.1549587
2024,2024,Guainia,2024-10-21,4,2024-11-18,0.0,6.675914
2024,2024,Guainia,2024-10-28,1,2024-11-04,5.1510987,7.5165343
2024,2024,Guainia,2024-10-28,2,2024-11-11,0.0,6.4167843
2024,2024,Guainia,2024-10-28,3,2024-11-18,0.0,6.5494456
2024,2024,Guainia,2024-10-28,4,2024-11-25,0.0,7.1662235
2024,2024,Guainia,2024-11-04,1,2024-11-11,0.0,6.7431602
2024,2024,Guainia,2024-11-04,2,2024-11-18,0.0,6.111578
2024,2024,Guainia,2024-11-04,3,2024-11-25,0.0,5.7600927
2024,2024,Guainia,2024-11-04,4,2024-12-02,0.0,6.0225105
2024,2024,Guainia,2024-11-11,1,2024-11-18,0.0,5.1936293
2024,2024,Guainia,2024-11-11,2,2024-11-25,0.0,4.612005
2024,2024,Guainia,2024-11-11,3,2024-12-02,0.0,4.5839815
2024,2024,Guainia,2024-11-11,4,2024-12-09,0.0,4.867979
2024,2024,Guainia,2024-11-18,1,2024-11-25,0.0,3.0406015
2024,2024,Guainia,2024-11-18,2,2024-12-02,0.0,2.7905624
2024,2024,Guainia,2024-11-18,3,2024-12-09,0.0,2.8322952
2024,2024,Guainia,2024-11-18,4,2024-12-16,1.7170329,2.9687119
2024,2024,Guajira,2024-04-15,1,2024-04-22,1.0497595,2.4561465
2024,2024,Guajira,2024-04-15,2,2024-04-29,1.6223556,2.4084656
2024,2024,Guajira,2024-04-15,3,2024-05-06,1.6223556,2.4668622
2024,2024,Guajira,2024-04-15,4,2024-05-13,1.3360577,2.3395875
2024,2024,Guajira,2024-04-22,1,2024-04-29,1.6223556,2.5177848
2024,2024,Guajira,2024-04-22,2,2024-05-06,1.6223556,2.4821565
2024,2024,Guajira,2024-04-22,3,2024-05-13,1.3360577,2.5598903
2024,2024,Guajira,2024-04-22,4,2024-05-20,1.2406249,2.444052
2024,2024,Guajira,2024-04-29,1,2024-05-06,1.6223556,1.7549357
2024,2024,Guajira,2024-04-29,2,2024-05-13,1.3360577,1.7572652
2024,2024,Guajira,2024-04-29,3,2024-05-20,1.2406249,1.7953774
2024,2024,Guajira,2024-04-29,4,2024-05-27,2.2903843,1.7151394
2024,2024,Guajira,2024-05-06,1,2024-05-13,1.3360577,1.7701339
2024,2024,Guajira,2024-05-06,2,2024-05-20,1.2406249,1.7700436
2024,2024,Guajira,2024-05-06,3,2024-05-27,2.2903843,1.8565141
2024,2024,Guajira,2024-05-06,4,2024-06-03,1.4314903,1.8599585
2024,2024,Guajira,2024-05-13,1,2024-05-20,1.2406249,1.8771511
2024,2024,Guajira,2024-05-13,2,2024-05-27,2.2903843,1.8854928
2024,2024,Guajira,2024-05-13,3,2024-06-03,1.4314903,1.9805231
2024,2024,Guajira,2024-05-13,4,2024-06-10,1.4314903,2.0108957
2024,2024,Guajira,2024-05-20,1,2024-05-27,2.2903843,1.8197619
2024,2024,Guajira,2024-05-20,2,2024-06-03,1.4314903,1.8625467
2024,2024,Guajira,2024-05-20,3,2024-06-10,1.4314903,1.9679761
2024,2024,Guajira,2024-05-20,4,2024-06-17,2.6721153,2.0238671
2024,2024,Guajira,2024-05-27,1,2024-06-03,1.4314903,1.8727348
2024,2024,Guajira,2024-05-27,2,2024-06-10,1.4314903,1.9190729
2024,2024,Guajira,2024-05-27,3,2024-06-17,2.6721153,2.0180826
2024,2024,Guajira,2024-05-27,4,2024-06-24,1.8132211,2.110024
2024,2024,Guajira,2024-06-03,1,2024-06-10,1.4314903,2.250061
2024,2024,Guajira,2024-06-03,2,2024-06-17,2.6721153,2.3026736
2024,2024,Guajira,2024-06-03,3,2024-06-24,1.8132211,2.4434888
2024,2024,Guajira,2024-06-03,4,2024-07-01,1.9086539,2.5529828
2024,2024,Guajira,2024-06-10,1,2024-06-17,2.6721153,2.083888
2024,2024,Guajira,2024-06-10,2,2024-06-24,1.8132211,2.1436024
2024,2024,Guajira,2024-06-10,3,2024-07-01,1.9086539,2.2556615
2024,2024,Guajira,2024-06-10,4,2024-07-08,2.1949518,2.3445215
2024,2024,Guajira,2024-06-17,1,2024-06-24,1.8132211,2.0451682
2024,2024,Guajira,2024-06-17,2,2024-07-01,1.9086539,2.0538402
2024,2024,Guajira,2024-06-17,3,2024-07-08,2.1949518,2.172078
2024,2024,Guajira,2024-06-17,4,2024-07-15,2.6721153,2.2557435
2024,2024,Guajira,2024-06-24,1,2024-07-01,1.9086539,2.5156872
2024,2024,Guajira,2024-06-24,2,2024-07-08,2.1949518,2.5691366
2024,2024,Guajira,2024-06-24,3,2024-07-15,2.6721153,2.728018
2024,2024,Guajira,2024-06-24,4,2024-07-22,2.9584134,2.7963648
2024,2024,Guajira,2024-07-01,1,2024-07-08,2.1949518,2.3942428
2024,2024,Guajira,2024-07-01,2,2024-07-15,2.6721153,2.4415903
2024,2024,Guajira,2024-07-01,3,2024-07-22,2.9584134,2.6147006
2024,2024,Guajira,2024-07-01,4,2024-07-29,2.1949518,2.6994932
2024,2024,Guajira,2024-07-08,1,2024-07-15,2.6721153,2.4724994
2024,2024,Guajira,2024-07-08,2,2024-07-22,2.9584134,2.553947
2024,2024,Guajira,2024-07-08,3,2024-07-29,2.1949518,2.7199912
2024,2024,Guajira,2024-07-08,4,2024-08-05,2.6721153,2.7831414
2024,2024,Guajira,2024-07-15,1,2024-07-22,2.9584134,2.5571766
2024,2024,Guajira,2024-07-15,2,2024-07-29,2.1949518,2.6964955
2024,2024,Guajira,2024-07-15,3,2024-08-05,2.6721153,2.884386
2024,2024,Guajira,2024-07-15,4,2024-08-12,2.099519,2.9005609
2024,2024,Guajira,2024-07-22,1,2024-07-29,2.1949518,2.7931914
2024,2024,Guajira,2024-07-22,2,2024-08-05,2.6721153,2.927118
2024,2024,Guajira,2024-07-22,3,2024-08-12,2.099519,3.1150978
2024,2024,Guajira,2024-07-22,4,2024-08-19,2.0040865,3.114875
2024,2024,Guajira,2024-07-29,1,2024-08-05,2.6721153,3.065393
2024,2024,Guajira,2024-07-29,2,2024-08-12,2.099519,3.2355282
2024,2024,Guajira,2024-07-29,3,2024-08-19,2.0040865,3.4476829
2024,2024,Guajira,2024-07-29,4,2024-08-26,2.0040865,3.4735928
2024,2024,Guajira,2024-08-05,1,2024-08-12,2.099519,2.7935138
2024,2024,Guajira,2024-08-05,2,2024-08-19,2.0040865,2.9952826
2024,2024,Guajira,2024-08-05,3,2024-08-26,2.0040865,3.1893108
2024,2024,Guajira,2024-08-05,4,2024-09-02,1.1451923,3.2195158
2024,2024,Guajira,2024-08-12,1,2024-08-19,2.0040865,2.907192
2024,2024,Guajira,2024-08-12,2,2024-08-26,2.0040865,3.104696
2024,2024,Guajira,2024-08-12,3,2024-09-02,1.1451923,3.327008
2024,2024,Guajira,2024-08-12,4,2024-09-09,0.47716346,3.3601782
2024,2024,Guajira,2024-08-19,1,2024-08-26,2.0040865,2.6679294
2024,2024,Guajira,2024-08-19,2,2024-09-02,1.1451923,2.8629274
2024,2024,Guajira,2024-08-19,3,2024-09-09,0.47716346,3.0260894
2024,2024,Guajira,2024-08-19,4,2024-09-16,0.9543268,3.0321107
2024,2024,Guajira,2024-08-26,1,2024-09-02,1.1451923,2.4818678
2024,2024,Guajira,2024-08-26,2,2024-09-09,0.47716346,2.6791213
2024,2024,Guajira,2024-08-26,3,2024-09-16,0.9543268,2.8395784
2024,2024,Guajira,2024-08-26,4,2024-09-23,1.5269231,2.882489
2024,2024,Guajira,2024-09-02,1,2024-09-09,0.47716346,2.362947
2024,2024,Guajira,2024-09-02,2,2024-09-16,0.9543268,2.5712318
2024,2024,Guajira,2024-09-02,3,2024-09-23,1.5269231,2.7332387
2024,2024,Guajira,2024-09-02,4,2024-09-30,0.9543268,2.8017352
2024,2024,Guajira,2024-09-09,1,2024-09-16,0.9543268,1.8689966
2024,2024,Guajira,2024-09-09,2,2024-09-23,1.5269231,2.0675282
2024,2024,Guajira,2024-09-09,3,2024-09-30,0.9543268,2.2024808
2024,2024,Guajira,2024-09-09,4,2024-10-07,2.099519,2.3139355
2024,2024,Guajira,2024-09-16,1,2024-09-23,1.5269231,1.4123763
2024,2024,Guajira,2024-09-16,2,2024-09-30,0.9543268,1.6125518
2024,2024,Guajira,2024-09-16,3,2024-10-07,2.099519,1.6939582
2024,2024,Guajira,2024-09-16,4,2024-10-14,2.0040865,1.7521574
2024,2024,Guajira,2024-09-23,1,2024-09-30,0.9543268,1.3804437
2024,2024,Guajira,2024-09-23,2,2024-10-07,2.099519,1.6150281
2024,2024,Guajira,2024-09-23,3,2024-10-14,2.0040865,1.6981559
2024,2024,Guajira,2024-09-23,4,2024-10-21,2.3858173,1.7912742
2024,2024,Guajira,2024-09-30,1,2024-10-07,2.099519,1.621884
2024,2024,Guajira,2024-09-30,2,2024-10-14,2.0040865,1.8249382
2024,2024,Guajira,2024-09-30,3,2024-10-21,2.3858173,1.9136598
2024,2024,Guajira,2024-09-30,4,2024-10-28,2.5766828,2.0382183
2024,2024,Guajira,2024-10-07,1,2024-10-14,2.0040865,1.4897354
2024,2024,Guajira,2024-10-07,2,2024-10-21,2.3858173,1.6591737
2024,2024,Guajira,2024-10-07,3,2024-10-28,2.5766828,1.7512977
2024,2024,Guajira,2024-10-07,4,2024-11-04,4.580769,1.9017446
2024,2024,Guajira,2024-10-14,1,2024-10-21,2.3858173,2.0388005
2024,2024,Guajira,2024-10-14,2,2024-10-28,2.5766828,2.1994298
2024,2024,Guajira,2024-10-14,3,2024-11-04,4.580769,2.293032
2024,2024,Guajira,2024-10-14,4,2024-11-11,2.7675478,2.4678888
2024,2024,Guajira,2024-10-21,1,2024-10-28,2.5766828,2.2898662
2024,2024,Guajira,2024-10-21,2,2024-11-04,4.580769,2.4596047
2024,2024,Guajira,2024-10-21,3,2024-11-11,2.7675478,2.5210128
2024,2024,Guajira,2024-10-21,4,2024-11-18,4.3899035,2.6777
2024,2024,Guajira,2024-10-28,1,2024-11-04,4.580769,2.6331224
2024,2024,Guajira,2024-10-28,2,2024-11-11,2.7675478,2.7595525
2024,2024,Guajira,2024-10-28,3,2024-11-18,4.3899035,2.8041697
2024,2024,Guajira,2024-10-28,4,2024-11-25,4.7716346,2.967187
2024,2024,Guajira,2024-11-04,1,2024-11-11,2.7675478,2.795686
2024,2024,Guajira,2024-11-04,2,2024-11-18,4.3899035,2.9409852
2024,2024,Guajira,2024-11-04,3,2024-11-25,4.7716346,2.9910402
2024,2024,Guajira,2024-11-04,4,2024-12-02,5.153365,3.2042382
2024,2024,Guajira,2024-11-11,1,2024-11-18,4.3899035,3.7793446
2024,2024,Guajira,2024-11-11,2,2024-11-25,4.7716346,3.9172509
2024,2024,Guajira,2024-11-11,3,2024-12-02,5.153365,3.9885163
2024,2024,Guajira,2024-11-11,4,2024-12-09,10.0204315,4.2641773
2024,2024,Guajira,2024-11-18,1,2024-11-25,4.7716346,3.5311546
2024,2024,Guajira,2024-11-18,2,2024-12-02,5.153365,3.6473026
2024,2024,Guajira,2024-11-18,3,2024-12-09,10.0204315,3.7072668
2024,2024,Guajira,2024-11-18,4,2024-12-16,10.783895,3.9610722
2024,2024,Guaviare,2024-04-15,1,2024-04-22,22.47191,12.905977
2024,2024,Guaviare,2024-04-15,2,2024-04-29,36.664692,13.343915
2024,2024,Guaviare,2024-04-15,3,2024-05-06,14.192785,12.866014
2024,2024,Guaviare,2024-04-15,4,2024-05-13,23.65464,12.09478
2024,2024,Guaviare,2024-04-22,1,2024-04-29,36.664692,14.998695
2024,2024,Guaviare,2024-04-22,2,2024-05-06,14.192785,14.988343
2024,2024,Guaviare,2024-04-22,3,2024-05-13,23.65464,14.890324
2024,2024,Guaviare,2024-04-22,4,2024-05-20,24.837372,14.389361
2024,2024,Guaviare,2024-04-29,1,2024-05-06,14.192785,16.289333
2024,2024,Guaviare,2024-04-29,2,2024-05-13,23.65464,16.81064
2024,2024,Guaviare,2024-04-29,3,2024-05-20,24.837372,16.646687
2024,2024,Guaviare,2024-04-29,4,2024-05-27,16.558249,15.709487
2024,2024,Guaviare,2024-05-06,1,2024-05-13,23.65464,22.229282
2024,2024,Guaviare,2024-05-06,2,2024-05-20,24.837372,24.09725
2024,2024,Guaviare,2024-05-06,3,2024-05-27,16.558249,24.500128
2024,2024,Guaviare,2024-05-06,4,2024-06-03,16.558249,22.912727
2024,2024,Guaviare,2024-05-13,1,2024-05-20,24.837372,14.182002
2024,2024,Guaviare,2024-05-13,2,2024-05-27,16.558249,14.454515
2024,2024,Guaviare,2024-05-13,3,2024-06-03,16.558249,13.973706
2024,2024,Guaviare,2024-05-13,4,2024-06-10,13.010055,12.9939
2024,2024,Guaviare,2024-05-20,1,2024-05-27,16.558249,17.134348
2024,2024,Guaviare,2024-05-20,2,2024-06-03,16.558249,15.973861
2024,2024,Guaviare,2024-05-20,3,2024-06-10,13.010055,16.64741
2024,2024,Guaviare,2024-05-20,4,2024-06-17,14.192785,15.485386
2024,2024,Guaviare,2024-05-27,1,2024-06-03,16.558249,18.472277
2024,2024,Guaviare,2024-05-27,2,2024-06-10,13.010055,19.059948
2024,2024,Guaviare,2024-05-27,3,2024-06-17,14.192785,19.566975
2024,2024,Guaviare,2024-05-27,4,2024-06-24,10.644589,17.803885
2024,2024,Guaviare,2024-06-03,1,2024-06-10,13.010055,16.398592
2024,2024,Guaviare,2024-06-03,2,2024-06-17,14.192785,16.447605
2024,2024,Guaviare,2024-06-03,3,2024-06-24,10.644589,16.892729
2024,2024,Guaviare,2024-06-03,4,2024-07-01,16.558249,15.3821945
2024,2024,Guaviare,2024-06-10,1,2024-06-17,14.192785,13.526452
2024,2024,Guaviare,2024-06-10,2,2024-06-24,10.644589,12.185752
2024,2024,Guaviare,2024-06-10,3,2024-07-01,16.558249,12.369677
2024,2024,Guaviare,2024-06-10,4,2024-07-08,10.644589,10.943357
2024,2024,Guaviare,2024-06-17,1,2024-06-24,10.644589,11.62884
2024,2024,Guaviare,2024-06-17,2,2024-07-01,16.558249,10.520308
2024,2024,Guaviare,2024-06-17,3,2024-07-08,10.644589,10.277105
2024,2024,Guaviare,2024-06-17,4,2024-07-15,11.827321,9.134657
2024,2024,Guaviare,2024-06-24,1,2024-07-01,16.558249,8.861082
2024,2024,Guaviare,2024-06-24,2,2024-07-08,10.644589,8.238699
2024,2024,Guaviare,2024-06-24,3,2024-07-15,11.827321,8.1685095
2024,2024,Guaviare,2024-06-24,4,2024-07-22,13.010055,7.515357
2024,2024,Guaviare,2024-07-01,1,2024-07-08,10.644589,9.396431
2024,2024,Guaviare,2024-07-01,2,2024-07-15,11.827321,8.518917
2024,2024,Guaviare,2024-07-01,3,2024-07-22,13.010055,8.415228
2024,2024,Guaviare,2024-07-01,4,2024-07-29,10.644589,7.9914813
2024,2024,Guaviare,2024-07-08,1,2024-07-15,11.827321,10.045908
2024,2024,Guaviare,2024-07-08,2,2024-07-22,13.010055,9.721014
2024,2024,Guaviare,2024-07-08,3,2024-07-29,10.644589,9.36975
2024,2024,Guaviare,2024-07-08,4,2024-08-05,14.192785,8.741997
2024,2024,Guaviare,2024-07-15,1,2024-07-22,13.010055,8.494144
2024,2024,Guaviare,2024-07-15,2,2024-07-29,10.644589,8.156045
2024,2024,Guaviare,2024-07-15,3,2024-08-05,14.192785,7.850463
2024,2024,Guaviare,2024-07-15,4,2024-08-12,10.644589,7.2905703
2024,2024,Guaviare,2024-07-22,1,2024-07-29,10.644589,7.536949
2024,2024,Guaviare,2024-07-22,2,2024-08-05,14.192785,7.3606873
2024,2024,Guaviare,2024-07-22,3,2024-08-12,10.644589,7.3149877
2024,2024,Guaviare,2024-07-22,4,2024-08-19,10.644589,6.856289
2024,2024,Guaviare,2024-07-29,1,2024-08-05,14.192785,8.9355
2024,2024,Guaviare,2024-07-29,2,2024-08-12,10.644589,8.6288595
2024,2024,Guaviare,2024-07-29,3,2024-08-19,10.644589,8.337544
2024,2024,Guaviare,2024-07-29,4,2024-08-26,8.279125,7.680513
2024,2024,Guaviare,2024-08-05,1,2024-08-12,10.644589,7.818073
2024,2024,Guaviare,2024-08-05,2,2024-08-19,10.644589,7.5346045
2024,2024,Guaviare,2024-08-05,3,2024-08-26,8.279125,7.0533214
2024,2024,Guaviare,2024-08-05,4,2024-09-02,10.644589,6.3663144
2024,2024,Guaviare,2024-08-12,1,2024-08-19,10.644589,8.572151
2024,2024,Guaviare,2024-08-12,2,2024-08-26,8.279125,8.654572
2024,2024,Guaviare,2024-08-12,3,2024-09-02,10.644589,8.5841675
2024,2024,Guaviare,2024-08-12,4,2024-09-09,8.279125,8.11057
2024,2024,Guaviare,2024-08-19,1,2024-08-26,8.279125,8.460499
2024,2024,Guaviare,2024-08-19,2,2024-09-02,10.644589,8.246231
2024,2024,Guaviare,2024-08-19,3,2024-09-09,8.279125,8.025603
2024,2024,Guaviare,2024-08-19,4,2024-09-16,13.010055,7.4510036
2024,2024,Guaviare,2024-08-26,1,2024-09-02,10.644589,8.105588
2024,2024,Guaviare,2024-08-26,2,2024-09-09,8.279125,7.898904
2024,2024,Guaviare,2024-08-26,3,2024-09-16,13.010055,7.6425815
2024,2024,Guaviare,2024-08-26,4,2024-09-23,7.0963917,7.1889005
2024,2024,Guaviare,2024-09-02,1,2024-09-09,8.279125,6.773855
2024,2024,Guaviare,2024-09-02,2,2024-09-16,13.010055,6.2991476
2024,2024,Guaviare,2024-09-02,3,2024-09-23,7.0963917,6.034319
2024,2024,Guaviare,2024-09-02,4,2024-09-30,5.9136605,5.739931
2024,2024,Guaviare,2024-09-09,1,2024-09-16,13.010055,6.5175176
2024,2024,Guaviare,2024-09-09,2,2024-09-23,7.0963917,6.183185
2024,2024,Guaviare,2024-09-09,3,2024-09-30,5.9136605,5.8674474
2024,2024,Guaviare,2024-09-09,4,2024-10-07,9.461856,5.6545234
2024,2024,Guaviare,2024-09-16,1,2024-09-23,7.0963917,4.879069
2024,2024,Guaviare,2024-09-16,2,2024-09-30,5.9136605,4.5077567
2024,2024,Guaviare,2024-09-16,3,2024-10-07,9.461856,4.170297
2024,2024,Guaviare,2024-09-16,4,2024-10-14,5.9136605,4.1262536
2024,2024,Guaviare,2024-09-23,1,2024-09-30,5.9136605,6.460234
2024,2024,Guaviare,2024-09-23,2,2024-10-07,9.461856,6.0704637
2024,2024,Guaviare,2024-09-23,3,2024-10-14,5.9136605,5.8844213
2024,2024,Guaviare,2024-09-23,4,2024-10-21,9.461856,6.0430355
2024,2024,Guaviare,2024-09-30,1,2024-10-07,9.461856,5.3769197
2024,2024,Guaviare,2024-09-30,2,2024-10-14,5.9136605,4.9009867
2024,2024,Guaviare,2024-09-30,3,2024-10-21,9.461856,4.6252866
2024,2024,Guaviare,2024-09-30,4,2024-10-28,7.0963917,4.763574
2024,2024,Guaviare,2024-10-07,1,2024-10-14,5.9136605,4.425597
2024,2024,Guaviare,2024-10-07,2,2024-10-21,9.461856,4.163448
2024,2024,Guaviare,2024-10-07,3,2024-10-28,7.0963917,3.9227927
2024,2024,Guaviare,2024-10-07,4,2024-11-04,10.644589,4.1136928
2024,2024,Guaviare,2024-10-14,1,2024-10-21,9.461856,5.574392
2024,2024,Guaviare,2024-10-14,2,2024-10-28,7.0963917,5.2259717
2024,2024,Guaviare,2024-10-14,3,2024-11-04,10.644589,5.004969
2024,2024,Guaviare,2024-10-14,4,2024-11-11,4.7309284,5.2075863
2024,2024,Guaviare,2024-10-21,1,2024-10-28,7.0963917,4.866594
2024,2024,Guaviare,2024-10-21,2,2024-11-04,10.644589,4.503615
2024,2024,Guaviare,2024-10-21,3,2024-11-11,4.7309284,4.3554363
2024,2024,Guaviare,2024-10-21,4,2024-11-18,5.9136605,4.6011486
2024,2024,Guaviare,2024-10-28,1,2024-11-04,10.644589,5.7103243
2024,2024,Guaviare,2024-10-28,2,2024-11-11,4.7309284,5.4345365
2024,2024,Guaviare,2024-10-28,3,2024-11-18,5.9136605,5.282594
2024,2024,Guaviare,2024-10-28,4,2024-11-25,7.0963917,5.574671
2024,2024,Guaviare,2024-11-04,1,2024-11-11,4.7309284,5.645689
2024,2024,Guaviare,2024-11-04,2,2024-11-18,5.9136605,5.2671328
2024,2024,Guaviare,2024-11-04,3,2024-11-25,7.0963917,5.0978184
2024,2024,Guaviare,2024-11-04,4,2024-12-02,10.644589,5.373046
2024,2024,Guaviare,2024-11-11,1,2024-11-18,5.9136605,6.3898544
2024,2024,Guaviare,2024-11-11,2,2024-11-25,7.0963917,6.080461
2024,2024,Guaviare,2024-11-11,3,2024-12-02,10.644589,5.9534416
2024,2024,Guaviare,2024-11-11,4,2024-12-09,16.558249,6.2421665
2024,2024,Guaviare,2024-11-18,1,2024-11-25,7.0963917,5.0939097
2024,2024,Guaviare,2024-11-18,2,2024-12-02,10.644589,4.7335906
2024,2024,Guaviare,2024-11-18,3,2024-12-09,16.558249,4.615186
2024,2024,Guaviare,2024-11-18,4,2024-12-16,2.3654644,4.93505
2024,2024,Huila,2024-04-15,1,2024-04-22,56.91548,33.223515
2024,2024,Huila,2024-04-15,2,2024-04-29,50.638042,33.869762
2024,2024,Huila,2024-04-15,3,2024-05-06,52.897915,33.82713
2024,2024,Huila,2024-04-15,4,2024-05-13,51.97723,26.891432
2024,2024,Huila,2024-04-22,1,2024-04-29,50.638042,33.680252
2024,2024,Huila,2024-04-22,2,2024-05-06,52.897915,32.036877
2024,2024,Huila,2024-04-22,3,2024-05-13,51.97723,31.511173
2024,2024,Huila,2024-04-22,4,2024-05-20,52.144627,25.9841
2024,2024,Huila,2024-04-29,1,2024-05-06,52.897915,35.140903
2024,2024,Huila,2024-04-29,2,2024-05-13,51.97723,33.399387
2024,2024,Huila,2024-04-29,3,2024-05-20,52.144627,32.944347
2024,2024,Huila,2024-04-29,4,2024-05-27,53.232708,27.277172
2024,2024,Huila,2024-05-06,1,2024-05-13,51.97723,34.193096
2024,2024,Huila,2024-05-06,2,2024-05-20,52.144627,32.378094
2024,2024,Huila,2024-05-06,3,2024-05-27,53.232708,31.485945
2024,2024,Huila,2024-05-06,4,2024-06-03,44.025803,26.296225
2024,2024,Huila,2024-05-13,1,2024-05-20,52.144627,35.879868
2024,2024,Huila,2024-05-13,2,2024-05-27,53.232708,33.698326
2024,2024,Huila,2024-05-13,3,2024-06-03,44.025803,33.40115
2024,2024,Huila,2024-05-13,4,2024-06-10,46.70417,27.908186
2024,2024,Huila,2024-05-20,1,2024-05-27,53.232708,34.46922
2024,2024,Huila,2024-05-20,2,2024-06-03,44.025803,32.97492
2024,2024,Huila,2024-05-20,3,2024-06-10,46.70417,32.755
2024,2024,Huila,2024-05-20,4,2024-06-17,42.854008,27.472357
2024,2024,Huila,2024-05-27,1,2024-06-03,44.025803,34.957584
2024,2024,Huila,2024-05-27,2,2024-06-10,46.70417,33.73582
2024,2024,Huila,2024-05-27,3,2024-06-17,42.854008,33.35982
2024,2024,Huila,2024-05-27,4,2024-06-24,35.906975,28.219553
2024,2024,Huila,2024-06-03,1,2024-06-10,46.70417,34.385994
2024,2024,Huila,2024-06-03,2,2024-06-17,42.854008,33.4753
2024,2024,Huila,2024-06-03,3,2024-06-24,35.906975,33.351124
2024,2024,Huila,2024-06-03,4,2024-07-01,37.246162,28.108393
2024,2024,Huila,2024-06-10,1,2024-06-17,42.854008,31.232906
2024,2024,Huila,2024-06-10,2,2024-06-24,35.906975,30.436644
2024,2024,Huila,2024-06-10,3,2024-07-01,37.246162,30.39892
2024,2024,Huila,2024-06-10,4,2024-07-08,39.50604,25.960165
2024,2024,Huila,2024-06-17,1,2024-06-24,35.906975,33.755505
2024,2024,Huila,2024-06-17,2,2024-07-01,37.246162,34.42415
2024,2024,Huila,2024-06-17,3,2024-07-08,39.50604,34.07216
2024,2024,Huila,2024-06-17,4,2024-07-15,33.312298,30.680107
2024,2024,Huila,2024-06-24,1,2024-07-01,37.246162,29.74791
2024,2024,Huila,2024-06-24,2,2024-07-08,39.50604,30.217
2024,2024,Huila,2024-06-24,3,2024-07-15,33.312298,30.539322
2024,2024,Huila,2024-06-24,4,2024-07-22,31.136116,26.803375
2024,2024,Huila,2024-07-01,1,2024-07-08,39.50604,27.390242
2024,2024,Huila,2024-07-01,2,2024-07-15,33.312298,27.8197
2024,2024,Huila,2024-07-01,3,2024-07-22,31.136116,28.121283
2024,2024,Huila,2024-07-01,4,2024-07-29,25.863062,24.369518
2024,2024,Huila,2024-07-08,1,2024-07-15,33.312298,27.810322
2024,2024,Huila,2024-07-08,2,2024-07-22,31.136116,28.72029
2024,2024,Huila,2024-07-08,3,2024-07-29,25.863062,28.713453
2024,2024,Huila,2024-07-08,4,2024-08-05,25.528269,25.375189
2024,2024,Huila,2024-07-15,1,2024-07-22,31.136116,27.298208
2024,2024,Huila,2024-07-15,2,2024-07-29,25.863062,28.938389
2024,2024,Huila,2024-07-15,3,2024-08-05,25.528269,28.85092
2024,2024,Huila,2024-07-15,4,2024-08-12,18.664928,25.94908
2024,2024,Huila,2024-07-22,1,2024-07-29,25.863062,23.94749
2024,2024,Huila,2024-07-22,2,2024-08-05,25.528269,25.224018
2024,2024,Huila,2024-07-22,3,2024-08-12,18.664928,24.836363
2024,2024,Huila,2024-07-22,4,2024-08-19,18.079035,22.179573
2024,2024,Huila,2024-07-29,1,2024-08-05,25.528269,20.713066
2024,2024,Huila,2024-07-29,2,2024-08-12,18.664928,21.592937
2024,2024,Huila,2024-07-29,3,2024-08-19,18.079035,21.469606
2024,2024,Huila,2024-07-29,4,2024-08-26,17.576838,18.444405
2024,2024,Huila,2024-08-05,1,2024-08-12,18.664928,16.385662
2024,2024,Huila,2024-08-05,2,2024-08-19,18.079035,16.871773
2024,2024,Huila,2024-08-05,3,2024-08-26,17.576838,17.173311
2024,2024,Huila,2024-08-05,4,2024-09-02,17.827938,14.159566
2024,2024,Huila,2024-08-12,1,2024-08-19,18.079035,15.569747
2024,2024,Huila,2024-08-12,2,2024-08-26,17.576838,16.252369
2024,2024,Huila,2024-08-12,3,2024-09-02,17.827938,16.647821
2024,2024,Huila,2024-08-12,4,2024-09-09,9.290615,13.638991
2024,2024,Huila,2024-08-19,1,2024-08-26,17.576838,12.830781
2024,2024,Huila,2024-08-19,2,2024-09-02,17.827938,13.246969
2024,2024,Huila,2024-08-19,3,2024-09-09,9.290615,13.351697
2024,2024,Huila,2024-08-19,4,2024-09-16,7.1981344,10.6343355
2024,2024,Huila,2024-08-26,1,2024-09-02,17.827938,12.508279
2024,2024,Huila,2024-08-26,2,2024-09-09,9.290615,13.205081
2024,2024,Huila,2024-08-26,3,2024-09-16,7.1981344,12.947489
2024,2024,Huila,2024-08-26,4,2024-09-23,8.955819,10.543562
2024,2024,Huila,2024-09-02,1,2024-09-09,9.290615,11.272962
2024,2024,Huila,2024-09-02,2,2024-09-16,7.1981344,11.908194
2024,2024,Huila,2024-09-02,3,2024-09-23,8.955819,11.817892
2024,2024,Huila,2024-09-02,4,2024-09-30,8.87212,9.891372
2024,2024,Huila,2024-09-09,1,2024-09-16,7.1981344,10.450038
2024,2024,Huila,2024-09-09,2,2024-09-23,8.955819,11.190734
2024,2024,Huila,2024-09-09,3,2024-09-30,8.87212,10.91576
2024,2024,Huila,2024-09-09,4,2024-10-07,8.62102,9.372445
2024,2024,Huila,2024-09-16,1,2024-09-23,8.955819,8.129068
2024,2024,Huila,2024-09-16,2,2024-09-30,8.87212,8.505027
2024,2024,Huila,2024-09-16,3,2024-10-07,8.62102,8.148548
2024,2024,Huila,2024-09-16,4,2024-10-14,10.546103,7.0656595
2024,2024,Huila,2024-09-23,1,2024-09-30,8.87212,6.4228396
2024,2024,Huila,2024-09-23,2,2024-10-07,8.62102,6.767034
2024,2024,Huila,2024-09-23,3,2024-10-14,10.546103,6.342987
2024,2024,Huila,2024-09-23,4,2024-10-21,8.955819,5.365623
2024,2024,Huila,2024-09-30,1,2024-10-07,8.62102,6.1932073
2024,2024,Huila,2024-09-30,2,2024-10-14,10.546103,6.637278
2024,2024,Huila,2024-09-30,3,2024-10-21,8.955819,6.214736
2024,2024,Huila,2024-09-30,4,2024-10-28,5.105654,5.45332
2024,2024,Huila,2024-10-07,1,2024-10-14,10.546103,5.40512
2024,2024,Huila,2024-10-07,2,2024-10-21,8.955819,5.698651
2024,2024,Huila,2024-10-07,3,2024-10-28,5.105654,5.2914047
2024,2024,Huila,2024-10-07,4,2024-11-04,4.1012626,4.810281
2024,2024,Huila,2024-10-14,1,2024-10-21,8.955819,4.614752
2024,2024,Huila,2024-10-14,2,2024-10-28,5.105654,4.6924872
2024,2024,Huila,2024-10-14,3,2024-11-04,4.1012626,4.158384
2024,2024,Huila,2024-10-14,4,2024-11-11,4.3523607,3.9808228
2024,2024,Huila,2024-10-21,1,2024-10-28,5.105654,4.9583473
2024,2024,Huila,2024-10-21,2,2024-11-04,4.1012626,4.9372997
2024,2024,Huila,2024-10-21,3,2024-11-11,4.3523607,4.3361855
2024,2024,Huila,2024-10-21,4,2024-11-18,7.4492326,4.4327583
2024,2024,Huila,2024-10-28,1,2024-11-04,4.1012626,4.4804287
2024,2024,Huila,2024-10-28,2,2024-11-11,4.3523607,4.3242335
2024,2024,Huila,2024-10-28,3,2024-11-18,7.4492326,3.725166
2024,2024,Huila,2024-10-28,4,2024-11-25,4.3523607,3.882111
2024,2024,Huila,2024-11-04,1,2024-11-11,4.3523607,3.3079631
2024,2024,Huila,2024-11-04,2,2024-11-18,7.4492326,3.175562
2024,2024,Huila,2024-11-04,3,2024-11-25,4.3523607,2.8049102
2024,2024,Huila,2024-11-04,4,2024-12-02,4.854556,2.8067644
2024,2024,Huila,2024-11-11,1,2024-11-18,7.4492326,2.9451258
2024,2024,Huila,2024-11-11,2,2024-11-25,4.3523607,2.7824755
2024,2024,Huila,2024-11-11,3,2024-12-02,4.854556,2.51648
2024,2024,Huila,2024-11-11,4,2024-12-09,6.5285416,2.5210047
2024,2024,Huila,2024-11-18,1,2024-11-25,4.3523607,2.6492636
2024,2024,Huila,2024-11-18,2,2024-12-02,4.854556,2.533346
2024,2024,Huila,2024-11-18,3,2024-12-09,6.5285416,2.3072693
2024,2024,Huila,2024-11-18,4,2024-12-16,5.858947,2.294625
2024,2024,Magdalena,2024-04-15,1,2024-04-22,1.6379812,2.9795384
2024,2024,Magdalena,2024-04-15,2,2024-04-29,1.2448658,2.8812594
2024,2024,Magdalena,2024-04-15,3,2024-05-06,1.5069427,3.084663
2024,2024,Magdalena,2024-04-15,4,2024-05-13,2.0310967,3.2022398
2024,2024,Magdalena,2024-04-22,1,2024-04-29,1.2448658,2.652684
2024,2024,Magdalena,2024-04-22,2,2024-05-06,1.5069427,2.6840153
2024,2024,Magdalena,2024-04-22,3,2024-05-13,2.0310967,2.9009514
2024,2024,Magdalena,2024-04-22,4,2024-05-20,2.096616,3.0373995
2024,2024,Magdalena,2024-04-29,1,2024-05-06,1.5069427,2.3685272
2024,2024,Magdalena,2024-04-29,2,2024-05-13,2.0310967,2.3624175
2024,2024,Magdalena,2024-04-29,3,2024-05-20,2.096616,2.5963356
2024,2024,Magdalena,2024-04-29,4,2024-05-27,2.096616,2.7917569
2024,2024,Magdalena,2024-05-06,1,2024-05-13,2.0310967,2.1101928
2024,2024,Magdalena,2024-05-06,2,2024-05-20,2.096616,2.119872
2024,2024,Magdalena,2024-05-06,3,2024-05-27,2.096616,2.348228
2024,2024,Magdalena,2024-05-06,4,2024-06-03,2.358693,2.5392609
2024,2024,Magdalena,2024-05-13,1,2024-05-20,2.096616,2.2407486
2024,2024,Magdalena,2024-05-13,2,2024-05-27,2.096616,2.2597392
2024,2024,Magdalena,2024-05-13,3,2024-06-03,2.358693,2.4712229
2024,2024,Magdalena,2024-05-13,4,2024-06-10,1.5724621,2.6951606
2024,2024,Magdalena,2024-05-20,1,2024-05-27,2.096616,2.6192636
2024,2024,Magdalena,2024-05-20,2,2024-06-03,2.358693,2.7378466
2024,2024,Magdalena,2024-05-20,3,2024-06-10,1.5724621,2.980456
2024,2024,Magdalena,2024-05-20,4,2024-06-17,1.9655775,3.2087607
2024,2024,Magdalena,2024-05-27,1,2024-06-03,2.358693,2.8983634
2024,2024,Magdalena,2024-05-27,2,2024-06-10,1.5724621,3.0431108
2024,2024,Magdalena,2024-05-27,3,2024-06-17,1.9655775,3.3120499
2024,2024,Magdalena,2024-05-27,4,2024-06-24,1.8345389,3.5493054
2024,2024,Magdalena,2024-06-03,1,2024-06-10,1.5724621,3.0225198
2024,2024,Magdalena,2024-06-03,2,2024-06-17,1.9655775,3.1660817
2024,2024,Magdalena,2024-06-03,3,2024-06-24,1.8345389,3.4343624
2024,2024,Magdalena,2024-06-03,4,2024-07-01,1.3759042,3.7216492
2024,2024,Magdalena,2024-06-10,1,2024-06-17,1.9655775,3.2238333
2024,2024,Magdalena,2024-06-10,2,2024-06-24,1.8345389,3.3541112
2024,2024,Magdalena,2024-06-10,3,2024-07-01,1.3759042,3.5271053
2024,2024,Magdalena,2024-06-10,4,2024-07-08,2.6862895,3.7722998
2024,2024,Magdalena,2024-06-17,1,2024-06-24,1.8345389,2.8062062
2024,2024,Magdalena,2024-06-17,2,2024-07-01,1.3759042,2.8664565
2024,2024,Magdalena,2024-06-17,3,2024-07-08,2.6862895,2.9633632
2024,2024,Magdalena,2024-06-17,4,2024-07-15,1.3759042,3.1384408
2024,2024,Magdalena,2024-06-24,1,2024-07-01,1.3759042,2.6355972
2024,2024,Magdalena,2024-06-24,2,2024-07-08,2.6862895,2.7712104
2024,2024,Magdalena,2024-06-24,3,2024-07-15,1.3759042,2.8584688
2024,2024,Magdalena,2024-06-24,4,2024-07-22,2.8173277,3.0154774
2024,2024,Magdalena,2024-07-01,1,2024-07-08,2.6862895,2.4630017
2024,2024,Magdalena,2024-07-01,2,2024-07-15,1.3759042,2.5254867
2024,2024,Magdalena,2024-07-01,3,2024-07-22,2.8173277,2.5841908
2024,2024,Magdalena,2024-07-01,4,2024-07-29,1.9655775,2.7174177
2024,2024,Magdalena,2024-07-08,1,2024-07-15,1.3759042,2.097614
2024,2024,Magdalena,2024-07-08,2,2024-07-22,2.8173277,2.194449
2024,2024,Magdalena,2024-07-08,3,2024-07-29,1.9655775,2.1938367
2024,2024,Magdalena,2024-07-08,4,2024-08-05,2.4242122,2.2274532
2024,2024,Magdalena,2024-07-15,1,2024-07-22,2.8173277,2.4288063
2024,2024,Magdalena,2024-07-15,2,2024-07-29,1.9655775,2.529723
2024,2024,Magdalena,2024-07-15,3,2024-08-05,2.4242122,2.5626583
2024,2024,Magdalena,2024-07-15,4,2024-08-12,2.8173277,2.5350604
2024,2024,Magdalena,2024-07-22,1,2024-07-29,1.9655775,1.9163967
2024,2024,Magdalena,2024-07-22,2,2024-08-05,2.4242122,2.0332713
2024,2024,Magdalena,2024-07-22,3,2024-08-12,2.8173277,2.0069206
2024,2024,Magdalena,2024-07-22,4,2024-08-19,2.096616,1.9026238
2024,2024,Magdalena,2024-07-29,1,2024-08-05,2.4242122,2.3550634
2024,2024,Magdalena,2024-07-29,2,2024-08-12,2.8173277,2.4211252
2024,2024,Magdalena,2024-07-29,3,2024-08-19,2.096616,2.4365337
2024,2024,Magdalena,2024-07-29,4,2024-08-26,2.0310967,2.3387594
2024,2024,Magdalena,2024-08-05,1,2024-08-12,2.8173277,2.1185253
2024,2024,Magdalena,2024-08-05,2,2024-08-19,2.096616,2.2447922
2024,2024,Magdalena,2024-08-05,3,2024-08-26,2.0310967,2.251272
2024,2024,Magdalena,2024-08-05,4,2024-09-02,2.096616,2.156239
2024,2024,Magdalena,2024-08-12,1,2024-08-19,2.096616,2.3862398
2024,2024,Magdalena,2024-08-12,2,2024-08-26,2.0310967,2.453037
2024,2024,Magdalena,2024-08-12,3,2024-09-02,2.096616,2.4944158
2024,2024,Magdalena,2024-08-12,4,2024-09-09,1.5724621,2.4111161
2024,2024,Magdalena,2024-08-19,1,2024-08-26,2.0310967,2.7340145
2024,2024,Magdalena,2024-08-19,2,2024-09-02,2.096616,2.8243
2024,2024,Magdalena,2024-08-19,3,2024-09-09,1.5724621,2.852175
2024,2024,Magdalena,2024-08-19,4,2024-09-16,1.048308,2.7385824
2024,2024,Magdalena,2024-08-26,1,2024-09-02,2.096616,2.4726803
2024,2024,Magdalena,2024-08-26,2,2024-09-09,1.5724621,2.5842896
2024,2024,Magdalena,2024-08-26,3,2024-09-16,1.048308,2.6048782
2024,2024,Magdalena,2024-08-26,4,2024-09-23,1.4414235,2.5068078
2024,2024,Magdalena,2024-09-02,1,2024-09-09,1.5724621,2.2885244
2024,2024,Magdalena,2024-09-02,2,2024-09-16,1.048308,2.3367608
2024,2024,Magdalena,2024-09-02,3,2024-09-23,1.4414235,2.3707
2024,2024,Magdalena,2024-09-02,4,2024-09-30,2.2276545,2.3031826
2024,2024,Magdalena,2024-09-09,1,2024-09-16,1.048308,2.3162785
2024,2024,Magdalena,2024-09-09,2,2024-09-23,1.4414235,2.363929
2024,2024,Magdalena,2024-09-09,3,2024-09-30,2.2276545,2.4278734
2024,2024,Magdalena,2024-09-09,4,2024-10-07,1.1138272,2.4112537
2024,2024,Magdalena,2024-09-16,1,2024-09-23,1.4414235,2.0082304
2024,2024,Magdalena,2024-09-16,2,2024-09-30,2.2276545,2.0873747
2024,2024,Magdalena,2024-09-16,3,2024-10-07,1.1138272,2.14033
2024,2024,Magdalena,2024-09-16,4,2024-10-14,1.048308,2.1173592
2024,2024,Magdalena,2024-09-23,1,2024-09-30,2.2276545,1.6593513
2024,2024,Magdalena,2024-09-23,2,2024-10-07,1.1138272,1.8007649
2024,2024,Magdalena,2024-09-23,3,2024-10-14,1.048308,1.8691635
2024,2024,Magdalena,2024-09-23,4,2024-10-21,1.1138272,1.8963284
2024,2024,Magdalena,2024-09-30,1,2024-10-07,1.1138272,1.6354276
2024,2024,Magdalena,2024-09-30,2,2024-10-14,1.048308,1.7651829
2024,2024,Magdalena,2024-09-30,3,2024-10-21,1.1138272,1.8470724
2024,2024,Magdalena,2024-09-30,4,2024-10-28,0.786231,1.8959318
2024,2024,Magdalena,2024-10-07,1,2024-10-14,1.048308,1.900425
2024,2024,Magdalena,2024-10-07,2,2024-10-21,1.1138272,2.0193365
2024,2024,Magdalena,2024-10-07,3,2024-10-28,0.786231,2.1366215
2024,2024,Magdalena,2024-10-07,4,2024-11-04,1.048308,2.2237575
2024,2024,Magdalena,2024-10-14,1,2024-10-21,1.1138272,1.7152338
2024,2024,Magdalena,2024-10-14,2,2024-10-28,0.786231,1.8353305
2024,2024,Magdalena,2024-10-14,3,2024-11-04,1.048308,1.927703
2024,2024,Magdalena,2024-10-14,4,2024-11-11,1.1138272,2.0248933
2024,2024,Magdalena,2024-10-21,1,2024-10-28,0.786231,1.4745976
2024,2024,Magdalena,2024-10-21,2,2024-11-04,1.048308,1.6110724
2024,2024,Magdalena,2024-10-21,3,2024-11-11,1.1138272,1.664006
2024,2024,Magdalena,2024-10-21,4,2024-11-18,0.91726947,1.7404009
2024,2024,Magdalena,2024-10-28,1,2024-11-04,1.048308,1.3836453
2024,2024,Magdalena,2024-10-28,2,2024-11-11,1.1138272,1.4992912
2024,2024,Magdalena,2024-10-28,3,2024-11-18,0.91726947,1.5299927
2024,2024,Magdalena,2024-10-28,4,2024-11-25,0.8517502,1.5984179
2024,2024,Magdalena,2024-11-04,1,2024-11-11,1.1138272,1.1618629
2024,2024,Magdalena,2024-11-04,2,2024-11-18,0.91726947,1.2450547
2024,2024,Magdalena,2024-11-04,3,2024-11-25,0.8517502,1.2600013
2024,2024,Magdalena,2024-11-04,4,2024-12-02,1.1138272,1.3323506
2024,2024,Magdalena,2024-11-11,1,2024-11-18,0.91726947,1.0931634
2024,2024,Magdalena,2024-11-11,2,2024-11-25,0.8517502,1.1570725
2024,2024,Magdalena,2024-11-11,3,2024-12-02,1.1138272,1.1711897
2024,2024,Magdalena,2024-11-11,4,2024-12-09,0.91726947,1.2290297
2024,2024,Magdalena,2024-11-18,1,2024-11-25,0.8517502,1.0573943
2024,2024,Magdalena,2024-11-18,2,2024-12-02,1.1138272,1.1321719
2024,2024,Magdalena,2024-11-18,3,2024-12-09,0.91726947,1.1467011
2024,2024,Magdalena,2024-11-18,4,2024-12-16,1.4414235,1.2068312
2024,2024,Meta,2024-04-15,1,2024-04-22,7.6029944,7.571913
2024,2024,Meta,2024-04-15,2,2024-04-29,7.0786505,8.081178
2024,2024,Meta,2024-04-15,3,2024-05-06,8.389511,8.578498
2024,2024,Meta,2024-04-15,4,2024-05-13,8.739073,8.918449
2024,2024,Meta,2024-04-22,1,2024-04-29,7.0786505,7.581994
2024,2024,Meta,2024-04-22,2,2024-05-06,8.389511,7.8948717
2024,2024,Meta,2024-04-22,3,2024-05-13,8.739073,8.237776
2024,2024,Meta,2024-04-22,4,2024-05-20,9.612982,8.519081
2024,2024,Meta,2024-04-29,1,2024-05-06,8.389511,8.011125
2024,2024,Meta,2024-04-29,2,2024-05-13,8.739073,8.567309
2024,2024,Meta,2024-04-29,3,2024-05-20,9.612982,8.909411
2024,2024,Meta,2024-04-29,4,2024-05-27,7.1660404,9.169869
2024,2024,Meta,2024-05-06,1,2024-05-13,8.739073,7.7273993
2024,2024,Meta,2024-05-06,2,2024-05-20,9.612982,8.326405
2024,2024,Meta,2024-05-06,3,2024-05-27,7.1660404,8.733412
2024,2024,Meta,2024-05-06,4,2024-06-03,8.127338,9.124899
2024,2024,Meta,2024-05-13,1,2024-05-20,9.612982,9.008329
2024,2024,Meta,2024-05-13,2,2024-05-27,7.1660404,9.592096
2024,2024,Meta,2024-05-13,3,2024-06-03,8.127338,9.919867
2024,2024,Meta,2024-05-13,4,2024-06-10,8.127338,10.375461
2024,2024,Meta,2024-05-20,1,2024-05-27,7.1660404,9.553602
2024,2024,Meta,2024-05-20,2,2024-06-03,8.127338,9.931286
2024,2024,Meta,2024-05-20,3,2024-06-10,8.127338,9.989214
2024,2024,Meta,2024-05-20,4,2024-06-17,7.952556,10.218347
2024,2024,Meta,2024-05-27,1,2024-06-03,8.127338,9.40672
2024,2024,Meta,2024-05-27,2,2024-06-10,8.127338,9.470016
2024,2024,Meta,2024-05-27,3,2024-06-17,7.952556,9.2486725
2024,2024,Meta,2024-05-27,4,2024-06-24,7.952556,9.246329
2024,2024,Meta,2024-06-03,1,2024-06-10,8.127338,7.926209
2024,2024,Meta,2024-06-03,2,2024-06-17,7.952556,8.036501
2024,2024,Meta,2024-06-03,3,2024-06-24,7.952556,7.7243414
2024,2024,Meta,2024-06-03,4,2024-07-01,5.5056167,7.695881
2024,2024,Meta,2024-06-10,1,2024-06-17,7.952556,7.6155195
2024,2024,Meta,2024-06-10,2,2024-06-24,7.952556,7.6455264
2024,2024,Meta,2024-06-10,3,2024-07-01,5.5056167,7.1669655
2024,2024,Meta,2024-06-10,4,2024-07-08,5.8551793,6.9294076
2024,2024,Meta,2024-06-17,1,2024-06-24,7.952556,7.488683
2024,2024,Meta,2024-06-17,2,2024-07-01,5.5056167,7.2420874
2024,2024,Meta,2024-06-17,3,2024-07-08,5.8551793,6.9642982
2024,2024,Meta,2024-06-17,4,2024-07-15,6.7290874,6.8029437
2024,2024,Meta,2024-06-24,1,2024-07-01,5.5056167,7.4575305
2024,2024,Meta,2024-06-24,2,2024-07-08,5.8551793,7.5869
2024,2024,Meta,2024-06-24,3,2024-07-15,6.7290874,7.3449745
2024,2024,Meta,2024-06-24,4,2024-07-22,7.5156045,7.30504
2024,2024,Meta,2024-07-01,1,2024-07-08,5.8551793,7.6382017
2024,2024,Meta,2024-07-01,2,2024-07-15,6.7290874,7.6493654
2024,2024,Meta,2024-07-01,3,2024-07-22,7.5156045,7.3527575
2024,2024,Meta,2024-07-01,4,2024-07-29,6.7290874,7.29351
2024,2024,Meta,2024-07-08,1,2024-07-15,6.7290874,6.1034102
2024,2024,Meta,2024-07-08,2,2024-07-22,7.5156045,5.9103365
2024,2024,Meta,2024-07-08,3,2024-07-29,6.7290874,5.5866866
2024,2024,Meta,2024-07-08,4,2024-08-05,7.253432,5.3673186
2024,2024,Meta,2024-07-15,1,2024-07-22,7.5156045,5.3843207
2024,2024,Meta,2024-07-15,2,2024-07-29,6.7290874,5.277828
2024,2024,Meta,2024-07-15,3,2024-08-05,7.253432,5.0335145
2024,2024,Meta,2024-07-15,4,2024-08-12,5.593007,4.759086
2024,2024,Meta,2024-07-22,1,2024-07-29,6.7290874,5.685824
2024,2024,Meta,2024-07-22,2,2024-08-05,7.253432,5.4978695
2024,2024,Meta,2024-07-22,3,2024-08-12,5.593007,5.3025565
2024,2024,Meta,2024-07-22,4,2024-08-19,5.3308353,5.0779266
2024,2024,Meta,2024-07-29,1,2024-08-05,7.253432,6.3401065
2024,2024,Meta,2024-07-29,2,2024-08-12,5.593007,6.2029524
2024,2024,Meta,2024-07-29,3,2024-08-19,5.3308353,5.9476304
2024,2024,Meta,2024-07-29,4,2024-08-26,6.7290874,5.7704463
2024,2024,Meta,2024-08-05,1,2024-08-12,5.593007,6.2085557
2024,2024,Meta,2024-08-05,2,2024-08-19,5.3308353,6.027861
2024,2024,Meta,2024-08-05,3,2024-08-26,6.7290874,5.7972403
2024,2024,Meta,2024-08-05,4,2024-09-02,5.3308353,5.6570234
2024,2024,Meta,2024-08-12,1,2024-08-19,5.3308353,6.283445
2024,2024,Meta,2024-08-12,2,2024-08-26,6.7290874,6.1459837
2024,2024,Meta,2024-08-12,3,2024-09-02,5.3308353,6.0230527
2024,2024,Meta,2024-08-12,4,2024-09-09,6.0299606,5.9003997
2024,2024,Meta,2024-08-19,1,2024-08-26,6.7290874,5.8321633
2024,2024,Meta,2024-08-19,2,2024-09-02,5.3308353,5.764582
2024,2024,Meta,2024-08-19,3,2024-09-09,6.0299606,5.6243277
2024,2024,Meta,2024-08-19,4,2024-09-16,5.156054,5.434601
2024,2024,Meta,2024-08-26,1,2024-09-02,5.3308353,5.442528
2024,2024,Meta,2024-08-26,2,2024-09-09,6.0299606,5.379269
2024,2024,Meta,2024-08-26,3,2024-09-16,5.156054,5.2648377
2024,2024,Meta,2024-08-26,4,2024-09-23,4.019974,5.075613
2024,2024,Meta,2024-09-02,1,2024-09-09,6.0299606,5.998015
2024,2024,Meta,2024-09-02,2,2024-09-16,5.156054,5.7986712
2024,2024,Meta,2024-09-02,3,2024-09-23,4.019974,5.664798
2024,2024,Meta,2024-09-02,4,2024-09-30,4.456928,5.5511513
2024,2024,Meta,2024-09-09,1,2024-09-16,5.156054,5.263151
2024,2024,Meta,2024-09-09,2,2024-09-23,4.019974,5.171813
2024,2024,Meta,2024-09-09,3,2024-09-30,4.456928,5.05121
2024,2024,Meta,2024-09-09,4,2024-10-07,4.1947556,4.9783654
2024,2024,Meta,2024-09-16,1,2024-09-23,4.019974,5.3671756
2024,2024,Meta,2024-09-16,2,2024-09-30,4.456928,5.3118424
2024,2024,Meta,2024-09-16,3,2024-10-07,4.1947556,5.2044024
2024,2024,Meta,2024-09-16,4,2024-10-14,4.9812717,5.171508
2024,2024,Meta,2024-09-23,1,2024-09-30,4.456928,5.042859
2024,2024,Meta,2024-09-23,2,2024-10-07,4.1947556,5.0545964
2024,2024,Meta,2024-09-23,3,2024-10-14,4.9812717,4.9317784
2024,2024,Meta,2024-09-23,4,2024-10-21,4.7191,4.898806
2024,2024,Meta,2024-09-30,1,2024-10-07,4.1947556,4.2479925
2024,2024,Meta,2024-09-30,2,2024-10-14,4.9812717,4.309235
2024,2024,Meta,2024-09-30,3,2024-10-21,4.7191,4.2781787
2024,2024,Meta,2024-09-30,4,2024-10-28,7.0786505,4.327725
2024,2024,Meta,2024-10-07,1,2024-10-14,4.9812717,4.149469
2024,2024,Meta,2024-10-07,2,2024-10-21,4.7191,4.240702
2024,2024,Meta,2024-10-07,3,2024-10-28,7.0786505,4.225839
2024,2024,Meta,2024-10-07,4,2024-11-04,6.0299606,4.315789
2024,2024,Meta,2024-10-14,1,2024-10-21,4.7191,4.1303463
2024,2024,Meta,2024-10-14,2,2024-10-28,7.0786505,4.2467866
2024,2024,Meta,2024-10-14,3,2024-11-04,6.0299606,4.28051
2024,2024,Meta,2024-10-14,4,2024-11-11,6.466914,4.394342
2024,2024,Meta,2024-10-21,1,2024-10-28,7.0786505,4.6404014
2024,2024,Meta,2024-10-21,2,2024-11-04,6.0299606,4.754377
2024,2024,Meta,2024-10-21,3,2024-11-11,6.466914,4.7094517
2024,2024,Meta,2024-10-21,4,2024-11-18,5.593007,4.8286805
2024,2024,Meta,2024-10-28,1,2024-11-04,6.0299606,4.687677
2024,2024,Meta,2024-10-28,2,2024-11-11,6.466914,4.819324
2024,2024,Meta,2024-10-28,3,2024-11-18,5.593007,4.781242
2024,2024,Meta,2024-10-28,4,2024-11-25,5.3308353,4.960362
2024,2024,Meta,2024-11-04,1,2024-11-11,6.466914,5.9149437
2024,2024,Meta,2024-11-04,2,2024-11-18,5.593007,6.0658145
2024,2024,Meta,2024-11-04,3,2024-11-25,5.3308353,5.968478
2024,2024,Meta,2024-11-04,4,2024-12-02,5.0686626,6.2177925
2024,2024,Meta,2024-11-11,1,2024-11-18,5.593007,5.8108416
2024,2024,Meta,2024-11-11,2,2024-11-25,5.3308353,5.9191184
2024,2024,Meta,2024-11-11,3,2024-12-02,5.0686626,5.9061346
2024,2024,Meta,2024-11-11,4,2024-12-09,4.2821465,6.2897034
2024,2024,Meta,2024-11-18,1,2024-11-25,5.3308353,6.2826657
2024,2024,Meta,2024-11-18,2,2024-12-02,5.0686626,6.4602056
2024,2024,Meta,2024-11-18,3,2024-12-09,4.2821465,6.5496
2024,2024,Meta,2024-11-18,4,2024-12-16,5.593007,7.025213
2024,2024,Narino,2024-04-15,1,2024-04-22,7.0406704,6.553914
2024,2024,Narino,2024-04-15,2,2024-04-29,5.221831,7.1078296
2024,2024,Narino,2024-04-15,3,2024-05-06,3.5790079,7.078764
2024,2024,Narino,2024-04-15,4,2024-05-13,5.2805033,7.1116714
2024,2024,Narino,2024-04-22,1,2024-04-29,5.221831,6.332746
2024,2024,Narino,2024-04-22,2,2024-05-06,3.5790079,6.497612
2024,2024,Narino,2024-04-22,3,2024-05-13,5.2805033,6.4169025
2024,2024,Narino,2024-04-22,4,2024-05-20,4.576436,6.6970935
2024,2024,Narino,2024-04-29,1,2024-05-06,3.5790079,5.8807983
2024,2024,Narino,2024-04-29,2,2024-05-13,5.2805033,6.0688825
2024,2024,Narino,2024-04-29,3,2024-05-20,4.576436,6.1355586
2024,2024,Narino,2024-04-29,4,2024-05-27,4.400419,6.5680366
2024,2024,Narino,2024-05-06,1,2024-05-13,5.2805033,5.3050976
2024,2024,Narino,2024-05-06,2,2024-05-20,4.576436,5.404789
2024,2024,Narino,2024-05-06,3,2024-05-27,4.400419,5.469925
2024,2024,Narino,2024-05-06,4,2024-06-03,7.5100493,5.734925
2024,2024,Narino,2024-05-13,1,2024-05-20,4.576436,4.197875
2024,2024,Narino,2024-05-13,2,2024-05-27,4.400419,4.3223143
2024,2024,Narino,2024-05-13,3,2024-06-03,7.5100493,4.3948693
2024,2024,Narino,2024-05-13,4,2024-06-10,7.5100493,4.6088533
2024,2024,Narino,2024-05-20,1,2024-05-27,4.400419,4.4683323
2024,2024,Narino,2024-05-20,2,2024-06-03,7.5100493,4.63293
2024,2024,Narino,2024-05-20,3,2024-06-10,7.5100493,4.6970587
2024,2024,Narino,2024-05-20,4,2024-06-17,4.9284697,4.8447948
2024,2024,Narino,2024-05-27,1,2024-06-03,7.5100493,4.328287
2024,2024,Narino,2024-05-27,2,2024-06-10,7.5100493,4.443854
2024,2024,Narino,2024-05-27,3,2024-06-17,4.9284697,4.4440913
2024,2024,Narino,2024-05-27,4,2024-06-24,5.9845705,4.611075
2024,2024,Narino,2024-06-03,1,2024-06-10,7.5100493,3.80864
2024,2024,Narino,2024-06-03,2,2024-06-17,4.9284697,3.9998624
2024,2024,Narino,2024-06-03,3,2024-06-24,5.9845705,3.9032395
2024,2024,Narino,2024-06-03,4,2024-07-01,4.2830753,3.9648526
2024,2024,Narino,2024-06-10,1,2024-06-17,4.9284697,4.6830997
2024,2024,Narino,2024-06-10,2,2024-06-24,5.9845705,4.843613
2024,2024,Narino,2024-06-10,3,2024-07-01,4.2830753,4.782596
2024,2024,Narino,2024-06-10,4,2024-07-08,2.7575963,4.8229957
2024,2024,Narino,2024-06-17,1,2024-06-24,5.9845705,5.1318893
2024,2024,Narino,2024-06-17,2,2024-07-01,4.2830753,5.194252
2024,2024,Narino,2024-06-17,3,2024-07-08,2.7575963,5.0961976
2024,2024,Narino,2024-06-17,4,2024-07-15,2.053529,5.184632
2024,2024,Narino,2024-06-24,1,2024-07-01,4.2830753,4.6430044
2024,2024,Narino,2024-06-24,2,2024-07-08,2.7575963,4.730593
2024,2024,Narino,2024-06-24,3,2024-07-15,2.053529,4.695625
2024,2024,Narino,2024-06-24,4,2024-07-22,2.522907,4.9010553
2024,2024,Narino,2024-07-01,1,2024-07-08,2.7575963,4.655264
2024,2024,Narino,2024-07-01,2,2024-07-15,2.053529,4.760072
2024,2024,Narino,2024-07-01,3,2024-07-22,2.522907,4.7833624
2024,2024,Narino,2024-07-01,4,2024-07-29,1.7601677,4.918458
2024,2024,Narino,2024-07-08,1,2024-07-15,2.053529,4.0716043
2024,2024,Narino,2024-07-08,2,2024-07-22,2.522907,4.119567
2024,2024,Narino,2024-07-08,3,2024-07-29,1.7601677,4.1204357
2024,2024,Narino,2024-07-08,4,2024-08-05,3.402991,4.182983
2024,2024,Narino,2024-07-15,1,2024-07-22,2.522907,3.1419084
2024,2024,Narino,2024-07-15,2,2024-07-29,1.7601677,3.2060232
2024,2024,Narino,2024-07-15,3,2024-08-05,3.402991,3.2352483
2024,2024,Narino,2024-07-15,4,2024-08-12,1.6428233,3.2722936
2024,2024,Narino,2024-07-22,1,2024-07-29,1.7601677,2.4268184
2024,2024,Narino,2024-07-22,2,2024-08-05,3.402991,2.5256135
2024,2024,Narino,2024-07-22,3,2024-08-12,1.6428233,2.5707185
2024,2024,Narino,2024-07-22,4,2024-08-19,2.053529,2.5161865
2024,2024,Narino,2024-07-29,1,2024-08-05,3.402991,2.2042813
2024,2024,Narino,2024-07-29,2,2024-08-12,1.6428233,2.3026314
2024,2024,Narino,2024-07-29,3,2024-08-19,2.053529,2.3331573
2024,2024,Narino,2024-07-29,4,2024-08-26,2.288218,2.2430303
2024,2024,Narino,2024-08-05,1,2024-08-12,1.6428233,1.8278395
2024,2024,Narino,2024-08-05,2,2024-08-19,2.053529,1.9156619
2024,2024,Narino,2024-08-05,3,2024-08-26,2.288218,1.9313328
2024,2024,Narino,2024-08-05,4,2024-09-02,1.7601677,1.8287559
2024,2024,Narino,2024-08-12,1,2024-08-19,2.053529,2.0979066
2024,2024,Narino,2024-08-12,2,2024-08-26,2.288218,2.1891627
2024,2024,Narino,2024-08-12,3,2024-09-02,1.7601677,2.227395
2024,2024,Narino,2024-08-12,4,2024-09-09,2.1122015,2.1660705
2024,2024,Narino,2024-08-19,1,2024-08-26,2.288218,1.7883539
2024,2024,Narino,2024-08-19,2,2024-09-02,1.7601677,1.8786781
2024,2024,Narino,2024-08-19,3,2024-09-09,2.1122015,1.9049045
2024,2024,Narino,2024-08-19,4,2024-09-16,1.2907896,1.8229715
2024,2024,Narino,2024-08-26,1,2024-09-02,1.7601677,1.8328155
2024,2024,Narino,2024-08-26,2,2024-09-09,2.1122015,1.8422215
2024,2024,Narino,2024-08-26,3,2024-09-16,1.2907896,1.8693608
2024,2024,Narino,2024-08-26,4,2024-09-23,1.2321175,1.8093193
2024,2024,Narino,2024-09-02,1,2024-09-09,2.1122015,1.8753434
2024,2024,Narino,2024-09-02,2,2024-09-16,1.2907896,1.8275887
2024,2024,Narino,2024-09-02,3,2024-09-23,1.2321175,1.8532493
2024,2024,Narino,2024-09-02,4,2024-09-30,1.2907896,1.8370392
2024,2024,Narino,2024-09-09,1,2024-09-16,1.2907896,1.6574295
2024,2024,Narino,2024-09-09,2,2024-09-23,1.2321175,1.6292547
2024,2024,Narino,2024-09-09,3,2024-09-30,1.2907896,1.6650295
2024,2024,Narino,2024-09-09,4,2024-10-07,1.349462,1.6590006
2024,2024,Narino,2024-09-16,1,2024-09-23,1.2321175,1.7000312
2024,2024,Narino,2024-09-16,2,2024-09-30,1.2907896,1.6853052
2024,2024,Narino,2024-09-16,3,2024-10-07,1.349462,1.7413602
2024,2024,Narino,2024-09-16,4,2024-10-14,1.4668064,1.748373
2024,2024,Narino,2024-09-23,1,2024-09-30,1.2907896,1.5018066
2024,2024,Narino,2024-09-23,2,2024-10-07,1.349462,1.5192765
2024,2024,Narino,2024-09-23,3,2024-10-14,1.4668064,1.5797484
2024,2024,Narino,2024-09-23,4,2024-10-21,1.7601677,1.600535
2024,2024,Narino,2024-09-30,1,2024-10-07,1.349462,1.3674376
2024,2024,Narino,2024-09-30,2,2024-10-14,1.4668064,1.4259068
2024,2024,Narino,2024-09-30,3,2024-10-21,1.7601677,1.4607193
2024,2024,Narino,2024-09-30,4,2024-10-28,1.2321175,1.4902135
2024,2024,Narino,2024-10-07,1,2024-10-14,1.4668064,1.2896101
2024,2024,Narino,2024-10-07,2,2024-10-21,1.7601677,1.3664618
2024,2024,Narino,2024-10-07,3,2024-10-28,1.2321175,1.4064143
2024,2024,Narino,2024-10-07,4,2024-11-04,3.9310412,1.4462842
2024,2024,Narino,2024-10-14,1,2024-10-21,1.7601677,1.2898308
2024,2024,Narino,2024-10-14,2,2024-10-28,1.2321175,1.381891
2024,2024,Narino,2024-10-14,3,2024-11-04,3.9310412,1.4183638
2024,2024,Narino,2024-10-14,4,2024-11-11,1.349462,1.4581665
2024,2024,Narino,2024-10-21,1,2024-10-28,1.2321175,1.3141321
2024,2024,Narino,2024-10-21,2,2024-11-04,3.9310412,1.38876
2024,2024,Narino,2024-10-21,3,2024-11-11,1.349462,1.4449432
2024,2024,Narino,2024-10-21,4,2024-11-18,2.053529,1.4659618
2024,2024,Narino,2024-10-28,1,2024-11-04,3.9310412,1.4872749
2024,2024,Narino,2024-10-28,2,2024-11-11,1.349462,1.5474374
2024,2024,Narino,2024-10-28,3,2024-11-18,2.053529,1.6218098
2024,2024,Narino,2024-10-28,4,2024-11-25,1.1734452,1.6777141
2024,2024,Narino,2024-11-04,1,2024-11-11,1.349462,1.4034381
2024,2024,Narino,2024-11-04,2,2024-11-18,2.053529,1.4736687
2024,2024,Narino,2024-11-04,3,2024-11-25,1.1734452,1.5555426
2024,2024,Narino,2024-11-04,4,2024-12-02,2.288218,1.6047721
2024,2024,Narino,2024-11-11,1,2024-11-18,2.053529,2.315695
2024,2024,Narino,2024-11-11,2,2024-11-25,1.1734452,2.435283
2024,2024,Narino,2024-11-11,3,2024-12-02,2.288218,2.5764632
2024,2024,Narino,2024-11-11,4,2024-12-09,2.053529,2.7121203
2024,2024,Narino,2024-11-18,1,2024-11-25,1.1734452,2.073322
2024,2024,Narino,2024-11-18,2,2024-12-02,2.288218,2.247328
2024,2024,Narino,2024-11-18,3,2024-12-09,2.053529,2.3859892
2024,2024,Narino,2024-11-18,4,2024-12-16,3.1683018,2.5546257
2024,2024,Norte De Santander,2024-04-15,1,2024-04-22,8.259734,8.783384
2024,2024,Norte De Santander,2024-04-15,2,2024-04-29,8.731717,8.911398
2024,2024,Norte De Santander,2024-04-15,3,2024-05-06,9.675689,8.8088255
2024,2024,Norte De Santander,2024-04-15,4,2024-05-13,9.144704,8.440698
2024,2024,Norte De Santander,2024-04-22,1,2024-04-29,8.731717,8.19573
2024,2024,Norte De Santander,2024-04-22,2,2024-05-06,9.675689,8.229725
2024,2024,Norte De Santander,2024-04-22,3,2024-05-13,9.144704,8.086838
2024,2024,Norte De Santander,2024-04-22,4,2024-05-20,9.734685,7.6925993
2024,2024,Norte De Santander,2024-04-29,1,2024-05-06,9.675689,7.621639
2024,2024,Norte De Santander,2024-04-29,2,2024-05-13,9.144704,7.8427577
2024,2024,Norte De Santander,2024-04-29,3,2024-05-20,9.734685,7.8646774
2024,2024,Norte De Santander,2024-04-29,4,2024-05-27,10.147674,7.5932264
2024,2024,Norte De Santander,2024-05-06,1,2024-05-13,9.144704,7.9303346
2024,2024,Norte De Santander,2024-05-06,2,2024-05-20,9.734685,8.287394
2024,2024,Norte De Santander,2024-05-06,3,2024-05-27,10.147674,8.356273
2024,2024,Norte De Santander,2024-05-06,4,2024-06-03,9.498694,8.107537
2024,2024,Norte De Santander,2024-05-13,1,2024-05-20,9.734685,9.427076
2024,2024,Norte De Santander,2024-05-13,2,2024-05-27,10.147674,9.66923
2024,2024,Norte De Santander,2024-05-13,3,2024-06-03,9.498694,9.66846
2024,2024,Norte De Santander,2024-05-13,4,2024-06-10,8.259734,9.408957
2024,2024,Norte De Santander,2024-05-20,1,2024-05-27,10.147674,9.566541
2024,2024,Norte De Santander,2024-05-20,2,2024-06-03,9.498694,9.79145
2024,2024,Norte De Santander,2024-05-20,3,2024-06-10,8.259734,9.655912
2024,2024,Norte De Santander,2024-05-20,4,2024-06-17,7.669751,9.358117
2024,2024,Norte De Santander,2024-05-27,1,2024-06-03,9.498694,9.7715645
2024,2024,Norte De Santander,2024-05-27,2,2024-06-10,8.259734,9.972885
2024,2024,Norte De Santander,2024-05-27,3,2024-06-17,7.669751,9.836712
2024,2024,Norte De Santander,2024-05-27,4,2024-06-24,8.318732,9.576522
2024,2024,Norte De Santander,2024-06-03,1,2024-06-10,8.259734,9.827218
2024,2024,Norte De Santander,2024-06-03,2,2024-06-17,7.669751,10.051914
2024,2024,Norte De Santander,2024-06-03,3,2024-06-24,8.318732,9.760719
2024,2024,Norte De Santander,2024-06-03,4,2024-07-01,7.256766,9.395197
2024,2024,Norte De Santander,2024-06-10,1,2024-06-17,7.669751,9.655798
2024,2024,Norte De Santander,2024-06-10,2,2024-06-24,8.318732,9.67537
2024,2024,Norte De Santander,2024-06-10,3,2024-07-01,7.256766,9.285621
2024,2024,Norte De Santander,2024-06-10,4,2024-07-08,8.37773,8.820874
2024,2024,Norte De Santander,2024-06-17,1,2024-06-24,8.318732,8.645318
2024,2024,Norte De Santander,2024-06-17,2,2024-07-01,7.256766,8.438276
2024,2024,Norte De Santander,2024-06-17,3,2024-07-08,8.37773,8.130218
2024,2024,Norte De Santander,2024-06-17,4,2024-07-15,7.787748,7.7449393
2024,2024,Norte De Santander,2024-06-24,1,2024-07-01,7.256766,7.755391
2024,2024,Norte De Santander,2024-06-24,2,2024-07-08,8.37773,7.802036
2024,2024,Norte De Santander,2024-06-24,3,2024-07-15,7.787748,7.5386324
2024,2024,Norte De Santander,2024-06-24,4,2024-07-22,6.5487885,7.3174324
2024,2024,Norte De Santander,2024-07-01,1,2024-07-08,8.37773,7.766449
2024,2024,Norte De Santander,2024-07-01,2,2024-07-15,7.787748,7.7195873
2024,2024,Norte De Santander,2024-07-01,3,2024-07-22,6.5487885,7.439386
2024,2024,Norte De Santander,2024-07-01,4,2024-07-29,7.4337597,7.2425237
2024,2024,Norte De Santander,2024-07-08,1,2024-07-15,7.787748,7.2145596
2024,2024,Norte De Santander,2024-07-08,2,2024-07-22,6.5487885,6.958979
2024,2024,Norte De Santander,2024-07-08,3,2024-07-29,7.4337597,6.6451354
2024,2024,Norte De Santander,2024-07-08,4,2024-08-05,5.486823,6.342144
2024,2024,Norte De Santander,2024-07-15,1,2024-07-22,6.5487885,7.0133915
2024,2024,Norte De Santander,2024-07-15,2,2024-07-29,7.4337597,6.995805
2024,2024,Norte De Santander,2024-07-15,3,2024-08-05,5.486823,6.6523457
2024,2024,Norte De Santander,2024-07-15,4,2024-08-12,5.7818136,6.249707
2024,2024,Norte De Santander,2024-07-22,1,2024-07-29,7.4337597,6.8626804
2024,2024,Norte De Santander,2024-07-22,2,2024-08-05,5.486823,6.808586
2024,2024,Norte De Santander,2024-07-22,3,2024-08-12,5.7818136,6.5001955
2024,2024,Norte De Santander,2024-07-22,4,2024-08-19,4.896842,6.0911484
2024,2024,Norte De Santander,2024-07-29,1,2024-08-05,5.486823,6.214541
2024,2024,Norte De Santander,2024-07-29,2,2024-08-12,5.7818136,6.21826
2024,2024,Norte De Santander,2024-07-29,3,2024-08-19,4.896842,5.997699
2024,2024,Norte De Santander,2024-07-29,4,2024-08-26,5.486823,5.655691
2024,2024,Norte De Santander,2024-08-05,1,2024-08-12,5.7818136,6.3945107
2024,2024,Norte De Santander,2024-08-05,2,2024-08-19,4.896842,6.352317
2024,2024,Norte De Santander,2024-08-05,3,2024-08-26,5.486823,6.144244
2024,2024,Norte De Santander,2024-08-05,4,2024-09-02,4.1888647,5.7706957
2024,2024,Norte De Santander,2024-08-12,1,2024-08-19,4.896842,5.606329
2024,2024,Norte De Santander,2024-08-12,2,2024-08-26,5.486823,5.461713
2024,2024,Norte De Santander,2024-08-12,3,2024-09-02,4.1888647,5.360282
2024,2024,Norte De Santander,2024-08-12,4,2024-09-09,4.7198477,5.078127
2024,2024,Norte De Santander,2024-08-19,1,2024-08-26,5.486823,5.451755
2024,2024,Norte De Santander,2024-08-19,2,2024-09-02,4.1888647,5.381491
2024,2024,Norte De Santander,2024-08-19,3,2024-09-09,4.7198477,5.275224
2024,2024,Norte De Santander,2024-08-19,4,2024-09-16,4.306861,4.977375
2024,2024,Norte De Santander,2024-08-26,1,2024-09-02,4.1888647,4.9390855
2024,2024,Norte De Santander,2024-08-26,2,2024-09-09,4.7198477,4.82114
2024,2024,Norte De Santander,2024-08-26,3,2024-09-16,4.306861,4.7665453
2024,2024,Norte De Santander,2024-08-26,4,2024-09-23,4.247863,4.5127134
2024,2024,Norte De Santander,2024-09-02,1,2024-09-09,4.7198477,4.8899927
2024,2024,Norte De Santander,2024-09-02,2,2024-09-16,4.306861,4.788006
2024,2024,Norte De Santander,2024-09-02,3,2024-09-23,4.247863,4.732402
2024,2024,Norte De Santander,2024-09-02,4,2024-09-30,3.8938744,4.600705
2024,2024,Norte De Santander,2024-09-09,1,2024-09-16,4.306861,4.228631
2024,2024,Norte De Santander,2024-09-09,2,2024-09-23,4.247863,4.140311
2024,2024,Norte De Santander,2024-09-09,3,2024-09-30,3.8938744,4.119672
2024,2024,Norte De Santander,2024-09-09,4,2024-10-07,4.0708685,4.0413594
2024,2024,Norte De Santander,2024-09-16,1,2024-09-23,4.247863,4.334179
2024,2024,Norte De Santander,2024-09-16,2,2024-09-30,3.8938744,4.2802134
2024,2024,Norte De Santander,2024-09-16,3,2024-10-07,4.0708685,4.234222
2024,2024,Norte De Santander,2024-09-16,4,2024-10-14,4.9558396,4.161726
2024,2024,Norte De Santander,2024-09-23,1,2024-09-30,3.8938744,4.2276073
2024,2024,Norte De Santander,2024-09-23,2,2024-10-07,4.0708685,4.297961
2024,2024,Norte De Santander,2024-09-23,3,2024-10-14,4.9558396,4.238668
2024,2024,Norte De Santander,2024-09-23,4,2024-10-21,5.1918325,4.1749163
2024,2024,Norte De Santander,2024-09-30,1,2024-10-07,4.0708685,4.0146885
2024,2024,Norte De Santander,2024-09-30,2,2024-10-14,4.9558396,4.078606
2024,2024,Norte De Santander,2024-09-30,3,2024-10-21,5.1918325,4.055739
2024,2024,Norte De Santander,2024-09-30,4,2024-10-28,4.601851,4.0417337
2024,2024,Norte De Santander,2024-10-07,1,2024-10-14,4.9558396,3.649882
2024,2024,Norte De Santander,2024-10-07,2,2024-10-21,5.1918325,3.7423317
2024,2024,Norte De Santander,2024-10-07,3,2024-10-28,4.601851,3.7542899
2024,2024,Norte De Santander,2024-10-07,4,2024-11-04,5.1328344,3.7594366
2024,2024,Norte De Santander,2024-10-14,1,2024-10-21,5.1918325,3.811362
2024,2024,Norte De Santander,2024-10-14,2,2024-10-28,4.601851,3.8807209
2024,2024,Norte De Santander,2024-10-14,3,2024-11-04,5.1328344,3.9061594
2024,2024,Norte De Santander,2024-10-14,4,2024-11-11,5.0148377,3.9029396
2024,2024,Norte De Santander,2024-10-21,1,2024-10-28,4.601851,4.443454
2024,2024,Norte De Santander,2024-10-21,2,2024-11-04,5.1328344,4.557313
2024,2024,Norte De Santander,2024-10-21,3,2024-11-11,5.0148377,4.5310044
2024,2024,Norte De Santander,2024-10-21,4,2024-11-18,6.076804,4.545583
2024,2024,Norte De Santander,2024-10-28,1,2024-11-04,5.1328344,4.8443933
2024,2024,Norte De Santander,2024-10-28,2,2024-11-11,5.0148377,4.980938
2024,2024,Norte De Santander,2024-10-28,3,2024-11-18,6.076804,4.952322
2024,2024,Norte De Santander,2024-10-28,4,2024-11-25,5.073836,5.022246
2024,2024,Norte De Santander,2024-11-04,1,2024-11-11,5.0148377,4.6145587
2024,2024,Norte De Santander,2024-11-04,2,2024-11-18,6.076804,4.7881308
2024,2024,Norte De Santander,2024-11-04,3,2024-11-25,5.073836,4.8074694
2024,2024,Norte De Santander,2024-11-04,4,2024-12-02,6.0178056,4.960524
2024,2024,Norte De Santander,2024-11-11,1,2024-11-18,6.076804,4.6975894
2024,2024,Norte De Santander,2024-11-11,2,2024-11-25,5.073836,4.8290453
2024,2024,Norte De Santander,2024-11-11,3,2024-12-02,6.0178056,4.864004
2024,2024,Norte De Santander,2024-11-11,4,2024-12-09,6.7847815,5.0094433
2024,2024,Norte De Santander,2024-11-18,1,2024-11-25,5.073836,4.886798
2024,2024,Norte De Santander,2024-11-18,2,2024-12-02,6.0178056,5.062242
2024,2024,Norte De Santander,2024-11-18,3,2024-12-09,6.7847815,5.1360426
2024,2024,Norte De Santander,2024-11-18,4,2024-12-16,6.843779,5.272753
2024,2024,Putumayo,2024-04-15,1,2024-04-22,38.9206,20.78381
2024,2024,Putumayo,2024-04-15,2,2024-04-29,36.58537,21.291067
2024,2024,Putumayo,2024-04-15,3,2024-05-06,41.774784,20.157967
2024,2024,Putumayo,2024-04-15,4,2024-05-13,39.958485,18.816053
2024,2024,Putumayo,2024-04-22,1,2024-04-29,36.58537,23.544495
2024,2024,Putumayo,2024-04-22,2,2024-05-06,41.774784,23.775
2024,2024,Putumayo,2024-04-22,3,2024-05-13,39.958485,22.981668
2024,2024,Putumayo,2024-04-22,4,2024-05-20,35.02854,20.93122
2024,2024,Putumayo,2024-04-29,1,2024-05-06,41.774784,26.10198
2024,2024,Putumayo,2024-04-29,2,2024-05-13,39.958485,27.85566
2024,2024,Putumayo,2024-04-29,3,2024-05-20,35.02854,27.537266
2024,2024,Putumayo,2024-04-29,4,2024-05-27,38.661137,23.837442
2024,2024,Putumayo,2024-05-06,1,2024-05-13,39.958485,27.93772
2024,2024,Putumayo,2024-05-06,2,2024-05-20,35.02854,29.641861
2024,2024,Putumayo,2024-05-06,3,2024-05-27,38.661137,29.828243
2024,2024,Putumayo,2024-05-06,4,2024-06-03,31.914896,25.242374
2024,2024,Putumayo,2024-05-13,1,2024-05-20,35.02854,31.482738
2024,2024,Putumayo,2024-05-13,2,2024-05-27,38.661137,33.601208
2024,2024,Putumayo,2024-05-13,3,2024-06-03,31.914896,33.521057
2024,2024,Putumayo,2024-05-13,4,2024-06-10,33.990658,27.816883
2024,2024,Putumayo,2024-05-20,1,2024-05-27,38.661137,30.364153
2024,2024,Putumayo,2024-05-20,2,2024-06-03,31.914896,32.18665
2024,2024,Putumayo,2024-05-20,3,2024-06-10,33.990658,32.06125
2024,2024,Putumayo,2024-05-20,4,2024-06-17,30.617538,26.4291
2024,2024,Putumayo,2024-05-27,1,2024-06-03,31.914896,27.292528
2024,2024,Putumayo,2024-05-27,2,2024-06-10,33.990658,28.460194
2024,2024,Putumayo,2024-05-27,3,2024-06-17,30.617538,28.199448
2024,2024,Putumayo,2024-05-27,4,2024-06-24,25.947067,23.536585
2024,2024,Putumayo,2024-06-03,1,2024-06-10,33.990658,26.999289
2024,2024,Putumayo,2024-06-03,2,2024-06-17,30.617538,27.515604
2024,2024,Putumayo,2024-06-03,3,2024-06-24,25.947067,27.75988
2024,2024,Putumayo,2024-06-03,4,2024-07-01,17.384533,22.70767
2024,2024,Putumayo,2024-06-10,1,2024-06-17,30.617538,23.88736
2024,2024,Putumayo,2024-06-10,2,2024-06-24,25.947067,23.735868
2024,2024,Putumayo,2024-06-10,3,2024-07-01,17.384533,23.550032
2024,2024,Putumayo,2024-06-10,4,2024-07-08,20.498182,19.156248
2024,2024,Putumayo,2024-06-17,1,2024-06-24,25.947067,27.87499
2024,2024,Putumayo,2024-06-17,2,2024-07-01,17.384533,27.689949
2024,2024,Putumayo,2024-06-17,3,2024-07-08,20.498182,27.271812
2024,2024,Putumayo,2024-06-17,4,2024-07-15,17.903477,23.044548
2024,2024,Putumayo,2024-06-24,1,2024-07-01,17.384533,24.730183
2024,2024,Putumayo,2024-06-24,2,2024-07-08,20.498182,23.980232
2024,2024,Putumayo,2024-06-24,3,2024-07-15,17.903477,23.930164
2024,2024,Putumayo,2024-06-24,4,2024-07-22,9.340945,19.845577
2024,2024,Putumayo,2024-07-01,1,2024-07-08,20.498182,23.419626
2024,2024,Putumayo,2024-07-01,2,2024-07-15,17.903477,22.926676
2024,2024,Putumayo,2024-07-01,3,2024-07-22,9.340945,22.73973
2024,2024,Putumayo,2024-07-01,4,2024-07-29,9.081473,19.16639
2024,2024,Putumayo,2024-07-08,1,2024-07-15,17.903477,17.014456
2024,2024,Putumayo,2024-07-08,2,2024-07-22,9.340945,15.336762
2024,2024,Putumayo,2024-07-08,3,2024-07-29,9.081473,14.847982
2024,2024,Putumayo,2024-07-08,4,2024-08-05,9.340945,12.247188
2024,2024,Putumayo,2024-07-15,1,2024-07-22,9.340945,16.551237
2024,2024,Putumayo,2024-07-15,2,2024-07-29,9.081473,15.373955
2024,2024,Putumayo,2024-07-15,3,2024-08-05,9.340945,15.070793
2024,2024,Putumayo,2024-07-15,4,2024-08-12,8.0435915,12.774377
2024,2024,Putumayo,2024-07-22,1,2024-07-29,9.081473,14.282963
2024,2024,Putumayo,2024-07-22,2,2024-08-05,9.340945,13.371988
2024,2024,Putumayo,2024-07-22,3,2024-08-12,8.0435915,13.03344
2024,2024,Putumayo,2024-07-22,4,2024-08-19,6.746238,11.114816
2024,2024,Putumayo,2024-07-29,1,2024-08-05,9.340945,9.14714
2024,2024,Putumayo,2024-07-29,2,2024-08-12,8.0435915,8.42409
2024,2024,Putumayo,2024-07-29,3,2024-08-19,6.746238,8.575876
2024,2024,Putumayo,2024-07-29,4,2024-08-26,6.227296,7.2979126
2024,2024,Putumayo,2024-08-05,1,2024-08-12,8.0435915,7.7398305
2024,2024,Putumayo,2024-08-05,2,2024-08-19,6.746238,7.5712876
2024,2024,Putumayo,2024-08-05,3,2024-08-26,6.227296,7.875681
2024,2024,Putumayo,2024-08-05,4,2024-09-02,3.373119,6.9230204
2024,2024,Putumayo,2024-08-12,1,2024-08-19,6.746238,7.762763
2024,2024,Putumayo,2024-08-12,2,2024-08-26,6.227296,7.9099116
2024,2024,Putumayo,2024-08-12,3,2024-09-02,3.373119,8.314341
2024,2024,Putumayo,2024-08-12,4,2024-09-09,6.746238,7.402913
2024,2024,Putumayo,2024-08-19,1,2024-08-26,6.227296,7.1933494
2024,2024,Putumayo,2024-08-19,2,2024-09-02,3.373119,7.3142223
2024,2024,Putumayo,2024-08-19,3,2024-09-09,6.746238,7.212991
2024,2024,Putumayo,2024-08-19,4,2024-09-16,4.4110017,6.4147243
2024,2024,Putumayo,2024-08-26,1,2024-09-02,3.373119,6.309932
2024,2024,Putumayo,2024-08-26,2,2024-09-09,6.746238,6.222699
2024,2024,Putumayo,2024-08-26,3,2024-09-16,4.4110017,5.826138
2024,2024,Putumayo,2024-08-26,4,2024-09-23,5.448884,5.2206383
2024,2024,Putumayo,2024-09-02,1,2024-09-09,6.746238,5.376744
2024,2024,Putumayo,2024-09-02,2,2024-09-16,4.4110017,5.47017
2024,2024,Putumayo,2024-09-02,3,2024-09-23,5.448884,4.9595613
2024,2024,Putumayo,2024-09-02,4,2024-09-30,6.4867673,4.484185
2024,2024,Putumayo,2024-09-09,1,2024-09-16,4.4110017,4.1693716
2024,2024,Putumayo,2024-09-09,2,2024-09-23,5.448884,4.325179
2024,2024,Putumayo,2024-09-09,3,2024-09-30,6.4867673,3.8553016
2024,2024,Putumayo,2024-09-09,4,2024-10-07,7.0057087,3.4370394
2024,2024,Putumayo,2024-09-16,1,2024-09-23,5.448884,4.2975354
2024,2024,Putumayo,2024-09-16,2,2024-09-30,6.4867673,4.355833
2024,2024,Putumayo,2024-09-16,3,2024-10-07,7.0057087,3.7993505
2024,2024,Putumayo,2024-09-16,4,2024-10-14,2.335236,3.4170358
2024,2024,Putumayo,2024-09-23,1,2024-09-30,6.4867673,3.446055
2024,2024,Putumayo,2024-09-23,2,2024-10-07,7.0057087,3.2241426
2024,2024,Putumayo,2024-09-23,3,2024-10-14,2.335236,2.7884157
2024,2024,Putumayo,2024-09-23,4,2024-10-21,7.0057087,2.547354
2024,2024,Putumayo,2024-09-30,1,2024-10-07,7.0057087,3.0130742
2024,2024,Putumayo,2024-09-30,2,2024-10-14,2.335236,2.8234863
2024,2024,Putumayo,2024-09-30,3,2024-10-21,7.0057087,2.3954833
2024,2024,Putumayo,2024-09-30,4,2024-10-28,8.3030615,2.3349164
2024,2024,Putumayo,2024-10-07,1,2024-10-14,2.335236,2.9383483
2024,2024,Putumayo,2024-10-07,2,2024-10-21,7.0057087,2.647287
2024,2024,Putumayo,2024-10-07,3,2024-10-28,8.3030615,2.2871761
2024,2024,Putumayo,2024-10-07,4,2024-11-04,9.081473,2.3717468
2024,2024,Putumayo,2024-10-14,1,2024-10-21,7.0057087,2.578632
2024,2024,Putumayo,2024-10-14,2,2024-10-28,8.3030615,2.2987778
2024,2024,Putumayo,2024-10-14,3,2024-11-04,9.081473,2.0161717
2024,2024,Putumayo,2024-10-14,4,2024-11-11,8.3030615,2.1756914
2024,2024,Putumayo,2024-10-21,1,2024-10-28,8.3030615,2.1270437
2024,2024,Putumayo,2024-10-21,2,2024-11-04,9.081473,1.8833328
2024,2024,Putumayo,2024-10-21,3,2024-11-11,8.3030615,1.7125851
2024,2024,Putumayo,2024-10-21,4,2024-11-18,11.416711,1.8955842
2024,2024,Putumayo,2024-10-28,1,2024-11-04,9.081473,2.3235655
2024,2024,Putumayo,2024-10-28,2,2024-11-11,8.3030615,2.061624
2024,2024,Putumayo,2024-10-28,3,2024-11-18,11.416711,1.855747
2024,2024,Putumayo,2024-10-28,4,2024-11-25,13.492475,2.1312873
2024,2024,Putumayo,2024-11-04,1,2024-11-11,8.3030615,2.7534895
2024,2024,Putumayo,2024-11-04,2,2024-11-18,11.416711,2.5223536
2024,2024,Putumayo,2024-11-04,3,2024-11-25,13.492475,2.3974988
2024,2024,Putumayo,2024-11-04,4,2024-12-02,15.568242,2.7097175
2024,2024,Putumayo,2024-11-11,1,2024-11-18,11.416711,3.3159974
2024,2024,Putumayo,2024-11-11,2,2024-11-25,13.492475,3.0086932
2024,2024,Putumayo,2024-11-11,3,2024-12-02,15.568242,2.8638632
2024,2024,Putumayo,2024-11-11,4,2024-12-09,10.638297,3.3192775
2024,2024,Putumayo,2024-11-18,1,2024-11-25,13.492475,4.133014
2024,2024,Putumayo,2024-11-18,2,2024-12-02,15.568242,3.7070513
2024,2024,Putumayo,2024-11-18,3,2024-12-09,10.638297,3.4932477
2024,2024,Putumayo,2024-11-18,4,2024-12-16,13.233006,4.012877
2024,2024,Quindio,2024-04-15,1,2024-04-22,32.32294,16.124622
2024,2024,Quindio,2024-04-15,2,2024-04-29,26.576643,17.8997
2024,2024,Quindio,2024-04-15,3,2024-05-06,29.090647,18.488064
2024,2024,Quindio,2024-04-15,4,2024-05-13,26.037924,19.121975
2024,2024,Quindio,2024-04-22,1,2024-04-29,26.576643,18.218975
2024,2024,Quindio,2024-04-22,2,2024-05-06,29.090647,19.826223
2024,2024,Quindio,2024-04-22,3,2024-05-13,26.037924,20.70017
2024,2024,Quindio,2024-04-22,4,2024-05-20,39.864964,20.967882
2024,2024,Quindio,2024-04-29,1,2024-05-06,29.090647,19.254787
2024,2024,Quindio,2024-04-29,2,2024-05-13,26.037924,21.25406
2024,2024,Quindio,2024-04-29,3,2024-05-20,39.864964,22.367785
2024,2024,Quindio,2024-04-29,4,2024-05-27,32.861656,22.669188
2024,2024,Quindio,2024-05-06,1,2024-05-13,26.037924,17.678715
2024,2024,Quindio,2024-05-06,2,2024-05-20,39.864964,18.906332
2024,2024,Quindio,2024-05-06,3,2024-05-27,32.861656,19.77116
2024,2024,Quindio,2024-05-06,4,2024-06-03,33.93909,20.632252
2024,2024,Quindio,2024-05-13,1,2024-05-20,39.864964,17.596136
2024,2024,Quindio,2024-05-13,2,2024-05-27,32.861656,18.60097
2024,2024,Quindio,2024-05-13,3,2024-06-03,33.93909,19.467333
2024,2024,Quindio,2024-05-13,4,2024-06-10,30.886364,19.68012
2024,2024,Quindio,2024-05-20,1,2024-05-27,32.861656,16.816547
2024,2024,Quindio,2024-05-20,2,2024-06-03,33.93909,17.899002
2024,2024,Quindio,2024-05-20,3,2024-06-10,30.886364,18.16785
2024,2024,Quindio,2024-05-20,4,2024-06-17,24.421778,17.877522
2024,2024,Quindio,2024-05-27,1,2024-06-03,33.93909,23.017746
2024,2024,Quindio,2024-05-27,2,2024-06-10,30.886364,25.708828
2024,2024,Quindio,2024-05-27,3,2024-06-17,24.421778,26.590954
2024,2024,Quindio,2024-05-27,4,2024-06-24,31.245512,25.128326
2024,2024,Quindio,2024-06-03,1,2024-06-10,30.886364,22.913822
2024,2024,Quindio,2024-06-03,2,2024-06-17,24.421778,25.17303
2024,2024,Quindio,2024-06-03,3,2024-06-24,31.245512,25.500465
2024,2024,Quindio,2024-06-03,4,2024-07-01,27.654076,23.56905
2024,2024,Quindio,2024-06-10,1,2024-06-17,24.421778,22.828741
2024,2024,Quindio,2024-06-10,2,2024-06-24,31.245512,24.794275
2024,2024,Quindio,2024-06-10,3,2024-07-01,27.654076,24.917103
2024,2024,Quindio,2024-06-10,4,2024-07-08,26.037924,22.848003
2024,2024,Quindio,2024-06-17,1,2024-06-24,31.245512,22.012655
2024,2024,Quindio,2024-06-17,2,2024-07-01,27.654076,23.142967
2024,2024,Quindio,2024-06-17,3,2024-07-08,26.037924,23.251806
2024,2024,Quindio,2024-06-17,4,2024-07-15,39.505817,21.09172
2024,2024,Quindio,2024-06-24,1,2024-07-01,27.654076,19.691637
2024,2024,Quindio,2024-06-24,2,2024-07-08,26.037924,19.888023
2024,2024,Quindio,2024-06-24,3,2024-07-15,39.505817,20.101252
2024,2024,Quindio,2024-06-24,4,2024-07-22,30.347652,18.284164
2024,2024,Quindio,2024-07-01,1,2024-07-08,26.037924,23.783005
2024,2024,Quindio,2024-07-01,2,2024-07-15,39.505817,23.855534
2024,2024,Quindio,2024-07-01,3,2024-07-22,30.347652,24.094025
2024,2024,Quindio,2024-07-01,4,2024-07-29,22.266918,21.757042
2024,2024,Quindio,2024-07-08,1,2024-07-15,39.505817,23.664965
2024,2024,Quindio,2024-07-08,2,2024-07-22,30.347652,22.380753
2024,2024,Quindio,2024-07-08,3,2024-07-29,22.266918,22.51107
2024,2024,Quindio,2024-07-08,4,2024-08-05,19.75291,19.726698
2024,2024,Quindio,2024-07-15,1,2024-07-22,30.347652,22.759531
2024,2024,Quindio,2024-07-15,2,2024-07-29,22.266918,21.15263
2024,2024,Quindio,2024-07-15,3,2024-08-05,19.75291,20.767029
2024,2024,Quindio,2024-07-15,4,2024-08-12,15.443184,17.921062
2024,2024,Quindio,2024-07-22,1,2024-07-29,22.266918,30.219002
2024,2024,Quindio,2024-07-22,2,2024-08-05,19.75291,30.733273
2024,2024,Quindio,2024-07-22,3,2024-08-12,15.443184,30.962843
2024,2024,Quindio,2024-07-22,4,2024-08-19,13.467894,26.775105
2024,2024,Quindio,2024-07-29,1,2024-08-05,19.75291,26.688562
2024,2024,Quindio,2024-07-29,2,2024-08-12,15.443184,26.40189
2024,2024,Quindio,2024-07-29,3,2024-08-19,13.467894,26.478996
2024,2024,Quindio,2024-07-29,4,2024-08-26,19.03462,22.807259
2024,2024,Quindio,2024-08-05,1,2024-08-12,15.443184,21.392183
2024,2024,Quindio,2024-08-05,2,2024-08-19,13.467894,19.790071
2024,2024,Quindio,2024-08-05,3,2024-08-26,19.03462,20.239035
2024,2024,Quindio,2024-08-05,4,2024-09-02,14.365754,17.8662
2024,2024,Quindio,2024-08-12,1,2024-08-19,13.467894,16.803066
2024,2024,Quindio,2024-08-12,2,2024-08-26,19.03462,14.562913
2024,2024,Quindio,2024-08-12,3,2024-09-02,14.365754,14.684301
2024,2024,Quindio,2024-08-12,4,2024-09-09,16.341045,12.650859
2024,2024,Quindio,2024-08-19,1,2024-08-26,19.03462,13.911013
2024,2024,Quindio,2024-08-19,2,2024-09-02,14.365754,12.753234
2024,2024,Quindio,2024-08-19,3,2024-09-09,16.341045,12.401865
2024,2024,Quindio,2024-08-19,4,2024-09-16,18.855051,10.444405
2024,2024,Quindio,2024-08-26,1,2024-09-02,14.365754,11.751809
2024,2024,Quindio,2024-08-26,2,2024-09-09,16.341045,10.627616
2024,2024,Quindio,2024-08-26,3,2024-09-16,18.855051,10.453612
2024,2024,Quindio,2024-08-26,4,2024-09-23,21.369059,9.069382
2024,2024,Quindio,2024-09-02,1,2024-09-09,16.341045,14.295951
2024,2024,Quindio,2024-09-02,2,2024-09-16,18.855051,13.73043
2024,2024,Quindio,2024-09-02,3,2024-09-23,21.369059,13.035166
2024,2024,Quindio,2024-09-02,4,2024-09-30,15.443184,11.498129
2024,2024,Quindio,2024-09-09,1,2024-09-16,18.855051,12.640022
2024,2024,Quindio,2024-09-09,2,2024-09-23,21.369059,12.513842
2024,2024,Quindio,2024-09-09,3,2024-09-30,15.443184,11.778423
2024,2024,Quindio,2024-09-09,4,2024-10-07,14.365754,10.482641
2024,2024,Quindio,2024-09-16,1,2024-09-23,21.369059,11.879187
2024,2024,Quindio,2024-09-16,2,2024-09-30,15.443184,11.871635
2024,2024,Quindio,2024-09-16,3,2024-10-07,14.365754,11.718273
2024,2024,Quindio,2024-09-16,4,2024-10-14,16.161472,10.353054
2024,2024,Quindio,2024-09-23,1,2024-09-30,15.443184,13.744808
2024,2024,Quindio,2024-09-23,2,2024-10-07,14.365754,14.136957
2024,2024,Quindio,2024-09-23,3,2024-10-14,16.161472,14.070109
2024,2024,Quindio,2024-09-23,4,2024-10-21,20.830341,12.594008
2024,2024,Quindio,2024-09-30,1,2024-10-07,14.365754,15.365509
2024,2024,Quindio,2024-09-30,2,2024-10-14,16.161472,16.49664
2024,2024,Quindio,2024-09-30,3,2024-10-21,20.830341,16.752995
2024,2024,Quindio,2024-09-30,4,2024-10-28,18.495909,15.678179
2024,2024,Quindio,2024-10-07,1,2024-10-14,16.161472,11.566293
2024,2024,Quindio,2024-10-07,2,2024-10-21,20.830341,12.034234
2024,2024,Quindio,2024-10-07,3,2024-10-28,18.495909,11.708189
2024,2024,Quindio,2024-10-07,4,2024-11-04,15.622757,10.844648
2024,2024,Quindio,2024-10-14,1,2024-10-21,20.830341,10.691129
2024,2024,Quindio,2024-10-14,2,2024-10-28,18.495909,11.02363
2024,2024,Quindio,2024-10-14,3,2024-11-04,15.622757,10.490805
2024,2024,Quindio,2024-10-14,4,2024-11-11,15.084041,9.608838
2024,2024,Quindio,2024-10-21,1,2024-10-28,18.495909,10.647574
2024,2024,Quindio,2024-10-21,2,2024-11-04,15.622757,10.8534565
2024,2024,Quindio,2024-10-21,3,2024-11-11,15.084041,9.98617
2024,2024,Quindio,2024-10-21,4,2024-11-18,9.517311,9.165128
2024,2024,Quindio,2024-10-28,1,2024-11-04,15.622757,12.713952
2024,2024,Quindio,2024-10-28,2,2024-11-11,15.084041,12.42796
2024,2024,Quindio,2024-10-28,3,2024-11-18,9.517311,11.603293
2024,2024,Quindio,2024-10-28,4,2024-11-25,10.235599,10.943696
2024,2024,Quindio,2024-11-04,1,2024-11-11,15.084041,13.192299
2024,2024,Quindio,2024-11-04,2,2024-11-18,9.517311,12.859674
2024,2024,Quindio,2024-11-04,3,2024-11-25,10.235599,12.144891
2024,2024,Quindio,2024-11-04,4,2024-12-02,10.953886,11.946696
2024,2024,Quindio,2024-11-11,1,2024-11-18,9.517311,11.860809
2024,2024,Quindio,2024-11-11,2,2024-11-25,10.235599,11.139189
2024,2024,Quindio,2024-11-11,3,2024-12-02,10.953886,10.280896
2024,2024,Quindio,2024-11-11,4,2024-12-09,9.517311,10.045471
2024,2024,Quindio,2024-11-18,1,2024-11-25,10.235599,11.235316
2024,2024,Quindio,2024-11-18,2,2024-12-02,10.953886,11.01786
2024,2024,Quindio,2024-11-18,3,2024-12-09,9.517311,10.315826
2024,2024,Quindio,2024-11-18,4,2024-12-16,10.415171,9.975193
2024,2024,Risaralda,2024-04-15,1,2024-04-22,23.248123,13.306792
2024,2024,Risaralda,2024-04-15,2,2024-04-29,26.45476,14.8999195
2024,2024,Risaralda,2024-04-15,3,2024-05-06,17.736715,15.39881
2024,2024,Risaralda,2024-04-15,4,2024-05-13,22.64688,15.741719
2024,2024,Risaralda,2024-04-22,1,2024-04-29,26.45476,13.6519985
2024,2024,Risaralda,2024-04-22,2,2024-05-06,17.736715,14.781482
2024,2024,Risaralda,2024-04-22,3,2024-05-13,22.64688,15.224491
2024,2024,Risaralda,2024-04-22,4,2024-05-20,27.056007,16.005955
2024,2024,Risaralda,2024-04-29,1,2024-05-06,17.736715,14.952049
2024,2024,Risaralda,2024-04-29,2,2024-05-13,22.64688,16.292091
2024,2024,Risaralda,2024-04-29,3,2024-05-20,27.056007,16.982882
2024,2024,Risaralda,2024-04-29,4,2024-05-27,19.84107,17.662088
2024,2024,Risaralda,2024-05-06,1,2024-05-13,22.64688,17.118414
2024,2024,Risaralda,2024-05-06,2,2024-05-20,27.056007,18.743359
2024,2024,Risaralda,2024-05-06,3,2024-05-27,19.84107,19.365448
2024,2024,Risaralda,2024-05-06,4,2024-06-03,24.550821,19.69212
2024,2024,Risaralda,2024-05-13,1,2024-05-20,27.056007,14.097883
2024,2024,Risaralda,2024-05-13,2,2024-05-27,19.84107,14.877364
2024,2024,Risaralda,2024-05-13,3,2024-06-03,24.550821,15.068349
2024,2024,Risaralda,2024-05-13,4,2024-06-10,24.651028,15.881754
2024,2024,Risaralda,2024-05-20,1,2024-05-27,19.84107,14.695123
2024,2024,Risaralda,2024-05-20,2,2024-06-03,24.550821,15.534672
2024,2024,Risaralda,2024-05-20,3,2024-06-10,24.651028,15.891538
2024,2024,Risaralda,2024-05-20,4,2024-06-17,23.348333,16.26418
2024,2024,Risaralda,2024-05-27,1,2024-06-03,24.550821,16.792454
2024,2024,Risaralda,2024-05-27,2,2024-06-10,24.651028,18.337286
2024,2024,Risaralda,2024-05-27,3,2024-06-17,23.348333,18.624266
2024,2024,Risaralda,2024-05-27,4,2024-06-24,21.544598,18.514393
2024,2024,Risaralda,2024-06-03,1,2024-06-10,24.651028,15.338558
2024,2024,Risaralda,2024-06-03,2,2024-06-17,23.348333,16.220291
2024,2024,Risaralda,2024-06-03,3,2024-06-24,21.544598,15.617887
2024,2024,Risaralda,2024-06-03,4,2024-07-01,17.536299,15.810154
2024,2024,Risaralda,2024-06-10,1,2024-06-17,23.348333,15.691995
2024,2024,Risaralda,2024-06-10,2,2024-06-24,21.544598,16.416862
2024,2024,Risaralda,2024-06-10,3,2024-07-01,17.536299,16.365131
2024,2024,Risaralda,2024-06-10,4,2024-07-08,19.84107,16.341463
2024,2024,Risaralda,2024-06-17,1,2024-06-24,21.544598,16.21367
2024,2024,Risaralda,2024-06-17,2,2024-07-01,17.536299,17.312292
2024,2024,Risaralda,2024-06-17,3,2024-07-08,19.84107,16.824442
2024,2024,Risaralda,2024-06-17,4,2024-07-15,20.542522,16.4378
2024,2024,Risaralda,2024-06-24,1,2024-07-01,17.536299,16.516916
2024,2024,Risaralda,2024-06-24,2,2024-07-08,19.84107,17.313675
2024,2024,Risaralda,2024-06-24,3,2024-07-15,20.542522,16.497965
2024,2024,Risaralda,2024-06-24,4,2024-07-22,19.239826,16.285963
2024,2024,Risaralda,2024-07-01,1,2024-07-08,19.84107,14.944984
2024,2024,Risaralda,2024-07-01,2,2024-07-15,20.542522,14.507233
2024,2024,Risaralda,2024-07-01,3,2024-07-22,19.239826,14.018935
2024,2024,Risaralda,2024-07-01,4,2024-07-29,15.832773,14.010912
2024,2024,Risaralda,2024-07-08,1,2024-07-15,20.542522,13.145077
2024,2024,Risaralda,2024-07-08,2,2024-07-22,19.239826,11.995686
2024,2024,Risaralda,2024-07-08,3,2024-07-29,15.832773,11.521453
2024,2024,Risaralda,2024-07-08,4,2024-08-05,16.534227,11.66357
2024,2024,Risaralda,2024-07-15,1,2024-07-22,19.239826,13.445452
2024,2024,Risaralda,2024-07-15,2,2024-07-29,15.832773,12.133218
2024,2024,Risaralda,2024-07-15,3,2024-08-05,16.534227,11.806034
2024,2024,Risaralda,2024-07-15,4,2024-08-12,16.534227,11.7627125
2024,2024,Risaralda,2024-07-22,1,2024-07-29,15.832773,14.696653
2024,2024,Risaralda,2024-07-22,2,2024-08-05,16.534227,13.325788
2024,2024,Risaralda,2024-07-22,3,2024-08-12,16.534227,13.216381
2024,2024,Risaralda,2024-07-22,4,2024-08-19,12.726343,12.957002
2024,2024,Risaralda,2024-07-29,1,2024-08-05,16.534227,16.253212
2024,2024,Risaralda,2024-07-29,2,2024-08-12,16.534227,15.34307
2024,2024,Risaralda,2024-07-29,3,2024-08-19,12.726343,15.004643
2024,2024,Risaralda,2024-07-29,4,2024-08-26,13.127173,14.334868
2024,2024,Risaralda,2024-08-05,1,2024-08-12,16.534227,13.997533
2024,2024,Risaralda,2024-08-05,2,2024-08-19,12.726343,12.637527
2024,2024,Risaralda,2024-08-05,3,2024-08-26,13.127173,12.429354
2024,2024,Risaralda,2024-08-05,4,2024-09-02,14.730491,11.614765
2024,2024,Risaralda,2024-08-12,1,2024-08-19,12.726343,13.130475
2024,2024,Risaralda,2024-08-12,2,2024-08-26,13.127173,11.48657
2024,2024,Risaralda,2024-08-12,3,2024-09-02,14.730491,11.387511
2024,2024,Risaralda,2024-08-12,4,2024-09-09,14.42987,10.73038
2024,2024,Risaralda,2024-08-19,1,2024-08-26,13.127173,13.735087
2024,2024,Risaralda,2024-08-19,2,2024-09-02,14.730491,12.684403
2024,2024,Risaralda,2024-08-19,3,2024-09-09,14.42987,12.396377
2024,2024,Risaralda,2024-08-19,4,2024-09-16,15.532153,11.700419
2024,2024,Risaralda,2024-08-26,1,2024-09-02,14.730491,11.300143
2024,2024,Risaralda,2024-08-26,2,2024-09-09,14.42987,10.287518
2024,2024,Risaralda,2024-08-26,3,2024-09-16,15.532153,9.878329
2024,2024,Risaralda,2024-08-26,4,2024-09-23,13.127173,9.186867
2024,2024,Risaralda,2024-09-02,1,2024-09-09,14.42987,10.042711
2024,2024,Risaralda,2024-09-02,2,2024-09-16,15.532153,9.241701
2024,2024,Risaralda,2024-09-02,3,2024-09-23,13.127173,8.755845
2024,2024,Risaralda,2024-09-02,4,2024-09-30,14.42987,8.217094
2024,2024,Risaralda,2024-09-09,1,2024-09-16,15.532153,10.116572
2024,2024,Risaralda,2024-09-09,2,2024-09-23,13.127173,9.708948
2024,2024,Risaralda,2024-09-09,3,2024-09-30,14.42987,9.0557165
2024,2024,Risaralda,2024-09-09,4,2024-10-07,10.922608,8.44644
2024,2024,Risaralda,2024-09-16,1,2024-09-23,13.127173,10.070812
2024,2024,Risaralda,2024-09-16,2,2024-09-30,14.42987,9.751203
2024,2024,Risaralda,2024-09-16,3,2024-10-07,10.922608,9.019477
2024,2024,Risaralda,2024-09-16,4,2024-10-14,11.223231,8.431467
2024,2024,Risaralda,2024-09-23,1,2024-09-30,14.42987,11.149494
2024,2024,Risaralda,2024-09-23,2,2024-10-07,10.922608,10.962773
2024,2024,Risaralda,2024-09-23,3,2024-10-14,11.223231,10.445139
2024,2024,Risaralda,2024-09-23,4,2024-10-21,11.72427,9.997166
2024,2024,Risaralda,2024-09-30,1,2024-10-07,10.922608,10.5377865
2024,2024,Risaralda,2024-09-30,2,2024-10-14,11.223231,10.303743
2024,2024,Risaralda,2024-09-30,3,2024-10-21,11.72427,9.762788
2024,2024,Risaralda,2024-09-30,4,2024-10-28,8.718047,9.2241745
2024,2024,Risaralda,2024-10-07,1,2024-10-14,11.223231,10.285316
2024,2024,Risaralda,2024-10-07,2,2024-10-21,11.72427,10.19275
2024,2024,Risaralda,2024-10-07,3,2024-10-28,8.718047,9.577702
2024,2024,Risaralda,2024-10-07,4,2024-11-04,10.922608,8.887028
2024,2024,Risaralda,2024-10-14,1,2024-10-21,11.72427,9.631332
2024,2024,Risaralda,2024-10-14,2,2024-10-28,8.718047,9.303936
2024,2024,Risaralda,2024-10-14,3,2024-11-04,10.922608,8.958784
2024,2024,Risaralda,2024-10-14,4,2024-11-11,7.615764,8.443692
2024,2024,Risaralda,2024-10-21,1,2024-10-28,8.718047,9.05266
2024,2024,Risaralda,2024-10-21,2,2024-11-04,10.922608,8.791649
2024,2024,Risaralda,2024-10-21,3,2024-11-11,7.615764,8.296051
2024,2024,Risaralda,2024-10-21,4,2024-11-18,7.1147275,7.6884365
2024,2024,Risaralda,2024-10-28,1,2024-11-04,10.922608,8.9672
2024,2024,Risaralda,2024-10-28,2,2024-11-11,7.615764,8.577059
2024,2024,Risaralda,2024-10-28,3,2024-11-18,7.1147275,8.073087
2024,2024,Risaralda,2024-10-28,4,2024-11-25,6.7138977,7.557792
2024,2024,Risaralda,2024-11-04,1,2024-11-11,7.615764,7.706685
2024,2024,Risaralda,2024-11-04,2,2024-11-18,7.1147275,7.3923635
2024,2024,Risaralda,2024-11-04,3,2024-11-25,6.7138977,6.973298
2024,2024,Risaralda,2024-11-04,4,2024-12-02,7.0145206,6.624975
2024,2024,Risaralda,2024-11-11,1,2024-11-18,7.1147275,7.562527
2024,2024,Risaralda,2024-11-11,2,2024-11-25,6.7138977,7.1247807
2024,2024,Risaralda,2024-11-11,3,2024-12-02,7.0145206,6.6450405
2024,2024,Risaralda,2024-11-11,4,2024-12-09,9.720122,6.3173566
2024,2024,Risaralda,2024-11-18,1,2024-11-25,6.7138977,6.624377
2024,2024,Risaralda,2024-11-18,2,2024-12-02,7.0145206,6.286143
2024,2024,Risaralda,2024-11-18,3,2024-12-09,9.720122,5.961164
2024,2024,Risaralda,2024-11-18,4,2024-12-16,7.715973,5.846395
2024,2024,Santander,2024-04-15,1,2024-04-22,34.360367,23.10088
2024,2024,Santander,2024-04-15,2,2024-04-29,29.655767,26.319551
2024,2024,Santander,2024-04-15,3,2024-05-06,32.890175,26.37528
2024,2024,Santander,2024-04-15,4,2024-05-13,33.77229,23.497095
2024,2024,Santander,2024-04-22,1,2024-04-29,29.655767,23.15454
2024,2024,Santander,2024-04-22,2,2024-05-06,32.890175,25.27699
2024,2024,Santander,2024-04-22,3,2024-05-13,33.77229,26.080175
2024,2024,Santander,2024-04-22,4,2024-05-20,37.258728,23.850828
2024,2024,Santander,2024-04-29,1,2024-05-06,32.890175,26.057987
2024,2024,Santander,2024-04-29,2,2024-05-13,33.77229,29.440556
2024,2024,Santander,2024-04-29,3,2024-05-20,37.258728,30.7391
2024,2024,Santander,2024-04-29,4,2024-05-27,39.905064,27.434734
2024,2024,Santander,2024-05-06,1,2024-05-13,33.77229,25.584404
2024,2024,Santander,2024-05-06,2,2024-05-20,37.258728,28.606596
2024,2024,Santander,2024-05-06,3,2024-05-27,39.905064,29.808735
2024,2024,Santander,2024-05-06,4,2024-06-03,34.02432,26.357252
2024,2024,Santander,2024-05-13,1,2024-05-20,37.258728,27.682241
2024,2024,Santander,2024-05-13,2,2024-05-27,39.905064,30.718689
2024,2024,Santander,2024-05-13,3,2024-06-03,34.02432,32.314083
2024,2024,Santander,2024-05-13,4,2024-06-10,31.672022,28.294016
2024,2024,Santander,2024-05-20,1,2024-05-27,39.905064,27.221594
2024,2024,Santander,2024-05-20,2,2024-06-03,34.02432,30.36633
2024,2024,Santander,2024-05-20,3,2024-06-10,31.672022,31.639236
2024,2024,Santander,2024-05-20,4,2024-06-17,37.97282,26.92088
2024,2024,Santander,2024-05-27,1,2024-06-03,34.02432,29.64675
2024,2024,Santander,2024-05-27,2,2024-06-10,31.672022,33.30319
2024,2024,Santander,2024-05-27,3,2024-06-17,37.97282,34.25842
2024,2024,Santander,2024-05-27,4,2024-06-24,33.688274,29.048521
2024,2024,Santander,2024-06-03,1,2024-06-10,31.672022,30.502707
2024,2024,Santander,2024-06-03,2,2024-06-17,37.97282,33.99971
2024,2024,Santander,2024-06-03,3,2024-06-24,33.688274,34.930717
2024,2024,Santander,2024-06-03,4,2024-07-01,29.40373,29.134426
2024,2024,Santander,2024-06-10,1,2024-06-17,37.97282,27.58695
2024,2024,Santander,2024-06-10,2,2024-06-24,33.688274,29.605297
2024,2024,Santander,2024-06-10,3,2024-07-01,29.40373,30.160255
2024,2024,Santander,2024-06-10,4,2024-07-08,34.02432,25.122883
2024,2024,Santander,2024-06-17,1,2024-06-24,33.688274,26.49068
2024,2024,Santander,2024-06-17,2,2024-07-01,29.40373,27.815434
2024,2024,Santander,2024-06-17,3,2024-07-08,34.02432,28.055676
2024,2024,Santander,2024-06-17,4,2024-07-15,31.08395,23.537836
2024,2024,Santander,2024-06-24,1,2024-07-01,29.40373,28.506285
2024,2024,Santander,2024-06-24,2,2024-07-08,34.02432,30.891542
2024,2024,Santander,2024-06-24,3,2024-07-15,31.08395,31.469715
2024,2024,Santander,2024-06-24,4,2024-07-22,28.437613,26.171967
2024,2024,Santander,2024-07-01,1,2024-07-08,34.02432,27.808441
2024,2024,Santander,2024-07-01,2,2024-07-15,31.08395,29.388926
2024,2024,Santander,2024-07-01,3,2024-07-22,28.437613,29.713459
2024,2024,Santander,2024-07-01,4,2024-07-29,27.30347,24.7268
2024,2024,Santander,2024-07-08,1,2024-07-15,31.08395,26.013523
2024,2024,Santander,2024-07-08,2,2024-07-22,28.437613,26.27144
2024,2024,Santander,2024-07-08,3,2024-07-29,27.30347,26.664648
2024,2024,Santander,2024-07-08,4,2024-08-05,22.13681,22.350214
2024,2024,Santander,2024-07-15,1,2024-07-22,28.437613,26.166292
2024,2024,Santander,2024-07-15,2,2024-07-29,27.30347,26.805025
2024,2024,Santander,2024-07-15,3,2024-08-05,22.13681,27.117554
2024,2024,Santander,2024-07-15,4,2024-08-12,21.926785,22.487434
2024,2024,Santander,2024-07-22,1,2024-07-29,27.30347,26.381605
2024,2024,Santander,2024-07-22,2,2024-08-05,22.13681,26.945967
2024,2024,Santander,2024-07-22,3,2024-08-12,21.926785,27.008816
2024,2024,Santander,2024-07-22,4,2024-08-19,18.98641,22.597717
2024,2024,Santander,2024-07-29,1,2024-08-05,22.13681,25.253628
2024,2024,Santander,2024-07-29,2,2024-08-12,21.926785,25.283714
2024,2024,Santander,2024-07-29,3,2024-08-19,18.98641,25.829464
2024,2024,Santander,2024-07-29,4,2024-08-26,19.910526,22.007624
2024,2024,Santander,2024-08-05,1,2024-08-12,21.926785,24.08503
2024,2024,Santander,2024-08-05,2,2024-08-19,18.98641,24.032269
2024,2024,Santander,2024-08-05,3,2024-08-26,19.910526,24.635878
2024,2024,Santander,2024-08-05,4,2024-09-02,17.01216,21.097021
2024,2024,Santander,2024-08-12,1,2024-08-19,18.98641,20.766489
2024,2024,Santander,2024-08-12,2,2024-08-26,19.910526,20.010569
2024,2024,Santander,2024-08-12,3,2024-09-02,17.01216,19.917023
2024,2024,Santander,2024-08-12,4,2024-09-09,17.642242,16.723116
2024,2024,Santander,2024-08-19,1,2024-08-26,19.910526,19.4333
2024,2024,Santander,2024-08-19,2,2024-09-02,17.01216,18.731934
2024,2024,Santander,2024-08-19,3,2024-09-09,17.642242,18.676222
2024,2024,Santander,2024-08-19,4,2024-09-16,16.760128,15.729222
2024,2024,Santander,2024-08-26,1,2024-09-02,17.01216,18.315617
2024,2024,Santander,2024-08-26,2,2024-09-09,17.642242,17.490574
2024,2024,Santander,2024-08-26,3,2024-09-16,16.760128,17.323027
2024,2024,Santander,2024-08-26,4,2024-09-23,14.281816,14.881605
2024,2024,Santander,2024-09-02,1,2024-09-09,17.642242,17.715307
2024,2024,Santander,2024-09-02,2,2024-09-16,16.760128,17.424921
2024,2024,Santander,2024-09-02,3,2024-09-23,14.281816,17.186314
2024,2024,Santander,2024-09-02,4,2024-09-30,12.727616,14.898494
2024,2024,Santander,2024-09-09,1,2024-09-16,16.760128,15.047116
2024,2024,Santander,2024-09-09,2,2024-09-23,14.281816,14.888142
2024,2024,Santander,2024-09-09,3,2024-09-30,12.727616,14.63365
2024,2024,Santander,2024-09-09,4,2024-10-07,10.62735,12.369577
2024,2024,Santander,2024-09-16,1,2024-09-23,14.281816,15.181885
2024,2024,Santander,2024-09-16,2,2024-09-30,12.727616,15.153727
2024,2024,Santander,2024-09-16,3,2024-10-07,10.62735,15.067766
2024,2024,Santander,2024-09-16,4,2024-10-14,10.207295,12.920124
2024,2024,Santander,2024-09-23,1,2024-09-30,12.727616,15.191363
2024,2024,Santander,2024-09-23,2,2024-10-07,10.62735,15.532373
2024,2024,Santander,2024-09-23,3,2024-10-14,10.207295,15.478187
2024,2024,Santander,2024-09-23,4,2024-10-21,9.997271,13.538901
2024,2024,Santander,2024-09-30,1,2024-10-07,10.62735,13.053381
2024,2024,Santander,2024-09-30,2,2024-10-14,10.207295,13.379813
2024,2024,Santander,2024-09-30,3,2024-10-21,9.997271,13.5102625
2024,2024,Santander,2024-09-30,4,2024-10-28,9.367189,11.926555
2024,2024,Santander,2024-10-07,1,2024-10-14,10.207295,11.517731
2024,2024,Santander,2024-10-07,2,2024-10-21,9.997271,11.982053
2024,2024,Santander,2024-10-07,3,2024-10-28,9.367189,11.879048
2024,2024,Santander,2024-10-07,4,2024-11-04,8.1490345,10.492784
2024,2024,Santander,2024-10-14,1,2024-10-21,9.997271,10.009049
2024,2024,Santander,2024-10-14,2,2024-10-28,9.367189,10.078375
2024,2024,Santander,2024-10-14,3,2024-11-04,8.1490345,9.602799
2024,2024,Santander,2024-10-14,4,2024-11-11,6.048768,8.502766
2024,2024,Santander,2024-10-21,1,2024-10-28,9.367189,8.994216
2024,2024,Santander,2024-10-21,2,2024-11-04,8.1490345,9.166629
2024,2024,Santander,2024-10-21,3,2024-11-11,6.048768,8.604352
2024,2024,Santander,2024-10-21,4,2024-11-18,7.64497,7.837965
2024,2024,Santander,2024-10-28,1,2024-11-04,8.1490345,8.641924
2024,2024,Santander,2024-10-28,2,2024-11-11,6.048768,8.731511
2024,2024,Santander,2024-10-28,3,2024-11-18,7.64497,8.117019
2024,2024,Santander,2024-10-28,4,2024-11-25,5.3346777,7.4639573
2024,2024,Santander,2024-11-04,1,2024-11-11,6.048768,7.851404
2024,2024,Santander,2024-11-04,2,2024-11-18,7.64497,7.9507036
2024,2024,Santander,2024-11-04,3,2024-11-25,5.3346777,7.288908
2024,2024,Santander,2024-11-04,4,2024-12-02,6.846869,6.7423167
2024,2024,Santander,2024-11-11,1,2024-11-18,7.64497,7.1161866
2024,2024,Santander,2024-11-11,2,2024-11-25,5.3346777,6.998741
2024,2024,Santander,2024-11-11,3,2024-12-02,6.846869,6.4685383
2024,2024,Santander,2024-11-11,4,2024-12-09,7.4769487,6.1273174
2024,2024,Santander,2024-11-18,1,2024-11-25,5.3346777,5.886845
2024,2024,Santander,2024-11-18,2,2024-12-02,6.846869,5.8354006
2024,2024,Santander,2024-11-18,3,2024-12-09,7.4769487,5.5074944
2024,2024,Santander,2024-11-18,4,2024-12-16,5.8387413,5.259801
2024,2024,Sucre,2024-04-15,1,2024-04-22,0.5884805,1.4923847
2024,2024,Sucre,2024-04-15,2,2024-04-29,1.2750411,1.5646604
2024,2024,Sucre,2024-04-15,3,2024-05-06,0.78464067,1.6980286
2024,2024,Sucre,2024-04-15,4,2024-05-13,1.0788809,1.7717708
2024,2024,Sucre,2024-04-22,1,2024-04-29,1.2750411,1.3489829
2024,2024,Sucre,2024-04-22,2,2024-05-06,0.78464067,1.44377
2024,2024,Sucre,2024-04-22,3,2024-05-13,1.0788809,1.5738842
2024,2024,Sucre,2024-04-22,4,2024-05-20,3.4328027,1.6880833
2024,2024,Sucre,2024-04-29,1,2024-05-06,0.78464067,1.1733509
2024,2024,Sucre,2024-04-29,2,2024-05-13,1.0788809,1.2905449
2024,2024,Sucre,2024-04-29,3,2024-05-20,3.4328027,1.3886977
2024,2024,Sucre,2024-04-29,4,2024-05-27,1.9616016,1.4986254
2024,2024,Sucre,2024-05-06,1,2024-05-13,1.0788809,1.2221341
2024,2024,Sucre,2024-05-06,2,2024-05-20,3.4328027,1.3218952
2024,2024,Sucre,2024-05-06,3,2024-05-27,1.9616016,1.4372966
2024,2024,Sucre,2024-05-06,4,2024-06-03,3.1385627,1.5556465
2024,2024,Sucre,2024-05-13,1,2024-05-20,3.4328027,1.3971806
2024,2024,Sucre,2024-05-13,2,2024-05-27,1.9616016,1.4730091
2024,2024,Sucre,2024-05-13,3,2024-06-03,3.1385627,1.5739193
2024,2024,Sucre,2024-05-13,4,2024-06-10,4.511684,1.742611
2024,2024,Sucre,2024-05-20,1,2024-05-27,1.9616016,1.4568746
2024,2024,Sucre,2024-05-20,2,2024-06-03,3.1385627,1.5948592
2024,2024,Sucre,2024-05-20,3,2024-06-10,4.511684,1.7218444
2024,2024,Sucre,2024-05-20,4,2024-06-17,3.2366426,1.8866984
2024,2024,Sucre,2024-05-27,1,2024-06-03,3.1385627,2.6190722
2024,2024,Sucre,2024-05-27,2,2024-06-10,4.511684,2.774383
2024,2024,Sucre,2024-05-27,3,2024-06-17,3.2366426,2.9614375
2024,2024,Sucre,2024-05-27,4,2024-06-24,6.277125,3.1649377
2024,2024,Sucre,2024-06-03,1,2024-06-10,4.511684,2.7844684
2024,2024,Sucre,2024-06-03,2,2024-06-17,3.2366426,2.8938124
2024,2024,Sucre,2024-06-03,3,2024-06-24,6.277125,3.0735831
2024,2024,Sucre,2024-06-03,4,2024-07-01,5.4924846,3.3353517
2024,2024,Sucre,2024-06-10,1,2024-06-17,3.2366426,3.2798002
2024,2024,Sucre,2024-06-10,2,2024-06-24,6.277125,3.4446034
2024,2024,Sucre,2024-06-10,3,2024-07-01,5.4924846,3.5718377
2024,2024,Sucre,2024-06-10,4,2024-07-08,7.650246,3.8066576
2024,2024,Sucre,2024-06-17,1,2024-06-24,6.277125,4.2752843
2024,2024,Sucre,2024-06-17,2,2024-07-01,5.4924846,4.3869076
2024,2024,Sucre,2024-06-17,3,2024-07-08,7.650246,4.496049
2024,2024,Sucre,2024-06-17,4,2024-07-15,6.7675247,4.67348
2024,2024,Sucre,2024-06-24,1,2024-07-01,5.4924846,4.2011957
2024,2024,Sucre,2024-06-24,2,2024-07-08,7.650246,4.326253
2024,2024,Sucre,2024-06-24,3,2024-07-15,6.7675247,4.400282
2024,2024,Sucre,2024-06-24,4,2024-07-22,13.436972,4.5873938
2024,2024,Sucre,2024-07-01,1,2024-07-08,7.650246,5.4849534
2024,2024,Sucre,2024-07-01,2,2024-07-15,6.7675247,5.583803
2024,2024,Sucre,2024-07-01,3,2024-07-22,13.436972,5.6243606
2024,2024,Sucre,2024-07-01,4,2024-07-29,10.592649,5.851812
2024,2024,Sucre,2024-07-08,1,2024-07-15,6.7675247,5.7128086
2024,2024,Sucre,2024-07-08,2,2024-07-22,13.436972,5.698599
2024,2024,Sucre,2024-07-08,3,2024-07-29,10.592649,5.6482964
2024,2024,Sucre,2024-07-08,4,2024-08-05,10.8868885,5.742688
2024,2024,Sucre,2024-07-15,1,2024-07-22,13.436972,6.5166287
2024,2024,Sucre,2024-07-15,2,2024-07-29,10.592649,6.624575
2024,2024,Sucre,2024-07-15,3,2024-08-05,10.8868885,6.5281987
2024,2024,Sucre,2024-07-15,4,2024-08-12,8.140647,6.5436935
2024,2024,Sucre,2024-07-22,1,2024-07-29,10.592649,6.506555
2024,2024,Sucre,2024-07-22,2,2024-08-05,10.8868885,6.566746
2024,2024,Sucre,2024-07-22,3,2024-08-12,8.140647,6.409663
2024,2024,Sucre,2024-07-22,4,2024-08-19,12.161931,6.3747334
2024,2024,Sucre,2024-07-29,1,2024-08-05,10.8868885,8.874339
2024,2024,Sucre,2024-07-29,2,2024-08-12,8.140647,9.129251
2024,2024,Sucre,2024-07-29,3,2024-08-19,12.161931,8.850811
2024,2024,Sucre,2024-07-29,4,2024-08-26,13.53505,8.774328
2024,2024,Sucre,2024-08-05,1,2024-08-12,8.140647,9.187731
2024,2024,Sucre,2024-08-05,2,2024-08-19,12.161931,9.418384
2024,2024,Sucre,2024-08-05,3,2024-08-26,13.53505,9.019777
2024,2024,Sucre,2024-08-05,4,2024-09-02,11.08305,9.077206
2024,2024,Sucre,2024-08-12,1,2024-08-19,12.161931,9.817356
2024,2024,Sucre,2024-08-12,2,2024-08-26,13.53505,9.832542
2024,2024,Sucre,2024-08-12,3,2024-09-02,11.08305,9.4633255
2024,2024,Sucre,2024-08-12,4,2024-09-09,15.202411,9.646128
2024,2024,Sucre,2024-08-19,1,2024-08-26,13.53505,8.249465
2024,2024,Sucre,2024-08-19,2,2024-09-02,11.08305,8.325686
2024,2024,Sucre,2024-08-19,3,2024-09-09,15.202411,7.8142643
2024,2024,Sucre,2024-08-19,4,2024-09-16,11.867689,7.747404
2024,2024,Sucre,2024-08-26,1,2024-09-02,11.08305,9.783107
2024,2024,Sucre,2024-08-26,2,2024-09-09,15.202411,9.948598
2024,2024,Sucre,2024-08-26,3,2024-09-16,11.867689,9.341804
2024,2024,Sucre,2024-08-26,4,2024-09-23,15.496654,9.218487
2024,2024,Sucre,2024-09-02,1,2024-09-09,15.202411,10.673874
2024,2024,Sucre,2024-09-02,2,2024-09-16,11.867689,10.764218
2024,2024,Sucre,2024-09-02,3,2024-09-23,15.496654,10.191037
2024,2024,Sucre,2024-09-02,4,2024-09-30,13.731214,10.232435
2024,2024,Sucre,2024-09-09,1,2024-09-16,11.867689,10.561379
2024,2024,Sucre,2024-09-09,2,2024-09-23,15.496654,10.566357
2024,2024,Sucre,2024-09-09,3,2024-09-30,13.731214,10.131541
2024,2024,Sucre,2024-09-09,4,2024-10-07,12.260011,10.505101
2024,2024,Sucre,2024-09-16,1,2024-09-23,15.496654,12.050046
2024,2024,Sucre,2024-09-16,2,2024-09-30,13.731214,12.157764
2024,2024,Sucre,2024-09-16,3,2024-10-07,12.260011,11.584084
2024,2024,Sucre,2024-09-16,4,2024-10-14,16.281294,11.726821
2024,2024,Sucre,2024-09-23,1,2024-09-30,13.731214,11.304742
2024,2024,Sucre,2024-09-23,2,2024-10-07,12.260011,11.403381
2024,2024,Sucre,2024-09-23,3,2024-10-14,16.281294,10.748968
2024,2024,Sucre,2024-09-23,4,2024-10-21,14.613934,10.98344
2024,2024,Sucre,2024-09-30,1,2024-10-07,12.260011,12.855528
2024,2024,Sucre,2024-09-30,2,2024-10-14,16.281294,12.908252
2024,2024,Sucre,2024-09-30,3,2024-10-21,14.613934,12.355818
2024,2024,Sucre,2024-09-30,4,2024-10-28,13.14273,12.663564
2024,2024,Sucre,2024-10-07,1,2024-10-14,16.281294,12.384462
2024,2024,Sucre,2024-10-07,2,2024-10-21,14.613934,12.58825
2024,2024,Sucre,2024-10-07,3,2024-10-28,13.14273,12.028141
2024,2024,Sucre,2024-10-07,4,2024-11-04,14.319693,12.320122
2024,2024,Sucre,2024-10-14,1,2024-10-21,14.613934,11.793413
2024,2024,Sucre,2024-10-14,2,2024-10-28,13.14273,11.422473
2024,2024,Sucre,2024-10-14,3,2024-11-04,14.319693,11.110746
2024,2024,Sucre,2024-10-14,4,2024-11-11,15.398572,11.449793
2024,2024,Sucre,2024-10-21,1,2024-10-28,13.14273,13.600089
2024,2024,Sucre,2024-10-21,2,2024-11-04,14.319693,13.422317
2024,2024,Sucre,2024-10-21,3,2024-11-11,15.398572,12.989488
2024,2024,Sucre,2024-10-21,4,2024-11-18,14.221613,13.064003
2024,2024,Sucre,2024-10-28,1,2024-11-04,14.319693,13.521531
2024,2024,Sucre,2024-10-28,2,2024-11-11,15.398572,13.545732
2024,2024,Sucre,2024-10-28,3,2024-11-18,14.221613,13.138421
2024,2024,Sucre,2024-10-28,4,2024-11-25,12.161931,13.232601
2024,2024,Sucre,2024-11-04,1,2024-11-11,15.398572,12.982835
2024,2024,Sucre,2024-11-04,2,2024-11-18,14.221613,12.771064
2024,2024,Sucre,2024-11-04,3,2024-11-25,12.161931,12.480314
2024,2024,Sucre,2024-11-04,4,2024-12-02,14.613934,12.677071
2024,2024,Sucre,2024-11-11,1,2024-11-18,14.221613,13.382875
2024,2024,Sucre,2024-11-11,2,2024-11-25,12.161931,13.208259
2024,2024,Sucre,2024-11-11,3,2024-12-02,14.613934,12.995175
2024,2024,Sucre,2024-11-11,4,2024-12-09,12.260011,13.081678
2024,2024,Sucre,2024-11-18,1,2024-11-25,12.161931,13.567986
2024,2024,Sucre,2024-11-18,2,2024-12-02,14.613934,13.552066
2024,2024,Sucre,2024-11-18,3,2024-12-09,12.260011,13.245964
2024,2024,Sucre,2024-11-18,4,2024-12-16,12.65233,13.371375
2024,2024,Tolima,2024-04-15,1,2024-04-22,33.467495,22.20216
2024,2024,Tolima,2024-04-15,2,2024-04-29,29.555712,23.95541
2024,2024,Tolima,2024-04-15,3,2024-05-06,31.07696,24.387629
2024,2024,Tolima,2024-04-15,4,2024-05-13,29.410828,20.396976
2024,2024,Tolima,2024-04-22,1,2024-04-29,29.555712,24.981531
2024,2024,Tolima,2024-04-22,2,2024-05-06,31.07696,26.820555
2024,2024,Tolima,2024-04-22,3,2024-05-13,29.410828,28.020243
2024,2024,Tolima,2024-04-22,4,2024-05-20,35.206066,24.35856
2024,2024,Tolima,2024-04-29,1,2024-05-06,31.07696,23.87846
2024,2024,Tolima,2024-04-29,2,2024-05-13,29.410828,26.075281
2024,2024,Tolima,2024-04-29,3,2024-05-20,35.206066,27.375767
2024,2024,Tolima,2024-04-29,4,2024-05-27,34.554096,23.547913
2024,2024,Tolima,2024-05-06,1,2024-05-13,29.410828,23.120552
2024,2024,Tolima,2024-05-06,2,2024-05-20,35.206066,24.549635
2024,2024,Tolima,2024-05-06,3,2024-05-27,34.554096,25.485344
2024,2024,Tolima,2024-05-06,4,2024-06-03,34.9163,21.944979
2024,2024,Tolima,2024-05-13,1,2024-05-20,35.206066,24.578348
2024,2024,Tolima,2024-05-13,2,2024-05-27,34.554096,26.040548
2024,2024,Tolima,2024-05-13,3,2024-06-03,34.9163,26.80909
2024,2024,Tolima,2024-05-13,4,2024-06-10,30.28011,22.758041
2024,2024,Tolima,2024-05-20,1,2024-05-27,34.554096,23.192417
2024,2024,Tolima,2024-05-20,2,2024-06-03,34.9163,24.62181
2024,2024,Tolima,2024-05-20,3,2024-06-10,30.28011,25.293673
2024,2024,Tolima,2024-05-20,4,2024-06-17,29.700588,21.177784
2024,2024,Tolima,2024-05-27,1,2024-06-03,34.9163,26.116795
2024,2024,Tolima,2024-05-27,2,2024-06-10,30.28011,28.71329
2024,2024,Tolima,2024-05-27,3,2024-06-17,29.700588,29.429737
2024,2024,Tolima,2024-05-27,4,2024-06-24,23.97779,25.252876
2024,2024,Tolima,2024-06-03,1,2024-06-10,30.28011,25.386599
2024,2024,Tolima,2024-06-03,2,2024-06-17,29.700588,26.9384
2024,2024,Tolima,2024-06-03,3,2024-06-24,23.97779,27.85224
2024,2024,Tolima,2024-06-03,4,2024-07-01,26.87541,23.59549
2024,2024,Tolima,2024-06-10,1,2024-06-17,29.700588,26.93553
2024,2024,Tolima,2024-06-10,2,2024-06-24,23.97779,28.559029
2024,2024,Tolima,2024-06-10,3,2024-07-01,26.87541,29.455183
2024,2024,Tolima,2024-06-10,4,2024-07-08,23.90535,24.953938
2024,2024,Tolima,2024-06-17,1,2024-06-24,23.97779,25.469727
2024,2024,Tolima,2024-06-17,2,2024-07-01,26.87541,26.191414
2024,2024,Tolima,2024-06-17,3,2024-07-08,23.90535,26.839354
2024,2024,Tolima,2024-06-17,4,2024-07-15,22.166784,23.417395
2024,2024,Tolima,2024-06-24,1,2024-07-01,26.87541,23.071495
2024,2024,Tolima,2024-06-24,2,2024-07-08,23.90535,24.077847
2024,2024,Tolima,2024-06-24,3,2024-07-15,22.166784,24.996675
2024,2024,Tolima,2024-06-24,4,2024-07-22,17.892794,20.783659
2024,2024,Tolima,2024-07-01,1,2024-07-08,23.90535,20.942616
2024,2024,Tolima,2024-07-01,2,2024-07-15,22.166784,21.618814
2024,2024,Tolima,2024-07-01,3,2024-07-22,17.892794,22.150286
2024,2024,Tolima,2024-07-01,4,2024-07-29,17.31327,18.487242
2024,2024,Tolima,2024-07-08,1,2024-07-15,22.166784,22.371328
2024,2024,Tolima,2024-07-08,2,2024-07-22,17.892794,22.841066
2024,2024,Tolima,2024-07-08,3,2024-07-29,17.31327,23.004934
2024,2024,Tolima,2024-07-08,4,2024-08-05,14.34321,19.430693
2024,2024,Tolima,2024-07-15,1,2024-07-22,17.892794,19.537771
2024,2024,Tolima,2024-07-15,2,2024-07-29,17.31327,19.424625
2024,2024,Tolima,2024-07-15,3,2024-08-05,14.34321,19.178501
2024,2024,Tolima,2024-07-15,4,2024-08-12,17.24083,16.082998
2024,2024,Tolima,2024-07-22,1,2024-07-29,17.31327,18.567127
2024,2024,Tolima,2024-07-22,2,2024-08-05,14.34321,18.296684
2024,2024,Tolima,2024-07-22,3,2024-08-12,17.24083,17.988773
2024,2024,Tolima,2024-07-22,4,2024-08-19,13.836129,15.140537
2024,2024,Tolima,2024-07-29,1,2024-08-05,14.34321,14.432986
2024,2024,Tolima,2024-07-29,2,2024-08-12,17.24083,13.937375
2024,2024,Tolima,2024-07-29,3,2024-08-19,13.836129,13.00798
2024,2024,Tolima,2024-07-29,4,2024-08-26,14.34321,10.446711
2024,2024,Tolima,2024-08-05,1,2024-08-12,17.24083,13.2126255
2024,2024,Tolima,2024-08-05,2,2024-08-19,13.836129,12.894805
2024,2024,Tolima,2024-08-05,3,2024-08-26,14.34321,12.07319
2024,2024,Tolima,2024-08-05,4,2024-09-02,11.373152,9.706142
2024,2024,Tolima,2024-08-12,1,2024-08-19,13.836129,11.209585
2024,2024,Tolima,2024-08-12,2,2024-08-26,14.34321,10.84919
2024,2024,Tolima,2024-08-12,3,2024-09-02,11.373152,10.383874
2024,2024,Tolima,2024-08-12,4,2024-09-09,12.169999,8.379199
2024,2024,Tolima,2024-08-19,1,2024-08-26,14.34321,11.698812
2024,2024,Tolima,2024-08-19,2,2024-09-02,11.373152,11.748626
2024,2024,Tolima,2024-08-19,3,2024-09-09,12.169999,11.107461
2024,2024,Tolima,2024-08-19,4,2024-09-16,10.069223,9.03265
2024,2024,Tolima,2024-08-26,1,2024-09-02,11.373152,10.526643
2024,2024,Tolima,2024-08-26,2,2024-09-09,12.169999,10.353262
2024,2024,Tolima,2024-08-26,3,2024-09-16,10.069223,10.140489
2024,2024,Tolima,2024-08-26,4,2024-09-23,10.866068,8.426899
2024,2024,Tolima,2024-09-02,1,2024-09-09,12.169999,10.623411
2024,2024,Tolima,2024-09-02,2,2024-09-16,10.069223,10.464035
2024,2024,Tolima,2024-09-02,3,2024-09-23,10.866068,10.282492
2024,2024,Tolima,2024-09-02,4,2024-09-30,8.692855,8.707536
2024,2024,Tolima,2024-09-09,1,2024-09-16,10.069223,9.318076
2024,2024,Tolima,2024-09-09,2,2024-09-23,10.866068,9.182427
2024,2024,Tolima,2024-09-09,3,2024-09-30,8.692855,8.953695
2024,2024,Tolima,2024-09-09,4,2024-10-07,7.388927,7.5646935
2024,2024,Tolima,2024-09-16,1,2024-09-23,10.866068,9.8081455
2024,2024,Tolima,2024-09-16,2,2024-09-30,8.692855,9.800624
2024,2024,Tolima,2024-09-16,3,2024-10-07,7.388927,9.487956
2024,2024,Tolima,2024-09-16,4,2024-10-14,8.040891,8.220083
2024,2024,Tolima,2024-09-23,1,2024-09-30,8.692855,8.765629
2024,2024,Tolima,2024-09-23,2,2024-10-07,7.388927,8.831702
2024,2024,Tolima,2024-09-23,3,2024-10-14,8.040891,8.466693
2024,2024,Tolima,2024-09-23,4,2024-10-21,8.765295,7.372003
2024,2024,Tolima,2024-09-30,1,2024-10-07,7.388927,8.448388
2024,2024,Tolima,2024-09-30,2,2024-10-14,8.040891,8.796567
2024,2024,Tolima,2024-09-30,3,2024-10-21,8.765295,8.352798
2024,2024,Tolima,2024-09-30,4,2024-10-28,7.4613686,7.6044283
2024,2024,Tolima,2024-10-07,1,2024-10-14,8.040891,7.2305136
2024,2024,Tolima,2024-10-07,2,2024-10-21,8.765295,7.3962865
2024,2024,Tolima,2024-10-07,3,2024-10-28,7.4613686,6.820318
2024,2024,Tolima,2024-10-07,4,2024-11-04,6.30232,6.4882045
2024,2024,Tolima,2024-10-14,1,2024-10-21,8.765295,6.2127604
2024,2024,Tolima,2024-10-14,2,2024-10-28,7.4613686,6.1635227
2024,2024,Tolima,2024-10-14,3,2024-11-04,6.30232,5.706299
2024,2024,Tolima,2024-10-14,4,2024-11-11,8.040891,5.4306426
2024,2024,Tolima,2024-10-21,1,2024-10-28,7.4613686,5.89774
2024,2024,Tolima,2024-10-21,2,2024-11-04,6.30232,5.9061136
2024,2024,Tolima,2024-10-21,3,2024-11-11,8.040891,5.4559937
2024,2024,Tolima,2024-10-21,4,2024-11-18,6.2298794,5.3675075
2024,2024,Tolima,2024-10-28,1,2024-11-04,6.30232,6.3765535
2024,2024,Tolima,2024-10-28,2,2024-11-11,8.040891,6.174315
2024,2024,Tolima,2024-10-28,3,2024-11-18,6.2298794,5.6764936
2024,2024,Tolima,2024-10-28,4,2024-11-25,6.012558,5.8197966
2024,2024,Tolima,2024-11-04,1,2024-11-11,8.040891,5.399469
2024,2024,Tolima,2024-11-04,2,2024-11-18,6.2298794,5.4864063
2024,2024,Tolima,2024-11-04,3,2024-11-25,6.012558,5.1095405
2024,2024,Tolima,2024-11-04,4,2024-12-02,6.519642,5.221239
2024,2024,Tolima,2024-11-11,1,2024-11-18,6.2298794,5.2636003
2024,2024,Tolima,2024-11-11,2,2024-11-25,6.012558,5.297793
2024,2024,Tolima,2024-11-11,3,2024-12-02,6.519642,4.9782023
2024,2024,Tolima,2024-11-11,4,2024-12-09,7.026725,5.064207
2024,2024,Tolima,2024-11-18,1,2024-11-25,6.012558,5.4141574
2024,2024,Tolima,2024-11-18,2,2024-12-02,6.519642,5.646482
2024,2024,Tolima,2024-11-18,3,2024-12-09,7.026725,5.2764964
2024,2024,Tolima,2024-11-18,4,2024-12-16,5.5054755,5.2050834
2024,2024,Valle Del Cauca,2024-04-15,1,2024-04-22,43.656754,32.486282
2024,2024,Valle Del Cauca,2024-04-15,2,2024-04-29,38.415382,34.475048
2024,2024,Valle Del Cauca,2024-04-15,3,2024-05-06,41.82441,34.67468
2024,2024,Valle Del Cauca,2024-04-15,4,2024-05-13,35.176815,28.774511
2024,2024,Valle Del Cauca,2024-04-22,1,2024-04-29,38.415382,38.666092
2024,2024,Valle Del Cauca,2024-04-22,2,2024-05-06,41.82441,40.6083
2024,2024,Valle Del Cauca,2024-04-22,3,2024-05-13,35.176815,40.941044
2024,2024,Valle Del Cauca,2024-04-22,4,2024-05-20,37.563126,34.71061
2024,2024,Valle Del Cauca,2024-04-29,1,2024-05-06,41.82441,34.740208
2024,2024,Valle Del Cauca,2024-04-29,2,2024-05-13,35.176815,35.677956
2024,2024,Valle Del Cauca,2024-04-29,3,2024-05-20,37.563126,35.86974
2024,2024,Valle Del Cauca,2024-04-29,4,2024-05-27,40.247734,30.529802
2024,2024,Valle Del Cauca,2024-05-06,1,2024-05-13,35.176815,31.361479
2024,2024,Valle Del Cauca,2024-05-06,2,2024-05-20,37.563126,29.954672
2024,2024,Valle Del Cauca,2024-05-06,3,2024-05-27,40.247734,30.335526
2024,2024,Valle Del Cauca,2024-05-06,4,2024-06-03,33.68537,25.858572
2024,2024,Valle Del Cauca,2024-05-13,1,2024-05-20,37.563126,32.565838
2024,2024,Valle Del Cauca,2024-05-13,2,2024-05-27,40.247734,31.6921
2024,2024,Valle Del Cauca,2024-05-13,3,2024-06-03,33.68537,31.91864
2024,2024,Valle Del Cauca,2024-05-13,4,2024-06-10,36.092995,27.273148
2024,2024,Valle Del Cauca,2024-05-20,1,2024-05-27,40.247734,30.108028
2024,2024,Valle Del Cauca,2024-05-20,2,2024-06-03,33.68537,28.807005
2024,2024,Valle Del Cauca,2024-05-20,3,2024-06-10,36.092995,29.202492
2024,2024,Valle Del Cauca,2024-05-20,4,2024-06-17,37.54182,24.944126
2024,2024,Valle Del Cauca,2024-05-27,1,2024-06-03,33.68537,31.672646
2024,2024,Valle Del Cauca,2024-05-27,2,2024-06-10,36.092995,30.54694
2024,2024,Valle Del Cauca,2024-05-27,3,2024-06-17,37.54182,30.573816
2024,2024,Valle Del Cauca,2024-05-27,4,2024-06-24,33.067486,26.069717
2024,2024,Valle Del Cauca,2024-06-03,1,2024-06-10,36.092995,32.860687
2024,2024,Valle Del Cauca,2024-06-03,2,2024-06-17,37.54182,32.59519
2024,2024,Valle Del Cauca,2024-06-03,3,2024-06-24,33.067486,32.81737
2024,2024,Valle Del Cauca,2024-06-03,4,2024-07-01,25.034983,28.35638
2024,2024,Valle Del Cauca,2024-06-10,1,2024-06-17,37.54182,30.568977
2024,2024,Valle Del Cauca,2024-06-10,2,2024-06-24,33.067486,29.325125
2024,2024,Valle Del Cauca,2024-06-10,3,2024-07-01,25.034983,29.215542
2024,2024,Valle Del Cauca,2024-06-10,4,2024-07-08,29.019278,25.347654
2024,2024,Valle Del Cauca,2024-06-17,1,2024-06-24,33.067486,32.183723
2024,2024,Valle Del Cauca,2024-06-17,2,2024-07-01,25.034983,31.78555
2024,2024,Valle Del Cauca,2024-06-17,3,2024-07-08,29.019278,32.10527
2024,2024,Valle Del Cauca,2024-06-17,4,2024-07-15,25.354584,28.87923
2024,2024,Valle Del Cauca,2024-06-24,1,2024-07-01,25.034983,31.042173
2024,2024,Valle Del Cauca,2024-06-24,2,2024-07-08,29.019278,31.073341
2024,2024,Valle Del Cauca,2024-06-24,3,2024-07-15,25.354584,31.729248
2024,2024,Valle Del Cauca,2024-06-24,4,2024-07-22,29.040585,28.459574
2024,2024,Valle Del Cauca,2024-07-01,1,2024-07-08,29.019278,30.725164
2024,2024,Valle Del Cauca,2024-07-01,2,2024-07-15,25.354584,30.34997
2024,2024,Valle Del Cauca,2024-07-01,3,2024-07-22,29.040585,30.866695
2024,2024,Valle Del Cauca,2024-07-01,4,2024-07-29,25.226744,28.265728
2024,2024,Valle Del Cauca,2024-07-08,1,2024-07-15,25.354584,23.603888
2024,2024,Valle Del Cauca,2024-07-08,2,2024-07-22,29.040585,22.24102
2024,2024,Valle Del Cauca,2024-07-08,3,2024-07-29,25.226744,22.804052
2024,2024,Valle Del Cauca,2024-07-08,4,2024-08-05,20.24105,20.199163
2024,2024,Valle Del Cauca,2024-07-15,1,2024-07-22,29.040585,24.88419
2024,2024,Valle Del Cauca,2024-07-15,2,2024-07-29,25.226744,24.753424
2024,2024,Valle Del Cauca,2024-07-15,3,2024-08-05,20.24105,25.081573
2024,2024,Valle Del Cauca,2024-07-15,4,2024-08-12,16.7255,22.306808
2024,2024,Valle Del Cauca,2024-07-22,1,2024-07-29,25.226744,23.512747
2024,2024,Valle Del Cauca,2024-07-22,2,2024-08-05,20.24105,23.497084
2024,2024,Valle Del Cauca,2024-07-22,3,2024-08-12,16.7255,23.444265
2024,2024,Valle Del Cauca,2024-07-22,4,2024-08-19,12.826436,21.142818
2024,2024,Valle Del Cauca,2024-07-29,1,2024-08-05,20.24105,24.818142
2024,2024,Valle Del Cauca,2024-07-29,2,2024-08-12,16.7255,24.920673
2024,2024,Valle Del Cauca,2024-07-29,3,2024-08-19,12.826436,25.20533
2024,2024,Valle Del Cauca,2024-07-29,4,2024-08-26,13.849141,22.805113
2024,2024,Valle Del Cauca,2024-08-05,1,2024-08-12,16.7255,23.024567
2024,2024,Valle Del Cauca,2024-08-05,2,2024-08-19,12.826436,22.733425
2024,2024,Valle Del Cauca,2024-08-05,3,2024-08-26,13.849141,22.749327
2024,2024,Valle Del Cauca,2024-08-05,4,2024-09-02,11.548054,20.779312
2024,2024,Valle Del Cauca,2024-08-12,1,2024-08-19,12.826436,19.34209
2024,2024,Valle Del Cauca,2024-08-12,2,2024-08-26,13.849141,19.194773
2024,2024,Valle Del Cauca,2024-08-12,3,2024-09-02,11.548054,19.385458
2024,2024,Valle Del Cauca,2024-08-12,4,2024-09-09,11.228457,17.197535
2024,2024,Valle Del Cauca,2024-08-19,1,2024-08-26,13.849141,15.725956
2024,2024,Valle Del Cauca,2024-08-19,2,2024-09-02,11.548054,15.727567
2024,2024,Valle Del Cauca,2024-08-19,3,2024-09-09,11.228457,15.486133
2024,2024,Valle Del Cauca,2024-08-19,4,2024-09-16,10.077912,12.914872
2024,2024,Valle Del Cauca,2024-08-26,1,2024-09-02,11.548054,13.792742
2024,2024,Valle Del Cauca,2024-08-26,2,2024-09-09,11.228457,13.696343
2024,2024,Valle Del Cauca,2024-08-26,3,2024-09-16,10.077912,13.370816
2024,2024,Valle Del Cauca,2024-08-26,4,2024-09-23,7.883357,11.156717
2024,2024,Valle Del Cauca,2024-09-02,1,2024-09-09,11.228457,13.140754
2024,2024,Valle Del Cauca,2024-09-02,2,2024-09-16,10.077912,13.194312
2024,2024,Valle Del Cauca,2024-09-02,3,2024-09-23,7.883357,12.783454
2024,2024,Valle Del Cauca,2024-09-02,4,2024-09-30,8.09642,10.814554
2024,2024,Valle Del Cauca,2024-09-09,1,2024-09-16,10.077912,11.33011
2024,2024,Valle Del Cauca,2024-09-09,2,2024-09-23,7.883357,11.1799
2024,2024,Valle Del Cauca,2024-09-09,3,2024-09-30,8.09642,10.778484
2024,2024,Valle Del Cauca,2024-09-09,4,2024-10-07,7.3506985,9.194338
2024,2024,Valle Del Cauca,2024-09-16,1,2024-09-23,7.883357,9.912852
2024,2024,Valle Del Cauca,2024-09-16,2,2024-09-30,8.09642,9.987975
2024,2024,Valle Del Cauca,2024-09-16,3,2024-10-07,7.3506985,9.384308
2024,2024,Valle Del Cauca,2024-09-16,4,2024-10-14,7.7342124,8.03061
2024,2024,Valle Del Cauca,2024-09-23,1,2024-09-30,8.09642,8.41896
2024,2024,Valle Del Cauca,2024-09-23,2,2024-10-07,7.3506985,8.302931
2024,2024,Valle Del Cauca,2024-09-23,3,2024-10-14,7.7342124,7.764309
2024,2024,Valle Del Cauca,2024-09-23,4,2024-10-21,6.5836678,6.6472154
2024,2024,Valle Del Cauca,2024-09-30,1,2024-10-07,7.3506985,7.07044
2024,2024,Valle Del Cauca,2024-09-30,2,2024-10-14,7.7342124,6.9750586
2024,2024,Valle Del Cauca,2024-09-30,3,2024-10-21,6.5836678,6.672595
2024,2024,Valle Del Cauca,2024-09-30,4,2024-10-28,4.9856906,5.8480177
2024,2024,Valle Del Cauca,2024-10-07,1,2024-10-14,7.7342124,6.4066286
2024,2024,Valle Del Cauca,2024-10-07,2,2024-10-21,6.5836678,6.1889358
2024,2024,Valle Del Cauca,2024-10-07,3,2024-10-28,4.9856906,5.9227076
2024,2024,Valle Del Cauca,2024-10-07,4,2024-11-04,5.0496097,5.158583
2024,2024,Valle Del Cauca,2024-10-14,1,2024-10-21,6.5836678,5.394861
2024,2024,Valle Del Cauca,2024-10-14,2,2024-10-28,4.9856906,5.0959387
2024,2024,Valle Del Cauca,2024-10-14,3,2024-11-04,5.0496097,4.837073
2024,2024,Valle Del Cauca,2024-10-14,4,2024-11-11,5.51835,4.30743
2024,2024,Valle Del Cauca,2024-10-21,1,2024-10-28,4.9856906,5.1483855
2024,2024,Valle Del Cauca,2024-10-21,2,2024-11-04,5.0496097,4.7000194
2024,2024,Valle Del Cauca,2024-10-21,3,2024-11-11,5.51835,4.3568625
2024,2024,Valle Del Cauca,2024-10-21,4,2024-11-18,4.367806,4.133525
2024,2024,Valle Del Cauca,2024-10-28,1,2024-11-04,5.0496097,4.4996567
2024,2024,Valle Del Cauca,2024-10-28,2,2024-11-11,5.51835,3.9494786
2024,2024,Valle Del Cauca,2024-10-28,3,2024-11-18,4.367806,3.5616431
2024,2024,Valle Del Cauca,2024-10-28,4,2024-11-25,4.7939334,3.452513
2024,2024,Valle Del Cauca,2024-11-04,1,2024-11-11,5.51835,3.7902298
2024,2024,Valle Del Cauca,2024-11-04,2,2024-11-18,4.367806,3.1724117
2024,2024,Valle Del Cauca,2024-11-04,3,2024-11-25,4.7939334,2.8306358
2024,2024,Valle Del Cauca,2024-11-04,4,2024-12-02,4.239968,2.7696383
2024,2024,Valle Del Cauca,2024-11-11,1,2024-11-18,4.367806,3.5779846
2024,2024,Valle Del Cauca,2024-11-11,2,2024-11-25,4.7939334,2.9037483
2024,2024,Valle Del Cauca,2024-11-11,3,2024-12-02,4.239968,2.628721
2024,2024,Valle Del Cauca,2024-11-11,4,2024-12-09,4.8578525,2.6133862
2024,2024,Valle Del Cauca,2024-11-18,1,2024-11-25,4.7939334,3.8222697
2024,2024,Valle Del Cauca,2024-11-18,2,2024-12-02,4.239968,3.1653364
2024,2024,Valle Del Cauca,2024-11-18,3,2024-12-09,4.8578525,2.9676678
2024,2024,Valle Del Cauca,2024-11-18,4,2024-12-16,4.7939334,3.0069814
2024,2024,Vaupes,2024-04-15,1,2024-04-22,15.990863,4.3683457
2024,2024,Vaupes,2024-04-15,2,2024-04-29,9.137636,4.229008
2024,2024,Vaupes,2024-04-15,3,2024-05-06,25.128502,3.9818792
2024,2024,Vaupes,2024-04-15,4,2024-05-13,27.412907,3.6219263
2024,2024,Vaupes,2024-04-22,1,2024-04-29,9.137636,11.824156
2024,2024,Vaupes,2024-04-22,2,2024-05-06,25.128502,11.642192
2024,2024,Vaupes,2024-04-22,3,2024-05-13,27.412907,11.8753395
2024,2024,Vaupes,2024-04-22,4,2024-05-20,29.697317,10.710076
2024,2024,Vaupes,2024-04-29,1,2024-05-06,25.128502,11.527189
2024,2024,Vaupes,2024-04-29,2,2024-05-13,27.412907,10.916982
2024,2024,Vaupes,2024-04-29,3,2024-05-20,29.697317,10.573669
2024,2024,Vaupes,2024-04-29,4,2024-05-27,9.137636,10.029653
2024,2024,Vaupes,2024-05-06,1,2024-05-13,27.412907,7.51301
2024,2024,Vaupes,2024-05-06,2,2024-05-20,29.697317,7.078234
2024,2024,Vaupes,2024-05-06,3,2024-05-27,9.137636,7.4129357
2024,2024,Vaupes,2024-05-06,4,2024-06-03,9.137636,7.503458
2024,2024,Vaupes,2024-05-13,1,2024-05-20,29.697317,13.534094
2024,2024,Vaupes,2024-05-13,2,2024-05-27,9.137636,13.761403
2024,2024,Vaupes,2024-05-13,3,2024-06-03,9.137636,14.164652
2024,2024,Vaupes,2024-05-13,4,2024-06-10,4.5688176,13.449793
2024,2024,Vaupes,2024-05-20,1,2024-05-27,9.137636,16.05777
2024,2024,Vaupes,2024-05-20,2,2024-06-03,9.137636,14.937379
2024,2024,Vaupes,2024-05-20,3,2024-06-10,4.5688176,14.891374
2024,2024,Vaupes,2024-05-20,4,2024-06-17,13.706452,13.579674
2024,2024,Vaupes,2024-05-27,1,2024-06-03,9.137636,19.731556
2024,2024,Vaupes,2024-05-27,2,2024-06-10,4.5688176,18.187319
2024,2024,Vaupes,2024-05-27,3,2024-06-17,13.706452,19.299118
2024,2024,Vaupes,2024-05-27,4,2024-06-24,11.422044,19.467972
2024,2024,Vaupes,2024-06-03,1,2024-06-10,4.5688176,10.316617
2024,2024,Vaupes,2024-06-03,2,2024-06-17,13.706452,8.657085
2024,2024,Vaupes,2024-06-03,3,2024-06-24,11.422044,9.123029
2024,2024,Vaupes,2024-06-03,4,2024-07-01,20.559679,8.82732
2024,2024,Vaupes,2024-06-10,1,2024-06-17,13.706452,6.0774975
2024,2024,Vaupes,2024-06-10,2,2024-06-24,11.422044,5.283526
2024,2024,Vaupes,2024-06-10,3,2024-07-01,20.559679,5.161066
2024,2024,Vaupes,2024-06-10,4,2024-07-08,6.853227,4.6143904
2024,2024,Vaupes,2024-06-17,1,2024-06-24,11.422044,4.097373
2024,2024,Vaupes,2024-06-17,2,2024-07-01,20.559679,3.4254065
2024,2024,Vaupes,2024-06-17,3,2024-07-08,6.853227,3.4184725
2024,2024,Vaupes,2024-06-17,4,2024-07-15,0.0,3.1958127
2024,2024,Vaupes,2024-06-24,1,2024-07-01,20.559679,6.3696713
2024,2024,Vaupes,2024-06-24,2,2024-07-08,6.853227,6.0559864
2024,2024,Vaupes,2024-06-24,3,2024-07-15,0.0,5.955234
2024,2024,Vaupes,2024-06-24,4,2024-07-22,0.0,5.700964
2024,2024,Vaupes,2024-07-01,1,2024-07-08,6.853227,6.1898947
2024,2024,Vaupes,2024-07-01,2,2024-07-15,0.0,5.8819475
2024,2024,Vaupes,2024-07-01,3,2024-07-22,0.0,5.3851786
2024,2024,Vaupes,2024-07-01,4,2024-07-29,2.2844088,5.1090965
2024,2024,Vaupes,2024-07-08,1,2024-07-15,0.0,8.1216545
2024,2024,Vaupes,2024-07-08,2,2024-07-22,0.0,8.133884
2024,2024,Vaupes,2024-07-08,3,2024-07-29,2.2844088,7.929806
2024,2024,Vaupes,2024-07-08,4,2024-08-05,2.2844088,7.854551
2024,2024,Vaupes,2024-07-15,1,2024-07-22,0.0,5.8001666
2024,2024,Vaupes,2024-07-15,2,2024-07-29,2.2844088,5.243201
2024,2024,Vaupes,2024-07-15,3,2024-08-05,2.2844088,5.2054024
2024,2024,Vaupes,2024-07-15,4,2024-08-12,4.5688176,4.936213
2024,2024,Vaupes,2024-07-22,1,2024-07-29,2.2844088,3.5552435
2024,2024,Vaupes,2024-07-22,2,2024-08-05,2.2844088,3.2802005
2024,2024,Vaupes,2024-07-22,3,2024-08-12,4.5688176,3.1455376
2024,2024,Vaupes,2024-07-22,4,2024-08-19,0.0,2.9490073
2024,2024,Vaupes,2024-07-29,1,2024-08-05,2.2844088,2.804217
2024,2024,Vaupes,2024-07-29,2,2024-08-12,4.5688176,2.7569513
2024,2024,Vaupes,2024-07-29,3,2024-08-19,0.0,2.6772604
2024,2024,Vaupes,2024-07-29,4,2024-08-26,2.2844088,2.5110958
2024,2024,Vaupes,2024-08-05,1,2024-08-12,4.5688176,2.3756661
2024,2024,Vaupes,2024-08-05,2,2024-08-19,0.0,2.414618
2024,2024,Vaupes,2024-08-05,3,2024-08-26,2.2844088,2.3066993
2024,2024,Vaupes,2024-08-05,4,2024-09-02,0.0,2.3318412
2024,2024,Vaupes,2024-08-12,1,2024-08-19,0.0,2.1622543
2024,2024,Vaupes,2024-08-12,2,2024-08-26,2.2844088,2.315269
2024,2024,Vaupes,2024-08-12,3,2024-09-02,0.0,2.2521448
2024,2024,Vaupes,2024-08-12,4,2024-09-09,2.2844088,2.3360114
2024,2024,Vaupes,2024-08-19,1,2024-08-26,2.2844088,2.3792644
2024,2024,Vaupes,2024-08-19,2,2024-09-02,0.0,2.5540671
2024,2024,Vaupes,2024-08-19,3,2024-09-09,2.2844088,2.4320235
2024,2024,Vaupes,2024-08-19,4,2024-09-16,0.0,2.3294835
2024,2024,Vaupes,2024-08-26,1,2024-09-02,0.0,1.6964389
2024,2024,Vaupes,2024-08-26,2,2024-09-09,2.2844088,1.6415478
2024,2024,Vaupes,2024-08-26,3,2024-09-16,0.0,1.6585779
2024,2024,Vaupes,2024-08-26,4,2024-09-23,0.0,1.6095719
2024,2024,Vaupes,2024-09-02,1,2024-09-09,2.2844088,1.5948642
2024,2024,Vaupes,2024-09-02,2,2024-09-16,0.0,1.4723648
2024,2024,Vaupes,2024-09-02,3,2024-09-23,0.0,1.3087522
2024,2024,Vaupes,2024-09-02,4,2024-09-30,0.0,1.2723901
2024,2024,Vaupes,2024-09-09,1,2024-09-16,0.0,1.122409
2024,2024,Vaupes,2024-09-09,2,2024-09-23,0.0,1.0410254
2024,2024,Vaupes,2024-09-09,3,2024-09-30,0.0,0.9532934
2024,2024,Vaupes,2024-09-09,4,2024-10-07,0.0,0.9558648
2024,2024,Vaupes,2024-09-16,1,2024-09-23,0.0,1.1093833
2024,2024,Vaupes,2024-09-16,2,2024-09-30,0.0,0.98938245
2024,2024,Vaupes,2024-09-16,3,2024-10-07,0.0,0.93224293
2024,2024,Vaupes,2024-09-16,4,2024-10-14,2.2844088,0.9944899
2024,2024,Vaupes,2024-09-23,1,2024-09-30,0.0,1.036946
2024,2024,Vaupes,2024-09-23,2,2024-10-07,0.0,0.95262927
2024,2024,Vaupes,2024-09-23,3,2024-10-14,2.2844088,0.82741314
2024,2024,Vaupes,2024-09-23,4,2024-10-21,2.2844088,0.8674171
2024,2024,Vaupes,2024-09-30,1,2024-10-07,0.0,0.7613684
2024,2024,Vaupes,2024-09-30,2,2024-10-14,2.2844088,0.70925844
2024,2024,Vaupes,2024-09-30,3,2024-10-21,2.2844088,0.58392787
2024,2024,Vaupes,2024-09-30,4,2024-10-28,4.5688176,0.62479097
2024,2024,Vaupes,2024-10-07,1,2024-10-14,2.2844088,0.5967374
2024,2024,Vaupes,2024-10-07,2,2024-10-21,2.2844088,0.5662116
2024,2024,Vaupes,2024-10-07,3,2024-10-28,4.5688176,0.47709107
2024,2024,Vaupes,2024-10-07,4,2024-11-04,0.0,0.5161193
2024,2024,Vaupes,2024-10-14,1,2024-10-21,2.2844088,0.40343934
2024,2024,Vaupes,2024-10-14,2,2024-10-28,4.5688176,0.38956717
2024,2024,Vaupes,2024-10-14,3,2024-11-04,0.0,0.37415323
2024,2024,Vaupes,2024-10-14,4,2024-11-11,6.853227,0.40808994
2024,2024,Vaupes,2024-10-21,1,2024-10-28,4.5688176,0.6422412
2024,2024,Vaupes,2024-10-21,2,2024-11-04,0.0,0.58342594
2024,2024,Vaupes,2024-10-21,3,2024-11-11,6.853227,0.58704543
2024,2024,Vaupes,2024-10-21,4,2024-11-18,4.5688176,0.63757175
2024,2024,Vaupes,2024-10-28,1,2024-11-04,0.0,0.8548608
2024,2024,Vaupes,2024-10-28,2,2024-11-11,6.853227,0.77516973
2024,2024,Vaupes,2024-10-28,3,2024-11-18,4.5688176,0.7945981
2024,2024,Vaupes,2024-10-28,4,2024-11-25,2.2844088,0.86204547
2024,2024,Vaupes,2024-11-04,1,2024-11-11,6.853227,1.5806164
2024,2024,Vaupes,2024-11-04,2,2024-11-18,4.5688176,1.4020638
2024,2024,Vaupes,2024-11-04,3,2024-11-25,2.2844088,1.3763716
2024,2024,Vaupes,2024-11-04,4,2024-12-02,4.5688176,1.5303676
2024,2024,Vaupes,2024-11-11,1,2024-11-18,4.5688176,1.161976
2024,2024,Vaupes,2024-11-11,2,2024-11-25,2.2844088,1.0577201
2024,2024,Vaupes,2024-11-11,3,2024-12-02,4.5688176,1.0687777
2024,2024,Vaupes,2024-11-11,4,2024-12-09,0.0,1.1824645
2024,2024,Vaupes,2024-11-18,1,2024-11-25,2.2844088,2.01068
2024,2024,Vaupes,2024-11-18,2,2024-12-02,4.5688176,1.814641
2024,2024,Vaupes,2024-11-18,3,2024-12-09,0.0,1.7830148
2024,2024,Vaupes,2024-11-18,4,2024-12-16,2.2844088,1.978923
2024,2024,Vichada,2024-04-15,1,2024-04-22,2.096187,1.5512153
2024,2024,Vichada,2024-04-15,2,2024-04-29,0.69872904,1.5284575
2024,2024,Vichada,2024-04-15,3,2024-05-06,2.794916,1.7487092
2024,2024,Vichada,2024-04-15,4,2024-05-13,2.096187,1.9648001
2024,2024,Vichada,2024-04-22,1,2024-04-29,0.69872904,1.3566713
2024,2024,Vichada,2024-04-22,2,2024-05-06,2.794916,1.3573381
2024,2024,Vichada,2024-04-22,3,2024-05-13,2.096187,1.502478
2024,2024,Vichada,2024-04-22,4,2024-05-20,5.589832,1.7225823
2024,2024,Vichada,2024-04-29,1,2024-05-06,2.794916,1.5791193
2024,2024,Vichada,2024-04-29,2,2024-05-13,2.096187,1.632689
2024,2024,Vichada,2024-04-29,3,2024-05-20,5.589832,1.7727884
2024,2024,Vichada,2024-04-29,4,2024-05-27,6.2885613,1.9435222
2024,2024,Vichada,2024-05-06,1,2024-05-13,2.096187,1.444069
2024,2024,Vichada,2024-05-06,2,2024-05-20,5.589832,1.494239
2024,2024,Vichada,2024-05-06,3,2024-05-27,6.2885613,1.59873
2024,2024,Vichada,2024-05-06,4,2024-06-03,2.096187,1.757372
2024,2024,Vichada,2024-05-13,1,2024-05-20,5.589832,1.9865417
2024,2024,Vichada,2024-05-13,2,2024-05-27,6.2885613,1.9826016
2024,2024,Vichada,2024-05-13,3,2024-06-03,2.096187,2.1550958
2024,2024,Vichada,2024-05-13,4,2024-06-10,4.192374,2.3125465
2024,2024,Vichada,2024-05-20,1,2024-05-27,6.2885613,2.1498027
2024,2024,Vichada,2024-05-20,2,2024-06-03,2.096187,2.2080977
2024,2024,Vichada,2024-05-20,3,2024-06-10,4.192374,2.314981
2024,2024,Vichada,2024-05-20,4,2024-06-17,9.782207,2.4052896
2024,2024,Vichada,2024-05-27,1,2024-06-03,2.096187,3.3471267
2024,2024,Vichada,2024-05-27,2,2024-06-10,4.192374,3.2695076
2024,2024,Vichada,2024-05-27,3,2024-06-17,9.782207,3.371878
2024,2024,Vichada,2024-05-27,4,2024-06-24,7.6860194,3.4633455
2024,2024,Vichada,2024-06-03,1,2024-06-10,4.192374,4.450235
2024,2024,Vichada,2024-06-03,2,2024-06-17,9.782207,4.2530837
2024,2024,Vichada,2024-06-03,3,2024-06-24,7.6860194,4.2872
2024,2024,Vichada,2024-06-03,4,2024-07-01,18.166956,4.3762245
2024,2024,Vichada,2024-06-10,1,2024-06-17,9.782207,3.1278493
2024,2024,Vichada,2024-06-10,2,2024-06-24,7.6860194,2.8856819
2024,2024,Vichada,2024-06-10,3,2024-07-01,18.166956,2.850256
2024,2024,Vichada,2024-06-10,4,2024-07-08,9.083476,2.8993447
2024,2024,Vichada,2024-06-17,1,2024-06-24,7.6860194,3.2859278
2024,2024,Vichada,2024-06-17,2,2024-07-01,18.166956,2.966349
2024,2024,Vichada,2024-06-17,3,2024-07-08,9.083476,2.893565
2024,2024,Vichada,2024-06-17,4,2024-07-15,13.27585,2.9110403
2024,2024,Vichada,2024-06-24,1,2024-07-01,18.166956,4.813542
2024,2024,Vichada,2024-06-24,2,2024-07-08,9.083476,4.494989
2024,2024,Vichada,2024-06-24,3,2024-07-15,13.27585,4.273137
2024,2024,Vichada,2024-06-24,4,2024-07-22,16.070768,4.122636
2024,2024,Vichada,2024-07-01,1,2024-07-08,9.083476,5.219489
2024,2024,Vichada,2024-07-01,2,2024-07-15,13.27585,4.6629677
2024,2024,Vichada,2024-07-01,3,2024-07-22,16.070768,4.3603415
2024,2024,Vichada,2024-07-01,4,2024-07-29,8.384748,4.4013553
2024,2024,Vichada,2024-07-08,1,2024-07-15,13.27585,7.09883
2024,2024,Vichada,2024-07-08,2,2024-07-22,16.070768,6.3264065
2024,2024,Vichada,2024-07-08,3,2024-07-29,8.384748,5.847343
2024,2024,Vichada,2024-07-08,4,2024-08-05,14.673311,5.684038
2024,2024,Vichada,2024-07-15,1,2024-07-22,16.070768,6.22899
2024,2024,Vichada,2024-07-15,2,2024-07-29,8.384748,5.23504
2024,2024,Vichada,2024-07-15,3,2024-08-05,14.673311,4.6880245
2024,2024,Vichada,2024-07-15,4,2024-08-12,13.27585,4.55976
2024,2024,Vichada,2024-07-22,1,2024-07-29,8.384748,6.658084
2024,2024,Vichada,2024-07-22,2,2024-08-05,14.673311,5.721275
2024,2024,Vichada,2024-07-22,3,2024-08-12,13.27585,5.4322042
2024,2024,Vichada,2024-07-22,4,2024-08-19,15.372039,5.4449477
2024,2024,Vichada,2024-07-29,1,2024-08-05,14.673311,7.9802895
2024,2024,Vichada,2024-07-29,2,2024-08-12,13.27585,7.119289
2024,2024,Vichada,2024-07-29,3,2024-08-19,15.372039,6.617979
2024,2024,Vichada,2024-07-29,4,2024-08-26,9.782207,6.2960114
2024,2024,Vichada,2024-08-05,1,2024-08-12,13.27585,6.419345
2024,2024,Vichada,2024-08-05,2,2024-08-19,15.372039,5.551843
2024,2024,Vichada,2024-08-05,3,2024-08-26,9.782207,5.0653095
2024,2024,Vichada,2024-08-05,4,2024-09-02,11.878394,5.038334
2024,2024,Vichada,2024-08-12,1,2024-08-19,15.372039,7.3387694
2024,2024,Vichada,2024-08-12,2,2024-08-26,9.782207,6.779857
2024,2024,Vichada,2024-08-12,3,2024-09-02,11.878394,6.419145
2024,2024,Vichada,2024-08-12,4,2024-09-09,13.974581,6.282511
2024,2024,Vichada,2024-08-19,1,2024-08-26,9.782207,7.7460966
2024,2024,Vichada,2024-08-19,2,2024-09-02,11.878394,7.0884485
2024,2024,Vichada,2024-08-19,3,2024-09-09,13.974581,6.675751
2024,2024,Vichada,2024-08-19,4,2024-09-16,7.6860194,6.3804045
2024,2024,Vichada,2024-08-26,1,2024-09-02,11.878394,8.033647
2024,2024,Vichada,2024-08-26,2,2024-09-09,13.974581,7.4968104
2024,2024,Vichada,2024-08-26,3,2024-09-16,7.6860194,6.7910113
2024,2024,Vichada,2024-08-26,4,2024-09-23,3.4936452,6.614722
2024,2024,Vichada,2024-09-02,1,2024-09-09,13.974581,6.828086
2024,2024,Vichada,2024-09-02,2,2024-09-16,7.6860194,6.0515466
2024,2024,Vichada,2024-09-02,3,2024-09-23,3.4936452,5.6430044
2024,2024,Vichada,2024-09-02,4,2024-09-30,7.6860194,5.6438036
2024,2024,Vichada,2024-09-09,1,2024-09-16,7.6860194,7.299179
2024,2024,Vichada,2024-09-09,2,2024-09-23,3.4936452,6.695477
2024,2024,Vichada,2024-09-09,3,2024-09-30,7.6860194,6.4684987
2024,2024,Vichada,2024-09-09,4,2024-10-07,4.192374,6.487476
2024,2024,Vichada,2024-09-16,1,2024-09-23,3.4936452,8.208457
2024,2024,Vichada,2024-09-16,2,2024-09-30,7.6860194,7.5694156
2024,2024,Vichada,2024-09-16,3,2024-10-07,4.192374,7.2729774
2024,2024,Vichada,2024-09-16,4,2024-10-14,6.2885613,7.1729846
2024,2024,Vichada,2024-09-23,1,2024-09-30,7.6860194,6.896863
2024,2024,Vichada,2024-09-23,2,2024-10-07,4.192374,6.185327
2024,2024,Vichada,2024-09-23,3,2024-10-14,6.2885613,6.3351917
2024,2024,Vichada,2024-09-23,4,2024-10-21,6.2885613,6.4842386
2024,2024,Vichada,2024-09-30,1,2024-10-07,4.192374,4.7474217
2024,2024,Vichada,2024-09-30,2,2024-10-14,6.2885613,4.3138027
2024,2024,Vichada,2024-09-30,3,2024-10-21,6.2885613,4.324025
2024,2024,Vichada,2024-09-30,4,2024-10-28,5.589832,4.3340244
2024,2024,Vichada,2024-10-07,1,2024-10-14,6.2885613,5.3917274
2024,2024,Vichada,2024-10-07,2,2024-10-21,6.2885613,5.0945106
2024,2024,Vichada,2024-10-07,3,2024-10-28,5.589832,5.1135297
2024,2024,Vichada,2024-10-07,4,2024-11-04,6.98729,5.1031713
2024,2024,Vichada,2024-10-14,1,2024-10-21,6.2885613,4.502869
2024,2024,Vichada,2024-10-14,2,2024-10-28,5.589832,4.367693
2024,2024,Vichada,2024-10-14,3,2024-11-04,6.98729,4.4223766
2024,2024,Vichada,2024-10-14,4,2024-11-11,5.589832,4.4805045
2024,2024,Vichada,2024-10-21,1,2024-10-28,5.589832,4.878484
2024,2024,Vichada,2024-10-21,2,2024-11-04,6.98729,4.694995
2024,2024,Vichada,2024-10-21,3,2024-11-11,5.589832,4.7200727
2024,2024,Vichada,2024-10-21,4,2024-11-18,6.2885613,4.7078967
2024,2024,Vichada,2024-10-28,1,2024-11-04,6.98729,5.0531797
2024,2024,Vichada,2024-10-28,2,2024-11-11,5.589832,4.9284573
2024,2024,Vichada,2024-10-28,3,2024-11-18,6.2885613,4.9808054
2024,2024,Vichada,2024-10-28,4,2024-11-25,2.096187,4.9969225
2024,2024,Vichada,2024-11-04,1,2024-11-11,5.589832,4.979577
2024,2024,Vichada,2024-11-04,2,2024-11-18,6.2885613,4.9947634
2024,2024,Vichada,2024-11-04,3,2024-11-25,2.096187,4.9557915
2024,2024,Vichada,2024-11-04,4,2024-12-02,7.6860194,4.9592814
2024,2024,Vichada,2024-11-11,1,2024-11-18,6.2885613,5.09044
2024,2024,Vichada,2024-11-11,2,2024-11-25,2.096187,5.107278
2024,2024,Vichada,2024-11-11,3,2024-12-02,7.6860194,5.113489
2024,2024,Vichada,2024-11-11,4,2024-12-09,6.98729,5.14545
2024,2024,Vichada,2024-11-18,1,2024-11-25,2.096187,4.5623374
2024,2024,Vichada,2024-11-18,2,2024-12-02,7.6860194,4.538479
2024,2024,Vichada,2024-11-18,3,2024-12-09,6.98729,4.4059405
2024,2024,Vichada,2024-11-18,4,2024-12-16,6.98729,4.4591827
