seed,test_year,departamento,fecha_base,horizonte,fecha_objetivo,y_true,y_pred
2024,2022,Amazonas,2022-04-18,1,2022-04-25,13.41529,5.993283
2024,2022,Amazonas,2022-04-18,2,2022-05-02,15.854431,5.8908157
2024,2022,Amazonas,2022-04-18,3,2022-05-09,9.756575,5.3009815
2024,2022,Amazonas,2022-04-18,4,2022-05-16,3.658715,5.2622747
2024,2022,Amazonas,2022-04-25,1,2022-05-02,15.854431,6.4136567
2024,2022,Amazonas,2022-04-25,2,2022-05-09,9.756575,6.348422
2024,2022,Amazonas,2022-04-25,3,2022-05-16,3.658715,5.844835
2024,2022,Amazonas,2022-04-25,4,2022-05-23,6.0978584,5.602802
2024,2022,Amazonas,2022-05-02,1,2022-05-09,9.756575,8.567588
2024,2022,Amazonas,2022-05-02,2,2022-05-16,3.658715,8.845614
2024,2022,Amazonas,2022-05-02,3,2022-05-23,6.0978584,7.85517
2024,2022,Amazonas,2022-05-02,4,2022-05-30,3.658715,7.624583
2024,2022,Amazonas,2022-05-09,1,2022-05-16,3.658715,9.989613
2024,2022,Amazonas,2022-05-09,2,2022-05-23,6.0978584,10.091668
2024,2022,Amazonas,2022-05-09,3,2022-05-30,3.658715,8.845073
2024,2022,Amazonas,2022-05-09,4,2022-06-06,6.0978584,8.746211
2024,2022,Amazonas,2022-05-16,1,2022-05-23,6.0978584,9.835453
2024,2022,Amazonas,2022-05-16,2,2022-05-30,3.658715,9.365435
2024,2022,Amazonas,2022-05-16,3,2022-06-06,6.0978584,8.238045
2024,2022,Amazonas,2022-05-16,4,2022-06-13,7.3174305,8.062897
2024,2022,Amazonas,2022-05-23,1,2022-05-30,3.658715,5.9268208
2024,2022,Amazonas,2022-05-23,2,2022-06-06,6.0978584,5.4977093
2024,2022,Amazonas,2022-05-23,3,2022-06-13,7.3174305,4.943564
2024,2022,Amazonas,2022-05-23,4,2022-06-20,4.878287,4.9060154
2024,2022,Amazonas,2022-05-30,1,2022-06-06,6.0978584,5.5798383
2024,2022,Amazonas,2022-05-30,2,2022-06-13,7.3174305,5.287068
2024,2022,Amazonas,2022-05-30,3,2022-06-20,4.878287,4.7994523
2024,2022,Amazonas,2022-05-30,4,2022-06-27,2.4391434,4.6243687
2024,2022,Amazonas,2022-06-06,1,2022-06-13,7.3174305,4.934847
2024,2022,Amazonas,2022-06-06,2,2022-06-20,4.878287,4.6909847
2024,2022,Amazonas,2022-06-06,3,2022-06-27,2.4391434,4.2762494
2024,2022,Amazonas,2022-06-06,4,2022-07-04,1.2195716,4.0836053
2024,2022,Amazonas,2022-06-13,1,2022-06-20,4.878287,5.4709964
2024,2022,Amazonas,2022-06-13,2,2022-06-27,2.4391434,5.2204328
2024,2022,Amazonas,2022-06-13,3,2022-07-04,1.2195716,4.770678
2024,2022,Amazonas,2022-06-13,4,2022-07-11,3.658715,4.6495423
2024,2022,Amazonas,2022-06-20,1,2022-06-27,2.4391434,6.1729627
2024,2022,Amazonas,2022-06-20,2,2022-07-04,1.2195716,5.7925916
2024,2022,Amazonas,2022-06-20,3,2022-07-11,3.658715,5.181506
2024,2022,Amazonas,2022-06-20,4,2022-07-18,2.4391434,4.998983
2024,2022,Amazonas,2022-06-27,1,2022-07-04,1.2195716,5.359382
2024,2022,Amazonas,2022-06-27,2,2022-07-11,3.658715,4.767124
2024,2022,Amazonas,2022-06-27,3,2022-07-18,2.4391434,4.3697963
2024,2022,Amazonas,2022-06-27,4,2022-07-25,6.0978584,4.1421103
2024,2022,Amazonas,2022-07-04,1,2022-07-11,3.658715,3.6820765
2024,2022,Amazonas,2022-07-04,2,2022-07-18,2.4391434,3.2722003
2024,2022,Amazonas,2022-07-04,3,2022-07-25,6.0978584,3.1037815
2024,2022,Amazonas,2022-07-04,4,2022-08-01,3.658715,2.9654062
2024,2022,Amazonas,2022-07-11,1,2022-07-18,2.4391434,2.4769344
2024,2022,Amazonas,2022-07-11,2,2022-07-25,6.0978584,2.2643833
2024,2022,Amazonas,2022-07-11,3,2022-08-01,3.658715,2.1791725
2024,2022,Amazonas,2022-07-11,4,2022-08-08,1.2195716,2.1129594
2024,2022,Amazonas,2022-07-18,1,2022-07-25,6.0978584,3.0168257
2024,2022,Amazonas,2022-07-18,2,2022-08-01,3.658715,2.7653394
2024,2022,Amazonas,2022-07-18,3,2022-08-08,1.2195716,2.5428498
2024,2022,Amazonas,2022-07-18,4,2022-08-15,2.4391434,2.4803987
2024,2022,Amazonas,2022-07-25,1,2022-08-01,3.658715,2.6679173
2024,2022,Amazonas,2022-07-25,2,2022-08-08,1.2195716,2.4689262
2024,2022,Amazonas,2022-07-25,3,2022-08-15,2.4391434,2.2244186
2024,2022,Amazonas,2022-07-25,4,2022-08-22,0.0,2.2290318
2024,2022,Amazonas,2022-08-01,1,2022-08-08,1.2195716,3.166586
2024,2022,Amazonas,2022-08-01,2,2022-08-15,2.4391434,2.9067934
2024,2022,Amazonas,2022-08-01,3,2022-08-22,0.0,2.5755854
2024,2022,Amazonas,2022-08-01,4,2022-08-29,3.658715,2.5244458
2024,2022,Amazonas,2022-08-08,1,2022-08-15,2.4391434,3.148116
2024,2022,Amazonas,2022-08-08,2,2022-08-22,0.0,2.7042317
2024,2022,Amazonas,2022-08-08,3,2022-08-29,3.658715,2.3835952
2024,2022,Amazonas,2022-08-08,4,2022-09-05,0.0,2.323029
2024,2022,Amazonas,2022-08-15,1,2022-08-22,0.0,2.027476
2024,2022,Amazonas,2022-08-15,2,2022-08-29,3.658715,1.844531
2024,2022,Amazonas,2022-08-15,3,2022-09-05,0.0,1.5877466
2024,2022,Amazonas,2022-08-15,4,2022-09-12,1.2195716,1.5897989
2024,2022,Amazonas,2022-08-22,1,2022-08-29,3.658715,1.5701412
2024,2022,Amazonas,2022-08-22,2,2022-09-05,0.0,1.4439331
2024,2022,Amazonas,2022-08-22,3,2022-09-12,1.2195716,1.2050141
2024,2022,Amazonas,2022-08-22,4,2022-09-19,1.2195716,1.2164541
2024,2022,Amazonas,2022-08-29,1,2022-09-05,0.0,1.0404949
2024,2022,Amazonas,2022-08-29,2,2022-09-12,1.2195716,0.9481778
2024,2022,Amazonas,2022-08-29,3,2022-09-19,1.2195716,0.87484866
2024,2022,Amazonas,2022-08-29,4,2022-09-26,1.2195716,0.88250995
2024,2022,Amazonas,2022-09-05,1,2022-09-12,1.2195716,1.3025322
2024,2022,Amazonas,2022-09-05,2,2022-09-19,1.2195716,1.2225977
2024,2022,Amazonas,2022-09-05,3,2022-09-26,1.2195716,1.0861312
2024,2022,Amazonas,2022-09-05,4,2022-10-03,3.658715,1.0958035
2024,2022,Amazonas,2022-09-12,1,2022-09-19,1.2195716,1.036757
2024,2022,Amazonas,2022-09-12,2,2022-09-26,1.2195716,0.9428281
2024,2022,Amazonas,2022-09-12,3,2022-10-03,3.658715,0.8934878
2024,2022,Amazonas,2022-09-12,4,2022-10-10,4.878287,0.8753732
2024,2022,Amazonas,2022-09-19,1,2022-09-26,1.2195716,0.87096834
2024,2022,Amazonas,2022-09-19,2,2022-10-03,3.658715,0.8373254
2024,2022,Amazonas,2022-09-19,3,2022-10-10,4.878287,0.7802467
2024,2022,Amazonas,2022-09-19,4,2022-10-17,1.2195716,0.7444975
2024,2022,Amazonas,2022-09-26,1,2022-10-03,3.658715,0.8249338
2024,2022,Amazonas,2022-09-26,2,2022-10-10,4.878287,0.74508995
2024,2022,Amazonas,2022-09-26,3,2022-10-17,1.2195716,0.69524115
2024,2022,Amazonas,2022-09-26,4,2022-10-24,4.878287,0.6473899
2024,2022,Amazonas,2022-10-03,1,2022-10-10,4.878287,0.77630377
2024,2022,Amazonas,2022-10-03,2,2022-10-17,1.2195716,0.69967663
2024,2022,Amazonas,2022-10-03,3,2022-10-24,4.878287,0.68005073
2024,2022,Amazonas,2022-10-03,4,2022-10-31,9.756575,0.6368718
2024,2022,Amazonas,2022-10-10,1,2022-10-17,1.2195716,1.1011373
2024,2022,Amazonas,2022-10-10,2,2022-10-24,4.878287,0.9986466
2024,2022,Amazonas,2022-10-10,3,2022-10-31,9.756575,0.93750054
2024,2022,Amazonas,2022-10-10,4,2022-11-07,9.756575,0.90023553
2024,2022,Amazonas,2022-10-17,1,2022-10-24,4.878287,1.6229312
2024,2022,Amazonas,2022-10-17,2,2022-10-31,9.756575,1.4886543
2024,2022,Amazonas,2022-10-17,3,2022-11-07,9.756575,1.3986706
2024,2022,Amazonas,2022-10-17,4,2022-11-14,7.3174305,1.3945073
2024,2022,Amazonas,2022-10-24,1,2022-10-31,9.756575,1.5368127
2024,2022,Amazonas,2022-10-24,2,2022-11-07,9.756575,1.4878526
2024,2022,Amazonas,2022-10-24,3,2022-11-14,7.3174305,1.5192531
2024,2022,Amazonas,2022-10-24,4,2022-11-21,3.658715,1.5691153
2024,2022,Amazonas,2022-10-31,1,2022-11-07,9.756575,1.9726535
2024,2022,Amazonas,2022-10-31,2,2022-11-14,7.3174305,1.9076813
2024,2022,Amazonas,2022-10-31,3,2022-11-21,3.658715,1.9474425
2024,2022,Amazonas,2022-10-31,4,2022-11-28,2.4391434,1.9748256
2024,2022,Amazonas,2022-11-07,1,2022-11-14,7.3174305,3.6493022
2024,2022,Amazonas,2022-11-07,2,2022-11-21,3.658715,3.413782
2024,2022,Amazonas,2022-11-07,3,2022-11-28,2.4391434,3.2300186
2024,2022,Amazonas,2022-11-07,4,2022-12-05,9.756575,3.3148882
2024,2022,Amazonas,2022-11-14,1,2022-11-21,3.658715,4.5635815
2024,2022,Amazonas,2022-11-14,2,2022-11-28,2.4391434,4.2840767
2024,2022,Amazonas,2022-11-14,3,2022-12-05,9.756575,3.8231049
2024,2022,Amazonas,2022-11-14,4,2022-12-12,4.878287,4.0923038
2024,2022,Amazonas,2022-11-21,1,2022-11-28,2.4391434,5.1499248
2024,2022,Amazonas,2022-11-21,2,2022-12-05,9.756575,4.9130926
2024,2022,Amazonas,2022-11-21,3,2022-12-12,4.878287,4.6951737
2024,2022,Amazonas,2022-11-21,4,2022-12-19,14.634862,5.0875635
2024,2022,Amazonas,2022-11-28,1,2022-12-05,9.756575,4.376836
2024,2022,Amazonas,2022-11-28,2,2022-12-12,4.878287,4.487917
2024,2022,Amazonas,2022-11-28,3,2022-12-19,14.634862,4.7966337
2024,2022,Amazonas,2022-11-28,4,2022-12-26,7.3174305,5.136023
2024,2022,Antioquia,2022-04-18,1,2022-04-25,0.354126,0.35291627
2024,2022,Antioquia,2022-04-18,2,2022-05-02,0.36888123,0.3223841
2024,2022,Antioquia,2022-04-18,3,2022-05-09,0.7377625,0.36092088
2024,2022,Antioquia,2022-04-18,4,2022-05-16,0.5754547,0.36231807
2024,2022,Antioquia,2022-04-25,1,2022-05-02,0.36888123,0.40379825
2024,2022,Antioquia,2022-04-25,2,2022-05-09,0.7377625,0.3768341
2024,2022,Antioquia,2022-04-25,3,2022-05-16,0.5754547,0.41239786
2024,2022,Antioquia,2022-04-25,4,2022-05-23,0.78202826,0.40965492
2024,2022,Antioquia,2022-05-02,1,2022-05-09,0.7377625,0.40299323
2024,2022,Antioquia,2022-05-02,2,2022-05-16,0.5754547,0.37144202
2024,2022,Antioquia,2022-05-02,3,2022-05-23,0.78202826,0.39744866
2024,2022,Antioquia,2022-05-02,4,2022-05-30,0.98860174,0.39220524
2024,2022,Antioquia,2022-05-09,1,2022-05-16,0.5754547,0.38534135
2024,2022,Antioquia,2022-05-09,2,2022-05-23,0.78202826,0.35944036
2024,2022,Antioquia,2022-05-09,3,2022-05-30,0.98860174,0.37454066
2024,2022,Antioquia,2022-05-09,4,2022-06-06,1.2246858,0.37778684
2024,2022,Antioquia,2022-05-16,1,2022-05-23,0.78202826,0.44009146
2024,2022,Antioquia,2022-05-16,2,2022-05-30,0.98860174,0.41951624
2024,2022,Antioquia,2022-05-16,3,2022-06-06,1.2246858,0.456378
2024,2022,Antioquia,2022-05-16,4,2022-06-13,0.78202826,0.4464377
2024,2022,Antioquia,2022-05-23,1,2022-05-30,0.98860174,0.46554518
2024,2022,Antioquia,2022-05-23,2,2022-06-06,1.2246858,0.43738782
2024,2022,Antioquia,2022-05-23,3,2022-06-13,0.78202826,0.47796026
2024,2022,Antioquia,2022-05-23,4,2022-06-20,0.7967835,0.4628485
2024,2022,Antioquia,2022-05-30,1,2022-06-06,1.2246858,0.5071854
2024,2022,Antioquia,2022-05-30,2,2022-06-13,0.78202826,0.49558166
2024,2022,Antioquia,2022-05-30,3,2022-06-20,0.7967835,0.53792655
2024,2022,Antioquia,2022-05-30,4,2022-06-27,0.7967835,0.529074
2024,2022,Antioquia,2022-06-06,1,2022-06-13,0.78202826,0.6501407
2024,2022,Antioquia,2022-06-06,2,2022-06-20,0.7967835,0.64074767
2024,2022,Antioquia,2022-06-06,3,2022-06-27,0.7967835,0.69708407
2024,2022,Antioquia,2022-06-06,4,2022-07-04,0.78202826,0.6987551
2024,2022,Antioquia,2022-06-13,1,2022-06-20,0.7967835,0.79219425
2024,2022,Antioquia,2022-06-13,2,2022-06-27,0.7967835,0.8256888
2024,2022,Antioquia,2022-06-13,3,2022-07-04,0.78202826,0.8943832
2024,2022,Antioquia,2022-06-13,4,2022-07-11,0.94433594,0.8905587
2024,2022,Antioquia,2022-06-20,1,2022-06-27,0.7967835,0.83703357
2024,2022,Antioquia,2022-06-20,2,2022-07-04,0.78202826,0.87103117
2024,2022,Antioquia,2022-06-20,3,2022-07-11,0.94433594,0.90094924
2024,2022,Antioquia,2022-06-20,4,2022-07-18,0.6934967,0.90505487
2024,2022,Antioquia,2022-06-27,1,2022-07-04,0.78202826,0.78518194
2024,2022,Antioquia,2022-06-27,2,2022-07-11,0.94433594,0.82316285
2024,2022,Antioquia,2022-06-27,3,2022-07-18,0.6934967,0.8362952
2024,2022,Antioquia,2022-06-27,4,2022-07-25,0.64923096,0.83609307
2024,2022,Antioquia,2022-07-04,1,2022-07-11,0.94433594,0.7258105
2024,2022,Antioquia,2022-07-04,2,2022-07-18,0.6934967,0.7721296
2024,2022,Antioquia,2022-07-04,3,2022-07-25,0.64923096,0.7831345
2024,2022,Antioquia,2022-07-04,4,2022-08-01,0.59021,0.7509316
2024,2022,Antioquia,2022-07-11,1,2022-07-18,0.6934967,0.7677359
2024,2022,Antioquia,2022-07-11,2,2022-07-25,0.64923096,0.8104026
2024,2022,Antioquia,2022-07-11,3,2022-08-01,0.59021,0.81668293
2024,2022,Antioquia,2022-07-11,4,2022-08-08,0.6787415,0.7941255
2024,2022,Antioquia,2022-07-18,1,2022-07-25,0.64923096,0.7928069
2024,2022,Antioquia,2022-07-18,2,2022-08-01,0.59021,0.8451008
2024,2022,Antioquia,2022-07-18,3,2022-08-08,0.6787415,0.85221934
2024,2022,Antioquia,2022-07-18,4,2022-08-15,0.6344757,0.8301355
2024,2022,Antioquia,2022-07-25,1,2022-08-01,0.59021,0.73853284
2024,2022,Antioquia,2022-07-25,2,2022-08-08,0.6787415,0.78187484
2024,2022,Antioquia,2022-07-25,3,2022-08-15,0.6344757,0.7936918
2024,2022,Antioquia,2022-07-25,4,2022-08-22,0.5164338,0.76576996
2024,2022,Antioquia,2022-08-01,1,2022-08-08,0.6787415,0.66685665
2024,2022,Antioquia,2022-08-01,2,2022-08-15,0.6344757,0.70497966
2024,2022,Antioquia,2022-08-01,3,2022-08-22,0.5164338,0.7134546
2024,2022,Antioquia,2022-08-01,4,2022-08-29,0.66398627,0.6763215
2024,2022,Antioquia,2022-08-08,1,2022-08-15,0.6344757,0.6352798
2024,2022,Antioquia,2022-08-08,2,2022-08-22,0.5164338,0.64179987
2024,2022,Antioquia,2022-08-08,3,2022-08-29,0.66398627,0.65174764
2024,2022,Antioquia,2022-08-08,4,2022-09-05,0.64923096,0.6038008
2024,2022,Antioquia,2022-08-15,1,2022-08-22,0.5164338,0.6420163
2024,2022,Antioquia,2022-08-15,2,2022-08-29,0.66398627,0.6644323
2024,2022,Antioquia,2022-08-15,3,2022-09-05,0.64923096,0.66911465
2024,2022,Antioquia,2022-08-15,4,2022-09-12,0.47216797,0.6355199
2024,2022,Antioquia,2022-08-22,1,2022-08-29,0.66398627,0.59742045
2024,2022,Antioquia,2022-08-22,2,2022-09-05,0.64923096,0.6165374
2024,2022,Antioquia,2022-08-22,3,2022-09-12,0.47216797,0.6125792
2024,2022,Antioquia,2022-08-22,4,2022-09-19,0.36888123,0.58120394
2024,2022,Antioquia,2022-08-29,1,2022-09-05,0.64923096,0.587795
2024,2022,Antioquia,2022-08-29,2,2022-09-12,0.47216797,0.59064037
2024,2022,Antioquia,2022-08-29,3,2022-09-19,0.36888123,0.59163976
2024,2022,Antioquia,2022-08-29,4,2022-09-26,0.38363647,0.5692627
2024,2022,Antioquia,2022-09-05,1,2022-09-12,0.47216797,0.5392642
2024,2022,Antioquia,2022-09-05,2,2022-09-19,0.36888123,0.53793544
2024,2022,Antioquia,2022-09-05,3,2022-09-26,0.38363647,0.53167593
2024,2022,Antioquia,2022-09-05,4,2022-10-03,0.44265747,0.509408
2024,2022,Antioquia,2022-09-12,1,2022-09-19,0.36888123,0.5250427
2024,2022,Antioquia,2022-09-12,2,2022-09-26,0.38363647,0.52285343
2024,2022,Antioquia,2022-09-12,3,2022-10-03,0.44265747,0.52754223
2024,2022,Antioquia,2022-09-12,4,2022-10-10,0.41314697,0.50614077
2024,2022,Antioquia,2022-09-19,1,2022-09-26,0.38363647,0.48261517
2024,2022,Antioquia,2022-09-19,2,2022-10-03,0.44265747,0.46933898
2024,2022,Antioquia,2022-09-19,3,2022-10-10,0.41314697,0.4784753
2024,2022,Antioquia,2022-09-19,4,2022-10-17,0.44265747,0.47094646
2024,2022,Antioquia,2022-09-26,1,2022-10-03,0.44265747,0.42143005
2024,2022,Antioquia,2022-09-26,2,2022-10-10,0.41314697,0.4000649
2024,2022,Antioquia,2022-09-26,3,2022-10-17,0.44265747,0.4049231
2024,2022,Antioquia,2022-09-26,4,2022-10-24,0.42790222,0.39162225
2024,2022,Antioquia,2022-10-03,1,2022-10-10,0.41314697,0.37704495
2024,2022,Antioquia,2022-10-03,2,2022-10-17,0.44265747,0.34889758
2024,2022,Antioquia,2022-10-03,3,2022-10-24,0.42790222,0.35660556
2024,2022,Antioquia,2022-10-03,4,2022-10-31,0.44265747,0.34467304
2024,2022,Antioquia,2022-10-10,1,2022-10-17,0.44265747,0.369811
2024,2022,Antioquia,2022-10-10,2,2022-10-24,0.42790222,0.34041172
2024,2022,Antioquia,2022-10-10,3,2022-10-31,0.44265747,0.35601822
2024,2022,Antioquia,2022-10-10,4,2022-11-07,0.38363647,0.34908336
2024,2022,Antioquia,2022-10-17,1,2022-10-24,0.42790222,0.34559318
2024,2022,Antioquia,2022-10-17,2,2022-10-31,0.44265747,0.30215508
2024,2022,Antioquia,2022-10-17,3,2022-11-07,0.38363647,0.32894307
2024,2022,Antioquia,2022-10-17,4,2022-11-14,0.6049652,0.31973988
2024,2022,Antioquia,2022-10-24,1,2022-10-31,0.44265747,0.34131503
2024,2022,Antioquia,2022-10-24,2,2022-11-07,0.38363647,0.28628734
2024,2022,Antioquia,2022-10-24,3,2022-11-14,0.6049652,0.3220768
2024,2022,Antioquia,2022-10-24,4,2022-11-21,0.44265747,0.32109222
2024,2022,Antioquia,2022-10-31,1,2022-11-07,0.38363647,0.33525822
2024,2022,Antioquia,2022-10-31,2,2022-11-14,0.6049652,0.26642317
2024,2022,Antioquia,2022-10-31,3,2022-11-21,0.44265747,0.32189485
2024,2022,Antioquia,2022-10-31,4,2022-11-28,0.47216797,0.3199781
2024,2022,Antioquia,2022-11-07,1,2022-11-14,0.6049652,0.32803887
2024,2022,Antioquia,2022-11-07,2,2022-11-21,0.44265747,0.28578717
2024,2022,Antioquia,2022-11-07,3,2022-11-28,0.47216797,0.33108866
2024,2022,Antioquia,2022-11-07,4,2022-12-05,0.26559448,0.3233644
2024,2022,Antioquia,2022-11-14,1,2022-11-21,0.44265747,0.30434847
2024,2022,Antioquia,2022-11-14,2,2022-11-28,0.47216797,0.27480474
2024,2022,Antioquia,2022-11-14,3,2022-12-05,0.26559448,0.32065544
2024,2022,Antioquia,2022-11-14,4,2022-12-12,0.22132875,0.3304141
2024,2022,Antioquia,2022-11-21,1,2022-11-28,0.47216797,0.3539298
2024,2022,Antioquia,2022-11-21,2,2022-12-05,0.26559448,0.30892208
2024,2022,Antioquia,2022-11-21,3,2022-12-12,0.22132875,0.38738346
2024,2022,Antioquia,2022-11-21,4,2022-12-19,0.39839175,0.4134959
2024,2022,Antioquia,2022-11-28,1,2022-12-05,0.26559448,0.32851115
2024,2022,Antioquia,2022-11-28,2,2022-12-12,0.22132875,0.31364915
2024,2022,Antioquia,2022-11-28,3,2022-12-19,0.39839175,0.36248827
2024,2022,Antioquia,2022-11-28,4,2022-12-26,0.39839175,0.35659638
2024,2022,Arauca,2022-04-18,1,2022-04-25,3.2750375,1.4641805
2024,2022,Arauca,2022-04-18,2,2022-05-02,3.6389308,1.5161518
2024,2022,Arauca,2022-04-18,3,2022-05-09,3.2750375,1.8415642
2024,2022,Arauca,2022-04-18,4,2022-05-16,3.2750375,1.9758272
2024,2022,Arauca,2022-04-25,1,2022-05-02,3.6389308,2.0558963
2024,2022,Arauca,2022-04-25,2,2022-05-09,3.2750375,2.110098
2024,2022,Arauca,2022-04-25,3,2022-05-16,3.2750375,2.4991171
2024,2022,Arauca,2022-04-25,4,2022-05-23,8.733435,2.6559107
2024,2022,Arauca,2022-05-02,1,2022-05-09,3.2750375,3.0107896
2024,2022,Arauca,2022-05-02,2,2022-05-16,3.2750375,2.9771583
2024,2022,Arauca,2022-05-02,3,2022-05-23,8.733435,3.3669162
2024,2022,Arauca,2022-05-02,4,2022-05-30,5.094503,3.4794617
2024,2022,Arauca,2022-05-09,1,2022-05-16,3.2750375,4.06375
2024,2022,Arauca,2022-05-09,2,2022-05-23,8.733435,4.1902947
2024,2022,Arauca,2022-05-09,3,2022-05-30,5.094503,4.654342
2024,2022,Arauca,2022-05-09,4,2022-06-06,6.5500755,4.854067
2024,2022,Arauca,2022-05-16,1,2022-05-23,8.733435,4.36626
2024,2022,Arauca,2022-05-16,2,2022-05-30,5.094503,4.465857
2024,2022,Arauca,2022-05-16,3,2022-06-06,6.5500755,4.879521
2024,2022,Arauca,2022-05-16,4,2022-06-13,7.641755,4.977277
2024,2022,Arauca,2022-05-23,1,2022-05-30,5.094503,4.4181414
2024,2022,Arauca,2022-05-23,2,2022-06-06,6.5500755,4.4739084
2024,2022,Arauca,2022-05-23,3,2022-06-13,7.641755,4.709998
2024,2022,Arauca,2022-05-23,4,2022-06-20,6.1861825,4.7456174
2024,2022,Arauca,2022-05-30,1,2022-06-06,6.5500755,8.300635
2024,2022,Arauca,2022-05-30,2,2022-06-13,7.641755,8.335482
2024,2022,Arauca,2022-05-30,3,2022-06-20,6.1861825,8.470727
2024,2022,Arauca,2022-05-30,4,2022-06-27,5.8222895,8.2373705
2024,2022,Arauca,2022-06-06,1,2022-06-13,7.641755,7.2171474
2024,2022,Arauca,2022-06-06,2,2022-06-20,6.1861825,7.0164065
2024,2022,Arauca,2022-06-06,3,2022-06-27,5.8222895,6.9959307
2024,2022,Arauca,2022-06-06,4,2022-07-04,2.9111447,6.699995
2024,2022,Arauca,2022-06-13,1,2022-06-20,6.1861825,7.6075206
2024,2022,Arauca,2022-06-13,2,2022-06-27,5.8222895,7.341203
2024,2022,Arauca,2022-06-13,3,2022-07-04,2.9111447,7.227384
2024,2022,Arauca,2022-06-13,4,2022-07-11,6.5500755,6.9304004
2024,2022,Arauca,2022-06-20,1,2022-06-27,5.8222895,8.129896
2024,2022,Arauca,2022-06-20,2,2022-07-04,2.9111447,7.6897917
2024,2022,Arauca,2022-06-20,3,2022-07-11,6.5500755,7.4694395
2024,2022,Arauca,2022-06-20,4,2022-07-18,6.5500755,6.8581395
2024,2022,Arauca,2022-06-27,1,2022-07-04,2.9111447,6.872476
2024,2022,Arauca,2022-06-27,2,2022-07-11,6.5500755,6.3796387
2024,2022,Arauca,2022-06-27,3,2022-07-18,6.5500755,6.1367416
2024,2022,Arauca,2022-06-27,4,2022-07-25,5.094503,5.752956
2024,2022,Arauca,2022-07-04,1,2022-07-11,6.5500755,6.0375443
2024,2022,Arauca,2022-07-04,2,2022-07-18,6.5500755,5.5058784
2024,2022,Arauca,2022-07-04,3,2022-07-25,5.094503,5.2416477
2024,2022,Arauca,2022-07-04,4,2022-08-01,4.366717,4.7346406
2024,2022,Arauca,2022-07-11,1,2022-07-18,6.5500755,3.88283
2024,2022,Arauca,2022-07-11,2,2022-07-25,5.094503,3.5183268
2024,2022,Arauca,2022-07-11,3,2022-08-01,4.366717,3.413256
2024,2022,Arauca,2022-07-11,4,2022-08-08,5.458396,3.0802877
2024,2022,Arauca,2022-07-18,1,2022-07-25,5.094503,5.08867
2024,2022,Arauca,2022-07-18,2,2022-08-01,4.366717,4.6698084
2024,2022,Arauca,2022-07-18,3,2022-08-08,5.458396,4.374063
2024,2022,Arauca,2022-07-18,4,2022-08-15,5.458396,4.0090647
2024,2022,Arauca,2022-07-25,1,2022-08-01,4.366717,5.3223176
2024,2022,Arauca,2022-07-25,2,2022-08-08,5.458396,4.849919
2024,2022,Arauca,2022-07-25,3,2022-08-15,5.458396,4.503227
2024,2022,Arauca,2022-07-25,4,2022-08-22,2.1833587,4.0815125
2024,2022,Arauca,2022-08-01,1,2022-08-08,5.458396,4.7988844
2024,2022,Arauca,2022-08-01,2,2022-08-15,5.458396,4.355557
2024,2022,Arauca,2022-08-01,3,2022-08-22,2.1833587,4.0662303
2024,2022,Arauca,2022-08-01,4,2022-08-29,4.002824,3.8065252
2024,2022,Arauca,2022-08-08,1,2022-08-15,5.458396,4.0747905
2024,2022,Arauca,2022-08-08,2,2022-08-22,2.1833587,3.7472022
2024,2022,Arauca,2022-08-08,3,2022-08-29,4.002824,3.5285616
2024,2022,Arauca,2022-08-08,4,2022-09-05,2.9111447,3.3533134
2024,2022,Arauca,2022-08-15,1,2022-08-22,2.1833587,4.759246
2024,2022,Arauca,2022-08-15,2,2022-08-29,4.002824,4.4330316
2024,2022,Arauca,2022-08-15,3,2022-09-05,2.9111447,4.0627823
2024,2022,Arauca,2022-08-15,4,2022-09-12,1.4555722,3.8938828
2024,2022,Arauca,2022-08-22,1,2022-08-29,4.002824,5.1048546
2024,2022,Arauca,2022-08-22,2,2022-09-05,2.9111447,4.7747765
2024,2022,Arauca,2022-08-22,3,2022-09-12,1.4555722,4.3580956
2024,2022,Arauca,2022-08-22,4,2022-09-19,3.2750375,4.1080947
2024,2022,Arauca,2022-08-29,1,2022-09-05,2.9111447,3.542065
2024,2022,Arauca,2022-08-29,2,2022-09-12,1.4555722,3.3012743
2024,2022,Arauca,2022-08-29,3,2022-09-19,3.2750375,3.133266
2024,2022,Arauca,2022-08-29,4,2022-09-26,2.9111447,3.0126495
2024,2022,Arauca,2022-09-05,1,2022-09-12,1.4555722,3.8424606
2024,2022,Arauca,2022-09-05,2,2022-09-19,3.2750375,3.6074429
2024,2022,Arauca,2022-09-05,3,2022-09-26,2.9111447,3.3555508
2024,2022,Arauca,2022-09-05,4,2022-10-03,1.4555722,3.2112746
2024,2022,Arauca,2022-09-12,1,2022-09-19,3.2750375,3.5823667
2024,2022,Arauca,2022-09-12,2,2022-09-26,2.9111447,3.3345098
2024,2022,Arauca,2022-09-12,3,2022-10-03,1.4555722,3.1432555
2024,2022,Arauca,2022-09-12,4,2022-10-10,1.4555722,2.9725497
2024,2022,Arauca,2022-09-19,1,2022-09-26,2.9111447,2.693125
2024,2022,Arauca,2022-09-19,2,2022-10-03,1.4555722,2.5249789
2024,2022,Arauca,2022-09-19,3,2022-10-10,1.4555722,2.4158988
2024,2022,Arauca,2022-09-19,4,2022-10-17,2.1833587,2.3173597
2024,2022,Arauca,2022-09-26,1,2022-10-03,1.4555722,2.9383416
2024,2022,Arauca,2022-09-26,2,2022-10-10,1.4555722,2.7842817
2024,2022,Arauca,2022-09-26,3,2022-10-17,2.1833587,2.654106
2024,2022,Arauca,2022-09-26,4,2022-10-24,1.4555722,2.5331721
2024,2022,Arauca,2022-10-03,1,2022-10-10,1.4555722,3.0924587
2024,2022,Arauca,2022-10-03,2,2022-10-17,2.1833587,2.899193
2024,2022,Arauca,2022-10-03,3,2022-10-24,1.4555722,2.8015928
2024,2022,Arauca,2022-10-03,4,2022-10-31,1.8194654,2.6357732
2024,2022,Arauca,2022-10-10,1,2022-10-17,2.1833587,2.550166
2024,2022,Arauca,2022-10-10,2,2022-10-24,1.4555722,2.4550161
2024,2022,Arauca,2022-10-10,3,2022-10-31,1.8194654,2.3708885
2024,2022,Arauca,2022-10-10,4,2022-11-07,2.5472517,2.3169184
2024,2022,Arauca,2022-10-17,1,2022-10-24,1.4555722,2.1031106
2024,2022,Arauca,2022-10-17,2,2022-10-31,1.8194654,2.0396483
2024,2022,Arauca,2022-10-17,3,2022-11-07,2.5472517,1.977353
2024,2022,Arauca,2022-10-17,4,2022-11-14,2.9111447,1.9261476
2024,2022,Arauca,2022-10-24,1,2022-10-31,1.8194654,2.2214963
2024,2022,Arauca,2022-10-24,2,2022-11-07,2.5472517,2.14825
2024,2022,Arauca,2022-10-24,3,2022-11-14,2.9111447,2.0438552
2024,2022,Arauca,2022-10-24,4,2022-11-21,3.2750375,2.0102675
2024,2022,Arauca,2022-10-31,1,2022-11-07,2.5472517,1.9836437
2024,2022,Arauca,2022-10-31,2,2022-11-14,2.9111447,1.9424195
2024,2022,Arauca,2022-10-31,3,2022-11-21,3.2750375,1.8726448
2024,2022,Arauca,2022-10-31,4,2022-11-28,1.4555722,1.8616852
2024,2022,Arauca,2022-11-07,1,2022-11-14,2.9111447,1.7691671
2024,2022,Arauca,2022-11-07,2,2022-11-21,3.2750375,1.7661749
2024,2022,Arauca,2022-11-07,3,2022-11-28,1.4555722,1.6783807
2024,2022,Arauca,2022-11-07,4,2022-12-05,0.3638931,1.6464405
2024,2022,Arauca,2022-11-14,1,2022-11-21,3.2750375,1.8267411
2024,2022,Arauca,2022-11-14,2,2022-11-28,1.4555722,1.8109003
2024,2022,Arauca,2022-11-14,3,2022-12-05,0.3638931,1.8344467
2024,2022,Arauca,2022-11-14,4,2022-12-12,1.4555722,1.8440422
2024,2022,Arauca,2022-11-21,1,2022-11-28,1.4555722,2.1381288
2024,2022,Arauca,2022-11-21,2,2022-12-05,0.3638931,2.0986829
2024,2022,Arauca,2022-11-21,3,2022-12-12,1.4555722,2.1119502
2024,2022,Arauca,2022-11-21,4,2022-12-19,1.4555722,2.1115541
2024,2022,Arauca,2022-11-28,1,2022-12-05,0.3638931,2.416945
2024,2022,Arauca,2022-11-28,2,2022-12-12,1.4555722,2.3475392
2024,2022,Arauca,2022-11-28,3,2022-12-19,1.4555722,2.287322
2024,2022,Arauca,2022-11-28,4,2022-12-26,0.3638931,2.3224974
2024,2022,Atlantico,2022-04-18,1,2022-04-25,0.8651738,1.4631976
2024,2022,Atlantico,2022-04-18,2,2022-05-02,1.0814673,1.733363
2024,2022,Atlantico,2022-04-18,3,2022-05-09,1.3338097,1.6680363
2024,2022,Atlantico,2022-04-18,4,2022-05-16,1.6222008,1.6716471
2024,2022,Atlantico,2022-04-25,1,2022-05-02,1.0814673,1.5297345
2024,2022,Atlantico,2022-04-25,2,2022-05-09,1.3338097,1.7823784
2024,2022,Atlantico,2022-04-25,3,2022-05-16,1.6222008,1.707902
2024,2022,Atlantico,2022-04-25,4,2022-05-23,1.9105921,1.7432101
2024,2022,Atlantico,2022-05-02,1,2022-05-09,1.3338097,1.4415798
2024,2022,Atlantico,2022-05-02,2,2022-05-16,1.6222008,1.6587964
2024,2022,Atlantico,2022-05-02,3,2022-05-23,1.9105921,1.5106978
2024,2022,Atlantico,2022-05-02,4,2022-05-30,2.5594728,1.5233032
2024,2022,Atlantico,2022-05-09,1,2022-05-16,1.6222008,1.353711
2024,2022,Atlantico,2022-05-09,2,2022-05-23,1.9105921,1.5508987
2024,2022,Atlantico,2022-05-09,3,2022-05-30,2.5594728,1.467453
2024,2022,Atlantico,2022-05-09,4,2022-06-06,2.1989834,1.5301902
2024,2022,Atlantico,2022-05-16,1,2022-05-23,1.9105921,1.5149728
2024,2022,Atlantico,2022-05-16,2,2022-05-30,2.5594728,1.7022535
2024,2022,Atlantico,2022-05-16,3,2022-06-06,2.1989834,1.6930196
2024,2022,Atlantico,2022-05-16,4,2022-06-13,2.0908365,1.8018085
2024,2022,Atlantico,2022-05-23,1,2022-05-30,2.5594728,1.8260052
2024,2022,Atlantico,2022-05-23,2,2022-06-06,2.1989834,1.9828523
2024,2022,Atlantico,2022-05-23,3,2022-06-13,2.0908365,1.982607
2024,2022,Atlantico,2022-05-23,4,2022-06-20,2.4873745,2.1007574
2024,2022,Atlantico,2022-05-30,1,2022-06-06,2.1989834,2.1522586
2024,2022,Atlantico,2022-05-30,2,2022-06-13,2.0908365,2.317071
2024,2022,Atlantico,2022-05-30,3,2022-06-20,2.4873745,2.3808444
2024,2022,Atlantico,2022-05-30,4,2022-06-27,3.0281081,2.5437672
2024,2022,Atlantico,2022-06-06,1,2022-06-13,2.0908365,2.793133
2024,2022,Atlantico,2022-06-06,2,2022-06-20,2.4873745,2.987475
2024,2022,Atlantico,2022-06-06,3,2022-06-27,3.0281081,3.111777
2024,2022,Atlantico,2022-06-06,4,2022-07-04,3.7130377,3.315945
2024,2022,Atlantico,2022-06-13,1,2022-06-20,2.4873745,3.2572892
2024,2022,Atlantico,2022-06-13,2,2022-06-27,3.0281081,3.45745
2024,2022,Atlantico,2022-06-13,3,2022-07-04,3.7130377,3.6071594
2024,2022,Atlantico,2022-06-13,4,2022-07-11,4.902652,3.7775774
2024,2022,Atlantico,2022-06-20,1,2022-06-27,3.0281081,3.4543626
2024,2022,Atlantico,2022-06-20,2,2022-07-04,3.7130377,3.6642175
2024,2022,Atlantico,2022-06-20,3,2022-07-11,4.902652,3.8556697
2024,2022,Atlantico,2022-06-20,4,2022-07-18,5.803875,3.9503214
2024,2022,Atlantico,2022-06-27,1,2022-07-04,3.7130377,3.776529
2024,2022,Atlantico,2022-06-27,2,2022-07-11,4.902652,4.005444
2024,2022,Atlantico,2022-06-27,3,2022-07-18,5.803875,4.2110868
2024,2022,Atlantico,2022-06-27,4,2022-07-25,7.2097826,4.235402
2024,2022,Atlantico,2022-07-04,1,2022-07-11,4.902652,4.639098
2024,2022,Atlantico,2022-07-04,2,2022-07-18,5.803875,4.828825
2024,2022,Atlantico,2022-07-04,3,2022-07-25,7.2097826,5.0667415
2024,2022,Atlantico,2022-07-04,4,2022-08-01,6.9934893,4.9588532
2024,2022,Atlantico,2022-07-11,1,2022-07-18,5.803875,5.674477
2024,2022,Atlantico,2022-07-11,2,2022-07-25,7.2097826,5.839877
2024,2022,Atlantico,2022-07-11,3,2022-08-01,6.9934893,6.1118636
2024,2022,Atlantico,2022-07-11,4,2022-08-08,6.416706,5.9185057
2024,2022,Atlantico,2022-07-18,1,2022-07-25,7.2097826,7.1860933
2024,2022,Atlantico,2022-07-18,2,2022-08-01,6.9934893,7.3745565
2024,2022,Atlantico,2022-07-18,3,2022-08-08,6.416706,7.608969
2024,2022,Atlantico,2022-07-18,4,2022-08-15,5.335239,7.309096
2024,2022,Atlantico,2022-07-25,1,2022-08-01,6.9934893,8.717683
2024,2022,Atlantico,2022-07-25,2,2022-08-08,6.416706,8.892042
2024,2022,Atlantico,2022-07-25,3,2022-08-15,5.335239,9.033641
2024,2022,Atlantico,2022-07-25,4,2022-08-22,7.1376843,8.578395
2024,2022,Atlantico,2022-08-01,1,2022-08-08,6.416706,10.002089
2024,2022,Atlantico,2022-08-01,2,2022-08-15,5.335239,10.055849
2024,2022,Atlantico,2022-08-01,3,2022-08-22,7.1376843,10.180405
2024,2022,Atlantico,2022-08-01,4,2022-08-29,7.2097826,9.565881
2024,2022,Atlantico,2022-08-08,1,2022-08-15,5.335239,10.175458
2024,2022,Atlantico,2022-08-08,2,2022-08-22,7.1376843,10.2538185
2024,2022,Atlantico,2022-08-08,3,2022-08-29,7.2097826,10.350184
2024,2022,Atlantico,2022-08-08,4,2022-09-05,7.498174,9.759688
2024,2022,Atlantico,2022-08-15,1,2022-08-22,7.1376843,9.832467
2024,2022,Atlantico,2022-08-15,2,2022-08-29,7.2097826,9.856971
2024,2022,Atlantico,2022-08-15,3,2022-09-05,7.498174,9.954321
2024,2022,Atlantico,2022-08-15,4,2022-09-12,6.5609016,9.380112
2024,2022,Atlantico,2022-08-22,1,2022-08-29,7.2097826,8.81642
2024,2022,Atlantico,2022-08-22,2,2022-09-05,7.498174,8.591626
2024,2022,Atlantico,2022-08-22,3,2022-09-12,6.5609016,8.823661
2024,2022,Atlantico,2022-08-22,4,2022-09-19,8.147054,8.054621
2024,2022,Atlantico,2022-08-29,1,2022-09-05,7.498174,9.255367
2024,2022,Atlantico,2022-08-29,2,2022-09-12,6.5609016,9.075296
2024,2022,Atlantico,2022-08-29,3,2022-09-19,8.147054,9.226605
2024,2022,Atlantico,2022-08-29,4,2022-09-26,7.60632,8.548114
2024,2022,Atlantico,2022-09-05,1,2022-09-12,6.5609016,9.715208
2024,2022,Atlantico,2022-09-05,2,2022-09-19,8.147054,9.479021
2024,2022,Atlantico,2022-09-05,3,2022-09-26,7.60632,9.5825405
2024,2022,Atlantico,2022-09-05,4,2022-10-03,8.723837,8.909146
2024,2022,Atlantico,2022-09-12,1,2022-09-19,8.147054,10.106437
2024,2022,Atlantico,2022-09-12,2,2022-09-26,7.60632,9.884241
2024,2022,Atlantico,2022-09-12,3,2022-10-03,8.723837,9.943042
2024,2022,Atlantico,2022-09-12,4,2022-10-10,8.687788,9.376139
2024,2022,Atlantico,2022-09-19,1,2022-09-26,7.60632,9.445018
2024,2022,Atlantico,2022-09-19,2,2022-10-03,8.723837,9.129262
2024,2022,Atlantico,2022-09-19,3,2022-10-10,8.687788,9.17779
2024,2022,Atlantico,2022-09-19,4,2022-10-17,11.175162,8.536052
2024,2022,Atlantico,2022-09-26,1,2022-10-03,8.723837,10.241477
2024,2022,Atlantico,2022-09-26,2,2022-10-10,8.687788,9.880043
2024,2022,Atlantico,2022-09-26,3,2022-10-17,11.175162,9.851735
2024,2022,Atlantico,2022-09-26,4,2022-10-24,12.689217,9.239186
2024,2022,Atlantico,2022-10-03,1,2022-10-10,8.687788,10.230228
2024,2022,Atlantico,2022-10-03,2,2022-10-17,11.175162,9.864726
2024,2022,Atlantico,2022-10-03,3,2022-10-24,12.689217,9.734688
2024,2022,Atlantico,2022-10-03,4,2022-10-31,11.896141,9.064451
2024,2022,Atlantico,2022-10-10,1,2022-10-17,11.175162,10.88506
2024,2022,Atlantico,2022-10-10,2,2022-10-24,12.689217,10.524994
2024,2022,Atlantico,2022-10-10,3,2022-10-31,11.896141,10.238532
2024,2022,Atlantico,2022-10-10,4,2022-11-07,13.55439,9.716059
2024,2022,Atlantico,2022-10-17,1,2022-10-24,12.689217,11.032919
2024,2022,Atlantico,2022-10-17,2,2022-10-31,11.896141,10.475569
2024,2022,Atlantico,2022-10-17,3,2022-11-07,13.55439,10.158132
2024,2022,Atlantico,2022-10-17,4,2022-11-14,15.104492,9.465109
2024,2022,Atlantico,2022-10-24,1,2022-10-31,11.896141,12.558558
2024,2022,Atlantico,2022-10-24,2,2022-11-07,13.55439,11.954894
2024,2022,Atlantico,2022-10-24,3,2022-11-14,15.104492,11.429989
2024,2022,Atlantico,2022-10-24,4,2022-11-21,16.870892,10.78698
2024,2022,Atlantico,2022-10-31,1,2022-11-07,13.55439,14.776148
2024,2022,Atlantico,2022-10-31,2,2022-11-14,15.104492,14.321723
2024,2022,Atlantico,2022-10-31,3,2022-11-21,16.870892,13.5697565
2024,2022,Atlantico,2022-10-31,4,2022-11-28,15.969669,12.744062
2024,2022,Atlantico,2022-11-07,1,2022-11-14,15.104492,14.988773
2024,2022,Atlantico,2022-11-07,2,2022-11-21,16.870892,14.4717655
2024,2022,Atlantico,2022-11-07,3,2022-11-28,15.969669,13.742786
2024,2022,Atlantico,2022-11-07,4,2022-12-05,18.060503,12.947123
2024,2022,Atlantico,2022-11-14,1,2022-11-21,16.870892,16.140205
2024,2022,Atlantico,2022-11-14,2,2022-11-28,15.969669,15.30912
2024,2022,Atlantico,2022-11-14,3,2022-12-05,18.060503,14.774101
2024,2022,Atlantico,2022-11-14,4,2022-12-12,17.663967,13.697983
2024,2022,Atlantico,2022-11-21,1,2022-11-28,15.969669,17.563078
2024,2022,Atlantico,2022-11-21,2,2022-12-05,18.060503,16.977613
2024,2022,Atlantico,2022-11-21,3,2022-12-12,17.663967,16.198528
2024,2022,Atlantico,2022-11-21,4,2022-12-19,17.231377,14.991065
2024,2022,Atlantico,2022-11-28,1,2022-12-05,18.060503,20.183947
2024,2022,Atlantico,2022-11-28,2,2022-12-12,17.663967,19.636467
2024,2022,Atlantico,2022-11-28,3,2022-12-19,17.231377,18.24573
2024,2022,Atlantico,2022-11-28,4,2022-12-26,18.997774,16.884617
2024,2022,Bogota d.c.,2022-04-18,1,2022-04-25,0.0,0.0
2024,2022,Bogota d.c.,2022-04-18,2,2022-05-02,0.0,0.0038629575
2024,2022,Bogota d.c.,2022-04-18,3,2022-05-09,0.0,0.030843366
2024,2022,Bogota d.c.,2022-04-18,4,2022-05-16,0.0,0.012510951
2024,2022,Bogota d.c.,2022-04-25,1,2022-05-02,0.0,0.0
2024,2022,Bogota d.c.,2022-04-25,2,2022-05-09,0.0,0.0062050843
2024,2022,Bogota d.c.,2022-04-25,3,2022-05-16,0.0,0.046604257
2024,2022,Bogota d.c.,2022-04-25,4,2022-05-23,0.0,0.03658597
2024,2022,Bogota d.c.,2022-05-02,1,2022-05-09,0.0,0.0
2024,2022,Bogota d.c.,2022-05-02,2,2022-05-16,0.0,0.006459577
2024,2022,Bogota d.c.,2022-05-02,3,2022-05-23,0.0,0.050130233
2024,2022,Bogota d.c.,2022-05-02,4,2022-05-30,0.0,0.03300094
2024,2022,Bogota d.c.,2022-05-09,1,2022-05-16,0.0,0.0
2024,2022,Bogota d.c.,2022-05-09,2,2022-05-23,0.0,0.0
2024,2022,Bogota d.c.,2022-05-09,3,2022-05-30,0.0,0.018942885
2024,2022,Bogota d.c.,2022-05-09,4,2022-06-06,0.0,0.0074757035
2024,2022,Bogota d.c.,2022-05-16,1,2022-05-23,0.0,0.0
2024,2022,Bogota d.c.,2022-05-16,2,2022-05-30,0.0,0.005780468
2024,2022,Bogota d.c.,2022-05-16,3,2022-06-06,0.0,0.032272987
2024,2022,Bogota d.c.,2022-05-16,4,2022-06-13,0.0,0.030355318
2024,2022,Bogota d.c.,2022-05-23,1,2022-05-30,0.0,0.012578425
2024,2022,Bogota d.c.,2022-05-23,2,2022-06-06,0.0,0.01179269
2024,2022,Bogota d.c.,2022-05-23,3,2022-06-13,0.0,0.052368093
2024,2022,Bogota d.c.,2022-05-23,4,2022-06-20,0.0,0.047361027
2024,2022,Bogota d.c.,2022-05-30,1,2022-06-06,0.0,0.0
2024,2022,Bogota d.c.,2022-05-30,2,2022-06-13,0.0,0.0
2024,2022,Bogota d.c.,2022-05-30,3,2022-06-20,0.0,0.02461279
2024,2022,Bogota d.c.,2022-05-30,4,2022-06-27,0.0,0.024344126
2024,2022,Bogota d.c.,2022-06-06,1,2022-06-13,0.0,0.008990453
2024,2022,Bogota d.c.,2022-06-06,2,2022-06-20,0.0,0.008707584
2024,2022,Bogota d.c.,2022-06-06,3,2022-06-27,0.0,0.036689814
2024,2022,Bogota d.c.,2022-06-06,4,2022-07-04,0.0,0.03180621
2024,2022,Bogota d.c.,2022-06-13,1,2022-06-20,0.0,0.0029953339
2024,2022,Bogota d.c.,2022-06-13,2,2022-06-27,0.0,0.00520906
2024,2022,Bogota d.c.,2022-06-13,3,2022-07-04,0.0,0.04395967
2024,2022,Bogota d.c.,2022-06-13,4,2022-07-11,0.0,0.028978998
2024,2022,Bogota d.c.,2022-06-20,1,2022-06-27,0.0,0.008679994
2024,2022,Bogota d.c.,2022-06-20,2,2022-07-04,0.0,0.009981931
2024,2022,Bogota d.c.,2022-06-20,3,2022-07-11,0.0,0.043174494
2024,2022,Bogota d.c.,2022-06-20,4,2022-07-18,0.0,0.033017136
2024,2022,Bogota d.c.,2022-06-27,1,2022-07-04,0.0,0.0
2024,2022,Bogota d.c.,2022-06-27,2,2022-07-11,0.0,0.0016532035
2024,2022,Bogota d.c.,2022-06-27,3,2022-07-18,0.0,0.027355123
2024,2022,Bogota d.c.,2022-06-27,4,2022-07-25,0.0,0.011901038
2024,2022,Bogota d.c.,2022-07-04,1,2022-07-11,0.0,0.010290821
2024,2022,Bogota d.c.,2022-07-04,2,2022-07-18,0.0,0.018712139
2024,2022,Bogota d.c.,2022-07-04,3,2022-07-25,0.0,0.040004626
2024,2022,Bogota d.c.,2022-07-04,4,2022-08-01,0.0,0.03144208
2024,2022,Bogota d.c.,2022-07-11,1,2022-07-18,0.0,0.0079481695
2024,2022,Bogota d.c.,2022-07-11,2,2022-07-25,0.0,0.014118492
2024,2022,Bogota d.c.,2022-07-11,3,2022-08-01,0.0,0.030675188
2024,2022,Bogota d.c.,2022-07-11,4,2022-08-08,0.0,0.025923356
2024,2022,Bogota d.c.,2022-07-18,1,2022-07-25,0.0,0.0058657983
2024,2022,Bogota d.c.,2022-07-18,2,2022-08-01,0.0,0.010295534
2024,2022,Bogota d.c.,2022-07-18,3,2022-08-08,0.0,0.02821167
2024,2022,Bogota d.c.,2022-07-18,4,2022-08-15,0.0,0.025406832
2024,2022,Bogota d.c.,2022-07-25,1,2022-08-01,0.0,0.008226371
2024,2022,Bogota d.c.,2022-07-25,2,2022-08-08,0.0,0.011621611
2024,2022,Bogota d.c.,2022-07-25,3,2022-08-15,0.0,0.03346709
2024,2022,Bogota d.c.,2022-07-25,4,2022-08-22,0.0,0.021452041
2024,2022,Bogota d.c.,2022-08-01,1,2022-08-08,0.0,0.0
2024,2022,Bogota d.c.,2022-08-01,2,2022-08-15,0.0,0.0039093234
2024,2022,Bogota d.c.,2022-08-01,3,2022-08-22,0.0,0.027601287
2024,2022,Bogota d.c.,2022-08-01,4,2022-08-29,0.0,0.01062096
2024,2022,Bogota d.c.,2022-08-08,1,2022-08-15,0.0,0.010784745
2024,2022,Bogota d.c.,2022-08-08,2,2022-08-22,0.0,0.013849991
2024,2022,Bogota d.c.,2022-08-08,3,2022-08-29,0.0,0.04246214
2024,2022,Bogota d.c.,2022-08-08,4,2022-09-05,0.0,0.017688777
2024,2022,Bogota d.c.,2022-08-15,1,2022-08-22,0.0,0.005151966
2024,2022,Bogota d.c.,2022-08-15,2,2022-08-29,0.0,0.012946616
2024,2022,Bogota d.c.,2022-08-15,3,2022-09-05,0.0,0.033377107
2024,2022,Bogota d.c.,2022-08-15,4,2022-09-12,0.0,0.0087132575
2024,2022,Bogota d.c.,2022-08-22,1,2022-08-29,0.0,0.016775664
2024,2022,Bogota d.c.,2022-08-22,2,2022-09-05,0.0,0.0159327
2024,2022,Bogota d.c.,2022-08-22,3,2022-09-12,0.0,0.041711252
2024,2022,Bogota d.c.,2022-08-22,4,2022-09-19,0.0,0.025682623
2024,2022,Bogota d.c.,2022-08-29,1,2022-09-05,0.0,0.041438796
2024,2022,Bogota d.c.,2022-08-29,2,2022-09-12,0.0,0.022875883
2024,2022,Bogota d.c.,2022-08-29,3,2022-09-19,0.0,0.051017746
2024,2022,Bogota d.c.,2022-08-29,4,2022-09-26,0.0,0.037220486
2024,2022,Bogota d.c.,2022-09-05,1,2022-09-12,0.0,0.026687892
2024,2022,Bogota d.c.,2022-09-05,2,2022-09-19,0.0,0.012323562
2024,2022,Bogota d.c.,2022-09-05,3,2022-09-26,0.0,0.036934815
2024,2022,Bogota d.c.,2022-09-05,4,2022-10-03,0.0,0.021290803
2024,2022,Bogota d.c.,2022-09-12,1,2022-09-19,0.0,0.0177729
2024,2022,Bogota d.c.,2022-09-12,2,2022-09-26,0.0,0.0046140393
2024,2022,Bogota d.c.,2022-09-12,3,2022-10-03,0.0,0.02973058
2024,2022,Bogota d.c.,2022-09-12,4,2022-10-10,0.0,0.013086434
2024,2022,Bogota d.c.,2022-09-19,1,2022-09-26,0.0,0.023178717
2024,2022,Bogota d.c.,2022-09-19,2,2022-10-03,0.0,0.0014073126
2024,2022,Bogota d.c.,2022-09-19,3,2022-10-10,0.0,0.036186583
2024,2022,Bogota d.c.,2022-09-19,4,2022-10-17,0.0,0.013648243
2024,2022,Bogota d.c.,2022-09-26,1,2022-10-03,0.0,0.012307153
2024,2022,Bogota d.c.,2022-09-26,2,2022-10-10,0.0,0.0
2024,2022,Bogota d.c.,2022-09-26,3,2022-10-17,0.0,0.033659186
2024,2022,Bogota d.c.,2022-09-26,4,2022-10-24,0.0,0.008006958
2024,2022,Bogota d.c.,2022-10-03,1,2022-10-10,0.0,0.00908578
2024,2022,Bogota d.c.,2022-10-03,2,2022-10-17,0.0,0.0
2024,2022,Bogota d.c.,2022-10-03,3,2022-10-24,0.0,0.026545286
2024,2022,Bogota d.c.,2022-10-03,4,2022-10-31,0.0,0.0065095234
2024,2022,Bogota d.c.,2022-10-10,1,2022-10-17,0.0,0.0065627685
2024,2022,Bogota d.c.,2022-10-10,2,2022-10-24,0.0,0.0
2024,2022,Bogota d.c.,2022-10-10,3,2022-10-31,0.0,0.025455078
2024,2022,Bogota d.c.,2022-10-10,4,2022-11-07,0.0,0.0077230358
2024,2022,Bogota d.c.,2022-10-17,1,2022-10-24,0.0,0.016800027
2024,2022,Bogota d.c.,2022-10-17,2,2022-10-31,0.0,0.0
2024,2022,Bogota d.c.,2022-10-17,3,2022-11-07,0.0,0.02455401
2024,2022,Bogota d.c.,2022-10-17,4,2022-11-14,0.0,0.009524717
2024,2022,Bogota d.c.,2022-10-24,1,2022-10-31,0.0,0.00030671293
2024,2022,Bogota d.c.,2022-10-24,2,2022-11-07,0.0,0.0
2024,2022,Bogota d.c.,2022-10-24,3,2022-11-14,0.0,0.0125429975
2024,2022,Bogota d.c.,2022-10-24,4,2022-11-21,0.0,0.00676829
2024,2022,Bogota d.c.,2022-10-31,1,2022-11-07,0.0,0.013530675
2024,2022,Bogota d.c.,2022-10-31,2,2022-11-14,0.0,0.0
2024,2022,Bogota d.c.,2022-10-31,3,2022-11-21,0.0,0.031688694
2024,2022,Bogota d.c.,2022-10-31,4,2022-11-28,0.0,0.016277358
2024,2022,Bogota d.c.,2022-11-07,1,2022-11-14,0.0,0.0
2024,2022,Bogota d.c.,2022-11-07,2,2022-11-21,0.0,0.0
2024,2022,Bogota d.c.,2022-11-07,3,2022-11-28,0.0,0.013107516
2024,2022,Bogota d.c.,2022-11-07,4,2022-12-05,0.0,0.005821553
2024,2022,Bogota d.c.,2022-11-14,1,2022-11-21,0.0,0.0
2024,2022,Bogota d.c.,2022-11-14,2,2022-11-28,0.0,0.0
2024,2022,Bogota d.c.,2022-11-14,3,2022-12-05,0.0,0.0068981107
2024,2022,Bogota d.c.,2022-11-14,4,2022-12-12,0.0,0.007182371
2024,2022,Bogota d.c.,2022-11-21,1,2022-11-28,0.0,0.0
2024,2022,Bogota d.c.,2022-11-21,2,2022-12-05,0.0,0.0
2024,2022,Bogota d.c.,2022-11-21,3,2022-12-12,0.0,0.022376293
2024,2022,Bogota d.c.,2022-11-21,4,2022-12-19,0.0,0.018498927
2024,2022,Bogota d.c.,2022-11-28,1,2022-12-05,0.0,0.0
2024,2022,Bogota d.c.,2022-11-28,2,2022-12-12,0.0,0.0
2024,2022,Bogota d.c.,2022-11-28,3,2022-12-19,0.0,0.020531261
2024,2022,Bogota d.c.,2022-11-28,4,2022-12-26,0.0,0.026483122
2024,2022,Bolivar,2022-04-18,1,2022-04-25,2.5509334,1.8216782
2024,2022,Bolivar,2022-04-18,2,2022-05-02,2.4598286,1.9678222
2024,2022,Bolivar,2022-04-18,3,2022-05-09,3.4164283,2.0980217
2024,2022,Bolivar,2022-04-18,4,2022-05-16,4.00861,2.2318275
2024,2022,Bolivar,2022-04-25,1,2022-05-02,2.4598286,2.4961376
2024,2022,Bolivar,2022-04-25,2,2022-05-09,3.4164283,2.5852144
2024,2022,Bolivar,2022-04-25,3,2022-05-16,4.00861,2.664336
2024,2022,Bolivar,2022-04-25,4,2022-05-23,8.336084,2.7439878
2024,2022,Bolivar,2022-05-02,1,2022-05-09,3.4164283,2.8790789
2024,2022,Bolivar,2022-05-02,2,2022-05-16,4.00861,2.9370146
2024,2022,Bolivar,2022-05-02,3,2022-05-23,8.336084,2.9284587
2024,2022,Bolivar,2022-05-02,4,2022-05-30,7.015067,2.9600587
2024,2022,Bolivar,2022-05-09,1,2022-05-16,4.00861,2.87053
2024,2022,Bolivar,2022-05-09,2,2022-05-23,8.336084,3.0303562
2024,2022,Bolivar,2022-05-09,3,2022-05-30,7.015067,3.0848713
2024,2022,Bolivar,2022-05-09,4,2022-06-06,5.602943,3.1450212
2024,2022,Bolivar,2022-05-16,1,2022-05-23,8.336084,3.8078663
2024,2022,Bolivar,2022-05-16,2,2022-05-30,7.015067,3.9157598
2024,2022,Bolivar,2022-05-16,3,2022-06-06,5.602943,4.0038195
2024,2022,Bolivar,2022-05-16,4,2022-06-13,4.7829995,4.039862
2024,2022,Bolivar,2022-05-23,1,2022-05-30,7.015067,4.74255
2024,2022,Bolivar,2022-05-23,2,2022-06-06,5.602943,4.699559
2024,2022,Bolivar,2022-05-23,3,2022-06-13,4.7829995,4.7659397
2024,2022,Bolivar,2022-05-23,4,2022-06-20,3.6897428,4.6672935
2024,2022,Bolivar,2022-05-30,1,2022-06-06,5.602943,7.800938
2024,2022,Bolivar,2022-05-30,2,2022-06-13,4.7829995,7.8070674
2024,2022,Bolivar,2022-05-30,3,2022-06-20,3.6897428,7.7340083
2024,2022,Bolivar,2022-05-30,4,2022-06-27,5.0107613,7.5805087
2024,2022,Bolivar,2022-06-06,1,2022-06-13,4.7829995,8.947218
2024,2022,Bolivar,2022-06-06,2,2022-06-20,3.6897428,8.885453
2024,2022,Bolivar,2022-06-06,3,2022-06-27,5.0107613,8.710703
2024,2022,Bolivar,2022-06-06,4,2022-07-04,4.8285522,8.504157
2024,2022,Bolivar,2022-06-13,1,2022-06-20,3.6897428,8.3292
2024,2022,Bolivar,2022-06-13,2,2022-06-27,5.0107613,8.009672
2024,2022,Bolivar,2022-06-13,3,2022-07-04,4.8285522,7.7767467
2024,2022,Bolivar,2022-06-13,4,2022-07-11,4.6463428,7.38385
2024,2022,Bolivar,2022-06-20,1,2022-06-27,5.0107613,6.6347165
2024,2022,Bolivar,2022-06-20,2,2022-07-04,4.8285522,6.281435
2024,2022,Bolivar,2022-06-20,3,2022-07-11,4.6463428,6.030808
2024,2022,Bolivar,2022-06-20,4,2022-07-18,3.8719525,5.5582995
2024,2022,Bolivar,2022-06-27,1,2022-07-04,4.8285522,4.8923335
2024,2022,Bolivar,2022-06-27,2,2022-07-11,4.6463428,4.593169
2024,2022,Bolivar,2022-06-27,3,2022-07-18,3.8719525,4.4006763
2024,2022,Bolivar,2022-06-27,4,2022-07-25,5.9218097,3.98418
2024,2022,Bolivar,2022-07-04,1,2022-07-11,4.6463428,5.1939464
2024,2022,Bolivar,2022-07-04,2,2022-07-18,3.8719525,4.8543487
2024,2022,Bolivar,2022-07-04,3,2022-07-25,5.9218097,4.615322
2024,2022,Bolivar,2022-07-04,4,2022-08-01,4.555238,4.1638584
2024,2022,Bolivar,2022-07-11,1,2022-07-18,3.8719525,5.3100543
2024,2022,Bolivar,2022-07-11,2,2022-07-25,5.9218097,4.941159
2024,2022,Bolivar,2022-07-11,3,2022-08-01,4.555238,4.700011
2024,2022,Bolivar,2022-07-11,4,2022-08-08,4.8285522,4.3251367
2024,2022,Bolivar,2022-07-18,1,2022-07-25,5.9218097,5.2228913
2024,2022,Bolivar,2022-07-18,2,2022-08-01,4.555238,4.837732
2024,2022,Bolivar,2022-07-18,3,2022-08-08,4.8285522,4.5563173
2024,2022,Bolivar,2022-07-18,4,2022-08-15,5.5118375,4.231695
2024,2022,Bolivar,2022-07-25,1,2022-08-01,4.555238,4.5098963
2024,2022,Bolivar,2022-07-25,2,2022-08-08,4.8285522,4.197027
2024,2022,Bolivar,2022-07-25,3,2022-08-15,5.5118375,4.0128303
2024,2022,Bolivar,2022-07-25,4,2022-08-22,5.9673615,3.7344806
2024,2022,Bolivar,2022-08-01,1,2022-08-08,4.8285522,5.3635693
2024,2022,Bolivar,2022-08-01,2,2022-08-15,5.5118375,5.071828
2024,2022,Bolivar,2022-08-01,3,2022-08-22,5.9673615,4.819388
2024,2022,Bolivar,2022-08-01,4,2022-08-29,4.7829995,4.5294404
2024,2022,Bolivar,2022-08-08,1,2022-08-15,5.5118375,5.173755
2024,2022,Bolivar,2022-08-08,2,2022-08-22,5.9673615,4.910042
2024,2022,Bolivar,2022-08-08,3,2022-08-29,4.7829995,4.687276
2024,2022,Bolivar,2022-08-08,4,2022-09-05,5.2840757,4.4443593
2024,2022,Bolivar,2022-08-15,1,2022-08-22,5.9673615,5.480116
2024,2022,Bolivar,2022-08-15,2,2022-08-29,4.7829995,5.24925
2024,2022,Bolivar,2022-08-15,3,2022-09-05,5.2840757,4.89824
2024,2022,Bolivar,2022-08-15,4,2022-09-12,4.8285522,4.6916237
2024,2022,Bolivar,2022-08-22,1,2022-08-29,4.7829995,5.8456216
2024,2022,Bolivar,2022-08-22,2,2022-09-05,5.2840757,5.5586886
2024,2022,Bolivar,2022-08-22,3,2022-09-12,4.8285522,5.2153463
2024,2022,Bolivar,2022-08-22,4,2022-09-19,3.9630573,4.909248
2024,2022,Bolivar,2022-08-29,1,2022-09-05,5.2840757,6.1217594
2024,2022,Bolivar,2022-08-29,2,2022-09-12,4.8285522,5.832092
2024,2022,Bolivar,2022-08-29,3,2022-09-19,3.9630573,5.4703836
2024,2022,Bolivar,2022-08-29,4,2022-09-26,4.60079,5.1850715
2024,2022,Bolivar,2022-09-05,1,2022-09-12,4.8285522,5.8422437
2024,2022,Bolivar,2022-09-05,2,2022-09-19,3.9630573,5.5944324
2024,2022,Bolivar,2022-09-05,3,2022-09-26,4.60079,5.292576
2024,2022,Bolivar,2022-09-05,4,2022-10-03,4.60079,5.045521
2024,2022,Bolivar,2022-09-12,1,2022-09-19,3.9630573,5.925974
2024,2022,Bolivar,2022-09-12,2,2022-09-26,4.60079,5.733569
2024,2022,Bolivar,2022-09-12,3,2022-10-03,4.60079,5.416712
2024,2022,Bolivar,2022-09-12,4,2022-10-10,6.5139894,5.133213
2024,2022,Bolivar,2022-09-19,1,2022-09-26,4.60079,5.7809362
2024,2022,Bolivar,2022-09-19,2,2022-10-03,4.60079,5.5331407
2024,2022,Bolivar,2022-09-19,3,2022-10-10,6.5139894,5.253322
2024,2022,Bolivar,2022-09-19,4,2022-10-17,3.8719525,4.9587336
2024,2022,Bolivar,2022-09-26,1,2022-10-03,4.60079,5.1618304
2024,2022,Bolivar,2022-09-26,2,2022-10-10,6.5139894,4.965679
2024,2022,Bolivar,2022-09-26,3,2022-10-17,3.8719525,4.753357
2024,2022,Bolivar,2022-09-26,4,2022-10-24,6.195124,4.5446973
2024,2022,Bolivar,2022-10-03,1,2022-10-10,6.5139894,5.308001
2024,2022,Bolivar,2022-10-03,2,2022-10-17,3.8719525,5.14298
2024,2022,Bolivar,2022-10-03,3,2022-10-24,6.195124,4.9035378
2024,2022,Bolivar,2022-10-03,4,2022-10-31,5.3296285,4.6748734
2024,2022,Bolivar,2022-10-10,1,2022-10-17,3.8719525,5.3800845
2024,2022,Bolivar,2022-10-10,2,2022-10-24,6.195124,5.240601
2024,2022,Bolivar,2022-10-10,3,2022-10-31,5.3296285,4.9248676
2024,2022,Bolivar,2022-10-10,4,2022-11-07,4.691895,4.691534
2024,2022,Bolivar,2022-10-17,1,2022-10-24,6.195124,6.110428
2024,2022,Bolivar,2022-10-17,2,2022-10-31,5.3296285,5.8756843
2024,2022,Bolivar,2022-10-17,3,2022-11-07,4.691895,5.5123177
2024,2022,Bolivar,2022-10-17,4,2022-11-14,4.5096855,5.3004165
2024,2022,Bolivar,2022-10-24,1,2022-10-31,5.3296285,5.3004284
2024,2022,Bolivar,2022-10-24,2,2022-11-07,4.691895,5.0122404
2024,2022,Bolivar,2022-10-24,3,2022-11-14,4.5096855,4.8410034
2024,2022,Bolivar,2022-10-24,4,2022-11-21,6.969514,4.592619
2024,2022,Bolivar,2022-10-31,1,2022-11-07,4.691895,6.002293
2024,2022,Bolivar,2022-10-31,2,2022-11-14,4.5096855,5.7245293
2024,2022,Bolivar,2022-10-31,3,2022-11-21,6.969514,5.48515
2024,2022,Bolivar,2022-10-31,4,2022-11-28,6.104019,5.2038293
2024,2022,Bolivar,2022-11-07,1,2022-11-14,4.5096855,6.0771675
2024,2022,Bolivar,2022-11-07,2,2022-11-21,6.969514,5.776938
2024,2022,Bolivar,2022-11-07,3,2022-11-28,6.104019,5.616132
2024,2022,Bolivar,2022-11-07,4,2022-12-05,5.6484947,5.2192993
2024,2022,Bolivar,2022-11-14,1,2022-11-21,6.969514,5.847403
2024,2022,Bolivar,2022-11-14,2,2022-11-28,6.104019,5.549157
2024,2022,Bolivar,2022-11-14,3,2022-12-05,5.6484947,5.3822665
2024,2022,Bolivar,2022-11-14,4,2022-12-12,6.6050944,5.125484
2024,2022,Bolivar,2022-11-21,1,2022-11-28,6.104019,5.516581
2024,2022,Bolivar,2022-11-21,2,2022-12-05,5.6484947,5.196378
2024,2022,Bolivar,2022-11-21,3,2022-12-12,6.6050944,5.1264596
2024,2022,Bolivar,2022-11-21,4,2022-12-19,6.149571,4.8147993
2024,2022,Bolivar,2022-11-28,1,2022-12-05,5.6484947,6.5385494
2024,2022,Bolivar,2022-11-28,2,2022-12-12,6.6050944,6.4093485
2024,2022,Bolivar,2022-11-28,3,2022-12-19,6.149571,6.1357713
2024,2022,Bolivar,2022-11-28,4,2022-12-26,5.9673615,5.8718476
2024,2022,Boyaca,2022-04-18,1,2022-04-25,0.39420766,0.32388195
2024,2022,Boyaca,2022-04-18,2,2022-05-02,0.39420766,0.31937283
2024,2022,Boyaca,2022-04-18,3,2022-05-09,0.7884153,0.33446556
2024,2022,Boyaca,2022-04-18,4,2022-05-16,0.55189073,0.35094407
2024,2022,Boyaca,2022-04-25,1,2022-05-02,0.39420766,0.2762703
2024,2022,Boyaca,2022-04-25,2,2022-05-09,0.7884153,0.2649711
2024,2022,Boyaca,2022-04-25,3,2022-05-16,0.55189073,0.2772868
2024,2022,Boyaca,2022-04-25,4,2022-05-23,0.7095738,0.27963716
2024,2022,Boyaca,2022-05-02,1,2022-05-09,0.7884153,0.30907106
2024,2022,Boyaca,2022-05-02,2,2022-05-16,0.55189073,0.2991074
2024,2022,Boyaca,2022-05-02,3,2022-05-23,0.7095738,0.30692628
2024,2022,Boyaca,2022-05-02,4,2022-05-30,0.23652461,0.30372015
2024,2022,Boyaca,2022-05-09,1,2022-05-16,0.55189073,0.26797223
2024,2022,Boyaca,2022-05-09,2,2022-05-23,0.7095738,0.27142167
2024,2022,Boyaca,2022-05-09,3,2022-05-30,0.23652461,0.27347246
2024,2022,Boyaca,2022-05-09,4,2022-06-06,0.23652461,0.29985884
2024,2022,Boyaca,2022-05-16,1,2022-05-23,0.7095738,0.36269593
2024,2022,Boyaca,2022-05-16,2,2022-05-30,0.23652461,0.3435247
2024,2022,Boyaca,2022-05-16,3,2022-06-06,0.23652461,0.3582344
2024,2022,Boyaca,2022-05-16,4,2022-06-13,0.39420766,0.38724008
2024,2022,Boyaca,2022-05-23,1,2022-05-30,0.23652461,0.43748912
2024,2022,Boyaca,2022-05-23,2,2022-06-06,0.23652461,0.42317063
2024,2022,Boyaca,2022-05-23,3,2022-06-13,0.39420766,0.432523
2024,2022,Boyaca,2022-05-23,4,2022-06-20,0.31536615,0.4566477
2024,2022,Boyaca,2022-05-30,1,2022-06-06,0.23652461,0.4401282
2024,2022,Boyaca,2022-05-30,2,2022-06-13,0.39420766,0.44346574
2024,2022,Boyaca,2022-05-30,3,2022-06-20,0.31536615,0.45000696
2024,2022,Boyaca,2022-05-30,4,2022-06-27,0.07884154,0.4789055
2024,2022,Boyaca,2022-06-06,1,2022-06-13,0.39420766,0.43246615
2024,2022,Boyaca,2022-06-06,2,2022-06-20,0.31536615,0.42735693
2024,2022,Boyaca,2022-06-06,3,2022-06-27,0.07884154,0.4207865
2024,2022,Boyaca,2022-06-06,4,2022-07-04,0.15768307,0.44717294
2024,2022,Boyaca,2022-06-13,1,2022-06-20,0.31536615,0.3776572
2024,2022,Boyaca,2022-06-13,2,2022-06-27,0.07884154,0.3699063
2024,2022,Boyaca,2022-06-13,3,2022-07-04,0.15768307,0.37099272
2024,2022,Boyaca,2022-06-13,4,2022-07-11,0.15768307,0.38762745
2024,2022,Boyaca,2022-06-20,1,2022-06-27,0.07884154,0.35989356
2024,2022,Boyaca,2022-06-20,2,2022-07-04,0.15768307,0.36517102
2024,2022,Boyaca,2022-06-20,3,2022-07-11,0.15768307,0.360001
2024,2022,Boyaca,2022-06-20,4,2022-07-18,0.07884154,0.37950125
2024,2022,Boyaca,2022-06-27,1,2022-07-04,0.15768307,0.3258357
2024,2022,Boyaca,2022-06-27,2,2022-07-11,0.15768307,0.3243986
2024,2022,Boyaca,2022-06-27,3,2022-07-18,0.07884154,0.32485637
2024,2022,Boyaca,2022-06-27,4,2022-07-25,0.55189073,0.32511026
2024,2022,Boyaca,2022-07-04,1,2022-07-11,0.15768307,0.2508608
2024,2022,Boyaca,2022-07-04,2,2022-07-18,0.07884154,0.25102246
2024,2022,Boyaca,2022-07-04,3,2022-07-25,0.55189073,0.2577839
2024,2022,Boyaca,2022-07-04,4,2022-08-01,0.47304922,0.2687299
2024,2022,Boyaca,2022-07-11,1,2022-07-18,0.07884154,0.20400132
2024,2022,Boyaca,2022-07-11,2,2022-07-25,0.55189073,0.21682331
2024,2022,Boyaca,2022-07-11,3,2022-08-01,0.47304922,0.22029418
2024,2022,Boyaca,2022-07-11,4,2022-08-08,0.23652461,0.22755812
2024,2022,Boyaca,2022-07-18,1,2022-07-25,0.55189073,0.19080684
2024,2022,Boyaca,2022-07-18,2,2022-08-01,0.47304922,0.20632897
2024,2022,Boyaca,2022-07-18,3,2022-08-08,0.23652461,0.2030344
2024,2022,Boyaca,2022-07-18,4,2022-08-15,0.0,0.22803527
2024,2022,Boyaca,2022-07-25,1,2022-08-01,0.47304922,0.15681587
2024,2022,Boyaca,2022-07-25,2,2022-08-08,0.23652461,0.16334608
2024,2022,Boyaca,2022-07-25,3,2022-08-15,0.0,0.16948569
2024,2022,Boyaca,2022-07-25,4,2022-08-22,0.39420766,0.17347878
2024,2022,Boyaca,2022-08-01,1,2022-08-08,0.23652461,0.19453417
2024,2022,Boyaca,2022-08-01,2,2022-08-15,0.0,0.1968816
2024,2022,Boyaca,2022-08-01,3,2022-08-22,0.39420766,0.19744775
2024,2022,Boyaca,2022-08-01,4,2022-08-29,0.55189073,0.19814661
2024,2022,Boyaca,2022-08-08,1,2022-08-15,0.0,0.24257314
2024,2022,Boyaca,2022-08-08,2,2022-08-22,0.39420766,0.24559405
2024,2022,Boyaca,2022-08-08,3,2022-08-29,0.55189073,0.24010327
2024,2022,Boyaca,2022-08-08,4,2022-09-05,0.31536615,0.23786628
2024,2022,Boyaca,2022-08-15,1,2022-08-22,0.39420766,0.24742925
2024,2022,Boyaca,2022-08-15,2,2022-08-29,0.55189073,0.25770292
2024,2022,Boyaca,2022-08-15,3,2022-09-05,0.31536615,0.2443635
2024,2022,Boyaca,2022-08-15,4,2022-09-12,0.15768307,0.23935504
2024,2022,Boyaca,2022-08-22,1,2022-08-29,0.55189073,0.17716745
2024,2022,Boyaca,2022-08-22,2,2022-09-05,0.31536615,0.18929274
2024,2022,Boyaca,2022-08-22,3,2022-09-12,0.15768307,0.18563056
2024,2022,Boyaca,2022-08-22,4,2022-09-19,0.07884154,0.18611205
2024,2022,Boyaca,2022-08-29,1,2022-09-05,0.31536615,0.21097627
2024,2022,Boyaca,2022-08-29,2,2022-09-12,0.15768307,0.21546781
2024,2022,Boyaca,2022-08-29,3,2022-09-19,0.07884154,0.20877114
2024,2022,Boyaca,2022-08-29,4,2022-09-26,0.0,0.21417984
2024,2022,Boyaca,2022-09-05,1,2022-09-12,0.15768307,0.23523515
2024,2022,Boyaca,2022-09-05,2,2022-09-19,0.07884154,0.23715551
2024,2022,Boyaca,2022-09-05,3,2022-09-26,0.0,0.23036784
2024,2022,Boyaca,2022-09-05,4,2022-10-03,0.07884154,0.23343278
2024,2022,Boyaca,2022-09-12,1,2022-09-19,0.07884154,0.21357015
2024,2022,Boyaca,2022-09-12,2,2022-09-26,0.0,0.22133508
2024,2022,Boyaca,2022-09-12,3,2022-10-03,0.07884154,0.21569192
2024,2022,Boyaca,2022-09-12,4,2022-10-10,0.15768307,0.21919943
2024,2022,Boyaca,2022-09-19,1,2022-09-26,0.0,0.20703202
2024,2022,Boyaca,2022-09-19,2,2022-10-03,0.07884154,0.20606507
2024,2022,Boyaca,2022-09-19,3,2022-10-10,0.15768307,0.20565332
2024,2022,Boyaca,2022-09-19,4,2022-10-17,0.15768307,0.20850942
2024,2022,Boyaca,2022-09-26,1,2022-10-03,0.07884154,0.17479612
2024,2022,Boyaca,2022-09-26,2,2022-10-10,0.15768307,0.17508796
2024,2022,Boyaca,2022-09-26,3,2022-10-17,0.15768307,0.17685331
2024,2022,Boyaca,2022-09-26,4,2022-10-24,0.07884154,0.18792763
2024,2022,Boyaca,2022-10-03,1,2022-10-10,0.15768307,0.13381077
2024,2022,Boyaca,2022-10-03,2,2022-10-17,0.15768307,0.13946034
2024,2022,Boyaca,2022-10-03,3,2022-10-24,0.07884154,0.1400108
2024,2022,Boyaca,2022-10-03,4,2022-10-31,0.15768307,0.15458214
2024,2022,Boyaca,2022-10-10,1,2022-10-17,0.15768307,0.12064632
2024,2022,Boyaca,2022-10-10,2,2022-10-24,0.07884154,0.12684959
2024,2022,Boyaca,2022-10-10,3,2022-10-31,0.15768307,0.126734
2024,2022,Boyaca,2022-10-10,4,2022-11-07,0.07884154,0.14180052
2024,2022,Boyaca,2022-10-17,1,2022-10-24,0.07884154,0.13020419
2024,2022,Boyaca,2022-10-17,2,2022-10-31,0.15768307,0.1239029
2024,2022,Boyaca,2022-10-17,3,2022-11-07,0.07884154,0.13035303
2024,2022,Boyaca,2022-10-17,4,2022-11-14,0.15768307,0.14972895
2024,2022,Boyaca,2022-10-24,1,2022-10-31,0.15768307,0.13312127
2024,2022,Boyaca,2022-10-24,2,2022-11-07,0.07884154,0.12604001
2024,2022,Boyaca,2022-10-24,3,2022-11-14,0.15768307,0.13139643
2024,2022,Boyaca,2022-10-24,4,2022-11-21,0.15768307,0.1604031
2024,2022,Boyaca,2022-10-31,1,2022-11-07,0.07884154,0.16606669
2024,2022,Boyaca,2022-10-31,2,2022-11-14,0.15768307,0.15223134
2024,2022,Boyaca,2022-10-31,3,2022-11-21,0.15768307,0.1528429
2024,2022,Boyaca,2022-10-31,4,2022-11-28,0.15768307,0.18140215
2024,2022,Boyaca,2022-11-07,1,2022-11-14,0.15768307,0.13637674
2024,2022,Boyaca,2022-11-07,2,2022-11-21,0.15768307,0.12832478
2024,2022,Boyaca,2022-11-07,3,2022-11-28,0.15768307,0.13433571
2024,2022,Boyaca,2022-11-07,4,2022-12-05,0.07884154,0.17265226
2024,2022,Boyaca,2022-11-14,1,2022-11-21,0.15768307,0.1270388
2024,2022,Boyaca,2022-11-14,2,2022-11-28,0.15768307,0.12236513
2024,2022,Boyaca,2022-11-14,3,2022-12-05,0.07884154,0.124592595
2024,2022,Boyaca,2022-11-14,4,2022-12-12,0.07884154,0.16646819
2024,2022,Boyaca,2022-11-21,1,2022-11-28,0.15768307,0.16396415
2024,2022,Boyaca,2022-11-21,2,2022-12-05,0.07884154,0.15821277
2024,2022,Boyaca,2022-11-21,3,2022-12-12,0.07884154,0.15909381
2024,2022,Boyaca,2022-11-21,4,2022-12-19,0.55189073,0.22388336
2024,2022,Boyaca,2022-11-28,1,2022-12-05,0.07884154,0.15310872
2024,2022,Boyaca,2022-11-28,2,2022-12-12,0.07884154,0.16348203
2024,2022,Boyaca,2022-11-28,3,2022-12-19,0.55189073,0.16789347
2024,2022,Boyaca,2022-11-28,4,2022-12-26,0.31536615,0.24347551
2024,2022,Caldas,2022-04-18,1,2022-04-25,0.67228055,0.20447153
2024,2022,Caldas,2022-04-18,2,2022-05-02,0.67228055,0.18985143
2024,2022,Caldas,2022-04-18,3,2022-05-09,0.5762404,0.21162556
2024,2022,Caldas,2022-04-18,4,2022-05-16,0.2881202,0.24122337
2024,2022,Caldas,2022-04-25,1,2022-05-02,0.67228055,0.25157204
2024,2022,Caldas,2022-04-25,2,2022-05-09,0.5762404,0.22597614
2024,2022,Caldas,2022-04-25,3,2022-05-16,0.2881202,0.2470559
2024,2022,Caldas,2022-04-25,4,2022-05-23,0.3841603,0.27659816
2024,2022,Caldas,2022-05-02,1,2022-05-09,0.5762404,0.36384943
2024,2022,Caldas,2022-05-02,2,2022-05-16,0.2881202,0.32493064
2024,2022,Caldas,2022-05-02,3,2022-05-23,0.3841603,0.3466248
2024,2022,Caldas,2022-05-02,4,2022-05-30,0.3841603,0.36145073
2024,2022,Caldas,2022-05-09,1,2022-05-16,0.2881202,0.39347464
2024,2022,Caldas,2022-05-09,2,2022-05-23,0.3841603,0.38145462
2024,2022,Caldas,2022-05-09,3,2022-05-30,0.3841603,0.389274
2024,2022,Caldas,2022-05-09,4,2022-06-06,0.2881202,0.42538524
2024,2022,Caldas,2022-05-16,1,2022-05-23,0.3841603,0.43117762
2024,2022,Caldas,2022-05-16,2,2022-05-30,0.3841603,0.41304073
2024,2022,Caldas,2022-05-16,3,2022-06-06,0.2881202,0.41555974
2024,2022,Caldas,2022-05-16,4,2022-06-13,0.2881202,0.4376671
2024,2022,Caldas,2022-05-23,1,2022-05-30,0.3841603,0.39259022
2024,2022,Caldas,2022-05-23,2,2022-06-06,0.2881202,0.38493553
2024,2022,Caldas,2022-05-23,3,2022-06-13,0.2881202,0.3831296
2024,2022,Caldas,2022-05-23,4,2022-06-20,0.5762404,0.3950635
2024,2022,Caldas,2022-05-30,1,2022-06-06,0.2881202,0.32726976
2024,2022,Caldas,2022-05-30,2,2022-06-13,0.2881202,0.34214917
2024,2022,Caldas,2022-05-30,3,2022-06-20,0.5762404,0.34170598
2024,2022,Caldas,2022-05-30,4,2022-06-27,0.67228055,0.35935217
2024,2022,Caldas,2022-06-06,1,2022-06-13,0.2881202,0.3592473
2024,2022,Caldas,2022-06-06,2,2022-06-20,0.5762404,0.35887146
2024,2022,Caldas,2022-06-06,3,2022-06-27,0.67228055,0.3505812
2024,2022,Caldas,2022-06-06,4,2022-07-04,0.19208014,0.3618939
2024,2022,Caldas,2022-06-13,1,2022-06-20,0.5762404,0.32708973
2024,2022,Caldas,2022-06-13,2,2022-06-27,0.67228055,0.328816
2024,2022,Caldas,2022-06-13,3,2022-07-04,0.19208014,0.322607
2024,2022,Caldas,2022-06-13,4,2022-07-11,0.3841603,0.32902294
2024,2022,Caldas,2022-06-20,1,2022-06-27,0.67228055,0.2997906
2024,2022,Caldas,2022-06-20,2,2022-07-04,0.19208014,0.31343988
2024,2022,Caldas,2022-06-20,3,2022-07-11,0.3841603,0.30321848
2024,2022,Caldas,2022-06-20,4,2022-07-18,0.67228055,0.3203699
2024,2022,Caldas,2022-06-27,1,2022-07-04,0.19208014,0.34931806
2024,2022,Caldas,2022-06-27,2,2022-07-11,0.3841603,0.3484547
2024,2022,Caldas,2022-06-27,3,2022-07-18,0.67228055,0.33913964
2024,2022,Caldas,2022-06-27,4,2022-07-25,0.2881202,0.346314
2024,2022,Caldas,2022-07-04,1,2022-07-11,0.3841603,0.38080975
2024,2022,Caldas,2022-07-04,2,2022-07-18,0.67228055,0.3799143
2024,2022,Caldas,2022-07-04,3,2022-07-25,0.2881202,0.3758812
2024,2022,Caldas,2022-07-04,4,2022-08-01,0.3841603,0.36931312
2024,2022,Caldas,2022-07-11,1,2022-07-18,0.67228055,0.30949366
2024,2022,Caldas,2022-07-11,2,2022-07-25,0.2881202,0.33112347
2024,2022,Caldas,2022-07-11,3,2022-08-01,0.3841603,0.3143986
2024,2022,Caldas,2022-07-11,4,2022-08-08,0.8643607,0.3227733
2024,2022,Caldas,2022-07-18,1,2022-07-25,0.2881202,0.32762146
2024,2022,Caldas,2022-07-18,2,2022-08-01,0.3841603,0.3476757
2024,2022,Caldas,2022-07-18,3,2022-08-08,0.8643607,0.32248113
2024,2022,Caldas,2022-07-18,4,2022-08-15,0.5762404,0.33988357
2024,2022,Caldas,2022-07-25,1,2022-08-01,0.3841603,0.39043412
2024,2022,Caldas,2022-07-25,2,2022-08-08,0.8643607,0.3949645
2024,2022,Caldas,2022-07-25,3,2022-08-15,0.5762404,0.3705537
2024,2022,Caldas,2022-07-25,4,2022-08-22,0.48020038,0.37767065
2024,2022,Caldas,2022-08-01,1,2022-08-08,0.8643607,0.3301423
2024,2022,Caldas,2022-08-01,2,2022-08-15,0.5762404,0.33749703
2024,2022,Caldas,2022-08-01,3,2022-08-22,0.48020038,0.31799582
2024,2022,Caldas,2022-08-01,4,2022-08-29,0.19208014,0.30241427
2024,2022,Caldas,2022-08-08,1,2022-08-15,0.5762404,0.32378924
2024,2022,Caldas,2022-08-08,2,2022-08-22,0.48020038,0.33007824
2024,2022,Caldas,2022-08-08,3,2022-08-29,0.19208014,0.30816528
2024,2022,Caldas,2022-08-08,4,2022-09-05,0.76832056,0.28327316
2024,2022,Caldas,2022-08-15,1,2022-08-22,0.48020038,0.39408398
2024,2022,Caldas,2022-08-15,2,2022-08-29,0.19208014,0.40864712
2024,2022,Caldas,2022-08-15,3,2022-09-05,0.76832056,0.38609356
2024,2022,Caldas,2022-08-15,4,2022-09-12,0.09604007,0.37254497
2024,2022,Caldas,2022-08-22,1,2022-08-29,0.19208014,0.405336
2024,2022,Caldas,2022-08-22,2,2022-09-05,0.76832056,0.428457
2024,2022,Caldas,2022-08-22,3,2022-09-12,0.09604007,0.4007224
2024,2022,Caldas,2022-08-22,4,2022-09-19,0.09604007,0.4014764
2024,2022,Caldas,2022-08-29,1,2022-09-05,0.76832056,0.42947203
2024,2022,Caldas,2022-08-29,2,2022-09-12,0.09604007,0.438611
2024,2022,Caldas,2022-08-29,3,2022-09-19,0.09604007,0.40845856
2024,2022,Caldas,2022-08-29,4,2022-09-26,0.3841603,0.4287308
2024,2022,Caldas,2022-09-05,1,2022-09-12,0.09604007,0.34229985
2024,2022,Caldas,2022-09-05,2,2022-09-19,0.09604007,0.36995575
2024,2022,Caldas,2022-09-05,3,2022-09-26,0.3841603,0.34430885
2024,2022,Caldas,2022-09-05,4,2022-10-03,0.3841603,0.34715438
2024,2022,Caldas,2022-09-12,1,2022-09-19,0.09604007,0.41255724
2024,2022,Caldas,2022-09-12,2,2022-09-26,0.3841603,0.43077168
2024,2022,Caldas,2022-09-12,3,2022-10-03,0.3841603,0.40742823
2024,2022,Caldas,2022-09-12,4,2022-10-10,0.3841603,0.41193938
2024,2022,Caldas,2022-09-19,1,2022-09-26,0.3841603,0.35412169
2024,2022,Caldas,2022-09-19,2,2022-10-03,0.3841603,0.35123122
2024,2022,Caldas,2022-09-19,3,2022-10-10,0.3841603,0.3402885
2024,2022,Caldas,2022-09-19,4,2022-10-17,0.09604007,0.33372056
2024,2022,Caldas,2022-09-26,1,2022-10-03,0.3841603,0.2519183
2024,2022,Caldas,2022-09-26,2,2022-10-10,0.3841603,0.2681447
2024,2022,Caldas,2022-09-26,3,2022-10-17,0.09604007,0.25566968
2024,2022,Caldas,2022-09-26,4,2022-10-24,0.19208014,0.26118007
2024,2022,Caldas,2022-10-03,1,2022-10-10,0.3841603,0.26794383
2024,2022,Caldas,2022-10-03,2,2022-10-17,0.09604007,0.2809934
2024,2022,Caldas,2022-10-03,3,2022-10-24,0.19208014,0.27588502
2024,2022,Caldas,2022-10-03,4,2022-10-31,0.19208014,0.28029016
2024,2022,Caldas,2022-10-10,1,2022-10-17,0.09604007,0.27770886
2024,2022,Caldas,2022-10-10,2,2022-10-24,0.19208014,0.2764646
2024,2022,Caldas,2022-10-10,3,2022-10-31,0.19208014,0.26834485
2024,2022,Caldas,2022-10-10,4,2022-11-07,0.09604007,0.28807056
2024,2022,Caldas,2022-10-17,1,2022-10-24,0.19208014,0.303529
2024,2022,Caldas,2022-10-17,2,2022-10-31,0.19208014,0.27271754
2024,2022,Caldas,2022-10-17,3,2022-11-07,0.09604007,0.27480784
2024,2022,Caldas,2022-10-17,4,2022-11-14,0.09604007,0.28374454
2024,2022,Caldas,2022-10-24,1,2022-10-31,0.19208014,0.24832113
2024,2022,Caldas,2022-10-24,2,2022-11-07,0.09604007,0.22508274
2024,2022,Caldas,2022-10-24,3,2022-11-14,0.09604007,0.22552884
2024,2022,Caldas,2022-10-24,4,2022-11-21,0.3841603,0.24137098
2024,2022,Caldas,2022-10-31,1,2022-11-07,0.09604007,0.28968772
2024,2022,Caldas,2022-10-31,2,2022-11-14,0.09604007,0.23979488
2024,2022,Caldas,2022-10-31,3,2022-11-21,0.3841603,0.24816784
2024,2022,Caldas,2022-10-31,4,2022-11-28,0.09604007,0.25764784
2024,2022,Caldas,2022-11-07,1,2022-11-14,0.09604007,0.25391117
2024,2022,Caldas,2022-11-07,2,2022-11-21,0.3841603,0.21154168
2024,2022,Caldas,2022-11-07,3,2022-11-28,0.09604007,0.23394823
2024,2022,Caldas,2022-11-07,4,2022-12-05,0.5762404,0.2931732
2024,2022,Caldas,2022-11-14,1,2022-11-21,0.3841603,0.22965057
2024,2022,Caldas,2022-11-14,2,2022-11-28,0.09604007,0.19495925
2024,2022,Caldas,2022-11-14,3,2022-12-05,0.5762404,0.20725615
2024,2022,Caldas,2022-11-14,4,2022-12-12,0.2881202,0.27545747
2024,2022,Caldas,2022-11-21,1,2022-11-28,0.09604007,0.2779967
2024,2022,Caldas,2022-11-21,2,2022-12-05,0.5762404,0.2159461
2024,2022,Caldas,2022-11-21,3,2022-12-12,0.2881202,0.25036606
2024,2022,Caldas,2022-11-21,4,2022-12-19,0.2881202,0.32526076
2024,2022,Caldas,2022-11-28,1,2022-12-05,0.5762404,0.25018755
2024,2022,Caldas,2022-11-28,2,2022-12-12,0.2881202,0.24294265
2024,2022,Caldas,2022-11-28,3,2022-12-19,0.2881202,0.26028314
2024,2022,Caldas,2022-11-28,4,2022-12-26,0.0,0.32337976
2024,2022,Caqueta,2022-04-18,1,2022-04-25,5.254058,7.478388
2024,2022,Caqueta,2022-04-18,2,2022-05-02,7.881087,7.5288463
2024,2022,Caqueta,2022-04-18,3,2022-05-09,8.597549,7.756078
2024,2022,Caqueta,2022-04-18,4,2022-05-16,8.119908,7.994571
2024,2022,Caqueta,2022-04-25,1,2022-05-02,7.881087,8.3449545
2024,2022,Caqueta,2022-04-25,2,2022-05-09,8.597549,8.215383
2024,2022,Caqueta,2022-04-25,3,2022-05-16,8.119908,8.188143
2024,2022,Caqueta,2022-04-25,4,2022-05-23,7.6422663,7.9505672
2024,2022,Caqueta,2022-05-02,1,2022-05-09,8.597549,6.6682644
2024,2022,Caqueta,2022-05-02,2,2022-05-16,8.119908,6.3898153
2024,2022,Caqueta,2022-05-02,3,2022-05-23,7.6422663,6.2376027
2024,2022,Caqueta,2022-05-02,4,2022-05-30,9.791653,5.8514915
2024,2022,Caqueta,2022-05-09,1,2022-05-16,8.119908,7.218078
2024,2022,Caqueta,2022-05-09,2,2022-05-23,7.6422663,6.9250607
2024,2022,Caqueta,2022-05-09,3,2022-05-30,9.791653,6.541046
2024,2022,Caqueta,2022-05-09,4,2022-06-06,4.7764163,6.430253
2024,2022,Caqueta,2022-05-16,1,2022-05-23,7.6422663,7.606515
2024,2022,Caqueta,2022-05-16,2,2022-05-30,9.791653,7.055334
2024,2022,Caqueta,2022-05-16,3,2022-06-06,4.7764163,6.5038548
2024,2022,Caqueta,2022-05-16,4,2022-06-13,5.4928784,5.8985705
2024,2022,Caqueta,2022-05-23,1,2022-05-30,9.791653,7.123132
2024,2022,Caqueta,2022-05-23,2,2022-06-06,4.7764163,6.5031605
2024,2022,Caqueta,2022-05-23,3,2022-06-13,5.4928784,5.988423
2024,2022,Caqueta,2022-05-23,4,2022-06-20,6.4481616,5.6240616
2024,2022,Caqueta,2022-05-30,1,2022-06-06,4.7764163,6.8061833
2024,2022,Caqueta,2022-05-30,2,2022-06-13,5.4928784,6.2553234
2024,2022,Caqueta,2022-05-30,3,2022-06-20,6.4481616,5.673882
2024,2022,Caqueta,2022-05-30,4,2022-06-27,2.1493871,5.337801
2024,2022,Caqueta,2022-06-06,1,2022-06-13,5.4928784,7.7721796
2024,2022,Caqueta,2022-06-06,2,2022-06-20,6.4481616,7.2804127
2024,2022,Caqueta,2022-06-06,3,2022-06-27,2.1493871,6.5723033
2024,2022,Caqueta,2022-06-06,4,2022-07-04,4.2987747,6.19135
2024,2022,Caqueta,2022-06-13,1,2022-06-20,6.4481616,5.704418
2024,2022,Caqueta,2022-06-13,2,2022-06-27,2.1493871,5.1142697
2024,2022,Caqueta,2022-06-13,3,2022-07-04,4.2987747,4.7013073
2024,2022,Caqueta,2022-06-13,4,2022-07-11,5.97052,4.342229
2024,2022,Caqueta,2022-06-20,1,2022-06-27,2.1493871,5.164186
2024,2022,Caqueta,2022-06-20,2,2022-07-04,4.2987747,4.840764
2024,2022,Caqueta,2022-06-20,3,2022-07-11,5.97052,4.480287
2024,2022,Caqueta,2022-06-20,4,2022-07-18,7.6422663,4.3415856
2024,2022,Caqueta,2022-06-27,1,2022-07-04,4.2987747,5.684982
2024,2022,Caqueta,2022-06-27,2,2022-07-11,5.97052,5.2998037
2024,2022,Caqueta,2022-06-27,3,2022-07-18,7.6422663,4.8338776
2024,2022,Caqueta,2022-06-27,4,2022-07-25,4.7764163,4.5897985
2024,2022,Caqueta,2022-07-04,1,2022-07-11,5.97052,3.6594548
2024,2022,Caqueta,2022-07-04,2,2022-07-18,7.6422663,3.3611214
2024,2022,Caqueta,2022-07-04,3,2022-07-25,4.7764163,3.207104
2024,2022,Caqueta,2022-07-04,4,2022-08-01,2.388208,3.057737
2024,2022,Caqueta,2022-07-11,1,2022-07-18,7.6422663,3.7230463
2024,2022,Caqueta,2022-07-11,2,2022-07-25,4.7764163,3.464919
2024,2022,Caqueta,2022-07-11,3,2022-08-01,2.388208,3.2621756
2024,2022,Caqueta,2022-07-11,4,2022-08-08,2.8658495,3.1318283
2024,2022,Caqueta,2022-07-18,1,2022-07-25,4.7764163,4.8545856
2024,2022,Caqueta,2022-07-18,2,2022-08-01,2.388208,4.4854765
2024,2022,Caqueta,2022-07-18,3,2022-08-08,2.8658495,4.1722975
2024,2022,Caqueta,2022-07-18,4,2022-08-15,4.5375953,3.8776412
2024,2022,Caqueta,2022-07-25,1,2022-08-01,2.388208,5.704129
2024,2022,Caqueta,2022-07-25,2,2022-08-08,2.8658495,5.3341885
2024,2022,Caqueta,2022-07-25,3,2022-08-15,4.5375953,4.871689
2024,2022,Caqueta,2022-07-25,4,2022-08-22,3.1046705,4.673051
2024,2022,Caqueta,2022-08-01,1,2022-08-08,2.8658495,5.1270046
2024,2022,Caqueta,2022-08-01,2,2022-08-15,4.5375953,4.7260966
2024,2022,Caqueta,2022-08-01,3,2022-08-22,3.1046705,4.413888
2024,2022,Caqueta,2022-08-01,4,2022-08-29,1.9105663,4.1956606
2024,2022,Caqueta,2022-08-08,1,2022-08-15,4.5375953,3.8706975
2024,2022,Caqueta,2022-08-08,2,2022-08-22,3.1046705,3.5777314
2024,2022,Caqueta,2022-08-08,3,2022-08-29,1.9105663,3.347022
2024,2022,Caqueta,2022-08-08,4,2022-09-05,4.7764163,3.2101674
2024,2022,Caqueta,2022-08-15,1,2022-08-22,3.1046705,3.5363317
2024,2022,Caqueta,2022-08-15,2,2022-08-29,1.9105663,3.2806273
2024,2022,Caqueta,2022-08-15,3,2022-09-05,4.7764163,3.056556
2024,2022,Caqueta,2022-08-15,4,2022-09-12,2.388208,2.877693
2024,2022,Caqueta,2022-08-22,1,2022-08-29,1.9105663,4.032414
2024,2022,Caqueta,2022-08-22,2,2022-09-05,4.7764163,3.8198266
2024,2022,Caqueta,2022-08-22,3,2022-09-12,2.388208,3.3855681
2024,2022,Caqueta,2022-08-22,4,2022-09-19,2.1493871,3.204174
2024,2022,Caqueta,2022-08-29,1,2022-09-05,4.7764163,3.5194871
2024,2022,Caqueta,2022-08-29,2,2022-09-12,2.388208,3.2488656
2024,2022,Caqueta,2022-08-29,3,2022-09-19,2.1493871,3.0062194
2024,2022,Caqueta,2022-08-29,4,2022-09-26,0.71646243,2.883831
2024,2022,Caqueta,2022-09-05,1,2022-09-12,2.388208,2.8313057
2024,2022,Caqueta,2022-09-05,2,2022-09-19,2.1493871,2.600694
2024,2022,Caqueta,2022-09-05,3,2022-09-26,0.71646243,2.435266
2024,2022,Caqueta,2022-09-05,4,2022-10-03,2.8658495,2.3485544
2024,2022,Caqueta,2022-09-12,1,2022-09-19,2.1493871,3.5470002
2024,2022,Caqueta,2022-09-12,2,2022-09-26,0.71646243,3.2338278
2024,2022,Caqueta,2022-09-12,3,2022-10-03,2.8658495,3.0173094
2024,2022,Caqueta,2022-09-12,4,2022-10-10,2.6270287,2.874451
2024,2022,Caqueta,2022-09-19,1,2022-09-26,0.71646243,2.9921546
2024,2022,Caqueta,2022-09-19,2,2022-10-03,2.8658495,2.7086618
2024,2022,Caqueta,2022-09-19,3,2022-10-10,2.6270287,2.5541728
2024,2022,Caqueta,2022-09-19,4,2022-10-17,5.254058,2.4308681
2024,2022,Caqueta,2022-09-26,1,2022-10-03,2.8658495,2.5001183
2024,2022,Caqueta,2022-09-26,2,2022-10-10,2.6270287,2.3214314
2024,2022,Caqueta,2022-09-26,3,2022-10-17,5.254058,2.2024446
2024,2022,Caqueta,2022-09-26,4,2022-10-24,4.0599537,2.1712277
2024,2022,Caqueta,2022-10-03,1,2022-10-10,2.6270287,1.9143535
2024,2022,Caqueta,2022-10-03,2,2022-10-17,5.254058,1.844251
2024,2022,Caqueta,2022-10-03,3,2022-10-24,4.0599537,1.8163418
2024,2022,Caqueta,2022-10-03,4,2022-10-31,5.254058,1.7922097
2024,2022,Caqueta,2022-10-10,1,2022-10-17,5.254058,2.2191541
2024,2022,Caqueta,2022-10-10,2,2022-10-24,4.0599537,2.1309338
2024,2022,Caqueta,2022-10-10,3,2022-10-31,5.254058,2.071854
2024,2022,Caqueta,2022-10-10,4,2022-11-07,5.254058,2.0493805
2024,2022,Caqueta,2022-10-17,1,2022-10-24,4.0599537,2.2745242
2024,2022,Caqueta,2022-10-17,2,2022-10-31,5.254058,2.1572168
2024,2022,Caqueta,2022-10-17,3,2022-11-07,5.254058,2.1364233
2024,2022,Caqueta,2022-10-17,4,2022-11-14,1.9105663,2.1373298
2024,2022,Caqueta,2022-10-24,1,2022-10-31,5.254058,2.7237985
2024,2022,Caqueta,2022-10-24,2,2022-11-07,5.254058,2.5494504
2024,2022,Caqueta,2022-10-24,3,2022-11-14,1.9105663,2.479681
2024,2022,Caqueta,2022-10-24,4,2022-11-21,5.4928784,2.4975202
2024,2022,Caqueta,2022-10-31,1,2022-11-07,5.254058,3.1137528
2024,2022,Caqueta,2022-10-31,2,2022-11-14,1.9105663,2.9182193
2024,2022,Caqueta,2022-10-31,3,2022-11-21,5.4928784,2.9071846
2024,2022,Caqueta,2022-10-31,4,2022-11-28,4.7764163,2.8736346
2024,2022,Caqueta,2022-11-07,1,2022-11-14,1.9105663,3.6371145
2024,2022,Caqueta,2022-11-07,2,2022-11-21,5.4928784,3.4937415
2024,2022,Caqueta,2022-11-07,3,2022-11-28,4.7764163,3.477794
2024,2022,Caqueta,2022-11-07,4,2022-12-05,2.6270287,3.4720166
2024,2022,Caqueta,2022-11-14,1,2022-11-21,5.4928784,4.087035
2024,2022,Caqueta,2022-11-14,2,2022-11-28,4.7764163,3.8809183
2024,2022,Caqueta,2022-11-14,3,2022-12-05,2.6270287,3.9275343
2024,2022,Caqueta,2022-11-14,4,2022-12-12,4.7764163,3.868761
2024,2022,Caqueta,2022-11-21,1,2022-11-28,4.7764163,3.3247085
2024,2022,Caqueta,2022-11-21,2,2022-12-05,2.6270287,3.2825913
2024,2022,Caqueta,2022-11-21,3,2022-12-12,4.7764163,3.4408474
2024,2022,Caqueta,2022-11-21,4,2022-12-19,5.4928784,3.470246
2024,2022,Caqueta,2022-11-28,1,2022-12-05,2.6270287,4.621855
2024,2022,Caqueta,2022-11-28,2,2022-12-12,4.7764163,4.7196097
2024,2022,Caqueta,2022-11-28,3,2022-12-19,5.4928784,4.932123
2024,2022,Caqueta,2022-11-28,4,2022-12-26,4.2987747,5.0456357
2024,2022,Casanare,2022-04-18,1,2022-04-25,19.75352,17.71683
2024,2022,Casanare,2022-04-18,2,2022-05-02,20.192488,17.84712
2024,2022,Casanare,2022-04-18,3,2022-05-09,23.265259,18.103144
2024,2022,Casanare,2022-04-18,4,2022-05-16,20.192488,17.590223
2024,2022,Casanare,2022-04-25,1,2022-05-02,20.192488,23.414043
2024,2022,Casanare,2022-04-25,2,2022-05-09,23.265259,23.078056
2024,2022,Casanare,2022-04-25,3,2022-05-16,20.192488,23.103489
2024,2022,Casanare,2022-04-25,4,2022-05-23,20.850937,22.017769
2024,2022,Casanare,2022-05-02,1,2022-05-09,23.265259,20.065517
2024,2022,Casanare,2022-05-02,2,2022-05-16,20.192488,19.286781
2024,2022,Casanare,2022-05-02,3,2022-05-23,20.850937,20.129742
2024,2022,Casanare,2022-05-02,4,2022-05-30,13.388496,18.311628
2024,2022,Casanare,2022-05-09,1,2022-05-16,20.192488,20.311337
2024,2022,Casanare,2022-05-09,2,2022-05-23,20.850937,19.98328
2024,2022,Casanare,2022-05-09,3,2022-05-30,13.388496,20.61493
2024,2022,Casanare,2022-05-09,4,2022-06-06,21.289904,20.088186
2024,2022,Casanare,2022-05-16,1,2022-05-23,20.850937,22.547968
2024,2022,Casanare,2022-05-16,2,2022-05-30,13.388496,21.79982
2024,2022,Casanare,2022-05-16,3,2022-06-06,21.289904,21.998514
2024,2022,Casanare,2022-05-16,4,2022-06-13,16.900234,19.299273
2024,2022,Casanare,2022-05-23,1,2022-05-30,13.388496,19.645006
2024,2022,Casanare,2022-05-23,2,2022-06-06,21.289904,18.675274
2024,2022,Casanare,2022-05-23,3,2022-06-13,16.900234,18.633892
2024,2022,Casanare,2022-05-23,4,2022-06-20,11.632628,16.802145
2024,2022,Casanare,2022-05-30,1,2022-06-06,21.289904,20.187876
2024,2022,Casanare,2022-05-30,2,2022-06-13,16.900234,19.195635
2024,2022,Casanare,2022-05-30,3,2022-06-20,11.632628,18.71021
2024,2022,Casanare,2022-05-30,4,2022-06-27,13.169014,16.850214
2024,2022,Casanare,2022-06-06,1,2022-06-13,16.900234,14.742246
2024,2022,Casanare,2022-06-06,2,2022-06-20,11.632628,13.884828
2024,2022,Casanare,2022-06-06,3,2022-06-27,13.169014,13.977562
2024,2022,Casanare,2022-06-06,4,2022-07-04,9.218308,12.561284
2024,2022,Casanare,2022-06-13,1,2022-06-20,11.632628,17.180397
2024,2022,Casanare,2022-06-13,2,2022-06-27,13.169014,16.259565
2024,2022,Casanare,2022-06-13,3,2022-07-04,9.218308,15.976151
2024,2022,Casanare,2022-06-13,4,2022-07-11,9.87676,14.671005
2024,2022,Casanare,2022-06-20,1,2022-06-27,13.169014,15.602244
2024,2022,Casanare,2022-06-20,2,2022-07-04,9.218308,14.64243
2024,2022,Casanare,2022-06-20,3,2022-07-11,9.87676,13.940018
2024,2022,Casanare,2022-06-20,4,2022-07-18,5.2676053,12.6439705
2024,2022,Casanare,2022-06-27,1,2022-07-04,9.218308,11.498195
2024,2022,Casanare,2022-06-27,2,2022-07-11,9.87676,10.781062
2024,2022,Casanare,2022-06-27,3,2022-07-18,5.2676053,9.775659
2024,2022,Casanare,2022-06-27,4,2022-07-25,7.242958,9.712487
2024,2022,Casanare,2022-07-04,1,2022-07-11,9.87676,11.873317
2024,2022,Casanare,2022-07-04,2,2022-07-18,5.2676053,10.831897
2024,2022,Casanare,2022-07-04,3,2022-07-25,7.242958,9.88983
2024,2022,Casanare,2022-07-04,4,2022-08-01,6.5845065,9.253338
2024,2022,Casanare,2022-07-11,1,2022-07-18,5.2676053,8.605326
2024,2022,Casanare,2022-07-11,2,2022-07-25,7.242958,7.661357
2024,2022,Casanare,2022-07-11,3,2022-08-01,6.5845065,6.7890944
2024,2022,Casanare,2022-07-11,4,2022-08-08,6.5845065,6.549269
2024,2022,Casanare,2022-07-18,1,2022-07-25,7.242958,8.680613
2024,2022,Casanare,2022-07-18,2,2022-08-01,6.5845065,7.684307
2024,2022,Casanare,2022-07-18,3,2022-08-08,6.5845065,6.9681764
2024,2022,Casanare,2022-07-18,4,2022-08-15,4.6091547,6.6727467
2024,2022,Casanare,2022-07-25,1,2022-08-01,6.5845065,5.709853
2024,2022,Casanare,2022-07-25,2,2022-08-08,6.5845065,5.0814013
2024,2022,Casanare,2022-07-25,3,2022-08-15,4.6091547,4.5696497
2024,2022,Casanare,2022-07-25,4,2022-08-22,2.1948357,4.368864
2024,2022,Casanare,2022-08-01,1,2022-08-08,6.5845065,5.601679
2024,2022,Casanare,2022-08-01,2,2022-08-15,4.6091547,4.894608
2024,2022,Casanare,2022-08-01,3,2022-08-22,2.1948357,4.3928504
2024,2022,Casanare,2022-08-01,4,2022-08-29,2.853286,4.2138863
2024,2022,Casanare,2022-08-08,1,2022-08-15,4.6091547,5.549657
2024,2022,Casanare,2022-08-08,2,2022-08-22,2.1948357,4.8411293
2024,2022,Casanare,2022-08-08,3,2022-08-29,2.853286,4.2854834
2024,2022,Casanare,2022-08-08,4,2022-09-05,5.2676053,4.1244707
2024,2022,Casanare,2022-08-15,1,2022-08-22,2.1948357,5.8149195
2024,2022,Casanare,2022-08-15,2,2022-08-29,2.853286,5.2452593
2024,2022,Casanare,2022-08-15,3,2022-09-05,5.2676053,4.597468
2024,2022,Casanare,2022-08-15,4,2022-09-12,2.1948357,4.4761825
2024,2022,Casanare,2022-08-22,1,2022-08-29,2.853286,5.4054236
2024,2022,Casanare,2022-08-22,2,2022-09-05,5.2676053,4.9416065
2024,2022,Casanare,2022-08-22,3,2022-09-12,2.1948357,4.3411303
2024,2022,Casanare,2022-08-22,4,2022-09-19,1.7558686,4.181997
2024,2022,Casanare,2022-08-29,1,2022-09-05,5.2676053,3.7048512
2024,2022,Casanare,2022-08-29,2,2022-09-12,2.1948357,3.5578084
2024,2022,Casanare,2022-08-29,3,2022-09-19,1.7558686,3.127075
2024,2022,Casanare,2022-08-29,4,2022-09-26,3.2922535,3.0692225
2024,2022,Casanare,2022-09-05,1,2022-09-12,2.1948357,3.6355896
2024,2022,Casanare,2022-09-05,2,2022-09-19,1.7558686,3.5880957
2024,2022,Casanare,2022-09-05,3,2022-09-26,3.2922535,3.067575
2024,2022,Casanare,2022-09-05,4,2022-10-03,1.3169013,2.9157119
2024,2022,Casanare,2022-09-12,1,2022-09-19,1.7558686,3.8405526
2024,2022,Casanare,2022-09-12,2,2022-09-26,3.2922535,3.6191754
2024,2022,Casanare,2022-09-12,3,2022-10-03,1.3169013,3.0972803
2024,2022,Casanare,2022-09-12,4,2022-10-10,2.853286,2.9465144
2024,2022,Casanare,2022-09-19,1,2022-09-26,3.2922535,3.1228285
2024,2022,Casanare,2022-09-19,2,2022-10-03,1.3169013,2.937171
2024,2022,Casanare,2022-09-19,3,2022-10-10,2.853286,2.5912678
2024,2022,Casanare,2022-09-19,4,2022-10-17,1.5363849,2.5195477
2024,2022,Casanare,2022-09-26,1,2022-10-03,1.3169013,2.3836222
2024,2022,Casanare,2022-09-26,2,2022-10-10,2.853286,2.3108535
2024,2022,Casanare,2022-09-26,3,2022-10-17,1.5363849,1.9423242
2024,2022,Casanare,2022-09-26,4,2022-10-24,2.4143193,1.8796086
2024,2022,Casanare,2022-10-03,1,2022-10-10,2.853286,2.4803915
2024,2022,Casanare,2022-10-03,2,2022-10-17,1.5363849,2.363048
2024,2022,Casanare,2022-10-03,3,2022-10-24,2.4143193,1.97821
2024,2022,Casanare,2022-10-03,4,2022-10-31,1.0974178,1.9148229
2024,2022,Casanare,2022-10-10,1,2022-10-17,1.5363849,1.785949
2024,2022,Casanare,2022-10-10,2,2022-10-24,2.4143193,1.7654258
2024,2022,Casanare,2022-10-10,3,2022-10-31,1.0974178,1.4647663
2024,2022,Casanare,2022-10-10,4,2022-11-07,1.0974178,1.4409723
2024,2022,Casanare,2022-10-17,1,2022-10-24,2.4143193,1.734568
2024,2022,Casanare,2022-10-17,2,2022-10-31,1.0974178,1.7093122
2024,2022,Casanare,2022-10-17,3,2022-11-07,1.0974178,1.4509865
2024,2022,Casanare,2022-10-17,4,2022-11-14,3.0727699,1.4486208
2024,2022,Casanare,2022-10-24,1,2022-10-31,1.0974178,1.4859899
2024,2022,Casanare,2022-10-24,2,2022-11-07,1.0974178,1.4523817
2024,2022,Casanare,2022-10-24,3,2022-11-14,3.0727699,1.1962494
2024,2022,Casanare,2022-10-24,4,2022-11-21,2.4143193,1.1818403
2024,2022,Casanare,2022-10-31,1,2022-11-07,1.0974178,1.4638634
2024,2022,Casanare,2022-10-31,2,2022-11-14,3.0727699,1.4045585
2024,2022,Casanare,2022-10-31,3,2022-11-21,2.4143193,1.1505082
2024,2022,Casanare,2022-10-31,4,2022-11-28,1.7558686,1.1277491
2024,2022,Casanare,2022-11-07,1,2022-11-14,3.0727699,1.190631
2024,2022,Casanare,2022-11-07,2,2022-11-21,2.4143193,1.1429225
2024,2022,Casanare,2022-11-07,3,2022-11-28,1.7558686,0.9711058
2024,2022,Casanare,2022-11-07,4,2022-12-05,2.4143193,0.90227866
2024,2022,Casanare,2022-11-14,1,2022-11-21,2.4143193,0.9693322
2024,2022,Casanare,2022-11-14,2,2022-11-28,1.7558686,0.9976749
2024,2022,Casanare,2022-11-14,3,2022-12-05,2.4143193,0.90221393
2024,2022,Casanare,2022-11-14,4,2022-12-12,2.1948357,0.8774108
2024,2022,Casanare,2022-11-21,1,2022-11-28,1.7558686,1.3021455
2024,2022,Casanare,2022-11-21,2,2022-12-05,2.4143193,1.2871748
2024,2022,Casanare,2022-11-21,3,2022-12-12,2.1948357,1.1606665
2024,2022,Casanare,2022-11-21,4,2022-12-19,0.21948355,1.1105237
2024,2022,Casanare,2022-11-28,1,2022-12-05,2.4143193,1.3593324
2024,2022,Casanare,2022-11-28,2,2022-12-12,2.1948357,1.3141351
2024,2022,Casanare,2022-11-28,3,2022-12-19,0.21948355,1.1321195
2024,2022,Casanare,2022-11-28,4,2022-12-26,1.5363849,1.0908632
2024,2022,Cauca,2022-04-18,1,2022-04-25,0.387132,0.48503745
2024,2022,Cauca,2022-04-18,2,2022-05-02,1.1613959,0.49876016
2024,2022,Cauca,2022-04-18,3,2022-05-09,0.709742,0.48754817
2024,2022,Cauca,2022-04-18,4,2022-05-16,1.548528,0.492085
2024,2022,Cauca,2022-04-25,1,2022-05-02,1.1613959,0.5583844
2024,2022,Cauca,2022-04-25,2,2022-05-09,0.709742,0.55741173
2024,2022,Cauca,2022-04-25,3,2022-05-16,1.548528,0.5542078
2024,2022,Cauca,2022-04-25,4,2022-05-23,0.451654,0.5406594
2024,2022,Cauca,2022-05-02,1,2022-05-09,0.709742,0.48813826
2024,2022,Cauca,2022-05-02,2,2022-05-16,1.548528,0.50019956
2024,2022,Cauca,2022-05-02,3,2022-05-23,0.451654,0.48954934
2024,2022,Cauca,2022-05-02,4,2022-05-30,0.7742639,0.49252066
2024,2022,Cauca,2022-05-09,1,2022-05-16,1.548528,0.5914241
2024,2022,Cauca,2022-05-09,2,2022-05-23,0.451654,0.6026844
2024,2022,Cauca,2022-05-09,3,2022-05-30,0.7742639,0.5845641
2024,2022,Cauca,2022-05-09,4,2022-06-06,0.387132,0.5880834
2024,2022,Cauca,2022-05-16,1,2022-05-23,0.451654,0.6277575
2024,2022,Cauca,2022-05-16,2,2022-05-30,0.7742639,0.6160217
2024,2022,Cauca,2022-05-16,3,2022-06-06,0.387132,0.60381013
2024,2022,Cauca,2022-05-16,4,2022-06-13,0.516176,0.5931165
2024,2022,Cauca,2022-05-23,1,2022-05-30,0.7742639,0.80478597
2024,2022,Cauca,2022-05-23,2,2022-06-06,0.387132,0.7982116
2024,2022,Cauca,2022-05-23,3,2022-06-13,0.516176,0.7899659
2024,2022,Cauca,2022-05-23,4,2022-06-20,0.709742,0.78948355
2024,2022,Cauca,2022-05-30,1,2022-06-06,0.387132,0.7112235
2024,2022,Cauca,2022-05-30,2,2022-06-13,0.516176,0.70899564
2024,2022,Cauca,2022-05-30,3,2022-06-20,0.709742,0.6974938
2024,2022,Cauca,2022-05-30,4,2022-06-27,0.32261,0.6876675
2024,2022,Cauca,2022-06-06,1,2022-06-13,0.516176,0.6881569
2024,2022,Cauca,2022-06-06,2,2022-06-20,0.709742,0.69167846
2024,2022,Cauca,2022-06-06,3,2022-06-27,0.32261,0.6724476
2024,2022,Cauca,2022-06-06,4,2022-07-04,0.90330803,0.66161937
2024,2022,Cauca,2022-06-13,1,2022-06-20,0.709742,0.61313665
2024,2022,Cauca,2022-06-13,2,2022-06-27,0.32261,0.5924523
2024,2022,Cauca,2022-06-13,3,2022-07-04,0.90330803,0.5843779
2024,2022,Cauca,2022-06-13,4,2022-07-11,0.7742639,0.55783135
2024,2022,Cauca,2022-06-20,1,2022-06-27,0.32261,0.53308177
2024,2022,Cauca,2022-06-20,2,2022-07-04,0.90330803,0.5360883
2024,2022,Cauca,2022-06-20,3,2022-07-11,0.7742639,0.5153173
2024,2022,Cauca,2022-06-20,4,2022-07-18,0.516176,0.50808793
2024,2022,Cauca,2022-06-27,1,2022-07-04,0.90330803,0.5558818
2024,2022,Cauca,2022-06-27,2,2022-07-11,0.7742639,0.55114377
2024,2022,Cauca,2022-06-27,3,2022-07-18,0.516176,0.5331433
2024,2022,Cauca,2022-06-27,4,2022-07-25,0.709742,0.5174368
2024,2022,Cauca,2022-07-04,1,2022-07-11,0.7742639,0.49965504
2024,2022,Cauca,2022-07-04,2,2022-07-18,0.516176,0.50155234
2024,2022,Cauca,2022-07-04,3,2022-07-25,0.709742,0.48275408
2024,2022,Cauca,2022-07-04,4,2022-08-01,0.580698,0.4755494
2024,2022,Cauca,2022-07-11,1,2022-07-18,0.516176,0.54389
2024,2022,Cauca,2022-07-11,2,2022-07-25,0.709742,0.54244363
2024,2022,Cauca,2022-07-11,3,2022-08-01,0.580698,0.52235985
2024,2022,Cauca,2022-07-11,4,2022-08-08,0.64522,0.5163695
2024,2022,Cauca,2022-07-18,1,2022-07-25,0.709742,0.55978614
2024,2022,Cauca,2022-07-18,2,2022-08-01,0.580698,0.55946475
2024,2022,Cauca,2022-07-18,3,2022-08-08,0.64522,0.5393819
2024,2022,Cauca,2022-07-18,4,2022-08-15,0.193566,0.526362
2024,2022,Cauca,2022-07-25,1,2022-08-01,0.580698,0.5072294
2024,2022,Cauca,2022-07-25,2,2022-08-08,0.64522,0.51029366
2024,2022,Cauca,2022-07-25,3,2022-08-15,0.193566,0.4989606
2024,2022,Cauca,2022-07-25,4,2022-08-22,0.451654,0.4852212
2024,2022,Cauca,2022-08-01,1,2022-08-08,0.64522,0.49449322
2024,2022,Cauca,2022-08-01,2,2022-08-15,0.193566,0.48735663
2024,2022,Cauca,2022-08-01,3,2022-08-22,0.451654,0.48696443
2024,2022,Cauca,2022-08-01,4,2022-08-29,0.451654,0.4560171
2024,2022,Cauca,2022-08-08,1,2022-08-15,0.193566,0.48898935
2024,2022,Cauca,2022-08-08,2,2022-08-22,0.451654,0.47751784
2024,2022,Cauca,2022-08-08,3,2022-08-29,0.451654,0.47789657
2024,2022,Cauca,2022-08-08,4,2022-09-05,0.258088,0.44174203
2024,2022,Cauca,2022-08-15,1,2022-08-22,0.451654,0.48704314
2024,2022,Cauca,2022-08-15,2,2022-08-29,0.451654,0.4947244
2024,2022,Cauca,2022-08-15,3,2022-09-05,0.258088,0.48062605
2024,2022,Cauca,2022-08-15,4,2022-09-12,0.7742639,0.4570704
2024,2022,Cauca,2022-08-22,1,2022-08-29,0.451654,0.4417934
2024,2022,Cauca,2022-08-22,2,2022-09-05,0.258088,0.44868436
2024,2022,Cauca,2022-08-22,3,2022-09-12,0.7742639,0.43126285
2024,2022,Cauca,2022-08-22,4,2022-09-19,1.032352,0.409001
2024,2022,Cauca,2022-08-29,1,2022-09-05,0.258088,0.43707472
2024,2022,Cauca,2022-08-29,2,2022-09-12,0.7742639,0.4416373
2024,2022,Cauca,2022-08-29,3,2022-09-19,1.032352,0.42790592
2024,2022,Cauca,2022-08-29,4,2022-09-26,0.7742639,0.42270577
2024,2022,Cauca,2022-09-05,1,2022-09-12,0.7742639,0.42254016
2024,2022,Cauca,2022-09-05,2,2022-09-19,1.032352,0.4367668
2024,2022,Cauca,2022-09-05,3,2022-09-26,0.7742639,0.42535335
2024,2022,Cauca,2022-09-05,4,2022-10-03,0.580698,0.4191894
2024,2022,Cauca,2022-09-12,1,2022-09-19,1.032352,0.37336472
2024,2022,Cauca,2022-09-12,2,2022-09-26,0.7742639,0.39398688
2024,2022,Cauca,2022-09-12,3,2022-10-03,0.580698,0.38033634
2024,2022,Cauca,2022-09-12,4,2022-10-10,0.451654,0.37588555
2024,2022,Cauca,2022-09-19,1,2022-09-26,0.7742639,0.4557424
2024,2022,Cauca,2022-09-19,2,2022-10-03,0.580698,0.46148342
2024,2022,Cauca,2022-09-19,3,2022-10-10,0.451654,0.45813188
2024,2022,Cauca,2022-09-19,4,2022-10-17,0.32261,0.43605456
2024,2022,Cauca,2022-09-26,1,2022-10-03,0.580698,0.56720763
2024,2022,Cauca,2022-09-26,2,2022-10-10,0.451654,0.56639105
2024,2022,Cauca,2022-09-26,3,2022-10-17,0.32261,0.5686447
2024,2022,Cauca,2022-09-26,4,2022-10-24,1.096874,0.5483835
2024,2022,Cauca,2022-10-03,1,2022-10-10,0.451654,0.6173526
2024,2022,Cauca,2022-10-03,2,2022-10-17,0.32261,0.61564183
2024,2022,Cauca,2022-10-03,3,2022-10-24,1.096874,0.6260072
2024,2022,Cauca,2022-10-03,4,2022-10-31,1.93566,0.5934665
2024,2022,Cauca,2022-10-10,1,2022-10-17,0.32261,0.5821624
2024,2022,Cauca,2022-10-10,2,2022-10-24,1.096874,0.5814136
2024,2022,Cauca,2022-10-10,3,2022-10-31,1.93566,0.58951014
2024,2022,Cauca,2022-10-10,4,2022-11-07,0.7742639,0.55070716
2024,2022,Cauca,2022-10-17,1,2022-10-24,1.096874,0.52977943
2024,2022,Cauca,2022-10-17,2,2022-10-31,1.93566,0.53153086
2024,2022,Cauca,2022-10-17,3,2022-11-07,0.7742639,0.54805833
2024,2022,Cauca,2022-10-17,4,2022-11-14,0.7742639,0.5282016
2024,2022,Cauca,2022-10-24,1,2022-10-31,1.93566,0.4885411
2024,2022,Cauca,2022-10-24,2,2022-11-07,0.7742639,0.4805561
2024,2022,Cauca,2022-10-24,3,2022-11-14,0.7742639,0.50259936
2024,2022,Cauca,2022-10-24,4,2022-11-21,1.29044,0.48408735
2024,2022,Cauca,2022-10-31,1,2022-11-07,0.7742639,0.61533445
2024,2022,Cauca,2022-10-31,2,2022-11-14,0.7742639,0.55977446
2024,2022,Cauca,2022-10-31,3,2022-11-21,1.29044,0.58667165
2024,2022,Cauca,2022-10-31,4,2022-11-28,0.32261,0.58837366
2024,2022,Cauca,2022-11-07,1,2022-11-14,0.7742639,0.839107
2024,2022,Cauca,2022-11-07,2,2022-11-21,1.29044,0.7992512
2024,2022,Cauca,2022-11-07,3,2022-11-28,0.32261,0.806039
2024,2022,Cauca,2022-11-07,4,2022-12-05,0.32261,0.85505784
2024,2022,Cauca,2022-11-14,1,2022-11-21,1.29044,0.8360562
2024,2022,Cauca,2022-11-14,2,2022-11-28,0.32261,0.8420506
2024,2022,Cauca,2022-11-14,3,2022-12-05,0.32261,0.8252495
2024,2022,Cauca,2022-11-14,4,2022-12-12,1.096874,0.91829574
2024,2022,Cauca,2022-11-21,1,2022-11-28,0.32261,0.9023732
2024,2022,Cauca,2022-11-21,2,2022-12-05,0.32261,0.91612315
2024,2022,Cauca,2022-11-21,3,2022-12-12,1.096874,0.8908132
2024,2022,Cauca,2022-11-21,4,2022-12-19,1.29044,1.0270647
2024,2022,Cauca,2022-11-28,1,2022-12-05,0.32261,0.9574624
2024,2022,Cauca,2022-11-28,2,2022-12-12,1.096874,1.0299003
2024,2022,Cauca,2022-11-28,3,2022-12-19,1.29044,0.9769445
2024,2022,Cauca,2022-11-28,4,2022-12-26,0.709742,1.1289891
2024,2022,Cesar,2022-04-18,1,2022-04-25,3.3350756,2.7031872
2024,2022,Cesar,2022-04-18,2,2022-05-02,3.4075775,2.7777758
2024,2022,Cesar,2022-04-18,3,2022-05-09,6.090138,3.0128484
2024,2022,Cesar,2022-04-18,4,2022-05-16,4.7126074,3.1218367
2024,2022,Cesar,2022-04-25,1,2022-05-02,3.4075775,3.3096921
2024,2022,Cesar,2022-04-25,2,2022-05-09,6.090138,3.3925655
2024,2022,Cesar,2022-04-25,3,2022-05-16,4.7126074,3.6398046
2024,2022,Cesar,2022-04-25,4,2022-05-23,3.9875903,3.6599348
2024,2022,Cesar,2022-05-02,1,2022-05-09,6.090138,3.8528006
2024,2022,Cesar,2022-05-02,2,2022-05-16,4.7126074,3.8684916
2024,2022,Cesar,2022-05-02,3,2022-05-23,3.9875903,4.085386
2024,2022,Cesar,2022-05-02,4,2022-05-30,4.205096,4.060302
2024,2022,Cesar,2022-05-09,1,2022-05-16,4.7126074,4.115173
2024,2022,Cesar,2022-05-09,2,2022-05-23,3.9875903,4.2858553
2024,2022,Cesar,2022-05-09,3,2022-05-30,4.205096,4.541853
2024,2022,Cesar,2022-05-09,4,2022-06-06,7.250164,4.5308986
2024,2022,Cesar,2022-05-16,1,2022-05-23,3.9875903,6.6489167
2024,2022,Cesar,2022-05-16,2,2022-05-30,4.205096,6.829641
2024,2022,Cesar,2022-05-16,3,2022-06-06,7.250164,7.087091
2024,2022,Cesar,2022-05-16,4,2022-06-13,5.2201185,7.012883
2024,2022,Cesar,2022-05-23,1,2022-05-30,4.205096,6.6869974
2024,2022,Cesar,2022-05-23,2,2022-06-06,7.250164,6.705415
2024,2022,Cesar,2022-05-23,3,2022-06-13,5.2201185,6.953232
2024,2022,Cesar,2022-05-23,4,2022-06-20,4.350099,6.6970716
2024,2022,Cesar,2022-05-30,1,2022-06-06,7.250164,5.9648967
2024,2022,Cesar,2022-05-30,2,2022-06-13,5.2201185,5.979704
2024,2022,Cesar,2022-05-30,3,2022-06-20,4.350099,6.1383467
2024,2022,Cesar,2022-05-30,4,2022-06-27,5.72763,5.895686
2024,2022,Cesar,2022-06-06,1,2022-06-13,5.2201185,5.492159
2024,2022,Cesar,2022-06-06,2,2022-06-20,4.350099,5.512785
2024,2022,Cesar,2022-06-06,3,2022-06-27,5.72763,5.5286565
2024,2022,Cesar,2022-06-06,4,2022-07-04,5.5101256,5.3063874
2024,2022,Cesar,2022-06-13,1,2022-06-20,4.350099,7.469169
2024,2022,Cesar,2022-06-13,2,2022-06-27,5.72763,7.299897
2024,2022,Cesar,2022-06-13,3,2022-07-04,5.5101256,7.133663
2024,2022,Cesar,2022-06-13,4,2022-07-11,7.1776624,6.666873
2024,2022,Cesar,2022-06-20,1,2022-06-27,5.72763,6.7982144
2024,2022,Cesar,2022-06-20,2,2022-07-04,5.5101256,6.4277573
2024,2022,Cesar,2022-06-20,3,2022-07-11,7.1776624,6.2233753
2024,2022,Cesar,2022-06-20,4,2022-07-18,6.8151555,5.7508793
2024,2022,Cesar,2022-06-27,1,2022-07-04,5.5101256,5.526577
2024,2022,Cesar,2022-06-27,2,2022-07-11,7.1776624,5.236944
2024,2022,Cesar,2022-06-27,3,2022-07-18,6.8151555,4.9876046
2024,2022,Cesar,2022-06-27,4,2022-07-25,5.945135,4.69452
2024,2022,Cesar,2022-07-04,1,2022-07-11,7.1776624,6.009388
2024,2022,Cesar,2022-07-04,2,2022-07-18,6.8151555,5.54697
2024,2022,Cesar,2022-07-04,3,2022-07-25,5.945135,5.232192
2024,2022,Cesar,2022-07-04,4,2022-08-01,4.350099,4.6751237
2024,2022,Cesar,2022-07-11,1,2022-07-18,6.8151555,6.01279
2024,2022,Cesar,2022-07-11,2,2022-07-25,5.945135,5.504379
2024,2022,Cesar,2022-07-11,3,2022-08-01,4.350099,5.155797
2024,2022,Cesar,2022-07-11,4,2022-08-08,6.090138,4.6559033
2024,2022,Cesar,2022-07-18,1,2022-07-25,5.945135,7.2240305
2024,2022,Cesar,2022-07-18,2,2022-08-01,4.350099,6.6784105
2024,2022,Cesar,2022-07-18,3,2022-08-08,6.090138,6.1811748
2024,2022,Cesar,2022-07-18,4,2022-08-15,5.72763,5.7103477
2024,2022,Cesar,2022-07-25,1,2022-08-01,4.350099,7.204065
2024,2022,Cesar,2022-07-25,2,2022-08-08,6.090138,6.627066
2024,2022,Cesar,2022-07-25,3,2022-08-15,5.72763,6.160061
2024,2022,Cesar,2022-07-25,4,2022-08-22,5.5101256,5.646752
2024,2022,Cesar,2022-08-01,1,2022-08-08,6.090138,6.3597894
2024,2022,Cesar,2022-08-01,2,2022-08-15,5.72763,5.828722
2024,2022,Cesar,2022-08-01,3,2022-08-22,5.5101256,5.326629
2024,2022,Cesar,2022-08-01,4,2022-08-29,5.2201185,4.962781
2024,2022,Cesar,2022-08-08,1,2022-08-15,5.72763,5.039139
2024,2022,Cesar,2022-08-08,2,2022-08-22,5.5101256,4.738588
2024,2022,Cesar,2022-08-08,3,2022-08-29,5.2201185,4.4109626
2024,2022,Cesar,2022-08-08,4,2022-09-05,5.437624,4.2096934
2024,2022,Cesar,2022-08-15,1,2022-08-22,5.5101256,5.9388027
2024,2022,Cesar,2022-08-15,2,2022-08-29,5.2201185,5.6808524
2024,2022,Cesar,2022-08-15,3,2022-09-05,5.437624,5.3462234
2024,2022,Cesar,2022-08-15,4,2022-09-12,5.6551285,5.083336
2024,2022,Cesar,2022-08-22,1,2022-08-29,5.2201185,6.180608
2024,2022,Cesar,2022-08-22,2,2022-09-05,5.437624,5.8495693
2024,2022,Cesar,2022-08-22,3,2022-09-12,5.6551285,5.513416
2024,2022,Cesar,2022-08-22,4,2022-09-19,4.5676036,5.1894984
2024,2022,Cesar,2022-08-29,1,2022-09-05,5.437624,5.885993
2024,2022,Cesar,2022-08-29,2,2022-09-12,5.6551285,5.5774364
2024,2022,Cesar,2022-08-29,3,2022-09-19,4.5676036,5.312631
2024,2022,Cesar,2022-08-29,4,2022-09-26,5.945135,5.1276374
2024,2022,Cesar,2022-09-05,1,2022-09-12,5.6551285,5.81743
2024,2022,Cesar,2022-09-05,2,2022-09-19,4.5676036,5.537142
2024,2022,Cesar,2022-09-05,3,2022-09-26,5.945135,5.3080363
2024,2022,Cesar,2022-09-05,4,2022-10-03,4.277597,5.088652
2024,2022,Cesar,2022-09-12,1,2022-09-19,4.5676036,6.064876
2024,2022,Cesar,2022-09-12,2,2022-09-26,5.945135,5.8308096
2024,2022,Cesar,2022-09-12,3,2022-10-03,4.277597,5.557394
2024,2022,Cesar,2022-09-12,4,2022-10-10,4.85761,5.278362
2024,2022,Cesar,2022-09-19,1,2022-09-26,5.945135,6.132992
2024,2022,Cesar,2022-09-19,2,2022-10-03,4.277597,5.8811355
2024,2022,Cesar,2022-09-19,3,2022-10-10,4.85761,5.6365695
2024,2022,Cesar,2022-09-19,4,2022-10-17,5.437624,5.411078
2024,2022,Cesar,2022-09-26,1,2022-10-03,4.277597,5.7118406
2024,2022,Cesar,2022-09-26,2,2022-10-10,4.85761,5.542003
2024,2022,Cesar,2022-09-26,3,2022-10-17,5.437624,5.3466787
2024,2022,Cesar,2022-09-26,4,2022-10-24,4.350099,5.197391
2024,2022,Cesar,2022-10-03,1,2022-10-10,4.85761,6.290891
2024,2022,Cesar,2022-10-03,2,2022-10-17,5.437624,6.1712394
2024,2022,Cesar,2022-10-03,3,2022-10-24,4.350099,5.9700274
2024,2022,Cesar,2022-10-03,4,2022-10-31,4.205096,5.7936587
2024,2022,Cesar,2022-10-10,1,2022-10-17,5.437624,5.5694866
2024,2022,Cesar,2022-10-10,2,2022-10-24,4.350099,5.3925204
2024,2022,Cesar,2022-10-10,3,2022-10-31,4.205096,5.2363286
2024,2022,Cesar,2022-10-10,4,2022-11-07,4.4226003,4.9875007
2024,2022,Cesar,2022-10-17,1,2022-10-24,4.350099,5.3760824
2024,2022,Cesar,2022-10-17,2,2022-10-31,4.205096,5.1439614
2024,2022,Cesar,2022-10-17,3,2022-11-07,4.4226003,5.004737
2024,2022,Cesar,2022-10-17,4,2022-11-14,4.205096,4.8104115
2024,2022,Cesar,2022-10-24,1,2022-10-31,4.205096,5.687652
2024,2022,Cesar,2022-10-24,2,2022-11-07,4.4226003,5.507272
2024,2022,Cesar,2022-10-24,3,2022-11-14,4.205096,5.3034577
2024,2022,Cesar,2022-10-24,4,2022-11-21,4.785109,5.0668225
2024,2022,Cesar,2022-10-31,1,2022-11-07,4.4226003,5.4041457
2024,2022,Cesar,2022-10-31,2,2022-11-14,4.205096,5.1551886
2024,2022,Cesar,2022-10-31,3,2022-11-21,4.785109,5.017063
2024,2022,Cesar,2022-10-31,4,2022-11-28,2.8275642,4.783101
2024,2022,Cesar,2022-11-07,1,2022-11-14,4.205096,5.071518
2024,2022,Cesar,2022-11-07,2,2022-11-21,4.785109,4.8391542
2024,2022,Cesar,2022-11-07,3,2022-11-28,2.8275642,4.7212863
2024,2022,Cesar,2022-11-07,4,2022-12-05,4.277597,4.4871645
2024,2022,Cesar,2022-11-14,1,2022-11-21,4.785109,5.0844717
2024,2022,Cesar,2022-11-14,2,2022-11-28,2.8275642,4.8700666
2024,2022,Cesar,2022-11-14,3,2022-12-05,4.277597,4.7246633
2024,2022,Cesar,2022-11-14,4,2022-12-12,3.915089,4.499069
2024,2022,Cesar,2022-11-21,1,2022-11-28,2.8275642,4.9298944
2024,2022,Cesar,2022-11-21,2,2022-12-05,4.277597,4.674958
2024,2022,Cesar,2022-11-21,3,2022-12-12,3.915089,4.5733256
2024,2022,Cesar,2022-11-21,4,2022-12-19,3.7700856,4.361693
2024,2022,Cesar,2022-11-28,1,2022-12-05,4.277597,5.2604203
2024,2022,Cesar,2022-11-28,2,2022-12-12,3.915089,5.18138
2024,2022,Cesar,2022-11-28,3,2022-12-19,3.7700856,5.018647
2024,2022,Cesar,2022-11-28,4,2022-12-26,2.0300462,4.8974476
2024,2022,Choco,2022-04-18,1,2022-04-25,0.87373185,1.6296105
2024,2022,Choco,2022-04-18,2,2022-05-02,2.7959416,1.6827967
2024,2022,Choco,2022-04-18,3,2022-05-09,2.096956,1.6131407
2024,2022,Choco,2022-04-18,4,2022-05-16,1.5727172,1.635416
2024,2022,Choco,2022-04-25,1,2022-05-02,2.7959416,2.0620153
2024,2022,Choco,2022-04-25,2,2022-05-09,2.096956,2.0605779
2024,2022,Choco,2022-04-25,3,2022-05-16,1.5727172,1.9444975
2024,2022,Choco,2022-04-25,4,2022-05-23,2.096956,1.8953253
2024,2022,Choco,2022-05-02,1,2022-05-09,2.096956,1.6657264
2024,2022,Choco,2022-05-02,2,2022-05-16,1.5727172,1.6994842
2024,2022,Choco,2022-05-02,3,2022-05-23,2.096956,1.5994103
2024,2022,Choco,2022-05-02,4,2022-05-30,3.1454344,1.5986273
2024,2022,Choco,2022-05-09,1,2022-05-16,1.5727172,1.9767333
2024,2022,Choco,2022-05-09,2,2022-05-23,2.096956,2.0388541
2024,2022,Choco,2022-05-09,3,2022-05-30,3.1454344,1.8628367
2024,2022,Choco,2022-05-09,4,2022-06-06,2.4464488,1.8522754
2024,2022,Choco,2022-05-16,1,2022-05-23,2.096956,2.0451088
2024,2022,Choco,2022-05-16,2,2022-05-30,3.1454344,2.0421026
2024,2022,Choco,2022-05-16,3,2022-06-06,2.4464488,1.868799
2024,2022,Choco,2022-05-16,4,2022-06-13,3.320181,1.8200332
2024,2022,Choco,2022-05-23,1,2022-05-30,3.1454344,1.7950348
2024,2022,Choco,2022-05-23,2,2022-06-06,2.4464488,1.8139067
2024,2022,Choco,2022-05-23,3,2022-06-13,3.320181,1.6771924
2024,2022,Choco,2022-05-23,4,2022-06-20,4.0191665,1.65679
2024,2022,Choco,2022-05-30,1,2022-06-06,2.4464488,1.8496295
2024,2022,Choco,2022-05-30,2,2022-06-13,3.320181,1.8816282
2024,2022,Choco,2022-05-30,3,2022-06-20,4.0191665,1.7089356
2024,2022,Choco,2022-05-30,4,2022-06-27,2.7959416,1.6700772
2024,2022,Choco,2022-06-06,1,2022-06-13,3.320181,2.2288125
2024,2022,Choco,2022-06-06,2,2022-06-20,4.0191665,2.2358918
2024,2022,Choco,2022-06-06,3,2022-06-27,2.7959416,2.0291016
2024,2022,Choco,2022-06-06,4,2022-07-04,3.8444197,1.9537872
2024,2022,Choco,2022-06-13,1,2022-06-20,4.0191665,2.2909763
2024,2022,Choco,2022-06-13,2,2022-06-27,2.7959416,2.2693577
2024,2022,Choco,2022-06-13,3,2022-07-04,3.8444197,2.0512261
2024,2022,Choco,2022-06-13,4,2022-07-11,5.9413757,1.9794947
2024,2022,Choco,2022-06-20,1,2022-06-27,2.7959416,2.3613753
2024,2022,Choco,2022-06-20,2,2022-07-04,3.8444197,2.3225727
2024,2022,Choco,2022-06-20,3,2022-07-11,5.9413757,2.092801
2024,2022,Choco,2022-06-20,4,2022-07-18,4.1939125,1.9954152
2024,2022,Choco,2022-06-27,1,2022-07-04,3.8444197,2.682495
2024,2022,Choco,2022-06-27,2,2022-07-11,5.9413757,2.5823631
2024,2022,Choco,2022-06-27,3,2022-07-18,4.1939125,2.3607829
2024,2022,Choco,2022-06-27,4,2022-07-25,4.1939125,2.2261062
2024,2022,Choco,2022-07-04,1,2022-07-11,5.9413757,2.4759662
2024,2022,Choco,2022-07-04,2,2022-07-18,4.1939125,2.3617094
2024,2022,Choco,2022-07-04,3,2022-07-25,4.1939125,2.219161
2024,2022,Choco,2022-07-04,4,2022-08-01,1.3979708,2.0688684
2024,2022,Choco,2022-07-11,1,2022-07-18,4.1939125,2.5864458
2024,2022,Choco,2022-07-11,2,2022-07-25,4.1939125,2.48379
2024,2022,Choco,2022-07-11,3,2022-08-01,1.3979708,2.3033135
2024,2022,Choco,2022-07-11,4,2022-08-08,4.892898,2.1429238
2024,2022,Choco,2022-07-18,1,2022-07-25,4.1939125,3.2537224
2024,2022,Choco,2022-07-18,2,2022-08-01,1.3979708,3.0607595
2024,2022,Choco,2022-07-18,3,2022-08-08,4.892898,2.844122
2024,2022,Choco,2022-07-18,4,2022-08-15,1.9222099,2.6218731
2024,2022,Choco,2022-07-25,1,2022-08-01,1.3979708,3.3107255
2024,2022,Choco,2022-07-25,2,2022-08-08,4.892898,3.0753722
2024,2022,Choco,2022-07-25,3,2022-08-15,1.9222099,2.9037352
2024,2022,Choco,2022-07-25,4,2022-08-22,2.6211953,2.678975
2024,2022,Choco,2022-08-01,1,2022-08-08,4.892898,3.1629388
2024,2022,Choco,2022-08-01,2,2022-08-15,1.9222099,2.9426801
2024,2022,Choco,2022-08-01,3,2022-08-22,2.6211953,2.808552
2024,2022,Choco,2022-08-01,4,2022-08-29,3.1454344,2.5825245
2024,2022,Choco,2022-08-08,1,2022-08-15,1.9222099,2.25158
2024,2022,Choco,2022-08-08,2,2022-08-22,2.6211953,2.0789576
2024,2022,Choco,2022-08-08,3,2022-08-29,3.1454344,2.0788832
2024,2022,Choco,2022-08-08,4,2022-09-05,4.0191665,1.8574603
2024,2022,Choco,2022-08-15,1,2022-08-22,2.6211953,2.777866
2024,2022,Choco,2022-08-15,2,2022-08-29,3.1454344,2.5851152
2024,2022,Choco,2022-08-15,3,2022-09-05,4.0191665,2.5218847
2024,2022,Choco,2022-08-15,4,2022-09-12,4.0191665,2.2728825
2024,2022,Choco,2022-08-22,1,2022-08-29,3.1454344,2.2089236
2024,2022,Choco,2022-08-22,2,2022-09-05,4.0191665,1.9908655
2024,2022,Choco,2022-08-22,3,2022-09-12,4.0191665,1.9996171
2024,2022,Choco,2022-08-22,4,2022-09-19,2.4464488,1.7660338
2024,2022,Choco,2022-08-29,1,2022-09-05,4.0191665,2.0417807
2024,2022,Choco,2022-08-29,2,2022-09-12,4.0191665,1.8602432
2024,2022,Choco,2022-08-29,3,2022-09-19,2.4464488,1.8340615
2024,2022,Choco,2022-08-29,4,2022-09-26,3.8444197,1.6412995
2024,2022,Choco,2022-09-05,1,2022-09-12,4.0191665,2.1776419
2024,2022,Choco,2022-09-05,2,2022-09-19,2.4464488,1.9505942
2024,2022,Choco,2022-09-05,3,2022-09-26,3.8444197,1.9436057
2024,2022,Choco,2022-09-05,4,2022-10-03,2.4464488,1.7268429
2024,2022,Choco,2022-09-12,1,2022-09-19,2.4464488,2.3450747
2024,2022,Choco,2022-09-12,2,2022-09-26,3.8444197,2.092509
2024,2022,Choco,2022-09-12,3,2022-10-03,2.4464488,2.0403662
2024,2022,Choco,2022-09-12,4,2022-10-10,1.7474636,1.831322
2024,2022,Choco,2022-09-19,1,2022-09-26,3.8444197,2.4828832
2024,2022,Choco,2022-09-19,2,2022-10-03,2.4464488,2.2207165
2024,2022,Choco,2022-09-19,3,2022-10-10,1.7474636,2.1732497
2024,2022,Choco,2022-09-19,4,2022-10-17,4.3686585,1.9575863
2024,2022,Choco,2022-09-26,1,2022-10-03,2.4464488,2.1841083
2024,2022,Choco,2022-09-26,2,2022-10-10,1.7474636,1.9614953
2024,2022,Choco,2022-09-26,3,2022-10-17,4.3686585,1.9098511
2024,2022,Choco,2022-09-26,4,2022-10-24,6.989854,1.7316724
2024,2022,Choco,2022-10-03,1,2022-10-10,1.7474636,2.4750664
2024,2022,Choco,2022-10-03,2,2022-10-17,4.3686585,2.246594
2024,2022,Choco,2022-10-03,3,2022-10-24,6.989854,2.1920028
2024,2022,Choco,2022-10-03,4,2022-10-31,3.4949272,1.9758492
2024,2022,Choco,2022-10-10,1,2022-10-17,4.3686585,2.152397
2024,2022,Choco,2022-10-10,2,2022-10-24,6.989854,1.9371243
2024,2022,Choco,2022-10-10,3,2022-10-31,3.4949272,1.9066992
2024,2022,Choco,2022-10-10,4,2022-11-07,3.8444197,1.703317
2024,2022,Choco,2022-10-17,1,2022-10-24,6.989854,1.780129
2024,2022,Choco,2022-10-17,2,2022-10-31,3.4949272,1.6175263
2024,2022,Choco,2022-10-17,3,2022-11-07,3.8444197,1.6106647
2024,2022,Choco,2022-10-17,4,2022-11-14,3.320181,1.4567986
2024,2022,Choco,2022-10-24,1,2022-10-31,3.4949272,2.0543442
2024,2022,Choco,2022-10-24,2,2022-11-07,3.8444197,1.8751166
2024,2022,Choco,2022-10-24,3,2022-11-14,3.320181,1.8602405
2024,2022,Choco,2022-10-24,4,2022-11-21,2.970688,1.6931025
2024,2022,Choco,2022-10-31,1,2022-11-07,3.8444197,3.3245714
2024,2022,Choco,2022-10-31,2,2022-11-14,3.320181,3.104254
2024,2022,Choco,2022-10-31,3,2022-11-21,2.970688,2.976756
2024,2022,Choco,2022-10-31,4,2022-11-28,3.320181,2.8050811
2024,2022,Choco,2022-11-07,1,2022-11-14,3.320181,3.5671644
2024,2022,Choco,2022-11-07,2,2022-11-21,2.970688,3.3440733
2024,2022,Choco,2022-11-07,3,2022-11-28,3.320181,3.2861235
2024,2022,Choco,2022-11-07,4,2022-12-05,2.2717025,3.161285
2024,2022,Choco,2022-11-14,1,2022-11-21,2.970688,3.7676334
2024,2022,Choco,2022-11-14,2,2022-11-28,3.320181,3.5883849
2024,2022,Choco,2022-11-14,3,2022-12-05,2.2717025,3.56054
2024,2022,Choco,2022-11-14,4,2022-12-12,4.1939125,3.4551904
2024,2022,Choco,2022-11-21,1,2022-11-28,3.320181,3.6486135
2024,2022,Choco,2022-11-21,2,2022-12-05,2.2717025,3.5526133
2024,2022,Choco,2022-11-21,3,2022-12-12,4.1939125,3.613153
2024,2022,Choco,2022-11-21,4,2022-12-19,9.261558,3.4741943
2024,2022,Choco,2022-11-28,1,2022-12-05,2.2717025,3.5910177
2024,2022,Choco,2022-11-28,2,2022-12-12,4.1939125,3.599082
2024,2022,Choco,2022-11-28,3,2022-12-19,9.261558,3.6598582
2024,2022,Choco,2022-11-28,4,2022-12-26,3.4949272,3.6016662
2024,2022,Cordoba,2022-04-18,1,2022-04-25,3.02439,1.7775971
2024,2022,Cordoba,2022-04-18,2,2022-05-02,2.294365,1.8005522
2024,2022,Cordoba,2022-04-18,3,2022-05-09,3.076535,1.9345505
2024,2022,Cordoba,2022-04-18,4,2022-05-16,4.58873,2.0210087
2024,2022,Cordoba,2022-04-25,1,2022-05-02,2.294365,2.5060482
2024,2022,Cordoba,2022-04-25,2,2022-05-09,3.076535,2.5174563
2024,2022,Cordoba,2022-04-25,3,2022-05-16,4.58873,2.593105
2024,2022,Cordoba,2022-04-25,4,2022-05-23,4.2237167,2.623706
2024,2022,Cordoba,2022-05-02,1,2022-05-09,3.076535,3.181492
2024,2022,Cordoba,2022-05-02,2,2022-05-16,4.58873,3.155549
2024,2022,Cordoba,2022-05-02,3,2022-05-23,4.2237167,3.18059
2024,2022,Cordoba,2022-05-02,4,2022-05-30,4.7451644,3.1638296
2024,2022,Cordoba,2022-05-09,1,2022-05-16,4.58873,2.9600408
2024,2022,Cordoba,2022-05-09,2,2022-05-23,4.2237167,2.999178
2024,2022,Cordoba,2022-05-09,3,2022-05-30,4.7451644,3.0239735
2024,2022,Cordoba,2022-05-09,4,2022-06-06,4.432296,3.047011
2024,2022,Cordoba,2022-05-16,1,2022-05-23,4.2237167,3.5123048
2024,2022,Cordoba,2022-05-16,2,2022-05-30,4.7451644,3.5402892
2024,2022,Cordoba,2022-05-16,3,2022-06-06,4.432296,3.5775726
2024,2022,Cordoba,2022-05-16,4,2022-06-13,3.180824,3.520983
2024,2022,Cordoba,2022-05-23,1,2022-05-30,4.7451644,4.5062075
2024,2022,Cordoba,2022-05-23,2,2022-06-06,4.432296,4.470009
2024,2022,Cordoba,2022-05-23,3,2022-06-13,3.180824,4.443403
2024,2022,Cordoba,2022-05-23,4,2022-06-20,2.7115223,4.2872157
2024,2022,Cordoba,2022-05-30,1,2022-06-06,4.432296,4.8415394
2024,2022,Cordoba,2022-05-30,2,2022-06-13,3.180824,4.8161287
2024,2022,Cordoba,2022-05-30,3,2022-06-20,2.7115223,4.727293
2024,2022,Cordoba,2022-05-30,4,2022-06-27,3.2851133,4.612704
2024,2022,Cordoba,2022-06-06,1,2022-06-13,3.180824,5.2914734
2024,2022,Cordoba,2022-06-06,2,2022-06-20,2.7115223,5.242587
2024,2022,Cordoba,2022-06-06,3,2022-06-27,3.2851133,5.107234
2024,2022,Cordoba,2022-06-06,4,2022-07-04,5.5794783,4.97345
2024,2022,Cordoba,2022-06-13,1,2022-06-20,2.7115223,5.3812895
2024,2022,Cordoba,2022-06-13,2,2022-06-27,3.2851133,5.2385244
2024,2022,Cordoba,2022-06-13,3,2022-07-04,5.5794783,5.0302663
2024,2022,Cordoba,2022-06-13,4,2022-07-11,5.475189,4.752235
2024,2022,Cordoba,2022-06-20,1,2022-06-27,3.2851133,4.2216954
2024,2022,Cordoba,2022-06-20,2,2022-07-04,5.5794783,4.0351377
2024,2022,Cordoba,2022-06-20,3,2022-07-11,5.475189,3.8774796
2024,2022,Cordoba,2022-06-20,4,2022-07-18,6.0487804,3.6470783
2024,2022,Cordoba,2022-06-27,1,2022-07-04,5.5794783,3.5073092
2024,2022,Cordoba,2022-06-27,2,2022-07-11,5.475189,3.369388
2024,2022,Cordoba,2022-06-27,3,2022-07-18,6.0487804,3.2200139
2024,2022,Cordoba,2022-06-27,4,2022-07-25,6.465937,3.046649
2024,2022,Cordoba,2022-07-04,1,2022-07-11,5.475189,3.3755584
2024,2022,Cordoba,2022-07-04,2,2022-07-18,6.0487804,3.2241743
2024,2022,Cordoba,2022-07-04,3,2022-07-25,6.465937,3.0782094
2024,2022,Cordoba,2022-07-04,4,2022-08-01,6.1009254,2.8849266
2024,2022,Cordoba,2022-07-11,1,2022-07-18,6.0487804,4.3941455
2024,2022,Cordoba,2022-07-11,2,2022-07-25,6.465937,4.170506
2024,2022,Cordoba,2022-07-11,3,2022-08-01,6.1009254,3.9680946
2024,2022,Cordoba,2022-07-11,4,2022-08-08,5.6837673,3.7404048
2024,2022,Cordoba,2022-07-18,1,2022-07-25,6.465937,5.067252
2024,2022,Cordoba,2022-07-18,2,2022-08-01,6.1009254,4.838552
2024,2022,Cordoba,2022-07-18,3,2022-08-08,5.6837673,4.56548
2024,2022,Cordoba,2022-07-18,4,2022-08-15,5.8923464,4.371938
2024,2022,Cordoba,2022-07-25,1,2022-08-01,6.1009254,5.6262007
2024,2022,Cordoba,2022-07-25,2,2022-08-08,5.6837673,5.3678727
2024,2022,Cordoba,2022-07-25,3,2022-08-15,5.8923464,5.05647
2024,2022,Cordoba,2022-07-25,4,2022-08-22,5.735913,4.83943
2024,2022,Cordoba,2022-08-01,1,2022-08-08,5.6837673,6.054739
2024,2022,Cordoba,2022-08-01,2,2022-08-15,5.8923464,5.739814
2024,2022,Cordoba,2022-08-01,3,2022-08-22,5.735913,5.382277
2024,2022,Cordoba,2022-08-01,4,2022-08-29,6.0487804,5.092178
2024,2022,Cordoba,2022-08-08,1,2022-08-15,5.8923464,5.928353
2024,2022,Cordoba,2022-08-08,2,2022-08-22,5.735913,5.644252
2024,2022,Cordoba,2022-08-08,3,2022-08-29,6.0487804,5.286726
2024,2022,Cordoba,2022-08-08,4,2022-09-05,5.0580316,5.0879803
2024,2022,Cordoba,2022-08-15,1,2022-08-22,5.735913,5.9302583
2024,2022,Cordoba,2022-08-15,2,2022-08-29,6.0487804,5.6673846
2024,2022,Cordoba,2022-08-15,3,2022-09-05,5.0580316,5.310301
2024,2022,Cordoba,2022-08-15,4,2022-09-12,4.0151386,5.075251
2024,2022,Cordoba,2022-08-22,1,2022-08-29,6.0487804,6.051181
2024,2022,Cordoba,2022-08-22,2,2022-09-05,5.0580316,5.788194
2024,2022,Cordoba,2022-08-22,3,2022-09-12,4.0151386,5.4202375
2024,2022,Cordoba,2022-08-22,4,2022-09-19,3.8065603,5.1623344
2024,2022,Cordoba,2022-08-29,1,2022-09-05,5.0580316,6.0133104
2024,2022,Cordoba,2022-08-29,2,2022-09-12,4.0151386,5.7130866
2024,2022,Cordoba,2022-08-29,3,2022-09-19,3.8065603,5.373895
2024,2022,Cordoba,2022-08-29,4,2022-09-26,3.4415472,5.1022286
2024,2022,Cordoba,2022-09-05,1,2022-09-12,4.0151386,6.1305647
2024,2022,Cordoba,2022-09-05,2,2022-09-19,3.8065603,5.883382
2024,2022,Cordoba,2022-09-05,3,2022-09-26,3.4415472,5.5147696
2024,2022,Cordoba,2022-09-05,4,2022-10-03,3.4415472,5.2984924
2024,2022,Cordoba,2022-09-12,1,2022-09-19,3.8065603,5.6877203
2024,2022,Cordoba,2022-09-12,2,2022-09-26,3.4415472,5.456298
2024,2022,Cordoba,2022-09-12,3,2022-10-03,3.4415472,5.1313376
2024,2022,Cordoba,2022-09-12,4,2022-10-10,3.232969,4.9042373
2024,2022,Cordoba,2022-09-19,1,2022-09-26,3.4415472,4.9425707
2024,2022,Cordoba,2022-09-19,2,2022-10-03,3.4415472,4.7200813
2024,2022,Cordoba,2022-09-19,3,2022-10-10,3.232969,4.4878006
2024,2022,Cordoba,2022-09-19,4,2022-10-17,3.4415472,4.294133
2024,2022,Cordoba,2022-09-26,1,2022-10-03,3.4415472,4.5778074
2024,2022,Cordoba,2022-09-26,2,2022-10-10,3.232969,4.3964157
2024,2022,Cordoba,2022-09-26,3,2022-10-17,3.4415472,4.1801057
2024,2022,Cordoba,2022-09-26,4,2022-10-24,3.8065603,4.028165
2024,2022,Cordoba,2022-10-03,1,2022-10-10,3.232969,4.3598423
2024,2022,Cordoba,2022-10-03,2,2022-10-17,3.4415472,4.193038
2024,2022,Cordoba,2022-10-03,3,2022-10-24,3.8065603,3.9880488
2024,2022,Cordoba,2022-10-03,4,2022-10-31,3.4415472,3.8236709
2024,2022,Cordoba,2022-10-10,1,2022-10-17,3.4415472,4.105142
2024,2022,Cordoba,2022-10-10,2,2022-10-24,3.8065603,3.9372308
2024,2022,Cordoba,2022-10-10,3,2022-10-31,3.4415472,3.7351174
2024,2022,Cordoba,2022-10-10,4,2022-11-07,4.0151386,3.594363
2024,2022,Cordoba,2022-10-17,1,2022-10-24,3.8065603,3.8653808
2024,2022,Cordoba,2022-10-17,2,2022-10-31,3.4415472,3.6697264
2024,2022,Cordoba,2022-10-17,3,2022-11-07,4.0151386,3.4960012
2024,2022,Cordoba,2022-10-17,4,2022-11-14,2.9201007,3.36213
2024,2022,Cordoba,2022-10-24,1,2022-10-31,3.4415472,3.8280072
2024,2022,Cordoba,2022-10-24,2,2022-11-07,4.0151386,3.6364517
2024,2022,Cordoba,2022-10-24,3,2022-11-14,2.9201007,3.4755418
2024,2022,Cordoba,2022-10-24,4,2022-11-21,2.7115223,3.3519487
2024,2022,Cordoba,2022-10-31,1,2022-11-07,4.0151386,3.9829597
2024,2022,Cordoba,2022-10-31,2,2022-11-14,2.9201007,3.7977107
2024,2022,Cordoba,2022-10-31,3,2022-11-21,2.7115223,3.6345117
2024,2022,Cordoba,2022-10-31,4,2022-11-28,3.180824,3.4816024
2024,2022,Cordoba,2022-11-07,1,2022-11-14,2.9201007,3.8679926
2024,2022,Cordoba,2022-11-07,2,2022-11-21,2.7115223,3.6932237
2024,2022,Cordoba,2022-11-07,3,2022-11-28,3.180824,3.5719972
2024,2022,Cordoba,2022-11-07,4,2022-12-05,2.398654,3.4325733
2024,2022,Cordoba,2022-11-14,1,2022-11-21,2.7115223,4.059838
2024,2022,Cordoba,2022-11-14,2,2022-11-28,3.180824,3.9075701
2024,2022,Cordoba,2022-11-14,3,2022-12-05,2.398654,3.8034499
2024,2022,Cordoba,2022-11-14,4,2022-12-12,3.650126,3.6759598
2024,2022,Cordoba,2022-11-21,1,2022-11-28,3.180824,3.787588
2024,2022,Cordoba,2022-11-21,2,2022-12-05,2.398654,3.661586
2024,2022,Cordoba,2022-11-21,3,2022-12-12,3.650126,3.6211274
2024,2022,Cordoba,2022-11-21,4,2022-12-19,2.0336416,3.5138412
2024,2022,Cordoba,2022-11-28,1,2022-12-05,2.398654,3.4643188
2024,2022,Cordoba,2022-11-28,2,2022-12-12,3.650126,3.4120786
2024,2022,Cordoba,2022-11-28,3,2022-12-19,2.0336416,3.379891
2024,2022,Cordoba,2022-11-28,4,2022-12-26,3.076535,3.3444586
2024,2022,Cundinamarca,2022-04-18,1,2022-04-25,0.33166665,0.21678972
2024,2022,Cundinamarca,2022-04-18,2,2022-05-02,0.15075757,0.208954
2024,2022,Cundinamarca,2022-04-18,3,2022-05-09,0.48242426,0.24985602
2024,2022,Cundinamarca,2022-04-18,4,2022-05-16,0.1809091,0.26037502
2024,2022,Cundinamarca,2022-04-25,1,2022-05-02,0.15075757,0.22899833
2024,2022,Cundinamarca,2022-04-25,2,2022-05-09,0.48242426,0.20380466
2024,2022,Cundinamarca,2022-04-25,3,2022-05-16,0.1809091,0.24090691
2024,2022,Cundinamarca,2022-04-25,4,2022-05-23,0.12060606,0.23879781
2024,2022,Cundinamarca,2022-05-02,1,2022-05-09,0.48242426,0.2707255
2024,2022,Cundinamarca,2022-05-02,2,2022-05-16,0.1809091,0.24676089
2024,2022,Cundinamarca,2022-05-02,3,2022-05-23,0.12060606,0.2825975
2024,2022,Cundinamarca,2022-05-02,4,2022-05-30,0.3919697,0.27216995
2024,2022,Cundinamarca,2022-05-09,1,2022-05-16,0.1809091,0.20206721
2024,2022,Cundinamarca,2022-05-09,2,2022-05-23,0.12060606,0.19816405
2024,2022,Cundinamarca,2022-05-09,3,2022-05-30,0.3919697,0.22405371
2024,2022,Cundinamarca,2022-05-09,4,2022-06-06,0.2110606,0.24764399
2024,2022,Cundinamarca,2022-05-16,1,2022-05-23,0.12060606,0.292958
2024,2022,Cundinamarca,2022-05-16,2,2022-05-30,0.3919697,0.28013217
2024,2022,Cundinamarca,2022-05-16,3,2022-06-06,0.2110606,0.3062089
2024,2022,Cundinamarca,2022-05-16,4,2022-06-13,0.1809091,0.32401648
2024,2022,Cundinamarca,2022-05-23,1,2022-05-30,0.3919697,0.30455783
2024,2022,Cundinamarca,2022-05-23,2,2022-06-06,0.2110606,0.2902814
2024,2022,Cundinamarca,2022-05-23,3,2022-06-13,0.1809091,0.3190011
2024,2022,Cundinamarca,2022-05-23,4,2022-06-20,0.15075757,0.33083457
2024,2022,Cundinamarca,2022-05-30,1,2022-06-06,0.2110606,0.23937628
2024,2022,Cundinamarca,2022-05-30,2,2022-06-13,0.1809091,0.23949562
2024,2022,Cundinamarca,2022-05-30,3,2022-06-20,0.15075757,0.26300102
2024,2022,Cundinamarca,2022-05-30,4,2022-06-27,0.15075757,0.29555196
2024,2022,Cundinamarca,2022-06-06,1,2022-06-13,0.1809091,0.33669505
2024,2022,Cundinamarca,2022-06-06,2,2022-06-20,0.15075757,0.3342157
2024,2022,Cundinamarca,2022-06-06,3,2022-06-27,0.15075757,0.34927845
2024,2022,Cundinamarca,2022-06-06,4,2022-07-04,0.1809091,0.36455697
2024,2022,Cundinamarca,2022-06-13,1,2022-06-20,0.15075757,0.32660255
2024,2022,Cundinamarca,2022-06-13,2,2022-06-27,0.15075757,0.31762078
2024,2022,Cundinamarca,2022-06-13,3,2022-07-04,0.1809091,0.34414163
2024,2022,Cundinamarca,2022-06-13,4,2022-07-11,0.24121211,0.34290123
2024,2022,Cundinamarca,2022-06-20,1,2022-06-27,0.15075757,0.3074373
2024,2022,Cundinamarca,2022-06-20,2,2022-07-04,0.1809091,0.3066695
2024,2022,Cundinamarca,2022-06-20,3,2022-07-11,0.24121211,0.32850164
2024,2022,Cundinamarca,2022-06-20,4,2022-07-18,0.27136362,0.34100896
2024,2022,Cundinamarca,2022-06-27,1,2022-07-04,0.1809091,0.27814668
2024,2022,Cundinamarca,2022-06-27,2,2022-07-11,0.24121211,0.27587327
2024,2022,Cundinamarca,2022-06-27,3,2022-07-18,0.27136362,0.29236865
2024,2022,Cundinamarca,2022-06-27,4,2022-07-25,0.27136362,0.29013145
2024,2022,Cundinamarca,2022-07-04,1,2022-07-11,0.24121211,0.2723233
2024,2022,Cundinamarca,2022-07-04,2,2022-07-18,0.27136362,0.27795184
2024,2022,Cundinamarca,2022-07-04,3,2022-07-25,0.27136362,0.29229864
2024,2022,Cundinamarca,2022-07-04,4,2022-08-01,0.27136362,0.29886812
2024,2022,Cundinamarca,2022-07-11,1,2022-07-18,0.27136362,0.24146459
2024,2022,Cundinamarca,2022-07-11,2,2022-07-25,0.27136362,0.245005
2024,2022,Cundinamarca,2022-07-11,3,2022-08-01,0.27136362,0.2524326
2024,2022,Cundinamarca,2022-07-11,4,2022-08-08,0.24121211,0.26285338
2024,2022,Cundinamarca,2022-07-18,1,2022-07-25,0.27136362,0.23856899
2024,2022,Cundinamarca,2022-07-18,2,2022-08-01,0.27136362,0.25252756
2024,2022,Cundinamarca,2022-07-18,3,2022-08-08,0.24121211,0.2483647
2024,2022,Cundinamarca,2022-07-18,4,2022-08-15,0.1809091,0.27287602
2024,2022,Cundinamarca,2022-07-25,1,2022-08-01,0.27136362,0.2490123
2024,2022,Cundinamarca,2022-07-25,2,2022-08-08,0.24121211,0.2531205
2024,2022,Cundinamarca,2022-07-25,3,2022-08-15,0.1809091,0.2557637
2024,2022,Cundinamarca,2022-07-25,4,2022-08-22,0.42212117,0.26074985
2024,2022,Cundinamarca,2022-08-01,1,2022-08-08,0.24121211,0.24618699
2024,2022,Cundinamarca,2022-08-01,2,2022-08-15,0.1809091,0.24732858
2024,2022,Cundinamarca,2022-08-01,3,2022-08-22,0.42212117,0.24942282
2024,2022,Cundinamarca,2022-08-01,4,2022-08-29,0.48242426,0.2506871
2024,2022,Cundinamarca,2022-08-08,1,2022-08-15,0.1809091,0.27100766
2024,2022,Cundinamarca,2022-08-08,2,2022-08-22,0.42212117,0.26955894
2024,2022,Cundinamarca,2022-08-08,3,2022-08-29,0.48242426,0.27764288
2024,2022,Cundinamarca,2022-08-08,4,2022-09-05,0.4522727,0.26445395
2024,2022,Cundinamarca,2022-08-15,1,2022-08-22,0.42212117,0.275254
2024,2022,Cundinamarca,2022-08-15,2,2022-08-29,0.48242426,0.28893197
2024,2022,Cundinamarca,2022-08-15,3,2022-09-05,0.4522727,0.28781796
2024,2022,Cundinamarca,2022-08-15,4,2022-09-12,0.4522727,0.2790213
2024,2022,Cundinamarca,2022-08-22,1,2022-08-29,0.48242426,0.26225147
2024,2022,Cundinamarca,2022-08-22,2,2022-09-05,0.4522727,0.2796493
2024,2022,Cundinamarca,2022-08-22,3,2022-09-12,0.4522727,0.27109322
2024,2022,Cundinamarca,2022-08-22,4,2022-09-19,0.48242426,0.2733058
2024,2022,Cundinamarca,2022-08-29,1,2022-09-05,0.4522727,0.33193135
2024,2022,Cundinamarca,2022-08-29,2,2022-09-12,0.4522727,0.33906814
2024,2022,Cundinamarca,2022-08-29,3,2022-09-19,0.48242426,0.32754895
2024,2022,Cundinamarca,2022-08-29,4,2022-09-26,0.4522727,0.33434746
2024,2022,Cundinamarca,2022-09-05,1,2022-09-12,0.4522727,0.3360011
2024,2022,Cundinamarca,2022-09-05,2,2022-09-19,0.48242426,0.35344717
2024,2022,Cundinamarca,2022-09-05,3,2022-09-26,0.4522727,0.34201404
2024,2022,Cundinamarca,2022-09-05,4,2022-10-03,0.36181816,0.34331873
2024,2022,Cundinamarca,2022-09-12,1,2022-09-19,0.48242426,0.37772307
2024,2022,Cundinamarca,2022-09-12,2,2022-09-26,0.4522727,0.39417624
2024,2022,Cundinamarca,2022-09-12,3,2022-10-03,0.36181816,0.38408047
2024,2022,Cundinamarca,2022-09-12,4,2022-10-10,0.3919697,0.38299364
2024,2022,Cundinamarca,2022-09-19,1,2022-09-26,0.4522727,0.4066814
2024,2022,Cundinamarca,2022-09-19,2,2022-10-03,0.36181816,0.41851744
2024,2022,Cundinamarca,2022-09-19,3,2022-10-10,0.3919697,0.41562027
2024,2022,Cundinamarca,2022-09-19,4,2022-10-17,0.78393936,0.4029795
2024,2022,Cundinamarca,2022-09-26,1,2022-10-03,0.36181816,0.4109788
2024,2022,Cundinamarca,2022-09-26,2,2022-10-10,0.3919697,0.4328695
2024,2022,Cundinamarca,2022-09-26,3,2022-10-17,0.78393936,0.42993432
2024,2022,Cundinamarca,2022-09-26,4,2022-10-24,0.36181816,0.4270982
2024,2022,Cundinamarca,2022-10-03,1,2022-10-10,0.3919697,0.40626633
2024,2022,Cundinamarca,2022-10-03,2,2022-10-17,0.78393936,0.4410393
2024,2022,Cundinamarca,2022-10-03,3,2022-10-24,0.36181816,0.4362196
2024,2022,Cundinamarca,2022-10-03,4,2022-10-31,0.7537879,0.44498393
2024,2022,Cundinamarca,2022-10-10,1,2022-10-17,0.78393936,0.38550803
2024,2022,Cundinamarca,2022-10-10,2,2022-10-24,0.36181816,0.4245032
2024,2022,Cundinamarca,2022-10-10,3,2022-10-31,0.7537879,0.41866165
2024,2022,Cundinamarca,2022-10-10,4,2022-11-07,0.3919697,0.43330106
2024,2022,Cundinamarca,2022-10-17,1,2022-10-24,0.36181816,0.39895794
2024,2022,Cundinamarca,2022-10-17,2,2022-10-31,0.7537879,0.42124376
2024,2022,Cundinamarca,2022-10-17,3,2022-11-07,0.3919697,0.42375892
2024,2022,Cundinamarca,2022-10-17,4,2022-11-14,0.51257575,0.43437642
2024,2022,Cundinamarca,2022-10-24,1,2022-10-31,0.7537879,0.4679823
2024,2022,Cundinamarca,2022-10-24,2,2022-11-07,0.3919697,0.48968622
2024,2022,Cundinamarca,2022-10-24,3,2022-11-14,0.51257575,0.4959378
2024,2022,Cundinamarca,2022-10-24,4,2022-11-21,0.48242426,0.51788753
2024,2022,Cundinamarca,2022-10-31,1,2022-11-07,0.3919697,0.4705907
2024,2022,Cundinamarca,2022-10-31,2,2022-11-14,0.51257575,0.45501193
2024,2022,Cundinamarca,2022-10-31,3,2022-11-21,0.48242426,0.46873274
2024,2022,Cundinamarca,2022-10-31,4,2022-11-28,0.7537879,0.47967604
2024,2022,Cundinamarca,2022-11-07,1,2022-11-14,0.51257575,0.49932596
2024,2022,Cundinamarca,2022-11-07,2,2022-11-21,0.48242426,0.50668484
2024,2022,Cundinamarca,2022-11-07,3,2022-11-28,0.7537879,0.5182524
2024,2022,Cundinamarca,2022-11-07,4,2022-12-05,0.6331818,0.5567659
2024,2022,Cundinamarca,2022-11-14,1,2022-11-21,0.48242426,0.45980546
2024,2022,Cundinamarca,2022-11-14,2,2022-11-28,0.7537879,0.47612202
2024,2022,Cundinamarca,2022-11-14,3,2022-12-05,0.6331818,0.48367983
2024,2022,Cundinamarca,2022-11-14,4,2022-12-12,1.0251515,0.54160446
2024,2022,Cundinamarca,2022-11-21,1,2022-11-28,0.7537879,0.4961583
2024,2022,Cundinamarca,2022-11-21,2,2022-12-05,0.6331818,0.48766494
2024,2022,Cundinamarca,2022-11-21,3,2022-12-12,1.0251515,0.5170643
2024,2022,Cundinamarca,2022-11-21,4,2022-12-19,1.2362121,0.6160346
2024,2022,Cundinamarca,2022-11-28,1,2022-12-05,0.6331818,0.49705812
2024,2022,Cundinamarca,2022-11-28,2,2022-12-12,1.0251515,0.52692616
2024,2022,Cundinamarca,2022-11-28,3,2022-12-19,1.2362121,0.5448899
2024,2022,Cundinamarca,2022-11-28,4,2022-12-26,1.2663636,0.6394621
2024,2022,Guainia,2022-04-18,1,2022-04-25,5.4417825,2.2400286
2024,2022,Guainia,2022-04-18,2,2022-05-02,0.0,2.0118878
2024,2022,Guainia,2022-04-18,3,2022-05-09,3.6278546,2.121899
2024,2022,Guainia,2022-04-18,4,2022-05-16,1.8139275,1.9278255
2024,2022,Guainia,2022-04-25,1,2022-05-02,0.0,3.5079105
2024,2022,Guainia,2022-04-25,2,2022-05-09,3.6278546,3.2169452
2024,2022,Guainia,2022-04-25,3,2022-05-16,1.8139275,3.142864
2024,2022,Guainia,2022-04-25,4,2022-05-23,0.0,2.9908915
2024,2022,Guainia,2022-05-02,1,2022-05-09,3.6278546,3.6362247
2024,2022,Guainia,2022-05-02,2,2022-05-16,1.8139275,3.4521217
2024,2022,Guainia,2022-05-02,3,2022-05-23,0.0,3.027206
2024,2022,Guainia,2022-05-02,4,2022-05-30,0.0,3.0353987
2024,2022,Guainia,2022-05-09,1,2022-05-16,1.8139275,2.1443288
2024,2022,Guainia,2022-05-09,2,2022-05-23,0.0,1.9999129
2024,2022,Guainia,2022-05-09,3,2022-05-30,0.0,1.8460618
2024,2022,Guainia,2022-05-09,4,2022-06-06,7.2557087,1.7777182
2024,2022,Guainia,2022-05-16,1,2022-05-23,0.0,1.6101644
2024,2022,Guainia,2022-05-16,2,2022-05-30,0.0,1.6772147
2024,2022,Guainia,2022-05-16,3,2022-06-06,7.2557087,1.2740648
2024,2022,Guainia,2022-05-16,4,2022-06-13,7.2557087,1.3025001
2024,2022,Guainia,2022-05-23,1,2022-05-30,0.0,1.3915111
2024,2022,Guainia,2022-05-23,2,2022-06-06,7.2557087,1.246844
2024,2022,Guainia,2022-05-23,3,2022-06-13,7.2557087,1.131606
2024,2022,Guainia,2022-05-23,4,2022-06-20,9.069635,1.0924523
2024,2022,Guainia,2022-05-30,1,2022-06-06,7.2557087,1.0072645
2024,2022,Guainia,2022-05-30,2,2022-06-13,7.2557087,0.9604329
2024,2022,Guainia,2022-05-30,3,2022-06-20,9.069635,0.85804737
2024,2022,Guainia,2022-05-30,4,2022-06-27,1.8139275,0.81496555
2024,2022,Guainia,2022-06-06,1,2022-06-13,7.2557087,0.7631222
2024,2022,Guainia,2022-06-06,2,2022-06-20,9.069635,0.73819983
2024,2022,Guainia,2022-06-06,3,2022-06-27,1.8139275,0.6608438
2024,2022,Guainia,2022-06-06,4,2022-07-04,1.8139275,0.57652134
2024,2022,Guainia,2022-06-13,1,2022-06-20,9.069635,1.9624106
2024,2022,Guainia,2022-06-13,2,2022-06-27,1.8139275,1.928526
2024,2022,Guainia,2022-06-13,3,2022-07-04,1.8139275,1.5916394
2024,2022,Guainia,2022-06-13,4,2022-07-11,1.8139275,1.5488483
2024,2022,Guainia,2022-06-20,1,2022-06-27,1.8139275,2.8862364
2024,2022,Guainia,2022-06-20,2,2022-07-04,1.8139275,2.5986342
2024,2022,Guainia,2022-06-20,3,2022-07-11,1.8139275,2.2568784
2024,2022,Guainia,2022-06-20,4,2022-07-18,5.4417825,2.187896
2024,2022,Guainia,2022-06-27,1,2022-07-04,1.8139275,2.9889827
2024,2022,Guainia,2022-06-27,2,2022-07-11,1.8139275,2.6228292
2024,2022,Guainia,2022-06-27,3,2022-07-18,5.4417825,2.209994
2024,2022,Guainia,2022-06-27,4,2022-07-25,1.8139275,2.153656
2024,2022,Guainia,2022-07-04,1,2022-07-11,1.8139275,2.1437333
2024,2022,Guainia,2022-07-04,2,2022-07-18,5.4417825,1.896448
2024,2022,Guainia,2022-07-04,3,2022-07-25,1.8139275,1.7203082
2024,2022,Guainia,2022-07-04,4,2022-08-01,1.8139275,1.6105705
2024,2022,Guainia,2022-07-11,1,2022-07-18,5.4417825,1.3604199
2024,2022,Guainia,2022-07-11,2,2022-07-25,1.8139275,1.3539878
2024,2022,Guainia,2022-07-11,3,2022-08-01,1.8139275,1.1720965
2024,2022,Guainia,2022-07-11,4,2022-08-08,1.8139275,1.2189049
2024,2022,Guainia,2022-07-18,1,2022-07-25,1.8139275,1.0263009
2024,2022,Guainia,2022-07-18,2,2022-08-01,1.8139275,0.95289594
2024,2022,Guainia,2022-07-18,3,2022-08-08,1.8139275,0.87623227
2024,2022,Guainia,2022-07-18,4,2022-08-15,0.0,0.77805686
2024,2022,Guainia,2022-07-25,1,2022-08-01,1.8139275,1.2056905
2024,2022,Guainia,2022-07-25,2,2022-08-08,1.8139275,1.0899287
2024,2022,Guainia,2022-07-25,3,2022-08-15,0.0,0.9428092
2024,2022,Guainia,2022-07-25,4,2022-08-22,1.8139275,0.8994529
2024,2022,Guainia,2022-08-01,1,2022-08-08,1.8139275,1.1900039
2024,2022,Guainia,2022-08-01,2,2022-08-15,0.0,1.0187057
2024,2022,Guainia,2022-08-01,3,2022-08-22,1.8139275,0.98873365
2024,2022,Guainia,2022-08-01,4,2022-08-29,1.8139275,0.8966823
2024,2022,Guainia,2022-08-08,1,2022-08-15,0.0,1.0519757
2024,2022,Guainia,2022-08-08,2,2022-08-22,1.8139275,0.97235227
2024,2022,Guainia,2022-08-08,3,2022-08-29,1.8139275,0.88785475
2024,2022,Guainia,2022-08-08,4,2022-09-05,0.0,0.7828059
2024,2022,Guainia,2022-08-15,1,2022-08-22,1.8139275,1.0457712
2024,2022,Guainia,2022-08-15,2,2022-08-29,1.8139275,0.8929959
2024,2022,Guainia,2022-08-15,3,2022-09-05,0.0,0.9152837
2024,2022,Guainia,2022-08-15,4,2022-09-12,3.6278546,0.8148088
2024,2022,Guainia,2022-08-22,1,2022-08-29,1.8139275,0.7240894
2024,2022,Guainia,2022-08-22,2,2022-09-05,0.0,0.66471785
2024,2022,Guainia,2022-08-22,3,2022-09-12,3.6278546,0.62298393
2024,2022,Guainia,2022-08-22,4,2022-09-19,3.6278546,0.53729796
2024,2022,Guainia,2022-08-29,1,2022-09-05,0.0,0.85511965
2024,2022,Guainia,2022-08-29,2,2022-09-12,3.6278546,0.76966244
2024,2022,Guainia,2022-08-29,3,2022-09-19,3.6278546,0.71205753
2024,2022,Guainia,2022-08-29,4,2022-09-26,1.8139275,0.62037957
2024,2022,Guainia,2022-09-05,1,2022-09-12,3.6278546,0.9586238
2024,2022,Guainia,2022-09-05,2,2022-09-19,3.6278546,0.8578569
2024,2022,Guainia,2022-09-05,3,2022-09-26,1.8139275,0.80878687
2024,2022,Guainia,2022-09-05,4,2022-10-03,1.8139275,0.71883786
2024,2022,Guainia,2022-09-12,1,2022-09-19,3.6278546,0.87759817
2024,2022,Guainia,2022-09-12,2,2022-09-26,1.8139275,0.80062175
2024,2022,Guainia,2022-09-12,3,2022-10-03,1.8139275,0.78110605
2024,2022,Guainia,2022-09-12,4,2022-10-10,3.6278546,0.71131223
2024,2022,Guainia,2022-09-19,1,2022-09-26,1.8139275,0.91904515
2024,2022,Guainia,2022-09-19,2,2022-10-03,1.8139275,0.8229828
2024,2022,Guainia,2022-09-19,3,2022-10-10,3.6278546,0.7598886
2024,2022,Guainia,2022-09-19,4,2022-10-17,0.0,0.69370145
2024,2022,Guainia,2022-09-26,1,2022-10-03,1.8139275,1.2002488
2024,2022,Guainia,2022-09-26,2,2022-10-10,3.6278546,1.0388893
2024,2022,Guainia,2022-09-26,3,2022-10-17,0.0,0.9385403
2024,2022,Guainia,2022-09-26,4,2022-10-24,0.0,0.869049
2024,2022,Guainia,2022-10-03,1,2022-10-10,3.6278546,1.1085527
2024,2022,Guainia,2022-10-03,2,2022-10-17,0.0,1.00783
2024,2022,Guainia,2022-10-03,3,2022-10-24,0.0,0.9356638
2024,2022,Guainia,2022-10-03,4,2022-10-31,0.0,0.90030384
2024,2022,Guainia,2022-10-10,1,2022-10-17,0.0,1.1140354
2024,2022,Guainia,2022-10-10,2,2022-10-24,0.0,1.0631121
2024,2022,Guainia,2022-10-10,3,2022-10-31,0.0,1.0282744
2024,2022,Guainia,2022-10-10,4,2022-11-07,3.6278546,0.974608
2024,2022,Guainia,2022-10-17,1,2022-10-24,0.0,1.4129711
2024,2022,Guainia,2022-10-17,2,2022-10-31,0.0,1.3472357
2024,2022,Guainia,2022-10-17,3,2022-11-07,3.6278546,1.3148903
2024,2022,Guainia,2022-10-17,4,2022-11-14,0.0,1.2811656
2024,2022,Guainia,2022-10-24,1,2022-10-31,0.0,1.2397219
2024,2022,Guainia,2022-10-24,2,2022-11-07,3.6278546,1.2450967
2024,2022,Guainia,2022-10-24,3,2022-11-14,0.0,1.3085643
2024,2022,Guainia,2022-10-24,4,2022-11-21,0.0,1.303521
2024,2022,Guainia,2022-10-31,1,2022-11-07,3.6278546,0.92437494
2024,2022,Guainia,2022-10-31,2,2022-11-14,0.0,0.9905401
2024,2022,Guainia,2022-10-31,3,2022-11-21,0.0,1.0879561
2024,2022,Guainia,2022-10-31,4,2022-11-28,0.0,1.0621351
2024,2022,Guainia,2022-11-07,1,2022-11-14,0.0,0.88836926
2024,2022,Guainia,2022-11-07,2,2022-11-21,0.0,0.93111557
2024,2022,Guainia,2022-11-07,3,2022-11-28,0.0,1.050921
2024,2022,Guainia,2022-11-07,4,2022-12-05,0.0,1.0400903
2024,2022,Guainia,2022-11-14,1,2022-11-21,0.0,1.2854617
2024,2022,Guainia,2022-11-14,2,2022-11-28,0.0,1.2992902
2024,2022,Guainia,2022-11-14,3,2022-12-05,0.0,1.3444653
2024,2022,Guainia,2022-11-14,4,2022-12-12,0.0,1.3879905
2024,2022,Guainia,2022-11-21,1,2022-11-28,0.0,1.0949115
2024,2022,Guainia,2022-11-21,2,2022-12-05,0.0,1.0993615
2024,2022,Guainia,2022-11-21,3,2022-12-12,0.0,1.1650603
2024,2022,Guainia,2022-11-21,4,2022-12-19,0.0,1.2046208
2024,2022,Guainia,2022-11-28,1,2022-12-05,0.0,0.78120077
2024,2022,Guainia,2022-11-28,2,2022-12-12,0.0,0.84362423
2024,2022,Guainia,2022-11-28,3,2022-12-19,0.0,0.92544657
2024,2022,Guainia,2022-11-28,4,2022-12-26,0.0,0.9776059
2024,2022,Guajira,2022-04-18,1,2022-04-25,2.0842016,3.1566336
2024,2022,Guajira,2022-04-18,2,2022-05-02,2.3819447,3.1441495
2024,2022,Guajira,2022-04-18,3,2022-05-09,2.9774308,3.1591346
2024,2022,Guajira,2022-04-18,4,2022-05-16,4.6646423,3.1539319
2024,2022,Guajira,2022-04-25,1,2022-05-02,2.3819447,3.3104236
2024,2022,Guajira,2022-04-25,2,2022-05-09,2.9774308,3.3154032
2024,2022,Guajira,2022-04-25,3,2022-05-16,4.6646423,3.3609083
2024,2022,Guajira,2022-04-25,4,2022-05-23,2.7789357,3.3853736
2024,2022,Guajira,2022-05-02,1,2022-05-09,2.9774308,2.655444
2024,2022,Guajira,2022-05-02,2,2022-05-16,4.6646423,2.647725
2024,2022,Guajira,2022-05-02,3,2022-05-23,2.7789357,2.7102263
2024,2022,Guajira,2022-05-02,4,2022-05-30,3.2751741,2.7224057
2024,2022,Guajira,2022-05-09,1,2022-05-16,4.6646423,2.6724813
2024,2022,Guajira,2022-05-09,2,2022-05-23,2.7789357,2.7511337
2024,2022,Guajira,2022-05-09,3,2022-05-30,3.2751741,2.8412955
2024,2022,Guajira,2022-05-09,4,2022-06-06,5.6571193,2.8932335
2024,2022,Guajira,2022-05-16,1,2022-05-23,2.7789357,3.320189
2024,2022,Guajira,2022-05-16,2,2022-05-30,3.2751741,3.361789
2024,2022,Guajira,2022-05-16,3,2022-06-06,5.6571193,3.436653
2024,2022,Guajira,2022-05-16,4,2022-06-13,4.6646423,3.4427736
2024,2022,Guajira,2022-05-23,1,2022-05-30,3.2751741,4.53244
2024,2022,Guajira,2022-05-23,2,2022-06-06,5.6571193,4.5230246
2024,2022,Guajira,2022-05-23,3,2022-06-13,4.6646423,4.498258
2024,2022,Guajira,2022-05-23,4,2022-06-20,3.8706605,4.4822307
2024,2022,Guajira,2022-05-30,1,2022-06-06,5.6571193,4.1058083
2024,2022,Guajira,2022-05-30,2,2022-06-13,4.6646423,4.0961256
2024,2022,Guajira,2022-05-30,3,2022-06-20,3.8706605,4.09783
2024,2022,Guajira,2022-05-30,4,2022-06-27,4.6646423,4.0786853
2024,2022,Guajira,2022-06-06,1,2022-06-13,4.6646423,3.8615913
2024,2022,Guajira,2022-06-06,2,2022-06-20,3.8706605,3.8637164
2024,2022,Guajira,2022-06-06,3,2022-06-27,4.6646423,3.825251
2024,2022,Guajira,2022-06-06,4,2022-07-04,5.7563667,3.8458822
2024,2022,Guajira,2022-06-13,1,2022-06-20,3.8706605,5.1934295
2024,2022,Guajira,2022-06-13,2,2022-06-27,4.6646423,5.0956473
2024,2022,Guajira,2022-06-13,3,2022-07-04,5.7563667,5.012931
2024,2022,Guajira,2022-06-13,4,2022-07-11,5.855614,4.89928
2024,2022,Guajira,2022-06-20,1,2022-06-27,4.6646423,5.2792487
2024,2022,Guajira,2022-06-20,2,2022-07-04,5.7563667,5.1140594
2024,2022,Guajira,2022-06-20,3,2022-07-11,5.855614,5.013663
2024,2022,Guajira,2022-06-20,4,2022-07-18,5.557871,4.9119296
2024,2022,Guajira,2022-06-27,1,2022-07-04,5.7563667,4.773801
2024,2022,Guajira,2022-06-27,2,2022-07-11,5.855614,4.680865
2024,2022,Guajira,2022-06-27,3,2022-07-18,5.557871,4.6026278
2024,2022,Guajira,2022-06-27,4,2022-07-25,6.4511013,4.571129
2024,2022,Guajira,2022-07-04,1,2022-07-11,5.855614,5.2462807
2024,2022,Guajira,2022-07-04,2,2022-07-18,5.557871,5.0892496
2024,2022,Guajira,2022-07-04,3,2022-07-25,6.4511013,4.91626
2024,2022,Guajira,2022-07-04,4,2022-08-01,6.550349,4.7160544
2024,2022,Guajira,2022-07-11,1,2022-07-18,5.557871,6.011298
2024,2022,Guajira,2022-07-11,2,2022-07-25,6.4511013,5.7647886
2024,2022,Guajira,2022-07-11,3,2022-08-01,6.550349,5.5149546
2024,2022,Guajira,2022-07-11,4,2022-08-08,4.962385,5.267096
2024,2022,Guajira,2022-07-18,1,2022-07-25,6.4511013,6.287793
2024,2022,Guajira,2022-07-18,2,2022-08-01,6.550349,6.0141673
2024,2022,Guajira,2022-07-18,3,2022-08-08,4.962385,5.756637
2024,2022,Guajira,2022-07-18,4,2022-08-15,5.458624,5.589673
2024,2022,Guajira,2022-07-25,1,2022-08-01,6.550349,6.3321466
2024,2022,Guajira,2022-07-25,2,2022-08-08,4.962385,6.0264974
2024,2022,Guajira,2022-07-25,3,2022-08-15,5.458624,5.7166557
2024,2022,Guajira,2022-07-25,4,2022-08-22,3.8706605,5.4707417
2024,2022,Guajira,2022-08-01,1,2022-08-08,4.962385,6.5959163
2024,2022,Guajira,2022-08-01,2,2022-08-15,5.458624,6.266756
2024,2022,Guajira,2022-08-01,3,2022-08-22,3.8706605,5.9122305
2024,2022,Guajira,2022-08-01,4,2022-08-29,7.4435782,5.7162857
2024,2022,Guajira,2022-08-08,1,2022-08-15,5.458624,6.702608
2024,2022,Guajira,2022-08-08,2,2022-08-22,3.8706605,6.4284873
2024,2022,Guajira,2022-08-08,3,2022-08-29,7.4435782,6.1446514
2024,2022,Guajira,2022-08-08,4,2022-09-05,4.6646423,6.023386
2024,2022,Guajira,2022-08-15,1,2022-08-22,3.8706605,5.8297815
2024,2022,Guajira,2022-08-15,2,2022-08-29,7.4435782,5.6790137
2024,2022,Guajira,2022-08-15,3,2022-09-05,4.6646423,5.594514
2024,2022,Guajira,2022-08-15,4,2022-09-12,3.7714128,5.5567894
2024,2022,Guajira,2022-08-22,1,2022-08-29,7.4435782,5.888292
2024,2022,Guajira,2022-08-22,2,2022-09-05,4.6646423,5.7958755
2024,2022,Guajira,2022-08-22,3,2022-09-12,3.7714128,5.6795244
2024,2022,Guajira,2022-08-22,4,2022-09-19,4.962385,5.59347
2024,2022,Guajira,2022-08-29,1,2022-09-05,4.6646423,5.027864
2024,2022,Guajira,2022-08-29,2,2022-09-12,3.7714128,4.970453
2024,2022,Guajira,2022-08-29,3,2022-09-19,4.962385,4.913023
2024,2022,Guajira,2022-08-29,4,2022-09-26,6.3518534,4.8503485
2024,2022,Guajira,2022-09-05,1,2022-09-12,3.7714128,6.559721
2024,2022,Guajira,2022-09-05,2,2022-09-19,4.962385,6.513504
2024,2022,Guajira,2022-09-05,3,2022-09-26,6.3518534,6.355698
2024,2022,Guajira,2022-09-05,4,2022-10-03,6.7488427,6.356528
2024,2022,Guajira,2022-09-12,1,2022-09-19,4.962385,6.13675
2024,2022,Guajira,2022-09-12,2,2022-09-26,6.3518534,6.0523705
2024,2022,Guajira,2022-09-12,3,2022-10-03,6.7488427,5.970841
2024,2022,Guajira,2022-09-12,4,2022-10-10,5.557871,5.7860374
2024,2022,Guajira,2022-09-19,1,2022-09-26,6.3518534,5.0324297
2024,2022,Guajira,2022-09-19,2,2022-10-03,6.7488427,5.0060987
2024,2022,Guajira,2022-09-19,3,2022-10-10,5.557871,4.993975
2024,2022,Guajira,2022-09-19,4,2022-10-17,6.05411,4.9956574
2024,2022,Guajira,2022-09-26,1,2022-10-03,6.7488427,5.4236894
2024,2022,Guajira,2022-09-26,2,2022-10-10,5.557871,5.4400353
2024,2022,Guajira,2022-09-26,3,2022-10-17,6.05411,5.3487763
2024,2022,Guajira,2022-09-26,4,2022-10-24,8.336808,5.3052974
2024,2022,Guajira,2022-10-03,1,2022-10-10,5.557871,6.34591
2024,2022,Guajira,2022-10-03,2,2022-10-17,6.05411,6.394967
2024,2022,Guajira,2022-10-03,3,2022-10-24,8.336808,6.219651
2024,2022,Guajira,2022-10-03,4,2022-10-31,9.428533,6.203149
2024,2022,Guajira,2022-10-10,1,2022-10-17,6.05411,6.741571
2024,2022,Guajira,2022-10-10,2,2022-10-24,8.336808,6.739482
2024,2022,Guajira,2022-10-10,3,2022-10-31,9.428533,6.4839563
2024,2022,Guajira,2022-10-10,4,2022-11-07,8.733799,6.484722
2024,2022,Guajira,2022-10-17,1,2022-10-24,8.336808,6.4248786
2024,2022,Guajira,2022-10-17,2,2022-10-31,9.428533,6.3698926
2024,2022,Guajira,2022-10-17,3,2022-11-07,8.733799,6.2081327
2024,2022,Guajira,2022-10-17,4,2022-11-14,7.0465865,6.180375
2024,2022,Guajira,2022-10-24,1,2022-10-31,9.428533,6.6875987
2024,2022,Guajira,2022-10-24,2,2022-11-07,8.733799,6.6422467
2024,2022,Guajira,2022-10-24,3,2022-11-14,7.0465865,6.397291
2024,2022,Guajira,2022-10-24,4,2022-11-21,10.024018,6.3386683
2024,2022,Guajira,2022-10-31,1,2022-11-07,8.733799,7.704456
2024,2022,Guajira,2022-10-31,2,2022-11-14,7.0465865,7.579836
2024,2022,Guajira,2022-10-31,3,2022-11-21,10.024018,7.31226
2024,2022,Guajira,2022-10-31,4,2022-11-28,8.932293,7.082407
2024,2022,Guajira,2022-11-07,1,2022-11-14,7.0465865,8.504931
2024,2022,Guajira,2022-11-07,2,2022-11-21,10.024018,8.394075
2024,2022,Guajira,2022-11-07,3,2022-11-28,8.932293,7.8913136
2024,2022,Guajira,2022-11-07,4,2022-12-05,10.32176,7.6933103
2024,2022,Guajira,2022-11-14,1,2022-11-21,10.024018,8.809817
2024,2022,Guajira,2022-11-14,2,2022-11-28,8.932293,8.5688925
2024,2022,Guajira,2022-11-14,3,2022-12-05,10.32176,7.97374
2024,2022,Guajira,2022-11-14,4,2022-12-12,14.589414,7.8101544
2024,2022,Guajira,2022-11-21,1,2022-11-28,8.932293,8.039149
2024,2022,Guajira,2022-11-21,2,2022-12-05,10.32176,7.7491665
2024,2022,Guajira,2022-11-21,3,2022-12-12,14.589414,7.285221
2024,2022,Guajira,2022-11-21,4,2022-12-19,13.795429,7.003239
2024,2022,Guajira,2022-11-28,1,2022-12-05,10.32176,9.1325445
2024,2022,Guajira,2022-11-28,2,2022-12-12,14.589414,8.922125
2024,2022,Guajira,2022-11-28,3,2022-12-19,13.795429,8.170194
2024,2022,Guajira,2022-11-28,4,2022-12-26,10.520255,7.874335
2024,2022,Guaviare,2022-04-18,1,2022-04-25,0.0,5.5236335
2024,2022,Guaviare,2022-04-18,2,2022-05-02,8.322732,5.6958156
2024,2022,Guaviare,2022-04-18,3,2022-05-09,4.7558465,5.999987
2024,2022,Guaviare,2022-04-18,4,2022-05-16,8.322732,6.307961
2024,2022,Guaviare,2022-04-25,1,2022-05-02,8.322732,3.748765
2024,2022,Guaviare,2022-04-25,2,2022-05-09,4.7558465,3.8426263
2024,2022,Guaviare,2022-04-25,3,2022-05-16,8.322732,4.017891
2024,2022,Guaviare,2022-04-25,4,2022-05-23,10.700655,4.056805
2024,2022,Guaviare,2022-05-02,1,2022-05-09,4.7558465,1.8233222
2024,2022,Guaviare,2022-05-02,2,2022-05-16,8.322732,1.8248271
2024,2022,Guaviare,2022-05-02,3,2022-05-23,10.700655,1.7274544
2024,2022,Guaviare,2022-05-02,4,2022-05-30,9.511693,1.7028974
2024,2022,Guaviare,2022-05-09,1,2022-05-16,8.322732,4.2207637
2024,2022,Guaviare,2022-05-09,2,2022-05-23,10.700655,4.221903
2024,2022,Guaviare,2022-05-09,3,2022-05-30,9.511693,4.0335937
2024,2022,Guaviare,2022-05-09,4,2022-06-06,15.456503,3.9508727
2024,2022,Guaviare,2022-05-16,1,2022-05-23,10.700655,4.4585204
2024,2022,Guaviare,2022-05-16,2,2022-05-30,9.511693,4.0898385
2024,2022,Guaviare,2022-05-16,3,2022-06-06,15.456503,3.975097
2024,2022,Guaviare,2022-05-16,4,2022-06-13,4.7558465,3.587941
2024,2022,Guaviare,2022-05-23,1,2022-05-30,9.511693,5.2328534
2024,2022,Guaviare,2022-05-23,2,2022-06-06,15.456503,4.7571154
2024,2022,Guaviare,2022-05-23,3,2022-06-13,4.7558465,4.5530767
2024,2022,Guaviare,2022-05-23,4,2022-06-20,3.566885,4.2533836
2024,2022,Guaviare,2022-05-30,1,2022-06-06,15.456503,6.9964437
2024,2022,Guaviare,2022-05-30,2,2022-06-13,4.7558465,6.490935
2024,2022,Guaviare,2022-05-30,3,2022-06-20,3.566885,5.798087
2024,2022,Guaviare,2022-05-30,4,2022-06-27,11.889616,5.3000517
2024,2022,Guaviare,2022-06-06,1,2022-06-13,4.7558465,7.4067464
2024,2022,Guaviare,2022-06-06,2,2022-06-20,3.566885,6.703194
2024,2022,Guaviare,2022-06-06,3,2022-06-27,11.889616,5.925298
2024,2022,Guaviare,2022-06-06,4,2022-07-04,8.322732,5.5467563
2024,2022,Guaviare,2022-06-13,1,2022-06-20,3.566885,9.337477
2024,2022,Guaviare,2022-06-13,2,2022-06-27,11.889616,8.547062
2024,2022,Guaviare,2022-06-13,3,2022-07-04,8.322732,7.657866
2024,2022,Guaviare,2022-06-13,4,2022-07-11,9.511693,6.941336
2024,2022,Guaviare,2022-06-20,1,2022-06-27,11.889616,6.1248555
2024,2022,Guaviare,2022-06-20,2,2022-07-04,8.322732,5.614324
2024,2022,Guaviare,2022-06-20,3,2022-07-11,9.511693,5.137901
2024,2022,Guaviare,2022-06-20,4,2022-07-18,20.212349,4.7336125
2024,2022,Guaviare,2022-06-27,1,2022-07-04,8.322732,4.7147555
2024,2022,Guaviare,2022-06-27,2,2022-07-11,9.511693,4.4803295
2024,2022,Guaviare,2022-06-27,3,2022-07-18,20.212349,4.0103345
2024,2022,Guaviare,2022-06-27,4,2022-07-25,10.700655,3.9594638
2024,2022,Guaviare,2022-07-04,1,2022-07-11,9.511693,7.115714
2024,2022,Guaviare,2022-07-04,2,2022-07-18,20.212349,6.721779
2024,2022,Guaviare,2022-07-04,3,2022-07-25,10.700655,6.0472465
2024,2022,Guaviare,2022-07-04,4,2022-08-01,15.456503,5.496811
2024,2022,Guaviare,2022-07-11,1,2022-07-18,20.212349,6.7536845
2024,2022,Guaviare,2022-07-11,2,2022-07-25,10.700655,6.3152127
2024,2022,Guaviare,2022-07-11,3,2022-08-01,15.456503,5.6959357
2024,2022,Guaviare,2022-07-11,4,2022-08-08,29.724043,5.3905497
2024,2022,Guaviare,2022-07-18,1,2022-07-25,10.700655,7.7463737
2024,2022,Guaviare,2022-07-18,2,2022-08-01,15.456503,7.0498548
2024,2022,Guaviare,2022-07-18,3,2022-08-08,29.724043,6.3308363
2024,2022,Guaviare,2022-07-18,4,2022-08-15,22.59027,6.076944
2024,2022,Guaviare,2022-07-25,1,2022-08-01,15.456503,10.456455
2024,2022,Guaviare,2022-07-25,2,2022-08-08,29.724043,10.396127
2024,2022,Guaviare,2022-07-25,3,2022-08-15,22.59027,8.806003
2024,2022,Guaviare,2022-07-25,4,2022-08-22,15.456503,8.506627
2024,2022,Guaviare,2022-08-01,1,2022-08-08,29.724043,9.137525
2024,2022,Guaviare,2022-08-01,2,2022-08-15,22.59027,8.403496
2024,2022,Guaviare,2022-08-01,3,2022-08-22,15.456503,7.403915
2024,2022,Guaviare,2022-08-01,4,2022-08-29,21.40131,6.960359
2024,2022,Guaviare,2022-08-08,1,2022-08-15,22.59027,10.259578
2024,2022,Guaviare,2022-08-08,2,2022-08-22,15.456503,9.687803
2024,2022,Guaviare,2022-08-08,3,2022-08-29,21.40131,8.390194
2024,2022,Guaviare,2022-08-08,4,2022-09-05,21.40131,8.332791
2024,2022,Guaviare,2022-08-15,1,2022-08-22,15.456503,14.410649
2024,2022,Guaviare,2022-08-15,2,2022-08-29,21.40131,14.557567
2024,2022,Guaviare,2022-08-15,3,2022-09-05,21.40131,12.448376
2024,2022,Guaviare,2022-08-15,4,2022-09-12,10.700655,11.348576
2024,2022,Guaviare,2022-08-22,1,2022-08-29,21.40131,15.864858
2024,2022,Guaviare,2022-08-22,2,2022-09-05,21.40131,15.4035845
2024,2022,Guaviare,2022-08-22,3,2022-09-12,10.700655,12.509416
2024,2022,Guaviare,2022-08-22,4,2022-09-19,22.59027,11.623632
2024,2022,Guaviare,2022-08-29,1,2022-09-05,21.40131,13.031944
2024,2022,Guaviare,2022-08-29,2,2022-09-12,10.700655,12.330432
2024,2022,Guaviare,2022-08-29,3,2022-09-19,22.59027,10.9398985
2024,2022,Guaviare,2022-08-29,4,2022-09-26,23.779234,10.5347395
2024,2022,Guaviare,2022-09-05,1,2022-09-12,10.700655,14.618335
2024,2022,Guaviare,2022-09-05,2,2022-09-19,22.59027,13.536045
2024,2022,Guaviare,2022-09-05,3,2022-09-26,23.779234,12.839136
2024,2022,Guaviare,2022-09-05,4,2022-10-03,20.212349,11.023314
2024,2022,Guaviare,2022-09-12,1,2022-09-19,22.59027,15.246261
2024,2022,Guaviare,2022-09-12,2,2022-09-26,23.779234,14.10036
2024,2022,Guaviare,2022-09-12,3,2022-10-03,20.212349,12.731796
2024,2022,Guaviare,2022-09-12,4,2022-10-10,19.02339,11.034436
2024,2022,Guaviare,2022-09-19,1,2022-09-26,23.779234,10.863343
2024,2022,Guaviare,2022-09-19,2,2022-10-03,20.212349,9.93517
2024,2022,Guaviare,2022-09-19,3,2022-10-10,19.02339,9.135848
2024,2022,Guaviare,2022-09-19,4,2022-10-17,23.779234,8.580854
2024,2022,Guaviare,2022-09-26,1,2022-10-03,20.212349,14.50514
2024,2022,Guaviare,2022-09-26,2,2022-10-10,19.02339,13.82609
2024,2022,Guaviare,2022-09-26,3,2022-10-17,23.779234,12.920137
2024,2022,Guaviare,2022-09-26,4,2022-10-24,26.157154,11.850581
2024,2022,Guaviare,2022-10-03,1,2022-10-10,19.02339,16.788298
2024,2022,Guaviare,2022-10-03,2,2022-10-17,23.779234,16.140572
2024,2022,Guaviare,2022-10-03,3,2022-10-24,26.157154,14.307294
2024,2022,Guaviare,2022-10-03,4,2022-10-31,42.80262,12.547381
2024,2022,Guaviare,2022-10-10,1,2022-10-17,23.779234,14.976507
2024,2022,Guaviare,2022-10-10,2,2022-10-24,26.157154,14.651895
2024,2022,Guaviare,2022-10-10,3,2022-10-31,42.80262,13.133823
2024,2022,Guaviare,2022-10-10,4,2022-11-07,28.535078,12.464642
2024,2022,Guaviare,2022-10-17,1,2022-10-24,26.157154,15.618355
2024,2022,Guaviare,2022-10-17,2,2022-10-31,42.80262,14.845844
2024,2022,Guaviare,2022-10-17,3,2022-11-07,28.535078,13.714449
2024,2022,Guaviare,2022-10-17,4,2022-11-14,27.346117,12.394866
2024,2022,Guaviare,2022-10-24,1,2022-10-31,42.80262,17.8665
2024,2022,Guaviare,2022-10-24,2,2022-11-07,28.535078,17.859882
2024,2022,Guaviare,2022-10-24,3,2022-11-14,27.346117,16.438293
2024,2022,Guaviare,2022-10-24,4,2022-11-21,42.80262,14.896587
2024,2022,Guaviare,2022-10-31,1,2022-11-07,28.535078,16.227728
2024,2022,Guaviare,2022-10-31,2,2022-11-14,27.346117,16.438625
2024,2022,Guaviare,2022-10-31,3,2022-11-21,42.80262,16.32316
2024,2022,Guaviare,2022-10-31,4,2022-11-28,43.99158,14.788313
2024,2022,Guaviare,2022-11-07,1,2022-11-14,27.346117,22.198322
2024,2022,Guaviare,2022-11-07,2,2022-11-21,42.80262,24.165564
2024,2022,Guaviare,2022-11-07,3,2022-11-28,43.99158,22.184116
2024,2022,Guaviare,2022-11-07,4,2022-12-05,33.290928,20.837894
2024,2022,Guaviare,2022-11-14,1,2022-11-21,42.80262,28.397928
2024,2022,Guaviare,2022-11-14,2,2022-11-28,43.99158,29.127594
2024,2022,Guaviare,2022-11-14,3,2022-12-05,33.290928,26.414331
2024,2022,Guaviare,2022-11-14,4,2022-12-12,35.668846,23.353577
2024,2022,Guaviare,2022-11-21,1,2022-11-28,43.99158,29.091063
2024,2022,Guaviare,2022-11-21,2,2022-12-05,33.290928,28.56094
2024,2022,Guaviare,2022-11-21,3,2022-12-12,35.668846,28.029951
2024,2022,Guaviare,2022-11-21,4,2022-12-19,28.535078,26.233871
2024,2022,Guaviare,2022-11-28,1,2022-12-05,33.290928,38.340446
2024,2022,Guaviare,2022-11-28,2,2022-12-12,35.668846,39.187473
2024,2022,Guaviare,2022-11-28,3,2022-12-19,28.535078,38.232525
2024,2022,Guaviare,2022-11-28,4,2022-12-26,33.290928,32.66094
2024,2022,Huila,2022-04-18,1,2022-04-25,2.1438193,2.9989197
2024,2022,Huila,2022-04-18,2,2022-05-02,1.6293027,3.0754664
2024,2022,Huila,2022-04-18,3,2022-05-09,2.0580668,3.1225965
2024,2022,Huila,2022-04-18,4,2022-05-16,1.8865612,3.1778438
2024,2022,Huila,2022-04-25,1,2022-05-02,1.6293027,3.1199465
2024,2022,Huila,2022-04-25,2,2022-05-09,2.0580668,3.1060336
2024,2022,Huila,2022-04-25,3,2022-05-16,1.8865612,3.1577446
2024,2022,Huila,2022-04-25,4,2022-05-23,1.3720443,3.0849025
2024,2022,Huila,2022-05-02,1,2022-05-09,2.0580668,2.800749
2024,2022,Huila,2022-05-02,2,2022-05-16,1.8865612,2.7675092
2024,2022,Huila,2022-05-02,3,2022-05-23,1.3720443,2.8129747
2024,2022,Huila,2022-05-02,4,2022-05-30,3.0013473,2.7916992
2024,2022,Huila,2022-05-09,1,2022-05-16,1.8865612,2.3766267
2024,2022,Huila,2022-05-09,2,2022-05-23,1.3720443,2.388511
2024,2022,Huila,2022-05-09,3,2022-05-30,3.0013473,2.3891962
2024,2022,Huila,2022-05-09,4,2022-06-06,1.9723138,2.3729224
2024,2022,Huila,2022-05-16,1,2022-05-23,1.3720443,2.2389026
2024,2022,Huila,2022-05-16,2,2022-05-30,3.0013473,2.206785
2024,2022,Huila,2022-05-16,3,2022-06-06,1.9723138,2.2020826
2024,2022,Huila,2022-05-16,4,2022-06-13,2.5725834,2.152119
2024,2022,Huila,2022-05-23,1,2022-05-30,3.0013473,2.16599
2024,2022,Huila,2022-05-23,2,2022-06-06,1.9723138,2.081322
2024,2022,Huila,2022-05-23,3,2022-06-13,2.5725834,2.0710537
2024,2022,Huila,2022-05-23,4,2022-06-20,1.3720443,2.0266747
2024,2022,Huila,2022-05-30,1,2022-06-06,1.9723138,1.8093132
2024,2022,Huila,2022-05-30,2,2022-06-13,2.5725834,1.7663547
2024,2022,Huila,2022-05-30,3,2022-06-20,1.3720443,1.7640893
2024,2022,Huila,2022-05-30,4,2022-06-27,0.77177495,1.7472576
2024,2022,Huila,2022-06-06,1,2022-06-13,2.5725834,2.353257
2024,2022,Huila,2022-06-06,2,2022-06-20,1.3720443,2.283914
2024,2022,Huila,2022-06-06,3,2022-06-27,0.77177495,2.261784
2024,2022,Huila,2022-06-06,4,2022-07-04,0.9432806,2.218795
2024,2022,Huila,2022-06-13,1,2022-06-20,1.3720443,2.2612083
2024,2022,Huila,2022-06-13,2,2022-06-27,0.77177495,2.1222034
2024,2022,Huila,2022-06-13,3,2022-07-04,0.9432806,2.1106832
2024,2022,Huila,2022-06-13,4,2022-07-11,1.2862916,2.0164666
2024,2022,Huila,2022-06-20,1,2022-06-27,0.77177495,2.3127842
2024,2022,Huila,2022-06-20,2,2022-07-04,0.9432806,2.2119958
2024,2022,Huila,2022-06-20,3,2022-07-11,1.2862916,2.2002723
2024,2022,Huila,2022-06-20,4,2022-07-18,1.4577973,2.1825118
2024,2022,Huila,2022-06-27,1,2022-07-04,0.9432806,1.9973673
2024,2022,Huila,2022-06-27,2,2022-07-11,1.2862916,1.94616
2024,2022,Huila,2022-06-27,3,2022-07-18,1.4577973,1.8947455
2024,2022,Huila,2022-06-27,4,2022-07-25,1.0290333,1.866677
2024,2022,Huila,2022-07-04,1,2022-07-11,1.2862916,1.4663775
2024,2022,Huila,2022-07-04,2,2022-07-18,1.4577973,1.447715
2024,2022,Huila,2022-07-04,3,2022-07-25,1.0290333,1.4011707
2024,2022,Huila,2022-07-04,4,2022-08-01,0.9432806,1.3760015
2024,2022,Huila,2022-07-11,1,2022-07-18,1.4577973,1.1869564
2024,2022,Huila,2022-07-11,2,2022-07-25,1.0290333,1.1692263
2024,2022,Huila,2022-07-11,3,2022-08-01,0.9432806,1.1214236
2024,2022,Huila,2022-07-11,4,2022-08-08,2.4868305,1.0986413
2024,2022,Huila,2022-07-18,1,2022-07-25,1.0290333,1.2156323
2024,2022,Huila,2022-07-18,2,2022-08-01,0.9432806,1.2014158
2024,2022,Huila,2022-07-18,3,2022-08-08,2.4868305,1.1555794
2024,2022,Huila,2022-07-18,4,2022-08-15,1.3720443,1.14562
2024,2022,Huila,2022-07-25,1,2022-08-01,0.9432806,1.263446
2024,2022,Huila,2022-07-25,2,2022-08-08,2.4868305,1.2203276
2024,2022,Huila,2022-07-25,3,2022-08-15,1.3720443,1.2193922
2024,2022,Huila,2022-07-25,4,2022-08-22,1.2005389,1.1952609
2024,2022,Huila,2022-08-01,1,2022-08-08,2.4868305,1.1257215
2024,2022,Huila,2022-08-01,2,2022-08-15,1.3720443,1.0890009
2024,2022,Huila,2022-08-01,3,2022-08-22,1.2005389,1.1022512
2024,2022,Huila,2022-08-01,4,2022-08-29,1.2862916,1.0702552
2024,2022,Huila,2022-08-08,1,2022-08-15,1.3720443,1.1041238
2024,2022,Huila,2022-08-08,2,2022-08-22,1.2005389,1.071122
2024,2022,Huila,2022-08-08,3,2022-08-29,1.2862916,1.0622555
2024,2022,Huila,2022-08-08,4,2022-09-05,1.4577973,1.0355586
2024,2022,Huila,2022-08-15,1,2022-08-22,1.2005389,1.5809637
2024,2022,Huila,2022-08-15,2,2022-08-29,1.2862916,1.5645103
2024,2022,Huila,2022-08-15,3,2022-09-05,1.4577973,1.534455
2024,2022,Huila,2022-08-15,4,2022-09-12,1.2005389,1.4911411
2024,2022,Huila,2022-08-22,1,2022-08-29,1.2862916,1.6186215
2024,2022,Huila,2022-08-22,2,2022-09-05,1.4577973,1.6056465
2024,2022,Huila,2022-08-22,3,2022-09-12,1.2005389,1.551157
2024,2022,Huila,2022-08-22,4,2022-09-19,1.0290333,1.5013074
2024,2022,Huila,2022-08-29,1,2022-09-05,1.4577973,1.4521492
2024,2022,Huila,2022-08-29,2,2022-09-12,1.2005389,1.4651024
2024,2022,Huila,2022-08-29,3,2022-09-19,1.0290333,1.435575
2024,2022,Huila,2022-08-29,4,2022-09-26,1.3720443,1.4292808
2024,2022,Huila,2022-09-05,1,2022-09-12,1.2005389,1.4686637
2024,2022,Huila,2022-09-05,2,2022-09-19,1.0290333,1.5007819
2024,2022,Huila,2022-09-05,3,2022-09-26,1.3720443,1.4950489
2024,2022,Huila,2022-09-05,4,2022-10-03,0.68602216,1.4586883
2024,2022,Huila,2022-09-12,1,2022-09-19,1.0290333,1.5085505
2024,2022,Huila,2022-09-12,2,2022-09-26,1.3720443,1.5447816
2024,2022,Huila,2022-09-12,3,2022-10-03,0.68602216,1.561146
2024,2022,Huila,2022-09-12,4,2022-10-10,0.85752773,1.5295665
2024,2022,Huila,2022-09-19,1,2022-09-26,1.3720443,1.4059546
2024,2022,Huila,2022-09-19,2,2022-10-03,0.68602216,1.4182264
2024,2022,Huila,2022-09-19,3,2022-10-10,0.85752773,1.451539
2024,2022,Huila,2022-09-19,4,2022-10-17,0.9432806,1.4177978
2024,2022,Huila,2022-09-26,1,2022-10-03,0.68602216,1.3121047
2024,2022,Huila,2022-09-26,2,2022-10-10,0.85752773,1.3397659
2024,2022,Huila,2022-09-26,3,2022-10-17,0.9432806,1.3850279
2024,2022,Huila,2022-09-26,4,2022-10-24,0.85752773,1.3570509
2024,2022,Huila,2022-10-03,1,2022-10-10,0.85752773,1.3989042
2024,2022,Huila,2022-10-03,2,2022-10-17,0.9432806,1.4298755
2024,2022,Huila,2022-10-03,3,2022-10-24,0.85752773,1.4923208
2024,2022,Huila,2022-10-03,4,2022-10-31,0.51451665,1.4563004
2024,2022,Huila,2022-10-10,1,2022-10-17,0.9432806,1.1974285
2024,2022,Huila,2022-10-10,2,2022-10-24,0.85752773,1.2517503
2024,2022,Huila,2022-10-10,3,2022-10-31,0.51451665,1.2817252
2024,2022,Huila,2022-10-10,4,2022-11-07,2.2295723,1.2878618
2024,2022,Huila,2022-10-17,1,2022-10-24,0.85752773,1.1608186
2024,2022,Huila,2022-10-17,2,2022-10-31,0.51451665,1.2212677
2024,2022,Huila,2022-10-17,3,2022-11-07,2.2295723,1.2588601
2024,2022,Huila,2022-10-17,4,2022-11-14,1.6293027,1.3074645
2024,2022,Huila,2022-10-24,1,2022-10-31,0.51451665,1.1295248
2024,2022,Huila,2022-10-24,2,2022-11-07,2.2295723,1.1639272
2024,2022,Huila,2022-10-24,3,2022-11-14,1.6293027,1.1827883
2024,2022,Huila,2022-10-24,4,2022-11-21,1.4577973,1.2219646
2024,2022,Huila,2022-10-31,1,2022-11-07,2.2295723,1.1463544
2024,2022,Huila,2022-10-31,2,2022-11-14,1.6293027,1.1030917
2024,2022,Huila,2022-10-31,3,2022-11-21,1.4577973,1.1262983
2024,2022,Huila,2022-10-31,4,2022-11-28,1.114786,1.1221974
2024,2022,Huila,2022-11-07,1,2022-11-14,1.6293027,0.93158895
2024,2022,Huila,2022-11-07,2,2022-11-21,1.4577973,0.9306044
2024,2022,Huila,2022-11-07,3,2022-11-28,1.114786,0.9455804
2024,2022,Huila,2022-11-07,4,2022-12-05,1.2862916,0.9968105
2024,2022,Huila,2022-11-14,1,2022-11-21,1.4577973,1.3420726
2024,2022,Huila,2022-11-14,2,2022-11-28,1.114786,1.3836378
2024,2022,Huila,2022-11-14,3,2022-12-05,1.2862916,1.3460813
2024,2022,Huila,2022-11-14,4,2022-12-12,0.9432806,1.4540522
2024,2022,Huila,2022-11-21,1,2022-11-28,1.114786,1.5571508
2024,2022,Huila,2022-11-21,2,2022-12-05,1.2862916,1.5987351
2024,2022,Huila,2022-11-21,3,2022-12-12,0.9432806,1.5230277
2024,2022,Huila,2022-11-21,4,2022-12-19,1.7150555,1.6784002
2024,2022,Huila,2022-11-28,1,2022-12-05,1.2862916,1.6530906
2024,2022,Huila,2022-11-28,2,2022-12-12,0.9432806,1.7434502
2024,2022,Huila,2022-11-28,3,2022-12-19,1.7150555,1.6787902
2024,2022,Huila,2022-11-28,4,2022-12-26,1.8008083,1.8816174
2024,2022,Magdalena,2022-04-18,1,2022-04-25,0.6058999,0.8659185
2024,2022,Magdalena,2022-04-18,2,2022-05-02,1.1444775,0.8731715
2024,2022,Magdalena,2022-04-18,3,2022-05-09,1.2117997,0.9891587
2024,2022,Magdalena,2022-04-18,4,2022-05-16,1.952344,1.0760704
2024,2022,Magdalena,2022-04-25,1,2022-05-02,1.1444775,1.2338736
2024,2022,Magdalena,2022-04-25,2,2022-05-09,1.2117997,1.2363967
2024,2022,Magdalena,2022-04-25,3,2022-05-16,1.952344,1.3952543
2024,2022,Magdalena,2022-04-25,4,2022-05-23,1.4137664,1.4985282
2024,2022,Magdalena,2022-05-02,1,2022-05-09,1.2117997,1.0869101
2024,2022,Magdalena,2022-05-02,2,2022-05-16,1.952344,1.0996076
2024,2022,Magdalena,2022-05-02,3,2022-05-23,1.4137664,1.176857
2024,2022,Magdalena,2022-05-02,4,2022-05-30,1.6157329,1.2307448
2024,2022,Magdalena,2022-05-09,1,2022-05-16,1.952344,1.1537929
2024,2022,Magdalena,2022-05-09,2,2022-05-23,1.4137664,1.223997
2024,2022,Magdalena,2022-05-09,3,2022-05-30,1.6157329,1.3076346
2024,2022,Magdalena,2022-05-09,4,2022-06-06,1.6157329,1.3979381
2024,2022,Magdalena,2022-05-16,1,2022-05-23,1.4137664,1.4083861
2024,2022,Magdalena,2022-05-16,2,2022-05-30,1.6157329,1.4505284
2024,2022,Magdalena,2022-05-16,3,2022-06-06,1.6157329,1.6209661
2024,2022,Magdalena,2022-05-16,4,2022-06-13,1.2791219,1.744137
2024,2022,Magdalena,2022-05-23,1,2022-05-30,1.6157329,1.9743763
2024,2022,Magdalena,2022-05-23,2,2022-06-06,1.6157329,1.9869145
2024,2022,Magdalena,2022-05-23,3,2022-06-13,1.2791219,2.2134535
2024,2022,Magdalena,2022-05-23,4,2022-06-20,1.5484108,2.3133607
2024,2022,Magdalena,2022-05-30,1,2022-06-06,1.6157329,2.0963154
2024,2022,Magdalena,2022-05-30,2,2022-06-13,1.2791219,2.154226
2024,2022,Magdalena,2022-05-30,3,2022-06-20,1.5484108,2.3417215
2024,2022,Magdalena,2022-05-30,4,2022-06-27,1.1444775,2.4550664
2024,2022,Magdalena,2022-06-06,1,2022-06-13,1.2791219,2.144974
2024,2022,Magdalena,2022-06-06,2,2022-06-20,1.5484108,2.2360034
2024,2022,Magdalena,2022-06-06,3,2022-06-27,1.1444775,2.3878076
2024,2022,Magdalena,2022-06-06,4,2022-07-04,1.8850217,2.5279188
2024,2022,Magdalena,2022-06-13,1,2022-06-20,1.5484108,2.3186035
2024,2022,Magdalena,2022-06-13,2,2022-06-27,1.1444775,2.3664656
2024,2022,Magdalena,2022-06-13,3,2022-07-04,1.8850217,2.4979873
2024,2022,Magdalena,2022-06-13,4,2022-07-11,2.8275328,2.4908073
2024,2022,Magdalena,2022-06-20,1,2022-06-27,1.1444775,2.1039472
2024,2022,Magdalena,2022-06-20,2,2022-07-04,1.8850217,2.119428
2024,2022,Magdalena,2022-06-20,3,2022-07-11,2.8275328,2.210569
2024,2022,Magdalena,2022-06-20,4,2022-07-18,2.6255658,2.145441
2024,2022,Magdalena,2022-06-27,1,2022-07-04,1.8850217,1.8960892
2024,2022,Magdalena,2022-06-27,2,2022-07-11,2.8275328,1.9139228
2024,2022,Magdalena,2022-06-27,3,2022-07-18,2.6255658,1.9861398
2024,2022,Magdalena,2022-06-27,4,2022-07-25,2.4909217,1.9520173
2024,2022,Magdalena,2022-07-04,1,2022-07-11,2.8275328,1.6875827
2024,2022,Magdalena,2022-07-04,2,2022-07-18,2.6255658,1.6563374
2024,2022,Magdalena,2022-07-04,3,2022-07-25,2.4909217,1.7037969
2024,2022,Magdalena,2022-07-04,4,2022-08-01,2.288955,1.6086422
2024,2022,Magdalena,2022-07-11,1,2022-07-18,2.6255658,2.016932
2024,2022,Magdalena,2022-07-11,2,2022-07-25,2.4909217,2.0357094
2024,2022,Magdalena,2022-07-11,3,2022-08-01,2.288955,2.081487
2024,2022,Magdalena,2022-07-11,4,2022-08-08,2.3562772,2.0189154
2024,2022,Magdalena,2022-07-18,1,2022-07-25,2.4909217,2.7471635
2024,2022,Magdalena,2022-07-18,2,2022-08-01,2.288955,2.8113096
2024,2022,Magdalena,2022-07-18,3,2022-08-08,2.3562772,2.8794003
2024,2022,Magdalena,2022-07-18,4,2022-08-15,2.6255658,2.8398516
2024,2022,Magdalena,2022-07-25,1,2022-08-01,2.288955,3.1200013
2024,2022,Magdalena,2022-07-25,2,2022-08-08,2.3562772,3.1544063
2024,2022,Magdalena,2022-07-25,3,2022-08-15,2.6255658,3.2533581
2024,2022,Magdalena,2022-07-25,4,2022-08-22,2.1543107,3.1734743
2024,2022,Magdalena,2022-08-01,1,2022-08-08,2.3562772,3.1017923
2024,2022,Magdalena,2022-08-01,2,2022-08-15,2.6255658,3.0993023
2024,2022,Magdalena,2022-08-01,3,2022-08-22,2.1543107,3.223447
2024,2022,Magdalena,2022-08-01,4,2022-08-29,2.7602105,3.0839725
2024,2022,Magdalena,2022-08-08,1,2022-08-15,2.6255658,2.9853108
2024,2022,Magdalena,2022-08-08,2,2022-08-22,2.1543107,3.0220945
2024,2022,Magdalena,2022-08-08,3,2022-08-29,2.7602105,3.1374917
2024,2022,Magdalena,2022-08-08,4,2022-09-05,1.952344,3.0209594
2024,2022,Magdalena,2022-08-15,1,2022-08-22,2.1543107,3.1028168
2024,2022,Magdalena,2022-08-15,2,2022-08-29,2.7602105,3.1464386
2024,2022,Magdalena,2022-08-15,3,2022-09-05,1.952344,3.2661173
2024,2022,Magdalena,2022-08-15,4,2022-09-12,1.6830552,3.1322234
2024,2022,Magdalena,2022-08-22,1,2022-08-29,2.7602105,3.2822227
2024,2022,Magdalena,2022-08-22,2,2022-09-05,1.952344,3.2873812
2024,2022,Magdalena,2022-08-22,3,2022-09-12,1.6830552,3.4204893
2024,2022,Magdalena,2022-08-22,4,2022-09-19,1.8850217,3.2607665
2024,2022,Magdalena,2022-08-29,1,2022-09-05,1.952344,3.0901582
2024,2022,Magdalena,2022-08-29,2,2022-09-12,1.6830552,3.0879266
2024,2022,Magdalena,2022-08-29,3,2022-09-19,1.8850217,3.2351308
2024,2022,Magdalena,2022-08-29,4,2022-09-26,1.5484108,3.1261296
2024,2022,Magdalena,2022-09-05,1,2022-09-12,1.6830552,3.288569
2024,2022,Magdalena,2022-09-05,2,2022-09-19,1.8850217,3.2842982
2024,2022,Magdalena,2022-09-05,3,2022-09-26,1.5484108,3.4168205
2024,2022,Magdalena,2022-09-05,4,2022-10-03,1.7503772,3.3164182
2024,2022,Magdalena,2022-09-12,1,2022-09-19,1.8850217,3.0357115
2024,2022,Magdalena,2022-09-12,2,2022-09-26,1.5484108,3.0298991
2024,2022,Magdalena,2022-09-12,3,2022-10-03,1.7503772,3.1450498
2024,2022,Magdalena,2022-09-12,4,2022-10-10,2.2216327,3.0482037
2024,2022,Magdalena,2022-09-19,1,2022-09-26,1.5484108,2.6008532
2024,2022,Magdalena,2022-09-19,2,2022-10-03,1.7503772,2.5983562
2024,2022,Magdalena,2022-09-19,3,2022-10-10,2.2216327,2.7048912
2024,2022,Magdalena,2022-09-19,4,2022-10-17,1.2117997,2.657079
2024,2022,Magdalena,2022-09-26,1,2022-10-03,1.7503772,2.5013533
2024,2022,Magdalena,2022-09-26,2,2022-10-10,2.2216327,2.4816623
2024,2022,Magdalena,2022-09-26,3,2022-10-17,1.2117997,2.5412633
2024,2022,Magdalena,2022-09-26,4,2022-10-24,1.8850217,2.490402
2024,2022,Magdalena,2022-10-03,1,2022-10-10,2.2216327,2.3346474
2024,2022,Magdalena,2022-10-03,2,2022-10-17,1.2117997,2.3248334
2024,2022,Magdalena,2022-10-03,3,2022-10-24,1.8850217,2.356859
2024,2022,Magdalena,2022-10-03,4,2022-10-31,2.0869882,2.3416216
2024,2022,Magdalena,2022-10-10,1,2022-10-17,1.2117997,2.213028
2024,2022,Magdalena,2022-10-10,2,2022-10-24,1.8850217,2.165632
2024,2022,Magdalena,2022-10-10,3,2022-10-31,2.0869882,2.1595519
2024,2022,Magdalena,2022-10-10,4,2022-11-07,1.5484108,2.1226058
2024,2022,Magdalena,2022-10-17,1,2022-10-24,1.8850217,2.2363908
2024,2022,Magdalena,2022-10-17,2,2022-10-31,2.0869882,2.1494095
2024,2022,Magdalena,2022-10-17,3,2022-11-07,1.5484108,2.1203213
2024,2022,Magdalena,2022-10-17,4,2022-11-14,1.952344,2.0714235
2024,2022,Magdalena,2022-10-24,1,2022-10-31,2.0869882,1.8565073
2024,2022,Magdalena,2022-10-24,2,2022-11-07,1.5484108,1.7632644
2024,2022,Magdalena,2022-10-24,3,2022-11-14,1.952344,1.757675
2024,2022,Magdalena,2022-10-24,4,2022-11-21,1.8176994,1.6999155
2024,2022,Magdalena,2022-10-31,1,2022-11-07,1.5484108,1.8088822
2024,2022,Magdalena,2022-10-31,2,2022-11-14,1.952344,1.745291
2024,2022,Magdalena,2022-10-31,3,2022-11-21,1.8176994,1.7065963
2024,2022,Magdalena,2022-10-31,4,2022-11-28,3.029499,1.6486548
2024,2022,Magdalena,2022-11-07,1,2022-11-14,1.952344,1.9174153
2024,2022,Magdalena,2022-11-07,2,2022-11-21,1.8176994,1.8386248
2024,2022,Magdalena,2022-11-07,3,2022-11-28,3.029499,1.8005139
2024,2022,Magdalena,2022-11-07,4,2022-12-05,2.4909217,1.7655442
2024,2022,Magdalena,2022-11-14,1,2022-11-21,1.8176994,1.7265569
2024,2022,Magdalena,2022-11-14,2,2022-11-28,3.029499,1.6465366
2024,2022,Magdalena,2022-11-14,3,2022-12-05,2.4909217,1.594916
2024,2022,Magdalena,2022-11-14,4,2022-12-12,2.6928883,1.5731299
2024,2022,Magdalena,2022-11-21,1,2022-11-28,3.029499,1.752923
2024,2022,Magdalena,2022-11-21,2,2022-12-05,2.4909217,1.6898165
2024,2022,Magdalena,2022-11-21,3,2022-12-12,2.6928883,1.6560727
2024,2022,Magdalena,2022-11-21,4,2022-12-19,2.4235995,1.649973
2024,2022,Magdalena,2022-11-28,1,2022-12-05,2.4909217,1.844092
2024,2022,Magdalena,2022-11-28,2,2022-12-12,2.6928883,1.8127587
2024,2022,Magdalena,2022-11-28,3,2022-12-19,2.4235995,1.8283489
2024,2022,Magdalena,2022-11-28,4,2022-12-26,1.6830552,1.869049
2024,2022,Meta,2022-04-18,1,2022-04-25,4.2026234,4.843692
2024,2022,Meta,2022-04-18,2,2022-05-02,3.8449538,5.179977
2024,2022,Meta,2022-04-18,3,2022-05-09,5.0967984,5.5759673
2024,2022,Meta,2022-04-18,4,2022-05-16,5.2756343,5.8100686
2024,2022,Meta,2022-04-25,1,2022-05-02,3.8449538,5.098409
2024,2022,Meta,2022-04-25,2,2022-05-09,5.0967984,5.2834797
2024,2022,Meta,2022-04-25,3,2022-05-16,5.2756343,5.6813583
2024,2022,Meta,2022-04-25,4,2022-05-23,3.9343712,5.59782
2024,2022,Meta,2022-05-02,1,2022-05-09,5.0967984,5.2015266
2024,2022,Meta,2022-05-02,2,2022-05-16,5.2756343,5.157999
2024,2022,Meta,2022-05-02,3,2022-05-23,3.9343712,5.332756
2024,2022,Meta,2022-05-02,4,2022-05-30,5.6333046,5.193484
2024,2022,Meta,2022-05-09,1,2022-05-16,5.2756343,4.699753
2024,2022,Meta,2022-05-09,2,2022-05-23,3.9343712,4.7188854
2024,2022,Meta,2022-05-09,3,2022-05-30,5.6333046,4.814809
2024,2022,Meta,2022-05-09,4,2022-06-06,5.6333046,4.7317467
2024,2022,Meta,2022-05-16,1,2022-05-23,3.9343712,5.400161
2024,2022,Meta,2022-05-16,2,2022-05-30,5.6333046,5.168801
2024,2022,Meta,2022-05-16,3,2022-06-06,5.6333046,5.2489543
2024,2022,Meta,2022-05-16,4,2022-06-13,6.259227,4.843834
2024,2022,Meta,2022-05-23,1,2022-05-30,5.6333046,5.4485373
2024,2022,Meta,2022-05-23,2,2022-06-06,5.6333046,5.0103245
2024,2022,Meta,2022-05-23,3,2022-06-13,6.259227,4.931069
2024,2022,Meta,2022-05-23,4,2022-06-20,4.292041,4.5273104
2024,2022,Meta,2022-05-30,1,2022-06-06,5.6333046,4.715151
2024,2022,Meta,2022-05-30,2,2022-06-13,6.259227,4.315672
2024,2022,Meta,2022-05-30,3,2022-06-20,4.292041,4.1661205
2024,2022,Meta,2022-05-30,4,2022-06-27,4.3814588,3.7712474
2024,2022,Meta,2022-06-06,1,2022-06-13,6.259227,5.311246
2024,2022,Meta,2022-06-06,2,2022-06-20,4.292041,4.8792596
2024,2022,Meta,2022-06-06,3,2022-06-27,4.3814588,4.581693
2024,2022,Meta,2022-06-06,4,2022-07-04,3.8449538,4.1458926
2024,2022,Meta,2022-06-13,1,2022-06-20,4.292041,5.249202
2024,2022,Meta,2022-06-13,2,2022-06-27,4.3814588,4.6501746
2024,2022,Meta,2022-06-13,3,2022-07-04,3.8449538,4.3859553
2024,2022,Meta,2022-06-13,4,2022-07-11,4.5602937,3.8449533
2024,2022,Meta,2022-06-20,1,2022-06-27,4.3814588,5.6105423
2024,2022,Meta,2022-06-20,2,2022-07-04,3.8449538,5.0921664
2024,2022,Meta,2022-06-20,3,2022-07-11,4.5602937,4.7184114
2024,2022,Meta,2022-06-20,4,2022-07-18,3.5767012,4.361996
2024,2022,Meta,2022-06-27,1,2022-07-04,3.8449538,4.3950005
2024,2022,Meta,2022-06-27,2,2022-07-11,4.5602937,3.9319954
2024,2022,Meta,2022-06-27,3,2022-07-18,3.5767012,3.711679
2024,2022,Meta,2022-06-27,4,2022-07-25,6.3486447,3.402251
2024,2022,Meta,2022-07-04,1,2022-07-11,4.5602937,4.116867
2024,2022,Meta,2022-07-04,2,2022-07-18,3.5767012,3.7620535
2024,2022,Meta,2022-07-04,3,2022-07-25,6.3486447,3.5517814
2024,2022,Meta,2022-07-04,4,2022-08-01,4.649711,3.23995
2024,2022,Meta,2022-07-11,1,2022-07-18,3.5767012,3.7981412
2024,2022,Meta,2022-07-11,2,2022-07-25,6.3486447,3.530122
2024,2022,Meta,2022-07-11,3,2022-08-01,4.649711,3.3803713
2024,2022,Meta,2022-07-11,4,2022-08-08,3.7555363,3.1570053
2024,2022,Meta,2022-07-18,1,2022-07-25,6.3486447,4.3458343
2024,2022,Meta,2022-07-18,2,2022-08-01,4.649711,4.0573564
2024,2022,Meta,2022-07-18,3,2022-08-08,3.7555363,3.8450654
2024,2022,Meta,2022-07-18,4,2022-08-15,3.4872835,3.5711198
2024,2022,Meta,2022-07-25,1,2022-08-01,4.649711,3.99358
2024,2022,Meta,2022-07-25,2,2022-08-08,3.7555363,3.7622192
2024,2022,Meta,2022-07-25,3,2022-08-15,3.4872835,3.591223
2024,2022,Meta,2022-07-25,4,2022-08-22,3.1296134,3.3726437
2024,2022,Meta,2022-08-01,1,2022-08-08,3.7555363,4.967026
2024,2022,Meta,2022-08-01,2,2022-08-15,3.4872835,4.655724
2024,2022,Meta,2022-08-01,3,2022-08-22,3.1296134,4.3883867
2024,2022,Meta,2022-08-01,4,2022-08-29,3.7555363,4.0846148
2024,2022,Meta,2022-08-08,1,2022-08-15,3.4872835,4.732422
2024,2022,Meta,2022-08-08,2,2022-08-22,3.1296134,4.3167233
2024,2022,Meta,2022-08-08,3,2022-08-29,3.7555363,4.113015
2024,2022,Meta,2022-08-08,4,2022-09-05,3.3084483,3.815044
2024,2022,Meta,2022-08-15,1,2022-08-22,3.1296134,4.3465343
2024,2022,Meta,2022-08-15,2,2022-08-29,3.7555363,4.063648
2024,2022,Meta,2022-08-15,3,2022-09-05,3.3084483,3.8631806
2024,2022,Meta,2022-08-15,4,2022-09-12,2.7719433,3.6480455
2024,2022,Meta,2022-08-22,1,2022-08-29,3.7555363,4.2407575
2024,2022,Meta,2022-08-22,2,2022-09-05,3.3084483,3.9894917
2024,2022,Meta,2022-08-22,3,2022-09-12,2.7719433,3.7284195
2024,2022,Meta,2022-08-22,4,2022-09-19,2.3248556,3.4515135
2024,2022,Meta,2022-08-29,1,2022-09-05,3.3084483,3.759755
2024,2022,Meta,2022-08-29,2,2022-09-12,2.7719433,3.506187
2024,2022,Meta,2022-08-29,3,2022-09-19,2.3248556,3.2974513
2024,2022,Meta,2022-08-29,4,2022-09-26,4.292041,3.0928466
2024,2022,Meta,2022-09-05,1,2022-09-12,2.7719433,3.8454685
2024,2022,Meta,2022-09-05,2,2022-09-19,2.3248556,3.5886612
2024,2022,Meta,2022-09-05,3,2022-09-26,4.292041,3.3824115
2024,2022,Meta,2022-09-05,4,2022-10-03,3.6661184,3.1782143
2024,2022,Meta,2022-09-12,1,2022-09-19,2.3248556,3.5870938
2024,2022,Meta,2022-09-12,2,2022-09-26,4.292041,3.359275
2024,2022,Meta,2022-09-12,3,2022-10-03,3.6661184,3.2184618
2024,2022,Meta,2022-09-12,4,2022-10-10,2.9507782,3.052813
2024,2022,Meta,2022-09-19,1,2022-09-26,4.292041,3.2562656
2024,2022,Meta,2022-09-19,2,2022-10-03,3.6661184,3.0149705
2024,2022,Meta,2022-09-19,3,2022-10-10,2.9507782,2.9153776
2024,2022,Meta,2022-09-19,4,2022-10-17,3.3978658,2.7544885
2024,2022,Meta,2022-09-26,1,2022-10-03,3.6661184,2.966206
2024,2022,Meta,2022-09-26,2,2022-10-10,2.9507782,2.79684
2024,2022,Meta,2022-09-26,3,2022-10-17,3.3978658,2.7245371
2024,2022,Meta,2022-09-26,4,2022-10-24,3.9343712,2.6000001
2024,2022,Meta,2022-10-03,1,2022-10-10,2.9507782,3.658474
2024,2022,Meta,2022-10-03,2,2022-10-17,3.3978658,3.5060575
2024,2022,Meta,2022-10-03,3,2022-10-24,3.9343712,3.3867295
2024,2022,Meta,2022-10-03,4,2022-10-31,3.1296134,3.233138
2024,2022,Meta,2022-10-10,1,2022-10-17,3.3978658,3.8760016
2024,2022,Meta,2022-10-10,2,2022-10-24,3.9343712,3.6840694
2024,2022,Meta,2022-10-10,3,2022-10-31,3.1296134,3.631881
2024,2022,Meta,2022-10-10,4,2022-11-07,2.5931084,3.4463375
2024,2022,Meta,2022-10-17,1,2022-10-24,3.9343712,3.6429894
2024,2022,Meta,2022-10-17,2,2022-10-31,3.1296134,3.5160592
2024,2022,Meta,2022-10-17,3,2022-11-07,2.5931084,3.5058823
2024,2022,Meta,2022-10-17,4,2022-11-14,5.007381,3.4061604
2024,2022,Meta,2022-10-24,1,2022-10-31,3.1296134,3.7049143
2024,2022,Meta,2022-10-24,2,2022-11-07,2.5931084,3.5790827
2024,2022,Meta,2022-10-24,3,2022-11-14,5.007381,3.561498
2024,2022,Meta,2022-10-24,4,2022-11-21,3.8449538,3.4425206
2024,2022,Meta,2022-10-31,1,2022-11-07,2.5931084,3.960515
2024,2022,Meta,2022-10-31,2,2022-11-14,5.007381,3.8466876
2024,2022,Meta,2022-10-31,3,2022-11-21,3.8449538,3.8133957
2024,2022,Meta,2022-10-31,4,2022-11-28,3.1296134,3.6934173
2024,2022,Meta,2022-11-07,1,2022-11-14,5.007381,3.6436548
2024,2022,Meta,2022-11-07,2,2022-11-21,3.8449538,3.5516527
2024,2022,Meta,2022-11-07,3,2022-11-28,3.1296134,3.5522199
2024,2022,Meta,2022-11-07,4,2022-12-05,3.4872835,3.4346082
2024,2022,Meta,2022-11-14,1,2022-11-21,3.8449538,3.3776178
2024,2022,Meta,2022-11-14,2,2022-11-28,3.1296134,3.3681443
2024,2022,Meta,2022-11-14,3,2022-12-05,3.4872835,3.4288485
2024,2022,Meta,2022-11-14,4,2022-12-12,2.9507782,3.3593686
2024,2022,Meta,2022-11-21,1,2022-11-28,3.1296134,4.502226
2024,2022,Meta,2022-11-21,2,2022-12-05,3.4872835,4.438587
2024,2022,Meta,2022-11-21,3,2022-12-12,2.9507782,4.446702
2024,2022,Meta,2022-11-21,4,2022-12-19,3.2190309,4.2896466
2024,2022,Meta,2022-11-28,1,2022-12-05,3.4872835,4.5768127
2024,2022,Meta,2022-11-28,2,2022-12-12,2.9507782,4.39948
2024,2022,Meta,2022-11-28,3,2022-12-19,3.2190309,4.4126964
2024,2022,Meta,2022-11-28,4,2022-12-26,3.040196,4.245839
2024,2022,Narino,2022-04-18,1,2022-04-25,1.0687046,0.70774275
2024,2022,Narino,2022-04-18,2,2022-05-02,1.246822,0.6883463
2024,2022,Narino,2022-04-18,3,2022-05-09,0.17811745,0.7023305
2024,2022,Narino,2022-04-18,4,2022-05-16,0.83121467,0.68705314
2024,2022,Narino,2022-04-25,1,2022-05-02,1.246822,0.7675982
2024,2022,Narino,2022-04-25,2,2022-05-09,0.17811745,0.7303016
2024,2022,Narino,2022-04-25,3,2022-05-16,0.83121467,0.760711
2024,2022,Narino,2022-04-25,4,2022-05-23,0.83121467,0.7497261
2024,2022,Narino,2022-05-02,1,2022-05-09,0.17811745,0.8521563
2024,2022,Narino,2022-05-02,2,2022-05-16,0.83121467,0.8487829
2024,2022,Narino,2022-05-02,3,2022-05-23,0.83121467,0.8399516
2024,2022,Narino,2022-05-02,4,2022-05-30,1.246822,0.8538002
2024,2022,Narino,2022-05-09,1,2022-05-16,0.83121467,0.94425714
2024,2022,Narino,2022-05-09,2,2022-05-23,0.83121467,0.960267
2024,2022,Narino,2022-05-09,3,2022-05-30,1.246822,0.9274999
2024,2022,Narino,2022-05-09,4,2022-06-06,0.6530973,0.95686847
2024,2022,Narino,2022-05-16,1,2022-05-23,0.83121467,0.79853487
2024,2022,Narino,2022-05-16,2,2022-05-30,1.246822,0.7827717
2024,2022,Narino,2022-05-16,3,2022-06-06,0.6530973,0.7761407
2024,2022,Narino,2022-05-16,4,2022-06-13,0.9499597,0.7830577
2024,2022,Narino,2022-05-23,1,2022-05-30,1.246822,0.80372536
2024,2022,Narino,2022-05-23,2,2022-06-06,0.6530973,0.7773771
2024,2022,Narino,2022-05-23,3,2022-06-13,0.9499597,0.7700874
2024,2022,Narino,2022-05-23,4,2022-06-20,0.83121467,0.75512445
2024,2022,Narino,2022-05-30,1,2022-06-06,0.6530973,0.76340735
2024,2022,Narino,2022-05-30,2,2022-06-13,0.9499597,0.7503688
2024,2022,Narino,2022-05-30,3,2022-06-20,0.83121467,0.7457204
2024,2022,Narino,2022-05-30,4,2022-06-27,0.59372485,0.72860205
2024,2022,Narino,2022-06-06,1,2022-06-13,0.9499597,0.89584285
2024,2022,Narino,2022-06-06,2,2022-06-20,0.83121467,0.8724381
2024,2022,Narino,2022-06-06,3,2022-06-27,0.59372485,0.8573405
2024,2022,Narino,2022-06-06,4,2022-07-04,0.6530973,0.8518661
2024,2022,Narino,2022-06-13,1,2022-06-20,0.83121467,0.87047553
2024,2022,Narino,2022-06-13,2,2022-06-27,0.59372485,0.83561045
2024,2022,Narino,2022-06-13,3,2022-07-04,0.6530973,0.81218517
2024,2022,Narino,2022-06-13,4,2022-07-11,0.23748992,0.804045
2024,2022,Narino,2022-06-20,1,2022-06-27,0.59372485,0.85845035
2024,2022,Narino,2022-06-20,2,2022-07-04,0.6530973,0.8464582
2024,2022,Narino,2022-06-20,3,2022-07-11,0.23748992,0.8109682
2024,2022,Narino,2022-06-20,4,2022-07-18,0.35623488,0.809348
2024,2022,Narino,2022-06-27,1,2022-07-04,0.6530973,0.860913
2024,2022,Narino,2022-06-27,2,2022-07-11,0.23748992,0.843673
2024,2022,Narino,2022-06-27,3,2022-07-18,0.35623488,0.81321514
2024,2022,Narino,2022-06-27,4,2022-07-25,0.6530973,0.80643934
2024,2022,Narino,2022-07-04,1,2022-07-11,0.23748992,0.7625065
2024,2022,Narino,2022-07-04,2,2022-07-18,0.35623488,0.7574551
2024,2022,Narino,2022-07-04,3,2022-07-25,0.6530973,0.72886163
2024,2022,Narino,2022-07-04,4,2022-08-01,0.71246976,0.7262991
2024,2022,Narino,2022-07-11,1,2022-07-18,0.35623488,0.712167
2024,2022,Narino,2022-07-11,2,2022-07-25,0.6530973,0.7090082
2024,2022,Narino,2022-07-11,3,2022-08-01,0.71246976,0.678867
2024,2022,Narino,2022-07-11,4,2022-08-08,0.83121467,0.68103665
2024,2022,Narino,2022-07-18,1,2022-07-25,0.6530973,0.66391253
2024,2022,Narino,2022-07-18,2,2022-08-01,0.71246976,0.65233463
2024,2022,Narino,2022-07-18,3,2022-08-08,0.83121467,0.62832624
2024,2022,Narino,2022-07-18,4,2022-08-15,0.77184224,0.6335902
2024,2022,Narino,2022-07-25,1,2022-08-01,0.71246976,0.55504054
2024,2022,Narino,2022-07-25,2,2022-08-08,0.83121467,0.5543087
2024,2022,Narino,2022-07-25,3,2022-08-15,0.77184224,0.53809476
2024,2022,Narino,2022-07-25,4,2022-08-22,0.59372485,0.52827203
2024,2022,Narino,2022-08-01,1,2022-08-08,0.83121467,0.5226176
2024,2022,Narino,2022-08-01,2,2022-08-15,0.77184224,0.48821092
2024,2022,Narino,2022-08-01,3,2022-08-22,0.59372485,0.51080894
2024,2022,Narino,2022-08-01,4,2022-08-29,0.53435236,0.46603373
2024,2022,Narino,2022-08-08,1,2022-08-15,0.77184224,0.51665896
2024,2022,Narino,2022-08-08,2,2022-08-22,0.59372485,0.4961571
2024,2022,Narino,2022-08-08,3,2022-08-29,0.53435236,0.51255244
2024,2022,Narino,2022-08-08,4,2022-09-05,0.77184224,0.47922456
2024,2022,Narino,2022-08-15,1,2022-08-22,0.59372485,0.55408365
2024,2022,Narino,2022-08-15,2,2022-08-29,0.53435236,0.5531088
2024,2022,Narino,2022-08-15,3,2022-09-05,0.77184224,0.552327
2024,2022,Narino,2022-08-15,4,2022-09-12,0.8905873,0.52781284
2024,2022,Narino,2022-08-22,1,2022-08-29,0.53435236,0.67575467
2024,2022,Narino,2022-08-22,2,2022-09-05,0.77184224,0.650155
2024,2022,Narino,2022-08-22,3,2022-09-12,0.8905873,0.6287588
2024,2022,Narino,2022-08-22,4,2022-09-19,0.53435236,0.6068672
2024,2022,Narino,2022-08-29,1,2022-09-05,0.77184224,0.6170145
2024,2022,Narino,2022-08-29,2,2022-09-12,0.8905873,0.60918516
2024,2022,Narino,2022-08-29,3,2022-09-19,0.53435236,0.5859829
2024,2022,Narino,2022-08-29,4,2022-09-26,0.83121467,0.5769963
2024,2022,Narino,2022-09-05,1,2022-09-12,0.8905873,0.56795204
2024,2022,Narino,2022-09-05,2,2022-09-19,0.53435236,0.5674801
2024,2022,Narino,2022-09-05,3,2022-09-26,0.83121467,0.55551416
2024,2022,Narino,2022-09-05,4,2022-10-03,1.3061945,0.5321219
2024,2022,Narino,2022-09-12,1,2022-09-19,0.53435236,0.6104627
2024,2022,Narino,2022-09-12,2,2022-09-26,0.83121467,0.6132196
2024,2022,Narino,2022-09-12,3,2022-10-03,1.3061945,0.60258925
2024,2022,Narino,2022-09-12,4,2022-10-10,1.3655671,0.5901238
2024,2022,Narino,2022-09-19,1,2022-09-26,0.83121467,0.66993344
2024,2022,Narino,2022-09-19,2,2022-10-03,1.3061945,0.6631071
2024,2022,Narino,2022-09-19,3,2022-10-10,1.3655671,0.67018825
2024,2022,Narino,2022-09-19,4,2022-10-17,0.6530973,0.6569788
2024,2022,Narino,2022-09-26,1,2022-10-03,1.3061945,0.6239603
2024,2022,Narino,2022-09-26,2,2022-10-10,1.3655671,0.61958027
2024,2022,Narino,2022-09-26,3,2022-10-17,0.6530973,0.6224436
2024,2022,Narino,2022-09-26,4,2022-10-24,0.47497988,0.60975033
2024,2022,Narino,2022-10-03,1,2022-10-10,1.3655671,0.65731543
2024,2022,Narino,2022-10-03,2,2022-10-17,0.6530973,0.65441966
2024,2022,Narino,2022-10-03,3,2022-10-24,0.47497988,0.6726386
2024,2022,Narino,2022-10-03,4,2022-10-31,1.0093322,0.65375453
2024,2022,Narino,2022-10-10,1,2022-10-17,0.6530973,0.8068423
2024,2022,Narino,2022-10-10,2,2022-10-24,0.47497988,0.7922205
2024,2022,Narino,2022-10-10,3,2022-10-31,1.0093322,0.81846607
2024,2022,Narino,2022-10-10,4,2022-11-07,0.83121467,0.81221527
2024,2022,Narino,2022-10-17,1,2022-10-24,0.47497988,0.94316465
2024,2022,Narino,2022-10-17,2,2022-10-31,1.0093322,0.95062244
2024,2022,Narino,2022-10-17,3,2022-11-07,0.83121467,0.976299
2024,2022,Narino,2022-10-17,4,2022-11-14,0.83121467,1.0180875
2024,2022,Narino,2022-10-24,1,2022-10-31,1.0093322,0.91345763
2024,2022,Narino,2022-10-24,2,2022-11-07,0.83121467,0.91709214
2024,2022,Narino,2022-10-24,3,2022-11-14,0.83121467,0.9240803
2024,2022,Narino,2022-10-24,4,2022-11-21,0.71246976,0.954054
2024,2022,Narino,2022-10-31,1,2022-11-07,0.83121467,0.84196347
2024,2022,Narino,2022-10-31,2,2022-11-14,0.83121467,0.8497275
2024,2022,Narino,2022-10-31,3,2022-11-21,0.71246976,0.851564
2024,2022,Narino,2022-10-31,4,2022-11-28,0.6530973,0.88597524
2024,2022,Narino,2022-11-07,1,2022-11-14,0.83121467,0.872287
2024,2022,Narino,2022-11-07,2,2022-11-21,0.71246976,0.8993741
2024,2022,Narino,2022-11-07,3,2022-11-28,0.6530973,0.9112055
2024,2022,Narino,2022-11-07,4,2022-12-05,0.53435236,0.9485585
2024,2022,Narino,2022-11-14,1,2022-11-21,0.71246976,0.8776428
2024,2022,Narino,2022-11-14,2,2022-11-28,0.6530973,0.936109
2024,2022,Narino,2022-11-14,3,2022-12-05,0.53435236,0.91823655
2024,2022,Narino,2022-11-14,4,2022-12-12,0.47497988,1.0147461
2024,2022,Narino,2022-11-21,1,2022-11-28,0.6530973,0.9453037
2024,2022,Narino,2022-11-21,2,2022-12-05,0.53435236,1.0187814
2024,2022,Narino,2022-11-21,3,2022-12-12,0.47497988,0.9927082
2024,2022,Narino,2022-11-21,4,2022-12-19,0.17811745,1.1209364
2024,2022,Narino,2022-11-28,1,2022-12-05,0.53435236,0.94149774
2024,2022,Narino,2022-11-28,2,2022-12-12,0.47497988,1.0237944
2024,2022,Narino,2022-11-28,3,2022-12-19,0.17811745,1.0089729
2024,2022,Narino,2022-11-28,4,2022-12-26,0.35623488,1.1505271
2024,2022,Norte De Santander,2022-04-18,1,2022-04-25,2.2894135,2.193392
2024,2022,Norte De Santander,2022-04-18,2,2022-05-02,2.3496609,2.163708
2024,2022,Norte De Santander,2022-04-18,3,2022-05-09,2.168918,2.2297986
2024,2022,Norte De Santander,2022-04-18,4,2022-05-16,2.048422,2.30129
2024,2022,Norte De Santander,2022-04-25,1,2022-05-02,2.3496609,2.4524682
2024,2022,Norte De Santander,2022-04-25,2,2022-05-09,2.168918,2.3463948
2024,2022,Norte De Santander,2022-04-25,3,2022-05-16,2.048422,2.4364457
2024,2022,Norte De Santander,2022-04-25,4,2022-05-23,1.8676791,2.4373388
2024,2022,Norte De Santander,2022-05-02,1,2022-05-09,2.168918,2.6093109
2024,2022,Norte De Santander,2022-05-02,2,2022-05-16,2.048422,2.483871
2024,2022,Norte De Santander,2022-05-02,3,2022-05-23,1.8676791,2.4820154
2024,2022,Norte De Santander,2022-05-02,4,2022-05-30,1.9279267,2.4490287
2024,2022,Norte De Santander,2022-05-09,1,2022-05-16,2.048422,2.60255
2024,2022,Norte De Santander,2022-05-09,2,2022-05-23,1.8676791,2.5125284
2024,2022,Norte De Santander,2022-05-09,3,2022-05-30,1.9279267,2.5770826
2024,2022,Norte De Santander,2022-05-09,4,2022-06-06,2.4701562,2.5888884
2024,2022,Norte De Santander,2022-05-16,1,2022-05-23,1.8676791,2.4975111
2024,2022,Norte De Santander,2022-05-16,2,2022-05-30,1.9279267,2.396724
2024,2022,Norte De Santander,2022-05-16,3,2022-06-06,2.4701562,2.398328
2024,2022,Norte De Santander,2022-05-16,4,2022-06-13,2.3496609,2.3480947
2024,2022,Norte De Santander,2022-05-23,1,2022-05-30,1.9279267,2.4921372
2024,2022,Norte De Santander,2022-05-23,2,2022-06-06,2.4701562,2.4016762
2024,2022,Norte De Santander,2022-05-23,3,2022-06-13,2.3496609,2.3807738
2024,2022,Norte De Santander,2022-05-23,4,2022-06-20,3.2533765,2.3427148
2024,2022,Norte De Santander,2022-05-30,1,2022-06-06,2.4701562,2.3791068
2024,2022,Norte De Santander,2022-05-30,2,2022-06-13,2.3496609,2.3514445
2024,2022,Norte De Santander,2022-05-30,3,2022-06-20,3.2533765,2.3367894
2024,2022,Norte De Santander,2022-05-30,4,2022-06-27,1.686936,2.3246949
2024,2022,Norte De Santander,2022-06-06,1,2022-06-13,2.3496609,2.2535987
2024,2022,Norte De Santander,2022-06-06,2,2022-06-20,3.2533765,2.200287
2024,2022,Norte De Santander,2022-06-06,3,2022-06-27,1.686936,2.1277149
2024,2022,Norte De Santander,2022-06-06,4,2022-07-04,1.265202,2.1515749
2024,2022,Norte De Santander,2022-06-13,1,2022-06-20,3.2533765,2.4017391
2024,2022,Norte De Santander,2022-06-13,2,2022-06-27,1.686936,2.2837043
2024,2022,Norte De Santander,2022-06-13,3,2022-07-04,1.265202,2.2695835
2024,2022,Norte De Santander,2022-06-13,4,2022-07-11,3.193129,2.2167406
2024,2022,Norte De Santander,2022-06-20,1,2022-06-27,1.686936,2.5408332
2024,2022,Norte De Santander,2022-06-20,2,2022-07-04,1.265202,2.4121363
2024,2022,Norte De Santander,2022-06-20,3,2022-07-11,3.193129,2.4495957
2024,2022,Norte De Santander,2022-06-20,4,2022-07-18,3.193129,2.4006743
2024,2022,Norte De Santander,2022-06-27,1,2022-07-04,1.265202,3.049863
2024,2022,Norte De Santander,2022-06-27,2,2022-07-11,3.193129,2.9355614
2024,2022,Norte De Santander,2022-06-27,3,2022-07-18,3.193129,2.9174926
2024,2022,Norte De Santander,2022-06-27,4,2022-07-25,4.2775874,2.8437352
2024,2022,Norte De Santander,2022-07-04,1,2022-07-11,3.193129,2.619597
2024,2022,Norte De Santander,2022-07-04,2,2022-07-18,3.193129,2.503143
2024,2022,Norte De Santander,2022-07-04,3,2022-07-25,4.2775874,2.4993186
2024,2022,Norte De Santander,2022-07-04,4,2022-08-01,2.10867,2.3865612
2024,2022,Norte De Santander,2022-07-11,1,2022-07-18,3.193129,1.9713087
2024,2022,Norte De Santander,2022-07-11,2,2022-07-25,4.2775874,1.9085307
2024,2022,Norte De Santander,2022-07-11,3,2022-08-01,2.10867,1.9090575
2024,2022,Norte De Santander,2022-07-11,4,2022-08-08,2.5304039,1.8661344
2024,2022,Norte De Santander,2022-07-18,1,2022-07-25,4.2775874,2.5876095
2024,2022,Norte De Santander,2022-07-18,2,2022-08-01,2.10867,2.519283
2024,2022,Norte De Santander,2022-07-18,3,2022-08-08,2.5304039,2.502234
2024,2022,Norte De Santander,2022-07-18,4,2022-08-15,1.6266884,2.4651384
2024,2022,Norte De Santander,2022-07-25,1,2022-08-01,2.10867,3.045668
2024,2022,Norte De Santander,2022-07-25,2,2022-08-08,2.5304039,2.9093611
2024,2022,Norte De Santander,2022-07-25,3,2022-08-15,1.6266884,2.9178233
2024,2022,Norte De Santander,2022-07-25,4,2022-08-22,2.2894135,2.7993438
2024,2022,Norte De Santander,2022-08-01,1,2022-08-08,2.5304039,3.7994792
2024,2022,Norte De Santander,2022-08-01,2,2022-08-15,1.6266884,3.6060545
2024,2022,Norte De Santander,2022-08-01,3,2022-08-22,2.2894135,3.626087
2024,2022,Norte De Santander,2022-08-01,4,2022-08-29,2.5304039,3.4783545
2024,2022,Norte De Santander,2022-08-08,1,2022-08-15,1.6266884,3.2004433
2024,2022,Norte De Santander,2022-08-08,2,2022-08-22,2.2894135,3.0529892
2024,2022,Norte De Santander,2022-08-08,3,2022-08-29,2.5304039,3.0915568
2024,2022,Norte De Santander,2022-08-08,4,2022-09-05,1.9279267,2.9856093
2024,2022,Norte De Santander,2022-08-15,1,2022-08-22,2.2894135,3.0517054
2024,2022,Norte De Santander,2022-08-15,2,2022-08-29,2.5304039,2.99049
2024,2022,Norte De Santander,2022-08-15,3,2022-09-05,1.9279267,2.9710932
2024,2022,Norte De Santander,2022-08-15,4,2022-09-12,2.4099088,2.9371803
2024,2022,Norte De Santander,2022-08-22,1,2022-08-29,2.5304039,2.4698033
2024,2022,Norte De Santander,2022-08-22,2,2022-09-05,1.9279267,2.422621
2024,2022,Norte De Santander,2022-08-22,3,2022-09-12,2.4099088,2.3930235
2024,2022,Norte De Santander,2022-08-22,4,2022-09-19,1.7471836,2.3361924
2024,2022,Norte De Santander,2022-08-29,1,2022-09-05,1.9279267,2.417578
2024,2022,Norte De Santander,2022-08-29,2,2022-09-12,2.4099088,2.357246
2024,2022,Norte De Santander,2022-08-29,3,2022-09-19,1.7471836,2.3680985
2024,2022,Norte De Santander,2022-08-29,4,2022-09-26,1.686936,2.3416479
2024,2022,Norte De Santander,2022-09-05,1,2022-09-12,2.4099088,2.6481953
2024,2022,Norte De Santander,2022-09-05,2,2022-09-19,1.7471836,2.5607855
2024,2022,Norte De Santander,2022-09-05,3,2022-09-26,1.686936,2.5900412
2024,2022,Norte De Santander,2022-09-05,4,2022-10-03,2.048422,2.5627718
2024,2022,Norte De Santander,2022-09-12,1,2022-09-19,1.7471836,2.5121694
2024,2022,Norte De Santander,2022-09-12,2,2022-09-26,1.686936,2.4633398
2024,2022,Norte De Santander,2022-09-12,3,2022-10-03,2.048422,2.4781582
2024,2022,Norte De Santander,2022-09-12,4,2022-10-10,1.6266884,2.4587202
2024,2022,Norte De Santander,2022-09-19,1,2022-09-26,1.686936,2.5703018
2024,2022,Norte De Santander,2022-09-19,2,2022-10-03,2.048422,2.4816759
2024,2022,Norte De Santander,2022-09-19,3,2022-10-10,1.6266884,2.4865172
2024,2022,Norte De Santander,2022-09-19,4,2022-10-17,1.2049543,2.490135
2024,2022,Norte De Santander,2022-09-26,1,2022-10-03,2.048422,2.3079956
2024,2022,Norte De Santander,2022-09-26,2,2022-10-10,1.6266884,2.3042445
2024,2022,Norte De Santander,2022-09-26,3,2022-10-17,1.2049543,2.3241043
2024,2022,Norte De Santander,2022-09-26,4,2022-10-24,2.048422,2.3788745
2024,2022,Norte De Santander,2022-10-03,1,2022-10-10,1.6266884,2.2175305
2024,2022,Norte De Santander,2022-10-03,2,2022-10-17,1.2049543,2.2498696
2024,2022,Norte De Santander,2022-10-03,3,2022-10-24,2.048422,2.298773
2024,2022,Norte De Santander,2022-10-03,4,2022-10-31,1.6266884,2.3597965
2024,2022,Norte De Santander,2022-10-10,1,2022-10-17,1.2049543,2.2829921
2024,2022,Norte De Santander,2022-10-10,2,2022-10-24,2.048422,2.3141003
2024,2022,Norte De Santander,2022-10-10,3,2022-10-31,1.6266884,2.294341
2024,2022,Norte De Santander,2022-10-10,4,2022-11-07,1.6266884,2.3506947
2024,2022,Norte De Santander,2022-10-17,1,2022-10-24,2.048422,2.168808
2024,2022,Norte De Santander,2022-10-17,2,2022-10-31,1.6266884,2.1372392
2024,2022,Norte De Santander,2022-10-17,3,2022-11-07,1.6266884,2.132668
2024,2022,Norte De Santander,2022-10-17,4,2022-11-14,1.3856975,2.1802385
2024,2022,Norte De Santander,2022-10-24,1,2022-10-31,1.6266884,1.8643305
2024,2022,Norte De Santander,2022-10-24,2,2022-11-07,1.6266884,1.8657483
2024,2022,Norte De Santander,2022-10-24,3,2022-11-14,1.3856975,1.842645
2024,2022,Norte De Santander,2022-10-24,4,2022-11-21,2.7111473,1.9287869
2024,2022,Norte De Santander,2022-10-31,1,2022-11-07,1.6266884,1.9850607
2024,2022,Norte De Santander,2022-10-31,2,2022-11-14,1.3856975,1.9798211
2024,2022,Norte De Santander,2022-10-31,3,2022-11-21,2.7111473,1.9399046
2024,2022,Norte De Santander,2022-10-31,4,2022-11-28,1.5061929,2.0097713
2024,2022,Norte De Santander,2022-11-07,1,2022-11-14,1.3856975,1.950535
2024,2022,Norte De Santander,2022-11-07,2,2022-11-21,2.7111473,1.9747493
2024,2022,Norte De Santander,2022-11-07,3,2022-11-28,1.5061929,1.8814574
2024,2022,Norte De Santander,2022-11-07,4,2022-12-05,1.8074313,1.9920384
2024,2022,Norte De Santander,2022-11-14,1,2022-11-21,2.7111473,1.8974149
2024,2022,Norte De Santander,2022-11-14,2,2022-11-28,1.5061929,1.9336915
2024,2022,Norte De Santander,2022-11-14,3,2022-12-05,1.8074313,1.8553126
2024,2022,Norte De Santander,2022-11-14,4,2022-12-12,1.7471836,1.9975313
2024,2022,Norte De Santander,2022-11-21,1,2022-11-28,1.5061929,1.7815979
2024,2022,Norte De Santander,2022-11-21,2,2022-12-05,1.8074313,1.8101723
2024,2022,Norte De Santander,2022-11-21,3,2022-12-12,1.7471836,1.6857826
2024,2022,Norte De Santander,2022-11-21,4,2022-12-19,1.3856975,1.8345504
2024,2022,Norte De Santander,2022-11-28,1,2022-12-05,1.8074313,2.4097397
2024,2022,Norte De Santander,2022-11-28,2,2022-12-12,1.7471836,2.5588286
2024,2022,Norte De Santander,2022-11-28,3,2022-12-19,1.3856975,2.469735
2024,2022,Norte De Santander,2022-11-28,4,2022-12-26,1.5061929,2.7172575
2024,2022,Putumayo,2022-04-18,1,2022-04-25,3.2054708,5.457936
2024,2022,Putumayo,2022-04-18,2,2022-05-02,3.739716,5.331184
2024,2022,Putumayo,2022-04-18,3,2022-05-09,2.6712255,5.1526203
2024,2022,Putumayo,2022-04-18,4,2022-05-16,0.8013677,5.245652
2024,2022,Putumayo,2022-04-25,1,2022-05-02,3.739716,4.7512283
2024,2022,Putumayo,2022-04-25,2,2022-05-09,2.6712255,4.591735
2024,2022,Putumayo,2022-04-25,3,2022-05-16,0.8013677,4.4462156
2024,2022,Putumayo,2022-04-25,4,2022-05-23,3.739716,4.3293104
2024,2022,Putumayo,2022-05-02,1,2022-05-09,2.6712255,3.9176998
2024,2022,Putumayo,2022-05-02,2,2022-05-16,0.8013677,3.728596
2024,2022,Putumayo,2022-05-02,3,2022-05-23,3.739716,3.5875175
2024,2022,Putumayo,2022-05-02,4,2022-05-30,2.9383483,3.4495962
2024,2022,Putumayo,2022-05-09,1,2022-05-16,0.8013677,3.7171917
2024,2022,Putumayo,2022-05-09,2,2022-05-23,3.739716,3.4996622
2024,2022,Putumayo,2022-05-09,3,2022-05-30,2.9383483,3.3410523
2024,2022,Putumayo,2022-05-09,4,2022-06-06,3.4725935,3.226469
2024,2022,Putumayo,2022-05-16,1,2022-05-23,3.739716,2.9428043
2024,2022,Putumayo,2022-05-16,2,2022-05-30,2.9383483,2.7043855
2024,2022,Putumayo,2022-05-16,3,2022-06-06,3.4725935,2.6574504
2024,2022,Putumayo,2022-05-16,4,2022-06-13,0.26712254,2.4805713
2024,2022,Putumayo,2022-05-23,1,2022-05-30,2.9383483,1.8518306
2024,2022,Putumayo,2022-05-23,2,2022-06-06,3.4725935,1.7114893
2024,2022,Putumayo,2022-05-23,3,2022-06-13,0.26712254,1.6785686
2024,2022,Putumayo,2022-05-23,4,2022-06-20,2.6712255,1.600171
2024,2022,Putumayo,2022-05-30,1,2022-06-06,3.4725935,2.3199801
2024,2022,Putumayo,2022-05-30,2,2022-06-13,0.26712254,2.119427
2024,2022,Putumayo,2022-05-30,3,2022-06-20,2.6712255,2.0520744
2024,2022,Putumayo,2022-05-30,4,2022-06-27,2.4041028,1.8863956
2024,2022,Putumayo,2022-06-06,1,2022-06-13,0.26712254,2.45548
2024,2022,Putumayo,2022-06-06,2,2022-06-20,2.6712255,2.2328625
2024,2022,Putumayo,2022-06-06,3,2022-06-27,2.4041028,2.1546123
2024,2022,Putumayo,2022-06-06,4,2022-07-04,1.6027353,1.971545
2024,2022,Putumayo,2022-06-13,1,2022-06-20,2.6712255,2.3970537
2024,2022,Putumayo,2022-06-13,2,2022-06-27,2.4041028,2.183172
2024,2022,Putumayo,2022-06-13,3,2022-07-04,1.6027353,2.0957918
2024,2022,Putumayo,2022-06-13,4,2022-07-11,2.1369805,1.902622
2024,2022,Putumayo,2022-06-20,1,2022-06-27,2.4041028,1.5731096
2024,2022,Putumayo,2022-06-20,2,2022-07-04,1.6027353,1.4671817
2024,2022,Putumayo,2022-06-20,3,2022-07-11,2.1369805,1.4036893
2024,2022,Putumayo,2022-06-20,4,2022-07-18,1.3356128,1.3182988
2024,2022,Putumayo,2022-06-27,1,2022-07-04,1.6027353,1.5877353
2024,2022,Putumayo,2022-06-27,2,2022-07-11,2.1369805,1.5206126
2024,2022,Putumayo,2022-06-27,3,2022-07-18,1.3356128,1.3840971
2024,2022,Putumayo,2022-06-27,4,2022-07-25,0.53424513,1.2950308
2024,2022,Putumayo,2022-07-04,1,2022-07-11,2.1369805,1.6166245
2024,2022,Putumayo,2022-07-04,2,2022-07-18,1.3356128,1.5064974
2024,2022,Putumayo,2022-07-04,3,2022-07-25,0.53424513,1.3733855
2024,2022,Putumayo,2022-07-04,4,2022-08-01,2.9383483,1.3006097
2024,2022,Putumayo,2022-07-11,1,2022-07-18,1.3356128,1.2302113
2024,2022,Putumayo,2022-07-11,2,2022-07-25,0.53424513,1.1558827
2024,2022,Putumayo,2022-07-11,3,2022-08-01,2.9383483,1.0605575
2024,2022,Putumayo,2022-07-11,4,2022-08-08,0.8013677,1.0136771
2024,2022,Putumayo,2022-07-18,1,2022-07-25,0.53424513,1.223376
2024,2022,Putumayo,2022-07-18,2,2022-08-01,2.9383483,1.1523609
2024,2022,Putumayo,2022-07-18,3,2022-08-08,0.8013677,1.0572093
2024,2022,Putumayo,2022-07-18,4,2022-08-15,0.26712254,0.9825596
2024,2022,Putumayo,2022-07-25,1,2022-08-01,2.9383483,1.0411803
2024,2022,Putumayo,2022-07-25,2,2022-08-08,0.8013677,0.96423984
2024,2022,Putumayo,2022-07-25,3,2022-08-15,0.26712254,0.92032015
2024,2022,Putumayo,2022-07-25,4,2022-08-22,0.53424513,0.858344
2024,2022,Putumayo,2022-08-01,1,2022-08-08,0.8013677,0.78642637
2024,2022,Putumayo,2022-08-01,2,2022-08-15,0.26712254,0.73426837
2024,2022,Putumayo,2022-08-01,3,2022-08-22,0.53424513,0.7070033
2024,2022,Putumayo,2022-08-01,4,2022-08-29,1.0684903,0.64026713
2024,2022,Putumayo,2022-08-08,1,2022-08-15,0.26712254,0.81529844
2024,2022,Putumayo,2022-08-08,2,2022-08-22,0.53424513,0.73748666
2024,2022,Putumayo,2022-08-08,3,2022-08-29,1.0684903,0.68679154
2024,2022,Putumayo,2022-08-08,4,2022-09-05,0.8013677,0.60048825
2024,2022,Putumayo,2022-08-15,1,2022-08-22,0.53424513,0.80911875
2024,2022,Putumayo,2022-08-15,2,2022-08-29,1.0684903,0.72164094
2024,2022,Putumayo,2022-08-15,3,2022-09-05,0.8013677,0.6898024
2024,2022,Putumayo,2022-08-15,4,2022-09-12,0.53424513,0.6179573
2024,2022,Putumayo,2022-08-22,1,2022-08-29,1.0684903,0.62694883
2024,2022,Putumayo,2022-08-22,2,2022-09-05,0.8013677,0.5942189
2024,2022,Putumayo,2022-08-22,3,2022-09-12,0.53424513,0.5615833
2024,2022,Putumayo,2022-08-22,4,2022-09-19,1.3356128,0.49604037
2024,2022,Putumayo,2022-08-29,1,2022-09-05,0.8013677,0.55226177
2024,2022,Putumayo,2022-08-29,2,2022-09-12,0.53424513,0.50762665
2024,2022,Putumayo,2022-08-29,3,2022-09-19,1.3356128,0.472731
2024,2022,Putumayo,2022-08-29,4,2022-09-26,1.6027353,0.41654873
2024,2022,Putumayo,2022-09-05,1,2022-09-12,0.53424513,0.51511365
2024,2022,Putumayo,2022-09-05,2,2022-09-19,1.3356128,0.46765643
2024,2022,Putumayo,2022-09-05,3,2022-09-26,1.6027353,0.4701987
2024,2022,Putumayo,2022-09-05,4,2022-10-03,1.0684903,0.42390203
2024,2022,Putumayo,2022-09-12,1,2022-09-19,1.3356128,0.5589123
2024,2022,Putumayo,2022-09-12,2,2022-09-26,1.6027353,0.51518935
2024,2022,Putumayo,2022-09-12,3,2022-10-03,1.0684903,0.5219934
2024,2022,Putumayo,2022-09-12,4,2022-10-10,1.8698579,0.48966342
2024,2022,Putumayo,2022-09-19,1,2022-09-26,1.6027353,0.50943625
2024,2022,Putumayo,2022-09-19,2,2022-10-03,1.0684903,0.47902423
2024,2022,Putumayo,2022-09-19,3,2022-10-10,1.8698579,0.5020342
2024,2022,Putumayo,2022-09-19,4,2022-10-17,0.8013677,0.45883068
2024,2022,Putumayo,2022-09-26,1,2022-10-03,1.0684903,0.63086486
2024,2022,Putumayo,2022-09-26,2,2022-10-10,1.8698579,0.5983389
2024,2022,Putumayo,2022-09-26,3,2022-10-17,0.8013677,0.6290265
2024,2022,Putumayo,2022-09-26,4,2022-10-24,1.8698579,0.59960526
2024,2022,Putumayo,2022-10-03,1,2022-10-10,1.8698579,0.76582205
2024,2022,Putumayo,2022-10-03,2,2022-10-17,0.8013677,0.7445034
2024,2022,Putumayo,2022-10-03,3,2022-10-24,1.8698579,0.7720841
2024,2022,Putumayo,2022-10-03,4,2022-10-31,1.3356128,0.73331547
2024,2022,Putumayo,2022-10-10,1,2022-10-17,0.8013677,0.8338696
2024,2022,Putumayo,2022-10-10,2,2022-10-24,1.8698579,0.8431868
2024,2022,Putumayo,2022-10-10,3,2022-10-31,1.3356128,0.8755516
2024,2022,Putumayo,2022-10-10,4,2022-11-07,1.6027353,0.8604608
2024,2022,Putumayo,2022-10-17,1,2022-10-24,1.8698579,1.0160813
2024,2022,Putumayo,2022-10-17,2,2022-10-31,1.3356128,1.0476695
2024,2022,Putumayo,2022-10-17,3,2022-11-07,1.6027353,1.1277363
2024,2022,Putumayo,2022-10-17,4,2022-11-14,2.9383483,1.1613965
2024,2022,Putumayo,2022-10-24,1,2022-10-31,1.3356128,1.1067185
2024,2022,Putumayo,2022-10-24,2,2022-11-07,1.6027353,1.1395414
2024,2022,Putumayo,2022-10-24,3,2022-11-14,2.9383483,1.1887794
2024,2022,Putumayo,2022-10-24,4,2022-11-21,1.8698579,1.2118362
2024,2022,Putumayo,2022-10-31,1,2022-11-07,1.6027353,1.1548069
2024,2022,Putumayo,2022-10-31,2,2022-11-14,2.9383483,1.1719668
2024,2022,Putumayo,2022-10-31,3,2022-11-21,1.8698579,1.2207527
2024,2022,Putumayo,2022-10-31,4,2022-11-28,3.4725935,1.2172208
2024,2022,Putumayo,2022-11-07,1,2022-11-14,2.9383483,1.197217
2024,2022,Putumayo,2022-11-07,2,2022-11-21,1.8698579,1.25033
2024,2022,Putumayo,2022-11-07,3,2022-11-28,3.4725935,1.3102576
2024,2022,Putumayo,2022-11-07,4,2022-12-05,4.0068383,1.326078
2024,2022,Putumayo,2022-11-14,1,2022-11-21,1.8698579,1.2540503
2024,2022,Putumayo,2022-11-14,2,2022-11-28,3.4725935,1.3536607
2024,2022,Putumayo,2022-11-14,3,2022-12-05,4.0068383,1.3824763
2024,2022,Putumayo,2022-11-14,4,2022-12-12,3.2054708,1.4842715
2024,2022,Putumayo,2022-11-21,1,2022-11-28,3.4725935,1.7861881
2024,2022,Putumayo,2022-11-21,2,2022-12-05,4.0068383,1.8671179
2024,2022,Putumayo,2022-11-21,3,2022-12-12,3.2054708,1.8628391
2024,2022,Putumayo,2022-11-21,4,2022-12-19,2.6712255,1.965312
2024,2022,Putumayo,2022-11-28,1,2022-12-05,4.0068383,1.8800621
2024,2022,Putumayo,2022-11-28,2,2022-12-12,3.2054708,1.9682329
2024,2022,Putumayo,2022-11-28,3,2022-12-19,2.6712255,1.9642892
2024,2022,Putumayo,2022-11-28,4,2022-12-26,2.9383483,2.0764856
2024,2022,Quindio,2022-04-18,1,2022-04-25,0.0,0.024747128
2024,2022,Quindio,2022-04-18,2,2022-05-02,0.18031631,0.021468746
2024,2022,Quindio,2022-04-18,3,2022-05-09,0.0,0.016988749
2024,2022,Quindio,2022-04-18,4,2022-05-16,0.18031631,0.0
2024,2022,Quindio,2022-04-25,1,2022-05-02,0.18031631,0.03765963
2024,2022,Quindio,2022-04-25,2,2022-05-09,0.0,0.036063038
2024,2022,Quindio,2022-04-25,3,2022-05-16,0.18031631,0.025821777
2024,2022,Quindio,2022-04-25,4,2022-05-23,0.0,0.013442419
2024,2022,Quindio,2022-05-02,1,2022-05-09,0.0,0.03596394
2024,2022,Quindio,2022-05-02,2,2022-05-16,0.18031631,0.03160408
2024,2022,Quindio,2022-05-02,3,2022-05-23,0.0,0.024855763
2024,2022,Quindio,2022-05-02,4,2022-05-30,0.0,0.016819209
2024,2022,Quindio,2022-05-09,1,2022-05-16,0.18031631,0.03307181
2024,2022,Quindio,2022-05-09,2,2022-05-23,0.0,0.022407701
2024,2022,Quindio,2022-05-09,3,2022-05-30,0.0,0.0247991
2024,2022,Quindio,2022-05-09,4,2022-06-06,0.0,0.0035487502
2024,2022,Quindio,2022-05-16,1,2022-05-23,0.0,0.033835232
2024,2022,Quindio,2022-05-16,2,2022-05-30,0.0,0.018402856
2024,2022,Quindio,2022-05-16,3,2022-06-06,0.0,0.017340109
2024,2022,Quindio,2022-05-16,4,2022-06-13,0.0,0.0
2024,2022,Quindio,2022-05-23,1,2022-05-30,0.0,0.042935565
2024,2022,Quindio,2022-05-23,2,2022-06-06,0.0,0.025621742
2024,2022,Quindio,2022-05-23,3,2022-06-13,0.0,0.03045145
2024,2022,Quindio,2022-05-23,4,2022-06-20,0.0,0.010803813
2024,2022,Quindio,2022-05-30,1,2022-06-06,0.0,0.025188522
2024,2022,Quindio,2022-05-30,2,2022-06-13,0.0,0.015961766
2024,2022,Quindio,2022-05-30,3,2022-06-20,0.0,0.016279418
2024,2022,Quindio,2022-05-30,4,2022-06-27,0.0,0.0
2024,2022,Quindio,2022-06-06,1,2022-06-13,0.0,0.02206701
2024,2022,Quindio,2022-06-06,2,2022-06-20,0.0,0.011369653
2024,2022,Quindio,2022-06-06,3,2022-06-27,0.0,0.01342087
2024,2022,Quindio,2022-06-06,4,2022-07-04,0.36063263,0.0
2024,2022,Quindio,2022-06-13,1,2022-06-20,0.0,0.019897124
2024,2022,Quindio,2022-06-13,2,2022-06-27,0.0,0.0106878495
2024,2022,Quindio,2022-06-13,3,2022-07-04,0.36063263,0.008724486
2024,2022,Quindio,2022-06-13,4,2022-07-11,0.0,0.0
2024,2022,Quindio,2022-06-20,1,2022-06-27,0.0,0.015085626
2024,2022,Quindio,2022-06-20,2,2022-07-04,0.36063263,0.012098914
2024,2022,Quindio,2022-06-20,3,2022-07-11,0.0,0.012382986
2024,2022,Quindio,2022-06-20,4,2022-07-18,0.18031631,0.0
2024,2022,Quindio,2022-06-27,1,2022-07-04,0.36063263,0.016660279
2024,2022,Quindio,2022-06-27,2,2022-07-11,0.0,0.017082663
2024,2022,Quindio,2022-06-27,3,2022-07-18,0.18031631,0.01110486
2024,2022,Quindio,2022-06-27,4,2022-07-25,0.0,0.0
2024,2022,Quindio,2022-07-04,1,2022-07-11,0.0,0.008462512
2024,2022,Quindio,2022-07-04,2,2022-07-18,0.18031631,0.0074753244
2024,2022,Quindio,2022-07-04,3,2022-07-25,0.0,0.009464644
2024,2022,Quindio,2022-07-04,4,2022-08-01,0.0,0.0
2024,2022,Quindio,2022-07-11,1,2022-07-18,0.18031631,0.025636971
2024,2022,Quindio,2022-07-11,2,2022-07-25,0.0,0.01363605
2024,2022,Quindio,2022-07-11,3,2022-08-01,0.0,0.025207924
2024,2022,Quindio,2022-07-11,4,2022-08-08,0.18031631,0.0
2024,2022,Quindio,2022-07-18,1,2022-07-25,0.0,0.018716602
2024,2022,Quindio,2022-07-18,2,2022-08-01,0.0,0.012372739
2024,2022,Quindio,2022-07-18,3,2022-08-08,0.18031631,0.017812606
2024,2022,Quindio,2022-07-18,4,2022-08-15,0.0,0.0
2024,2022,Quindio,2022-07-25,1,2022-08-01,0.0,0.028009476
2024,2022,Quindio,2022-07-25,2,2022-08-08,0.18031631,0.012079278
2024,2022,Quindio,2022-07-25,3,2022-08-15,0.0,0.027456257
2024,2022,Quindio,2022-07-25,4,2022-08-22,0.18031631,0.0
2024,2022,Quindio,2022-08-01,1,2022-08-08,0.18031631,0.029567033
2024,2022,Quindio,2022-08-01,2,2022-08-15,0.0,0.0123033365
2024,2022,Quindio,2022-08-01,3,2022-08-22,0.18031631,0.022226365
2024,2022,Quindio,2022-08-01,4,2022-08-29,0.0,0.0
2024,2022,Quindio,2022-08-08,1,2022-08-15,0.0,0.028397521
2024,2022,Quindio,2022-08-08,2,2022-08-22,0.18031631,0.011091157
2024,2022,Quindio,2022-08-08,3,2022-08-29,0.0,0.0209758
2024,2022,Quindio,2022-08-08,4,2022-09-05,0.0,0.0
2024,2022,Quindio,2022-08-15,1,2022-08-22,0.18031631,0.024929818
2024,2022,Quindio,2022-08-15,2,2022-08-29,0.0,0.012464705
2024,2022,Quindio,2022-08-15,3,2022-09-05,0.0,0.018105468
2024,2022,Quindio,2022-08-15,4,2022-09-12,0.18031631,0.0
2024,2022,Quindio,2022-08-22,1,2022-08-29,0.0,0.015950307
2024,2022,Quindio,2022-08-22,2,2022-09-05,0.0,0.019824509
2024,2022,Quindio,2022-08-22,3,2022-09-12,0.18031631,0.016673595
2024,2022,Quindio,2022-08-22,4,2022-09-19,0.18031631,0.0
2024,2022,Quindio,2022-08-29,1,2022-09-05,0.0,0.023156717
2024,2022,Quindio,2022-08-29,2,2022-09-12,0.18031631,0.018206535
2024,2022,Quindio,2022-08-29,3,2022-09-19,0.18031631,0.0237797
2024,2022,Quindio,2022-08-29,4,2022-09-26,0.0,0.0032493998
2024,2022,Quindio,2022-09-05,1,2022-09-12,0.18031631,0.020392947
2024,2022,Quindio,2022-09-05,2,2022-09-19,0.18031631,0.020412277
2024,2022,Quindio,2022-09-05,3,2022-09-26,0.0,0.023694333
2024,2022,Quindio,2022-09-05,4,2022-10-03,0.0,0.007044065
2024,2022,Quindio,2022-09-12,1,2022-09-19,0.18031631,0.014487315
2024,2022,Quindio,2022-09-12,2,2022-09-26,0.0,0.009867916
2024,2022,Quindio,2022-09-12,3,2022-10-03,0.0,0.015122383
2024,2022,Quindio,2022-09-12,4,2022-10-10,0.5409489,0.0
2024,2022,Quindio,2022-09-19,1,2022-09-26,0.0,0.029152138
2024,2022,Quindio,2022-09-19,2,2022-10-03,0.0,0.018937629
2024,2022,Quindio,2022-09-19,3,2022-10-10,0.5409489,0.025536885
2024,2022,Quindio,2022-09-19,4,2022-10-17,0.36063263,0.0
2024,2022,Quindio,2022-09-26,1,2022-10-03,0.0,0.026300645
2024,2022,Quindio,2022-09-26,2,2022-10-10,0.5409489,0.015903302
2024,2022,Quindio,2022-09-26,3,2022-10-17,0.36063263,0.025543312
2024,2022,Quindio,2022-09-26,4,2022-10-24,0.0,0.0
2024,2022,Quindio,2022-10-03,1,2022-10-10,0.5409489,0.02565123
2024,2022,Quindio,2022-10-03,2,2022-10-17,0.36063263,0.020489499
2024,2022,Quindio,2022-10-03,3,2022-10-24,0.0,0.021163069
2024,2022,Quindio,2022-10-03,4,2022-10-31,0.0,0.0
2024,2022,Quindio,2022-10-10,1,2022-10-17,0.36063263,0.03648874
2024,2022,Quindio,2022-10-10,2,2022-10-24,0.0,0.041953117
2024,2022,Quindio,2022-10-10,3,2022-10-31,0.0,0.024997424
2024,2022,Quindio,2022-10-10,4,2022-11-07,0.0,0.012517951
2024,2022,Quindio,2022-10-17,1,2022-10-24,0.0,0.05931074
2024,2022,Quindio,2022-10-17,2,2022-10-31,0.0,0.05412823
2024,2022,Quindio,2022-10-17,3,2022-11-07,0.0,0.040135268
2024,2022,Quindio,2022-10-17,4,2022-11-14,0.36063263,0.03948209
2024,2022,Quindio,2022-10-24,1,2022-10-31,0.0,0.07470048
2024,2022,Quindio,2022-10-24,2,2022-11-07,0.0,0.06594642
2024,2022,Quindio,2022-10-24,3,2022-11-14,0.36063263,0.048306804
2024,2022,Quindio,2022-10-24,4,2022-11-21,0.18031631,0.06403452
2024,2022,Quindio,2022-10-31,1,2022-11-07,0.0,0.07212139
2024,2022,Quindio,2022-10-31,2,2022-11-14,0.36063263,0.06302862
2024,2022,Quindio,2022-10-31,3,2022-11-21,0.18031631,0.045305528
2024,2022,Quindio,2022-10-31,4,2022-11-28,0.18031631,0.07156104
2024,2022,Quindio,2022-11-07,1,2022-11-14,0.36063263,0.06977193
2024,2022,Quindio,2022-11-07,2,2022-11-21,0.18031631,0.054217823
2024,2022,Quindio,2022-11-07,3,2022-11-28,0.18031631,0.042019974
2024,2022,Quindio,2022-11-07,4,2022-12-05,0.0,0.07476385
2024,2022,Quindio,2022-11-14,1,2022-11-21,0.18031631,0.09497487
2024,2022,Quindio,2022-11-14,2,2022-11-28,0.18031631,0.074444115
2024,2022,Quindio,2022-11-14,3,2022-12-05,0.0,0.052929178
2024,2022,Quindio,2022-11-14,4,2022-12-12,0.0,0.09255828
2024,2022,Quindio,2022-11-21,1,2022-11-28,0.18031631,0.101546526
2024,2022,Quindio,2022-11-21,2,2022-12-05,0.0,0.081694365
2024,2022,Quindio,2022-11-21,3,2022-12-12,0.0,0.071015
2024,2022,Quindio,2022-11-21,4,2022-12-19,0.0,0.121031724
2024,2022,Quindio,2022-11-28,1,2022-12-05,0.0,0.06670235
2024,2022,Quindio,2022-11-28,2,2022-12-12,0.0,0.06585571
2024,2022,Quindio,2022-11-28,3,2022-12-19,0.0,0.056843393
2024,2022,Quindio,2022-11-28,4,2022-12-26,0.0,0.08448023
2024,2022,Risaralda,2022-04-18,1,2022-04-25,0.20263508,0.053192973
2024,2022,Risaralda,2022-04-18,2,2022-05-02,0.20263508,0.03868084
2024,2022,Risaralda,2022-04-18,3,2022-05-09,0.10131753,0.039247844
2024,2022,Risaralda,2022-04-18,4,2022-05-16,0.0,0.020873707
2024,2022,Risaralda,2022-04-25,1,2022-05-02,0.20263508,0.05652236
2024,2022,Risaralda,2022-04-25,2,2022-05-09,0.10131753,0.04381554
2024,2022,Risaralda,2022-04-25,3,2022-05-16,0.0,0.034095783
2024,2022,Risaralda,2022-04-25,4,2022-05-23,0.0,0.030271867
2024,2022,Risaralda,2022-05-02,1,2022-05-09,0.10131753,0.06468619
2024,2022,Risaralda,2022-05-02,2,2022-05-16,0.0,0.051756866
2024,2022,Risaralda,2022-05-02,3,2022-05-23,0.0,0.046179283
2024,2022,Risaralda,2022-05-02,4,2022-05-30,0.10131753,0.03752045
2024,2022,Risaralda,2022-05-09,1,2022-05-16,0.0,0.06400232
2024,2022,Risaralda,2022-05-09,2,2022-05-23,0.0,0.04690343
2024,2022,Risaralda,2022-05-09,3,2022-05-30,0.10131753,0.05192809
2024,2022,Risaralda,2022-05-09,4,2022-06-06,0.3039526,0.03797937
2024,2022,Risaralda,2022-05-16,1,2022-05-23,0.0,0.07093121
2024,2022,Risaralda,2022-05-16,2,2022-05-30,0.10131753,0.044345576
2024,2022,Risaralda,2022-05-16,3,2022-06-06,0.3039526,0.0476275
2024,2022,Risaralda,2022-05-16,4,2022-06-13,0.10131753,0.030940374
2024,2022,Risaralda,2022-05-23,1,2022-05-30,0.10131753,0.062071856
2024,2022,Risaralda,2022-05-23,2,2022-06-06,0.3039526,0.038878888
2024,2022,Risaralda,2022-05-23,3,2022-06-13,0.10131753,0.04102843
2024,2022,Risaralda,2022-05-23,4,2022-06-20,0.20263508,0.024931055
2024,2022,Risaralda,2022-05-30,1,2022-06-06,0.3039526,0.047859296
2024,2022,Risaralda,2022-05-30,2,2022-06-13,0.10131753,0.030103765
2024,2022,Risaralda,2022-05-30,3,2022-06-20,0.20263508,0.031043023
2024,2022,Risaralda,2022-05-30,4,2022-06-27,0.20263508,0.0029395877
2024,2022,Risaralda,2022-06-06,1,2022-06-13,0.10131753,0.04862746
2024,2022,Risaralda,2022-06-06,2,2022-06-20,0.20263508,0.03199718
2024,2022,Risaralda,2022-06-06,3,2022-06-27,0.20263508,0.031103319
2024,2022,Risaralda,2022-06-06,4,2022-07-04,0.10131753,0.0061085224
2024,2022,Risaralda,2022-06-13,1,2022-06-20,0.20263508,0.05668549
2024,2022,Risaralda,2022-06-13,2,2022-06-27,0.20263508,0.036622062
2024,2022,Risaralda,2022-06-13,3,2022-07-04,0.10131753,0.04112701
2024,2022,Risaralda,2022-06-13,4,2022-07-11,0.0,0.014696178
2024,2022,Risaralda,2022-06-20,1,2022-06-27,0.20263508,0.053525098
2024,2022,Risaralda,2022-06-20,2,2022-07-04,0.10131753,0.033088025
2024,2022,Risaralda,2022-06-20,3,2022-07-11,0.0,0.039067175
2024,2022,Risaralda,2022-06-20,4,2022-07-18,0.20263508,0.013768844
2024,2022,Risaralda,2022-06-27,1,2022-07-04,0.10131753,0.054337643
2024,2022,Risaralda,2022-06-27,2,2022-07-11,0.0,0.03225828
2024,2022,Risaralda,2022-06-27,3,2022-07-18,0.20263508,0.041914385
2024,2022,Risaralda,2022-06-27,4,2022-07-25,0.20263508,0.0141464975
2024,2022,Risaralda,2022-07-04,1,2022-07-11,0.0,0.053446837
2024,2022,Risaralda,2022-07-04,2,2022-07-18,0.20263508,0.03127306
2024,2022,Risaralda,2022-07-04,3,2022-07-25,0.20263508,0.041893806
2024,2022,Risaralda,2022-07-04,4,2022-08-01,0.0,0.012108359
2024,2022,Risaralda,2022-07-11,1,2022-07-18,0.20263508,0.050895933
2024,2022,Risaralda,2022-07-11,2,2022-07-25,0.20263508,0.030503236
2024,2022,Risaralda,2022-07-11,3,2022-08-01,0.0,0.043533083
2024,2022,Risaralda,2022-07-11,4,2022-08-08,0.20263508,0.012710715
2024,2022,Risaralda,2022-07-18,1,2022-07-25,0.20263508,0.038393293
2024,2022,Risaralda,2022-07-18,2,2022-08-01,0.0,0.021661576
2024,2022,Risaralda,2022-07-18,3,2022-08-08,0.20263508,0.028804554
2024,2022,Risaralda,2022-07-18,4,2022-08-15,0.10131753,0.0
2024,2022,Risaralda,2022-07-25,1,2022-08-01,0.0,0.042796917
2024,2022,Risaralda,2022-07-25,2,2022-08-08,0.20263508,0.024341745
2024,2022,Risaralda,2022-07-25,3,2022-08-15,0.10131753,0.035720397
2024,2022,Risaralda,2022-07-25,4,2022-08-22,0.10131753,0.0046888357
2024,2022,Risaralda,2022-08-01,1,2022-08-08,0.20263508,0.059435237
2024,2022,Risaralda,2022-08-01,2,2022-08-15,0.10131753,0.029233603
2024,2022,Risaralda,2022-08-01,3,2022-08-22,0.10131753,0.04476945
2024,2022,Risaralda,2022-08-01,4,2022-08-29,0.10131753,0.004521608
2024,2022,Risaralda,2022-08-08,1,2022-08-15,0.10131753,0.05336587
2024,2022,Risaralda,2022-08-08,2,2022-08-22,0.10131753,0.0248157
2024,2022,Risaralda,2022-08-08,3,2022-08-29,0.10131753,0.03657673
2024,2022,Risaralda,2022-08-08,4,2022-09-05,0.0,0.0
2024,2022,Risaralda,2022-08-15,1,2022-08-22,0.10131753,0.051424075
2024,2022,Risaralda,2022-08-15,2,2022-08-29,0.10131753,0.024762588
2024,2022,Risaralda,2022-08-15,3,2022-09-05,0.0,0.03803388
2024,2022,Risaralda,2022-08-15,4,2022-09-12,0.3039526,0.0
2024,2022,Risaralda,2022-08-22,1,2022-08-29,0.10131753,0.051049393
2024,2022,Risaralda,2022-08-22,2,2022-09-05,0.0,0.030233847
2024,2022,Risaralda,2022-08-22,3,2022-09-12,0.3039526,0.03160445
2024,2022,Risaralda,2022-08-22,4,2022-09-19,0.10131753,0.0018551102
2024,2022,Risaralda,2022-08-29,1,2022-09-05,0.0,0.049315944
2024,2022,Risaralda,2022-08-29,2,2022-09-12,0.3039526,0.03048937
2024,2022,Risaralda,2022-08-29,3,2022-09-19,0.10131753,0.03452005
2024,2022,Risaralda,2022-08-29,4,2022-09-26,0.10131753,0.006408441
2024,2022,Risaralda,2022-09-05,1,2022-09-12,0.3039526,0.046818133
2024,2022,Risaralda,2022-09-05,2,2022-09-19,0.10131753,0.028444001
2024,2022,Risaralda,2022-09-05,3,2022-09-26,0.10131753,0.03380507
2024,2022,Risaralda,2022-09-05,4,2022-10-03,0.5065876,0.0031515746
2024,2022,Risaralda,2022-09-12,1,2022-09-19,0.10131753,0.039732903
2024,2022,Risaralda,2022-09-12,2,2022-09-26,0.10131753,0.022495618
2024,2022,Risaralda,2022-09-12,3,2022-10-03,0.5065876,0.027151795
2024,2022,Risaralda,2022-09-12,4,2022-10-10,0.5065876,0.0
2024,2022,Risaralda,2022-09-19,1,2022-09-26,0.10131753,0.054461364
2024,2022,Risaralda,2022-09-19,2,2022-10-03,0.5065876,0.033944905
2024,2022,Risaralda,2022-09-19,3,2022-10-10,0.5065876,0.04487733
2024,2022,Risaralda,2022-09-19,4,2022-10-17,0.20263508,0.0112512885
2024,2022,Risaralda,2022-09-26,1,2022-10-03,0.5065876,0.0574224
2024,2022,Risaralda,2022-09-26,2,2022-10-10,0.5065876,0.035423115
2024,2022,Risaralda,2022-09-26,3,2022-10-17,0.20263508,0.044536225
2024,2022,Risaralda,2022-09-26,4,2022-10-24,0.3039526,0.011058862
2024,2022,Risaralda,2022-10-03,1,2022-10-10,0.5065876,0.051955618
2024,2022,Risaralda,2022-10-03,2,2022-10-17,0.20263508,0.03657868
2024,2022,Risaralda,2022-10-03,3,2022-10-24,0.3039526,0.037486747
2024,2022,Risaralda,2022-10-03,4,2022-10-31,0.10131753,0.009436207
2024,2022,Risaralda,2022-10-10,1,2022-10-17,0.20263508,0.08932282
2024,2022,Risaralda,2022-10-10,2,2022-10-24,0.3039526,0.06747733
2024,2022,Risaralda,2022-10-10,3,2022-10-31,0.10131753,0.06393776
2024,2022,Risaralda,2022-10-10,4,2022-11-07,0.10131753,0.04653896
2024,2022,Risaralda,2022-10-17,1,2022-10-24,0.3039526,0.13039838
2024,2022,Risaralda,2022-10-17,2,2022-10-31,0.10131753,0.09822509
2024,2022,Risaralda,2022-10-17,3,2022-11-07,0.10131753,0.08621213
2024,2022,Risaralda,2022-10-17,4,2022-11-14,0.10131753,0.0784446
2024,2022,Risaralda,2022-10-24,1,2022-10-31,0.10131753,0.142744
2024,2022,Risaralda,2022-10-24,2,2022-11-07,0.10131753,0.10894641
2024,2022,Risaralda,2022-10-24,3,2022-11-14,0.10131753,0.09065934
2024,2022,Risaralda,2022-10-24,4,2022-11-21,0.0,0.09649079
2024,2022,Risaralda,2022-10-31,1,2022-11-07,0.10131753,0.15485848
2024,2022,Risaralda,2022-10-31,2,2022-11-14,0.10131753,0.12671295
2024,2022,Risaralda,2022-10-31,3,2022-11-21,0.0,0.10618302
2024,2022,Risaralda,2022-10-31,4,2022-11-28,0.0,0.12141815
2024,2022,Risaralda,2022-11-07,1,2022-11-14,0.10131753,0.14215316
2024,2022,Risaralda,2022-11-07,2,2022-11-21,0.0,0.119558394
2024,2022,Risaralda,2022-11-07,3,2022-11-28,0.0,0.10660706
2024,2022,Risaralda,2022-11-07,4,2022-12-05,0.0,0.14008486
2024,2022,Risaralda,2022-11-14,1,2022-11-21,0.0,0.1503023
2024,2022,Risaralda,2022-11-14,2,2022-11-28,0.0,0.12215038
2024,2022,Risaralda,2022-11-14,3,2022-12-05,0.0,0.11193917
2024,2022,Risaralda,2022-11-14,4,2022-12-12,0.10131753,0.15454602
2024,2022,Risaralda,2022-11-21,1,2022-11-28,0.0,0.14215711
2024,2022,Risaralda,2022-11-21,2,2022-12-05,0.0,0.11419783
2024,2022,Risaralda,2022-11-21,3,2022-12-12,0.10131753,0.11115563
2024,2022,Risaralda,2022-11-21,4,2022-12-19,0.10131753,0.15757994
2024,2022,Risaralda,2022-11-28,1,2022-12-05,0.0,0.09088164
2024,2022,Risaralda,2022-11-28,2,2022-12-12,0.10131753,0.07555875
2024,2022,Risaralda,2022-11-28,3,2022-12-19,0.10131753,0.07924234
2024,2022,Risaralda,2022-11-28,4,2022-12-26,0.0,0.10828838
2024,2022,Santander,2022-04-18,1,2022-04-25,1.0251775,0.83542776
2024,2022,Santander,2022-04-18,2,2022-05-02,0.68345165,0.8390883
2024,2022,Santander,2022-04-18,3,2022-05-09,1.4523348,0.8779808
2024,2022,Santander,2022-04-18,4,2022-05-16,0.9824618,0.9386442
2024,2022,Santander,2022-04-25,1,2022-05-02,0.68345165,1.0847837
2024,2022,Santander,2022-04-25,2,2022-05-09,1.4523348,1.0736305
2024,2022,Santander,2022-04-25,3,2022-05-16,0.9824618,1.1239401
2024,2022,Santander,2022-04-25,4,2022-05-23,1.6659135,1.1724285
2024,2022,Santander,2022-05-02,1,2022-05-09,1.4523348,1.2228237
2024,2022,Santander,2022-05-02,2,2022-05-16,0.9824618,1.1954755
2024,2022,Santander,2022-05-02,3,2022-05-23,1.6659135,1.2404677
2024,2022,Santander,2022-05-02,4,2022-05-30,1.1533247,1.2736251
2024,2022,Santander,2022-05-09,1,2022-05-16,0.9824618,1.1476911
2024,2022,Santander,2022-05-09,2,2022-05-23,1.6659135,1.1518332
2024,2022,Santander,2022-05-09,3,2022-05-30,1.1533247,1.168324
2024,2022,Santander,2022-05-09,4,2022-06-06,1.8794923,1.2258246
2024,2022,Santander,2022-05-16,1,2022-05-23,1.6659135,1.393608
2024,2022,Santander,2022-05-16,2,2022-05-30,1.1533247,1.3747705
2024,2022,Santander,2022-05-16,3,2022-06-06,1.8794923,1.4147321
2024,2022,Santander,2022-05-16,4,2022-06-13,1.1960404,1.4340197
2024,2022,Santander,2022-05-23,1,2022-05-30,1.1533247,1.3785068
2024,2022,Santander,2022-05-23,2,2022-06-06,1.8794923,1.3517467
2024,2022,Santander,2022-05-23,3,2022-06-13,1.1960404,1.3871393
2024,2022,Santander,2022-05-23,4,2022-06-20,0.9397461,1.3905076
2024,2022,Santander,2022-05-30,1,2022-06-06,1.8794923,1.645028
2024,2022,Santander,2022-05-30,2,2022-06-13,1.1960404,1.629907
2024,2022,Santander,2022-05-30,3,2022-06-20,0.9397461,1.695026
2024,2022,Santander,2022-05-30,4,2022-06-27,1.7940607,1.7042053
2024,2022,Santander,2022-06-06,1,2022-06-13,1.1960404,1.6277764
2024,2022,Santander,2022-06-06,2,2022-06-20,0.9397461,1.6044885
2024,2022,Santander,2022-06-06,3,2022-06-27,1.7940607,1.6360769
2024,2022,Santander,2022-06-06,4,2022-07-04,1.0251775,1.6392082
2024,2022,Santander,2022-06-13,1,2022-06-20,0.9397461,1.8684562
2024,2022,Santander,2022-06-13,2,2022-06-27,1.7940607,1.8263873
2024,2022,Santander,2022-06-13,3,2022-07-04,1.0251775,1.9061757
2024,2022,Santander,2022-06-13,4,2022-07-11,1.8794923,1.8658289
2024,2022,Santander,2022-06-20,1,2022-06-27,1.7940607,1.73433
2024,2022,Santander,2022-06-20,2,2022-07-04,1.0251775,1.7064357
2024,2022,Santander,2022-06-20,3,2022-07-11,1.8794923,1.7726034
2024,2022,Santander,2022-06-20,4,2022-07-18,0.7688831,1.7362319
2024,2022,Santander,2022-06-27,1,2022-07-04,1.0251775,1.4429972
2024,2022,Santander,2022-06-27,2,2022-07-11,1.8794923,1.4240744
2024,2022,Santander,2022-06-27,3,2022-07-18,0.7688831,1.4523315
2024,2022,Santander,2022-06-27,4,2022-07-25,1.3241876,1.4314009
2024,2022,Santander,2022-07-04,1,2022-07-11,1.8794923,1.6810519
2024,2022,Santander,2022-07-04,2,2022-07-18,0.7688831,1.6530342
2024,2022,Santander,2022-07-04,3,2022-07-25,1.3241876,1.7092754
2024,2022,Santander,2022-07-04,4,2022-08-01,1.5804819,1.6345233
2024,2022,Santander,2022-07-11,1,2022-07-18,0.7688831,1.5148557
2024,2022,Santander,2022-07-11,2,2022-07-25,1.3241876,1.498086
2024,2022,Santander,2022-07-11,3,2022-08-01,1.5804819,1.5425056
2024,2022,Santander,2022-07-11,4,2022-08-08,1.281472,1.5179971
2024,2022,Santander,2022-07-18,1,2022-07-25,1.3241876,1.7658418
2024,2022,Santander,2022-07-18,2,2022-08-01,1.5804819,1.7694064
2024,2022,Santander,2022-07-18,3,2022-08-08,1.281472,1.8079836
2024,2022,Santander,2022-07-18,4,2022-08-15,2.0076394,1.8035566
2024,2022,Santander,2022-07-25,1,2022-08-01,1.5804819,1.492077
2024,2022,Santander,2022-07-25,2,2022-08-08,1.281472,1.4729929
2024,2022,Santander,2022-07-25,3,2022-08-15,2.0076394,1.5074261
2024,2022,Santander,2022-07-25,4,2022-08-22,1.4950504,1.4856299
2024,2022,Santander,2022-08-01,1,2022-08-08,1.281472,1.4361713
2024,2022,Santander,2022-08-01,2,2022-08-15,2.0076394,1.411544
2024,2022,Santander,2022-08-01,3,2022-08-22,1.4950504,1.4533075
2024,2022,Santander,2022-08-01,4,2022-08-29,1.5804819,1.4223125
2024,2022,Santander,2022-08-08,1,2022-08-15,2.0076394,1.5677474
2024,2022,Santander,2022-08-08,2,2022-08-22,1.4950504,1.5306054
2024,2022,Santander,2022-08-08,3,2022-08-29,1.5804819,1.5857571
2024,2022,Santander,2022-08-08,4,2022-09-05,1.5377662,1.546342
2024,2022,Santander,2022-08-15,1,2022-08-22,1.4950504,1.5825053
2024,2022,Santander,2022-08-15,2,2022-08-29,1.5804819,1.556729
2024,2022,Santander,2022-08-15,3,2022-09-05,1.5377662,1.5887085
2024,2022,Santander,2022-08-15,4,2022-09-12,1.0251775,1.5648444
2024,2022,Santander,2022-08-22,1,2022-08-29,1.5804819,1.8699362
2024,2022,Santander,2022-08-22,2,2022-09-05,1.5377662,1.8301361
2024,2022,Santander,2022-08-22,3,2022-09-12,1.0251775,1.8665355
2024,2022,Santander,2022-08-22,4,2022-09-19,1.6231978,1.8541995
2024,2022,Santander,2022-08-29,1,2022-09-05,1.5377662,1.8535167
2024,2022,Santander,2022-08-29,2,2022-09-12,1.0251775,1.7797799
2024,2022,Santander,2022-08-29,3,2022-09-19,1.6231978,1.808144
2024,2022,Santander,2022-08-29,4,2022-09-26,1.3669034,1.7959002
2024,2022,Santander,2022-09-05,1,2022-09-12,1.0251775,1.8107312
2024,2022,Santander,2022-09-05,2,2022-09-19,1.6231978,1.7673362
2024,2022,Santander,2022-09-05,3,2022-09-26,1.3669034,1.8030279
2024,2022,Santander,2022-09-05,4,2022-10-03,1.4523348,1.7995546
2024,2022,Santander,2022-09-12,1,2022-09-19,1.6231978,1.8163182
2024,2022,Santander,2022-09-12,2,2022-09-26,1.3669034,1.7972064
2024,2022,Santander,2022-09-12,3,2022-10-03,1.4523348,1.8251187
2024,2022,Santander,2022-09-12,4,2022-10-10,1.3669034,1.8211572
2024,2022,Santander,2022-09-19,1,2022-09-26,1.3669034,1.6159406
2024,2022,Santander,2022-09-19,2,2022-10-03,1.4523348,1.5966408
2024,2022,Santander,2022-09-19,3,2022-10-10,1.3669034,1.5930265
2024,2022,Santander,2022-09-19,4,2022-10-17,1.5804819,1.6069609
2024,2022,Santander,2022-09-26,1,2022-10-03,1.4523348,1.7110813
2024,2022,Santander,2022-09-26,2,2022-10-10,1.3669034,1.7184763
2024,2022,Santander,2022-09-26,3,2022-10-17,1.5804819,1.7236267
2024,2022,Santander,2022-09-26,4,2022-10-24,1.4096191,1.7711656
2024,2022,Santander,2022-10-03,1,2022-10-10,1.3669034,1.7255466
2024,2022,Santander,2022-10-03,2,2022-10-17,1.5804819,1.7417556
2024,2022,Santander,2022-10-03,3,2022-10-24,1.4096191,1.7610253
2024,2022,Santander,2022-10-03,4,2022-10-31,2.3066492,1.8181425
2024,2022,Santander,2022-10-10,1,2022-10-17,1.5804819,1.7530477
2024,2022,Santander,2022-10-10,2,2022-10-24,1.4096191,1.7628648
2024,2022,Santander,2022-10-10,3,2022-10-31,2.3066492,1.7895216
2024,2022,Santander,2022-10-10,4,2022-11-07,1.7086293,1.8381497
2024,2022,Santander,2022-10-17,1,2022-10-24,1.4096191,1.7028828
2024,2022,Santander,2022-10-17,2,2022-10-31,2.3066492,1.6918236
2024,2022,Santander,2022-10-17,3,2022-11-07,1.7086293,1.7435741
2024,2022,Santander,2022-10-17,4,2022-11-14,2.3066492,1.7938532
2024,2022,Santander,2022-10-24,1,2022-10-31,2.3066492,1.807413
2024,2022,Santander,2022-10-24,2,2022-11-07,1.7086293,1.8033413
2024,2022,Santander,2022-10-24,3,2022-11-14,2.3066492,1.8544043
2024,2022,Santander,2022-10-24,4,2022-11-21,2.0930707,1.9384824
2024,2022,Santander,2022-10-31,1,2022-11-07,1.7086293,1.7524229
2024,2022,Santander,2022-10-31,2,2022-11-14,2.3066492,1.7321714
2024,2022,Santander,2022-10-31,3,2022-11-21,2.0930707,1.7516657
2024,2022,Santander,2022-10-31,4,2022-11-28,1.5804819,1.811455
2024,2022,Santander,2022-11-07,1,2022-11-14,2.3066492,2.1565785
2024,2022,Santander,2022-11-07,2,2022-11-21,2.0930707,2.1910133
2024,2022,Santander,2022-11-07,3,2022-11-28,1.5804819,2.1859493
2024,2022,Santander,2022-11-07,4,2022-12-05,1.4096191,2.3260188
2024,2022,Santander,2022-11-14,1,2022-11-21,2.0930707,2.2433188
2024,2022,Santander,2022-11-14,2,2022-11-28,1.5804819,2.3002694
2024,2022,Santander,2022-11-14,3,2022-12-05,1.4096191,2.303867
2024,2022,Santander,2022-11-14,4,2022-12-12,1.3241876,2.4799075
2024,2022,Santander,2022-11-21,1,2022-11-28,1.5804819,2.4848077
2024,2022,Santander,2022-11-21,2,2022-12-05,1.4096191,2.5244012
2024,2022,Santander,2022-11-21,3,2022-12-12,1.3241876,2.462325
2024,2022,Santander,2022-11-21,4,2022-12-19,1.5804819,2.6510057
2024,2022,Santander,2022-11-28,1,2022-12-05,1.4096191,2.7299144
2024,2022,Santander,2022-11-28,2,2022-12-12,1.3241876,2.8896754
2024,2022,Santander,2022-11-28,3,2022-12-19,1.5804819,2.9287705
2024,2022,Santander,2022-11-28,4,2022-12-26,2.050355,3.1908507
2024,2022,Sucre,2022-04-18,1,2022-04-25,4.955592,4.4625583
2024,2022,Sucre,2022-04-18,2,2022-05-02,7.4839544,4.702184
2024,2022,Sucre,2022-04-18,3,2022-05-09,5.8658023,5.011231
2024,2022,Sucre,2022-04-18,4,2022-05-16,9.911184,5.116642
2024,2022,Sucre,2022-04-25,1,2022-05-02,7.4839544,4.730092
2024,2022,Sucre,2022-04-25,2,2022-05-09,5.8658023,4.8884068
2024,2022,Sucre,2022-04-25,3,2022-05-16,9.911184,5.099542
2024,2022,Sucre,2022-04-25,4,2022-05-23,11.832741,5.037916
2024,2022,Sucre,2022-05-02,1,2022-05-09,5.8658023,5.6122
2024,2022,Sucre,2022-05-02,2,2022-05-16,9.911184,5.6659913
2024,2022,Sucre,2022-05-02,3,2022-05-23,11.832741,5.8197055
2024,2022,Sucre,2022-05-02,4,2022-05-30,12.237277,5.7038217
2024,2022,Sucre,2022-05-09,1,2022-05-16,9.911184,7.2941113
2024,2022,Sucre,2022-05-09,2,2022-05-23,11.832741,7.555128
2024,2022,Sucre,2022-05-09,3,2022-05-30,12.237277,7.707698
2024,2022,Sucre,2022-05-09,4,2022-06-06,10.72026,7.7179556
2024,2022,Sucre,2022-05-16,1,2022-05-23,11.832741,7.9097714
2024,2022,Sucre,2022-05-16,2,2022-05-30,12.237277,8.0938225
2024,2022,Sucre,2022-05-16,3,2022-06-06,10.72026,8.085581
2024,2022,Sucre,2022-05-16,4,2022-06-13,11.023664,8.048086
2024,2022,Sucre,2022-05-23,1,2022-05-30,12.237277,10.678144
2024,2022,Sucre,2022-05-23,2,2022-06-06,10.72026,10.636072
2024,2022,Sucre,2022-05-23,3,2022-06-13,11.023664,10.269233
2024,2022,Sucre,2022-05-23,4,2022-06-20,5.966937,10.03323
2024,2022,Sucre,2022-05-30,1,2022-06-06,10.72026,12.780142
2024,2022,Sucre,2022-05-30,2,2022-06-13,11.023664,12.561947
2024,2022,Sucre,2022-05-30,3,2022-06-20,5.966937,11.944489
2024,2022,Sucre,2022-05-30,4,2022-06-27,11.023664,11.429388
2024,2022,Sucre,2022-06-06,1,2022-06-13,11.023664,13.408486
2024,2022,Sucre,2022-06-06,2,2022-06-20,5.966937,13.039798
2024,2022,Sucre,2022-06-06,3,2022-06-27,11.023664,12.276698
2024,2022,Sucre,2022-06-06,4,2022-07-04,11.124799,11.994188
2024,2022,Sucre,2022-06-13,1,2022-06-20,5.966937,13.0366955
2024,2022,Sucre,2022-06-13,2,2022-06-27,11.023664,12.147971
2024,2022,Sucre,2022-06-13,3,2022-07-04,11.124799,11.392604
2024,2022,Sucre,2022-06-13,4,2022-07-11,11.428203,10.542329
2024,2022,Sucre,2022-06-20,1,2022-06-27,11.023664,12.186179
2024,2022,Sucre,2022-06-20,2,2022-07-04,11.124799,11.225041
2024,2022,Sucre,2022-06-20,3,2022-07-11,11.428203,10.295686
2024,2022,Sucre,2022-06-20,4,2022-07-18,11.124799,9.551275
2024,2022,Sucre,2022-06-27,1,2022-07-04,11.124799,7.995918
2024,2022,Sucre,2022-06-27,2,2022-07-11,11.428203,7.283118
2024,2022,Sucre,2022-06-27,3,2022-07-18,11.124799,6.656315
2024,2022,Sucre,2022-06-27,4,2022-07-25,11.529337,6.1613207
2024,2022,Sucre,2022-07-04,1,2022-07-11,11.428203,9.843785
2024,2022,Sucre,2022-07-04,2,2022-07-18,11.124799,9.007316
2024,2022,Sucre,2022-07-04,3,2022-07-25,11.529337,8.166831
2024,2022,Sucre,2022-07-04,4,2022-08-01,10.113454,7.550391
2024,2022,Sucre,2022-07-11,1,2022-07-18,11.124799,10.560597
2024,2022,Sucre,2022-07-11,2,2022-07-25,11.529337,9.628621
2024,2022,Sucre,2022-07-11,3,2022-08-01,10.113454,8.607377
2024,2022,Sucre,2022-07-11,4,2022-08-08,10.821393,7.834331
2024,2022,Sucre,2022-07-18,1,2022-07-25,11.529337,10.923422
2024,2022,Sucre,2022-07-18,2,2022-08-01,10.113454,9.978862
2024,2022,Sucre,2022-07-18,3,2022-08-08,10.821393,8.794794
2024,2022,Sucre,2022-07-18,4,2022-08-15,10.315721,8.471
2024,2022,Sucre,2022-07-25,1,2022-08-01,10.113454,10.765377
2024,2022,Sucre,2022-07-25,2,2022-08-08,10.821393,9.761187
2024,2022,Sucre,2022-07-25,3,2022-08-15,10.315721,8.72754
2024,2022,Sucre,2022-07-25,4,2022-08-22,9.60778,8.259904
2024,2022,Sucre,2022-08-01,1,2022-08-08,10.821393,10.515699
2024,2022,Sucre,2022-08-01,2,2022-08-15,10.315721,9.5798435
2024,2022,Sucre,2022-08-01,3,2022-08-22,9.60778,8.549379
2024,2022,Sucre,2022-08-01,4,2022-08-29,8.697571,8.067038
2024,2022,Sucre,2022-08-08,1,2022-08-15,10.315721,9.385217
2024,2022,Sucre,2022-08-08,2,2022-08-22,9.60778,8.639942
2024,2022,Sucre,2022-08-08,3,2022-08-29,8.697571,7.7313476
2024,2022,Sucre,2022-08-08,4,2022-09-05,12.641817,7.456444
2024,2022,Sucre,2022-08-15,1,2022-08-22,9.60778,9.599511
2024,2022,Sucre,2022-08-15,2,2022-08-29,8.697571,9.083274
2024,2022,Sucre,2022-08-15,3,2022-09-05,12.641817,8.110545
2024,2022,Sucre,2022-08-15,4,2022-09-12,7.787358,7.9158764
2024,2022,Sucre,2022-08-22,1,2022-08-29,8.697571,9.653639
2024,2022,Sucre,2022-08-22,2,2022-09-05,12.641817,9.165235
2024,2022,Sucre,2022-08-22,3,2022-09-12,7.787358,8.25365
2024,2022,Sucre,2022-08-22,4,2022-09-19,7.8884926,7.9889417
2024,2022,Sucre,2022-08-29,1,2022-09-05,12.641817,9.178335
2024,2022,Sucre,2022-08-29,2,2022-09-12,7.787358,8.745056
2024,2022,Sucre,2022-08-29,3,2022-09-19,7.8884926,7.929383
2024,2022,Sucre,2022-08-29,4,2022-09-26,8.293031,7.7401595
2024,2022,Sucre,2022-09-05,1,2022-09-12,7.787358,8.672526
2024,2022,Sucre,2022-09-05,2,2022-09-19,7.8884926,8.306723
2024,2022,Sucre,2022-09-05,3,2022-09-26,8.293031,7.603936
2024,2022,Sucre,2022-09-05,4,2022-10-03,7.0794168,7.42425
2024,2022,Sucre,2022-09-12,1,2022-09-19,7.8884926,10.327703
2024,2022,Sucre,2022-09-12,2,2022-09-26,8.293031,10.107419
2024,2022,Sucre,2022-09-12,3,2022-10-03,7.0794168,9.018858
2024,2022,Sucre,2022-09-12,4,2022-10-10,8.8998375,8.800875
2024,2022,Sucre,2022-09-19,1,2022-09-26,8.293031,9.030859
2024,2022,Sucre,2022-09-19,2,2022-10-03,7.0794168,8.74639
2024,2022,Sucre,2022-09-19,3,2022-10-10,8.8998375,7.952008
2024,2022,Sucre,2022-09-19,4,2022-10-17,6.674878,7.7379866
2024,2022,Sucre,2022-09-26,1,2022-10-03,7.0794168,8.263684
2024,2022,Sucre,2022-09-26,2,2022-10-10,8.8998375,8.059931
2024,2022,Sucre,2022-09-26,3,2022-10-17,6.674878,7.4231157
2024,2022,Sucre,2022-09-26,4,2022-10-24,8.8998375,7.417968
2024,2022,Sucre,2022-10-03,1,2022-10-10,8.8998375,8.61022
2024,2022,Sucre,2022-10-03,2,2022-10-17,6.674878,8.510186
2024,2022,Sucre,2022-10-03,3,2022-10-24,8.8998375,7.8006067
2024,2022,Sucre,2022-10-03,4,2022-10-31,8.596435,7.576163
2024,2022,Sucre,2022-10-10,1,2022-10-17,6.674878,7.8973722
2024,2022,Sucre,2022-10-10,2,2022-10-24,8.8998375,7.8418407
2024,2022,Sucre,2022-10-10,3,2022-10-31,8.596435,7.1128025
2024,2022,Sucre,2022-10-10,4,2022-11-07,9.102108,7.0292244
2024,2022,Sucre,2022-10-17,1,2022-10-24,8.8998375,8.20446
2024,2022,Sucre,2022-10-17,2,2022-10-31,8.596435,8.185125
2024,2022,Sucre,2022-10-17,3,2022-11-07,9.102108,7.460975
2024,2022,Sucre,2022-10-17,4,2022-11-14,6.1692066,7.387475
2024,2022,Sucre,2022-10-24,1,2022-10-31,8.596435,7.5162764
2024,2022,Sucre,2022-10-24,2,2022-11-07,9.102108,7.385745
2024,2022,Sucre,2022-10-24,3,2022-11-14,6.1692066,6.871599
2024,2022,Sucre,2022-10-24,4,2022-11-21,6.068072,6.7110863
2024,2022,Sucre,2022-10-31,1,2022-11-07,9.102108,8.228508
2024,2022,Sucre,2022-10-31,2,2022-11-14,6.1692066,8.067974
2024,2022,Sucre,2022-10-31,3,2022-11-21,6.068072,7.4258733
2024,2022,Sucre,2022-10-31,4,2022-11-28,5.6635337,7.2708945
2024,2022,Sucre,2022-11-07,1,2022-11-14,6.1692066,8.225281
2024,2022,Sucre,2022-11-07,2,2022-11-21,6.068072,8.023729
2024,2022,Sucre,2022-11-07,3,2022-11-28,5.6635337,7.6318507
2024,2022,Sucre,2022-11-07,4,2022-12-05,8.090762,7.313202
2024,2022,Sucre,2022-11-14,1,2022-11-21,6.068072,8.828227
2024,2022,Sucre,2022-11-14,2,2022-11-28,5.6635337,8.795173
2024,2022,Sucre,2022-11-14,3,2022-12-05,8.090762,8.169059
2024,2022,Sucre,2022-11-14,4,2022-12-12,7.9896274,8.010832
2024,2022,Sucre,2022-11-21,1,2022-11-28,5.6635337,7.7144227
2024,2022,Sucre,2022-11-21,2,2022-12-05,8.090762,7.5513654
2024,2022,Sucre,2022-11-21,3,2022-12-12,7.9896274,7.2138567
2024,2022,Sucre,2022-11-21,4,2022-12-19,8.495301,6.9530063
2024,2022,Sucre,2022-11-28,1,2022-12-05,8.090762,6.9920197
2024,2022,Sucre,2022-11-28,2,2022-12-12,7.9896274,7.0585456
2024,2022,Sucre,2022-11-28,3,2022-12-19,8.495301,6.782102
2024,2022,Sucre,2022-11-28,4,2022-12-26,8.697571,6.6768785
2024,2022,Tolima,2022-04-18,1,2022-04-25,1.2423768,1.0295855
2024,2022,Tolima,2022-04-18,2,2022-05-02,1.8270245,1.0069503
2024,2022,Tolima,2022-04-18,3,2022-05-09,1.5347006,1.0854758
2024,2022,Tolima,2022-04-18,4,2022-05-16,1.1692957,1.1142427
2024,2022,Tolima,2022-04-25,1,2022-05-02,1.8270245,1.2964191
2024,2022,Tolima,2022-04-25,2,2022-05-09,1.5347006,1.2012417
2024,2022,Tolima,2022-04-25,3,2022-05-16,1.1692957,1.2866486
2024,2022,Tolima,2022-04-25,4,2022-05-23,1.4616197,1.2378252
2024,2022,Tolima,2022-05-02,1,2022-05-09,1.5347006,1.3721801
2024,2022,Tolima,2022-05-02,2,2022-05-16,1.1692957,1.2794427
2024,2022,Tolima,2022-05-02,3,2022-05-23,1.4616197,1.3622521
2024,2022,Tolima,2022-05-02,4,2022-05-30,1.5347006,1.328801
2024,2022,Tolima,2022-05-09,1,2022-05-16,1.1692957,1.6717614
2024,2022,Tolima,2022-05-09,2,2022-05-23,1.4616197,1.6334628
2024,2022,Tolima,2022-05-09,3,2022-05-30,1.5347006,1.700434
2024,2022,Tolima,2022-05-09,4,2022-06-06,1.1692957,1.6982344
2024,2022,Tolima,2022-05-16,1,2022-05-23,1.4616197,1.7566605
2024,2022,Tolima,2022-05-16,2,2022-05-30,1.5347006,1.6668549
2024,2022,Tolima,2022-05-16,3,2022-06-06,1.1692957,1.7034252
2024,2022,Tolima,2022-05-16,4,2022-06-13,1.3885387,1.6367826
2024,2022,Tolima,2022-05-23,1,2022-05-30,1.5347006,1.5530828
2024,2022,Tolima,2022-05-23,2,2022-06-06,1.1692957,1.4670439
2024,2022,Tolima,2022-05-23,3,2022-06-13,1.3885387,1.5035318
2024,2022,Tolima,2022-05-23,4,2022-06-20,1.1692957,1.4428786
2024,2022,Tolima,2022-05-30,1,2022-06-06,1.1692957,1.5699903
2024,2022,Tolima,2022-05-30,2,2022-06-13,1.3885387,1.5343522
2024,2022,Tolima,2022-05-30,3,2022-06-20,1.1692957,1.5755292
2024,2022,Tolima,2022-05-30,4,2022-06-27,1.3885387,1.551167
2024,2022,Tolima,2022-06-06,1,2022-06-13,1.3885387,1.6486686
2024,2022,Tolima,2022-06-06,2,2022-06-20,1.1692957,1.5975777
2024,2022,Tolima,2022-06-06,3,2022-06-27,1.3885387,1.6167743
2024,2022,Tolima,2022-06-06,4,2022-07-04,2.4116726,1.6022418
2024,2022,Tolima,2022-06-13,1,2022-06-20,1.1692957,1.5068668
2024,2022,Tolima,2022-06-13,2,2022-06-27,1.3885387,1.4219158
2024,2022,Tolima,2022-06-13,3,2022-07-04,2.4116726,1.4533733
2024,2022,Tolima,2022-06-13,4,2022-07-11,2.1924295,1.4022126
2024,2022,Tolima,2022-06-20,1,2022-06-27,1.3885387,1.4458429
2024,2022,Tolima,2022-06-20,2,2022-07-04,2.4116726,1.3910375
2024,2022,Tolima,2022-06-20,3,2022-07-11,2.1924295,1.4103537
2024,2022,Tolima,2022-06-20,4,2022-07-18,2.0462677,1.4034886
2024,2022,Tolima,2022-06-27,1,2022-07-04,2.4116726,1.3634812
2024,2022,Tolima,2022-06-27,2,2022-07-11,2.1924295,1.3079034
2024,2022,Tolima,2022-06-27,3,2022-07-18,2.0462677,1.3351005
2024,2022,Tolima,2022-06-27,4,2022-07-25,1.6077816,1.3149306
2024,2022,Tolima,2022-07-04,1,2022-07-11,2.1924295,1.4301995
2024,2022,Tolima,2022-07-04,2,2022-07-18,2.0462677,1.3700083
2024,2022,Tolima,2022-07-04,3,2022-07-25,1.6077816,1.3984455
2024,2022,Tolima,2022-07-04,4,2022-08-01,1.4616197,1.3460419
2024,2022,Tolima,2022-07-11,1,2022-07-18,2.0462677,1.8390194
2024,2022,Tolima,2022-07-11,2,2022-07-25,1.6077816,1.7569888
2024,2022,Tolima,2022-07-11,3,2022-08-01,1.4616197,1.7846113
2024,2022,Tolima,2022-07-11,4,2022-08-08,1.4616197,1.726318
2024,2022,Tolima,2022-07-18,1,2022-07-25,1.6077816,2.0892067
2024,2022,Tolima,2022-07-18,2,2022-08-01,1.4616197,2.0005908
2024,2022,Tolima,2022-07-18,3,2022-08-08,1.4616197,1.9844323
2024,2022,Tolima,2022-07-18,4,2022-08-15,1.4616197,1.9285306
2024,2022,Tolima,2022-07-25,1,2022-08-01,1.4616197,2.15483
2024,2022,Tolima,2022-07-25,2,2022-08-08,1.4616197,2.0867803
2024,2022,Tolima,2022-07-25,3,2022-08-15,1.4616197,2.1036804
2024,2022,Tolima,2022-07-25,4,2022-08-22,1.3885387,2.0365827
2024,2022,Tolima,2022-08-01,1,2022-08-08,1.4616197,1.9720112
2024,2022,Tolima,2022-08-01,2,2022-08-15,1.4616197,1.9146968
2024,2022,Tolima,2022-08-01,3,2022-08-22,1.3885387,1.9636507
2024,2022,Tolima,2022-08-01,4,2022-08-29,1.6077816,1.873093
2024,2022,Tolima,2022-08-08,1,2022-08-15,1.4616197,1.795475
2024,2022,Tolima,2022-08-08,2,2022-08-22,1.3885387,1.7442012
2024,2022,Tolima,2022-08-08,3,2022-08-29,1.6077816,1.7778202
2024,2022,Tolima,2022-08-08,4,2022-09-05,1.6077816,1.6875811
2024,2022,Tolima,2022-08-15,1,2022-08-22,1.3885387,1.7682333
2024,2022,Tolima,2022-08-15,2,2022-08-29,1.6077816,1.7730833
2024,2022,Tolima,2022-08-15,3,2022-09-05,1.6077816,1.777455
2024,2022,Tolima,2022-08-15,4,2022-09-12,1.4616197,1.7126584
2024,2022,Tolima,2022-08-22,1,2022-08-29,1.6077816,1.7056255
2024,2022,Tolima,2022-08-22,2,2022-09-05,1.6077816,1.7139084
2024,2022,Tolima,2022-08-22,3,2022-09-12,1.4616197,1.6906536
2024,2022,Tolima,2022-08-22,4,2022-09-19,2.1193485,1.6170875
2024,2022,Tolima,2022-08-29,1,2022-09-05,1.6077816,1.631314
2024,2022,Tolima,2022-08-29,2,2022-09-12,1.4616197,1.6208916
2024,2022,Tolima,2022-08-29,3,2022-09-19,2.1193485,1.5959816
2024,2022,Tolima,2022-08-29,4,2022-09-26,1.8270245,1.558506
2024,2022,Tolima,2022-09-05,1,2022-09-12,1.4616197,1.6759453
2024,2022,Tolima,2022-09-05,2,2022-09-19,2.1193485,1.6958201
2024,2022,Tolima,2022-09-05,3,2022-09-26,1.8270245,1.7241137
2024,2022,Tolima,2022-09-05,4,2022-10-03,2.1924295,1.6650934
2024,2022,Tolima,2022-09-12,1,2022-09-19,2.1193485,1.7670994
2024,2022,Tolima,2022-09-12,2,2022-09-26,1.8270245,1.7852122
2024,2022,Tolima,2022-09-12,3,2022-10-03,2.1924295,1.8312562
2024,2022,Tolima,2022-09-12,4,2022-10-10,2.7770774,1.7557428
2024,2022,Tolima,2022-09-19,1,2022-09-26,1.8270245,1.7569605
2024,2022,Tolima,2022-09-19,2,2022-10-03,2.1924295,1.762638
2024,2022,Tolima,2022-09-19,3,2022-10-10,2.7770774,1.8323319
2024,2022,Tolima,2022-09-19,4,2022-10-17,2.5578344,1.7799238
2024,2022,Tolima,2022-09-26,1,2022-10-03,2.1924295,1.991636
2024,2022,Tolima,2022-09-26,2,2022-10-10,2.7770774,2.0141647
2024,2022,Tolima,2022-09-26,3,2022-10-17,2.5578344,2.1205966
2024,2022,Tolima,2022-09-26,4,2022-10-24,3.4348063,2.0661745
2024,2022,Tolima,2022-10-03,1,2022-10-10,2.7770774,2.1257565
2024,2022,Tolima,2022-10-03,2,2022-10-17,2.5578344,2.1664746
2024,2022,Tolima,2022-10-03,3,2022-10-24,3.4348063,2.2847
2024,2022,Tolima,2022-10-03,4,2022-10-31,2.9232395,2.2621505
2024,2022,Tolima,2022-10-10,1,2022-10-17,2.5578344,2.321583
2024,2022,Tolima,2022-10-10,2,2022-10-24,3.4348063,2.3786995
2024,2022,Tolima,2022-10-10,3,2022-10-31,2.9232395,2.4654846
2024,2022,Tolima,2022-10-10,4,2022-11-07,2.9232395,2.4680037
2024,2022,Tolima,2022-10-17,1,2022-10-24,3.4348063,2.7049882
2024,2022,Tolima,2022-10-17,2,2022-10-31,2.9232395,2.719284
2024,2022,Tolima,2022-10-17,3,2022-11-07,2.9232395,2.8458261
2024,2022,Tolima,2022-10-17,4,2022-11-14,2.2655106,2.8847256
2024,2022,Tolima,2022-10-24,1,2022-10-31,2.9232395,2.856016
2024,2022,Tolima,2022-10-24,2,2022-11-07,2.9232395,2.8546762
2024,2022,Tolima,2022-10-24,3,2022-11-14,2.2655106,2.9876034
2024,2022,Tolima,2022-10-24,4,2022-11-21,2.8501582,3.0954
2024,2022,Tolima,2022-10-31,1,2022-11-07,2.9232395,3.3272808
2024,2022,Tolima,2022-10-31,2,2022-11-14,2.2655106,3.288523
2024,2022,Tolima,2022-10-31,3,2022-11-21,2.8501582,3.416241
2024,2022,Tolima,2022-10-31,4,2022-11-28,2.5578344,3.5177321
2024,2022,Tolima,2022-11-07,1,2022-11-14,2.2655106,3.4494116
2024,2022,Tolima,2022-11-07,2,2022-11-21,2.8501582,3.5260131
2024,2022,Tolima,2022-11-07,3,2022-11-28,2.5578344,3.530444
2024,2022,Tolima,2022-11-07,4,2022-12-05,3.2155635,3.8204322
2024,2022,Tolima,2022-11-14,1,2022-11-21,2.8501582,3.508979
2024,2022,Tolima,2022-11-14,2,2022-11-28,2.5578344,3.6671715
2024,2022,Tolima,2022-11-14,3,2022-12-05,3.2155635,3.6053815
2024,2022,Tolima,2022-11-14,4,2022-12-12,2.1193485,3.970623
2024,2022,Tolima,2022-11-21,1,2022-11-28,2.5578344,3.1292822
2024,2022,Tolima,2022-11-21,2,2022-12-05,3.2155635,3.340307
2024,2022,Tolima,2022-11-21,3,2022-12-12,2.1193485,3.1196718
2024,2022,Tolima,2022-11-21,4,2022-12-19,2.9963205,3.5209162
2024,2022,Tolima,2022-11-28,1,2022-12-05,3.2155635,3.3639326
2024,2022,Tolima,2022-11-28,2,2022-12-12,2.1193485,3.6665473
2024,2022,Tolima,2022-11-28,3,2022-12-19,2.9963205,3.5796237
2024,2022,Tolima,2022-11-28,4,2022-12-26,2.4116726,4.0526667
2024,2022,Valle Del Cauca,2022-04-18,1,2022-04-25,1.1161646,1.3033413
2024,2022,Valle Del Cauca,2022-04-18,2,2022-05-02,1.0732353,1.3027909
2024,2022,Valle Del Cauca,2022-04-18,3,2022-05-09,1.1805587,1.3398119
2024,2022,Valle Del Cauca,2022-04-18,4,2022-05-16,1.2878822,1.3637922
2024,2022,Valle Del Cauca,2022-04-25,1,2022-05-02,1.0732353,1.3224633
2024,2022,Valle Del Cauca,2022-04-25,2,2022-05-09,1.1805587,1.3099873
2024,2022,Valle Del Cauca,2022-04-25,3,2022-05-16,1.2878822,1.3315934
2024,2022,Valle Del Cauca,2022-04-25,4,2022-05-23,1.2020234,1.3507888
2024,2022,Valle Del Cauca,2022-05-02,1,2022-05-09,1.1805587,1.279276
2024,2022,Valle Del Cauca,2022-05-02,2,2022-05-16,1.2878822,1.2724798
2024,2022,Valle Del Cauca,2022-05-02,3,2022-05-23,1.2020234,1.2813185
2024,2022,Valle Del Cauca,2022-05-02,4,2022-05-30,0.944447,1.2984184
2024,2022,Valle Del Cauca,2022-05-09,1,2022-05-16,1.2878822,1.2345612
2024,2022,Valle Del Cauca,2022-05-09,2,2022-05-23,1.2020234,1.2399317
2024,2022,Valle Del Cauca,2022-05-09,3,2022-05-30,0.944447,1.2485925
2024,2022,Valle Del Cauca,2022-05-09,4,2022-06-06,1.2664175,1.272622
2024,2022,Valle Del Cauca,2022-05-16,1,2022-05-23,1.2020234,1.3139834
2024,2022,Valle Del Cauca,2022-05-16,2,2022-05-30,0.944447,1.3100935
2024,2022,Valle Del Cauca,2022-05-16,3,2022-06-06,1.2664175,1.3306538
2024,2022,Valle Del Cauca,2022-05-16,4,2022-06-13,0.9873764,1.3522414
2024,2022,Valle Del Cauca,2022-05-23,1,2022-05-30,0.944447,1.3269665
2024,2022,Valle Del Cauca,2022-05-23,2,2022-06-06,1.2664175,1.3174033
2024,2022,Valle Del Cauca,2022-05-23,3,2022-06-13,0.9873764,1.341249
2024,2022,Valle Del Cauca,2022-05-23,4,2022-06-20,1.2234882,1.3575481
2024,2022,Valle Del Cauca,2022-05-30,1,2022-06-06,1.2664175,1.3412892
2024,2022,Valle Del Cauca,2022-05-30,2,2022-06-13,0.9873764,1.3414915
2024,2022,Valle Del Cauca,2022-05-30,3,2022-06-20,1.2234882,1.3730502
2024,2022,Valle Del Cauca,2022-05-30,4,2022-06-27,0.8800529,1.3915641
2024,2022,Valle Del Cauca,2022-06-06,1,2022-06-13,0.9873764,1.3160256
2024,2022,Valle Del Cauca,2022-06-06,2,2022-06-20,1.2234882,1.3284149
2024,2022,Valle Del Cauca,2022-06-06,3,2022-06-27,0.8800529,1.3376302
2024,2022,Valle Del Cauca,2022-06-06,4,2022-07-04,0.9873764,1.3477488
2024,2022,Valle Del Cauca,2022-06-13,1,2022-06-20,1.2234882,1.3472658
2024,2022,Valle Del Cauca,2022-06-13,2,2022-06-27,0.8800529,1.3431401
2024,2022,Valle Del Cauca,2022-06-13,3,2022-07-04,0.9873764,1.3500693
2024,2022,Valle Del Cauca,2022-06-13,4,2022-07-11,1.2449529,1.3432223
2024,2022,Valle Del Cauca,2022-06-20,1,2022-06-27,0.8800529,1.2621171
2024,2022,Valle Del Cauca,2022-06-20,2,2022-07-04,0.9873764,1.2492009
2024,2022,Valle Del Cauca,2022-06-20,3,2022-07-11,1.2449529,1.2543578
2024,2022,Valle Del Cauca,2022-06-20,4,2022-07-18,1.0946999,1.2394387
2024,2022,Valle Del Cauca,2022-06-27,1,2022-07-04,0.9873764,1.2763959
2024,2022,Valle Del Cauca,2022-06-27,2,2022-07-11,1.2449529,1.2628628
2024,2022,Valle Del Cauca,2022-06-27,3,2022-07-18,1.0946999,1.2753276
2024,2022,Valle Del Cauca,2022-06-27,4,2022-07-25,1.1161646,1.258614
2024,2022,Valle Del Cauca,2022-07-04,1,2022-07-11,1.2449529,1.2031989
2024,2022,Valle Del Cauca,2022-07-04,2,2022-07-18,1.0946999,1.2117726
2024,2022,Valle Del Cauca,2022-07-04,3,2022-07-25,1.1161646,1.2093248
2024,2022,Valle Del Cauca,2022-07-04,4,2022-08-01,0.8371235,1.1974272
2024,2022,Valle Del Cauca,2022-07-11,1,2022-07-18,1.0946999,1.2114292
2024,2022,Valle Del Cauca,2022-07-11,2,2022-07-25,1.1161646,1.2328019
2024,2022,Valle Del Cauca,2022-07-11,3,2022-08-01,0.8371235,1.2273391
2024,2022,Valle Del Cauca,2022-07-11,4,2022-08-08,1.0517706,1.2275362
2024,2022,Valle Del Cauca,2022-07-18,1,2022-07-25,1.1161646,1.2822348
2024,2022,Valle Del Cauca,2022-07-18,2,2022-08-01,0.8371235,1.3190538
2024,2022,Valle Del Cauca,2022-07-18,3,2022-08-08,1.0517706,1.3202788
2024,2022,Valle Del Cauca,2022-07-18,4,2022-08-15,1.008841,1.3204485
2024,2022,Valle Del Cauca,2022-07-25,1,2022-08-01,0.8371235,1.256734
2024,2022,Valle Del Cauca,2022-07-25,2,2022-08-08,1.0517706,1.2891172
2024,2022,Valle Del Cauca,2022-07-25,3,2022-08-15,1.008841,1.3261697
2024,2022,Valle Del Cauca,2022-07-25,4,2022-08-22,1.008841,1.3189049
2024,2022,Valle Del Cauca,2022-08-01,1,2022-08-08,1.0517706,1.2549014
2024,2022,Valle Del Cauca,2022-08-01,2,2022-08-15,1.008841,1.2715185
2024,2022,Valle Del Cauca,2022-08-01,3,2022-08-22,1.008841,1.3349988
2024,2022,Valle Del Cauca,2022-08-01,4,2022-08-29,1.1590941,1.313802
2024,2022,Valle Del Cauca,2022-08-08,1,2022-08-15,1.008841,1.1491097
2024,2022,Valle Del Cauca,2022-08-08,2,2022-08-22,1.008841,1.1417319
2024,2022,Valle Del Cauca,2022-08-08,3,2022-08-29,1.1590941,1.1927912
2024,2022,Valle Del Cauca,2022-08-08,4,2022-09-05,1.3093469,1.1511025
2024,2022,Valle Del Cauca,2022-08-15,1,2022-08-22,1.008841,1.16493
2024,2022,Valle Del Cauca,2022-08-15,2,2022-08-29,1.1590941,1.1740937
2024,2022,Valle Del Cauca,2022-08-15,3,2022-09-05,1.3093469,1.232933
2024,2022,Valle Del Cauca,2022-08-15,4,2022-09-12,1.4810646,1.1889874
2024,2022,Valle Del Cauca,2022-08-22,1,2022-08-29,1.1590941,1.172041
2024,2022,Valle Del Cauca,2022-08-22,2,2022-09-05,1.3093469,1.1827018
2024,2022,Valle Del Cauca,2022-08-22,3,2022-09-12,1.4810646,1.2289485
2024,2022,Valle Del Cauca,2022-08-22,4,2022-09-19,0.944447,1.198365
2024,2022,Valle Del Cauca,2022-08-29,1,2022-09-05,1.3093469,1.2031475
2024,2022,Valle Del Cauca,2022-08-29,2,2022-09-12,1.4810646,1.2135003
2024,2022,Valle Del Cauca,2022-08-29,3,2022-09-19,0.944447,1.2477883
2024,2022,Valle Del Cauca,2022-08-29,4,2022-09-26,0.944447,1.2355142
2024,2022,Valle Del Cauca,2022-09-05,1,2022-09-12,1.4810646,1.1948612
2024,2022,Valle Del Cauca,2022-09-05,2,2022-09-19,0.944447,1.2124609
2024,2022,Valle Del Cauca,2022-09-05,3,2022-09-26,0.944447,1.2671341
2024,2022,Valle Del Cauca,2022-09-05,4,2022-10-03,1.0303059,1.253367
2024,2022,Valle Del Cauca,2022-09-12,1,2022-09-19,0.944447,1.295175
2024,2022,Valle Del Cauca,2022-09-12,2,2022-09-26,0.944447,1.3172445
2024,2022,Valle Del Cauca,2022-09-12,3,2022-10-03,1.0303059,1.3971112
2024,2022,Valle Del Cauca,2022-09-12,4,2022-10-10,0.944447,1.3852677
2024,2022,Valle Del Cauca,2022-09-19,1,2022-09-26,0.944447,1.4232258
2024,2022,Valle Del Cauca,2022-09-19,2,2022-10-03,1.0303059,1.4400783
2024,2022,Valle Del Cauca,2022-09-19,3,2022-10-10,0.944447,1.5379581
2024,2022,Valle Del Cauca,2022-09-19,4,2022-10-17,1.0946999,1.5235703
2024,2022,Valle Del Cauca,2022-09-26,1,2022-10-03,1.0303059,1.3077962
2024,2022,Valle Del Cauca,2022-09-26,2,2022-10-10,0.944447,1.321205
2024,2022,Valle Del Cauca,2022-09-26,3,2022-10-17,1.0946999,1.4001019
2024,2022,Valle Del Cauca,2022-09-26,4,2022-10-24,0.944447,1.3873671
2024,2022,Valle Del Cauca,2022-10-03,1,2022-10-10,0.944447,1.1915048
2024,2022,Valle Del Cauca,2022-10-03,2,2022-10-17,1.0946999,1.2016406
2024,2022,Valle Del Cauca,2022-10-03,3,2022-10-24,0.944447,1.2658623
2024,2022,Valle Del Cauca,2022-10-03,4,2022-10-31,1.1805587,1.2508129
2024,2022,Valle Del Cauca,2022-10-10,1,2022-10-17,1.0946999,1.1765225
2024,2022,Valle Del Cauca,2022-10-10,2,2022-10-24,0.944447,1.1696095
2024,2022,Valle Del Cauca,2022-10-10,3,2022-10-31,1.1805587,1.24041
2024,2022,Valle Del Cauca,2022-10-10,4,2022-11-07,1.1590941,1.230516
2024,2022,Valle Del Cauca,2022-10-17,1,2022-10-24,0.944447,1.0680549
2024,2022,Valle Del Cauca,2022-10-17,2,2022-10-31,1.1805587,1.0389566
2024,2022,Valle Del Cauca,2022-10-17,3,2022-11-07,1.1590941,1.117866
2024,2022,Valle Del Cauca,2022-10-17,4,2022-11-14,0.81565875,1.1204376
2024,2022,Valle Del Cauca,2022-10-24,1,2022-10-31,1.1805587,1.0849842
2024,2022,Valle Del Cauca,2022-10-24,2,2022-11-07,1.1590941,1.0460491
2024,2022,Valle Del Cauca,2022-10-24,3,2022-11-14,0.81565875,1.1211333
2024,2022,Valle Del Cauca,2022-10-24,4,2022-11-21,1.3308116,1.1447929
2024,2022,Valle Del Cauca,2022-10-31,1,2022-11-07,1.1590941,1.0435926
2024,2022,Valle Del Cauca,2022-10-31,2,2022-11-14,0.81565875,0.96152097
2024,2022,Valle Del Cauca,2022-10-31,3,2022-11-21,1.3308116,1.0236223
2024,2022,Valle Del Cauca,2022-10-31,4,2022-11-28,0.85858816,1.0353024
2024,2022,Valle Del Cauca,2022-11-07,1,2022-11-14,0.81565875,1.1278417
2024,2022,Valle Del Cauca,2022-11-07,2,2022-11-21,1.3308116,1.0936319
2024,2022,Valle Del Cauca,2022-11-07,3,2022-11-28,0.85858816,1.1313884
2024,2022,Valle Del Cauca,2022-11-07,4,2022-12-05,0.944447,1.189383
2024,2022,Valle Del Cauca,2022-11-14,1,2022-11-21,1.3308116,1.189952
2024,2022,Valle Del Cauca,2022-11-14,2,2022-11-28,0.85858816,1.1938845
2024,2022,Valle Del Cauca,2022-11-14,3,2022-12-05,0.944447,1.2072209
2024,2022,Valle Del Cauca,2022-11-14,4,2022-12-12,1.0517706,1.3236234
2024,2022,Valle Del Cauca,2022-11-21,1,2022-11-28,0.85858816,1.1418525
2024,2022,Valle Del Cauca,2022-11-21,2,2022-12-05,0.944447,1.1519864
2024,2022,Valle Del Cauca,2022-11-21,3,2022-12-12,1.0517706,1.1349019
2024,2022,Valle Del Cauca,2022-11-21,4,2022-12-19,0.81565875,1.2902242
2024,2022,Valle Del Cauca,2022-11-28,1,2022-12-05,0.944447,1.2533412
2024,2022,Valle Del Cauca,2022-11-28,2,2022-12-12,1.0517706,1.2859899
2024,2022,Valle Del Cauca,2022-11-28,3,2022-12-19,0.81565875,1.295651
2024,2022,Valle Del Cauca,2022-11-28,4,2022-12-26,0.96591175,1.4434808
2024,2022,Vaupes,2022-04-18,1,2022-04-25,0.0,0.048948508
2024,2022,Vaupes,2022-04-18,2,2022-05-02,0.0,0.06603071
2024,2022,Vaupes,2022-04-18,3,2022-05-09,0.0,0.052194215
2024,2022,Vaupes,2022-04-18,4,2022-05-16,0.0,0.06230777
2024,2022,Vaupes,2022-04-25,1,2022-05-02,0.0,0.03937765
2024,2022,Vaupes,2022-04-25,2,2022-05-09,0.0,0.060955413
2024,2022,Vaupes,2022-04-25,3,2022-05-16,0.0,0.0422501
2024,2022,Vaupes,2022-04-25,4,2022-05-23,0.0,0.039923843
2024,2022,Vaupes,2022-05-02,1,2022-05-09,0.0,0.044745937
2024,2022,Vaupes,2022-05-02,2,2022-05-16,0.0,0.06244823
2024,2022,Vaupes,2022-05-02,3,2022-05-23,0.0,0.043943353
2024,2022,Vaupes,2022-05-02,4,2022-05-30,0.0,0.041005705
2024,2022,Vaupes,2022-05-09,1,2022-05-16,0.0,0.06231393
2024,2022,Vaupes,2022-05-09,2,2022-05-23,0.0,0.077759586
2024,2022,Vaupes,2022-05-09,3,2022-05-30,0.0,0.051267076
2024,2022,Vaupes,2022-05-09,4,2022-06-06,0.0,0.04807107
2024,2022,Vaupes,2022-05-16,1,2022-05-23,0.0,0.050251942
2024,2022,Vaupes,2022-05-16,2,2022-05-30,0.0,0.06018033
2024,2022,Vaupes,2022-05-16,3,2022-06-06,0.0,0.03469358
2024,2022,Vaupes,2022-05-16,4,2022-06-13,0.0,0.016119588
2024,2022,Vaupes,2022-05-23,1,2022-05-30,0.0,0.07377134
2024,2022,Vaupes,2022-05-23,2,2022-06-06,0.0,0.068991095
2024,2022,Vaupes,2022-05-23,3,2022-06-13,0.0,0.03450645
2024,2022,Vaupes,2022-05-23,4,2022-06-20,0.0,0.0168358
2024,2022,Vaupes,2022-05-30,1,2022-06-06,0.0,0.08742159
2024,2022,Vaupes,2022-05-30,2,2022-06-13,0.0,0.100780495
2024,2022,Vaupes,2022-05-30,3,2022-06-20,0.0,0.07485462
2024,2022,Vaupes,2022-05-30,4,2022-06-27,0.0,0.0687898
2024,2022,Vaupes,2022-06-06,1,2022-06-13,0.0,0.08805178
2024,2022,Vaupes,2022-06-06,2,2022-06-20,0.0,0.10609318
2024,2022,Vaupes,2022-06-06,3,2022-06-27,0.0,0.0785566
2024,2022,Vaupes,2022-06-06,4,2022-07-04,0.0,0.074067175
2024,2022,Vaupes,2022-06-13,1,2022-06-20,0.0,0.07938594
2024,2022,Vaupes,2022-06-13,2,2022-06-27,0.0,0.079661734
2024,2022,Vaupes,2022-06-13,3,2022-07-04,0.0,0.06761902
2024,2022,Vaupes,2022-06-13,4,2022-07-11,0.0,0.059049092
2024,2022,Vaupes,2022-06-20,1,2022-06-27,0.0,0.07986528
2024,2022,Vaupes,2022-06-20,2,2022-07-04,0.0,0.1011923
2024,2022,Vaupes,2022-06-20,3,2022-07-11,0.0,0.08323047
2024,2022,Vaupes,2022-06-20,4,2022-07-18,0.0,0.08053129
2024,2022,Vaupes,2022-06-27,1,2022-07-04,0.0,0.10278257
2024,2022,Vaupes,2022-06-27,2,2022-07-11,0.0,0.11063845
2024,2022,Vaupes,2022-06-27,3,2022-07-18,0.0,0.09542771
2024,2022,Vaupes,2022-06-27,4,2022-07-25,0.0,0.08916969
2024,2022,Vaupes,2022-07-04,1,2022-07-11,0.0,0.082779214
2024,2022,Vaupes,2022-07-04,2,2022-07-18,0.0,0.09691879
2024,2022,Vaupes,2022-07-04,3,2022-07-25,0.0,0.077195264
2024,2022,Vaupes,2022-07-04,4,2022-08-01,0.0,0.070092276
2024,2022,Vaupes,2022-07-11,1,2022-07-18,0.0,0.075265355
2024,2022,Vaupes,2022-07-11,2,2022-07-25,0.0,0.08789241
2024,2022,Vaupes,2022-07-11,3,2022-08-01,0.0,0.06318193
2024,2022,Vaupes,2022-07-11,4,2022-08-08,0.0,0.056568418
2024,2022,Vaupes,2022-07-18,1,2022-07-25,0.0,0.08094457
2024,2022,Vaupes,2022-07-18,2,2022-08-01,0.0,0.08681195
2024,2022,Vaupes,2022-07-18,3,2022-08-08,0.0,0.069091246
2024,2022,Vaupes,2022-07-18,4,2022-08-15,0.0,0.06007356
2024,2022,Vaupes,2022-07-25,1,2022-08-01,0.0,0.08985104
2024,2022,Vaupes,2022-07-25,2,2022-08-08,0.0,0.08866543
2024,2022,Vaupes,2022-07-25,3,2022-08-15,0.0,0.064840205
2024,2022,Vaupes,2022-07-25,4,2022-08-22,0.0,0.05947187
2024,2022,Vaupes,2022-08-01,1,2022-08-08,0.0,0.10835646
2024,2022,Vaupes,2022-08-01,2,2022-08-15,0.0,0.09319228
2024,2022,Vaupes,2022-08-01,3,2022-08-22,0.0,0.06680587
2024,2022,Vaupes,2022-08-01,4,2022-08-29,0.0,0.059841327
2024,2022,Vaupes,2022-08-08,1,2022-08-15,0.0,0.093666635
2024,2022,Vaupes,2022-08-08,2,2022-08-22,0.0,0.080448665
2024,2022,Vaupes,2022-08-08,3,2022-08-29,0.0,0.054671913
2024,2022,Vaupes,2022-08-08,4,2022-09-05,0.0,0.04714875
2024,2022,Vaupes,2022-08-15,1,2022-08-22,0.0,0.08592779
2024,2022,Vaupes,2022-08-15,2,2022-08-29,0.0,0.07580092
2024,2022,Vaupes,2022-08-15,3,2022-09-05,0.0,0.048251726
2024,2022,Vaupes,2022-08-15,4,2022-09-12,0.0,0.04211197
2024,2022,Vaupes,2022-08-22,1,2022-08-29,0.0,0.08593231
2024,2022,Vaupes,2022-08-22,2,2022-09-05,0.0,0.068359144
2024,2022,Vaupes,2022-08-22,3,2022-09-12,0.0,0.052917685
2024,2022,Vaupes,2022-08-22,4,2022-09-19,0.0,0.049367834
2024,2022,Vaupes,2022-08-29,1,2022-09-05,0.0,0.07681611
2024,2022,Vaupes,2022-08-29,2,2022-09-12,0.0,0.06146302
2024,2022,Vaupes,2022-08-29,3,2022-09-19,0.0,0.040969454
2024,2022,Vaupes,2022-08-29,4,2022-09-26,0.0,0.046539195
2024,2022,Vaupes,2022-09-05,1,2022-09-12,0.0,0.07829436
2024,2022,Vaupes,2022-09-05,2,2022-09-19,0.0,0.05980286
2024,2022,Vaupes,2022-09-05,3,2022-09-26,0.0,0.050999925
2024,2022,Vaupes,2022-09-05,4,2022-10-03,0.0,0.0446824
2024,2022,Vaupes,2022-09-12,1,2022-09-19,0.0,0.07123025
2024,2022,Vaupes,2022-09-12,2,2022-09-26,0.0,0.058321174
2024,2022,Vaupes,2022-09-12,3,2022-10-03,0.0,0.04921336
2024,2022,Vaupes,2022-09-12,4,2022-10-10,0.0,0.043872032
2024,2022,Vaupes,2022-09-19,1,2022-09-26,0.0,0.06736505
2024,2022,Vaupes,2022-09-19,2,2022-10-03,0.0,0.052257277
2024,2022,Vaupes,2022-09-19,3,2022-10-10,0.0,0.040312883
2024,2022,Vaupes,2022-09-19,4,2022-10-17,0.0,0.03576149
2024,2022,Vaupes,2022-09-26,1,2022-10-03,0.0,0.06493416
2024,2022,Vaupes,2022-09-26,2,2022-10-10,0.0,0.043517843
2024,2022,Vaupes,2022-09-26,3,2022-10-17,0.0,0.031210892
2024,2022,Vaupes,2022-09-26,4,2022-10-24,0.0,0.03240924
2024,2022,Vaupes,2022-10-03,1,2022-10-10,0.0,0.053521857
2024,2022,Vaupes,2022-10-03,2,2022-10-17,0.0,0.033997275
2024,2022,Vaupes,2022-10-03,3,2022-10-24,0.0,0.025351673
2024,2022,Vaupes,2022-10-03,4,2022-10-31,0.0,0.030573467
2024,2022,Vaupes,2022-10-10,1,2022-10-17,0.0,0.04811512
2024,2022,Vaupes,2022-10-10,2,2022-10-24,0.0,0.026876077
2024,2022,Vaupes,2022-10-10,3,2022-10-31,0.0,0.024067063
2024,2022,Vaupes,2022-10-10,4,2022-11-07,0.0,0.033486713
2024,2022,Vaupes,2022-10-17,1,2022-10-24,0.0,0.04391316
2024,2022,Vaupes,2022-10-17,2,2022-10-31,0.0,0.026905166
2024,2022,Vaupes,2022-10-17,3,2022-11-07,0.0,0.028144095
2024,2022,Vaupes,2022-10-17,4,2022-11-14,2.3250947,0.036543913
2024,2022,Vaupes,2022-10-24,1,2022-10-31,0.0,0.047487326
2024,2022,Vaupes,2022-10-24,2,2022-11-07,0.0,0.029876929
2024,2022,Vaupes,2022-10-24,3,2022-11-14,2.3250947,0.032235425
2024,2022,Vaupes,2022-10-24,4,2022-11-21,2.3250947,0.035470936
2024,2022,Vaupes,2022-10-31,1,2022-11-07,0.0,0.086014606
2024,2022,Vaupes,2022-10-31,2,2022-11-14,2.3250947,0.055638745
2024,2022,Vaupes,2022-10-31,3,2022-11-21,2.3250947,0.0554447
2024,2022,Vaupes,2022-10-31,4,2022-11-28,4.6501894,0.050301883
2024,2022,Vaupes,2022-11-07,1,2022-11-14,2.3250947,0.06431617
2024,2022,Vaupes,2022-11-07,2,2022-11-21,2.3250947,0.042404674
2024,2022,Vaupes,2022-11-07,3,2022-11-28,4.6501894,0.038336415
2024,2022,Vaupes,2022-11-07,4,2022-12-05,4.6501894,0.029499577
2024,2022,Vaupes,2022-11-14,1,2022-11-21,2.3250947,0.058468398
2024,2022,Vaupes,2022-11-14,2,2022-11-28,4.6501894,0.03224456
2024,2022,Vaupes,2022-11-14,3,2022-12-05,4.6501894,0.034842398
2024,2022,Vaupes,2022-11-14,4,2022-12-12,0.0,0.032636974
2024,2022,Vaupes,2022-11-21,1,2022-11-28,4.6501894,0.14199364
2024,2022,Vaupes,2022-11-21,2,2022-12-05,4.6501894,0.10225627
2024,2022,Vaupes,2022-11-21,3,2022-12-12,0.0,0.13521226
2024,2022,Vaupes,2022-11-21,4,2022-12-19,0.0,0.15585427
2024,2022,Vaupes,2022-11-28,1,2022-12-05,4.6501894,0.31210232
2024,2022,Vaupes,2022-11-28,2,2022-12-12,0.0,0.28697827
2024,2022,Vaupes,2022-11-28,3,2022-12-19,0.0,0.33370474
2024,2022,Vaupes,2022-11-28,4,2022-12-26,6.9752846,0.39595366
2024,2022,Vichada,2022-04-18,1,2022-04-25,2.2757616,0.9151344
2024,2022,Vichada,2022-04-18,2,2022-05-02,1.5171744,1.0330937
2024,2022,Vichada,2022-04-18,3,2022-05-09,2.2757616,1.2439722
2024,2022,Vichada,2022-04-18,4,2022-05-16,0.0,1.346859
2024,2022,Vichada,2022-04-25,1,2022-05-02,1.5171744,0.9413486
2024,2022,Vichada,2022-04-25,2,2022-05-09,2.2757616,1.0875651
2024,2022,Vichada,2022-04-25,3,2022-05-16,0.0,1.2954227
2024,2022,Vichada,2022-04-25,4,2022-05-23,1.5171744,1.371657
2024,2022,Vichada,2022-05-02,1,2022-05-09,2.2757616,1.46338
2024,2022,Vichada,2022-05-02,2,2022-05-16,0.0,1.5767552
2024,2022,Vichada,2022-05-02,3,2022-05-23,1.5171744,1.8104473
2024,2022,Vichada,2022-05-02,4,2022-05-30,0.7585872,1.8324599
2024,2022,Vichada,2022-05-09,1,2022-05-16,0.0,1.5625013
2024,2022,Vichada,2022-05-09,2,2022-05-23,1.5171744,1.6906735
2024,2022,Vichada,2022-05-09,3,2022-05-30,0.7585872,1.8936797
2024,2022,Vichada,2022-05-09,4,2022-06-06,1.5171744,1.9192103
2024,2022,Vichada,2022-05-16,1,2022-05-23,1.5171744,2.0045562
2024,2022,Vichada,2022-05-16,2,2022-05-30,0.7585872,2.0706701
2024,2022,Vichada,2022-05-16,3,2022-06-06,1.5171744,2.2454064
2024,2022,Vichada,2022-05-16,4,2022-06-13,0.7585872,2.2594426
2024,2022,Vichada,2022-05-23,1,2022-05-30,0.7585872,1.1689999
2024,2022,Vichada,2022-05-23,2,2022-06-06,1.5171744,1.1405942
2024,2022,Vichada,2022-05-23,3,2022-06-13,0.7585872,1.1871923
2024,2022,Vichada,2022-05-23,4,2022-06-20,1.5171744,1.1690271
2024,2022,Vichada,2022-05-30,1,2022-06-06,1.5171744,1.1905723
2024,2022,Vichada,2022-05-30,2,2022-06-13,0.7585872,1.1802413
2024,2022,Vichada,2022-05-30,3,2022-06-20,1.5171744,1.1740986
2024,2022,Vichada,2022-05-30,4,2022-06-27,1.5171744,1.1197774
2024,2022,Vichada,2022-06-06,1,2022-06-13,0.7585872,0.83172786
2024,2022,Vichada,2022-06-06,2,2022-06-20,1.5171744,0.7939992
2024,2022,Vichada,2022-06-06,3,2022-06-27,1.5171744,0.80419
2024,2022,Vichada,2022-06-06,4,2022-07-04,0.0,0.7777498
2024,2022,Vichada,2022-06-13,1,2022-06-20,1.5171744,0.78125536
2024,2022,Vichada,2022-06-13,2,2022-06-27,1.5171744,0.7540693
2024,2022,Vichada,2022-06-13,3,2022-07-04,0.0,0.73785025
2024,2022,Vichada,2022-06-13,4,2022-07-11,3.0343487,0.7217766
2024,2022,Vichada,2022-06-20,1,2022-06-27,1.5171744,0.68256015
2024,2022,Vichada,2022-06-20,2,2022-07-04,0.0,0.6850306
2024,2022,Vichada,2022-06-20,3,2022-07-11,3.0343487,0.6708983
2024,2022,Vichada,2022-06-20,4,2022-07-18,1.5171744,0.67423135
2024,2022,Vichada,2022-06-27,1,2022-07-04,0.0,0.7506743
2024,2022,Vichada,2022-06-27,2,2022-07-11,3.0343487,0.72764957
2024,2022,Vichada,2022-06-27,3,2022-07-18,1.5171744,0.6844073
2024,2022,Vichada,2022-06-27,4,2022-07-25,0.0,0.67683375
2024,2022,Vichada,2022-07-04,1,2022-07-11,3.0343487,0.8445195
2024,2022,Vichada,2022-07-04,2,2022-07-18,1.5171744,0.7941928
2024,2022,Vichada,2022-07-04,3,2022-07-25,0.0,0.7532931
2024,2022,Vichada,2022-07-04,4,2022-08-01,3.792936,0.7791423
2024,2022,Vichada,2022-07-11,1,2022-07-18,1.5171744,0.5403739
2024,2022,Vichada,2022-07-11,2,2022-07-25,0.0,0.5445409
2024,2022,Vichada,2022-07-11,3,2022-08-01,3.792936,0.50059175
2024,2022,Vichada,2022-07-11,4,2022-08-08,0.7585872,0.5171088
2024,2022,Vichada,2022-07-18,1,2022-07-25,0.0,0.89771295
2024,2022,Vichada,2022-07-18,2,2022-08-01,3.792936,0.8775027
2024,2022,Vichada,2022-07-18,3,2022-08-08,0.7585872,0.7792226
2024,2022,Vichada,2022-07-18,4,2022-08-15,0.7585872,0.7673923
2024,2022,Vichada,2022-07-25,1,2022-08-01,3.792936,0.8435129
2024,2022,Vichada,2022-07-25,2,2022-08-08,0.7585872,0.78401655
2024,2022,Vichada,2022-07-25,3,2022-08-15,0.7585872,0.7292845
2024,2022,Vichada,2022-07-25,4,2022-08-22,0.7585872,0.72465056
2024,2022,Vichada,2022-08-01,1,2022-08-08,0.7585872,0.5911735
2024,2022,Vichada,2022-08-01,2,2022-08-15,0.7585872,0.57944286
2024,2022,Vichada,2022-08-01,3,2022-08-22,0.7585872,0.51695424
2024,2022,Vichada,2022-08-01,4,2022-08-29,1.5171744,0.5147937
2024,2022,Vichada,2022-08-08,1,2022-08-15,0.7585872,0.83915466
2024,2022,Vichada,2022-08-08,2,2022-08-22,0.7585872,0.76739067
2024,2022,Vichada,2022-08-08,3,2022-08-29,1.5171744,0.69758505
2024,2022,Vichada,2022-08-08,4,2022-09-05,0.0,0.65600085
2024,2022,Vichada,2022-08-15,1,2022-08-22,0.7585872,0.72051024
2024,2022,Vichada,2022-08-15,2,2022-08-29,1.5171744,0.634197
2024,2022,Vichada,2022-08-15,3,2022-09-05,0.0,0.5707609
2024,2022,Vichada,2022-08-15,4,2022-09-12,1.5171744,0.54643023
2024,2022,Vichada,2022-08-22,1,2022-08-29,1.5171744,0.6022802
2024,2022,Vichada,2022-08-22,2,2022-09-05,0.0,0.58838534
2024,2022,Vichada,2022-08-22,3,2022-09-12,1.5171744,0.48897636
2024,2022,Vichada,2022-08-22,4,2022-09-19,2.2757616,0.44839796
2024,2022,Vichada,2022-08-29,1,2022-09-05,0.0,0.5003337
2024,2022,Vichada,2022-08-29,2,2022-09-12,1.5171744,0.46901172
2024,2022,Vichada,2022-08-29,3,2022-09-19,2.2757616,0.37933904
2024,2022,Vichada,2022-08-29,4,2022-09-26,1.5171744,0.35050157
2024,2022,Vichada,2022-09-05,1,2022-09-12,1.5171744,0.5263141
2024,2022,Vichada,2022-09-05,2,2022-09-19,2.2757616,0.47786802
2024,2022,Vichada,2022-09-05,3,2022-09-26,1.5171744,0.41137496
2024,2022,Vichada,2022-09-05,4,2022-10-03,0.0,0.38112348
2024,2022,Vichada,2022-09-12,1,2022-09-19,2.2757616,0.42702174
2024,2022,Vichada,2022-09-12,2,2022-09-26,1.5171744,0.38342768
2024,2022,Vichada,2022-09-12,3,2022-10-03,0.0,0.339317
2024,2022,Vichada,2022-09-12,4,2022-10-10,0.0,0.32872397
2024,2022,Vichada,2022-09-19,1,2022-09-26,1.5171744,0.4257033
2024,2022,Vichada,2022-09-19,2,2022-10-03,0.0,0.38107404
2024,2022,Vichada,2022-09-19,3,2022-10-10,0.0,0.33666113
2024,2022,Vichada,2022-09-19,4,2022-10-17,0.0,0.32592145
2024,2022,Vichada,2022-09-26,1,2022-10-03,0.0,0.57565016
2024,2022,Vichada,2022-09-26,2,2022-10-10,0.0,0.4961566
2024,2022,Vichada,2022-09-26,3,2022-10-17,0.0,0.4586003
2024,2022,Vichada,2022-09-26,4,2022-10-24,0.0,0.41026983
2024,2022,Vichada,2022-10-03,1,2022-10-10,0.0,0.6313753
2024,2022,Vichada,2022-10-03,2,2022-10-17,0.0,0.57185
2024,2022,Vichada,2022-10-03,3,2022-10-24,0.0,0.52281934
2024,2022,Vichada,2022-10-03,4,2022-10-31,0.7585872,0.4801866
2024,2022,Vichada,2022-10-10,1,2022-10-17,0.0,0.48651257
2024,2022,Vichada,2022-10-10,2,2022-10-24,0.0,0.47271952
2024,2022,Vichada,2022-10-10,3,2022-10-31,0.7585872,0.4554539
2024,2022,Vichada,2022-10-10,4,2022-11-07,1.5171744,0.409104
2024,2022,Vichada,2022-10-17,1,2022-10-24,0.0,0.34686252
2024,2022,Vichada,2022-10-17,2,2022-10-31,0.7585872,0.34337765
2024,2022,Vichada,2022-10-17,3,2022-11-07,1.5171744,0.3496914
2024,2022,Vichada,2022-10-17,4,2022-11-14,0.0,0.3343874
2024,2022,Vichada,2022-10-24,1,2022-10-31,0.7585872,0.36396468
2024,2022,Vichada,2022-10-24,2,2022-11-07,1.5171744,0.37029627
2024,2022,Vichada,2022-10-24,3,2022-11-14,0.0,0.3740818
2024,2022,Vichada,2022-10-24,4,2022-11-21,1.5171744,0.3362033
2024,2022,Vichada,2022-10-31,1,2022-11-07,1.5171744,0.24648441
2024,2022,Vichada,2022-10-31,2,2022-11-14,0.0,0.28065452
2024,2022,Vichada,2022-10-31,3,2022-11-21,1.5171744,0.2770341
2024,2022,Vichada,2022-10-31,4,2022-11-28,0.0,0.2675016
2024,2022,Vichada,2022-11-07,1,2022-11-14,0.0,0.2960195
2024,2022,Vichada,2022-11-07,2,2022-11-21,1.5171744,0.33463338
2024,2022,Vichada,2022-11-07,3,2022-11-28,0.0,0.32907736
2024,2022,Vichada,2022-11-07,4,2022-12-05,0.0,0.29947352
2024,2022,Vichada,2022-11-14,1,2022-11-21,1.5171744,0.4236336
2024,2022,Vichada,2022-11-14,2,2022-11-28,0.0,0.4543794
2024,2022,Vichada,2022-11-14,3,2022-12-05,0.0,0.47110888
2024,2022,Vichada,2022-11-14,4,2022-12-12,0.7585872,0.4469679
2024,2022,Vichada,2022-11-21,1,2022-11-28,0.0,0.37582776
2024,2022,Vichada,2022-11-21,2,2022-12-05,0.0,0.4231072
2024,2022,Vichada,2022-11-21,3,2022-12-12,0.7585872,0.4360463
2024,2022,Vichada,2022-11-21,4,2022-12-19,4.551523,0.41556683
2024,2022,Vichada,2022-11-28,1,2022-12-05,0.0,0.49696442
2024,2022,Vichada,2022-11-28,2,2022-12-12,0.7585872,0.5411086
2024,2022,Vichada,2022-11-28,3,2022-12-19,4.551523,0.5683635
2024,2022,Vichada,2022-11-28,4,2022-12-26,1.5171744,0.5730807
